url,title,updated_date,tag_list,author,intro,full_content,faq
https://www.akc.org/expert-advice/dog-breeds/brittany-right-for-you/,Is the Brittany a Good Fit for You?,"May 15, 2026","['sporting group', 'brittany', 'hunting dog']",Micaela Erickson,"Bringing a dog into your life is a decision that is anything but simple. With so many breeds of varying size and temperament, the search for your perfect companion requires careful consideration. If you lead an active lifestyle and want an athletic, exuberant pet, consider the Brittany.

","{'The Brittany’s Temperament': 'A member of the Sporting Group, these stylish, energetic gundogs are tireless companions. Brittanys are a joyful, bright, and eager breed. They are highly intelligent and willing to please their owners, but they’d fair best with folks who can keep up with their high energy. These obedient workers make for exceptional hunting partners, hiking companions, or teammates for dog sports. Brittanys aren’t to be underestimated — they’re an incredibly versatile breed.\n\n', 'Physical Traits and Grooming Needs': 'The agile Brittany stands about 20 inches tall and weighs between 30 and 40 pounds. They are smaller than setters, but have longer legs than spaniels. According to the breed standard, their short, patterned coat is a combination of white, bright orange, and liver (a reddish-brown). Brittanys are strong birders, and hold a softness in their faces that’s much admired in these breeds. Brittanys are strong, smooth, and light on their feet.\n\nAKC is a participant in affiliate advertising programs designed to provide a means for sites to earn advertising fees by advertising and linking to akc.org. If you purchase a product through this article, we may receive a portion of the sale.\n\nThe Brittany’s flat or wavy short coat requires minimal grooming. Weekly brushing with a soft brush or hound glove will keep a Brittany looking their best. Their ears should be checked regularly and cleaned as needed. Their nails tend to wear down naturally, but should be trimmed once a month as needed.\n\n', 'How Much Training Do Brittanys Need?': 'Brittanys are a bright breed, and are generally ready and willing to work with their owners. They respond best to patient, encouraging training methods. Brittanys are happy-go-lucky dogs, but they’re ultimately a gentle, sensitive breed. Like with all breeds, early socialization and puppy training classes are highly recommended to ensure a Brittany grows into a well-adjusted adult.\n\nBrittanys’ energy, versatility, and willingness to work also makes them excellent candidates for dog sports like obedience, agility, flyball, and much more. It’s essential that Brittanys get plenty of exercise and mental stimulation to keep them from acting out. The breed isn’t very vocal, but they’ll let you know when they need an activity or attention from you.\n\n', 'Are Brittanys Good for Families?': 'If you and your family lead an active lifestyle and want a companion for your outdoor adventures, a Brittany would be a good fit. Brittanys are high-energy dogs who were bred to hunt, and they require plenty of exercise. Activities that occupy both the dog’s body and mind are some of the best ways to channel their tireless nature. They make great companions for long walks, hikes, runs, and participating in hunting or dog sports.\n\nAKC is a participant in affiliate advertising programs designed to provide a means for sites to earn advertising fees by advertising and linking to akc.org. If you purchase a product through this article, we may receive a portion of the sale.\n\nBrittanys are devoted to their families and quite affectionate. They’re gentle by nature and tend to be patient with children. They also have plenty of energy to keep up with active children.\n\n', 'How Social Are Brittanys?': 'Brittanys are people dogs. They adore their families and want to be around them as much as possible. These dogs thrive on companionship and activities with the ones they love. Early socialization and puppy training courses will ensure that they’re open to new people and other pets.\n\n', 'We use cookies': '', 'Privacy Preference Center': ''}",[]
https://www.akc.org/expert-advice/dog-breeds/rhodesian-ridgeback-right-for-you/,Is the Rhodesian Ridgeback a Good Fit for You?,"May 13, 2026","['hound group', 'hunting', 'rhodesian ridgeback']",Micaela Erickson,"Bringing a dog into your life is a decision that requires careful consideration, whether you’re an experienced or novice dog owner. With so many different breeds of varying temperaments and size, the sheer amount of options can be overwhelming. If you’re an experienced dog owner looking for a large, athletic, and faithful companion, consider the Rhodesian Ridgeback.

","{'The Rhodesian Ridgeback’s Temperament': 'These members of the Hound Group are considered “all purpose Renaissance hounds.” This means they’re versatile when it comes to different types of working. The breed rose to fame Africa for their tracking skills and baying, and hunting — but not killing — lions.\n\nToday’s Ridgebacks are wonderful family dogs due to their affectionate nature. Even so, they still retain their independence and strong prey drive. They can also be strong-willed. Firm but fair guidance is the best way to raise a Ridgeback from puppyhood. Ridgebacks are highly loyal, and protective of their loved ones.\n\n', 'Physical Traits and Grooming Needs': 'The breed’s hallmark trait, as their name suggests, is the “ridge,” or stripe of backward-growing hair, on their back. Ridgebacks are large, powerful dogs who can way between 70 and 85 pounds, if not more. The breed standard states that their coats come in one color: wheaten. The shades of wheaten vary from pale to a burnished red. Their noses are often black, but can less commonly be brown.\n\nAKC is a participant in affiliate advertising programs designed to provide a means for sites to earn advertising fees by advertising and linking to akc.org. If you purchase a product through this article, we may receive a portion of the sale.\n\nThe Rhodesian Ridgeback doesn’t require any specific kind of grooming. Weekly brushings are fine to remove loose hair and keeping their coats nice and glossy. Occasional baths will keep them looking their best. Nails should be trimmed often if they’re not worn down naturally. It’s important to note that a lot of Ridgebacks are resistant to nail clipping, and a nail grinder may be the better option for keeping them comfortable.\n\n', 'How Much Training do Rhodesian Ridgebacks Need?': 'Rhodesian Ridgebacks are a somewhat challenging breed when it comes to both training and ownership, and are not ideal for first-time owners. They can be strong willed and prone to independent streaks, and must be trained with a firm but patient hand from early puppyhood.\n\nPositive reinforcement in training sessions are very beneficial to Ridgebacks. Early socialization and puppy training classes are also recommended and help to ensure that the dog grows into a well-behaved companion. Because of their high prey drive, Rhodesian Ridgebacks it’s essential that they are always in a safely enclosed area when off leash.\n\n', 'Are Rhodesian Ridgebacks Good for Families?': 'Rhodesian Ridgebacks can be a good family dog for specific households. Ridgebacks are extremely devoted dogs, and are affectionate with their loved ones. They’re a vigilant breed, and make great watchdogs. Ridgebacks can be good with children with proper socialization, but they should always be supervised around them. They’re strong and athletic, requiring a moderate amount of exercise.\n\nAKC is a participant in affiliate advertising programs designed to provide a means for sites to earn advertising fees by advertising and linking to akc.org. If you purchase a product through this article, we may receive a portion of the sale.\n\nRidgebacks do best in active households with experienced dog owners with plenty of time and attention to offer. Physical activity is essential to keeping a Ridgeback happy and healthy. Ridgebacks can also be successful in dog sports like tracking and agility.\n\n', 'How Social Are Rhodesian Ridgebacks?': 'Ridgebacks are independent by nature, and they can be aloof or weary towards strangers. They are absolutely people dogs around their loved ones, but they can be uneasy with new faces and environments.\n\nAKC is a participant in affiliate advertising programs designed to provide a means for sites to earn advertising fees by advertising and linking to akc.org. If you purchase a product through this article, we may receive a portion of the sale.\n\nEarly socialization and puppy training can help curb these less desirable traits. They tend to get along well with other dogs.\n\n', 'We use cookies': '', 'Privacy Preference Center': ''}",[]
https://www.akc.org/expert-advice/dog-breeds/czechoslovakian-vlciak-right-for-you/,Is the Czechoslovakian Vlciak a Good Fit for You?,"May 13, 2026","['patrol', 'military', 'wolf', 'Miscellaneous', 'Czechoslovakian Vlciak']",Elaine Waldorf Gewirtz,"Wolf? No – this dog breed is known as the Czechoslovakian Vlciak (CSV). Also called the Czechoslovakian Wolfdog, they bear a strong resemblance to wolves. If you’re wondering if this unique breed could be the right dog for you, take some time to thoroughly research it before bringing it home. Choosing a canine companion that will share your life for many years is an important decision.

With so many great breeds to choose from, find one that matches your comfort level. If you like rare breeds with a distinctive look and an interesting background, consider the Czechoslovakian Vlciak, part of the Miscellaneous Class.

","{'The Czechoslovakian Vlciak’s Temperament': 'Czechoslovakian Vlciaks (pronounced Check-slow-vaa-kee-an Vul-Chucks) are part of the Miscellaneous Class, and are the national dog of Czechoslovakia. Highly intelligent and independent thinkers, CSVs are fast learners but are bored easily when having to repeat tasks they already know. They were bred to be elite border patrol dogs in the 1950s and 1960s, and live up to the task.\n\nCSVs are fearless and alert, always noticing small details around them and react quickly. Active and loyal, they give total devotion to their owners and often want to remain as close as possible to them. But they’re not recommended for first-time dog owners.\n\n', 'Physical Traits and Grooming Needs': 'Weighing about 57 pounds, the wolflike Czechoslovakian Vlciak is medium-sized and appears slightly longer than it is tall. Males stand at a minimum of 25.5 inches, while females stand at 23.5 inches.\n\nAKC is a participant in affiliate advertising programs designed to provide a means for sites to earn advertising fees by advertising and linking to akc.org. If you purchase a product through this article, we may receive a portion of the sale.\n\nThese strong, muscular dogs can jump straight up from a standstill. They have exceptional stamina and endurance, even in harsh elements. Their energy saving, long low trot gives them the ability to run 25 miles easily.\n\nThe Czechoslovakian Vlciaks’ straight, close-fitting, weather-resistant coat has gray markings mixed with shades of yellow, brown, silver, and sable. The breed’s characteristic facial mask is light on the lower part of the face and under the chin.\n\nThe breed sheds its thick double coat year round, with heavier shedding in spring and fall. Brushing daily or weekly helps remove loose hair and dirt, and bathing can be done as needed.\n\n', 'How Much Physical and Mental Activity Do CSVs Need?': 'Because they have sharp senses and react quickly, Czechoslovakian Vlciaks need early and regular positive training, along with opportunities to meet new people and visit new places. Calm, consistent training every day is key to the CSV’s healthy development. They enjoy daily activities with their owners and do best when they have a job and challenges.\n\nAKC is a participant in affiliate advertising programs designed to provide a means for sites to earn advertising fees by advertising and linking to akc.org. If you purchase a product through this article, we may receive a portion of the sale.\n\nWith superior hearing and eyesight, the breed excels at tracking and hiking. Many CSV puppies are known to run off and explore, so early obedience training is crucial. Participating in dog sports like FastCAT and chasing the white plastic bag on a course gives them a positive outlet.\n\n', 'Are Czechoslovakian Vlciaks Good With Other Animals?': 'They’re protective of their families and other household pets, whom them form close bonds with. CSVs tend to be unfriendly towards other dogs and small animals outside the home.\n\nThey can be very territorial and are pretty independent dogs. This is because they were bred to be patrol and military dogs, and this instinct lives on in them.\n\n', 'How Social Are Czechoslovakian Vlciaks?': 'Czechoslovakian Vlciaks are usually not very social with strangers. They’d rather spend time with their families. They’re not traditional guard dogs that bark when someone comes to the door, but do have that patrol instinct and will protect their loved ones at all costs.\n\nMeeting new people through new, enriching activities is the best way for these dogs to get the mental stimulation they crave.\n\n', 'We use cookies': '', 'Privacy Preference Center': ''}",[]
https://www.akc.org/expert-advice/dog-breeds/is-the-old-english-sheepdog-right-for-you/,Is the Old English Sheepdog a Good Fit for You?,"May 12, 2026","['large breeds', 'herding group', 'old english sheepdog']",Micaela Erickson,"shouBringing a dog into your life requires careful consideration, regardless of whether or not you’re a first-time dog owner. Taking a dog’s temperament, size, grooming, and exercise needs are all items that require careful research in finding your perfect dog. Taking your own lifestyle into account is also essential. If you’re seeking a smart, mellow, and gentle herding dog, consider the Old English Sheepdog.

","{'The Old English Sheepdog’s Temperament': 'Members of the Herding Group, Old English Sheepdogs (OESs) are excellent family dogs known for their courage, warm sensibilities, intelligence, and watchful eyes. They are great with children, and are patient, protective companions. OESs are large and agile, and enjoy exploring.\n\n', 'Physical Traits and Grooming Needs': 'The Old English Sheepdog is the “archetypical” shaggy dog, known for their profuse coat and “peek-a-boo” hairdo. Beneath their shaggy, double coat is a muscular and compact body that stands between 21 and 22 inches tall. The OES can weigh anywhere between 60 and 100 pounds.\n\nAKC is a participant in affiliate advertising programs designed to provide a means for sites to earn advertising fees by advertising and linking to akc.org. If you purchase a product through this article, we may receive a portion of the sale.\n\nThe Old English Sheepdog’s double coat requires a thorough grooming down to the skin throughout the entire body at least once a week. This is the best way to maintain an OES’s full coat. Keeping the feet clipped will minimize problems and make cleanup an easier task. Paying a professional groomer may be the best fit to keep up with the breed’s higher maintenance grooming requirements. As with all breeds, their nails should be trimmed regularly.\n\n', 'How Much Training Do Old English Sheepdogs Need?': 'Old English Sheepdogs tend to be intelligent, agreeable breeds. Training can be easier with this breed. Once they learn something, they don’t forget it. Engaging, varied training exercises are the best methods for an OES. They get bored quickly with repetitive training sessions.\n\nAKC is a participant in affiliate advertising programs designed to provide a means for sites to earn advertising fees by advertising and linking to akc.org. If you purchase a product through this article, we may receive a portion of the sale.\n\nEarly socialization and puppy training courses will help ensure your Old English Sheepdog grows into a well-adjusted and well-behaved adult.\n\n', 'Are Old English Sheepdogs Good for Families?': 'Aside from their quintessential shaggy dog look, Old English Sheepdogs are well-known for being great candidates for the family dog. They are fond of children, and their patient, gentle nature makes them excellent playmates. OESs have loud, distinct barks, making them effective watchdogs.\n\nOld English Sheepdogs are not one-size-fits all for any family. They are large dogs with high energy, making them best suited for an active family. Herding dogs require a good amount of physical and mental stimulation to keep them happy.\n\n', 'How Social Are OESs?': 'These large herding dogs are very much people-oriented, and especially love being around their families. They are loving, playful, and gentle and generally friendly with other dogs and animals.\n\nAKC is a participant in affiliate advertising programs designed to provide a means for sites to earn advertising fees by advertising and linking to akc.org. If you purchase a product through this article, we may receive a portion of the sale.\n\nOld English Sheepdogs tend to be open with strangers, and may only bark to alert their owners of a new presence. It’s best not to leave OESs alone for long periods of time. They thrive off of human interaction and love their people.\n\n', 'We use cookies': '', 'Privacy Preference Center': ''}",[]
https://www.akc.org/expert-advice/dog-breeds/australian-cattle-dog-right-for-you/,Is the Australian Cattle Dog a Good Fit for You?,"May 12, 2026","['herding group', 'herding', 'australian cattle dog']",Micaela Erickson,"Bringing a dog into your life is a decision that requires careful consideration, regardless of whether or not you’re a first-time dog owner. With so many breeds to choose from, the amount of options alone can be overwhelming. If you’re a seasoned dog owner with experience in competing in dog sports, or live an especially active lifestyle, the Australian Cattle Dog could be the dog for you.

","{'The Australian Cattle Dog’s Temperament': 'Australian Cattle Dogs (ACDs, or also known as Blue or Red Heelers) are members of the Herding Group, and fair best with owners who are equipped to meet the breed’s high energy levels. ACDs are happiest when they are challenged mentally and physically, making them great candidates for farm work, sports, or even running companions. The ACD is an ever-loyal breed. They are highly intelligent, alert, and sometimes wary of strangers.\n\n', 'Physical Traits and Grooming Needs': 'ACDs are compact but muscular dogs, standing between 17 to 20 inches tall, and weighing between 35 and 50 pounds. ACDs are born with white coats that turn either blue-gray or red. Their coats may also feature distinct speckled patterns.\n\nAKC is a participant in affiliate advertising programs designed to provide a means for sites to earn advertising fees by advertising and linking to akc.org. If you purchase a product through this article, we may receive a portion of the sale.\n\nAustralian Cattle Dogs were bred to work outdoors, and their smooth, double coats protect them from the elements. Their coats are relatively low maintenance and only require weekly brushing along with the occasional bath.\n\nACDs have heavier periods of shedding twice a year. During these seasons, they should be brushed every few days instead of only once a week. Like with all breeds, the ACD’s nails should be trimmed regularly to keep them comfortable.\n\n', 'How Much Training Do Australian Cattle Dogs Need?': 'Early socialization and obedience training are crucial for the Australian Cattle Dog. ACDs are highly intelligent and energetic, but they are really only happy when they have a job to do. Without proper stimulation, they are bound to get bored and turn to undesirable, potentially destructive behaviors.\n\nAKC is a participant in affiliate advertising programs designed to provide a means for sites to earn advertising fees by advertising and linking to akc.org. If you purchase a product through this article, we may receive a portion of the sale.\n\nContinuing training throughout the breed’s life and participation in dog sports such as obedience, herding, or agility is highly recommended to keep them happy and on their best behavior. Due to the breed’s boundless energy, ACDs are best for owners who have both the time and desire to integrate this kind of activity into their lives.\n\n', 'Are Australian Cattle Dogs Good for Families?': 'ACDs can be a good choice for the right family. Highly active lifestyles are key for the happiness of both the owners and their ACD. The breed is fiercely loyal and has an inherent desire to protect their loved ones.\n\nThe ACD’s herding instincts may lead them to nip at or try and corral kids, making them best suited for families with older children. Early socialization and training will help ensure an Australian Cattle Dog grows into a well-behaved adult.\n\n', 'How Social Are Australian Cattle Dogs?': 'ACDs form very strong bonds with their families, and love to be around those they see as “their people.” With their protective nature, they can be wary of strangers. Early socialization and exposure to new people and different environments will help curb their territorial instincts.\n\nAKC is a participant in affiliate advertising programs designed to provide a means for sites to earn advertising fees by advertising and linking to akc.org. If you purchase a product through this article, we may receive a portion of the sale.\n\nACDs are very independent in nature. They can get along well with other dogs if raised together, but they may experience aggression with unfamiliar dogs.\n\n', 'We use cookies': '', 'Privacy Preference Center': ''}",[]
https://www.akc.org/expert-advice/dog-breeds/great-dane-right-for-you/,Is the Great Dane a Good Fit for You?,"Apr 22, 2026","['large breeds', 'working group', 'great dane']",Micaela Erickson,"Choosing the perfect dog for you and your family is no easy decision. Whether you’re an experienced or first-time dog owner, there are many factors to consider — from size and temperament to your own lifestyle. If you’re ready to take on the challenge of owning a big dog, but still want a loving, social companion, consider the Great Dane.

","{'The Great Dane’s Temperament': 'Considered the “Apollo of Dogs,” these gentle giants are known to be friendly, patient, and highly dependable. Members of the Working Group, their size, weight, and strength are imposing. While Great Danes are a physically intimidating breed, they’re big softies at their core.\n\nLovers of big dogs get the best of both worlds with a Great Dane. They attend to their loved ones with strong devotion and are endlessly eager to please. Plus, they make excellent watchdogs without retaining less desirable territorial instincts.\n\n', 'Physical Traits and Grooming Needs': 'Great Danes stand proudly at 32 inches tall, towering over most dogs. They tend to weigh between 110 and 175 pounds. A Great Dane’s muscular, sleek build showcases a mix of elegance and power. Their short, smooth coats come in a variety of different colors and patterns, including the black-and-white patchwork pattern known as “harlequin.”\n\nAKC is a participant in affiliate advertising programs designed to provide a means for sites to earn advertising fees by advertising and linking to akc.org. If you purchase a product through this article, we may receive a portion of the sale.\n\nFor most of the year the Great Danes don’t shed much. However, due to their size, minimal shedding for a Great Dane can still produce a fair amount of hair. Weekly brushing will help keep shedding to a minimum. Plan for daily brushing sessions during their heavier shedding seasons twice a year. Great Danes only require an occasional bath. Like all breeds, their nails should be trimmed regularly.\n\nAKC is a participant in affiliate advertising programs designed to provide a means for sites to earn advertising fees by advertising and linking to akc.org. If you purchase a product through this article, we may receive a portion of the sale.\n\n', 'How Much Training Do Great Danes Need?': 'Early socialization and puppy training courses are highly recommended for all breeds. Due to Great Danes’ sheer size and power, enrolling them in obedience training early in their lives is a must. Great Danes are a friendly, agreeable breed, making them somewhat easier to train. They respond well to firm, consistent training methods, and are always eager to please their owners. Thanks to their intelligent, amiable nature, many Great Danes can find success in sports such as agility, obedience, tracking, weight pulls, and flyball.\n\nGreat Danes require a moderate amount of exercise to keep them happy and healthy, and can make good companions for jogs or hikes. If you’re seeking a regular companion for these activities, it’s important to note that you must wait until a Great Dane is 2 years old to avoid damaging their growing joints.\n\n', 'Are Great Danes Good for Families?': 'With enough space and plenty of attention to give, a Great Dane can be a good choice for families. They’re a devoted breed, and are known to be patient with children. If you’re interested in having a watchdog but don’t want a territorial breed, a Great Dane is a good choice.\n\nAKC is a participant in affiliate advertising programs designed to provide a means for sites to earn advertising fees by advertising and linking to akc.org. If you purchase a product through this article, we may receive a portion of the sale.\n\nA Great Dane is happiest when they have ample opportunity to be around people and other animals. Proper socialization and training will ensure your Great Dane grows up a truly well-adjusted, gentle giant.\n\nHow Social Are Great Danes?\n\nIn spite of their imposing appearance, Great Danes love to be around people and other animals. With proper training and early socialization, a Great Dane is ready to be just about anyone’s friend. These big dogs are highly trainable, sociable, and endlessly eager to please.\n\n', 'We use cookies': '', 'Privacy Preference Center': ''}",[]
https://www.akc.org/expert-advice/dog-breeds/shetland-sheepdog-right-for-you/,Is the Shetland Sheepdog a Good Fit for You?,"Apr 22, 2026","['herding group', 'collie', 'shetland sheepdog']",Micaela Erickson,"Choosing to bring a dog into your life is a decision that takes careful consideration. With so many breeds of different sizes and temperaments, it can be challenging to know where to begin your search. When searching for your perfect companion, it’s essential to consider your lifestyle in addition to a dog’s best traits. If you’re seeking an energetic, loving, and highly intelligent dog of smaller stature, consider the Shetland Sheepdog.

","{'The Shetland Sheepdog’s Temperament': 'Members of the Herding Group, Shelties are extremely intelligent, alert workers. This breed has a lot to offer their families. Not only are they an affectionate, intuitive addition to the family, but they also make for excellent watchdogs.\n\nShelties are athletic, highly trainable, and eager to please their loved ones. The breed is very energetic but adaptable, making them a good option for folks who live in smaller spaces. As long as a Sheltie has plenty of opportunities to exercise, they’ll be happy. Shelties, in general, are happy to engage in most activities or relax on the couch as long as their person is close by.\n\n', 'Physical Traits and Grooming Needs': 'Shelties strongly resemble the Collie, a close relative of the breed. The simplest way to differentiate the two is to think of Shelties as Collies in a smaller package, averaging between 13 and 16 inches tall and weighing 15 to 25 pounds. They don a long, fluffy double coat. Their harsh, straight coats come in black, blue merle, and sable, with white markings. Shelties’ lush coats and long, wedge-shaped heads are two of the breed’s most recognizable traits.\n\nAKC is a participant in affiliate advertising programs designed to provide a means for sites to earn advertising fees by advertising and linking to akc.org. If you purchase a product through this article, we may receive a portion of the sale.\n\nShelties’ profuse, double coat sheds a lot throughout the year, with more pronounced shedding once to twice a year. Weekly brushing is key to keeping a Shetland Sheepdog looking their best, keeping the coat clean and mat- free. This will aid in keeping the tumbleweeds of hair at a minimum. Matting most commonly occurs behind the ears, under the elbow on each front leg, and in the “pants” under the tail.\n\nProspective owners should be prepared to maintain a Sheltie’s thick coat. Shaving isn’t a good option for this breed as their coats protect against heat, sunburns, and the cold. As with all dogs, you should trim Shelties’ nails and the hair around the foot pads should be trimmed regularly. The breed doesn’t require regular bathing.\n\n', 'How Much Training Do Shetland Sheepdogs Need?': 'Puppy training courses and early socialization are highly recommended for all breeds, and Shelties are no exception. Shelties are star students when it comes to intelligence and trainability. They’re ready and willing to please, and make fantastic candidates for dog sports like agility and obedience. Shelties are known to be very vocal, but they can be taught to keep excessive barking to a minimum.\n\nAKC is a participant in affiliate advertising programs designed to provide a means for sites to earn advertising fees by advertising and linking to akc.org. If you purchase a product through this article, we may receive a portion of the sale.\n\nHerding breeds have the desire to chase or gather deeply rooted in their nature. Shelties will chase just about anything from squirrels to cars. Keeping the breed on leash and allowing them to play in well-fenced yards will prevent them from running away.\n\n', 'Are Shetland Sheepdogs Good for Families?': 'Shelties make excellent companions and can form strong bonds with their families. They can do well with kids, but would fare best in a home with older children due to their herding instincts. Shelties are quite athletic, and require regular mental and physical exercise to keep them from acting out.\n\nAKC is a participant in affiliate advertising programs designed to provide a means for sites to earn advertising fees by advertising and linking to akc.org. If you purchase a product through this article, we may receive a portion of the sale.\n\nIf you want a watchdog that’s not as imposing as other breeds, Shelties are a good choice. They have an alert, loud bark, and strong discernment skills. Proper, consistent training and socialization will ensure a Sheltie grows into a well-behaved adult.\n\n', 'How Social Are Shetland Sheepdogs?': 'Shelties are energetic and loving with their families and other familiar animals, but have a tendency to be reserved towards strangers. Their skepticism of new people and vigilant outlook makes the breed strong watchdogs. Early socialization and training will is recommended to ensure that they don’t become fearful of new faces and situations.\n\n', 'We use cookies': '', 'Privacy Preference Center': ''}",[]
https://www.akc.org/expert-advice/dog-breeds/havanese-right-for-you/,Is the Havanese a Good Fit for You?,"Apr 20, 2026","['toy group', 'bichon frise', 'havanese']",Micaela Erickson,"Choosing to bring a dog into your life is no easy decision, regardless of whether you’re an experienced or first-time dog owner. Between your own day-to-day habits and breeds’ varying sizes, grooming needs, and temperaments, there are many factors to consider. Finding the perfect companion requires a lot of care! If you’re looking for an intelligent toy breed with a jovial, loving nature, consider the Havanese.

","{'The Havanese’s Temperament': 'Descendants of the Bichon family and the only dog breed native to Cuba, Havanese are cheerful, bright, and social dogs. Havanese make for great companions for city dwellers and suburban residents alike.\n\nThe Havanese can be happy just about anywhere, with anyone. These little dogs are also unassuming candidates for watchdog duty. Luckily, they tend only to bark to alert their owners, so there’s no need to worry about endless yapping.\n\n', 'Physical Traits and Grooming Needs': 'The Havanese’s small, sturdy bodies are adorned with long, silky hair and a plumed tail. Their lustrous coats come in a wide variety of colors. These little dogs stand between 8.5 and 11.5 inches tall, and weigh between seven and 13 pounds.\n\nAKC is a participant in affiliate advertising programs designed to provide a means for sites to earn advertising fees by advertising and linking to akc.org. If you purchase a product through this article, we may receive a portion of the sale.\n\nWhile Havanese are an easier breed when it comes to training and sociability, they require more maintenance to groom. Owners must brush their coats with a comb or pin brush need to be brushed daily to prevent mats and tangles. Some owners choose to keep a Havanese’s coat clipped short to help reduce grooming time.\n\nIt’s also necessary to clean the corners of Havanese’s eyes daily to prevent tear stains. You should also check their ears regularly to clean up excess wax or debris. Only occasional baths are necessary for this breed.\n\n', 'How Much Training Do Havanese Need?': 'Havanese are a highly intelligent breed. They’re eager to please their owners, but can be a more sensitive breed. Havanese respond best to positive training methods. Like with all dogs, puppy training courses and early socialization are essential. Exposing a Havanese to a broad range of new people and situations will help ensure your dog grows into a well-adjusted companion.\n\nAKC is a participant in affiliate advertising programs designed to provide a means for sites to earn advertising fees by advertising and linking to akc.org. If you purchase a product through this article, we may receive a portion of the sale.\n\n', 'Are Havanese Good for Families?': 'These sociable dogs are highly adaptable and happy around folks young and old. Havanese are extroverted little dogs, and are to be best suited to be around other non-aggressive pets. They only require moderate exercise —brisk walks or playtime with their owner are often sufficient. Havanese don’t fare well when left alone for long periods of time. They’re true people dogs, and would be happiest with a family that has plenty of time and attention to give.\n\n', 'How Social Are Havanese?': 'Especially with early exposure to new people, places, and situations, Havanese can be social butterflies. They thrive on human companionship and tend to get along with other animals. They might bark upon first meeting new people, but once they’ve decided a perceived threat is safe, a Havanese is all love.\n\nAKC is a participant in affiliate advertising programs designed to provide a means for sites to earn advertising fees by advertising and linking to akc.org. If you purchase a product through this article, we may receive a portion of the sale.\n\n', 'We use cookies': '', 'Privacy Preference Center': ''}",[]
https://www.akc.org/expert-advice/dog-breeds/rarest-dog-breeds-2025/,The Rarest Dog Breeds of 2025,"Apr 15, 2026","['most popular breeds', 'rare breeds']",Melanie Haid,"The American Kennel Club is the world’s largest registry of purebred dogs, and uses these statistics to rank the most popular breeds — and the rarest breeds. The numbers are in: these are the rarest dog breeds according to AKC registration statistics.

In 2025, 202 total breeds were counted in the registration statistics. In 2026, 205 breeds will be counted. This will include the breeds that received full AKC recognition on January 1, 2026: the Basset Fauve de Bretagne, the Russian Tsvetnaya Bolonka, and the Teddy Roosevelt Terrier.

","{'A New Breed in the No.1 Spot': 'The rarest dog breed in the United States is the Norwegian Lundehund. They were recognized by the AKC in 2011.\n\nThe Lundehund was ranked as the No. 3 rarest breed in 2024, moving to the No. 1 spot this year. The Sloughi remains a consistent top 10 contender, with a No. 2 spot in 2025 and a No. 4 spot in 2024. The Grand Basset Griffon Vendéen took third in 2025, ranking third in 2024 as well.\n\nAKC is a participant in affiliate advertising programs designed to provide a means for sites to earn advertising fees by advertising and linking to akc.org. If you purchase a product through this article, we may receive a portion of the sale.\n\nSince new breeds are often added to the mix of AKC-registered breeds, the rankings shift year over year. In 2024, 201 dog breeds were recognized, and the English Foxhound took the No. 1 spot as the rarest breed in the United States. In 2025, 202 breeds were counted, and the top spot shifted to the Norwegian Lundehund.\n\n', 'The 10 Rarest Dog Breeds of 2025': 'Though some breeds surge in popularity over the years, some breeds climb the rankings as the rarest breeds. There is no less pride in these breeds than, say, the No. 1 breed in the U.S., the French Bulldog. Though the rare breeds may be smaller in numbers, they are mighty in passion and breed preservation. Their owners revel in owning rare breeds. Here are the top 10 rarest breeds in the United States:\n\n', 'Big Shifts of Note in 2025': 'With the additions of new breeds recognized nearly every year, it’s hard to gauge whether breeds are becoming rarer or if other breeds are just becoming more popular. In some cases, there are certainly surges in popularity, but for other breeds, the registration numbers are so low that even one fewer dog registered makes a difference.\n\nThe Greyhound saw a significant change from 2024 to 2025. In 2025, the Greyhound ranked No. 51 most rare, whereas in 2024, they ranked No. 83. Along with the Greyhound’s 32-ranking change, a few other breeds got rarer year over year. The Briard and the Black Russian Terrier moved 27 places, now at No. No. 49 respectively.\n\nAKC is a participant in affiliate advertising programs designed to provide a means for sites to earn advertising fees by advertising and linking to akc.org. If you purchase a product through this article, we may receive a portion of the sale.\n\nWithin the top 10, the Harriers, Chinooks, and Cesky Terriers became rarer from 2024 to 2025. Harriers went from No. 18 to No. 4, Chinooks went from No. 19 to No. 5, and Cesky Terriers went from No. 14 to No. 6.\n\nThe Kerry Blue Terrier, Spanish Water Dog, and American Staffordshire Terrier all moved over 15 spots in the rankings, becoming more rare. The Kerry Blue went from No. 66 to No. 48, the Spanish Water Spaniel from No. 54 to No. 36, and the AmStaff from No. 124 to No. 106.\n\nAKC is a participant in affiliate advertising programs designed to provide a means for sites to earn advertising fees by advertising and linking to akc.org. If you purchase a product through this article, we may receive a portion of the sale.\n\nAs some breeds become increasingly rare, others rose in popularity. The Wirehaired Vizla moved 29 spots in the rankings to No. 73 in 2025. The Bergamasco Sheepdog and American Hairless Terrier moved to No. 20 and No. 95, respectively. The English Foxhound, which was the rarest breed in 2024, is now the No. 16 most rare breed, a significant jump in one year.\n\n', 'AKC Registration Statistics': 'The American Kennel Club has recognized 205 breeds since it was first founded in 1884, with additional breeds working their way towards recognition through the AKC Foundation Stock Service (FSS) and the Miscellaneous Class. 202 breeds were included in the 2025 rarest dog breeds rankings, and the three breeds that were AKC-recognized in 2026 will be included in the 2026 rankings.\n\nAKC is a participant in affiliate advertising programs designed to provide a means for sites to earn advertising fees by advertising and linking to akc.org. If you purchase a product through this article, we may receive a portion of the sale.\n\nIf you’re looking for a puppy of your own, AKC Marketplace\xa0can connect you with a responsible breeder.\n\nKnowing your dog will be counted as part of the compilation of the annual breed popularity list is only a small benefit of dog registration. The AKC is the only purebred dog registry in the United States that maintains systematic inspections and investigations. The AKC conducts thousands of inspections each year to ensure compliance with standards that support the welfare, safety, and health of dogs across the nation.\n\n', 'Rarest Dog Breeds of 2025 Full List': '\xa0\n\nAKC is a participant in affiliate advertising programs designed to provide a means for sites to earn advertising fees by advertising and linking to akc.org. If you purchase a product through this article, we may receive a portion of the sale.\n\n', 'We use cookies': '', 'Privacy Preference Center': ''}",[]
https://www.akc.org/expert-advice/dog-breeds/most-popular-dog-breeds-2025/,The Most Popular Dog Breeds of 2025: French Bulldog Holds Top Spot,"Apr 22, 2026","['registration', 'french bulldog', 'most popular']",Melanie Haid,"The American Kennel Club, the world’s largest registry of purebred dogs, uses registration statistics to rank the most popular breeds of the past year. The results for 2025 are in — the French Bulldog takes the No. 1 spot once again!

2025 marks the fourth year in a row that the French Bulldog has been able to remain in the top spot. In 2022, they overthrew the Labrador Retriever‘s 31-year reign in the number one spot, where they’d been since the 1990s. But don’t worry — Labs are still amongst the most popular breeds in the United States.

The American Kennel Club has recognized 205 breeds since it was first founded in 1884, 202 of which will were counted in the 2025 registration statistics. Three new breeds were recognized in 2026, and will debut in the 2026 registration statistics. Additional breeds are working their way towards recognition through the AKC Foundation Stock Service (FSS) and the Miscellaneous Class. If you’re looking for a puppy of your own, AKC Marketplace can connect you with a responsible breeder.

Knowing your dog will be counted as part of the compilation of the annual breed popularity list is only a small benefit of dog registration. The AKC is the only purebred dog registry in the United States that maintains systematic inspections and investigations. The AKC conducts thousands of inspections each year to ensure compliance with standards that support the welfare, safety, and health of dogs across the nation.

AKC is a participant in affiliate advertising programs designed to provide a means for sites to earn advertising fees by advertising and linking to akc.org. If you purchase a product through this article, we may receive a portion of the sale.

Read on to see the major shifts in popularity, and see where your favorite breed lands!

","{'The Frenchie Is Four-midable': 'French Bulldogs have quickly gained popularity over the last decade due to their size and adaptability. They work well in cities and apartments, allowing people with small spaces to have a dog as well.\n\nIn 2012, the Frenchie was ranked No. 14 most popular breed, and by 2021, they moved all the way up to the No. 2 spot. In 2022, they officially moved up past the Labrador Retriever to take the spot of the Most Popular Breed — a title they’ve held onto for the past four years.\n\nThese little dogs hail from France, and French Bulldog history is complex. They were recognized by the American Kennel Club in 1898, putting over 100 years of AKC history behind them — and plenty more to come.\n\n', 'Top 10 Dog Breeds of 2025': 'The top 10 dog breeds are popular for a reason, and typically don’t shift too much. This year, the top five did see a shift: the Dachshund moved up in popularity from No. 6 to No. 5, pushing the Poodle out of the top five most popular dog breeds.\n\nAKC is a participant in affiliate advertising programs designed to provide a means for sites to earn advertising fees by advertising and linking to akc.org. If you purchase a product through this article, we may receive a portion of the sale.\n\nThe German Shorthaired Pointer and the Bulldog also switched places from 2024 to 2025. The Bulldog was No. 9 in 2024 and moved to No. 10 for 2025. The GSP did the opposite, rising from No. 10 in 2024 to No. 9 in 2025.\n\nRottweilers, Beagles, German Shepherd Dogs, Golden Retrievers, Labrador Retrievers, and French Bulldogs all stayed in the same ranking spot year over year.\n\n', 'Big Shifts of Popularity for 2025': 'With 202 breeds in the rankings, 2025 saw some major shifts in breed popularity. Some breeds saw climbs of nearly 30 spots, while others fell in popularity by the same amount. It’s important to note that while some breeds move down in the rankings, it may not mean that they’ve become less popular — it may just mean that another breed has become more popular and moved up.\n\nAKC is a participant in affiliate advertising programs designed to provide a means for sites to earn advertising fees by advertising and linking to akc.org. If you purchase a product through this article, we may receive a portion of the sale.\n\nSome breeds also stayed in the exact same spot, which in most cases means the rankings shifted around it in a way that kept it in the same spot. For example, one breed may be at No. 30 year-over-year, but that could mean that one breed moved up in popularity while another moved down, cancelling out any obvious movement for certain breeds.\n\nSome breeds that gained momentum from 2024 to 2025 were working breeds and hunting breeds. The Bergamasco Sheepdog, though still towards the bottom of the rankings, went from No. 200 to No. 183, a 17-spot jump. The English Foxhound and the Black and Tan Coonhound were both up 14 spots, from No. 201 to 187 and No. 151 to 137, respectively. The English Toy Spaniel, Irish Setter, and Field Spaniel all went up 12 spots in the rankings, and the Greater Swiss Mountain Dog and Norwegian Buhund were up 11. The Pointer was up 10 spots from No. 121 to 111, and the Treeing Walker Coonhound, Neapolitan Mastiff, and Scottish Deerhound were up nine spots from 2024.\n\nAKC is a participant in affiliate advertising programs designed to provide a means for sites to earn advertising fees by advertising and linking to akc.org. If you purchase a product through this article, we may receive a portion of the sale.\n\nThe Wirehaired Viszla saw the highest surge in rankings, going from No. 159 to No. 130, a total of 29 spots. Other notable movements, though smaller, could be attributed to recent trends: the Giant Schnauzer, which won the AKC National Championship in 2024 and Westminster Best in Show in 2025, saw an increase of five spots from No. 57 to 52.\n\nOther notable jumps include the American Hairless Terrier, up 17 spots from 125 to 108, and the Russell Terrier, up 6 from No. 66 to No. 60. The Otterhound and Cirneco dell’Etna, both rare breeds, both moved up seven spots in the rankings, from No. 196 to No. 189 and No. 191 to No. 184. The Cane Corso has also been making its way up the rankings over the past few years, rising from No. 14 in 2024 to No. 11 to 2025, nearly breaking into the top 10. Border Collies rose four spots in the rankings from No. 30 to No. 26, and Pomeranians moved up three spots from No. 22 to No. 19.\n\nSimilar to climbs in the rankings, shifts down don’t always mean a breed becomes less popular than the year prior. It could also just mean that a great deal has shifted around it, causing it to go further down in the rankings. The biggest shifts in rankings were the Greyhound, down 33 from No. 188 to No. 151, and the Briard and Black Russian Terrier, both down 27 spots from 2024. The Kerry Blue Terrier, which rose 25 spots from No. 160 to No. 135 in 2024, went to No. 155 in 2025, down 20 spots.\n\nAKC is a participant in affiliate advertising programs designed to provide a means for sites to earn advertising fees by advertising and linking to akc.org. If you purchase a product through this article, we may receive a portion of the sale.\n\nSome popular breeds that moved down in the rankings: the Miniature American Shepherd went from No. 24 to No. 28, the Siberian Husky went from No. 26 to No. 30, the West Highland White Terrier went from No. 41 to No. 45, and the Chesapeake Bay Retriever went from No. 56 to No. 52.\n\nBreeds that may have seen few gains or losses, or may have remained in the same spot due to the sum of other breeds’ gains and losses, are also of note. The Boston Terrier has sat comfortably at No. 23 since 2023, as has the Havanese at No. 25, and the Basset Hound at No. 34. Also unwavering in their placements were the Maltese at No. 27 and the Finnish Spitz at No. 194.\n\nAKC is a participant in affiliate advertising programs designed to provide a means for sites to earn advertising fees by advertising and linking to akc.org. If you purchase a product through this article, we may receive a portion of the sale.\n\nThe Shetland Sheepdog remained at No. 29 from 2024 to 2025, and the Pug and Collie also held their places at No. 38 and No. 39.\n\n', 'New Faces for 2025': 'The Danish-Swedish Farmdog debuted in January 2025 as a member of the Working Group — the 202nd AKC-recognized breed. The DSF was included in the rankings for the first time in 2025, debuting at No. 170. The Lancashire Heeler, which was recognized in January 2024, debuted at No. 189 and moved to No. 190 in 2025.\n\nAKC is a participant in affiliate advertising programs designed to provide a means for sites to earn advertising fees by advertising and linking to akc.org. If you purchase a product through this article, we may receive a portion of the sale.\n\nIn January 2026, three new dog breeds were recognized: the Russian Tsvetnaya Bolonka, the Teddy Roosevelt Terrier, and the Basset Fauve de Bretagne. These three breeds will debut in the 2026 rankings, bringing the total number of AKC-registered breeds to 205.\n\n', 'Most Popular Dog Breeds of 2025 Full List': '\xa0\n\nAKC is a participant in affiliate advertising programs designed to provide a means for sites to earn advertising fees by advertising and linking to akc.org. If you purchase a product through this article, we may receive a portion of the sale.\n\n', 'We use cookies': '', 'Privacy Preference Center': ''}",[]
https://www.akc.org/expert-advice/dog-breeds/tibetan-mastiff-right-for-you/,Is the Tibetan Mastiff a Good Fit for You?,"Feb 26, 2026","['working group', 'tibetan mastiff', 'double-coat']",Micaela Erickson,"Choosing to bring a dog into your home isn’t a decision made overnight. Between the plethora of breeds to explore and your own day-to-day routine, there are many factors to consider when finding your “perfect” dog. If you’re a truly experienced dog owner seeking a large, intelligent watchdog, the Tibetan Mastiff may be a good option for you.

","{'The Tibetan Mastiff’s Temperament': 'An aloof member of the\xa0Working Group, Tibetan Mastiffs are true guardians. They’re\xa0protective\xa0over their homes and humans, and can be territorial towards strangers. These large, muscular dogs are often considered an intimidating breed. While TMs are gentle giants with their loved ones, they’re significantly less open with unfamiliar faces. TMs are highly intelligent, but not an easy breed to train. They wouldn’t be a good choice for most first-time dog owners.\n\n', 'Physical Traits and Grooming Needs': 'Tibetan Mastiffs are imposing dogs with powerful, muscular builds. These substantial dogs can stand up to 26 inches tall and weigh up to 150 pounds. TMs have broad heads with high-set, V-shaped ears and discerning brown eyes. Their\xa0double coats\xa0come in a variety of colors, composed of a wooly undercoat and coarse guard hair.\n\nAKC is a participant in affiliate advertising programs designed to provide a means for sites to earn advertising fees by advertising and linking to akc.org. If you purchase a product through this article, we may receive a portion of the sale.\n\nA TM’s grooming needs are likely the breed’s lowest maintenance feature. For the majority of the year, a weekly brushing to rid the coat of dirt and tangles is sufficient. TMs have a\xa0heavy shedding period\xa0in late spring or early summer where they “blow” their undercoat. To quell the intense shedding during this period, it’s best to use an\xa0undercoat rake\xa0or other\xa0de-shedding tool.\n\n', 'How Much Training Do Tibetan Mastiffs Need?': 'Tibetan Mastiffs typically don’t respond well to traditional\xa0obedience training. They’re a highly intelligent breed, but are stubborn and don’t tend to repeat what they already know. Tibetan Mastiffs aren’t particularly food-driven either, making treats a less reliable training tool. Early training and\xa0socialization\xa0are key in a TM’s development.\n\nTMs are best suited for experienced dog owners, especially those well-accustomed to stronger-willed breeds. This isn’t to say a Tibetan Mastiff won’t listen to their owner. A TM will do what their owners ask and typically respect their judgment. However, a TM is ultimately more likely to follow their own instincts over anything else. Prospective owners should also note that TMs are “notorious” for giving an exemplary performance in a\xa0training class, but then ignoring all commands at home. TMs also don’t have\xa0reliable recall\xa0and shouldn’t be allowed off-leash.\n\nAKC is a participant in affiliate advertising programs designed to provide a means for sites to earn advertising fees by advertising and linking to akc.org. If you purchase a product through this article, we may receive a portion of the sale.\n\n', 'Are Tibetan Mastiffs Good for Families?': 'If brought into a family with older children and an experienced, committed owner, a Tibetan Mastiff can make for a good family dog. If you’re seeking a true watchdog for your home, a TM is a strong contender. TMs are fiercely loyal to their loved ones and are prepared to protect them from any perceived threat. Large, territorial, and independent, it’s essential that a Tibetan Mastiff is properly socialized and trained from a young age.\n\nAKC is a participant in affiliate advertising programs designed to provide a means for sites to earn advertising fees by advertising and linking to akc.org. If you purchase a product through this article, we may receive a portion of the sale.\n\n', 'How Social Are Tibetan Mastiffs?': 'Tibetan Mastiffs typically aren’t a social breed. They’re quite independent and aloof, and tend to only be loving towards family. TMs can be territorial around other dogs and strangers. Early socialization and proper training can help limit these less desirable traits, but a Tibetan Mastiff is ultimately a protector by nature.\n\n', 'We use cookies': '', 'Privacy Preference Center': ''}",[]
https://www.akc.org/expert-advice/dog-breeds/pembroke-welsh-corgi-right-for-you/,Is the Pembroke Welsh Corgi a Good Fit for You?,"Feb 24, 2026","['pembroke welsh corgi', 'corgi']",Micaela Erickson,"Finding the right dog for you and your lifestyle is a choice that takes plenty of research and careful consideration. The decision to bring a dog into your home shouldn’t be made overnight, regardless of whether you’re a first-time or experienced dog owner. With so many wonderful breeds of different sizes and dispositions, you may feel overwhelmed by choice. If you’re in the market for a small but athletic companion, look no further than the Pembroke Welsh Corgi.

","{'The Pembroke Welsh Corgi’s Temperament': 'Known to be one of the most agreeable of smaller house dogs, Pembrokes are lively, loyal, and affectionate companions that need less attention than their counterparts. They’re one of the most popular members of the Herding Group,\xa0and quite fearless at their core. A Pembroke’s intelligent, loving nature makes them easily trainable, and a strong candidate for a family pet. Active folks who are eager to form a strong bond with their dog would be a proper match for a Pembroke Welsh Corgi.\n\n', 'Physical Traits and Grooming Needs': 'Pembroke Welsh Corgis are an easily recognizable breed. Their fluffy behinds and ears that taper to a rounded point are perhaps their most distinctive traits aside from their low-riding stature. These small but mighty dogs have surprisingly muscular legs, allowing them to be quite agile. Pembrokes stand between 10 and 12 inches tall, and weigh around 30 pounds. Their short double coats come in red, sable, fawn, and black and tan, with or without white markings.\n\nAKC is a participant in affiliate advertising programs designed to provide a means for sites to earn advertising fees by advertising and linking to akc.org. If you purchase a product through this article, we may receive a portion of the sale.\n\nPembrokes’ thick, weatherproof\xa0double coats\xa0shed a fair amount on a daily basis, with heavier\xa0shedding periods\xa0during end of spring or early summer. To minimize hair piling up around your home, a daily once-over with a\xa0comb\xa0and\xa0slicker brush\xa0will help remove excess hair. Like with all breeds, it is important to\xa0trim a Pembroke’s nails regularly\xa0and\xa0check their ears\xa0ensure they’re clean and healthy.\n\n', 'How Much Training Do Pembroke Welsh Corgis Need?': 'Like any breed, it’s important to socialize a Pembroke early and enroll them in\xa0puppy training courses. They can be prone to independent streaks, but are intelligent, willing dogs ready to learn and please their owners. They respond best to\xa0positive, reward-based training. Pembrokes are a more sensitive breed, so training with a patient, gentle hand is key to eliciting preferred behaviors.\n\nAKC is a participant in affiliate advertising programs designed to provide a means for sites to earn advertising fees by advertising and linking to akc.org. If you purchase a product through this article, we may receive a portion of the sale.\n\nBred to herd cattle other livestock, Pembrokes are happiest when they have a job to do. A Pembroke on its best behavior is one that receives plenty of attention from family, and a healthy mix of\xa0mental and physical activity. These smart, driven dogs can excel at\xa0dog sports\xa0like\xa0agility,\xa0herding,\xa0obedience, and\xa0tracking\xa0events.\n\n', 'Are Pembroke Welsh Corgis Good for Families?': 'If properly socialized in puppyhood, Pembrokes can make great family dogs. Their highly affectionate, loyal nature makes them a lovely companion. They can also form strong bonds with their owners, offering companionship without being overly needy. They\xa0can do well with children, but would likely fair better in a home with older kids.\n\nPembrokes would be happiest in a family with an active lifestyle. Don’t let their small size make you think they’re just your average lapdog! They’re happy to accompany their loved ones on long walks or a slow jog, but moderate exercise is easiest on their little legs.\n\n', 'How Social Are Pembroke Welsh Corgis?': 'Pembrokes are known to be social, affectionate dogs — especially if properly socialized and trained. They form good family bonds and can be open to strangers and other dogs. Pembrokes also have a reputation of being “little big dogs.” They’re highly alert, and can make for good watchdogs. They have a big bark despite the small bodies they’re packed into.\n\nAKC is a participant in affiliate advertising programs designed to provide a means for sites to earn advertising fees by advertising and linking to akc.org. If you purchase a product through this article, we may receive a portion of the sale.\n\n', 'We use cookies': '', 'Privacy Preference Center': ''}",[]
https://www.akc.org/expert-advice/dog-breeds/maltese-right-for-you/,Is the Maltese a Good Fit for You?,"Feb 19, 2026","['maltese', 'toy group']",Micaela Erickson,"You’ve decided it’s time to bring a dog into your life, but you don’t know where to begin. Regardless of whether you’re a first-time or experienced dog owner, researching breeds and the nitty-gritty of dog ownership is essential. If you’re seeking a small, affectionate, and charming companion, consider the Maltese.

","{'The Maltese’s Temperament': 'Members of the\xa0Toy Group, Maltese are little dogs with a whole lot of personality. They’re charming and playful in nature and have a fearless air about them. Maltese are friendly and open to new people of all ages.\n\nThese little dogs can pack a lot of attitude into their small stature. They can be prone to stubborn streaks, which can make training difficult at times.\xa0Rewards-based training methods\xa0can appeal to their aloofness.\n\n', 'Physical Traits and Grooming Needs': 'True lapdogs, Maltese weigh in under 7 pounds and stand between 7–9 inches tall. Their compact bodies sport silky, straight, long, white coats that shed minimally. Their big dark eyes and “gumdrop” nose can win over almost anyone.\n\nAKC is a participant in affiliate advertising programs designed to provide a means for sites to earn advertising fees by advertising and linking to akc.org. If you purchase a product through this article, we may receive a portion of the sale.\n\nIn terms of grooming, the Maltese’s lush, floor-length coat is higher maintenance. It requires daily gentle\xa0brushing and combing\xa0to prevent mats and tangles. Regular\xa0baths\xa0and coat conditioning will also keep a Maltese looking their best. Their nails grow quickly and\xa0should be trimmed regularly. You should also\xa0check their ears\xa0weekly or wax and debris buildup. The breed is also prone to dental disease in old age, so regular\xa0tooth brushing\xa0is key.\n\n', 'How Much Training Do Maltese Need?': 'Maltese are known to be an intelligent breed, with\xa0roots that go back centuries. Once companions to aristocrats, Maltese have had plenty of time to learn how to get exactly what they want from their humans. Maltese are quick learners, but\xa0consistency in their training\xa0is key. They can be stubborn and respond best to\xa0positive training methods, especially when paired with rewards.\n\nAKC is a participant in affiliate advertising programs designed to provide a means for sites to earn advertising fees by advertising and linking to akc.org. If you purchase a product through this article, we may receive a portion of the sale.\n\nIn spite of their small size and lapdog reputation, Maltese are quite athletic. With proper training, these breeds can successfully showcase their talents in\xa0dog sports\xa0like\xa0obedience\xa0and\xa0agility.\n\n', 'Are Maltese Good for Families?': 'Maltese are undoubtedly people dogs. They live long lives and form strong bonds with their family members. Maltese are highly affectionate and get along well with children, but would fare better in a home with older kids due to their small size.\n\nMaltese can be prone to\xa0separation anxiety, so they shouldn’t be left alone for long periods of time. If a Maltese becomes bored or lonely, they may exhibit undesirable behaviors, such as\xa0excessive barking. Plenty of quality time and\xa0physical activity\xa0can help limit this.\n\nAKC is a participant in affiliate advertising programs designed to provide a means for sites to earn advertising fees by advertising and linking to akc.org. If you purchase a product through this article, we may receive a portion of the sale.\n\n', 'How Social Are Maltese?': 'Maltese thrive on human companionship. They love their people at home, but tend to be happy meeting new people of all ages, too. With proper training and\xa0socialization, Maltese can get along well with other dogs. They’re a playful, loving, and lively breed, sure to charm anyone they cross paths with.\n\n', 'We use cookies': '', 'Privacy Preference Center': ''}",[]
https://www.akc.org/expert-advice/dog-breeds/nederlandse-kooikerhondje-right-for-you/,Is the Nederlandse Kooikerhondje a Good Fit for You?,"Feb 11, 2026","['sporting group', 'nederlandse kooikerhondje']",Micaela Erickson,"Choosing to bring a dog into your life isn’t a decision to be made lightly. Finding a dog best fit for your lifestyle requires plenty of research and careful consideration, regardless of whether or not you’re a first-time dog owner. If you’re interested in finding a more unique breed with a lively, loving disposition, consider the Nederlandse Kooikerhondje.

","{'The Nederlandse Kooikerhondje’s Temperament': 'Members of the\xa0Sporting Group, Nederlandse Kooikerhondje (Nay-der-lands-say Koi-ker-hond-jay) are known to be lively, agile, confident, good-natured, and alert. The breed is faithful and easy-going, and loves being around their people. Nederlandse Kooikerhondje were originally bred as bird-hunters, and\xa0almost went extinct around World War II\xa0as the need for their work declined. Today, they make for good, albeit rare, family dogs.\n\n', 'Physical Traits and Grooming Needs': 'Nederlandse Kooikerhondje are smaller, white and orange dogs with big hearts. They’re sporty and eye-catching, donning a silky all-weather coat of white and red. The Nederlandse Kooikerhondje’s most recognizable trait are their large, black-tipped ears and feathered tail. The breed is sturdier than they look. They stand between 15 and 16 inches tall, and weigh between 20 and 30 pounds.\n\nAKC is a participant in affiliate advertising programs designed to provide a means for sites to earn advertising fees by advertising and linking to akc.org. If you purchase a product through this article, we may receive a portion of the sale.\n\nRegular weekly\xa0grooming\xa0will keep Nederlandse Kooikerhondje looking their best. Occasional\xa0baths\xa0will keep them fresh and clean. Nederlandse Kooikerhondje’s nails grow quickly, and\xa0should be trimmed regularly\xa0to keep the dog comfortable. Their\xa0ears should be checked\xa0regularly to avoid a buildup of wax and debris, and their\xa0teeth should be brushed\xa0regularly.\n\n', 'How Much Training Do Nederlandse Kooikerhondje Need?': 'Kooikerhondjes are intelligent and lively companions. Work is intrinsic to their nature due to their history as bird-hunters, aiding them in retaining their eager-to-please tendencies. They have a\xa0high prey drive\xa0and a more sensitive demeanor, making positive, patient, and firm training methods the best for a Kooikerhondje.\n\nAKC is a participant in affiliate advertising programs designed to provide a means for sites to earn advertising fees by advertising and linking to akc.org. If you purchase a product through this article, we may receive a portion of the sale.\n\nNederlandse Kooikerhondje are an attentive, watchful breed and may moderately bark to alert their owners of any unfamiliar people or activity. The best way to curb\xa0undesired barking\xa0is with\xa0early socialization\xa0and\xa0puppy training courses.\n\n', 'Are Nederlandse Kooikerhondje Good for Families?': 'Kooikerhondjes can make for great family dogs. Their cheerful disposition and intelligent nature make them wonderful household companions. They’re relatively easy to train, and while they require a good amount of\xa0exercise, the Kooikerhondje doesn’t demand attention and stimulation around the clock. Kooikerhondjes are happiest alongside their people, and are quite affectionate when they receive the\xa0mental and physical stimulation\xa0they require.\n\nAKC is a participant in affiliate advertising programs designed to provide a means for sites to earn advertising fees by advertising and linking to akc.org. If you purchase a product through this article, we may receive a portion of the sale.\n\n', 'How Social Are Nederlandse Kooikerhondje?': 'With proper training and socialization, Nederlandse Kooikerhondje can be social dogs. They can be more reserved with new people, but open up quickly once they have assessed whether or not they’re a threat. They’re quite affectionate with their families, and can get along well with other dogs if socialized early in life.\n\n', 'We use cookies': '', 'Privacy Preference Center': ''}",[]
https://www.akc.org/expert-advice/dog-breeds/miniature-american-shepherd-right-for-you/,Is the Miniature American Shepherd a Good Fit for You?,"Feb 11, 2026","['herding group', 'australian shepherd', 'miniature american shepherd']",Micaela Erickson,"Bringing a dog into your life is no easy decision. Choosing the perfect dog for your lifestyle takes careful consideration, regardless of whether you’re a first-time or veteran dog owner. For folks in search of a highly adaptable, loving, intelligent companion, consider the Miniature American Shepherd.

","{'The Miniature American Shepherd’s Temperament': 'These members of the\xa0Herding group\xa0closely resemble small\xa0Australian Shepherds. Mini Americans are a compact but highly intelligent, hardworking breed. These bred workers are quite trainable, and would be happy in almost any environment. Mini Americans make for lively and fiercely loyal companion dogs. When it comes to their work, they’re also self-motivated.\n\n', 'Physical Traits and Grooming Needs': 'The Miniature American Shepherd shares many of its physical traits with the Australian Shepherd, but on a smaller scale. Mini Americans stand between 13 and 18 inches at the shoulder, and weigh between 20 and 40 pounds. Don’t let their size fool you — Mini Americans are built to work hard and swiftly on rugged terrain. Their medium-length\xa0double coats\xa0come in black, blue merle, red, and red merle.\n\nAKC is a participant in affiliate advertising programs designed to provide a means for sites to earn advertising fees by advertising and linking to akc.org. If you purchase a product through this article, we may receive a portion of the sale.\n\nMiniature American Shepherds’ striking double coats consist of a longer outer coat and a wooly undercoat. The breed sheds a fair amount, with\xa0heavier seasons of shedding\xa0once or twice a year. Regular\xa0brushing\xa0is the best way to keep a Mini American looking sharp and keep excess hair from piling up.\n\nWeekly brushing is sufficient during most of the year, with daily brushing during shedding season. Be mindful of mats and tangles. You can remove these with a\xa0slicker brush\xa0or\xa0metal comb. Like with all breeds, you should trim a Miniature American Shepherd’s nails regularly to prevent discomfort.\n\n', 'How Much Training Do Miniature American Shepherds Need?': 'Early socialization\xa0and\xa0puppy training courses\xa0are recommended for all breeds. Miniature American Shepherds are bright by nature, and eager to please their owners. This makes them an easier breed to train. Teaching a Mini American\xa0basic obedience\xa0early on in their life will help them grow into well-behaved adults, and reach their best potential as a companion.\xa0Dog sports\xa0can also make for good training practice for a number of breeds. Miniature American Shepherds can excel in events like\xa0obedience,\xa0agility, and\xa0tracking. Dog sports can also strengthen the bond between dog and owner.\n\nMiniature American Shepherds aren’t the most vocal breed, though they tend to bark a moderate amount. Their barking is usually to alert their owners of any perceived danger. Excessive barking shouldn’t be an issue, but early obedience training will ensure a Mini American doesn’t develop less-desirable behaviors.\n\n', 'Are Miniature American Shepherds Good for Families?': 'Mini Americans can make for great family dogs, especially with proper obedience training and early socialization. They tend to be good with children, but\xa0may try to herd them. Kids who understand the nature of dogs and the\xa0responsibility of owning a pet\xa0will likely be better suited for this breed. Miniature American Shepherds are an adaptable breed, and would be happy in the city, suburbs, or more rural areas.\n\nAKC is a participant in affiliate advertising programs designed to provide a means for sites to earn advertising fees by advertising and linking to akc.org. If you purchase a product through this article, we may receive a portion of the sale.\n\nMini Americans are an active, athletic breed and require a moderate amount of exercise. They can adapt to their family’s lifestyle, but neglecting to give them regular exercise will cause them to misbehave. Plenty of quality time and physical activity will keep a Miniature American Shepherd’s mind and body engaged.\n\n', 'How Social Are Mini American Shepherds?': 'Miniature American Shepherds are a joyful, loving breed. They’re extremely affectionate and friendly with their families and other pets. They can be weary of new faces, but early, consistent socialization will build up a Mini American’s confidence in new situations.\n\nAKC is a participant in affiliate advertising programs designed to provide a means for sites to earn advertising fees by advertising and linking to akc.org. If you purchase a product through this article, we may receive a portion of the sale.\n\n', 'We use cookies': '', 'Privacy Preference Center': ''}",[]
https://www.akc.org/expert-advice/dog-breeds/doberman-pinscher-right-for-you/,Is the Doberman Pinscher a Good Fit for You?,"Jan 29, 2026","['working group', 'doberman pinscher']",Micaela Erickson,"When you choose to bring a dog into your home, there are many factors to consider. Not only should you think of a dog’s size, temperament, and exercise needs, but also take your own lifestyle and day-to-day habits into consideration. Whether you’re a first time or experienced dog owner, finding the best fit for you and your family isn’t a decision to be made overnight. If you’re a seasoned dog owner looking for a large, intelligent, loving watchdog, consider the Doberman Pinscher.

","{'The Doberman Pinscher’s Temperament': 'A member of the Working Group, Dobermans are a medium-sized breed known to be loyal, protective and watchful protectors. Dobermans are athletic, alert, intelligent and fearless. They are happiest when they are with their families and have an activity or job to do. Dobermans form strong bonds with the families they love and are very affectionate in spite of their muscular and powerful appearance.\n\n', 'Physical Traits and Grooming Needs': 'These sleek, powerful dogs have impressive physiques. Dobermans are compact and muscular, standing between 24 and 28 inches tall and weighing between 60 and 100 pounds. Their short, smooth coats may be black, red, blue, and fawn (Isabella) with sharply defined rust markings above each eye, and on the muzzle, throat, forechest, and all legs and feet. Dobermans’ ears are normally cropped and carried erect.\n\nAKC is a participant in affiliate advertising programs designed to provide a means for sites to earn advertising fees by advertising and linking to akc.org. If you purchase a product through this article, we may receive a portion of the sale.\n\nIn terms of grooming, Dobermans are somewhat low-maintenance. They’re largely a “wash and wear” breed, but quick, daily brushing with either a short-bristled brush or grooming mitt will keep their coats in a pristine, shiny condition. Dobermans don’t require regular baths, but prospective owners should plan to trim their nails and brush their teeth regularly. Their pointed, triangular ears should be carefully cleaned every few days to prevent buildup of wax and debris.\n\n', 'How Much Training Does a Doberman Pinscher Need?': 'Dobermans are highly intelligent and tend to learn new commands and skills quickly. Because of their powerful build and protective nature, prospective owners considering a Doberman Pinscher must be prepared for early and consistent training and socialization. Dobermans’ intelligence and eagerness to learn can allow them to excel in dog sports. They can be strong competitors in sports such as obedience, tracking, and agility.\n\n', 'Are Doberman Pinschers Good for Families?': 'Dobermans can make excellent family dogs. They’re a very loyal and alert breed, offering a lovely combination of companionship and protection. Dobermans are a high to medium energy breed and would be happiest in a household that can provide daily physical and mental activity. They require exercise and playtime, making them good companions for folks who enjoy long walks or hikes. A Doberman without access to proper mental and physical stimulation may engage in undesirable behaviors.\n\nAKC is a participant in affiliate advertising programs designed to provide a means for sites to earn advertising fees by advertising and linking to akc.org. If you purchase a product through this article, we may receive a portion of the sale.\n\nDobermans tend to be good with children, but some may be territorial around other dogs and some do not like small animals.\n\n', 'How Social Are Doberman Pinschers?': 'With proper training and socialization, Dobermans can be quite social. They feel most at home with their families and tend to be their most open around them. Dobermans can be weary of strangers due to their protective nature. Dobermans exposed to new people and situations from an early age will be the most receptive to interactions outside of their immediate home life.\n\n', 'We use cookies': '', 'Privacy Preference Center': ''}",[]
https://www.akc.org/expert-advice/dog-breeds/boston-terrier-right-for-you/,Is the Boston Terrier a Good Fit for You?,"Jan 23, 2026","['non-sporting group', 'boston terrier']",Micaela Erickson,"Bringing a dog into your life isn’t an easy decision, and certainly not one that can be made overnight. Whether you’re an experienced or first-time dog owner, choosing the right dog for your lifestyle takes careful consideration. With so many breeds of different sizes and temperaments to consider, beginning the research process can be overwhelming.

If you’re someone living in a city seeking a small, lively companion, consider the Boston Terrier.

","{'The Boston Terrier’s Temperament': 'Nicknamed “The American Gentleman,” Boston Terriers are known to be a friendly breed with excellent manners. A member of the Non-Sporting Group, these alert, joyful dogs are natural comedians and can provide their owners with endless entertainment. Bostons are eager to please their owners, and quickly ingratiate themselves into a family dynamic. They’re highly sociable and tend to be open with children, unfamiliar faces, and other dogs.\n\n', 'Physical Traits and Grooming Needs': 'Boston Terriers are short-tailed little dogs that weigh no more than 25 pounds. Sporting a stylish “tuxedo,” these dapper pups don a white and either black, brindle, or seal (dark brown) coat. Bostons’ heads are square with a short muzzle, and large, round eyes that sparkle with curiosity. Their compact bodies move with a jaunt. Bostons are happy to prance around a city or more suburban towns with their owners.\n\nAKC is a participant in affiliate advertising programs designed to provide a means for sites to earn advertising fees by advertising and linking to akc.org. If you purchase a product through this article, we may receive a portion of the sale.\n\nBostons’ coats are fine and sleek, and shed minimally. Weekly brushing will help to remove loose hair. Regular brushing sessions also promote new hair growth and distribute skin oils to keep their coats looking healthy. Bostons only require occasional bathing, and their nails should be trimmed regularly. Allowing a Boston’s nails to grow too long will cause them issues and pain when walking or running.\n\n', 'How Much Training Do Boston Terriers Need?': 'Like all breeds, early socialization and puppy training courses are strongly recommended for Boston Terriers. Bostons are eager to please their owners, making them generally easier to train. Treats are a good incentive in motivating a Boston Terrier during training. Being a more sensitive breed, Bostons don’t respond well to harsh training methods. Correcting mistakes gently and offering plenty of love and praise will ensure that training is pleasant for both the owner and a Boston. This breed doesn’t fare well when left alone for extended periods of time. A Boston will be happiest with folks with enough time and attention to devote to them.\n\nAKC is a participant in affiliate advertising programs designed to provide a means for sites to earn advertising fees by advertising and linking to akc.org. If you purchase a product through this article, we may receive a portion of the sale.\n\nWhile exercise needs vary from dog to dog, an active, engaging lifestyle will help ensure a Boston Terrier is on their best behavior. A couple brisk walks or dedicated time to run and play every day will help keep a Boston happy. Due to their varying exercise needs and their small size, a Boston Terrier is a good choice for city dwellers.\n\n', 'Are Boston Terriers Good for Families?': 'Boston Terriers are a well-mannered, friendly breed, making them a good choice for families. Especially with proper training and socialization, a Boston can be very happy with a variety of family styles. They do well with children who know how to be gentle with animals. Bostons are a patient breed, and form strong bonds with their loved ones due to their sensitive nature.\n\nAKC is a participant in affiliate advertising programs designed to provide a means for sites to earn advertising fees by advertising and linking to akc.org. If you purchase a product through this article, we may receive a portion of the sale.\n\n', 'How Social Are Boston Terriers?': 'A well-adjusted and properly socialized Boston Terrier is a very social dog. They form strong connections with family members and can get along well with other dogs. They also tend to be open with strangers. Bostons are a happy-go-lucky breed, eager to make friends and get love wherever they can find it.\n\n', 'We use cookies': '', 'Privacy Preference Center': ''}",[]
https://www.akc.org/expert-advice/dog-breeds/bernese-mountain-dog-right-for-you/,Is the Bernese Mountain Dog a Good Fit for You?,"Jan 12, 2026","['working group', 'bernese mountain dog']",Micaela Erickson,"There’s a lot to consider when it comes to finding the perfect dog for you and your lifestyle. Whether you’re seeking a dog just for yourself or looking to bring one into your family, choosing the right companion requires careful thought and preparation. If you lead an active life, can offer plenty of time and attention, and are seeking a large dog, consider the Bernese Mountain Dog.

","{'The Bernese Mountain Dog’s Temperament': 'A member of the Working Group, these big dogs are sweet and affectionate by nature. Berners are intelligent and eager to please their humans, making them an easier breed to train. True people dogs, they’re happiest when they’re with their families. Isolation doesn’t bode well for the breed, and can trigger undesirable behavior.\n\n', 'Physical Traits and Grooming Needs': 'Berners have a powerful, majestic air about them. These born workers stand proud between 23 and 27.5 inches, and weigh between 70 and 115 pounds. Their longer, thick, silky coats are tricolored: black, white, and rust. Berners’ breed hallmarks are their distinctive markings on their coats and faces, plus their dark, disarming eyes that shine with intelligence.\n\nBernese Mountain Dogs are a hardy breed with thick double coats. Berners shed a fair amount, with heavier periods of shedding twice a year. The best way to maintain a Berner’s lush coat is with weekly brushing. During shedding seasons, daily brushing will keep them looking their best. A Berner’s bathing needs on how quickly a Berner gets dirty, or begins to get that distinct “doggy” smell.\n\nAKC is a participant in affiliate advertising programs designed to provide a means for sites to earn advertising fees by advertising and linking to akc.org. If you purchase a product through this article, we may receive a portion of the sale.\n\n', 'How Much Training Do Berners Need?': 'Bernese Mountain Dogs live to please their owners. These intelligent, calm dogs tend to be easier to train, but early socialization and obedience training are still essential. Large dogs particularly benefit from this early training.\n\nProspective owners should note that Berners are a more sensitive breed. Their sweet, open nature can lead to their feelings being hurt easily. When training a Bernese Mountain Dog, patience and positive reinforcement is key. Avoid harsh training methods and corrections.\n\nThese dogs’ intelligence and ability to learn quickly sets them apart from a lot of breeds. Bernese Mountain Dogs can also excel in a variety of dog sports, such as carting, agility, herding, obedience, AKC Rally, and tracking.\n\nAKC is a participant in affiliate advertising programs designed to provide a means for sites to earn advertising fees by advertising and linking to akc.org. If you purchase a product through this article, we may receive a portion of the sale.\n\n', 'Are Bernese Mountain Dogs Good for Families?': 'Berners can make great family dogs. They have a reputation of being particularly gentle with children, and are devoted to their entire family. In many cases, a Bernese Mountain Dog will often “choose” to be more attached to one member of the family.\n\nA Bernese Mountain Dog would be happiest with an active family that has ample time to devote to them. If you enjoy outdoor activities like walking or hiking, Berners can make excellent companions for these ventures.\n\nAKC is a participant in affiliate advertising programs designed to provide a means for sites to earn advertising fees by advertising and linking to akc.org. If you purchase a product through this article, we may receive a portion of the sale.\n\n', 'How Social Are Berners?': 'Bernese Mountain Dogs are a very social breed. They thrive off interaction with their humans, so extended periods of isolation are not conducive to a Berner being on their best behavior. They get along well with most people and other animals. While a generally open, friendly breed, Berners can have a tendency to be aloof towards strangers.\n\n', 'We use cookies': '', 'Privacy Preference Center': ''}",[]
https://www.akc.org/expert-advice/dog-breeds/yorkshire-terrier-right-for-you/,Is the Yorkshire Terrier a Good Fit for You?,"Jan 12, 2026","['toy group', 'yorkshire terrier']",Rylee Johnston,"It’s an exciting moment when you and your family decide you want to get a dog. But it also comes with the sometimes overwhelming decision of picking which breed is the right fit for your household.

Consider one of the most popular breeds in the United States: the Yorkshire Terrier. This affectionate, high-energy dog tends to be very cuddly and open to strangers, making them a potential worthy addition to your family.

","{'The Yorkshire Terrier’s Temperament': 'While tiny in size, Yorkshire Terriers have big, friendly personalities that are often described as feisty yet affectionate. They’re loving towards their families and have the reputation of treating everyone like their best friend, including strangers.\n\nToday, they may be known for their long, smooth coats and dainty bows. But there once was a time they rounded up vermin in underground tunnels, which explains their need for plenty of mental stimulation. When you consider this, plus their high-energy personalities, they’re the perfect fit for dog sports where they can show off their skills, including events like agility, therapy work, and Earthdog trials.\n\nAKC is a participant in affiliate advertising programs designed to provide a means for sites to earn advertising fees by advertising and linking to akc.org. If you purchase a product through this article, we may receive a portion of the sale.\n\n', 'Physical Traits and Grooming Needs': 'Members of the Toy Group, Yorkshire Terriers are smaller in size, reaching an average of 8 inches in size and 7 pounds in weight, making them an ideal choice for city dwellers who may not have space for larger breeds. They also have an average lifespan of 11â€“15 years old.\n\nOne of their most notable traits is their human-like hair. Much like humans, their hair doesn’t stop growing. It should be trimmed to keep the hair neat, typically at a length long enough to graze the floor. You should also be prepared to clean their teeth and ears, as well as trim their nails regularly.\n\nIf you plan on competing in conformation, your Yorkie will likely require more intensive grooming, including weekly baths, rather than bi-weekly.\n\n', 'How Much Training Do Yorkshire Terriers Need?': 'Yorkshire Terriers can be stubborn and independent, but that doesn’t mean they’re not willing to learn. Their highly adaptive nature and eagerness to please can help when it comes to training. However, prospective owners should be prepared to be patient and willing to offer positive reinforcement.\n\nAKC is a participant in affiliate advertising programs designed to provide a means for sites to earn advertising fees by advertising and linking to akc.org. If you purchase a product through this article, we may receive a portion of the sale.\n\nYorkies also known to be good with children, thanks to their easygoing personality and tiny size that doesn’t make them intimidating.\n\nA Yorkshire Terrier would be a great fit for active households since they require lots of mental stimulation. That also means they’ll require walks to get their energy out, and since they’re a social breed, they’re sure to be vocal if their needs aren’t being met.\n\n', 'Are Yorkshire Terriers Good for Families?': 'Families will be happy to know that Yorkshire Terriers are a loving breed that’s playful and cuddly towards their owners and strangers. They also tend to like other dogs, which means they can thrive both alone or in a family with more than one pet.\n\nThough the breed is generally affectionate, they have a tendency to be protective of their owners. You’ll want to make sure set them up for success with appropriate training and socialization and, like with any other breed, never leave them unattended when around young children.\n\n', 'How Social Are Yorkshire Terriers?': 'Yorkshire Terriers get along with their owners, strangers, and other dogs, too, which makes them an ideal match for people who live an active lifestyle. They’re very adaptable, so they can live in a variety of environments, whether that’s a suburb or city, as long as they receive proper mental stimulation and walks.\n\nAKC is a participant in affiliate advertising programs designed to provide a means for sites to earn advertising fees by advertising and linking to akc.org. If you purchase a product through this article, we may receive a portion of the sale.\n\nThey can be stubborn at times and will require positive reinforcement and encouragement, but their vocal nature means they’ll be sure to let you know when they need attention.\n\nAll in all, Yorkshire Terriers would make an excellent addition to many homes. But remember, every dog is different, even within the breed. Talk to your breeder or people you know who own Yorkies about whether or not the breed would be a good fit for you and your lifestyle.\n\n', 'We use cookies': '', 'Privacy Preference Center': ''}",[]
https://www.akc.org/expert-advice/dog-breeds/russian-tsvetnaya-bolonka-right-for-you/,Is the Russian Tsvetnaya Bolonka Right for You?,"Jan 09, 2026","['toy group', 'Russian Tsvetnaya Bolonka']",Lindsey Dobruck,"Finding the perfect dog for your lifestyle can be a challenge. With so many options, how do you know which dog is right for you? If you’re looking for a bright, lovable lapdog with a minimal-shed coat, consider the Russian Tsvetnaya Bolonka.

","{'The Russian Tsvetnaya Bolonka’s Temperament': 'Cheerful, sociable, and affectionate, the Russian Tsvetnaya Bolonka is a wonderful companion to owners from all walks of life. As a member of the Toy Group, the Bolonka is an easy-going, intuitive dog who loves nothing more than spending time with their people. The breed’s name translates to “Russian Colored Lapdog,” describing their temperament and rich, colorful coat.\n\nAfter World War II, Russian dog enthusiasts brought this small, shaggy breed to Leningrad (St. Petersburg) and worked to create a delightful dog suitable for apartment living. Breeders incorporated other small, coated dogs, such as the Maltese, Shih Tzu, and Bolognese, and established the Bolonka as its own breed in the 1960s.\n\n', 'Physical Traits and Grooming Needs': 'The Russian Tsvetnaya Bolonka is a diminutive companion, standing no more than 11 inches tall and weighing between 7 and 9 pounds. They have a sweet, intelligent expression with a beard, mustache, and long hair that is often tied up in a bow.\n\nAKC is a participant in affiliate advertising programs designed to provide a means for sites to earn advertising fees by advertising and linking to akc.org. If you purchase a product through this article, we may receive a portion of the sale.\n\nBolonki are set apart from their cousins in the Bichon family by their colorful coats — they range from light fawn to solid black, sometimes with small patches of white. A non-shedding breed, the Bolonka’s hair is thick, soft, and dense, and falls in large, bouncy curls or waves.\n\nRegular grooming keeps the Bolonka’s signature coat in shape, though their natural curls give them a tousled look. Experts recommend brushing the coat daily with a pin brush and conditioning spray. Weekly baths may be required, with a blowout to prevent mats from forming. Many pet owners will trim their Bolonki into a “teddy bear” cut for easier maintenance.\n\n', 'How Much Training Do Russian Tsvetnaya Bolonki Need?': 'The Russian Tsvetnaya Bolonka is described as the “ultimate house pet and companion.” An intelligent and intuitive learner, the Bolonka is easily trainable and adapts to myriad lifestyles. Their desire to please, and upbeat attitude make them wonderful teammates for companion events such as AKC Rally, obedience, agility, Fast CAT, and more.\n\n', 'Are Russian Tsvetnaya Bolonki Good for Families?': 'Sweet and sociable, the Russian Tsvetnaya Bolonka is friendly to all. They’re devoted family members who get along well with children, other pets, and visitors to the home. Though the Bolonka is sturdy for their size and very outgoing, parents should guide their kids on how to safely and respectfully interact with a small breed.\n\nAKC is a participant in affiliate advertising programs designed to provide a means for sites to earn advertising fees by advertising and linking to akc.org. If you purchase a product through this article, we may receive a portion of the sale.\n\n', 'How Social Are Russian Tsvetnaya Bolonki?': 'While the Russian Tsvetnaya Bolonka is naturally outgoing and affable, early socialization will help build young puppies’ confidence. Some Bolonki may bark to alert their families to visitors or strange noises, but should quickly settle to greet their new friends. They’re clever, cordial lapdogs that enjoy the company of humans and other animals.\n\nDesigned for apartment living, the Bolonka can thrive in both urban or suburban environments. They’re happy to join their owners on outings — and their colorful, curly coat is sure to draw plenty of welcomed attention.\n\nEvery dog is different, even within the breed, so talk to your breeder about whether the Russian Tsvetnaya Bolonka would be a good fit for you and your lifestyle. Visit the Russian Tsvetnaya Bolonka Club of America to learn more, or find an AKC Meet the Breeds event for the chance to meet a Bolonka in person.\n\nAKC is a participant in affiliate advertising programs designed to provide a means for sites to earn advertising fees by advertising and linking to akc.org. If you purchase a product through this article, we may receive a portion of the sale.\n\n', 'We use cookies': '', 'Privacy Preference Center': ''}",[]
https://www.akc.org/expert-advice/dog-breeds/basset-fauve-de-bretagne-right-for-you/,Is the Basset Fauve de Bretagne a Good Fit for You?,"Jan 08, 2026","['hound group', 'basset fauve de bretagne']",Lindsey Dobruck,"Finding a breed that suits your lifestyle can be difficult. With so many options, how do you know which one is a good fit? If you’re looking for a medium-sized hunting hound who’s sociable, courageous, and intelligent, consider the Basset Fauve de Bretagne.

","{'The Basset Fauve de Bretagne’s Temperament': 'The Basset Fauve de Bretagne is an old French scenting hound, with ancestry that traces back to the 1500s. Hunting, particularly with hounds and on horseback, was a feudal privilege before the French Revolution. After everyone in the country gained these rights in 1789, the Basset Fauve de Bretagne was developed as a shorter-legged companion for hunters who traveled on foot, as many peasants didn’t own horses.\n\nToday, Fauves are both versatile hunting hounds and beloved family companions. In the field, they’re bold, courageous, and tenacious, originally bred to hunt rabbit, hare, fox, roe deer, and wild boar. At home, they’re easygoing, sociable family dogs who get along well with kids and other pets.\n\n', 'Physical Traits and Grooming Needs': 'The Basset Fauve de Bretagne is one of several basset breeds — a group of hounds distinguished by their shorter legs and longer-than-tall proportions. (The name “Basset” derives from the French word “bas,” or low.) Smaller than his cousins, the Basset Fauve de Bretagne stands between 12.5 and 15.5 inches at the withers, and can weigh between 23 and 40 pounds. They’re sturdy, stocky dogs who move with ease and energy.\n\nAKC is a participant in affiliate advertising programs designed to provide a means for sites to earn advertising fees by advertising and linking to akc.org. If you purchase a product through this article, we may receive a portion of the sale.\n\nBasset Fauve de Bretagnes have a harsh, wiry coat that can range in color from light fawn to golden wheaten to red brick. They have a sweet, scruffy face with a lively expression and smooth, dropped ears. Grooming is relatively minimal — breeders recommend going over the coat weekly with a fine-toothed comb, followed by brushing with a stiff-bristled brush. Twice a year, Fauves should be stripped or plucked to remove loose hair.\n\n', 'How Much Training Do Basset Fauve de Bretagnes Need?': 'As a scent hound, the Basset Fauve de Bretagne has a strong instinctual desire to track interesting smells — and will likely ignore whatever else is being asked of them while on a scent. They’re also prone to chasing small quarry, like squirrels or rabbits, in the neighborhood — leashed walks and a well-rehearsed recall will come in handy.\n\nThough Fauves can sometimes have a one-track mind, they’re highly intelligent, and many excel in companion events when trained with patient, engaging, positive-reinforcement methods. Scent-based activities like AKC Scent Work, tracking, Barn Hunt, search-and-rescue work, and scent games are enriching ways to channel a Basset Fauve de Bretagne’s powerful nose.\n\n', 'Are Basset Fauve de Bretagnes Good for Families?': 'Affectionate, friendly, and good-natured, Basset Fauve de Bretagnes are wonderful companions for families with children. However, they thrive in households that can meet their exercise and enrichment needs. Most do well with a brisk walk twice daily and regular access to a large, fenced yard to sniff around. Fauves generally get along well with other pets, as they traditionally hunted in packs.\n\nAKC is a participant in affiliate advertising programs designed to provide a means for sites to earn advertising fees by advertising and linking to akc.org. If you purchase a product through this article, we may receive a portion of the sale.\n\n', 'How Social Are Basset Fauve de Bretagnes?': 'Though a serious hunter at heart, the Basset Fauve de Bretagne is first and foremost a devoted member of the family. The breed is outgoing and sociable, without a trace of timidity. While Fauves may voice an alert at the arrival of visitors, they aren’t typically nuisance barkers — though they’ll delightfully bay (howl) when excited.\n\nAKC is a participant in affiliate advertising programs designed to provide a means for sites to earn advertising fees by advertising and linking to akc.org. If you purchase a product through this article, we may receive a portion of the sale.\n\nTo learn more about the breed, visit the Basset Fauve de Bretagne Club of America. The breed parent club can connect you with Fauve fanciers and breeders who can guide you on whether this is the right dog for your family.\n\n', 'We use cookies': '', 'Privacy Preference Center': ''}",[]
https://www.akc.org/expert-advice/dog-breeds/teddy-roosevelt-terrier-right-for-you/,Is the Teddy Roosevelt Terrier Right for You?,"Jan 08, 2026","['terrier group', 'rat terrier', 'Teddy Roosevelt Terrier']",Lindsey Dobruck,"Determining which breed is the best fit for your lifestyle can be difficult. With so many options, how do you choose? If you’re looking for a small, compact dog who’s playful and intelligent, the Teddy Roosevelt Terrier might be the right breed for you.

","{'The Teddy Roosevelt Terrier’s Temperament': 'Inquisitive and affectionate, the Teddy Roosevelt Terrier is a hearty dog with a cheerful demeanor. The breed originated as a short-legged variety of the Rat Terrier and shares many of its ancestors. Before they were named for President Theodore Roosevelt — an avid outdoorsman who is thought to have had these little ratters — Teddies were known as the “type B” variety of the Rat Terrier, the Short-Legged Rat Terrier, or the Bench-Legged Feist because of their little legs.\n\nTeddy Roosevelt Terriers are highly trainable and seamlessly adapt to a variety of households and lifestyles. They thrive on human companionship and are devoted members of the family. Teddies can be reserved with strangers and naturally protective, but will quickly warm up to new friends.\n\n\n\n', 'Physical Traits and Grooming Needs': 'The Teddy Roosevelt Terrier is a sturdy, muscular, short-legged hunting terrier. The breed has a kind, lively expression, with ears that may stand up, tip, or fold down. When fully grown, Teddies can weigh between 8 and 24 pounds, and stand 8 to 14 inches tall. Their short, smooth coat requires minimal grooming, but they do shed — weekly brushing with a soft bristle brush or curry comb can help remove loose hair.\n\nAKC is a participant in affiliate advertising programs designed to provide a means for sites to earn advertising fees by advertising and linking to akc.org. If you purchase a product through this article, we may receive a portion of the sale.\n\n', 'How Much Training Do Teddy Roosevelt Terriers Need?': 'The Teddy Roosevelt Terrier’s small size and stocky build make him a great sidekick for all types of adventures. Teddies are curious, enthusiastic learners who excel in a variety of dog sports, from agility to Dock Diving to AKC Scent Work. While they benefit from plenty of physical exercise and mentally stimulating activities, Teddies are also happy to curl up on the couch with their owners for some downtime.\n\nAs a member of the Terrier Group, the breed has a strong prey drive and will eagerly hunt critters when given the chance. Activities like Barn Hunt, Earthdog, and Fast CAT are a fun way for your Teddy Roosevelt Terrier to channel these instincts.\n\n', 'Are Teddy Roosevelt Terriers Good for Families?': 'Teddy Roosevelt Terriers make wonderful playmates for kids, especially if they’ve been raised alongside them. As hunting terriers, they have strong pack instincts and a protective nature. They’ll bark to alert their family to the presence of strangers, but are generally curious about other dogs without being belligerent. Teddy Roosevelt Terriers typically get along with dogs of all sizes — even breeds much larger.\n\nAKC is a participant in affiliate advertising programs designed to provide a means for sites to earn advertising fees by advertising and linking to akc.org. If you purchase a product through this article, we may receive a portion of the sale.\n\n', 'How Social Are Teddy Roosevelt Terriers?': 'While good-natured and affectionate to their owners, Teddy Roosevelt Terriers are known to be skeptical of strangers and can sometimes exhibit protective behaviors. They are devoted to their families, but some can be a “one-person dog” and prefer the company of one family member over the rest. With proper socialization and an understanding of the breed’s natural temperament, Teddy Roosevelt Terriers are wonderful, intelligent companions for all their owners’ adventures, from neighborhood walks, high levels of competitive dog sports, and everything in between.\n\nEvery dog is different, even within the breed, so talk to your breeder about whether the Teddy Roosevelt Terrier would be a good fit for you and your lifestyle. To meet a Teddy Roosevelt Terrier and learn more about life with Teddies, consider attending an AKC Meet the Breeds event.\n\n', 'We use cookies': '', 'Privacy Preference Center': ''}",[]
https://www.akc.org/expert-advice/dog-breeds/russian-tsvetnaya-bolonka-history/,Russian Tsvetnaya Bolonka History: From Russia with Love to Sweet Lapdog,"Jan 06, 2026","['toy group', 'Russian Tsvetnaya Bolonka', 'russia']",Elaine Waldorf Gewirtz,"to Russian national pride and the desire for a small, wavy or curly-coated dog to happily curl up on a lap explain why Russian breeders exclusively developed the Russian Tsvetnaya Bolonka in Leningrad, now known as St. Petersburg.

A member of the Bichon family, the Russian Tsvetnaya Bolonka has an easy-going temperament and is a devoted companion, suitable for both limited space city and room-to-roam country living.

The name of this toy breed translates from Russian to “Russian Colored Lapdog,” and it is affectionately referred to as “Bolonka” or “Bolonki.” Other nicknames for this gentle and charming canine include “Colored Bichon,” “Russian Colored Bichon,” and “Toy Bolonki.”

Pronouncing this Russian member of the Bichon family may seem challenging at first, but with a bit of practice, “Russian S-vet-naya Bo-lonk-a” will soon roll off the tongue.

","{'The Bolonka’s Beginning': 'In Russia during the 1900s, the only breeds that existed were large working breeds, such as the Borzoi, known as the Russian Wolfhound, which the Russian aristocracy favored and used for hunting wolves and other large game.\n\nAKC is a participant in affiliate advertising programs designed to provide a means for sites to earn advertising fees by advertising and linking to akc.org. If you purchase a product through this article, we may receive a portion of the sale.\n\nOther large Russian breeds included the Samoyed, used as companions and to help herd reindeer and haul sleds for the Samoyedic people, and the Black Russian Terrier, which performed police and military work. The Caucasian Shepherd Dog possessed guarding abilities, and the Laika breeds were versatile hunters with Spitz-like appearance that pulled sleds, herded, and hunted.\n\nWhen the Soviets ruled Leningrad from 1924 to 1991, large breeds and two small dogs with long coats appeared in the first post-war canine exhibition in 1946. “These were of inferior quality,” says Candace Mogavero, President of the Russian Tsvetnaya Bolonka Club of America. The following year, only one small, long-coated dog exhibited.\n\nThe only small Russian dog was the Russian Toy, developed in the 18th century and bred solely for the aristocracy. At an elegant 7 to 11 inches tall, this fine-boned, lively toy came in two coat varieties: smooth and long.\n\n', 'Only Size Matters': 'In the early 1950s, Russian breeders sought to create another toy breed. They wanted a dog somewhat larger than the Russian Toy but with a longer curly or wavy coat that enjoyed cuddling and curling up on their owner’s lap. Eleven inches tall and weighing 7 to 9 pounds was ideal.\n\nAKC is a participant in affiliate advertising programs designed to provide a means for sites to earn advertising fees by advertising and linking to akc.org. If you purchase a product through this article, we may receive a portion of the sale.\n\nSmall dogs were rare in Russia. Breeders determined to create a new breed had to pair any scaled-down-sized dog they could find.\n\nIn Leningrad in 1951, Bolonka breeders paired two dogs: “Trifon,” a white dog from Hungary, and “Zhuzhu,” a coffee-colored dog purchased from a circus touring in Leningrad. The only trait these dogs shared was their size. The match resulted in the first Bolonka litter of two black and brown-coated puppies.\n\nFrom 1952 to 1961, additional matches with other petite breeds included the Maltese, Bolognese, and Shih Tzu. Careful selection of desired traits in the offspring formed a uniform, new breed, and the number of the Russian Tsvetnaya Bolonka increased.\n\n“The breeders chose brown, black, grey, or dark red colored coats,” Mogavero says. “They valued any color other than solid white.”\n\nIn 1958, the name of the first Bolonka appeared in a breeding book. Fifteen Bolonki appeared at a canine exhibition in Leningrad in 1969. By the 1970s, the number of Bolonki grew to 100.\n\n', 'The Bolonka Comes to the U.S.': 'The Russian Tsvetnaya Bolonka was fully AKC-recognized on January 1, 2026, and is a member of the Toy Group.\n\nAKC is a participant in affiliate advertising programs designed to provide a means for sites to earn advertising fees by advertising and linking to akc.org. If you purchase a product through this article, we may receive a portion of the sale.\n\nWhen Mogavero, a Havanese breeder, first saw photos of Bolonki on the Internet in 2000, she knew she had to have one. Soon, she was the first person in the U.S. to import Bolonki from Russia.\n\n“I liked their appearance with their dark-colored coats,” Mogavero says. She contacted Elvira Romanenkova, a prominent Russian Bolonki breeder of the Ladushki kennel. Romanenkova’s son served as their interpreter. Mogaveroand arranged for a puppy, and six months later, a 5-month-old “Gigi” Ladushka Ocharovashka arrived in Mogavero’s Delaware home.\n\nAKC is a participant in affiliate advertising programs designed to provide a means for sites to earn advertising fees by advertising and linking to akc.org. If you purchase a product through this article, we may receive a portion of the sale.\n\n“I was pleased that her pedigree matched her tattoo number for proper identification,” Mogavero says. The puppy proved to be a show-off who loved standing on her hind legs and dancing. Mogavero later imported additional Bolonki and bred them under her Faireland name.\n\nMogavero’s friend, Dr. Patricia McRae, imported two unrelated puppies from the same breeder in 2002. McRae later bred the male, “Neko,” Ladushki Rostok, to the female, Ladushki Kudrjashka. Two Havanese breeders, Jane Falkenstein and Nancy Holmes, imported three females, Aljapka Ladushki, TsaTsa Ladushki, and Toska Ladushki, and one male, “Asa” Ladushki Schlegel, from the same breeder.\n\nWith the hopes of developing the Bolonka in the U.S., they formed the North American Russian Tsvetnaya Bolonka Club. They established a registry of dogs imported from Russia and bred in the U.S. The litters registered with McRae’s Ahavapicaro kennel name.\n\n', 'Road to Recognition': 'In 2015, AKC accepted the breed into the Foundation Stock Service (FSS). The club’s name changed to the Russian Tsvetnaya Bolonka Club of America. On January 1, 2023, the breed joined the AKC Miscellaneous Class.\n\n“The breed’s personality is similar to Havanese,” Mogavero says. “They’re friendly, happy, and bark when something’s important, but not noisy.”\n\nBolonki adopt their owner’s personality and activity level. If the owner is active, the dogs are energetic and ready to follow them. “Or Bolonki are content to sit on a lap and watch TV if that’s what the owner is doing,” Mogavero says.\n\nIn consideration of Russia’s frigid temperatures, the Bolonki has a double-thick coat that seldom tangles. Brushing the long curls a few times a week helps maintain them in good condition.\n\nDenise Dang, Secretary for the Russian Tsvetnaya Bolonka Club of America, enjoys participating in AKC Rally with her “Leo” Bliss Leonardo at Faireland RN, RA.\n\nAKC is a participant in affiliate advertising programs designed to provide a means for sites to earn advertising fees by advertising and linking to akc.org. If you purchase a product through this article, we may receive a portion of the sale.\n\n“This breed is happy to participate alongside their owner in any AKC sport,” Mogavero says.\n\n', 'We use cookies': '', 'Privacy Preference Center': ''}",[]
https://www.akc.org/expert-advice/dog-breeds/teddy-roosevelt-terrier-fun-facts/,Teddy Roosevelt Terrier Facts You May Not Know,"Jan 05, 2026","['terrier group', 'Teddy Roosevelt Terrier', 'teddy roosevelt']",Micaela Erickson,"Developed in the United States in the mid to late 1800s, the Teddy Roosevelt Terrier is a born hunter. Back in the day, their hunting expertise lied in keeping homes and farmsteads free of pests and vermin. These terriers are thought to be crosses between the Smooth Fox Terrier, Manchester Terrier, Beagle, Whippet, Italian Greyhound, and the now extinct White English Terrier.

Teddies have a strong, protective nature, well-developed pack instincts, and seemingly boundless energy. But there is much more to the Teddy Roosevelt Terrier than meets the eye. Learn more about this breed with these Teddy Roosevelt Fun Facts.

","{'The Evolution of Teddies': 'Originally, Teddies were a variety of the Rat Terrier. They were not always known how they are today! The short-legged terriers were known as “Type B” and the long-legged as “Type A.” During the 1990s, breeders opted to divide them into two breeds, and the short-legged Type B terriers developed a bit of a cult following.\n\nThey were eventually named in honor of President Teddy Roosevelt, who was thought to have owned these ratters.\n\nAKC is a participant in affiliate advertising programs designed to provide a means for sites to earn advertising fees by advertising and linking to akc.org. If you purchase a product through this article, we may receive a portion of the sale.\n\n', 'They Make for Great Companion Dogs': 'Teddies can make for great family dogs. They’re a lively, affectionate, and friendly breed that’s eager to please their owners. Teddies can do well with children if they’re raised around them, and tend to get along with cats and other dogs. They can adapt easily to almost any lifestyle, and are ultimately just happy to be around their humans.\n\n', 'Teddies’ Grooming Needs Are Low Maintenance': 'The Teddy Roosevelt Terrier is a breed that is relatively easy to groom. Teddies are seasonal shedders and only require weekly brushing with either a soft brush or rubber curry mitt. Their smooth, short coats only need to be bathed occasionally to keep them looking fresh.\n\n', 'Their Energy Seems Limitless': 'Teddies are an extremely energetic, active breed. There are many exercise options for a Teddy. Activities can include backyard playtime, walks, hiking, retrieving balls, and indoor play.\n\nAKC is a participant in affiliate advertising programs designed to provide a means for sites to earn advertising fees by advertising and linking to akc.org. If you purchase a product through this article, we may receive a portion of the sale.\n\nTeddies can also excel at dog sports. Training for activities like agility, obedience, and AKC Rally can be a great way to give this breed some exercise.\n\n', 'Teddies Are Easy to Train': 'Teddy Roosevelt Terriers’ smart, intuitive nature coupled with their eager to please mentality makes them an easier breed to train. Teddies can find success in dog sports, especially those that offer bonding opportunities between the dog and their handler. Training a Teddy for a sport like agility or obedience not only provides a great outlet for exercise, but gives them the chance to showcase their intelligence.\n\nTeddies thrive on praise. They’re eager to learn and show off their skills, especially if it means making their loved ones happy.\n\n', 'A Long Terrier Life': 'The bulk of Teddy Roosevelt Terriers are healthy dogs, especially those bred by responsible breeders. Trusted, experienced breeders will screen their stock for potential health issues, such as luxating patella and eye disease. Breeders and online resources can be helpful in keeping prospective and current owners informed on health concerns for the breed.\n\nHealthy Teddies can live longer lives, often between 14 and 16 years.\n\n', 'Teddies Do Well as City or Country Dogs': 'Thanks to their smaller size, a Teddy Roosevelt Terrier can be happy in a home in the suburbs or an apartment in the city. As long as the breed gets plenty of exercise and attention from their owners, they can adapt just about anywhere. While Teddies are an extremely energetic breed, they find joy in play just as much as curling up on the couch with their loved ones.\n\nAKC is a participant in affiliate advertising programs designed to provide a means for sites to earn advertising fees by advertising and linking to akc.org. If you purchase a product through this article, we may receive a portion of the sale.\n\n', 'A Newly AKC Recognized Breed': 'Teddy Roosevelt Terriers have been recorded in the American Kennel Club’s Foundation Stock Service (FSS) since August 2016 and entered the Miscellaneous Class in July 2019. They’re set to be officially recognized and eligible to start competing in AKC events on January 1, 2026. Teddies will be receiving this recognition alongside two other breeds: the Russian Tsvetnaya Bolonka and Basset Fauve de Bretagne.\n\n', 'Their Prey Drive Soldiers On': 'While some breeds’ prey drive can make them aggressive, obsessive, or escape prone, Teddies don’t tend to exhibit these less than desirable behaviors. They have an innate drive to chase or “hunt” mice or squirrels, but their minds are far less one track than other breeds with hunting instincts.\n\nTeddies aren’t a breed with inherent flight risks, but it’s best to keep them on leash and keep their playtime within fenced areas.\n\n', 'Teddy Roosevelt Terriers are Rare': 'While there are many different types of terriers, Teddies remain a less common breed. These hunters are rare, and prospective owners seeking a puppy should seek out a responsible, knowledgeable breeder for guidance.\n\n', 'We use cookies': '', 'Privacy Preference Center': ''}",[]
https://www.akc.org/expert-advice/dog-breeds/teddy-roosevelt-terrier-history/,Teddy Roosevelt Terrier Breed History: From Long to Short-Legged Vermin Catcher and Cuddly Companion,"Jan 02, 2026","['terrier group', 'rat terrier', 'Teddy Roosevelt Terrier']",Elaine Waldorf Gewirtz,"With a presidential name, a passion for rounding up rodents, and acting as the star jokester of the household, the small-sized Teddy Roosevelt Terrier is an American breed and a variety of the Rat Terrier. The Teddy Roosevelt Terrier’s short legs power a long, smooth-coated, muscular body, distinguishing it from the longer-legged Rat Terrier. Learn more about this breed with some Teddy Roosevelt Terrier history.

","{'Job-Defining History': 'Terriers originated in England, Scotland, and Ireland in the 18th and 19th centuries. As working dogs, they controlled rats, foxes, badgers, and vermin.\n\nIn the 1800s, English settlers brought their small terrier-type dogs with them to the U.S. As companions, these dogs also helped them inside and outside their new homes. The Terriers kept the household and farm free of vermin and small rodents.\n\nDogs resembling the Teddy Roosevelt Terrier appear in literature and were called bobtail, wry leg, and the turnspit. Abraham Lincoln wrote a poem titled, “The Bear Hunt,” about a short-legged type of terrier known as a bench fice.\n\nThe Teddy Roosevelt Terrier and the Rat Terrier share a common early history and job description as small, reliable, and hard-working home and farm dogs that excelled as pest eradicators.\n\nAKC is a participant in affiliate advertising programs designed to provide a means for sites to earn advertising fees by advertising and linking to akc.org. If you purchase a product through this article, we may receive a portion of the sale.\n\nThese terrier ancestors include the Smooth Fox Terrier, Manchester Terrier, Bull Terrier, and English White Terrier. The dogs had a strong instinct to pursue unwanted pests, especially rabbits that overran crops in the Midwest. To improve their Terriers’ speed and tracking ability when pursuing small game, the farmers bred their dogs with Whippets, Italian Greyhounds, and Beagles. Later crosses included Toy Fox Terriers, Chihuahuas, and mixed Terriers.\n\n“People bred their small working terriers to dogs with the best rat-catching abilities, regardless of the dogs’ pedigrees,” says Deb Botruff, President of the American Teddy Roosevelt Terrier Club.\n\n', 'The Type B Teddy': 'Initially, the Teddy Roosevelt Terrier was a variety of the Rat Terrier. Before 1990, Teddy’s original name was the Type B rat terrier. The Rat Terrier was called the Type A rat terrier.\n\n“In every litter long- and short-legged terriers appeared,” Botruff recalls. “A lot of Rat Terriers were shown as Teddy Roosevelt Terriers at other dog shows.”\n\nDuring the 1990s, dedicated Teddy breed fanciers sought to divide the Type A and Type B terriers into two breeds. In 1999, organizers established a separate breed standard for the Teddy. They organized the American Teddy Roosevelt Terrier Club in 2016, and the breed moved into the AKC Foundation Stock Service in 2016. In July 2019, the breed advanced to the Miscellaneous Class and became a member of the Terrier Group in January 2026.\n\nAKC is a participant in affiliate advertising programs designed to provide a means for sites to earn advertising fees by advertising and linking to akc.org. If you purchase a product through this article, we may receive a portion of the sale.\n\nToday’s Teddy Roosevelt Terrier is a short-legged, rectangular-shaped, muscular dog. It carries a chondrodysplasia gene, or “CDPA.” This gene affects the cartilage, leading to short stature and abnormal bone growth. This gene doesn’t affect the dog’s health, but the dog’s limbs or trunk may be shorter than usual, producing a characteristic body shape.\n\n', 'Naming the Type B Rat Terrier': 'When Theodore Roosevelt, the 26th President of the U.S. from 1901 to 1909, moved into the White House, he attempted to rid his new Washington, D.C. home of vermin. In 1906, he tried using ferrets to hunt the vermin, and even his sons, Archie and Kermit, attempted to catch some rats.\n\nTerriers were somewhat successful, but two years later, the rodents returned. To honor the President’s commitment to wildlife, his love for dogs, and his association with the Rat Terrier, the Teddy Roosevelt Terrier received his name. The President did not develop the breed.\n\nAt 8 to 25 pounds and at least 8 inches but not more than 14 inches tall, the Teddy’s long body is easily recognizable. Its height-to-length ratio is 7:10, and the dog is well-muscled without appearing coarse or fine. Its small size makes it an ideal traveling companion to ride in a pet bag under the airplane seat.\n\nAKC is a participant in affiliate advertising programs designed to provide a means for sites to earn advertising fees by advertising and linking to akc.org. If you purchase a product through this article, we may receive a portion of the sale.\n\nIntelligent and intuitive, the Teddy’s versatility enables it to adapt to life in a variety of living arrangements, from high-rise apartments, farms, or city living. The Teddy is equally happy when warning the family of intruders or resting on the couch beside its owner at the end of the day.\n\n“One of the best aspects of Teddy’s personality is that the breed is equally happy running in a field tracking a mouse or doing whatever his owner is doing,” Botruff says. “He also likes to stand on its back legs like a meerkat or stretch out on its back legs in a frog leg position. Teddies know when to amuse people and when it’s time to relax,” Botruff says.\n\n', 'An Enthusiastic Performance Partner': 'The Teddy Roosevelt Terrier thrives on keeping up with its owner. When the Teddy can’t find any rabbits to chase, participating in canine dog sports alongside its owner fulfills its need to stay engaged.\n\nThe breed’s superior scenting ability can also help the Teddy to locate black truffles, which grow several inches below tree roots.\n\nAs a member of the Terrier Group, the Teddy Roosevelt Terrier possesses an instinctive nature to chase vermin and rats above and below ground. It employs a keen sense of smell, agility, speed, and strength to dart, dig, and pounce faster than most dogs. These skills enable the Teddy Roosevelt Terrier to sniff out and indicate a rat hidden in a tube within hay bales and excel at AKC Barn Hunt.\n\nAKC is a participant in affiliate advertising programs designed to provide a means for sites to earn advertising fees by advertising and linking to akc.org. If you purchase a product through this article, we may receive a portion of the sale.\n\nFor Teddies, chasing a mechanically operated lure in AKC FastCAT serves as a perfect substitute for tracking down small game.\n\nTeddy Roosevelt Terriers also enjoy dock diving and AKC Rally. Teaching the Teddy some new tricks with AKC Trick Dog keeps this breed active indoors and helps build a lifetime bond with its owner.\n\n', 'We use cookies': '', 'Privacy Preference Center': ''}",[]
https://www.akc.org/expert-advice/dog-breeds/basset-fauve-de-bretagne-history/,Basset Fauve de Bretagne Breed History: From French Hunter to Versatile Companion,"Jan 02, 2026","['hound group', 'basset fauve de bretagne']",Elaine Waldorf Gewirtz,"Along with its short legs, sweet expression, and cheerful disposition, the Basset Fauve de Bretagne is a bold, rugged, and old hunting hound with ties to French royalty. Happy to sound its characteristic hound voice of “aahrooo,” before chasing rabbits across a field, this small, stocky breed is as eager to learn new sports as it is to spend time with its family on home movie nights.

","{'The Basset Fauve de Bretagne’s Beginning\n\n\n\n©Dogs - stock.adobe.com': 'The earliest Basset Fauve de Bretagne appears in art during the 1300s. Also known as the Fawn Colored Brittany Basset, the Bassett Fauve de Bretagne dates to the 15th century, with its larger relatives, a pack of Breton hounds consisting of the Grand Fauve de Bretagne, or Fawn Hound of Brittany.\n\nDuring the Middle Ages, from the fifth to the 15th centuries, only nobles, barons, and kings could keep hounds and hunt with them while on horseback. The aristocracy pursued wolves and wild boar in Brittany, a peninsula in northwestern France known for dense hedges, bushes, and rough terrain with an abundance of wild game.\n\nAround 1520, Breton Admiral Claude d’Annebault introduced the 27.5 to 29.5 inch Grand Fauve de Bretagne to the French court. In 1570, the Grand Fauve de Bretagne was the principal breed of French hounds. A stud dog named “Mirraud” was used extensively in the king’s pack. The Grand Fauve de Bretagne accompanied King Francois I of France on his hunting expeditions to the region for pleasure and to oversee business in the area.\n\nAKC is a participant in affiliate advertising programs designed to provide a means for sites to earn advertising fees by advertising and linking to akc.org. If you purchase a product through this article, we may receive a portion of the sale.\n\n“Pack owners cared less about the dog’s appearance and valued a dog’s hunting ability,” says Cindy Hartman, President of the Basset Fauve de Bretagne Club of America. “The Monks were the first to maintain written records of breeding hounds used in hunting from 750 to 900.”\n\n', 'From Long to Short-Legged Hounds': 'At the beginning of the French Revolution in 1789, the hunting rules changed, and anyone could own a hound and use it to pursue game. Because peasants could not afford to purchase a horse, they could only hunt on foot and needed a smaller, short-legged, closer-ranging hunting companion.\n\nAround the same time, the Grands and the Griffons Fauve de Bretagne had become popular but peaked in the 1800s, and their numbers decreased when the wolves disappeared. The Grand Basset de Bretagne became extinct in the 1800s as the need for a big dog decreased.\n\nThe smaller, rough-coated Griffons and the Basset Fauve de Bretagne, measuring between 12.5 and 15.5 inches tall, retained the genetic heritage of their larger ancestor and were more in demand.\n\nAKC is a participant in affiliate advertising programs designed to provide a means for sites to earn advertising fees by advertising and linking to akc.org. If you purchase a product through this article, we may receive a portion of the sale.\n\n“Hunters needed a smaller dog, so they bred down the smallest dogs to the smallest dogs and developed the Basset Fauves de Bretagne,” Hartman says. “Basset means low-set bred down from larger, taller, to shorter, smaller.”\n\nWith the Grand’s features identical to the Basset’s, the hunters trained their dogs to pursue smaller game. By the 19th century, hound packs of four Bassets ran together to hunt rabbits, hare, fox, roe deer, and wild boar. They adapt to all types of terrain and are lively, energetic, and fast for their size.\n\nDuring World War I from 194 to 1918, the numbers of many breeds decreased with the risk of becoming extinct. “To increase the number of Fauves and to maintain their hunting instinct, breeders bred them to Wirehaired Dachshunds,” Hartman says.\n\n', 'One of Four Recognized Basset Breeds': 'The Basset Fauve de Bretagne is one of four Basset breeds. The other breeds include the Basset Hound, the Grand Basset Griffon Vendeen, and the Petit Basset Griffon Vendeen. Although their conformation and coat types differ, the Fauves have the shortest backs. Two other Bassets, the Basset Artesien Normand and the Basset Bleu de Gascogne, are also French breeds.\n\nAKC is a participant in affiliate advertising programs designed to provide a means for sites to earn advertising fees by advertising and linking to akc.org. If you purchase a product through this article, we may receive a portion of the sale.\n\n', 'Hunting Ability A Priority': '“In May 1923, Sir John Buchanan Jardin showed a pack of Basset Fauves at a dog show in Paris, France, titled ‘Exposition Canine de Paris Sui Yang,’ ” Hartman says. “The French club formed with the motto, ‘Chasse de Bourd (hunt first)’ and they feel strongly that Fauves should possess the ability to hunt as a priority.”\n\nIf the dog does not have an opportunity to hunt, it should possess a strong work ethic and the intelligence to excel at performance sports and act responsibly inside the house. “They should be awesome to live with and be able to work all day and curl up with you on the sofa at night,” Hartman says.\n\nThe ability to track, sniff out game, search, and locate is necessary for hunting, and these skills are the same as those required in performance sports.\n\n', 'Recognition in the U.S.': 'Cindy Hartman of Central, South Carolina, was the first person in the U.S. to have a Basset Fauve de Bretagne 25 years ago. “I did some research about different French breeds, went to France, and visited kennels,” Hartman recalls. Drawn to Fauves, she went to observe a hunt and was impressed when the owner called the Fauves on pursuit to return, and they complied.\n\nAKC is a participant in affiliate advertising programs designed to provide a means for sites to earn advertising fees by advertising and linking to akc.org. If you purchase a product through this article, we may receive a portion of the sale.\n\nHartman returned home with a male puppy, “Sprig,” and a female puppy, “Sprite,” from different litters. “I liked their versatility as they circle back and stay with you while out hunting.”\n\nHartman liked that her new puppies interacted well with her other pets. “I had German Wirehaired Pointers and pet rabbits, but they knew the difference between a pet and wild rabbits.”\n\nMany Fauves followed in the Hartman household, and she participates in AKC Fast CAT with her male. When Hartman’s dog received an invitation to compete at AKC’s 2024 FastCAT Invitational, Hartman was optimistic he would go home with a top score. He qualified the first two days before it rained that night. “There was a little mud puddle on the course, so the dog stopped, took a small drink of water, but didn’t remember which way to go, so he returned to the start,” Hartman recalls. “He was such a happy boy, and everyone laughed.”\n\nThe Basset Fauve de Bretagne Club of America was formed in 2013. Assigned to the Hound Group, the Basset Fauve de Bretagne has been recorded in the Foundation Stock Service since February 2015. The breed is a member of the Miscellaneous Class and is eligible to compete in the Hound Group effective January 1, 2026.\n\n', 'We use cookies': '', 'Privacy Preference Center': ''}",[]
https://www.akc.org/expert-advice/dog-breeds/basset-fauve-de-bretagne-fun-facts/,Fun Facts About the Basset Fauve de Bretagne You May Not Know,"Jan 02, 2026","['hound group', 'basset fauve de bretagne']",Micaela Erickson,"The Basset Fauve de Bretagne is a French hound with roots dating back to the 1500s. They’re said to share DNA with the now-extinct Grand Fauve de Bretagne, whose features are present in a number of rough-coated Bassets today.

A member of the Hound Group, the Basset Fauve de Bretagne is a born hunter. Following the French Revolution, peasants needed a hunting companion to accompany them on foot. Unlike the aristocrats and the affluent, they didn’t have horses to take them on their hunting journeys. The breed was developed to fulfill their need for short-legged hunting partners.

The word “bas” in French means “low,” so Basset Fauve de Bretagne literally translates to “low set.” In 2015, the breed was recorded in the Foundation Stock Service. The Basset Fauve de Bretagne officially became an AKC-recognized breed in 2026. Read on to learn more Basset Fauve de Bretagne fun facts.

","{'Where the Nose Goes, They’ll Follow': 'The Basset Fauve de Bretagne’s nose is so powerful that it can overtake the dog’s brain if they aren’t trained from an early age. An interesting scent can drive them to run off and follow their nose, often with no more than a moment’s notice, so you should always walk these dogs on a leash.\n\nAKC is a participant in affiliate advertising programs designed to provide a means for sites to earn advertising fees by advertising and linking to akc.org. If you purchase a product through this article, we may receive a portion of the sale.\n\n', 'The Basset Fauve de Bretagne Is an Adaptable Breed': 'The Basset Fauve de Bretagne is as great a hunter as they are a companion. These serious hunters aren’t partial to any specific terrain or game. They’re ready to hunt wherever their owner needs them to do so. When it comes to companionship, this breed is lively, intelligent, and eager to please.\n\n', 'Originally Bred to Find Rabbits': 'The small scenthound is very fast for its size. Basset Fauve de Bretagnes’ speed, coupled with their strong noses and proximity to the ground, makes them exceptionally skilled rabbit hunters.\n\n', 'A Trio of French Hounds': 'The Basset Fauve de Bretagne is one of three types of hounds with roots in the Brittany region of France. The other two hound breeds are the Griffon Fauve de Bretagne and the now extinct Grand Fauve de Bretagne. The DNA of Grand Fauves can be seen in the Griffons and Basset Fauves of today.\n\n', 'Fauves Can Excel in Dog Sports': 'Basset Fauves are strong candidates for performance events. You can showcase their intelligence and skill in events like AKC Scent Work, obedience, agility, tracking, and more. While the breed is known to have a bit of an independent streak, they can find success in sports as long as they’re eager to participate.\n\nAKC is a participant in affiliate advertising programs designed to provide a means for sites to earn advertising fees by advertising and linking to akc.org. If you purchase a product through this article, we may receive a portion of the sale.\n\n', 'They Have Low-Maintenance Coats': 'When it comes to grooming, Fauves are low maintenance, with “wash-and-wear” coats. The Fauve’s coarse, wiry double coat is resistant to matting and repels dirt. Some have longer coats than others, but you should groom a Fauve weekly, regardless of coat length. The best grooming practice is going through the coat using a fine-toothed comb, followed by a stiff brush. Fauves shed seasonally.\n\n', 'They Can Make Great Family Dogs': 'Fauves are probably best known as hunters, but they also make for excellent companions. Fauves are a breed that tends to form strong bonds with their families. They adore attention from their loved ones and are eager to spend time both in and outside their home. Snuggling up on the couch can make a Fauve just as happy as a day sniffing around fields.\n\n', 'Keeping a Watchful Eye': 'Fauves can make for good watchdogs. While they aren’t a particularly vocal breed, you can count on a Fauve to let you know about any unfamiliar sounds, people, or animals. They feel strongly connected to their families and will do everything they can to keep them safe.\n\nAKC is a participant in affiliate advertising programs designed to provide a means for sites to earn advertising fees by advertising and linking to akc.org. If you purchase a product through this article, we may receive a portion of the sale.\n\n', 'Both Mental and Physical Attention Are Key': 'These intelligent, energetic dogs require both mental and physical exercise daily. Without proper stimulation, a Fauve may act out and display undesirable behaviors. Fauves love their time outdoors, so daily walks and playtime are paramount. Training a Fauve for sports like obedience and AKC Rally can be highly beneficial and keep their minds engaged while they’re physically active.\n\nAKC is a participant in affiliate advertising programs designed to provide a means for sites to earn advertising fees by advertising and linking to akc.org. If you purchase a product through this article, we may receive a portion of the sale.\n\n', 'Basset Fauves Tend to Live Long Lives': 'The Basset Fauve de Bretagne is a relatively healthy breed. The most responsible breeders take measures to screen Fauves for potential health issues like progressive retinal atrophy, epilepsy, skin allergies, and age-related thyroid issues. These health complications tend to be rare, allowing most Fauves to live long, healthy lives. With proper care and nutrition, many Fauves can live to be 16 or older.\n\n', 'We use cookies': '', 'Privacy Preference Center': ''}",[]
https://www.akc.org/expert-advice/dog-breeds/russian-tsvetnaya-bolonka-fun-facts/,Facts About the Russian Tsvetnaya Bolonka You May Not Know,"Jan 02, 2026","['toy group', 'Russian Tsvetnaya Bolonka']",Micaela Erickson,"The Russian Tsvetnaya Bolonka is a born and bred lapdog. Their name literally translates to “Russian Colored Lapdog.” There’s much to learn about the breed, and these Russian Tsvetnaya Bolonka fun facts will help you get once step close to expert status.

A member of the toy group, Bolonki are said to be the ultimate house pet. Bolonki have origins in 1950s Soviet Russia, where they were bred over time by way of a number of foreign lapdogs like the Maltese, Bolognese, and Shih Tzu. After 10 years in the Foundation Stock Service (FSS), the Russian Tsvetnaya Bolonka will officially be recognized by the American Kennel Club in January 2026.

Take some time to learn more about this charming companion.

","{'Bolonki Are Sweet By Nature': 'The Russian Tsvetnaya Bolonka is a breed that typically shows no signs of aggression. A friend to all, Bolonki are sweet, loving, and intelligent. Bolonki are more independent than other toy breeds, but socializing the breed at a young age can curb less desirable behaviors. They’re loyal family dogs, and relentlessly eager to please.\n\n', 'Bolonki Nearly Went Extinct': 'Until the conclusion of the Cold War, Bolonki were nearly extinct. The Russian Tsvetnaya Bolonka was developed through localized breeding by a group of dog lovers in Leningrad. The developers of Bolonki looked to ancestors of breeds like the Bichon Frise and other toy breeds. Their goal was to create a lapdog that would be ideal for apartment life.\n\nAKC is a participant in affiliate advertising programs designed to provide a means for sites to earn advertising fees by advertising and linking to akc.org. If you purchase a product through this article, we may receive a portion of the sale.\n\n', 'A Vocal Breed': 'Toy breeds have a bit of a reputation for being “yappers.” Bolonki are quick to alert their owners of any unfamiliar sounds or people. They’ll even act as unofficial watchdogs. These observant dogs will keep an eye on the door to see anyone who is trying to come in or out. Undesirable barking habits in a Bolonka can be curbed with early training on proper behavior.\n\n', 'A Friend to All': 'Aggression isn’t part of the Bolonki’s nature. They can be independent, but early socialization helps them warm up to people more easily. Thanks to their affectionate, open temperament, Bolonki tend to get along with children and other animals. A well-adjusted Bolonka thrives off interaction with their loved ones.\n\n', 'Russian Tsvetnaya Bolonka Can Excel at Dog Sports': 'Bolonki are very clever and eager to please their owners. They’re highly intelligent, and pick up new skills quickly. These traits make them strong competitors for dog sports like obedience, AKC Rally, tracking, and agility. Bolonki respond best to positive reinforcement methods. When introducing new skills to a Bolonka, it’s best to lead with a firm, but gentle hand.\n\nAKC is a participant in affiliate advertising programs designed to provide a means for sites to earn advertising fees by advertising and linking to akc.org. If you purchase a product through this article, we may receive a portion of the sale.\n\n', 'A Dog of Distinct Features': 'Bolonki are small dogs, weighing between 6 and 9 pounds and standing at about 11 inches tall. Their wavy, medium length coats come in a variety of colors and an assortment of markings and patterns. They may even have mustaches and beards framing their faces. Despite their compact size, Bolonki have surprisingly sturdy bodies.\n\n', 'The Quintessential Lapdog': 'Like most dogs, Bolonki enjoy walks and playtime with their humans. They’re an energetic breed, but don’t require much exercise to keep them healthy and on their best behavior. Bolonki should get a good walk at least twice per week. Otherwise, they’re just happy to be around their loved ones.\n\nAKC is a participant in affiliate advertising programs designed to provide a means for sites to earn advertising fees by advertising and linking to akc.org. If you purchase a product through this article, we may receive a portion of the sale.\n\n', 'High Maintenance Coats': 'Bolonki are higher maintenance when it comes to grooming needs. Their coats require brushing or combing several times a week to keep mats from forming. Bolonki kept in full coat will likely need their face, mustache, and beard washed daily. Their wavy coat sheds minimally, minimizing pet hair and dander.\n\n', 'Russian Tsvetnaya Bolonka Have Longer Lifespans': 'Small dogs tend to live longer than their larger counterparts. Bolonki are no exception to this rule. Responsible breeders will screen their dogs for any genetic diseases, working to weed out any issues. Bolonki can live between 14 and 20 years if cared for properly. In addition to keeping the breed active and feeding them well, routine vet visits will ensure a Bolonka is thriving. Regular health check-ups should include eye, patella, and heart examinations.\n\nAKC is a participant in affiliate advertising programs designed to provide a means for sites to earn advertising fees by advertising and linking to akc.org. If you purchase a product through this article, we may receive a portion of the sale.\n\n', 'Still a Rare Breed': 'The Russian Tsvetnaya Bolonka’s popularity is beginning to increase across the United States and Europe, but they’re still somewhat of an “underdog.” With the breed gaining AKC recognition in early 2026, more people are bound to be won over by the Bolonki’s distinct look and charming nature.\n\nAKC is a participant in affiliate advertising programs designed to provide a means for sites to earn advertising fees by advertising and linking to akc.org. If you purchase a product through this article, we may receive a portion of the sale.\n\nDue to their rarity, it can be challenging to find a Bolonka to bring into your home. Prospective owners should seek reputable Bolonka breeders who are focused on the health and well-being of their dogs above all else.\n\n', 'We use cookies': '', 'Privacy Preference Center': ''}",[]
https://www.akc.org/expert-advice/dog-breeds/newly-recognized-breeds-2026/,Meet AKC’s Three Newly-Recognized Dog Breeds,"Dec 30, 2025","['basset fauve de bretagne', 'breed recognition', 'Russian Tsvetnaya Bolonka', 'Teddy Roosevelt Terrier']",Elaine Waldorf Gewirtz,"The Russian Tsvetnaya Bolonka, a dark, curly-coated toy breed from Russia; the Basset Fauve de Bretagne, a hound with royal heritage; and the Teddy Roosevelt Terrier, named in honor of a U.S. president, are set to earn full American Kennel Club recognition on January 1, 2026.

On that date, the inductees can begin competing in AKC Conformation and other events. The three breeds bring the total number of AKC-recognized breeds to 205.

Each of these breeds offers a unique set of characteristics that make them stand out as first-rate companions. Personable and cheerful in disposition, the new-to-AKC breeds are trustworthy companions who thrive on serving their owners, but they’re not newly developed.

The Russian Tsvetnaya Bolonka and the Basset Fauve de Bretagne maintain deep roots in their native countries. At the same time, the Teddy Roosevelt Terrier is a distinctly American breed.

","{'Achieving AKC Recognition': 'Joining the ranks of AKC-recognized breeds is a process that doesn’t happen overnight. It takes years of dedication and hard work from breeders and owners who are committed to their breeds.\n\nAKC is a participant in affiliate advertising programs designed to provide a means for sites to earn advertising fees by advertising and linking to akc.org. If you purchase a product through this article, we may receive a portion of the sale.\n\nAKC admission is a lengthy process that begins with meeting specific criteria. The road to acceptance includes a foreign breed registry recognizing the breed and U.S. club members maintaining a reliable record-keeping system, before the breed enters the AKC Foundation Stock Service (FSS). Breeds developed domestically have seperate criteria.\n\nAfter the breeds have 150 dogs with three-generation pedigrees, a written breed standard, and one club representing the breed in the U.S., they can move into the Miscellaneous Class. At this point, they’re eligible for their Canine Good Citizen title and compete in AKC companion events such as agility, Barn Hunt, Diving Dogs, Fast CAT, AKC Rally, AKC Scent Work, obedience, AKC Therapy Dog, and tracking.\n\nBefore recognition, a breed requires proof of registrations and a minimum number of dogs in different areas of the United States. Achieving full AKC recognition also requires a certain number of parent club members in good standing who own a certain number of dogs and earn Certificate of Merit (CM) titles after showing in AKC’s Miscellaneous class. The clubs must present judging seminars and competitions in two Open shows for Miscellaneous and FSS breeds. A minimum number of dogs must live throughout the U.S., with an established breed club consisting of responsible owners and breeders.\n\nNew AKC breeds draw attention as they’re often related to older established breeds but may differ in looks, personality, and purpose. Once people learn about the newcomers, they find their differences appealing, a perfect match for their lifestyle, and wonder how they ever lived without them.\n\nAKC is a participant in affiliate advertising programs designed to provide a means for sites to earn advertising fees by advertising and linking to akc.org. If you purchase a product through this article, we may receive a portion of the sale.\n\n', 'Russian Tsvetnaya Bolonka': 'Although the breed’s name may be a challenge to pronounce at first, it’s worth the effort to discover this curly-coated cuddler. The Bolonka offers loyal companionship in a small dog package tailor-made for snuggling on its owner’s lap.\n\nTranslating to “Russian Colored Lapdog,” this sweet, loving breed is pronounced “Russian S-vet-naya Bolonka.” As a shortcut, breeders call the breed “Bolonka,” and the plural is “Bolonki.” The dark chocolate-colored charmer from Russia is a member of the Bichon family and belongs to the Toy Group. With a sweet, alert, and intelligent expression, the breed is easygoing, sociable, and gets along well with other dogs. Slightly longer than tall, Bolonki are up to 10.25 inches in height, with males and females weighing 7 to 9 pounds.\n\nAKC is a participant in affiliate advertising programs designed to provide a means for sites to earn advertising fees by advertising and linking to akc.org. If you purchase a product through this article, we may receive a portion of the sale.\n\nAccording to Candace Mogavero, president of the Russian Tsvetnaya Bolonka Club of America, the Bolonka is considered the National Breed of Russia.\n\nFrom 1924 to 1991, the only dogs in Russia were large working breeds and two small, long-coated breeds, which included a solid white breed and the Russian Toy, bred solely for the aristocracy to enjoy.\n\nBolonki trace their origins to the early 1950s, when few dogs were available to the common Russian population. Still, a group of Russian dog lovers in St. Petersburg (formerly Leningrad) set out to create a new breed with a dark-colored coat. They bred “Zhuzhu,” a coffee-colored dog purchased from a touring circus, and “Trifon,” a white dog from Hungary. Other foreign-bred petite dogs, such as the Maltese, Bolognese, and Shih Tzu, also contributed to the gene pool.\n\nThe Bolonka makes an ideal comfort dog for owners in small city apartments, as well as in large country spaces. “The breed’s thick, wavy, or curly double coat helps keep it warm in the Russian cold weather,” says Mogavero. “Another bonus is that the coat usually doesn’t mat and can be any color other than white.”\n\nTo raise awareness of the Bolonka and to gain AKC recognition breeders formed the North American Russian Tsvetnaya Bolonka Club in 2000. When the AKC approved the breed in the FSS in 2015, the club changed its name to the Russian Tsvetnaya Bolonka Club of America.\n\n', 'Basset Fauve de Bretagne': 'A small, short-legged, old French hunting hound also known as the Fawn Colored Brittany Basset, the Basset Fauve de Bretagne is one of three newly recognized American Kennel Club breeds and a member of the Hound Group.\n\nAKC is a participant in affiliate advertising programs designed to provide a means for sites to earn advertising fees by advertising and linking to akc.org. If you purchase a product through this article, we may receive a portion of the sale.\n\nThe Basset Fauve de Bretagne traces its origin to the 1500s, and early depictions of the breed appear in art during the 1300s. Ranging from 12.5 to 15.5 inches tall with a rough, fawn-colored coat in shades of golden wheat to red brick, this scent hound has a sweet expression and an outgoing nature.\n\nAs a formidable hunter, the Basset Fauve de Bretagne is intelligent, daring, and fixated on its quarry. The breed takes its hunting duties seriously but is a versatile hunter, adapting well to varied terrain and game. When out on a hunt, it sends out its characteristic hound sound of “aahrooo,” before chasing rabbits across a field. This breed is a fast runner and prized for its ability to scent and pursue game, but is eager to take on new dog sports.\n\nThe Basset Fauve de Bretagne is one of four Basset breeds. These include the familiar Basset Hound, the Grand Basset Griffon Vendéen, nicknamed “GBGV,” and the Petit Basset Griffon Vendéen, or “PBGV.” Of the four Bassets, the Fauve has the shortest back.\n\nAKC is a participant in affiliate advertising programs designed to provide a means for sites to earn advertising fees by advertising and linking to akc.org. If you purchase a product through this article, we may receive a portion of the sale.\n\nIn 1789, at the beginning of the French Revolution, peasants were permitted to hunt but lacked horses to aid in the chase. These hunters could only hunt on foot and wanted a smaller, shorter-legged dog, and developed the Basset Fauve de Bretagne by breeding the most petite males to the smallest females.\n\nAfter a long day in the field, the Basset Fauve still has energy to spare, but is equally happy to settle down at night alongside its people.\n\nCindy Hartman, president of the Basset Fauve de Bretagne Club of America, helped guide the breed to recognition and was the first person in the U.S. to have a Fauve 25 years ago. “After doing some research about different French breeds, I went to France and visited several kennels,” says Hartman of Central, South Carolina. Accompanying a hunt, Hartman was impressed when, on pursuit, a Fauve pack returned when the owner called the dogs back. “I like when they circle back and stay with you on a hunt rather than running off,” Hartman says.\n\nThe Basset Fauve de Bretagne Club of America was established in 2013, was recorded in the FSS since February 2015, and has been a member of the Miscellaneous Class since 2023.\n\n', 'Teddy Roosevelt Terrier': 'An original American breed, the small-sized Teddy Roosevelt Terrier is a short-legged variety of the longer-legged Rat Terrier. A newly recognized AKC breed, the Teddy is the latest member to join the Terrier Group. A spirited, happy dog in a variety of colors, the Teddy is 8 to 25 pounds and at least 8 inches but no more than 14 inches tall, with a smooth-coated, rectangular, muscular body.\n\nAKC is a participant in affiliate advertising programs designed to provide a means for sites to earn advertising fees by advertising and linking to akc.org. If you purchase a product through this article, we may receive a portion of the sale.\n\nContrary to popular belief, Theodore Roosevelt, the 26th president, did not create the breed. Roosevelt was committed to wildlife conservation and adored dogs, and the Teddy Roosevelt Terrier was named in his honor. Initially, the Teddy was referred to as the Type B Rat Terrier, and the Rat Terrier was the Type A Rat Terrier. Terriers originated in England, Scotland, and Ireland in the 18th and 19th centuries and were specifically bred to control rats, foxes, badgers, and vermin.\n\n“In every litter, long- and short-legged terriers appeared,” says Deb Botruff, president of the American Teddy Roosevelt Terrier Club, and helped usher the breed to AKC recognition. In 1999, breeders wanted a separate breed standard for Teddies. In 2016, the American Teddy Roosevelt Terrier Club of America was formed, and the breed was accepted into the AKC FSS and advanced to the Miscellaneous Class in July 2019.\n\nThe breed adapts well to any living situation and is happiest when it sounds the alarm if strangers enter the home or when being beside its owner on a cushy pillow at the end of the day.\n\nAKC is a participant in affiliate advertising programs designed to provide a means for sites to earn advertising fees by advertising and linking to akc.org. If you purchase a product through this article, we may receive a portion of the sale.\n\nAs an avid ratter after vermin, the Teddy likes action. It will pursue rabbits if given the opportunity, and it’s also proving to be a formidable competitor in dog sports alongside its owner.\n\n', 'We use cookies': '', 'Privacy Preference Center': ''}",[]
https://www.akc.org/expert-advice/dog-breeds/lhasa-apso-right-for-you/,Is the Lhasa Apso a Good Fit for You?,"Dec 29, 2025","['non-sporting group', 'lhasa apso']",Lindsey Dobruck,"With more than 200 AKC-recognized breeds to choose from, finding a dog that best fits your lifestyle can be a challenge. Considering appearance, personality, and the breed’s original purpose, how do you determine which breed is right for you? If you’re looking for an elegant, independent companion with a rich ancestral history, check out the Lhasa Apso.

","{'The Lhasa Apso’s Temperament': 'Among the oldest dog breeds, the Lhasa Apso is believed to have originated as early as 800 B.C. in the Himalayas near Lhasa, the capital of Tibet. The Lhasa Apso is called “Apso Seng Kyi” in Tibetan language, which best translates to “Bearded Lion Dog.” Developed as a companion and household sentinel, these little dogs kept watch over the interiors of Tibetan palaces and Buddhist monasteries, while Tibetan Mastiffs guarded outside.\n\nThe Lhasa Apso is independent, regal, and intelligent. With the people they love, they’re affectionate, comical, and a bit mischievous. This breed takes its origin as a watchdog seriously. Lhasa Apsos may be suspicious of strangers, and are highly aware of their surroundings.\n\n', 'Physical Traits and Grooming Needs': 'A member of the Non-Sporting Group, the Lhasa Apso is a small, sturdy breed that stands 10-11 inches tall and weighs 12-18 pounds. The breed’s most distinguishing feature is its long, luxurious coat, which ranges in color from light, creamy blond to black. The Lhasa Apso’s dark brown eyes peer through lush facial furnishings, which can be banded out of their face for cleanliness. The breed’s feathered tail flips over the back and may have a kink. (It’s said that a kinked tail is a sign of good luck.)\n\nAKC is a participant in affiliate advertising programs designed to provide a means for sites to earn advertising fees by advertising and linking to akc.org. If you purchase a product through this article, we may receive a portion of the sale.\n\nThe Lhasa Apso is best known for its stunning coat that drapes to the floor, creating a distinctive silhouette. Parted down the middle, the hair is straight, thick, and heavy. Lhasa Apsos don’t shed much, but their coats require extensive maintenance. Daily grooming with a pin brush, wide-toothed comb, and conditioning spray will prevent tangles and mats from forming. Many Lhasa Apso owners opt for a shorter trim for ease and practicality.\n\n', 'How Much Training Do Lhasa Apsos Need?': 'Lhasa Apsos are highly intelligent problem-solvers with an independent nature. They have excellent reasoning abilities and may try to manipulate their owners into getting what they want. Basic obedience training — following programs such as AKC STAR Puppy, AKC Canine Good Citizen, and AKC Virtual Home Manners — is highly recommended to help your Lhasa Apso understand the expectations and boundaries of your household.\n\nAKC is a participant in affiliate advertising programs designed to provide a means for sites to earn advertising fees by advertising and linking to akc.org. If you purchase a product through this article, we may receive a portion of the sale.\n\nLhasa Apsos respond best to positive, rewards-based training in short sessions, with plenty of treats and minimal repetitions. Their clever, comical nature requires a trainer with creativity, patience, and a sense of humor.\n\n', 'Are Lhasa Apsos Good for Families?': 'Lhasa Apsos generally prefer the company of adults, although some may do well in a household with children. A responsible breeder can determine whether an individual puppy is suitable for family life. A puppy with a confident, outgoing temperament will fare better than a shy or “soft” puppy.\n\nBefore bringing a Lhasa Apso home, it’s crucial for any children to learn how to respectfully and safely interact with a small breed. When raised in a family at a young age and with proper supervision and monitoring, Lhasa Apsos can be loving companions to family members of all ages.\n\n', 'How Social Are Lhasa Apsos?': 'Guardians by nature, Lhasa Apsos are suspicious of strangers and will bark at intruders. However, while they’re alert and aware of their environment, Lhasa Apsos don’t bark indiscriminately. As an independent breed, Lhasa Apsos rarely struggle with separation anxiety and are content to stay home while their owners are at work.\n\nAKC is a participant in affiliate advertising programs designed to provide a means for sites to earn advertising fees by advertising and linking to akc.org. If you purchase a product through this article, we may receive a portion of the sale.\n\nLhasa Apsos don’t require extensive exercise, due to their small size and heritage as an indoor sentry. The breed is adaptable to apartment living, with regular walks for exercise and enrichment.\n\nWith its rich heritage, keen intelligence, and head-turning looks, the Lhasa Apso can be an intriguing companion for the right owner. To learn more about the breed, visit the American Lhasa Apso Club.\n\n', 'We use cookies': '', 'Privacy Preference Center': ''}",[]
https://www.akc.org/expert-advice/dog-breeds/nova-scotia-duck-tolling-retriever-right-for-you/,Is the Nova Scotia Duck Tolling Retriever Right for You?,"Oct 07, 2025","['sporting group', 'nova scotia duck tolling retriever', 'retriever']",Micaela Erickson,"Bringing a dog into your home is a choice that requires careful consideration. Whether you’re an experienced or first-time dog owner, it’s necessary to do plenty of preparation and research. If you’re equipped to handle an affectionate retriever with boundless energy, consider the Nova Scotia Duck Tolling Retriever.

The smallest of the Retriever breeds is the star of the upcoming horror movie “Good Boy.” Keep reading to see if a Toller would be a good fit for you before you fall in love with the breed on screen.

","{'The Nova Scotia Duck Tolling Retriever’s Temperament': 'Tollers are an affectionate, intelligent, and highly energetic breed. A member of the Sporting Group, these dogs are born athletes and hunters. Tollers are a breed eager to please their owners. That being said, Tollers should only be brought into homes where owners are capable of providing outlets for their limitless energy.\n\nThere’s also something unique about Tollers that prospective owners should be aware of: the Toller “scream.” These dogs have a very high-pitched bark that usually comes out when they’re excited. It doesn’t sound like a regular dog’s bark, but rather, a scream. It’s very loud and can be an unsettling noise, so it’s something to be aware of when considering a Toller.\n\nAKC is a participant in affiliate advertising programs designed to provide a means for sites to earn advertising fees by advertising and linking to akc.org. If you purchase a product through this article, we may receive a portion of the sale.\n\n', 'Physical Traits and Grooming Needs': '\n\nThese retrievers stand between 18 and 19 inches tall, with a trademark luscious, crimson coat. A Toller’s medium-length red coat can range from shades of golden red to a dark copper. They have alert, almond-shaped eyes and webbed feet, perfect for swimming.\n\nIn terms of coat maintenance, Tollers require weekly brushing to keep them looking their best. During shedding season, it’s necessary to incorporate brushing sessions into the daily routine. Tollers’ hair around and under their ears is much finer than the rest of their coat, and requires special attention to prevent knotting. Owners should also take care to remove excess hair from between the pads of their dog’s feet, to prevent them from slipping on indoor surfaces. A Toller’s nails should be trimmed weekly.\n\nAKC is a participant in affiliate advertising programs designed to provide a means for sites to earn advertising fees by advertising and linking to akc.org. If you purchase a product through this article, we may receive a portion of the sale.\n\n', 'How Much Training Do Nova Scotia Duck Tolling Retrievers Need?': 'Like with any breed, early socialization and puppy training courses are highly recommended. Tollers can be a more difficult breed to train. They can be a challenging mixture of stubborn and soft, making them harder to work with during training.\n\nAKC is a participant in affiliate advertising programs designed to provide a means for sites to earn advertising fees by advertising and linking to akc.org. If you purchase a product through this article, we may receive a portion of the sale.\n\nMost Tollers respond well to positive reinforcement-based training methods. Having treats on hand to win a Toller helps them enjoy “learn to earn” opportunities. Short, productive training sessions tend to work best for this buzzing breed.\n\nProspective owners should note that Tollers have a high-pitched bark that sounds like a scream. Tollers often “scream” to show excitement and eagerness, but it can be bothersome. Luckily, it’s possible (with persistence) to train these excitable dogs not to scream.\n\n', 'Are Nova Scotia Duck Tolling Retrievers Good for Families?': 'Tollers can be great family dogs for the right people. Tollers require lots of physical exercise and mental stimulation. They’re true athletes, and love to go on walks and hikes. These dogs won’t be content without the ability to engage in physical activity on a daily basis. Tollers are highly affectionate, and tend to be good with children.\n\nRemember that Tollers are bred hunters. They were developed to toll, lure, and retrieve waterfowl, and may retain some of their hunting instincts. Tollers love to do things with their owners, making them strong candidates for dog sports like agility, flyball, or field trials.\n\nAKC is a participant in affiliate advertising programs designed to provide a means for sites to earn advertising fees by advertising and linking to akc.org. If you purchase a product through this article, we may receive a portion of the sale.\n\n', 'How Social Are Nova Scotia Duck Tolling Retrievers?': 'Tollers tend to be a more social breed. They’re especially friendly with their families, but may be wary of strangers or other animals. They may also have a high prey drive around smaller animals. Overall, Tollers are a joyful, loving breed fit for a truly active family.\n\n', 'We use cookies': '', 'Privacy Preference Center': ''}",[]
https://www.akc.org/expert-advice/dog-breeds/snoopy-history/,Snoopy History: Behind the Iconic Cartoon Beagle’s Legacy and Lasting Appeal,"Oct 03, 2025","['beagle', 'snoopy']",Theresa Robinson,"For over 70 years, Snoopy, the imaginative and good-natured Beagle from Charles M. Schulz’s beloved Peanuts comics, has captured the hearts of millions. Read on to learn more about the history of Snoopy and how he evolved from a silent, four-legged sidekick to the world-famous dog we know and love today.

","{'Debut and Character Development': 'Snoopy made his debut on October 4, 1950, two days after the first Peanuts strip was published. Schulz modeled the character after his childhood mixed-breed dog “Spike,” who was also white with black ears and markings.\n\n“Snoopy was only a cute little puppy who barked and frolicked, yet showed signs of a sly sense of humor. It wasn’t until the end of 1952 and the early part of 1953 that Snoopy regularly shared complete thoughts with readers,” says Benjamin L. Clark, Curator of the Charles M. Schulz Museum and Research Center.\n\nAs the 1950s progressed, Snoopy’s character expanded exponentially, with his playful imagination becoming the central theme of many comic strips. During this time, his outward appearance also changed, and he began to adopt different personas.\n\nAKC is a participant in affiliate advertising programs designed to provide a means for sites to earn advertising fees by advertising and linking to akc.org. If you purchase a product through this article, we may receive a portion of the sale.\n\n“When he was introduced in 1950, Snoopy was a little puppy, standing on all fours, barking, chasing cars, chasing birds, digging holes, and generally acting like a little dog,” Clark explains. “As the years go by, his appearance evolves, and he gets bigger, rounder, and more abstract. He maintains his distinct markings, but eventually walks on two legs regularly, wears human clothes sometimes, and goes on amazing adventures.”\n\n', 'Peanuts’ Rise in Popularity': '“It was in the 1960s when Snoopy really came into his own and became the Beagle we all know and love. I think the very first fans would have been drawn to Snoopy simply because he was cute, but as time went on, he developed more personality, and readers would have connected with Snoopy in his more exciting aspects and funny quirks,” says Clark.\n\nAKC is a participant in affiliate advertising programs designed to provide a means for sites to earn advertising fees by advertising and linking to akc.org. If you purchase a product through this article, we may receive a portion of the sale.\n\nA series of television specials directed by Bill Melendez was a significant factor in Snoopy’s rise. Melendez voiced the character in “A Charlie Brown Christmas” (1965) and “It’s the Great Pumpkin, Charlie Brown” (1966), which introduced Snoopy to a new audience and remains a beloved part of many families’ holiday traditions to this day.\n\nSnoopy also made his first appearance in the Macy’s Thanksgiving Day Parade in 1968, with a balloon depicting him as the Flying Ace. Nearly 60 years later, Snoopy has been in almost every parade since.\n\nWoodstock, Snoopy’s best friend who happens to be a small yellow bird, first appeared in the comics in 1966, though as an unnamed character. He was given his name in 1970, which Schulz says was inspired by the music festival of the same name, and made his on-screen debut in the film “Snoopy Come Home” in 1972.\n\nBy the 1970s, Peanuts had become a complete sensation, ranking as one of the world’s most popular comic strips. You could find Charlie Brown, Snoopy, and the rest of the Peanuts gang on merchandise and products ranging from toys to lunchboxes to apparel.\n\n', 'The Flying Ace and Collaborations With NASA': 'Snoopy was first seen as the World War I Flying Ace in 1965, and in the decades since, it’s become one of his most recognizable personas.\n\nAKC is a participant in affiliate advertising programs designed to provide a means for sites to earn advertising fees by advertising and linking to akc.org. If you purchase a product through this article, we may receive a portion of the sale.\n\n“Schulz’s son, Monte, was working on plastic World War I airplane models, and came into the studio to show his dad his latest efforts. Schulz was working and doodled a picture of Snoopy atop his doghouse wearing the classic leather flight helmet of that era,” Clark says of the character’s origins.\n\nSchulz was committed to ensuring factual accuracy within his comic strips and researched all aspects of World War I when creating this character. He was also inspired by adventure serials he saw at movie theaters growing up, as well as the resurgence of aviation war films released during the 60s.\n\nDuring this time, Schulz also became involved with NASA, which requested to use the Peanuts characters to boost morale and visibility. Snoopy became a mascot for NASA’s Manned Flight Awareness program in 1968. A year later, the Apollo 10 crew chose to nickname their command and lunar modules Charlie Brown and Snoopy, respectively.\n\nThis partnership continues to this day, with the Silver Snoopy Award still serving as an honor for members of the NASA workforce. Astronauts award this prize to individuals who’ve made valuable contributions to supporting safe spaceflights. Each year, less than 1% of the aerospace program workforce receives the award, which comes with a sterling silver Snoopy lapel pin that has flown in space.\n\nAKC is a participant in affiliate advertising programs designed to provide a means for sites to earn advertising fees by advertising and linking to akc.org. If you purchase a product through this article, we may receive a portion of the sale.\n\n', 'Snoopy’s Legacy and Lasting Appeal': 'For nearly 50 years, Schulz drew every comic strip himself, with over 17,000 editions published. The final daily Peanuts strip was published on January 3, 2000, and featured a drawing of Snoopy sitting atop his doghouse, typing on his typewriter. Alongside the drawing was a note from Schulz, announcing his retirement from producing the comics and expressing his gratitude to his editors and readers for their support.\n\nAKC is a participant in affiliate advertising programs designed to provide a means for sites to earn advertising fees by advertising and linking to akc.org. If you purchase a product through this article, we may receive a portion of the sale.\n\nHe died just over a month later on February 12, 2000, at the age of 77. At the time of his death, the Peanuts comics had more than 355 million readers worldwide, and were published in 75 countries, 2,600 papers, and 21 languages every day.\n\nIn 2015, Snoopy received a star on the Hollywood Walk of Fame, becoming the first Beagle to receive this great honor. It’s located next to the star in honor of Schulz, whose son was present at the unveiling ceremony.\n\nTwenty-five years after Schulz’s death, Snoopy continues to entertain and inspire through animated series and films, as well as new generations’ take on the character through social media, fashion, and more.\n\n', 'We use cookies': '', 'Privacy Preference Center': ''}",[]
https://www.akc.org/expert-advice/dog-breeds/siberian-husky-right-for-you/,Is the Siberian Husky a Good Fit For You?,"Oct 02, 2025","['working group', 'siberian husky']",Micaela Erickson,"When looking to bring a dog into your home, there are a variety of factors you should consider. Finding the perfect breed requires considering not only a dog’s traits and needs but also your lifestyle and habits. If you’re looking to bring a loyal, active, outgoing companion into your life, look no further than the Siberian Husky.

In This Article

","{'The Siberian Husky’s Temperament': 'A member of the Working Group, Siberian Huskies were bred for endurance and to work in packs. Siberians are loyal and social by nature, with an innate friendliness. They make great family companions and are happy to play with other dogs.\n\nProspective owners seeking a dog with watchdog skills may want to look beyond a Siberian Husky. The breed is more eager to greet unfamiliar people than ward them off. Siberians also have a deep-rooted instinct to run. Potential owners should be prepared to keep their Siberian on a leash or in a securely fenced area.\n\n', 'Physical Traits and Grooming Needs': 'Siberians are medium-sized dogs with thick, double coats. Their almond-shaped eyes can be either brown or blue, or sometimes heterochromatic. Siberian Huskies are best known for their pointed ears and powerful, effortless gait. They stand between 20 and 23.5 inches tall and weigh between 35 and 60 pounds.\n\nAKC is a participant in affiliate advertising programs designed to provide a means for sites to earn advertising fees by advertising and linking to akc.org. If you purchase a product through this article, we may receive a portion of the sale.\n\nOne of the Siberian’s best features is their natural cleanliness. The breed is known to groom themselves and only requires a few baths a year. Siberians are minimal on odor, but shed more than a lot of dogs, with heavier periods of shedding twice a year. It’s natural for them to shed their entire soft undercoat, so a strong vacuum cleaner is a must! Weekly brushing will help keep a Siberian Husky’s coat and skin healthy and looking its best.\n\n', 'How Much Training Does a Siberian Husky Need?': 'Like with any breed, early socialization and puppy training courses are paramount to ensuring a Siberian grows into a well-behaved adult. Siberian Huskies do best with patient, consistent training methods coupled with positive reinforcement. They also respond well to training exercises that are fun for both them and their owners.\n\nAs a naturally inquisitive and high-energy breed, they’re prone to being escape artists and hole diggers. They also have a strong prey drive.\n\nAKC is a participant in affiliate advertising programs designed to provide a means for sites to earn advertising fees by advertising and linking to akc.org. If you purchase a product through this article, we may receive a portion of the sale.\n\nSince Siberians are social by nature, it’s important that they’re not left alone all day. To avoid undesirable behavior, Siberians should be in the company of their humans or other dogs as much as possible. They’re most likely to thrive in an active, attentive household that is ready to give them all the mental and physical stimulation they need.\n\n', 'Are Siberian Huskies a Good Fit for Families?': 'Siberians make for excellent family dogs, especially for those who are excited to have an active companion in their home. They’re an exceedingly friendly breed and tend to be good with children and other dogs. Families that are out of the house a lot or don’t have the time to give a Siberian proper exercise should probably consider other options.\n\nAKC is a participant in affiliate advertising programs designed to provide a means for sites to earn advertising fees by advertising and linking to akc.org. If you purchase a product through this article, we may receive a portion of the sale.\n\n', 'How Social Are Siberian Huskies?': 'Siberians are considered to be highly social dogs. Their social, open disposition is part of what makes the breed unique. Siberians are happy to interact with humans and other dogs. However, while they’re typically friendly to strangers, they can be a bit aloof towards other dogs at first. They don’t enjoy being alone and thrive off companionship.\n\n', 'We use cookies': '', 'Privacy Preference Center': ''}",[]
https://www.akc.org/expert-advice/dog-breeds/is-the-cavalier-king-charles-spaniel-right-for-you/,Is the Cavalier King Charles Spaniel a Good Fit for You?,"Sep 03, 2025","['toy group', 'small breeds', 'cavalier king charles spaniel', 'spaniel']",Micaela Erickson,"When it comes to bringing a dog into your home, there are many factors to consider. Regardless of whether you’re a first-time or experienced dog owner, choosing the right companion for your lifestyle requires careful consideration. If you know you’re interested in a small, affectionate, family dog, look no further than the Cavalier King Charles Spaniel.

","{'The Cavalier King Charles Spaniel’s Temperament': 'A member of the Toy Group, Cavaliers are a sweet and loving mix of lap and sporting dogs. With regal British roots, they have a graceful air about them. They’re a gentle, intelligent, and highly adaptable breed. A Cavalier would be happy with either active owners or homebodies.\n\n', 'Physical Traits and Grooming Needs': 'Cavaliers’ distinctive, large, round eyes can make almost anyone fall in love with them. They stand no more than 13 inches tall and weigh between 13 and 18 pounds. Their silky, medium coats come in four distinct varieties: Blenheim, Black & Tan, Black & White, and Ruby.\n\nAKC is a participant in affiliate advertising programs designed to provide a means for sites to earn advertising fees by advertising and linking to akc.org. If you purchase a product through this article, we may receive a portion of the sale.\n\nWhen it comes to grooming, Cavaliers are generally low-maintenance dogs. For prospective owners weary of grooming needs, it doesn’t take much to keep a Cavalier looking their best. Regular brushing and occasional baths will help maintain their glossy coats. Owners should check Cavaliers’ ears weekly for any signs of infection, and trim their nails at least once a month.\n\n', 'How Much Training Does a Cavalier King Charles Spaniel Need?': 'Like with any breed, early socialization and puppy training classes are key in ensuring your new dog grows into a well-mannered and well-adjusted adult. Luckily, Cavaliers are a breed that’s extremely eager to please their humans. With this readiness to please and their intelligent nature, Cavaliers are an easier breed to train.\n\nThese traits not only make traditional obedience training easier, but they also help Cavaliers to excel in numerous dog sports. They tend to find the most success in sports like obedience, AKC Rally, and agility. When training a Cavalier, using positive and consistent methods is the best approach. Cavaliers can also make exceptional therapy dogs thanks to their gentle disposition.\n\n', 'Are Cavalier King Charles Spaniels Good for Families?': 'Affectionate, attentive, and gentle, Cavaliers make for great family dogs. They form strong bonds with their humans, and when properly socialized, are open to strangers and other animals, too. Cavalier King Charles Spaniels are also known to be good with children.\n\nAKC is a participant in affiliate advertising programs designed to provide a means for sites to earn advertising fees by advertising and linking to akc.org. If you purchase a product through this article, we may receive a portion of the sale.\n\nCavaliers are quite adaptable and would be happy in a variety of households. While Cavaliers were bred to be lapdogs, they’re close relatives of sporting spaniels. They enjoy accompanying their owners on walks just as much as they love to curl up on the couch. Prospective owners should note that a Cavalier should always be kept on a leash or allowed to play in a fenced yard due to their intrinsic hunting instincts.\n\n', 'How Social Are Cavalier King Charles Spaniels?': 'Cavaliers thrive off social interaction. They love their families, and if exposed to new people and different environments at a young age, are happy to meet and love on just about anyone. Cavaliers are true companion dogs. They don’t do well when left alone for extended periods of time, and behave best when they have access to plenty of attention and activity.\n\n', 'We use cookies': '', 'Privacy Preference Center': ''}",[]
https://www.akc.org/expert-advice/dog-breeds/meet-belgian-breeds/,Get to Know the Belgian Herding Breeds,"Nov 07, 2025","['belgian malinois', 'belgian sheepdog', 'belgian laekenois', 'belgian tervuren']",Elaine Waldorf Gewirtz,"Most of the world’s national kennel clubs identify the Belgian Shepherd as a single breed with four distinct varieties.

In 1959, the American Kennel Club recognized the Belgian Shepherd varieties as four separate breeds: the Belgian Sheepdog (aka Groenendael or Chien de Berger Belge), Belgian Laekenois, Belgian Malinois, and Belgian Tervuren.

This division increased awareness of the lesser-known varieties and was based on the breeds’ different coat types and colors. “In 1911, the black-coated Belgians arrived in the United States from European breeding stock,” says Peri Norman, an AKC Herding Group judge and longtime Belgian Tervuren breeder. “When the red-coated dogs arrived later in the U.S., they received much attention, and people favored them.”

","{'The Belgian Breeds’ Shared Characteristics': 'The four Belgian breeds belong to the AKC Herding Group. These medium-sized dogs share a common history and genetic foundation. But while they have similar traits, including overall structure and temperament, they have different breed standards.\n\nAKC is a participant in affiliate advertising programs designed to provide a means for sites to earn advertising fees by advertising and linking to akc.org. If you purchase a product through this article, we may receive a portion of the sale.\n\nBelgian farmers developed the highly intelligent Belgian Shepherd from local shepherd dogs to help around the region’s small 20-acre farms.\n\nThese versatile herding dogs guarded the farm, pulled carts, and tended to sheep, goats, geese, and duck flocks. They understood the boundaries without fences and relied on their instinctual ability to move animals.\n\nAccording to their breed standards, these breeds are strong, athletic, alert, and agile. The males look unquestionably masculine, while the females are distinctly feminine.\n\n', 'Belgian Laekenois': 'The AKC recognized the Belgian Laekenois (pronounced “Lak-in-wah”), also known as Laeken, Laekense, and Chien de Berger Belge, in 2020. Named after the town of Laeken, northwest of Brussels, Belgium, where it originated, the strong and sturdy Laekenois guarded linens drying on the line.\n\nAKC is a participant in affiliate advertising programs designed to provide a means for sites to earn advertising fees by advertising and linking to akc.org. If you purchase a product through this article, we may receive a portion of the sale.\n\nThe Laekenois is the oldest and rarest of the four Belgian herding breeds and is considered a more primitive and diverse breed. “They’re able to judge someone’s character and determine friend from foe quickly,” says Laekenois breeder Zan Currier, of Down East, Maine. “The main differences between the Laekenois and the three breeds concern teeth and coat.”\n\nThe standard requires a full complement of teeth. An overshot or undershot bite is a fault. Missing two premolars or molars is a serious fault, and four or more missing teeth is a disqualification. “The dentition is important because it defines the structure of the head,” Currier adds.\n\nKatie Doomy, of Piedmont, Alabama, went looking for a Malinois but was attracted to the Laekenois’ scruffy look with a beard. “I liked its rough, tousled coat in shades of red, fawn, or grayish tones,” Doomy says. “I also wanted a dog who was easy to live with and could go out in public with other dogs.” Doomy enjoys participating in dog sports and animal acting with her 5-year-old female, “Saz” (Ch. De Rafale Reve du Debut, RN, CGCA, CGCU, TKE).\n\n', 'Belgian Malinois': 'The Belgian Malinois’ short fawn or mahogany coat sets it apart from the other Belgian herding dogs. This breed is a sensitive and affectionate family companion, as well as a military K-9 and police companion.\n\nAKC is a participant in affiliate advertising programs designed to provide a means for sites to earn advertising fees by advertising and linking to akc.org. If you purchase a product through this article, we may receive a portion of the sale.\n\nThe Malinois was developed in the 19th century. It was bred in and named after the city of Mechelen (pronounced “Malines” in French), in the northwestern region of Belgium. Malinois were imported from Europe and entered the United States in 1911. World War II disrupted the breed’s influx, and the number of Malinois declined. After the war, more Malinois came to America.\n\n“A problem solver and eager worker, the breed is strongly attached to its owner,” says Linda Friedow, Judges’ Education chair of the American Belgian Malinois Club.\n\nThe Malinois breed standard states that a full complement of teeth is preferred with a scissors or a level bite. Overshot or undershot, as well as missing teeth, are faults.\n\n', 'Belgian Sheepdog': 'AKC-recognized in 1912, the Belgian Sheepdog, or Groenendael, is named after its birthplace in Groenendael, Belgium. Nicolas Rose, the breed’s founder, bred them in his Château de Groenendael.\n\nAKC is a participant in affiliate advertising programs designed to provide a means for sites to earn advertising fees by advertising and linking to akc.org. If you purchase a product through this article, we may receive a portion of the sale.\n\nThe breed’s abundant, long-haired coat is always black with only small white markings on the chest and toes. The Belgian Sheepdog’s attractive silhouette and coat convey elegance and are distinguishing features of the breed.\n\nThe Belgian Sheepdog welcomes steady work, is loyal to its owner, and is highly trainable. A full complement of teeth is required, but the breed’s teeth shouldn’t be undershot or overshot. The breed’s dental arrangement may be either an even bite or scissors.\n\nAKC is a participant in affiliate advertising programs designed to provide a means for sites to earn advertising fees by advertising and linking to akc.org. If you purchase a product through this article, we may receive a portion of the sale.\n\n', 'Belgian Tervuren': 'The Belgian Tervuren originated in Tervuren, Belgium, in the late 19th century. It was initially bred with distinctive characteristics of intelligence and working ability. Later, the importance of coat color was added. AKC recognized it as a separate breed in 1959.\n\nThe Belgian Tervuren’s coat is straight and abundantly long, set apart from the three Belgian herding breeds. On the body, it’s fawn to russet mahogany with a black overlay.\n\nThe tips of fawn hair are blackened. The coat’s guard hairs are long, close-fitting, and medium-harsh in texture. “The coat is not silky or wiry, and wavy or curly hair is a fault,” Norman says. Tervuren is adaptable to temperature and climate extremes.\n\nAKC is a participant in affiliate advertising programs designed to provide a means for sites to earn advertising fees by advertising and linking to akc.org. If you purchase a product through this article, we may receive a portion of the sale.\n\nThe breed standard requires a full complement of teeth with a scissors or a level bite. Overshot and undershot teeth are faults, and four or more missing teeth are a serious fault.\n\n“This breed is graceful and moves effortlessly,” Norman says. “Truly, the Tervuren is a joy to live with and observe when herding.”\n\n', 'We use cookies': '', 'Privacy Preference Center': ''}",[]
https://www.akc.org/expert-advice/dog-breeds/shiba-inu-breed-history/,Shiba Inu Breed History: From Ancient Japanese Hunter to Pop Culture Favorite,"Aug 07, 2025","['shiba inu', 'non-sporting', 'japan']",Elaine Waldorf Gewirtz,"Shiba Inu you see smiling today started as hunters and companions to the Samurai in 10th-century Japan. These sturdy, muscular dogs not only developed confidence, a bold personality, and intense loyalty, but also played a crucial role in the lives of these warriors, making them an integral part of Japanese history.

These admirable characteristics, along with the breed’s compact size, alert expression, and signature triangularly set eyes, give the Shiba a foxlike appearance, endearing the Shiba Inu to people for generations.

As the smallest and one of the oldest Japanese dog breeds, the Shiba enjoys celebrated status and is the most popular dog breed in Japan. Shibas are featured in movies and various forms of Japanese popular culture, including internet memes. Their popularity extends beyond Japan, as the Shiba is known as an affectionate companion in the United States.

","{'Naming the Shiba Inu': 'The name “Shiba Inu” holds historical significance in Japanese culture. It combines “Inu,” or “dog” in Japanese, with “Shiba,” which means “brushwood” or “little brushwood dog.”\n\nAKC is a participant in affiliate advertising programs designed to provide a means for sites to earn advertising fees by advertising and linking to akc.org. If you purchase a product through this article, we may receive a portion of the sale.\n\nThe breed’s association with brushwood has a double designation. The breed used to small game like rabbits, foxes, birds, and occasionally wild boar and bear in the underlying mountainous terrain known as brushwood, a woodland of shrubs and piles of small broken branches.\n\nThe Shiba’s short, thick, and plush coat, which comes in one of three intense colors: red, red sesame, or black and tan, with a cream, buff, or gray undercoat, resembles autumn brushwood leaves. This camouflage with brushwood helped the dogs blend into their hunting environment.\n\nThe breed no longer finds food for warriors, but today’s Shibas maintain their instinct to chase prey, which makes them playful and active companions. This instinct, coupled with their amiable temperament, is a key part of their personality and a permanent reminder of the Shiba’s earliest days.\n\n', 'The Shiba’s Story': '\n\nAKC is a participant in affiliate advertising programs designed to provide a means for sites to earn advertising fees by advertising and linking to akc.org. If you purchase a product through this article, we may receive a portion of the sale.\n\nToday’s Shibas trace their origin to ancestors who may have accompanied the first immigrants to Japan around 7000 B.C. During excavations, archaeologists discovered evidence of small, 14-1/2 to 19-1/2-inch dogs alongside shell mounds consisting of sacred burial grounds or small hills of debris and discarded shellfish that may have been used in shellfish feasts by the Jomonjim, or Rope-Pattern People.\n\nAnother group of people brought their companion dogs when settling in Japan in the third century B.C. These dogs were bred with Jomonjin canine descendants.\n\nDuring the seventh century, a Japanese court mandated that six native Japanese breeds be vital to Japanese culture. Three varieties of Shibas received identification for their regions of origin. They share similar characteristics but differ in size. The Akita is the largest Japanese spitz-type breed; the Kishu, Hokkaido, Shikoku, and Kai are medium, and the Shiba Inu is the smallest.\n\n', 'Escaping Extinction': 'Despite their treasured status in Japan, the Shiba Inu has twice faced extinction. The first threat occurred from 1868 to 1912, during the Meiji Era, and worsened from 1912 to 1926 in the Taisho Period.\n\nAKC is a participant in affiliate advertising programs designed to provide a means for sites to earn advertising fees by advertising and linking to akc.org. If you purchase a product through this article, we may receive a portion of the sale.\n\nIn 1928, Japanese dog fanciers recognized the need to save the numbers of indigenous dogs and established the Nihon Ken Hozonkai (Japanese Dog Preservation Society). Because of the Shiba Inu’s indigenous nature and cultural significance, it was recognized in 1936 as a National Monument of Japan through the Cultural Properties Act. It is one of nine monument breeds in Japan.\n\nShiba numbers decreased as Japan ended its isolation and imported Western items, including Western-bred dogs, which were then bred with native Japanese breeds. When scholars and hunters sought to save their bloodline, Japan’s Education Ministry declared the indigenous dogs national monuments.\n\nThe second time the breed nearly faced extinction was during and after World War II. Food shortages, bombings, and postwar depression were among the factors impacting Shiba numbers. Following the war, a highly contagious distemper outbreak and a lethal canine viral infection greatly decimated the remaining Shiba population.\n\nAKC is a participant in affiliate advertising programs designed to provide a means for sites to earn advertising fees by advertising and linking to akc.org. If you purchase a product through this article, we may receive a portion of the sale.\n\n', 'The Brushwood Dog in the United States': 'When an American military family returned from Japan in 1954, they brought their Shiba Inu, the first of its breed in the United States. The breed received official AKC recognition in 1992 and is the AKC’s 136th breed. The National Shiba Club of America is the official AKC parent club for the Shiba Inu.\n\n', 'The Sporty Shiba': 'A member of the Non-Sporting Group, the Shiba Inu isn’t a sporting breed that enjoys retrieving. They enjoy and can excel in canine sports. Athletic and energetic, these dogs are a great fit for agility and relish the opportunity to navigate jumps, tunnels, and weave poles. This sport gives this intelligent breed plenty of mental and physical stimulation, and they enjoy the challenge of learning new activities.\n\nAKC is a participant in affiliate advertising programs designed to provide a means for sites to earn advertising fees by advertising and linking to akc.org. If you purchase a product through this article, we may receive a portion of the sale.\n\nThe Shiba’s prey drive helps them enjoy AKC Fast CAT, in which they chase a mechanically operated lure. Training for obedience and AKC Rally can also prove beneficial to this breed as these activities stress consistency and positive reinforcement, which helps them learn to focus, follow specific commands on cue, and navigate a course.\n\nAKC Barn Hunt especially suits Shibas, who possess a keen sense of smell and a strong urge to locate and indicate a rat hidden in a tube within hay bales. Participating in AKC Trick Dog is a fun activity the family can do with a Shiba at home. The breed is intelligent and can figure out any trick you teach them.\n\nAKC is a participant in affiliate advertising programs designed to provide a means for sites to earn advertising fees by advertising and linking to akc.org. If you purchase a product through this article, we may receive a portion of the sale.\n\nKeeping this breed busy and active not only keeps Shibas stimulated but also builds a lifetime bond.\n\n', 'We use cookies': '', 'Privacy Preference Center': ''}",[]
https://www.akc.org/expert-advice/dog-breeds/dog-breeds-for-seniors/,Thinking of a New Dog? These Breeds are Great Dogs for Seniors,"May 11, 2026","['small breeds', 'senior', 'new dog']",Harriet Meyers,"Whether we’re young or old, dogs are great company. Our canine companions decrease feelings of loneliness — keeping us company when we’re at home and helping us meet other people when we take them out. In a study of adults 60 years or older, pet owners were 36 percent less likely to consider themselves lonely than non-pet owners.

Dog ownership can also reduce our stress levels and blood pressure, and lower our risk of death due to heart disease. Taking care of a dog helps us stick to a healthy routine and exercise daily.

","{'What to Consider Before You Choose a Dog': '“Seniors” are defined by society according to age, and that age varies widely. It can be 55, 62, or 65 and older. But the important consideration when deciding whether to add a dog to your life isn’t age as much as lifestyle and physical ability to take care of a dog.\n\nConsider these factors to help you decide whether a dog is right for you:\n\nAKC is a participant in affiliate advertising programs designed to provide a means for sites to earn advertising fees by advertising and linking to akc.org. If you purchase a product through this article, we may receive a portion of the sale.\n\n', 'Finding Your New Companion': 'If you’ve decided that you’re ready to bring a dog into your life, talk to responsible breeders, ask them questions, and meet some of their dogs. You might want a puppy, or you could prefer an adult dog that’s already housebroken and leash trained. Breeders can help you find your best match.\n\nHere are breeds that could be great fits for senior owners.\n\n', 'Havanese': 'The only breed native to Cuba, the Havanese is a cheerful, quiet little dog described as “happy, loving, intelligent, social, and accommodating” by the breed club. They’re content to stay inside and snuggle with their humans and will play patiently with children. Havanese don’t require much exercise but are happy to take occasional short walks. Their coat of silky hair continues to grow, so they do require regular grooming.\n\n', 'Pug': 'Centuries ago, the emperors of China loved their Pugs. The short-haired, muscular, 14-to-18-pound dogs were bred to be companions with even temperaments. Pugs tend to shed a lot, but are easily trained, playful with children, loving with their owners, and charming with strangers.\n\nAKC is a participant in affiliate advertising programs designed to provide a means for sites to earn advertising fees by advertising and linking to akc.org. If you purchase a product through this article, we may receive a portion of the sale.\n\n', 'English Cocker Spaniel': 'For the more active senior, the English Cocker Spaniel (ECS) is a medium-sized, lively, and exuberant dog. Most require a couple of 30-minute walks a day, but also love spending time curled up with you on the couch. English Cocker Spaniels have a strong desire to please and are easily trained. They’re good travelers and are happy to be wherever you are, irresistible with their soulful brown eyes and soft ears. Regular grooming is key for English Cockers, including a thorough brushing at least once a week to keep their coat looking its best.\n\n', 'Italian Greyhound': 'This playful, loving, and graceful little dog that resembles a miniature Greyhound would rather be on your lap or your bed than on the floor. Italian Greyhounds (IGs) aren’t as fragile as they look. They’re sighthounds who will chase prey, so they should be kept on a leash or inside of a fence. IGs require regular exercise and because they have short hair and little body fat, they appreciate a coat or sweater when it’s chilly.\n\nAKC is a participant in affiliate advertising programs designed to provide a means for sites to earn advertising fees by advertising and linking to akc.org. If you purchase a product through this article, we may receive a portion of the sale.\n\n', 'Shih Tzu': 'A solid little dog weighing up to 16 pounds, the Shih Tzu requires minimal exercise and is content living in apartments, so long as you’re there, too. Shih Tzu owners say the breed is “happy, even-tempered, and eager to please,” and they get along well with other dogs and with children. If the silky coat is kept long, it requires daily brushing. A groomer can also give the Shih Tzu a “puppy trim” that’s much easier to look after.\n\n', 'Coton de Tulear': 'Originally from Madagascar, the Coton de Tulear, with its long, white, cottony coat, doesn’t shed much. This hardy breed will enjoy all types of weather but is an indoor dog that thrives on human companionship. Coton can live 15-to-19 years, are easy to train, and get along with everyone including other dogs. They’re good travelers and require moderate exercise, enjoying daily walks with you.\n\nAKC is a participant in affiliate advertising programs designed to provide a means for sites to earn advertising fees by advertising and linking to akc.org. If you purchase a product through this article, we may receive a portion of the sale.\n\n', 'Dachshund': 'Dachshunds come in two sizes (standard and miniature), three coat types (smooth, longhaired, wirehaired), and various colors. When socialized early, they can be good with children, and they form strong bonds with their owner. Grooming is a cinch because they stay clean and don’t smell. Weight control is important with Doxies since they’re susceptible to back problems, so a couple of short walks a day is advisable.\n\n', 'Cavalier King Charles Spaniel': 'The Cavalier King Charles Spaniel was bred to be a comforting, non-aggressive, and gentle pet. Many of these happy dogs consider everyone to be a friend. Their even temper, loving expression, and feathery coat makes them very appealing. They’re trainable and adapt well to their owner’s preferences, whether it’s an active, outdoorsy lifestyle, or a laid-back snuggle in a big leather chair.\n\n', 'French Bulldog': 'For the past three years, the French Bulldog has scored as the most popular dog breed based on AKC registration statistics, and with good reason. With their big brown eyes and alert ears, they’re hard to resist. The French Bulldog breed standard describes them as: “Well-behaved, adaptable, and comfortable companions with an affectionate nature and even disposition; generally active, alert, and playful, but not unduly boisterous.” They don’t bark a lot, so they can be good apartment dwellers.\n\nAKC is a participant in affiliate advertising programs designed to provide a means for sites to earn advertising fees by advertising and linking to akc.org. If you purchase a product through this article, we may receive a portion of the sale.\n\n', 'Pomeranian': 'The tiny, vivacious Pomeranian with their wonderful-to-pet silky coats descend from Spitz dogs in the Arctic region of Iceland. Famous Pomeranian enthusiasts include Mozart, Chopin, and Michelangelo. Poms are smart and easy to train, and their playfulness is satisfied with indoor games or short outdoor walks. They also enjoy time to just hang out on your lap.\n\n', 'American Hairless Terrier': 'Whether you have allergies or you don’t, the American Hairless Terrier may be a breed you want to consider. Both the hairless and coated varieties are friendly, spirited, and smart. Strictly indoor dogs who must be protected from too much sun or cold weather, American Hairless Terriers do well living in apartments. These attractive, inquisitive little dogs require minimal exercise and grooming.\n\nAKC is a participant in affiliate advertising programs designed to provide a means for sites to earn advertising fees by advertising and linking to akc.org. If you purchase a product through this article, we may receive a portion of the sale.\n\n', 'Yorkshire Terrier': 'Although weighing in at about 7 pounds, Yorkshire Terriers think of themselves as big dogs. They were once used as ratters, and today retain some terrier personality. Smart and outgoing, they can also be stubborn, so experience training dogs is an advantage if you get a Yorkie. Yorkies are also loving and affectionate, non-shedding, and great companions. Early socialization with children, strangers, and new places helps them be confident and merry.\n\n', 'We use cookies': '', 'Privacy Preference Center': ''}",[]
https://www.akc.org/expert-advice/dog-breeds/miniature-schnauzer-right-for-you/,Is the Miniature Schnauzer a Good Fit for You?,"Jul 18, 2025","['terrier group', 'miniature schnauzer', 'hand stripping']",Colt Dodd,"The Miniature Schnauzer, instantly recognizable by its grizzled beard and arched, feathered eyebrows, is among the most popular dogs in the Terrier Group — and a top 20 ranker in most popular breeds overall. These feisty, obedient dogs were bred down from the larger Standard Schnauzer, but don’t let the term fool you: the Miniature is anything but a step down. The Miniature Schnauzer is a breed all its own, and they’ve made a name for themselves as both show dogs and family pets.

A major draw to these tenacious terriers is their adaptability to different environments. Whether you enjoy a small condo downtown or own a farm, your Miniature Schnauzer will adapt in whichever way allows them to be closest to you.

","{'The Miniature Schnauzer’s Temperament': 'Depictions of the Schnauzer date back to the 1400s, where these powerful dogs were originally used in Germany to drive livestock to and from market. They were also used as ratters and to guard property. Recognizing the need to eliminate smaller pests, like voles, mice, and rats, enthusiasts bred the Standard Schnauzer into the modern-day miniature version, which retains much of the larger breed’s disposition but in a smaller, sturdier package.\n\nAKC is a participant in affiliate advertising programs designed to provide a means for sites to earn advertising fees by advertising and linking to akc.org. If you purchase a product through this article, we may receive a portion of the sale.\n\nThe Miniature Schnauzer shares many personality traits of the Schnauzer breeds. These dogs were created by first identifying smaller-than-average Standard Schnauzers and breeding them with Affenpinschers and Poodles. The result is an eager-to-please dog who loves both children and family life.\n\nWhile a Miniature Schnauzer may not be best friends with every dog, they make lively, entertaining additions to a variety of households. They’re content with an hour of physical activity daily, regardless of whether that’s in the form of walks, structured playtime, or training sessions.\n\n', 'Physical Traits and Grooming Needs': 'While the Miniature Schnauzer is the smallest of the three Schnauzer types (the other two being the Giant and Standard Schnauzer), it has physical adaptations more suited for eradicating vermin rather than driving livestock. Both males and females can stand anywhere from 12 to 14 inches at the withers, sporting a sturdy, nearly square-shaped silhouette in proportion to the rest of the body.\n\nThough these terriers don’t exceed the 20-pound mark, there should be no suggestion of the dainty or delicate nature found in toy dog breeds. The Miniature Schnauzer is a densely boned, strong-muscled dog created more for hard work than leisure. Certain aspects of the dog’s appearance can be modified based on the owner’s lifestyle, one of which being the Miniature Schnauzer’s hard double coat.\n\nMost Miniature Schnauzer owners opt for the dog’s fur to be buzzed at a uniform length. This is usually about one to two inches, while their facial hair is clipped longer. This breed does not shed. Specifically, all Schnauzers are groomed in a way that accentuates their eyebrow hair and beard. After all, that’s where the breed gets its name! The German word for Miniature Schnauzer, “Zwergschnauzer,” literally translates into “dwarf mustached one.”\n\nAKC is a participant in affiliate advertising programs designed to provide a means for sites to earn advertising fees by advertising and linking to akc.org. If you purchase a product through this article, we may receive a portion of the sale.\n\nOwners who enter their Miniature Schnauzers in conformation competitions elect for a specialized, time-intensive grooming process called “hand stripping.” A groomer will pluck loose or dead strands of fur by hand, paying close attention to retain the dog’s natural harsh outer coat. Because of the nuances that go into bathing, clipping, and maintaining a Miniature Schnauzer’s wiry coat, many owners elect to have their dogs professionally groomed.\n\n', 'How Much Training Does a Miniature Schnauzer Need?': 'Behind those dark, deep-set eyes is a highly intelligent dog who craves novelty. Though training a Miniature Schnauzer requires time, patience, and a sense of humor, they can easily master basic commands and thrive on the approval of their owners. After all, Miniature Schnauzers were bred as working dogs.\n\nAKC is a participant in affiliate advertising programs designed to provide a means for sites to earn advertising fees by advertising and linking to akc.org. If you purchase a product through this article, we may receive a portion of the sale.\n\nTo hold your dog’s attention, keep training sessions short and rotate between different activities. The more engaged your dog, the more inclined they’ll be to learn both basic and advanced commands. Stanley Coren, Ph.D. Professor Emeritus in the Department of Psychology at the University of British Columbia, authored “The Intelligence of Dogs,” a landmark study that researched the smarts of 120 breeds.\n\nOf those studied, Miniature Schnauzers ranked no. 12 — making them the only terrier to rank in the top 20. Don’t worry: Miniature Schnauzers use their smarts for good. Described as alert and spirited, they’re obedient, friendly, and willing to please.\n\n', 'Are Miniature Schnauzers Good for Families?': 'Miniature Schnauzers make great family pets. Paws down. Their medium activity levels make them manageable for busy households, and there’s nothing these terriers love more than a backyard romp. It’s a common sight to see Mini Schnauzers happily trotting at the heels of their owners, supervising playtime, or just enjoying low-key outdoor hangouts.\n\nThis dog wants nothing more than to be included in their family’s activities, all without the clinginess of similarly sized breeds. Still, to limit possible reactivity, excessive barking, and other problematic behaviors, socialization in puppyhood is key.\n\n', 'How Social Is the Miniature Schnauzer?': 'To a Miniature Schnauzer, their home is their castle, and everyone inside it is royalty. As such, these dogs are very affectionate with loved ones, and they enjoy the gentle pleasures of home life. With proper introduction and socialization, a Miniature Schnauzer can also come to enjoy living with another dog. Whether they crave playtime with other dogs outside of the home depends on the individual.\n\nAKC is a participant in affiliate advertising programs designed to provide a means for sites to earn advertising fees by advertising and linking to akc.org. If you purchase a product through this article, we may receive a portion of the sale.\n\nAs an outsider, it may take a few interactions to gain a Miniature Schnauzer’s trust. True to their reputation as a terrier, they are vigilant watchdogs, and they pride themselves on being their family’s first line of defense. Still, these dogs are more bark than bite, and with repeated positive interactions, you’ll have a mustachioed friend for life.\n\n', 'We use cookies': '', 'Privacy Preference Center': ''}",[]
https://www.akc.org/expert-advice/dog-breeds/central-asian-shepherd-right-for-you/,Is the Central Asian Shepherd a Good Fit for You?,"Jul 02, 2025","['foundation stock service', 'central asian shepherd dog']",Micaela Erickson,"Choosing the right dog to bring into your home takes careful consideration. Whether you’re a new or experienced dog owner, this decision should not be made overnight. You may have seen the Central Asian Shepherd Dog and been intrigued by it, but this breed is not for everyone. If you’re an experienced dog owner looking to add an independent, active watchdog into your life, consider if the Central Asian Shepherd Dog would be right for you. These protective working dogs aren’t suitable for everyone.

","{'The Central Asian Shepherd Dog’s Temperament': 'Protective by nature, the Central Asian Shepherd Dog (CASD) is an independent work dog with lower energy and high endurance. CASDs are highly intelligent and were formed as a breed through natural selection over the course of 4,000 years. Their origins stem across regions spanning the Caspian Sea to China and Southern Ural to Afghanistan.\n\n', 'Physical Traits and Grooming Needs': 'Central Asian Shepherd Dogs are large, muscular animals known for their large head, wide chest, and proud presence. CASDs stand between 25.5 – 27 inches tall, and weigh between 88 and 110 pounds. Their medium double coats come in a variety of colors with white or brindle markings.\n\nAKC is a participant in affiliate advertising programs designed to provide a means for sites to earn advertising fees by advertising and linking to akc.org. If you purchase a product through this article, we may receive a portion of the sale.\n\nIn terms of grooming, the Central Asian Shepherd Dog is fairly low maintenance. They only require intermittent grooming and the occasional bath to keep them happy and looking healthy. CASDs shed heavily about once a year.\n\nCASDs’ nails grow quickly, and should be trimmed often to prevent overgrowth and cracking. Prospective owners should also be prepared to brush their teeth regularly to avoid build up of plaque and tartar, and to check their ears for build up of wax and debris.\n\n', 'How Much Training Does a Central Asian Shepherd Dog Need?': 'Known for their independence and intelligence, Central Asian Shepherd Dogs can prove difficult subjects for obedience training. The task is not impossible, but does require patience and consistency to obtain the desired results. Early socialization and puppy training classes training are crucial for this breed. CASDs are also highly protective and can be territorial with their humans and property, which can make it challenging to bring people into your home.\n\nAKC is a participant in affiliate advertising programs designed to provide a means for sites to earn advertising fees by advertising and linking to akc.org. If you purchase a product through this article, we may receive a portion of the sale.\n\n', 'Are Central Asian Shepherd Dogs a Good Fit for Families?': 'If you’re an experienced dog owner looking for a guard dog or companion for your daily exercise, a Central Asian Shepherd Dog may be a good fit. CASDs tend to do well with children, especially if they’re brought into an active household and have enough indoor and outdoor space to roam. Their protective nature may make it challenging to welcome other people or animals into the home. A Central Asian Shepherd Dog would be happiest with a specific type of family equipped to train them and meet their daily needs for mental and physical activity.\n\n', 'How Social Are Central Asian Shepherd Dogs?': 'CASDs aren’t the most social breed. They love their families, but their protective, territorial nature can make them wary of strangers and other animals. Early socialization and training may aid in curbing some of these traits.\n\nAKC is a participant in affiliate advertising programs designed to provide a means for sites to earn advertising fees by advertising and linking to akc.org. If you purchase a product through this article, we may receive a portion of the sale.\n\n', 'We use cookies': '', 'Privacy Preference Center': ''}",[]
https://www.akc.org/expert-advice/dog-breeds/siberian-husky-history/,Siberian Husky History: From Arctic Protector to Active Companion,"Jun 24, 2025","['working group', 'siberian husky']",Elaine Waldorf Gewirtz,"When you mention the “Siberian Husky,” many envision sled dogs racing across vast ice fields. Although the Siberian Husky and the Alaskan Malamute pull sleds and originate from Arctic regions, they’re distinct breeds with different origins, physical traits, and temperaments.

The medium-sized Siberian Husky is often affectionately referred to as the “Sibe.” They’re renowned for their alertness, energy, and adaptability. While affectionate on its terms, this breed possesses a thick double coat that reflects its Arctic heritage, helping keep the dog warm and dry in snowy conditions, which are essential for its survival.

The Siberian’s intelligence, inquisitiveness, and sense of humor, combined with a strong desire to run, make this medium-sized working dog an ideal companion for many performance events.

","{'The Siberian Husky’s Early Northern Origin': 'The Siberian Husky originated as a primitive breed in Siberia, the northernmost region of Asia, located west of the Ural Mountains, which serve as the dividing line between Europe and Asia. It’s bordered on the north by the Arctic Ocean, on the south by the countries bordering the Russian Federation, and on the east by the Bering Sea and the Pacific Ocean.\n\nFor approximately 30,000 years, the Chukchi people have lived in Siberia’s far northern and eastern regions. This desolate land mass, closest to Alaska, connects to the frozen Bering Strait, has limited vegetation, and is characterized by harsh winds blowing in from the water, mountains, and tundra.\n\nHarnessed in teams for transportation, the ancestors of the modern Siberian Huskies provided crucial support to the semi-nomadic Chukchis, providing transportation as they completed hunting, fishing, and trapping tasks. The Siberian’s speed and endurance enabled the Chukchis to travel long distances over treacherous terrain and to develop the breed further. The sled dogs enabled the Chukchis to encounter other Asian people and trade with neighbors in Alaska. Russians soon settled in the Alaskan territory due to its proximity to Siberia.\n\n“When Russian officers in the Alaskan territory came on horseback to take over the Chukchis, the tribe harnessed their Siberian Huskies and pulled their sleds to escape,” says George Cook, President of the Siberian Husky Club of America. “The dogs were so fast the Russians could never catch up with them.”\n\nAKC is a participant in affiliate advertising programs designed to provide a means for sites to earn advertising fees by advertising and linking to akc.org. If you purchase a product through this article, we may receive a portion of the sale.\n\n', 'The First Sled Dog Races': 'The United States purchased Alaska in 1867 and later made it a U.S. territory. In 1896, gold was discovered in Canada’s Yukon territory. The gold rush prompted the need for dog teams to transport prospectors to the area.\xa0“The dogs proved an invaluable part of moving around the gold fields,” Cook says. During the winter months, gold mining halted. Miners sat around bragging, ‘My dog team is faster than your dog team.’ “This was the birth of sled dog racing,” Cook says.\n\nAKC is a participant in affiliate advertising programs designed to provide a means for sites to earn advertising fees by advertising and linking to akc.org. If you purchase a product through this article, we may receive a portion of the sale.\n\nIn 1909, the All-Alaska Sweepstakes, a 408-mile race in the Nome, Alaska area, offered a $10,000 first prize. William Goosak, a Russian fur trader, brought his team of Siberians to enter the All-Alaska Sweepstakes.\n\nThe following year, Fox Maule Ramsay acquired 60 Siberians and entered three teams in the competition. Ramsay was a young Scotsman and also competed in the 1909 race. One of these teams was driven by John “Iron Man” Johnson. He won first place with a time of 74 hours, 14 minutes, and 37 seconds. Goosak’s team established a trend of importing northern sled dog breeds, which became known as the Siberian Husky.\n\n', 'Life-Saving Siberian Teams': 'When a spreading diphtheria epidemic threatened Nome in January 1925, the closest serum was over 600 miles away. A team of Siberians ran a relay to deliver the serum. Leonhard Seppala had trained Siberians for an expedition to the North Pole in 1914. They’d won three Sweepstakes races in 1915, 1916, and 1917 before World War I cancelled future races. Seppala and his team of 20 Siberians ran to meet the serum 300 miles away on the Yukon River. During a blizzard, Seppala and his leader, “Togo,” and another team, driven by Gunnar Kaasen and his lead dog, “Balto,” ran the last leg of the relay.\n\nAKC is a participant in affiliate advertising programs designed to provide a means for sites to earn advertising fees by advertising and linking to akc.org. If you purchase a product through this article, we may receive a portion of the sale.\n\nFollowing the heroic serum relay, Seppala and 40 Siberian Huskies, including Togo, toured U.S. cities from Nome to New York City in 1926. In New England, Seppala won a prestigious New England Point to Point 3-day race. He later established a kennel with Elizabeth Ricker, a New England musher, at Poland Spring, Maine, as other mushers wanted to acquire Siberians. Seppala returned to Alaska for the last time in 1932 and left his remaining Siberians with Harry Wheeler in Quebec. Many Siberians today trace their ancestry to the Seppala-Ricker kennel or Wheeler’s kennel, which is still in operation today.\n\n', 'Flights of Fancy': 'In April 1930, the American Kennel Club recognized the breed. The Siberian Husky Club of America was established in 1938, and it received recognition from the AKC in 1946.\n\nAKC is a participant in affiliate advertising programs designed to provide a means for sites to earn advertising fees by advertising and linking to akc.org. If you purchase a product through this article, we may receive a portion of the sale.\n\nStories about the serum relay and the breed’s fortitude as a tireless sled dog first attracted Cook and his wife, Ann Mariah Cook, to the breed when the couple were in college.\n\n“We started with a three-dog team in Connecticut and later realized that five dogs can run faster,” Cook says. “We moved to New Hampshire for more land and began breeding Siberians.”\n\nThe Cooks later moved to Alaska with their daughter and Siberian Huskies to run the 1,000-mile Yukon Quest. “It was tough,” Cook recalls. “The race was 16 days in 30 to minus 60-degree weather, but I was determined to be the first person from the lower 48 states to finish this race.”\n\nThe rules require mushers to start with 12 dogs and finish with nine without substituting any dogs. Cook finished with all 12, including his lead dog Keewatini’s Mighty Mishka “Minnie.”\n\n', 'The Siberian Performance Dog': '“The Siberian is mischievous, engaging, and highly intelligent,” says Deb Kreider, Public Education Chair of the Siberian Husky Club of America. “They began as a primitive breed, [which] allowed them to survive the harsh conditions in an unfriendly environment. It’s this stamina that makes them a great performance dog.”\n\nAKC is a participant in affiliate advertising programs designed to provide a means for sites to earn advertising fees by advertising and linking to akc.org. If you purchase a product through this article, we may receive a portion of the sale.\n\nKreider’s first Siberian, Ch. Innisfree Rondevous “Pal,” earned Canine Good Citizen and AKC Rally Novice titles. “I quickly became addicted to sledding and how versatile the breed is. Pal accompanied me on therapy visits to schools,” Kreider says. “A great listener, he loved the kids and was easy around other dogs. When my friend’s mother, Kathleen Kantzler, invited me to go sledding, I was hooked.”\n\nOwners need to train their Siberians not to run off when they’re off leash, Kreider says. “The AKC Family Dog program with AKC Fetch, AKC FIT DOG, AKC Fast CAT, AKC Rally, and the AKC Canine Good Citizen program is fantastic for training Siberians and building their confidence before going off lead, but it takes training and consistency,” Kreider says. “The breed is so versatile and appreciates positive feedback and engagement with you. Otherwise, they will find better things to do.”\n\nAKC is a participant in affiliate advertising programs designed to provide a means for sites to earn advertising fees by advertising and linking to akc.org. If you purchase a product through this article, we may receive a portion of the sale.\n\n', 'We use cookies': '', 'Privacy Preference Center': ''}",[]
https://www.akc.org/expert-advice/dog-breeds/dog-sports-for-herding-breeds/,The Best Dog Sports and Training for Herding Breeds,"Nov 13, 2025","['herding group', 'herding', 'sports']",Harriet Meyers,"Herding breeds represent some of the most popular dogs in the U.S. today. German Shepherd Dogs, Australian Shepherds, Shetland Sheepdogs, and Border Collies are ranked in the AKC’s top 30 most popular dog breeds of 2024. Owners and breeders will tell you these are intelligent and extremely active dogs who require daily exercise and mental stimulation. Otherwise, they may channel their sharp minds and strong bodies into troublesome, annoying habits.

Dog sports offer herding breeds a stimulating, fun outlet to redirect their instincts and drives, expend their physical energy, and challenge their intellect while sharing quality time with their owners.

","{'History of Herding Breeds': 'There are over 30 AKC-registered herding breeds. They vary in size, from the 110-pound Beauceron to the 29-pound Pumi. They have long coats like the majestic Collie, short coats like the sturdy Pembroke Welsh Corgi, and flocked coats like the striking Bergamasco Sheepdog.\n\nWhat all herding breeds share is a history of development that created them to help their owners round up, move, and control livestock in a variety of terrains and weather conditions. For example:\n\nAKC is a participant in affiliate advertising programs designed to provide a means for sites to earn advertising fees by advertising and linking to akc.org. If you purchase a product through this article, we may receive a portion of the sale.\n\n', 'Characteristics of Herding Breeds': 'A group of certified dog trainers who teach at several Maryland dog training centers weighed in on the characteristics of herding dogs, how to best channel their herding instincts, and the dog sports that suit them. Following is the information they shared.\n\nHerding breeds have deeply ingrained instincts such as:\n\nAKC is a participant in affiliate advertising programs designed to provide a means for sites to earn advertising fees by advertising and linking to akc.org. If you purchase a product through this article, we may receive a portion of the sale.\n\nThese traits are a result of selective breeding over generations, designed to enhance the ability to work in various environments and with different types of animals. Even in pets, these instincts can manifest in behaviors like chasing and moving objects or “herding” family members. For example, Aussies are very active dogs that need a great deal of exercise on a daily basis to prevent them from becoming bored or developing destructive habits.\n\nAKC is a participant in affiliate advertising programs designed to provide a means for sites to earn advertising fees by advertising and linking to akc.org. If you purchase a product through this article, we may receive a portion of the sale.\n\n', 'How to Channel Herding Instincts': 'Herding dogs are generally considered easy to train, thanks to their intelligence, eagerness to please, and strong bond with their handlers. They excel in activities that require speed, precision, and teamwork, making them ideal for competitive dog sports. If you’re considering training a herding dog, be prepared for a rewarding experience that requires dedication and creativity.\n\nBegin their training as puppies to establish good habits and channel their energy productively. It’s best to use positive reinforcement-based training methods and give rewards, including treats, praise and toys, to encourage desired behaviors and refine their natural skills. Be consistent in your training, sticking to a routine and using clear commands to avoid confusion. It can be helpful to teach commands like “stop,” “go,” and “circle” to harness their instincts effectively.\n\nAKC is a participant in affiliate advertising programs designed to provide a means for sites to earn advertising fees by advertising and linking to akc.org. If you purchase a product through this article, we may receive a portion of the sale.\n\nProviding mental stimulation is essential. Incorporate puzzle toys, obedience exercises, and herding tasks to keep their minds sharp. And don’t forget about the importance of physical activity. Provide plenty of opportunities for running, fetch, or agility training — activities that mimic herding — to burn off their high energy levels. If possible, involve them in actual herding tasks or trials to let them exercise their instincts in a controlled setting. It’s also crucial to expose them to various environments, people, and animals to build confidence and adaptability.\n\n', 'Sports Where Herding Dogs Excel': 'Herding breeds are an excellent fit for a wide variety of dog sports and activities. Each of the following sports provides an outlet for the herding dog’s energy and instincts while strengthening the bond between dog and handler.\n\nThese are a natural fit, as they mimic the tasks herding dogs were bred for — gathering, moving, and controlling livestock. Plus, herding trials allow dogs to showcase their instincts and build teamwork with their handler.\n\nHerding dogs dominate agility courses due to their speed, precision, and ability to follow complex commands. The sport challenges their physical and mental capabilities, keeping them engaged and active.\n\nThis fast-paced relay race involves jumping hurdles, retrieving a ball, and racing back. Herding dogs’ energy, speed, and love for tasks make them perfect for flyball.\n\nAKC is a participant in affiliate advertising programs designed to provide a means for sites to earn advertising fees by advertising and linking to akc.org. If you purchase a product through this article, we may receive a portion of the sale.\n\nOften called “urban herding,” treibball involves herding large exercise balls into a goal. It taps into their herding instincts in a fun and creative way, even without livestock.\n\nHerding breeds excel in obedience due to their intelligence and eagerness to please. These trials test their ability to perform commands with precision and focus.\n\nAKC is a participant in affiliate advertising programs designed to provide a means for sites to earn advertising fees by advertising and linking to akc.org. If you purchase a product through this article, we may receive a portion of the sale.\n\nFor water-loving herding dogs, dock diving is a thrilling sport that combines their athleticism and love for retrieving.\n\nScent work utilizes herding dogs’ keen sense of smell and problem-solving skills, making it a great mental workout.\n\nOne of the fastest growing dog sports, Fast CAT, which stands for Coursing Ability Test, is a timed 100-yard dash where dogs run one at a time, chasing a lure. Herding is all about the chase, so many herding dogs especially enjoy this sport.\n\n', 'What to Consider When Choosing a Dog Sport': 'Trainers or dog training clubs can provide guidance on suitable sports for your dog’s breed and personality. Begin with basic training or fun runs to gauge interest and compatibility, and experiment with different activities to see what your dog enjoys most. Here are suggestions for what you should consider:\n\nAKC is a participant in affiliate advertising programs designed to provide a means for sites to earn advertising fees by advertising and linking to akc.org. If you purchase a product through this article, we may receive a portion of the sale.\n\n', 'Advantages of Participating in Dog Sports': 'Dog sports are great for herding dogs and their human partners. They provide your dog with a job to do, building self-esteem and confidence while allowing a necessary outlet for mental and physical energy. This results in a contented companion, as well as a more obedient, disciplined, and better behaved pet.\n\nDog sports offer opportunities for socialization and the chance to find a community of new canine and human friends. And they help keep dogs and their human partners physically fit.\n\nAKC is a participant in affiliate advertising programs designed to provide a means for sites to earn advertising fees by advertising and linking to akc.org. If you purchase a product through this article, we may receive a portion of the sale.\n\nTraining and participating in sports with your dog will also strengthen the human-canine bond. Watching your dog excel in sports is incredibly rewarding and a source of pride. Dog sports provide a fulfilling experience for both the dog and the owner, creating a harmonious and enriching partnership.\n\n', 'We use cookies': '', 'Privacy Preference Center': ''}",[]
https://www.akc.org/expert-advice/dog-breeds/did-dogs-domesticate-themselves/,Dogs and Wolves: Did Dogs Domesticate Themselves?,"May 29, 2025","['wolves', 'wolf', 'ancestry', 'domestication']","Stephanie Gibeault, MSc, CPDT","There are so many different breeds of dogs today, it’s almost hard to believe they are all the same species: Canis familiaris. When you look at a Pug or an Afghan Hound, it may be even harder to believe dogs are closely related to gray wolves (Canis lupus). But in fact, they share a common ancestor. Although there’s still much debate about the details, the scientific community agrees that dogs were likely the first domesticated animal. But how did the domestication of dogs from wolves occur?

","{'What Is Domestication?': 'A domesticated animal is one that has, through evolutionary processes, been reshaped to adapt to a human-made environment. This means the domesticated species has new traits compared to its wild counterpart, including different genes, physiology, and behavior. It’s a development that takes many, many generations. In fact, it was about 30,000 years ago when the domestication of dogs from wolves first began. Recent genetic evidence suggests it could’ve even been 40,000 years ago.\n\nBut what was the initial trigger that started ancient wolves along the pathway to dogs. Could it have been humans raising wolf pups, humans and wolves hunting together, or did wolves do this all by themselves?\n\n', 'Two Phases of Dog Domestication': 'To complicate the situation further, scientists believe that dogs were domesticated in two phases. The first phase lasted until about 15,000 years ago, and the second began right after that. Scientists agree on what happened during the second phase because it’s marked by plenty of archaeological evidence. We know that humans were selecting for certain behavior traits in early dogs, so they could use them for different functions such as livestock guarding or hunting.\n\nAKC is a participant in affiliate advertising programs designed to provide a means for sites to earn advertising fees by advertising and linking to akc.org. If you purchase a product through this article, we may receive a portion of the sale.\n\nAccording to Vanessa Woods, director of the Duke Puppy Kindergarten at Duke University and co-author of “The Genius of Dogs” and “Survival of the Friendliest,” the dates may change, but the consensus is clear. “As new discoveries are made, and genetic techniques improve, these timelines may shift. But there’s broad agreement that humans began intentionally selecting for traits—like coat color, size, or behavior—much later, after the initial phase.”\n\n', 'Did Humans Domesticate Dogs?': 'So, what happened during the first phase? There are currently several competing hypotheses. Two are the hunting hypothesis and the pup-adoption hypothesis. They involve humans artificially selecting for certain traits, just as in the second phase. Whereas the third hypothesis states that early dogs domesticated themselves. Deliberate human intervention was not involved.\n\nThe hunting hypothesis suggests that humans chose less aggressive wolves to help with hunting. These were the people responsible for the domestication of dogs from wolves. Although humans used early dogs as hunting partners in the second phase of dog domestication, it seems less likely in the first phase. First, humans didn’t use tools like arrows yet that would make tracking and retrieval useful skills from their canine partners. Also, wolves and humans would have been competing for the same food sources. It’s possible humans would’ve been more interested in eradicating wolves than working with them.\n\nAKC is a participant in affiliate advertising programs designed to provide a means for sites to earn advertising fees by advertising and linking to akc.org. If you purchase a product through this article, we may receive a portion of the sale.\n\n', 'Could Dogs Have Self-Domesticated?': 'The pup-adoption hypothesis states that humans adopted and hand-reared wolf pups. Those pups that bonded with humans would have been kept for the next generation. Those that didn’t socialize well would not. In time, the tamer wolves became reproductively isolated from non-socialized wild wolves, so after enough generations, dogs were formed. However, there is little evidence of humans keeping pets during this time period. And although wolf pups are undeniably cute, was there enough advantage to raising them to justify sharing food with them?\n\nAKC is a participant in affiliate advertising programs designed to provide a means for sites to earn advertising fees by advertising and linking to akc.org. If you purchase a product through this article, we may receive a portion of the sale.\n\nThen there is the self-domestication hypothesis. In this scenario, wolves that were less fearful of humans started scavenging on food waste and leftovers near human campsites. Humans would have killed or chased away the more aggressive wolves, leaving only the more tolerant ones. Over time, these friendlier wolves would have become reproductively isolated from the wild, intolerant wolves living outside the settlements. From there,\xa0 primitive dogs would eventually have arisen.\n\n', 'New Support for Dog Self-Domestication': ""Woods feels the idea of humans actively domesticating wolves is highly unlikely. Wolves were larger during the Ice Age, and potentially dangerous predators. She believes wolves likely domesticated themselves. That natural selection for friendliness could have led to behavioral, cognitive, and physical changes. These could include things like patchy coats and floppy ears, commonly seen in domesticated animals. “Once these proto-dogs had evolved these new cognitive and physical traits, they would have stood out from their wild counterparts,” she says. “They could digest starch, bark to alert humans of threats, and even serve as hunting companions – or, in hard times, as food. We call this evolutionary strategy ‘survival of the friendliest.'”\n\nOn the other hand, Dr. Alex Capaldi, PhD, Associate Professor of Mathematics and Statistics at James Madison University, believes each of the main hypotheses has their pros and cons. “Humans and ancient wolves were interacting in many locations and times. Ultimately, I believe it’s not really a question of which of these processes led to dog domestication,” he says. “They all probably played some role. Instead, it’s a question of which was the largest factor.”\n\n"", 'Would Self-Domestication Take Too Long?': 'Still, Dr. Capaldi’s latest research study in Proceeding of the Royal Society B provides support for the self-domestication hypothesis by countering one of the common objections – that it would take too long to occur. Using a statistical model, Dr. Capaldi and his team looked at potential evolutionary timelines for dog self-domestication. If wolves chose to stay near human settlements, and they selected mates with a similar temperament, then there was more than enough time for the early dogs to domesticate themselves. In fact, with mate selection factored in, the computer simulation evolved a sustainable dog population 74.2% of the time in a suitably short time period (median of 8,030 years).\n\nAKC is a participant in affiliate advertising programs designed to provide a means for sites to earn advertising fees by advertising and linking to akc.org. If you purchase a product through this article, we may receive a portion of the sale.\n\nDr. Capaldi points out this isn’t proof for one hypothesis over the other. But it does show that self-domestication was possible in that 15,000 or so years over which the first phase occurred. However, there are other criticisms to the self-domestication hypothesis to be overcome. For example, whether early humans would’ve had enough food scraps available for the wolves to want to hang around.\n\nAKC is a participant in affiliate advertising programs designed to provide a means for sites to earn advertising fees by advertising and linking to akc.org. If you purchase a product through this article, we may receive a portion of the sale.\n\n', 'What Does Dog Domestication Tell Us About Dogs?': 'If it’s such a murky topic, why are scientists pursuing answers to the questions of dog domestication? Because it gives us clues as to how domestication may have occurred in other species. It also provides insight into human evolution. There are some scientists who believe humans self-domesticated too, selecting for tolerance and cooperation. So the more we learn about dogs, the more we learn about ourselves.\n\nAnd what does it tell us about dogs? Learning more about the domestication of dogs from wolves can help us understand why humans bond so closely with dogs. According to Woods, it helps explain why dogs can read our gestures, share our homes, and become part of our families. “Their evolutionary journey is built on a partnership based on mutual benefit and emotional connection. That’s why they’ve become the second most successful large mammal on Earth – second only to us.”\n\n', 'We use cookies': '', 'Privacy Preference Center': ''}",[]
https://www.akc.org/expert-advice/dog-breeds/pomeranian-right-for-you/,Is the Pomeranian a Good Fit for You?,"Dec 04, 2025","['toy group', 'pomeranian']",Micaela Erickson,"Choosing the right dog for you and your lifestyle is no easy decision. Regardless of whether you’re a first-time or experienced dog owner, finding your perfect companion takes careful consideration. If you’re in the market for a little dog with a lot of personality, look no further than the Pomeranian.

","{'The Pomeranian’s Temperament': 'One of the most popular members of the Toy Group, Pomeranians are known to be jubilant, curious, and intelligent. These tiny dogs with lots of personality have been called ideal companions and love their humans. Poms are lively, affectionate, and friendly, making them a good choice for a variety of prospective owners.\n\n', 'Physical Traits and Grooming Needs': 'Pomeranians stand between 6 and 7 inches tall, and weigh no more than 7 pounds. Their lush, double coats come in almost two dozen colors, with various patterns and markings. Beyond the Pom’s distinguished fluffy coat, the breed’s smiley, fox-like face is one of their most notable features.\n\nThe Pomeranian’s profuse double coat requires somewhat diligent grooming. A Pom’s coat should be brushed frequently to keep the hair healthy and ensure they look their best. Owners should take care to keep a Pomeranian’s nails short, as they are an active breed. Should you feel uncomfortable maintaining a Pom’s coat at home, taking the dog to a professional groomer every four to six weeks is highly recommended.\n\nAKC is a participant in affiliate advertising programs designed to provide a means for sites to earn advertising fees by advertising and linking to akc.org. If you purchase a product through this article, we may receive a portion of the sale.\n\n', 'How Much Training Does a Pomeranian Need?': 'Like with any breed, early socialization and puppy training classes are highly recommended. Pomeranians are very intelligent, but require patient, consistent training. Training methods utilizing positive reinforcement will work best for the breed. Poms’ bright nature allows them to enjoy and excel in activities like agility, AKC Rally, and obedience, or working as therapy dogs.\n\nAKC is a participant in affiliate advertising programs designed to provide a means for sites to earn advertising fees by advertising and linking to akc.org. If you purchase a product through this article, we may receive a portion of the sale.\n\nPoms should be leash-trained early and taught to come when called. It’s important to note that housetraining can be a challenge for this breed. A patient hand is key.\n\n', 'Are Pomeranians a Good Fit for Families?': 'Pomeranians thrive with their humans, and can make for great family dogs. They are happy to be lapdogs, and are a good fit for folks in cities or the suburbs. Pomeranians tend to be a better fit for families with older children. It’s important that children are old enough to recognize the difference between a small dog and a toy.\n\nAKC is a participant in affiliate advertising programs designed to provide a means for sites to earn advertising fees by advertising and linking to akc.org. If you purchase a product through this article, we may receive a portion of the sale.\n\nPoms enjoy short walks, runs, and outdoor playtime. Prospective owners should note that Pomeranians can be escape artists. A Pom should be kept under careful watch when brought outside.\n\n', 'How Social Are Pomeranians?': 'A Pomeranian is happiest in the company of their humans. They thrive on companionship, and are a playful, loyal breed. Poms can get along well with other animals, especially if socialized early.\n\n', 'We use cookies': '', 'Privacy Preference Center': ''}",[]
https://www.akc.org/expert-advice/dog-breeds/black-tan-coonhound-right-for-you/,Is the Black and Tan Coonhound a Good Fit for You?,"May 01, 2025","['black and tan coonhound', 'coonhound', 'hunting dog']",Micaela Erickson,"Bringing a dog into your life takes careful consideration. With so many breeds to choose from, it can be hard to know which will best fit into your lifestyle. If you’re in search of an athletic, devoted companion, look no further than the Black and Tan Coonhound.

","{'The Black and Tan Coonhound’s Temperament': 'A member of the Hound Group, Black and Tan Coonhounds are born hunters. These large dogs are friendly, easy-going, and extremely loyal to their loved ones. Black and Tans are social by nature and are happiest in the company of people or other dogs. This breed is intelligent and eager to work.\n\n', 'Physical Traits and Grooming Needs': 'Black and Tans have a large, athletic build. These dogs stand between 23–27 inches tall, and weigh 65–100 pounds. Black and Tans’ most recognizable features are their long, velvety ears and distinctive “pumpkin seed” markings above their expressive eyes. Their short, dense coats shed once or twice a year.\n\nWhen it comes to grooming, Black and Tan Coonhounds aren’t too high maintenance. Weekly brushing of a Black and Tan will prevent your home from accumulating too much loose hair and keep your dog looking their best. A rubber grooming mitt or hound glove are excellent tools for promoting hair growth and keeping the coat healthy and shiny. Only occasional bathing is required, and owners should trim the dog’s nails regularly.\n\nAKC is a participant in affiliate advertising programs designed to provide a means for sites to earn advertising fees by advertising and linking to akc.org. If you purchase a product through this article, we may receive a portion of the sale.\n\n', 'How Much Training Does a Black and Tan Coonhound Need?': 'Like with all breeds, early socialization and puppy training classes are key for a Black and Tan’s development. They’re devoted and intelligent, but are prone to independent streaks. A Black and Tan isn’t a breed that will blindly obey their owners. The breed is trainable, but may not the best fit for a first-time dog owner. When training a Black and Tan, owners should ensure behaviors are taught correctly the first time. Once these dogs learn to do something, it’s hard to break the habit or introduce a different behavior. These hunters are ready to chase prey at a moment’s notice, so having strong leashes and a properly-fenced yard are essential.\n\nBlack and Tans don’t do well when left alone for extended periods of time and will let anyone in their vicinity know with their loud, mournful howls.\n\n', 'Are Black and Tan Coonhounds a Good Fit for Families?': 'Black and Tans can make great family dogs. They thrive off human companionship, and are ready to give and receive affection. Black and Tans tend to be good with young children, but these interactions should always be supervised.\n\nAKC is a participant in affiliate advertising programs designed to provide a means for sites to earn advertising fees by advertising and linking to akc.org. If you purchase a product through this article, we may receive a portion of the sale.\n\nA Black and Tans’ prey drive and independent nature makes them better candidates for experienced dog owners, especially those who have owned hounds previously. They require a moderate amount of exercise, and love playtime and lounging on the couch equally. A Black and Tan Coonhound will be happiest with a family that has the time, attention, and experience to care for this loving breed.\n\n', 'How Social Are Black and Tan Coonhounds?': 'Black and Tans are born social butterflies. They’re happiest when with other humans and tend to be open with strangers and other dogs. These smart, affectionate hunters love to spend time with their people.\n\n', 'We use cookies': '', 'Privacy Preference Center': ''}",[]
https://www.akc.org/expert-advice/dog-breeds/fun-facts-black-and-tan-coonhound/,Black and Tan Coonhound Facts You May Not Know,"Apr 29, 2025","['hound group', 'black and tan coonhound', 'coonhound', 'hunting dog']",Rylee Johnston,"Black and Tan Coonhounds are social, friendly hunting dogs who are at their happiest when surrounded by company. They have an incredibly sensitive nose, which makes them the perfect hunting partner. Here are some fascinating facts about this intelligent breed.

","{'They’re One of Six Coonhound Breeds': 'Black and Tan Coonhounds were named for their specific coloring and “pumpkin seed” markings above the eyes, but they’re not the only Coonhounds to exist. Others include the American English Coonhound, Bluetick Coonhound, Plott Hound, Redbone Coonhound, and the Treeing Walker Coonhound.\n\n', 'Their Roots Go Back to Early America': 'Considered an All-American breed, the B&T was thought to descend from the Talbot Hound in England in the 11th century. They were later developed in America during its early settling and rose to popularity as a scenthound hunting dog.\n\n', 'B&Ts Were the First Coonhound Breed Recognized': 'They hold the title of first Coonhound to be recognized by AKC, which officially occurred in 1945.\n\nAKC is a participant in affiliate advertising programs designed to provide a means for sites to earn advertising fees by advertising and linking to akc.org. If you purchase a product through this article, we may receive a portion of the sale.\n\n', 'They’re a Part of the Hound Group': 'Black and Tan Coonhounds are part of the Hound group and feature sensitive noses to help them capture a scent and follow it until they find the game. The breed shares a striking resemblance to the Bloodhound from their oversized ears, coloring, and large build.\n\n', 'Black and Tans Have an Iconic Bay': 'Since they’re a social breed, they prefer being surrounded by people, but when they’re left alone, they have a distinct howl that sounds like a mournful song. You can also hear their howl when they find game, as it’s their way of alerting hunters they’ve found prey.\n\n', 'They Can Hunt a Variety of Game': 'Racoons were traditionally the go-to- game for B&Ts to hunt, but they can be trained to find a variety of animals of all sizes such as squirrels, deer, bear, and even mountain lions.\n\n', 'George Washington Had a B&T': 'After the war, the former President was driven to find a “superior” hunting dog. His early experiments resulted in the “Virginia hounds,” which are early ancestors of the B&T.\n\nAKC is a participant in affiliate advertising programs designed to provide a means for sites to earn advertising fees by advertising and linking to akc.org. If you purchase a product through this article, we may receive a portion of the sale.\n\n', 'They Hold a Guinness World Record': 'The breed is known for having some of the longest ears and in 2021, they earned the title of the dog with the longest ears. “Lou,” a B&T, has ears that measure at almost 14-inches long and his title can be found in the 2022 edition of the Guinness Book of World Records.\n\n', 'A B&T Repped the Breed During the 2024 AKC Rally National Championship': '“Storm,” 4-year-old B&T was the only one of their breed to participate in the 2024 AKC Rally National Championship. She placed within the top 100, which was quite the achievement for a breed that’s known for its independence.\n\nAKC is a participant in affiliate advertising programs designed to provide a means for sites to earn advertising fees by advertising and linking to akc.org. If you purchase a product through this article, we may receive a portion of the sale.\n\n', 'They’re One of the Largest Dog Breeds': 'B&Ts are ranked among some of the largest dog breeds. Males can reach up to 27 inches and females up to 25 inches, and they can weigh as much as 110 pounds.\n\n', 'We use cookies': '', 'Privacy Preference Center': ''}",[]
https://www.akc.org/expert-advice/dog-breeds/boxer-history/,Boxer History: From Hunter’s Assistant to Sparring Pal,"Apr 25, 2025","['boxer', 'working group']",Elaine Waldorf Gewirtz,"Like a sparring prizefighter, the name “Boxer” may have come from how this medium-sized, short-haired breed uses its powerful front legs when playing or defending itself. Loyal, courageous, and always up for a good game, Boxers never shy away from showing off their silly side.

A perennial favorite, often placing in the top 10 most popular breeds, the fawn or brindle Boxer is a wiggly, kissy-faced friend. It’s hard to imagine that the Boxer’s ancestors were once war dogs of the Assyrian empire around 2,500 B.C.

","{'The Boxer’s Background': 'The Assyrian kingdom in northern Mesopotamia (present-day Iraq) bred large, powerful Tibetan dogs with wide, short muzzles, thick skin around the neck, and protruding lower jaws. Called “Molossers,” after the city of Molossus in Ancient Greece, soldiers used the dogs to alert them of approaching enemies and to attack animals and men in battle.\n\nThese Molossers accompanied traders and migrating Assyrians to Egypt and Europe, where the dogs’ popularity spread. Breeding for different purposes produced different types of Molossers.\n\nAKC is a participant in affiliate advertising programs designed to provide a means for sites to earn advertising fees by advertising and linking to akc.org. If you purchase a product through this article, we may receive a portion of the sale.\n\nIn England, Molosser descendants helped create the modern Mastiff. Molosser descendants produced the Bullenbeisser, or “bull biter,” in Germany. In medieval times, German noblemen used the Bullenbeisser as a hunting dog to run after, catch, and hold bear, bison, and wild boar. The dog’s undershot bite, where the lower jaw protrudes beyond the upper jaw, enabled it to breathe while hanging on to the prey until the hunter arrived.\n\n“With its undershot bite and nose slightly turned up, the Bullenbeisser would grab the bull’s nose and ‘bait’ or hold the animal by its nose,” says Bridget Brown, an AKC judge and President of the American Boxer Club. “The upturned nose helped the dog breathe and isn’t supposed to be straight or flat.”\n\nWhen the German noble estates were divided during and after the Napoleonic Wars, the large Bullenbeissers were no longer needed. They became helpers for butchers and cattle dealers.\n\nThe hunters bred their large Bullenbeissers to smaller, Mastiff-type dogs from England, and the smaller Bullenbeissers became family and guard dogs. The Bullenbeisser was also bred to Wolfhounds and Deerhounds to create a large hunting dog known today as the Great Dane.\n\nAKC is a participant in affiliate advertising programs designed to provide a means for sites to earn advertising fees by advertising and linking to akc.org. If you purchase a product through this article, we may receive a portion of the sale.\n\nFrom natural selection, a smaller Bullenbeisser was bred from the larger one to produce the Boxer and the Bulldog. Rather than attack game head-on like most dogs, these dogs approached from the back. Using their powerful jaws, the Boxer and Bulldog held on to game until the hunter arrived.\n\n', 'The Modern Boxer in Germany': 'The smaller Bullenbeisser, ancestors of the modern Boxer, was developed in northeastern Belgium. In the late 1800s, the Boxer began developing as a breed in Munich, Germany. The first Boxer club was formed in Munich in 1895, with a dog show for Saint Bernards the following year. A good portion of the first breed standard remains in today’s Boxer breed standard.\n\nThe modern Boxer began in the late 19th century in Germany when “Alt’s Flora,” a brindle bitch, was imported to Germany from France by George Alt and bred to a local Boxer. “Alt’s Schecken” became the dam of the first registered Boxer, “Muhlbauer’s Flock,” two generations later in 1904.\n\n', 'Boxers in the United States': 'Boxers came to the United States in 1904 and the AKC registered the first Boxer that year. Over the next 30 years, 71 Boxers were on record, but that number increased to 724 by 1938. The breed quickly became a favorite as a show dog and a family companion.\n\nThe American Boxer Club’s first year of operation was 1935. One of its first acts was establishing the Boxer as a member of the Working Group. In September 1939, World War II prevented Boxers from entering the U.S. from Europe.\n\nAKC is a participant in affiliate advertising programs designed to provide a means for sites to earn advertising fees by advertising and linking to akc.org. If you purchase a product through this article, we may receive a portion of the sale.\n\nIn 1904, the Boxer was one of the first breeds selected in Germany for police training. During World War II, several breeds, including Boxers, German Shepherd Dogs, Doberman Pinschers, and Belgian Malinois, served in all branches of the armed forces. A famous photo depicts a Boxer parachuting behind enemy lines in Europe.\n\nBoxers have fulfilled many roles as cattle dogs, police dogs, and war dogs in both world wars. They’ve also functioned as watchdogs, protection dogs, and guide dogs. When a male Boxer named “CH Bang Away of Sirrah Crest” won Best in Show at the Westminster Kennel Club Dog Show in 1951, the dog became a national celebrity. He appeared on the covers of many national magazines, including Vanity Fair, Life, Esquire, Sports Illustrated, and Time. The dog went on to win 121 Best in Show awards.\n\nAKC is a participant in affiliate advertising programs designed to provide a means for sites to earn advertising fees by advertising and linking to akc.org. If you purchase a product through this article, we may receive a portion of the sale.\n\nIn 2020, a flashy fawn female GCHP2 CinniBon’s Bedrock Bombshell “Wilma” became the top-winning Boxer in breed history when she surpassed Bang Away’s Best in Show record and won her 133rd Best in Show.\n\n', 'Life With Boxers': 'In addition to conformation, Boxers excel in every dog sport. Highly energetic, Boxers thrive on activity but crave human affection and companionship.\n\nAKC is a participant in affiliate advertising programs designed to provide a means for sites to earn advertising fees by advertising and linking to akc.org. If you purchase a product through this article, we may receive a portion of the sale.\n\n“They want to be around you more than anything,” Brown says. When Brown married her husband, Jack, in 1972, the couple bought their first Boxer a year later. “Jack wanted a snake, a guinea pig, and a Boxer,” Brown says. “I agreed to a Boxer, and Jack showed her before we bred her. She whelped 11 puppies, and we were into Boxers.”\n\nThe Browns discovered their Boxers were terrific with children, and the dogs had fun, goofy personalities.\n\n“Ours were boisterous, goofy clowns that took four to five years to mature,” Brown says. “My heart Boxer was ‘Vinny,’ GCH CH Raineylane Studio Diving SOMG who went on to produce 17 champions.”\n\n', 'We use cookies': '', 'Privacy Preference Center': ''}",[]
https://www.akc.org/expert-advice/dog-breeds/skye-terrier-right-for-you/,Is the Skye Terrier a Good Fit for You?,"Jun 03, 2025","['terrier group', 'skye terrier', 'terrier']",Micaela Erickson,"Finding the right dog to bring into your home is no easy decision. Choosing a breed that will fit in with your routine and lifestyle takes careful consideration, regardless if you’re a new or experienced dog owner. If you’re hoping to find a smart, well-mannered companion, consider the Skye Terrier.

","{'The Skye Terrier’s Temperament': 'Known to be calmer than its other Terrier counterparts, the Skye Terrier is a courageous, devoted, intelligent breed hailing from Scotland. Skyes are eager to please their owners, making them a relatively trainable breed. They can be reserved with unfamiliar people, but are friendly and curious overall.\n\n', 'Physical Traits and Grooming Needs': 'This medium-sized breed has a long, sturdy, low-set build. The Skye Terrier’s long, double coat comes in black, silver, gray, fawn, or cream. Skyes’ most distinctive features beyond the straight, long coat are their strong muzzle and intelligent eyes. They stand at about 10 inches tall, and weighing between 35–45 pounds.\n\nUpon first look, one might think the Skye Terrier’s luxurious coat would require a lot of maintenance. It looks more difficult to take care of than it is. A Skye’s coat should be kept in its natural condition, requiring only weekly brushing to keep it tangle-free. They require monthly bathing, but owners should avoid the instinct to scrub their Skye’s coat, which can cause matting.\n\nAKC is a participant in affiliate advertising programs designed to provide a means for sites to earn advertising fees by advertising and linking to akc.org. If you purchase a product through this article, we may receive a portion of the sale.\n\n', 'How Much Training Does a Skye Terrier Need?': 'The intelligent Skye Terrier is eager to please when it comes to training, though they do have a tendency to be strong-willed. Consistent, positive training methods are best for a Skye Terrier. Terrier breeds are known to be stubborn, so a gentle hand and patience will help the training process go smoothly. Like with any breed, early socialization and puppy training courses are key in ensuring a Skye Terrier grows into a well-adjusted adult. Skyes are an open, happy breed, and introducing them to new people and environments early on will allow their best traits to shine through.\n\nSkye Terriers are adaptable when it comes to their owners lifestyles. They don’t require a ton of exercise. A daily walk is sufficient mental and physical exercise for a Skye. The breed can also find success competing in dog shows, as well as agility, obedience, and Earthdog events.\n\n', 'Are Skye Terriers a Good Fit for Families?': 'A Skye Terrier’s loyal, affectionate nature can make them a good fit for families. However, they would fare best in a family with older, gentle children — especially those who have experience with having a pet at home. Early socialization will help a Skye Terrier be more tolerant of different kinds of people.\n\nAKC is a participant in affiliate advertising programs designed to provide a means for sites to earn advertising fees by advertising and linking to akc.org. If you purchase a product through this article, we may receive a portion of the sale.\n\n', 'How Social Is the Skye Terrier?': 'Skye Terriers have a tendency to be reserved, especially around new people. Early, repeat exposure to new people and different environments will help ensure a Skye Terrier grows into the happy, outgoing breed they can be. They are happiest with their families, and will keep a dutiful eye on their loved ones.\n\n', 'We use cookies': '', 'Privacy Preference Center': ''}",[]
https://www.akc.org/expert-advice/dog-breeds/english-springer-spaniel-history/,English Springer Spaniel History: From Game Flushers to Dual-Purpose Companions,"Apr 24, 2025","['sporting group', 'english springer spaniel', 'hunting dog']","Stephanie Gibeault, MSc, CPDT","Bred to work as bird dogs, English Springer Spaniels are tireless in the field but happy to relax with you at the end of a long day’s hunt. Their soulful, trusting eyes are a hallmark of the breed as are their long, lush ears. Standing 19 to 20 inches tall, these rugged yet loving dogs were bred to work closely with people making them terrific companions who are eager to join you in any activity. Cherished for their duality, great in the field and lovable at home, these dogs have a long history of working alongside their humans.

","{'Early Spaniels in England': 'There are many varieties of spaniels today. But back before these dogs were recognized as distinct breeds, dogs of this type were simply known as “Spaniels.” Spaniels were found in Britain for centuries, and in fact, they’re mentioned by name as far back as 300 A.D. in an ancient law in Wales. Some believe the Spaniel was originally from Spain and then brought to ancient Britain by the Roman legions. Whatever the case, these dogs have been used to hunt for hundreds of years.\n\nBy the 16th and 17th centuries, dogs that look like today’s English Springer Spaniel can be found in paintings and prints. These dogs were used for hunting. They would flush (or spring) birds and mammals from their cover, so the hunter could capture them. In the beginning, hunters used nets, hawks, bows, or coursing hounds to bag their quarry. But in the 17th century, the wheel-lock firearm was invented which revolutionized hunting. Thankfully, Spaniels were just as adept with this new approach and earned a reputation as enthusiastic and reliable gundogs.\n\nThe first pure line of English Springer Spaniels wasn’t developed until around 1800 in Shropshire, England. At this time, dogs from the same litter were given different names and jobs. The smaller dogs were called “cockers,” since they hunted woodcock, a type of shorebird. And the larger littermates were called “springers,” as they were used to spring game. At the earliest British dog shows in the 1870s, English Springer Spaniels and Welsh Springer Spaniels were shown as the same breed. But in 1902, the Kennel Club in England recognized the breeds as distinct, and the name Springer stuck.\n\nAKC is a participant in affiliate advertising programs designed to provide a means for sites to earn advertising fees by advertising and linking to akc.org. If you purchase a product through this article, we may receive a portion of the sale.\n\n', 'English Springer Spaniels Come to North America': 'Not long after, in 1910, the American Kennel Club registered their first English Springer Spaniel. Then in 1924, when the dogs were just becoming popular in the United States, the English Springer Spaniel Field Trial Association (ESSFTA) was formed. Back then, dogs would go from heavy field work one day to conformation events the next. That’s because the founders of the ESSTFA wanted to emphasize field trials in the development of the breed and its standard. They held the first ever English Springer Spaniel field trial on Fishers Island in October 1924. The dogs were tested over challenging terrain on a series of rigorous hunting competitions. Then, they participated in a benched conformation show.\n\nEarly breeders of English Springer Spaniels and those who imported them from England, were particular about maintaining the dog’s hunting abilities. The dogs were considered dual-purpose – working dogs and show dogs. Although today’s breeders might emphasize field skills over conformation or vice versa, the true beauty of the English Springer Spaniel can be found in their original purpose as a gundog. The ESSFTA, the parent club for the breed, continues to promote English Springer Spaniels in many performance and companion dog sports.\n\nAKC is a participant in affiliate advertising programs designed to provide a means for sites to earn advertising fees by advertising and linking to akc.org. If you purchase a product through this article, we may receive a portion of the sale.\n\n', 'Continuing the Hunting Tradition': '', 'Ivanova N/Shutterstock': 'Today, the English Springer Spaniel is ranked in the top 30 most popular breeds registered with the AKC. And for people who hunt with their English Springer Spaniels, the job is the same as it was all those years ago. The dog is used to find game birds in high grass or bramble then to flush them out before pointing and retrieving the downed bird. According to Liz Westring, ESSFTA Bench Vice President, English Springer Spaniels are a top choice of pheasant hunters. “Many Springer owners are avid sportspersons who continue the hunting tradition with their dogs.”\n\nAKC is a participant in affiliate advertising programs designed to provide a means for sites to earn advertising fees by advertising and linking to akc.org. If you purchase a product through this article, we may receive a portion of the sale.\n\nIn addition, she says English Springer Spaniels are intelligent, eager to please, and excel at a wide variety of field and performance events. In fact, the breed club has members who participate in all kinds of dog sports. “For anyone who wants a great family dog combined with a willing working partner, Springers are an ideal choice.”\n\nThese dogs will work tirelessly all day in the field, but that doesn’t mean they can’t relax at home when the job is done. Robin Novack is a professional handler who has been breeding English Springer Spaniels for 40 years, and she says that although they have at times been characterized as hyper dogs that never stop moving, most are active companions and contented lapdogs. “Owners in multi-dog households often have several Springers sprawled across their laps!”\n\nNovack bred her first litter of English Springer Spaniels when she was just 14, and she’s adored them ever since. She says living with one means having a constant companion. “Springers are loving family pets, playful, and very attached to their people. Since they were bred to work closely with hunters, it’s no surprise that they like to be close to their owners at all times.”\n\n', 'We use cookies': '', 'Privacy Preference Center': ''}",[]
https://www.akc.org/expert-advice/dog-breeds/miniature-pinscher-history/,Miniature Pinscher History: From Vermin Catcher to the ‘King of Toys’,"Apr 17, 2025","['toy group', 'miniature pinscher']",Elaine Waldorf Gewirtz,"The Miniature Pinscher’s distinctive high-stepping hackney gait, reminiscent of a hackney horse, communicates, “I’m proud, fearless, and in charge.” Unsurprisingly, admirers refer to this small breed boasting a “big dog” personality as the “King of Toys.”

The Miniature Pinscher historically rid vermin from farmers’ barns in its native Germany. Sturdy, compact, and smooth-coated, this breed stands 10 to 12.5 inches tall and weighs between 8 and 10 pounds. Often referred to as a Min Pin, it resembles a smaller version of the larger Doberman Pinscher, which measures 24 to 28 inches and weighs between 60 and 100 pounds. However, the two breeds are not related.

Today’s Min Pins likely have Dachshund and Italian Greyhound ancestry, with possible influence from the German Pinscher. As a member of the Toy Group, this breed is a favorite family protector and lively performance dog. “Min Pins appeal to those who admire the sleek, athletic form of Doberman Pinschers but prefer a toy-sized dog for their home or apartment,” says Shelley Erdman, Secretary of the Miniature Pinscher Club of America.

","{'The Min Pin’s Past': 'The early Miniature Pinscher dates back several centuries, possibly to the early 1600s, but the breed’s image appears in old paintings and artwork. Records mention the Reh Pinscher, the forerunner of the Miniature Pinscher. In 1936, Dr. H.G. Reichenbach, a German writer and authority on the breed, wrote that it was a cross between the Dachshund and the Italian Greyhound. Historians agree that the Mini Pin’s ancestors likely include the smaller German smooth-haired Pinschers, the Italian Greyhound, and the Smooth Dachshund. Reichenbach stated that the breed’s coloring was black or red and published a photo of the Reh Pinscher, which resembled a small red deer in the German Rhineland forest. This smooth-red dog belonged to the Terrier family and was bred as a purebred dog in Germany in 1870.\n\n“At the time, Terriers’ ability as ratters mattered more than their coat types,” says Jane Heuer, Historian of the Miniature Pinscher Club of America. The German word “pinscher” refers to a type of short-coated terrier, while “Pinscher” denotes the dog’s role in jumping on and fiercely biting its quarry or catching vermin on farms. “Curious and bold, the Reh Pinscher differentiated from Manchester Terriers and Affenpinschers.”\n\nAKC is a participant in affiliate advertising programs designed to provide a means for sites to earn advertising fees by advertising and linking to akc.org. If you purchase a product through this article, we may receive a portion of the sale.\n\nDog shows began in Germany in 1863, with early records showing Reh Pinschers exhibiting in Switzerland in 1882 and the German Kennel Club registering Miniature Pinschers in 1883. The German Pinscher-Schnauzer Club was formed in 1895 to promote the distinct pinscher varieties, which included the rough-haired German Pinscher, the rough-haired dwarf Pinscher, the smooth-haired German Pinscher, the short-haired dwarf Pinscher, and the Miniature Pinscher.\n\nAt that time, Miniature Pinschers came in several sizes and colors. They favored chasing rats in stables and barns and settling indoors at night. From 1905 to 1914, the breed’s popularity rose in Germany. A special show for Reh Pinschers in Germany in 1900 featured 93 dogs of black with red markings. As a Toy breed, the dog’s popularity rose from 1900 to 1914. All-red dogs were favored, but other colors included chocolate-brown, blue with red markings, and dogs with a blush gray shade.\n\nAKC is a participant in affiliate advertising programs designed to provide a means for sites to earn advertising fees by advertising and linking to akc.org. If you purchase a product through this article, we may receive a portion of the sale.\n\n', 'Recognition in the United States': 'The breed came to the U.S. in about 1919. The first dog registered with the AKC was a female black and rust known as Asta von Sandreuth under the breed name Pinscher (Toy), brought by Mrs. Seyschab from Pennsylvania from Germany. Additional Miniature Pinschers came to the U.S. from Germany. The U.S. recognized the Miniature Pinscher in 1925 as the Pinscher. In 1929, members organized the Miniature Pinscher Club of America. Mrs. Henrietta Proctor Donnell brought the red CH Konig Hanzelmannchen to the U.S. The dog won Best of Breed at the Westminster Kennel Club Dog Show four times in the 1930s.\n\nAKC is a participant in affiliate advertising programs designed to provide a means for sites to earn advertising fees by advertising and linking to akc.org. If you purchase a product through this article, we may receive a portion of the sale.\n\n“Miniature” was added to the breed’s name in 1972. The breed was originally a member of the AKC Terrier Group but moved to the Toy Group in 1930. The Fédération Cynologique Internationale (FCI), which calls the breed the “Zwergpinscher,” recognized it in 1955 and placed it in the Pinscher and Schnauzer type group.\n\nThe Miniature Pinscher’s breed standard was formalized in 1935, revised in 1950 and 1958, and updated and approved in 1980. In 1941 only 24 Miniature Pinschers were in the U.S., but in the late fifties, the breed’s popularity climbed dramatically. In 1999, the number rose to 21,406.\n\n', 'A Majestic Presence Fit for a King': 'The breed’s royal bearing, stout heart, and jaunty attitude wrapped up in a small package helped them earn the”King of Toys” nickname. Easy to train, alert, and possessive of their families, the Min Pin shows off its commanding presence when strangers come to the door.\n\nAKC is a participant in affiliate advertising programs designed to provide a means for sites to earn advertising fees by advertising and linking to akc.org. If you purchase a product through this article, we may receive a portion of the sale.\n\nToday, the Miniature Pinscher has a smooth, shiny coat in two shades of solid red, chocolate-and-rust or black-and-rust. “This breed has a mischievous, fun-loving side that people find charming,” Heuer says. “They love their people, are full of energy, and can keep you on your toes.”\n\nUnlike most Toy breeds, which enjoy spending time on their owner’s lap, the Min Pin likes to be busy. “They’re agile and can easily get in and out of things like enclosures,” Heuer says. “They do things you’d never expect, such as leaping from the back of the couch to the back of a chair like a pet monkey.” Intelligent and easy to care for with its satiny, short coat and clean personal habits, the Min Pin is the ideal playmate and companion for family members of any age.\n\n', 'We use cookies': '', 'Privacy Preference Center': ''}",[]
https://www.akc.org/expert-advice/dog-breeds/shiba-inu-right-for-you/,Is the Shiba Inu a Good Fit for You?,"Apr 14, 2025",['shiba inu'],Micaela Erickson,"When deciding to bring a dog into your home, there are many factors to consider. Regardless if you’re a first-time or experienced dog owner, it takes careful consideration to ensure you choose the right breed for your lifestyle. If you’re looking for a loyal, energetic companion to complement an active lifestyle, look no further than the Shiba Inu.

","{'The Shiba Inu’s Temperament': 'A member of the Non-Sporting Group with roots in ancient Japan, the Shiba Inu is a high energy, fiercely loyal, and alert breed. Confident and independent, Shiba Inus have big personalities. Despite their proclivity towards independence, they are very friendly and tend to form strong bonds with their owners. The Shiba Inu’s attentive nature also makes them good watchdogs.\n\n', 'Physical Traits and Grooming Needs': 'Shibas are small, muscular dogs originally employed as hunters. Their short, double coats come in red, red sesame, or black and tan with white markings. Shibas are most well-known by their pointed ears, curled tail, and almost fox-like faces. Shiba Inus stand between 13.5-16.5 inches tall, and weigh between 17 and 23 pounds.\n\nAKC is a participant in affiliate advertising programs designed to provide a means for sites to earn advertising fees by advertising and linking to akc.org. If you purchase a product through this article, we may receive a portion of the sale.\n\nShibas shed a lot. Their short coats do not require frequent brushing to prevent matting, but regular brushing will keep hair around the house minimal. Blowing a Shiba with a blow-dryer can also be helpful in removing loose hair, dirt, and other debris. Shibas also have a tendency to be difficult when it comes to nail trimming. If you bring a Shiba into your life, you may want to consider having their nails professionally trimmed.\n\n', 'How Much Training Does a Shiba Inu Need?': 'Shiba Inus are known as a more stubborn breed. They are highly intelligent which can make the training process easier, but their strong-willed nature can make things tedious. Patient training methods coupled with treats and other rewards can help ease the process. Early socialization and puppy training classes will help ensure a Shiba grows into a well-behaved and well-adjusted adult.\n\nAKC is a participant in affiliate advertising programs designed to provide a means for sites to earn advertising fees by advertising and linking to akc.org. If you purchase a product through this article, we may receive a portion of the sale.\n\nDue to their stubborn nature, a Shiba Inu is a better pick for an experienced dog owner. Prospective owners should also consider that even the most well-trained Shibas should never be allowed off lead unless they are in a fenced or enclosed area.\n\n', 'Are Shiba Inus a Good Fit for Families?': 'Shiba Inus are a loving, loyal breed, but their independent nature and inclination towards impatience make them a harder fit for families, especially those with young children. They are a vocal breed and can make for good watchdogs. Prospective owners should note that their “unique” vocalizations can cause stress for both the Shiba and themselves.\n\nThe Shiba’s energetic personality also requires a lot of physical and mental stimulation. Families that do not have the time to give a Shiba the exercise and attention they need should consider other options. Overall, a Shiba would be happiest in a home with experienced, attentive dog owners and older children.\n\nAKC is a participant in affiliate advertising programs designed to provide a means for sites to earn advertising fees by advertising and linking to akc.org. If you purchase a product through this article, we may receive a portion of the sale.\n\n', 'How Social Are Shiba Inus?': 'Shibas are friendly, but they are independent at heart and can be very aloof. They can be weary of strangers and are a protective breed. With the right training and early socialization, a Shiba can be adaptable to most environments.\n\n', 'We use cookies': '', 'Privacy Preference Center': ''}",[]
https://www.akc.org/expert-advice/dog-breeds/rottweiler-right-for-you/,Is the Rottweiler a Good Fit for You?,"Apr 24, 2025","['working group', 'rottweiler']",Micaela Erickson,"There’s a lot to consider when looking to bring a new dog into your home. Between size, temperament, and activity needs, the decision can be overwhelming. If you’re hoping for a watchful, loyal guardian for your family, look no further than the Rottweiler.

","{'The Rottweiler’s Temperament': 'Rottweilers are born protectors. A member of the Working Group, Rotties are strong, intelligent, and always alert. Rottweilers make excellent guard dogs, but are also gentle, loving, playful companions. This breed can be territorial, but proper training can help discourage the negative aspects of this trait.\n\n', 'Physical Traits and Grooming Needs': 'Rottweilers are known for their glossy, short black coat with rust-colored markings. Rottweilers stand strong and tall. Female Rottweilers stand at 22–25 inches, while males stand at 24–27 inches. This muscular breed tends to weigh between 80–135 pounds.\n\nThe Rottweiler’s coarse coat should be brushed weekly and bathed regularly. Rotties shed moderately, with periods of heavier shedding in the fall and spring. Rottweilers should have their nails trimmed and teeth brushed weekly.\n\nAKC is a participant in affiliate advertising programs designed to provide a means for sites to earn advertising fees by advertising and linking to akc.org. If you purchase a product through this article, we may receive a portion of the sale.\n\n', 'How Much Training Does a Rottweiler Need?': 'Early training is essential for Rottweilers. Because the breed is territorial by nature, socialization, training classes, and living in their owner’s homes is critical to ensure they grow into well-behaved adults. Rottweilers are people pleasers and highly adaptive, but can be prone to stubbornness. Owners should discipline their Rottweilers in a consistent, firm manner. Prospective owners should note that roughhousing with Rottweilers should be avoided, as this may encourage more aggressive tendencies.\n\n', 'Are Rottweilers Good for Families?': 'Rottweilers are devoted to their owners, and are especially affectionate with their loved ones. Their watchful, gentle nature make them a good choice for families looking to bring a guard dog into their home. If trained properly, Rottweilers are patient with children. Their size and love for play may be too much for families with small children. Parents should always supervise their children around their animals.\n\nAKC is a participant in affiliate advertising programs designed to provide a means for sites to earn advertising fees by advertising and linking to akc.org. If you purchase a product through this article, we may receive a portion of the sale.\n\nRottweilers are a very active breed. They would fare best in an active household. Rottweilers require a lot of exercise and can make good work dogs. Rotties love to swim and walk, especially with the people they love. Their intelligent nature makes the Rottweiler especially fit to learn herding, tracking, and obedience skills.\n\n', 'How Social Are Rottweilers?': 'As long as their socialized at an early age, Rottweilers can be social and get along well with other dogs and people. Their territorial instincts may kick in around strangers, but continued exposure to new people and environments can encourage them to be more social.\n\nAKC is a participant in affiliate advertising programs designed to provide a means for sites to earn advertising fees by advertising and linking to akc.org. If you purchase a product through this article, we may receive a portion of the sale.\n\n', 'We use cookies': '', 'Privacy Preference Center': ''}",[]
https://www.akc.org/expert-advice/dog-breeds/bichon-frise/,Is the Bichon Frise a Good Fit for You?,"May 21, 2025","['non-sporting group', 'bichon frise']",Colt Dodd,"With its spherical, snowball-like head, the Bichon Frise looks like a living, breathing powder puff. But don’t be fooled into thinking this is your typical little white dog. Beneath that curly double coat is a sturdy, well-balanced physique that lends itself to agility and other speed-based sports. You haven’t seen anything until you’ve witnessed a “Bichon blitz” for yourself!

Peppy, curious, and playful, Bichons make wonderful additions to a variety of households, from downtown studio apartments to estates sprawling with young children and other pets. If you’re searching for a lapdog and don’t mind combing their luscious locks daily, look no further than this breed.

","{'The Bichon Frise’s Temperament': 'The Bichon Frise has origins dating back centuries. They originated in the Mediterranean and eventually made their way to Europe in the 1200s, skyrocketing to popularity among nobility during the Renaissance. While the French Revolution cut the Bichon’s reign short, the ever-optimistic Bichon was undeterred and charmed its way back onto the laps of everyday people. These dogs even channeled their enthusiastic nature into circus performing, where they fed from the laughter and energy of adoring audiences.\n\nWhereas some dogs were bred for herding sheep or guarding livestock, the Bichon Frise has had one purpose throughout its history: to make people smile. The word “bichon” itself roughly translates to “fluffy little dog,” with the word also used to describe Maltese, Bolognese, and Havanese.\n\nAKC is a participant in affiliate advertising programs designed to provide a means for sites to earn advertising fees by advertising and linking to akc.org. If you purchase a product through this article, we may receive a portion of the sale.\n\n', 'Physical Traits and Grooming Needs': 'The merry-mannered Bichon Frise is a compact dog with a plumed tail carried across its back. Both male and female Bichons stand 9.5 to 11.5 inches at the withers and weigh 12 to 18 pounds. Per the Bichon breed standard, Bichons come in four accepted colors and three combinations: solid white, white and apricot, white and buff, and white and cream. They have dark, round eyes rimmed with “halos,” dark pigmentation that accentuates the dog’s jolly expression.\n\nThe Bichon’s beauty comes at a price, but for lovers of velvety, plush-coated dogs, maintenance isn’t an issue. The first thing to note is that Bichons have hair—not fur. Fur grows at a predetermined length (PDL), whereas hair grows at an undetermined length (UDL). If not properly trimmed every four to six weeks, your Bichon’s hair could grow endlessly and become matted.\n\nIn addition to regular trims, you should brush their hair daily (although you could get away with two or three times a week, depending on the hair’s length). Bichons don’t shed much because their loose hairs get caught in their undercoat, but you still must brush out the dead hairs to keep your Bichon’s coat at the right length, consistency, and volume.\n\nAKC is a participant in affiliate advertising programs designed to provide a means for sites to earn advertising fees by advertising and linking to akc.org. If you purchase a product through this article, we may receive a portion of the sale.\n\nProper grooming is just one aspect of helping a Bichon Frise live a healthy, well-balanced life. Other considerations include regularly trimming their nails to prevent breakage and brushing your Bichon’s teeth at least two to three times a week. These dogs can suffer tooth loss and gum infections if they don’t receive consistent dental care. Additionally, because of their floppy ears, these dogs are prone to ear infections, making regular cleanings essential.\n\n', 'How Much Training Do Bichon Frises Need?': 'Your Bichon Frise will demonstrate their deceptive athleticism by running in short bursts in your living room or backyard, all before lounging the remainder of the day. Note that these dogs are surprisingly fast, and while in the throes of a “Bichon blitz,” it might be hard to recall your dog. That’s not to say that Bichons aren’t intelligent. In fact, the breed is both highly biddable and easily masters basic commands. It’s for their sharp-wittedness that Bichons make formidable opponents in the world of competitive obedience and AKC Rally.\n\nAKC is a participant in affiliate advertising programs designed to provide a means for sites to earn advertising fees by advertising and linking to akc.org. If you purchase a product through this article, we may receive a portion of the sale.\n\n', 'How Social Are Bichon Frises?': 'At their core, Bichons are lovers, not fighters. They’re just too open to strangers to make effective watchdogs, and they aren’t particularly vocal compared to other small breeds. Still, it’s these same traits that have cemented their places in hearts worldwide.\n\nEarly socialization is key to ensure that a Bichon matures into a well-mannered dog who feels confident navigating unfamiliar situations. This isn’t difficult; the Bichon Frise is one of the dog world’s social butterflies! They eagerly greet new experiences.\n\nAKC is a participant in affiliate advertising programs designed to provide a means for sites to earn advertising fees by advertising and linking to akc.org. If you purchase a product through this article, we may receive a portion of the sale.\n\n', 'Are Bichons Good for Families?': 'There’s a famous saying among lovers of Bichons: “There are no strangers, just friends they haven’t met yet.” Whether you’re their beloved owner or food delivery person, the Bichon wants nothing more than to win hearts. With children, these dogs make lively playmates and don’t need rigorous exercise. Bichons are also well-suited for homes with other dogs, both large and similarly-sized.\n\nToday, Bichons are among the most popular breeds in the country, consistently ranking in the top 50 for the past decade. You may even find yourself on a reputable breeder’s waitlist for months before being able to purchase one, but it’s well worth the wait. Bichons enjoy generous lifespans, averaging 14 to 15 years. A few months of puppy preparation could translate into more than a decade of memories and friendship.\n\n', 'We use cookies': '', 'Privacy Preference Center': ''}",[]
https://www.akc.org/expert-advice/dog-breeds/english-springer-spaniel-right-fit-for-you/,Is the English Springer Spaniel a Good Fit for You?,"Mar 20, 2025","['sporting group', 'english springer spaniel']",Micaela Erickson,"Picking the right dog for you and your lifestyle is never an easy decision. If you’re seeking an energetic, intelligent companion, consider the English Springer Spaniel. A member of the Sporting Group, this bird dog took home first place for its group during the 2025 Westminster Kennel Club Dog Show.

","{'The English Springer Spaniel’s Temperament': 'The English Springer Spaniel is an extremely loyal, loving, and people-oriented breed. They are smart, obedient workers, eager to please their owners. The English Springer Spaniel is a dutiful companion and would be excited to join in on family activities. Before purchasing a dog, be sure to work with a breeder to research the temperament produced by their lines. This will allow you to ensure that the puppy you bring home will be a good fit for your particular household.\n\n', 'Physical Traits and Grooming Needs': 'A born hunter, the English Springer Spaniel is a tough, muscular breed built for long days in the field. They stand at 19 to 20 inches tall and weigh between 40 and 50 pounds. Their double coat comes in several colors and patterns, including liver and white or black and white — with or without tan markings. Their coats may also have some ticking in the white. Their long ears and kind eyes are a hallmark of the breed.\n\nAKC is a participant in affiliate advertising programs designed to provide a means for sites to earn advertising fees by advertising and linking to akc.org. If you purchase a product through this article, we may receive a portion of the sale.\n\nEnglish Springer Spaniels require routine grooming. Weekly brushing helps ensure the breed’s coat remains healthy and free of dirt and debris. The Springer can be trimmed by the owner or taken to a professional groomer to keep the areas around their feet, head, neck, and undertail looking sharp. Their nails should be trimmed regularly.\n\n', 'David Woo ©American Kennel Club': '', 'How Much Training Does an English Springer Spaniel Need?': 'Like with any breed, early socialization and puppy training courses are key to ensuring your English Springer Spaniel grows into a well-behaved adult. Springers are highly intelligent and eager to please, but owners should utilize gentle, continued training methods. Because English Springer Spaniels are a social, active breed, leaving them alone for long periods of time can result in undesirable behaviors.\n\nAKC is a participant in affiliate advertising programs designed to provide a means for sites to earn advertising fees by advertising and linking to akc.org. If you purchase a product through this article, we may receive a portion of the sale.\n\nThe Springer’s intelligent, obedient nature allows them to excel at dog sports. The breed has found particular success in activities such as obedience, tracking, agility, and AKC Rally.\n\n', 'Are English Springer Spaniels a Good Fit for Families?': 'Springers were bred to work closely with humans, so they can make for great family dogs. An English Springer Spaniel would be happiest with a family eager to include their new dog on their outings. Springers should not be left alone for long periods of time, and require regular exercise to keep them happy and healthy. A more active household would be the best fit for an English Springer Spaniel.\n\nAKC is a participant in affiliate advertising programs designed to provide a means for sites to earn advertising fees by advertising and linking to akc.org. If you purchase a product through this article, we may receive a portion of the sale.\n\n', 'How Social Are English Springer Spaniels?': 'Springers crave company and thrive off of interacting with their humans. In addition to making loyal family companions, they tend to get along well with other dogs and animals.\n\n', 'We use cookies': '', 'Privacy Preference Center': ''}",[]
https://www.akc.org/expert-advice/dog-breeds/boxer-right-for-you/,Is the Boxer a Good Fit for You?,"Mar 19, 2025","['boxer', 'working group']",Micaela Erickson,"There are many factors to consider when bringing a dog into your home. Whether you’re a first-time or experienced dog owner, picking the right breed for your lifestyle takes careful consideration. If you’re looking for a bright, energetic companion, look no further than the Boxer.

","{'The Boxer’s Temperament': 'A member of the Working Group, Boxers are a highly intelligent breed with a strong work ethic. They have a patient, protective nature, equipping them to act as a family guardian when needed. The Boxer is affectionate, fun-loving, and eager to please their owners.\n\n', 'Physical Traits and Grooming Needs': 'Boxers are medium-large dogs that can stand up to 25 inches tall and weigh between 65 and 80 pounds. The breed has an athletic, muscular build and a short, shiny coat. Boxers’ coats come in fawn or brindle, with white markings. Their dark eyes and wrinkled forehead make the breed look alert and full of curiosity.\n\nBoxers are not high maintenance in terms of grooming. A good brush once a week will keep a Boxer looking their best. They only require occasional bathing, and their teeth should be brushed often to prevent plaque and tartar build-up. A Boxer’s nails can grow quickly and should be trimmed once a week, as they like to lead wish their front feet.\n\nAKC is a participant in affiliate advertising programs designed to provide a means for sites to earn advertising fees by advertising and linking to akc.org. If you purchase a product through this article, we may receive a portion of the sale.\n\n', 'How Much Training Does a Boxer Need?': 'Early socialization and puppy training courses are essential to ensure a Boxer grows into a well-behaved and well-adjusted adult. This early training will channel the breed’s high energy and exuberant nature in a positive manner. Boxers are very intelligent and eager to please, but they can become easily bored with repetition. Variety is crucial when training a Boxer. A Boxer is likely a better fit for both experienced owners and those with active lifestyles.\n\nAKC is a participant in affiliate advertising programs designed to provide a means for sites to earn advertising fees by advertising and linking to akc.org. If you purchase a product through this article, we may receive a portion of the sale.\n\nBoxers can also excel at canine sports like obedience, agility, and herding. They can also serve as excellent service, assistance, and therapy dogs. A Boxer is ready and more than willing to work.\n\n', 'Are Boxers a Good Fit for Families?': 'Boxers are known to be both patient and protective by nature. Boxers are good with kids, but they are not a great fit for small children or frail adults due to the breed’s highly excitable, bouncy disposition. A Boxer can make for an excellent watchdog. They are fearless and ready to protect their loved ones.\n\nBoxers require plenty of exercise and ample space to release their energy. A Boxer would not fare well with a family unprepared to meet the needs of this active breed.\n\nAKC is a participant in affiliate advertising programs designed to provide a means for sites to earn advertising fees by advertising and linking to akc.org. If you purchase a product through this article, we may receive a portion of the sale.\n\n', 'How Social Are Boxers?': 'Boxers are a social and playful breed. They thrive around people, especially the ones they love. They’re happy spending hours playing in the yard or laying at their owner’s feet. With proper socialization, Boxers make for a very open breed.\n\n', 'We use cookies': '', 'Privacy Preference Center': ''}",[]
https://www.akc.org/expert-advice/dog-breeds/most-popular-dog-breeds-by-city-2024/,2024’s Most Popular Dog Breeds by City,"Mar 18, 2025","['registration', 'labrador retriever', 'french bulldog', 'most popular breeds']",Melanie Haid,"The American Kennel Club announced 2024’s most popular dog breeds based on AKC registration numbers. For the third year in a row, the French Bulldog is the No. 1 most popular dog in the United States. Before 2022, the Labrador Retriever held the No. 1 spot for 31 years.

These may be the top breeds overall, but when you look at major cities in the United States, the rankings aren’t always the same. In some cities, the Frenchie has been No. 1 long before the rest of the U.S. caught on – in other places, they may be ranked third or even fourth.

Scroll through to see the most popular breeds in these major U.S. cities, and check out the 2023 most popular breed by city rankings to compare!

","{'Most Popular Dog Breeds in Atlanta, Georgia': '', 'Most Popular Dog Breeds in Boston, Massachusetts': '', 'Most Popular Dog Breeds in Chicago, Illinois': 'AKC is a participant in affiliate advertising programs designed to provide a means for sites to earn advertising fees by advertising and linking to akc.org. If you purchase a product through this article, we may receive a portion of the sale.\n\n', 'Most Popular Dog Breeds in Columbus, Ohio': '', 'Most Popular Dog Breeds in Dallas, Texas': 'AKC is a participant in affiliate advertising programs designed to provide a means for sites to earn advertising fees by advertising and linking to akc.org. If you purchase a product through this article, we may receive a portion of the sale.\n\n', 'Most Popular Dog Breeds in Denver, Colorado': '', 'Most Popular Dog Breeds in Detroit, Michigan': 'AKC is a participant in affiliate advertising programs designed to provide a means for sites to earn advertising fees by advertising and linking to akc.org. If you purchase a product through this article, we may receive a portion of the sale.\n\n', 'Most Popular Dog Breeds in Houston, Texas': '', 'Most Popular Dog Breeds in Los Angeles, California': '', 'Most Popular Dog Breeds in Miami, Florida': 'AKC is a participant in affiliate advertising programs designed to provide a means for sites to earn advertising fees by advertising and linking to akc.org. If you purchase a product through this article, we may receive a portion of the sale.\n\n', 'Most Popular Dog Breeds in New York, New York': 'AKC is a participant in affiliate advertising programs designed to provide a means for sites to earn advertising fees by advertising and linking to akc.org. If you purchase a product through this article, we may receive a portion of the sale.\n\n', 'Most Popular Dog Breeds in Philadelphia, Pennsylvania': '', 'Most Popular Dog Breeds in Raleigh, North Carolina': '', 'Most Popular Dog Breeds in San Francisco, California': '', 'Most Popular Dog Breeds in Seattle, Washington': 'AKC is a participant in affiliate advertising programs designed to provide a means for sites to earn advertising fees by advertising and linking to akc.org. If you purchase a product through this article, we may receive a portion of the sale.\n\n', 'Most Popular Dog Breeds in St. Louis, Missouri': 'AKC is a participant in affiliate advertising programs designed to provide a means for sites to earn advertising fees by advertising and linking to akc.org. If you purchase a product through this article, we may receive a portion of the sale.\n\n', 'Most Popular Dog Breeds in Washington D.C.': '', 'Most Popular Dog Breeds in West Palm Beach, Florida': '', 'We use cookies': '', 'Privacy Preference Center': ''}",[]
https://www.akc.org/expert-advice/dog-breeds/whippet-right-for-you/,Is the Whippet a Good Fit for You?,"Apr 04, 2025","['hound group', 'whippet', 'greyhound']",Colt Dodd,"Never mind the moniker “the poor man’s racehorse;” Whippets are dignified, graceful sighthounds beloved for their affectionate nature and adaptability to smaller spaces. The most popular sighthound in the United States, these medium-sized dogs can run 35 miles per hour. But make no mistake: the Whippet is a low-maintenance breed who does not require excessive amounts of exercise. Rather, they enjoy about one to two hours of physical activity daily, followed by lounging on the couch while you watch TV.

These dogs are suitable for a variety of households, including those with young children and other pets. Many Whippet enthusiasts even keep pairs, so their pets have company in their absence.

","{'The Whippet’s Temperament': 'In Victorian England, coal miners loved racing dogs and hunting rabbits for sport. Unfortunately, they lacked the financial resources for kennels and food for larger Greyhounds. Although it’s unclear how breeders were able to condense the 70-pound Greyhound into the sleeker Whippet, they were evidently successful. Whippets made their way to America at the turn of the century, where they continued to enjoy popularity as both racing dogs and companions.\n\nWhippets are beloved for being playful, affectionate, and calm dogs who thrive with attentive owners. They can excel in a variety of breed-specific sports, including AKC Lure Coursing and AKC Fast CAT, making the most of their lean, aerodynamic frame. While Whippets have origins as rabbit hunters, their prey drive isn’t so overwhelming that they can’t co-exist with household cats and small dogs. Whippets can be fairly independent themselves, and they may even find companionship in your feline friend.\n\nAKC is a participant in affiliate advertising programs designed to provide a means for sites to earn advertising fees by advertising and linking to akc.org. If you purchase a product through this article, we may receive a portion of the sale.\n\n', 'Physical Traits and Grooming Needs': 'A Whippet’s lean physique may deceive observers into assuming this is a lightweight dog but make no mistake: a Whippet can weigh anywhere from 25 to 40 pounds, with males generally on the heavier side. At the withers, males stand 19 to 22 inches, while females are a bit shorter at 18 to 21 inches. These dogs boast a deep chest with a tucked waist, long, arched neck, and “feet more hare than cat,” per the breed standard.\n\nAdditionally, the Whippet has a dolichocephalic skull shape, meaning that it has a long head and narrow nose. Other dolichocephalic dogs include Dachshunds, Afghan Hounds, and of course Greyhounds, the breed from which the Whippet originated.\n\nWhippets are robust dogs who, with proper care, can enjoy lifespans of anywhere from 12 to 15 years. A complete and balanced diet, regular veterinary check-ups, and proper exercise can help your Whippet live a long and fulfilling life.\n\nWhippets come in a variety of colors that are accepted in conformation competitions. They also feature various markings, including black masks, white markings, and “water marked,” which refers to when a sable and white dog has pools of color around the edge of the sable coat, resembling a watercolor medium.\n\nHere’s more good news for those interested in the breed: Whippets have short coats that only require once-a-month combing with a bristle brush or mitt to remove dead or loose strands of fur. Because these dogs have such short coats, they’re less likely to retain that unpleasant “dog smell” common of denser-coated breeds. Be sure to regularly trim their nails to avoid breakage, and brush their teeth two or three times a week to prevent dental disease.\n\n', 'How Much Training Does a Whippet Need?': 'Whippets are undeniably intelligent dogs who can master basic commands with consistency and clear expectations. However, they can prove fairly stubborn and independent, which can prove frustrating at times. They’re not self-willed to the point of ignoring you entirely, but they’re not as eager to please as, say, a Labrador Retriever.\n\nAKC is a participant in affiliate advertising programs designed to provide a means for sites to earn advertising fees by advertising and linking to akc.org. If you purchase a product through this article, we may receive a portion of the sale.\n\nProperly training your Whippet involves identifying what drives them, then centering activity around that motivator. For instance, if your Whippet is toy-crazy, you may integrate their favorite plushies and balls into your training sessions to capture their attention. Always use positive reinforcement-based methods when training a Whippet; these dogs are very sensitive and could become anxious in the face of punishment.\n\nAKC is a participant in affiliate advertising programs designed to provide a means for sites to earn advertising fees by advertising and linking to akc.org. If you purchase a product through this article, we may receive a portion of the sale.\n\n', 'Are Whippets Good for Families?': 'Whippets get fives across the board when it comes to their compatibility with family life. These playful dogs love children of all ages, although rough play is ill-advised because of this dog’s fragile frame. Additionally, Whippets make great additions to households with other dogs, and they particularly get along well with other Whippets.\n\nWhippets aren’t just good for families; they’re also great for apartment living. What’s more, while these dogs want to be involved in your daily activities, they aren’t prone to excessive barking – ironic, considering the word Whippet comes from “whappet,” referring to a small, yappy dog. A Whippet is more of a second shadow than a walking alarm system.\n\nAKC is a participant in affiliate advertising programs designed to provide a means for sites to earn advertising fees by advertising and linking to akc.org. If you purchase a product through this article, we may receive a portion of the sale.\n\n', 'How Social Are Whippets?': 'Whippets can prove extremely mischievous as puppies, using their agility to jump hurdles and climb fences. However, this breed truly “mellows out” as it ages. An adult Whippet will be content with a daily burst of activity in a fenced-in backyard before heading inside to sleep the day away. Still, early socialization is a must to ensure that your Whippet matures into a confident, well-mannered companion.\n\nUltimately, the right dog for you depends more on their personality than their breed. While exploring your options, take the opportunity to connect with sighthound enthusiasts and learn whether Whippets could enrich your life. No matter what breed you choose, there’s a dog for everybody – and this elegant athlete could be for you!\n\n', 'We use cookies': '', 'Privacy Preference Center': ''}",[]
https://www.akc.org/expert-advice/dog-breeds/bulldog-right-for-you/,Is the Bulldog a Good Fit for You?,"Mar 10, 2025","['non-sporting group', 'bulldog']",Micaela Erickson,"Choosing the right dog for your family is no easy task. With so many breeds to choose from, finding the perfect fit may feel overwhelming. If you’re wanting a sweet, easygoing family dog, look no further than the Bulldog.

","{'The Bulldog’s Temperament': 'A member of the Non-Sporting Group, Bulldogs are extremely devoted, friendly companions. Bulldogs are people pleasers, enthusiastically ready to oblige to their owner’s commands. Their easygoing nature can sometimes be mistaken for laziness, but there is more to this breed than meets the eye. Bulldogs can be a good choice for both city and country dwellers.\n\n', 'Physical Traits and Grooming Needs': 'The Bulldog is an instantly recognizable breed. Their wrinkled forehead, pushed-in nose, small eyes, and adorable underbite give them their unmistakable look. Bulldogs have a short, smooth, and glossy coat that comes in a variety of colors. Bulldogs weigh between 40–50 pounds, and stand at about 15 inches tall. Bulldogs are also known to be a more drool-prone breed.\n\nBulldogs require regular grooming to keep them looking and feeling their best. Bulldogs should be brushed 2–3 times a week to keep their coats glossy. The Bulldog’s wrinkles require special attention from their owners. Wrinkles should be checked regularly to ensure their skin is clean and dry. Moisture and food can easily get trapped in the Bulldog’s folds, which can lead to irritation and infection. Prospective owners can expect to keep their Bulldog’s ears and under-tail area clean, and trim their nails about every two weeks.\n\nAKC is a participant in affiliate advertising programs designed to provide a means for sites to earn advertising fees by advertising and linking to akc.org. If you purchase a product through this article, we may receive a portion of the sale.\n\n', 'How Much Training Does a Bulldog Need?': 'Like with any breed, socializing and training a Bulldog early in their life is essential. Bulldogs are eager to please their owners at their core, but puppy training will help curb poor behaviors. Bulldogs love to chew, so prospective owners should plan to teach their dog early on to release whatever is in their mouth on command. Bulldogs can also be protective over food if this behavior is not addressed early in their life.\n\nBulldogs should be given moderate exercise to keep them fit. Short walks are most ideal for this breed. Prospective owners should note that Bulldogs don’t fare well in heat. They also shouldn’t be left alone near bodies of water.\n\n', 'Are Bulldogs Good for Families?': 'Bulldogs are considered to be a good choice for families. Their loving, patient, easygoing nature makes them a good fit for families looking for a true companion. They are laid-back and don’t require constant mental stimulation. Bulldogs are generally good with children, but parents should always supervise interactions between their children and pets.\n\nAKC is a participant in affiliate advertising programs designed to provide a means for sites to earn advertising fees by advertising and linking to akc.org. If you purchase a product through this article, we may receive a portion of the sale.\n\n', 'How Social Are Bulldogs?': 'Bulldogs are quite the social breed. They thrive on human attention and are endlessly devoted to their owners. Bulldogs tend to get along well with other dogs. Their happy, go-with-the-flow nature makes them adaptable in a variety of environments and situations.\n\n', 'We use cookies': '', 'Privacy Preference Center': ''}",[]
