url,title,updated_date,tag_list,author,intro,full_content,faq
https://www.akc.org/expert-advice/family-dog/ozzy-agility-dog/,Ozzy Does It: Title-Winning Dog Channels Energy Into Agility,"Apr 16, 2026","['canine partners', 'agility', 'trick dog', 'senior dog']",Penny Leigh,,{},[]
https://www.akc.org/expert-advice/family-dog/work-hard-play-hard-border-collies/,"Work Hard, Play Hard: Border Collies Go for It in All Phases","Mar 23, 2026","['working dogs', 'border collie', 'agility']","Sassafras Patterdale, CPDT-KA, CTDI","There are few sights more beautiful than watching a dog do the work it was bred to do. This is especially true for me when watching Border Collies herding sheep.

Last fall, my dogs and I headed out alone on a cross-country road trip from Portland, Oregon, to Ontario, Canada. On day two of the drive, I was navigating through the roads of Wyoming when, out of the corner of my eye, I saw sheep—a lot of sheep—on the move.

I looked closer and saw the undeniable black and white dart of fur. The sight of the dogs took my breath away and caused me to voice-to-text (safety first!) every dog person I knew. I’ve spent most of my life working with dogs, but never had I just been driving along and seen dogs working sheep like this.","{'Collie Calling': 'Dog trainer Barbara Lloyd, who has working Border Collies, confesses that she has a similar response to watching her dogs work sheep: “Sometimes I get so mesmerized by it that I forget to do my job as navigator.”\n\nTruthfully, if I could have safely pulled over in Wyoming and watched those dogs work, I would gladly have done so. Border Collies are a perfect combination of physical athleticism and intelligence, which understandably makes them the breed of choice for farmers around the world and dog sports competitors alike. Lindsey Anne-Marie competes internationally with her Border Collies, including Road Runner, who won the Americas & Caribe Large Dog Championship and earned a spot on Team USA for the 2026 WAO (World Agility Open).\n\nFor Anne-Marie, there was no question that Border Collies were the breed she wanted as an agility partner as soon as she handled one. “I ran my first Border Collie at a local agility competition in 2017. Back then, I ran Golden Retrievers, so this dog didn’t belong to me. A friend was injured and asked me if I would like to run her dog. I didn’t hesitate to rise to the opportunity to run this really fast, well-trained dog. We qualified in our very first run together and by the end of the day, I didn’t want to give this dog back to its owner.”\n\nWhat stood out to Anne-Marie was how adaptive the dog was, and soon she was bringing Border Collies home herself. “The Border Collie’s level of competitiveness and desire to do the sport of agility parallels mine. When I run agility with a Border Collie, I feel like we are working in tandem and running with the same enthusiasm,” she says.\n\nThe unique qualities that make Border Collies naturals for agility and other sports today are the same qualities that were perfected in them as herding dogs. Lloyd says, “They are also fearless on stock but super sensitive to their handlers—this is necessary for them to be able to defer to the handler. … Most of all, they are kind, honest loving dogs that want more than anything to herd stock for you.”\n\nPrecision, thoughtfulness, and handler focus are what bring everything together for Border Collies in everything they do. The tireless energy and constant thinking they demonstrate make them incredible working dogs, but also dogs who can easily get bored as pets if they don’t have appropriate physical and mental enrichment and exercise.\n\nDr. Patricia McConnell, a dog behaviorist and farm owner, has a forthcoming herding-focused novel, Away to Me, and explains that training Border Collies is a combination of both nature and nurture. For herding dogs, it is far more complicated than just responding to cues.\n\n“‘Good’ training is not so much ‘obedience’ training as it is letting the sheep teach a dog what works and what doesn’t work to control them. It also includes giving a dog a chance to make mistakes, and to develop emotional maturity and what I don’t hesitate to call wisdom,” she says.\n\nMcConnell notes that developing this kind of creative thinking “is essential to creating a dog who can bring a single ewe, lost in the woods, back by itself without your handling it. So much of a dog’s work is due to its ability to ‘read’ sheep, something they will always be better at than we are, much like that of a scent detection dog who might take your direction, but has skills we can only dream about.”\n\nIf you’ve ever attended a dog show or watched performance sports on TV, no doubt you have seen Border Collies dominating the performance sports, and for good reason. The same problem-solving skills and work ethic that make Border Collies exceptional herding dogs also call many dog sports enthusiasts to share their homes with them. Anne-Marie says, “The combination of athleticism, passion and drive to work is unmatched. They pour their heart and soul into everything they do to please their handlers.”', 'Work Versus Herding': 'Like any herding breed, herding trials offer a great opportunity to test a Border Collie’s skill, but that is not the same as being a working farm dog.\n\n“The training is the same, but the execution is different because the situations are vastly different,” Lloyd says. “On the farm, the work is different. It is less about executing a prescribed course and more about getting the job done as a true partnership. In a trial setting, the dog is meticulously directed. On the farm, the dog is given broader instruction and trusted to make decisions in real time.”\n\nThis level of thinking is what makes working sheepdogs truly exceptional. In working farm life, “I care more about whether a dog can fix a mistake than whether they avoid one,” Lloyd says, noting that her dogs have a lot of responsibility. Building this kind of working relationship with a dog takes time, and the learning is never done.\n\nIn Lloyd’s experience, “Real farm dogs are not finished products. They mature. They accumulate experience. They get better because they’ve seen things. There is no fast-tracking wisdom.”\n\nThe day-to-day life of a working Border Collie is ever-changing and dependent upon the needs of the property and the livestock. Lloyd says that on her farm, “some days involve long gatherings across open fields. Some days are tight, technical work in pens. Some days are waiting. Watching.\n\nHolding space while humans do their part. The dog adjusts their energy to the task. They are not ‘on’ all the time. Good workers know when to apply pressure and when to stand down.”\n\nFor her dogs, Lloyd says, “work is not constant motion. It’s constant awareness.”\n\nRegardless of whether Border Collies are running agility or working sheep, the connection shared between dog and handler is always at the forefront. While many people see the end result, the big rosettes or the peaceful livestock, for these handlers, it’s the relationship they share with their dogs that remains central.\n\nFor Anne-Marie, it’s not always the biggest wins that stand out the most. She says, “While becoming the 2025 AyC (Americas y Caribe) Large Dog Champion and winning a spot with 2026 WAO Team USA were huge accomplishments with my Border Collie, Road Runner, my most fulfilling moment has been making a comeback with my older dog, Maze Runner. When she turned three, she developed fear issues in the competition ring that really held us back from our full potential. Being able to unlock her mind, rebuild her confidence, and step into the ring to run with her again has been everything to me.”\n\nRegardless of what sport or type of work they are involved in, it’s the connection between dog and handler that makes working with Border Collies so special.\n\nFor McConnell, having a working partnership with her Border Collies can only be described as “magical.”\n\n“As a behaviorist trained in the science of canine cognition, I know to be careful to not make attributions lightly about what is going on in the mind of a dog. But I would bet the farm—and I have one!—that when you and your dog work together to get a difficult job done, you can almost feel their sense of pride and accomplishment as they trot back to the house beside you.”'}",[]
https://www.akc.org/expert-advice/family-dog/dog-day-care/,Finding the Right Day Care for Your Dog,"Feb 11, 2026","['dog walker', 'day care']",Kathy Santo,"As the owner of a dog training and day care facility, I have lots of experience with creating an environment that’s fun, safe, and educational for dogs. If you’re thinking about day care for your dog, here are some things to consider.","{'Day Care\xa0or\xa0Dog Walker?': 'Let’s say someone has a dog who’s cautious with other dogs, doesn’t enjoy leaving the house, and tends to just chill and sleep while the owner is at work. What’s a better choice:\u202fdog walker or day care?\n\nWell, there’s a case to be made for both options.\u202fA trusted walker would be able to take the dog out for a walk among familiar surroundings, provide a brief amount of interaction, and when the visit is over, the dog is left alone to chill out.\u202fThere’s nothing wrong with that. Except …\n\nSometimes the owner wants the dog to be more social and comfortable with new environments and experiences. They don’t like the idea of the dog being alone and bored most of the day, because when they come home, the dog is overflowing with energy.\u202fThey want a day care where their dog can safely meet and interact with new dogs, new people, and get more exercise than a walk around the block.\n\nSome dogs have special needs and would do better having supervision all day.\u202fSeveral dogs at our day care have this situation.\u202fSome are recovering from surgery, some need hourly potty walks due to age or a medical issue, many are on medications that must be given at specific times (such as seizure medicine or insulin), and some participate in a vet-prescribed exercise program.\n\nThere are also dogs with separation anxiety issues, and if left alone, they can do damage to their home and themselves. In most of these situations, the owners work full time out of their home and are unable to provide the specialized care that their dog requires.', 'Dogs Love Day Care—Unless They\xa0Don’t': 'Some dogs love to be in a group of dogs, playing nonstop.\u202fAnd some dogs prefer to be solo and get their exercise by playing with people.\u202fThat doesn’t mean that the solo dogs won’t enjoy being at day care, it just means that their day needs to be on a different “track” than the more social dogs.\n\nWe have a few dogs who are considered “singles,” and although they don’t care to play with other dogs (for various reasons, such as fear or reactivity) they get the same amount of exercise and social interaction with humans.\u202fWe’re a training facility as well, so we’re working with those dogs to rehab them, but until they’re ready, we have a way to make their day amazing and exciting.\n\nIf your dog falls into this category, be sure that a day care can handle the accommodations your dog needs.', 'What To Look\xa0For\xa0in a\xa0Facility': 'Our facility is annually lauded as “setting the standard” in our area. Here’s a list of what sets us apart, and what you should look for in a day care where you live.', 'Non-Negotiables': 'Finding a perfect day care match may be a challenge, but once you do, it’s a huge relief to know your dog is taken care of and loved by their “extended family.”\n\nBeyond an obvious love for dogs and offering enrichment and training programs, there are other non-negotiables that a facility should have:'}",[]
https://www.akc.org/expert-advice/family-dog/a-clean-start-siberian-husky/,A Clean Start for Dogs and the Formerly Incarcerated,"Dec 05, 2025","['siberian husky', 'grooming']",Elaine Waldorf Gewirtz,"While most Siberian Huskies would rather pull a sled in frigid temperatures than take a bath, Rocco, a 100-pound Husky mix, opts for a spa day. About once a month, the red and white long-haired dog strides into Homeboy Puppy Fades Pet Grooming Salon and scans the room for his favorite groomer, Richard Orea.

Although Orea likes working with all dogs, he especially looks forward to Rocco’s appointments. “Despite his size, he’s one of my favorite customers and an awesome dog,” says Orea. “He’s got plenty of energy but never pulls me on the leash and loves the attention I give him.”","{'More Than a Tidy-Up': 'The mutual admiration that canine and groomer share for each other extends beyond the brush-out. Theirs is a trust encounter of all-hands-on suds and towel rubs in delicate places.\n\nOrea and the three groomers at Homeboy Industries’ Puppy Fades, in Pasadena, California, are formerly incarcerated. They’re rewriting their history by caring for another creature.\n\nWhile pet grooming salons focus on sprucing up their furry customers, this grooming shop and its dog clients are creating a new business model. They’re changing the lives of formerly incarcerated individuals and those previously involved in gangs as they rejoin society, one spattered Schnauzer and a sponge at a time.\n\n“Our employees love bonding with the pets,” says Thomas Vozzo, senior advisor at Homeboy Industries. “They view these dogs as their own animals, and their eyes light up when their dogs come into the shop.”', 'Soap, Water, and Much More': 'Rocco and hundreds of dogs have visited Puppy Fades since its opening in April. For dogs who romp through mud, collect coat tangles,\u202for emit pesky body odor, getting a little canine shampoo and water—along with plenty of tender loving care at the new doggy beauty shop—equals bonding time with their groomers. Add in some trimming and styling, nail clipping, dental brushing, and a colorful bow, and each technician takes pride in making every dog look its best.\n\n“We’ve had about every breed and mix under the sun, including Poodles, German Shepherd Dogs, Scotties, and Westies,” says manager Iris Chen.\n\nWhen a rescue group brought four 120-pound Tibetan Mastiffs to the shop, the groomers spent an entire day combing, trimming, bathing, and drying the neglected dogs.\n\nThe Puppy Fades grooming team consists of two managers hired from outside the prison system and four certified pet groomers from the West Coast Grooming Academy.\n\nBefore their release, those incarcerated can opt to join Homeboy’s 18-month re-entry training program. Upon graduation, they can apply to attend a four-month dog grooming program at the West Coast Grooming Academy.\n\n“They undergo a screening process before they can join the program,” Chen says. “We accept on a case-by-case basis, but candidates often qualify if they’ve dealt with homelessness, substance abuse, previous incarceration, or belonged to a gang.”\n\nAccording to Vozzo, only the brightest and best candidates are accepted for dog grooming. “We pick those with an affinity with dogs,” he says. “Dog handling forms the basis of grooming so it’s not a skill that comes naturally to everyone.”\n\nOrea is the perfect example of what hard work, dedication, and never giving up is all about. From the ages of 16 to 24 he was in and out of jail. Two years ago, he joined Homeboy Industries’ re-entry training program after getting out of a treatment facility for recovering from an addiction to crystal meth.\n\n“I had to find a new way of life and interacting with dogs worked the best for me,” Orea says.', 'Second Chances, New Futures': 'Los Angeles native and Jesuit priest Father Gregory Boyle founded Homeboy Industries 37 years ago in East Los Angeles to help people deal with trauma.\n\n“Working with a global network of 150 organizations in 42 states and seven countries, the Homeboy Network is the largest gang-intervention rehabilitation and re-entry program in the world,” Vozzo says. “Give people a job, and it changes their life. We believe in giving second, third, and fourth chances.”', 'Courtesy Homeboy Industries': 'Each year, Homeboy helps 8,000 people released from prison in some way—whether that’s with rent money, tattoo removal, or recovery from drugs and alcohol. Case managers and employment counselors provide continued support.\n\nOn Puppy Fades’ opening day, a groomer’s brother and sister approached Vozzo with tears in their eyes and thanked him and Father Boyle. “They had disconnected with their brother while he was in prison but reunited because he now had a purpose,” Vozzo says.\n\nPuppy Fades provides a quality job and pays an hourly salary of $20 per hour, plus tips. The minimum wage in California is $16.50 per hour. The groomers are invited to remain at the Pasadena shop or seek employment elsewhere if they wish. “Their goals matter to us,” Chen says. “Some say they want to open their own business, or they want to stay here forever.”\n\nOrea likes working at Puppy Fades because of the camaraderie with the other groomers. “It’s like a family because we all went through the grooming program together,” Orea says.\n\nHomeboy’s concept of teamwork—rather than every groomer being out for themselves—helps play to everyone’s strengths.\n\nRelying on each other comes in handy when a groomer feels stumped about whether to trim a tail one way or the other, or how to manage an unusual coat type. Above all, the dog’s best interests and making the dog feel relaxed matters the most.\n\n“Dogs can come into the shop for the first time and might act scared or anxious, but by the time they leave they’re happy and wagging their tail,” Orea says. “To me that makes all the difference in a dog’s life.”', 'A Perfect Partnership': 'Puppy Fades is Homeboy Industries’ first pet grooming shop, with five to seven more scheduled for future openings in the Greater Los Angeles area. Homeboy also operates a bakery, silk screening business, café, and an electronic recycling business for the formerly incarcerated.\n\n“We thought adding a dog grooming business would be a natural fit for Homeboy since many of our people have an affinity for dogs,” Vozzo says.\n\nWhile four months may not sound long enough for the groomers to learn the fine points of trimming and managing the different coat types of every breed, West Coast Grooming Academy called on breed experts to help. They brought their dogs in and presented master classes on breed haircut specifics.\n\n“I worked on a family of eight Bouvier des Flandres and learned how to hand strip their coats,” Orea says. The rough-coated, 27-inch-tall Bouvier belongs to the AKC’s Working Group and has a coarse double coat that requires this unique technique to maintain the harsh texture.\n\nOrea also remembers trimming Andrew, a West Highland White Terrier. “He needed his skirt trimmed and that was a project,” Orea says. The Westie is a small dog, but the skirt is the long, wiry coat that hangs under the dog’s belly and down either side of its body, between the front and back legs.\n\n“I also learned how to give a Schnauzer a haircut, and it’s a good thing the dog was patient, because there’s a lot to it,” Orea recalls. “The Westie and Schnauzer cuts are pretty detailed, but the Schnauzer owner gave me a textbook I could look up later.”\n\nMastering the art of nail cutting is a challenge for many pet owners, but Orea doesn’t mind doing “pawticures” at all. “Puppies and little dogs can get fussy if they don’t like their feet touched, so I’ll ask a coworker to hold a puppy while I cut its nails, which usually works.', 'Total Acceptance': 'Since Puppy Fades opened, manager Dee Lujan has noticed a few changes in the team’s confidence level. “In the beginning, the homies were afraid of making mistakes and being perceived as bad, lazy, or not good enough,” says Lujan. “We encouraged them to be vulnerable and that it’s OK to ask for help.”\n\nRealizing that the dogs don’t judge or care if the groomers were once incarcerated, lived in a homeless shelter, or have tattoos on their eyelids is life-changing for the groomers.\n\n“All the dogs care about is how the groomers show them compassion and make them feel fresh and clean,” Lujan says.\n\nGetting dirty has a purpose after all. It’s what dogs do best.'}",[]
https://www.akc.org/expert-advice/family-dog/tripod-whippet-blur/,A Tripod Whippet Overcomes Major Setback to Hit Fast CAT Track,"Oct 15, 2025","['lure coursing', 'whippet', 'fast cat', 'three legs']",Penny Leigh,"An impressive pedigree and high expectations preceded Whippet Blur’s arrival to the world.

After all, her grandmother won the AKC National Lure Coursing Championship, and her father was a top lure courser and breed champion. Mom was no slouch either, earning her field championship.

Her breeder kept Blur and planned what she wants for all her Whippets: “I hope for both successful lure coursing dogs that will also be successful in the show ring,” says Dr. Deana McNamer, DVM, of North Carolina.

Lure coursing is a sport for sighthounds—such as Whippets and Greyhounds—in which they follow a lure, usually a white plastic bag, moved with a pulley system around fields.

The sport is designed to test these breeds on what they were originally developed to do—hunt game using their amazing vision and speed. Blur showed great promise in her early training for coursing, but her future took a drastic change during her second year of life.","{'The Accident': 'It was a day like any other day. McNamer and her husband arose before sunrise to take care of their dogs and get ready for work.\n\n“Blur just happened to be the first dog I let outside that morning. Unfortunately, because it was dark when I let her outside, I didn’t realize that a small agility tunnel that was out in the front yard had blown in front of our front porch,” she says. “The porch is made of stone slabs and is three steps high.”\n\nWhen Blur had been outside long enough to “do her business,” McNamer opened the door and called her.\n\n“At this point, it was just light enough for me to see what was happening. She came running to the door and decided to jump over the tunnel and onto our front porch, but didn’t realize that there was about 6 feet between the tunnel and the porch.”\n\nWhen Blur jumped the tunnel, her front feet made the top of the porch, but her back legs didn’t. Her right knee crashed into a stone step, resulting in a catastrophic injury. The edge of the step cut the patella ligament from the patella bone and then entered the knee joint space, also cutting the cruciate ligament.\n\nAs a veterinarian, McNamer knew it was a devastating accident.\n\n“We had consults with three different specialty surgeons; all gave a very poor prognosis with surgical repair,” McNamer says. “They speculated that even with a successful surgery and all the risks that would follow it, failure of the surgery once she started running around was likely and the eventual outcome would be amputation. Rather than putting her through it all, we elected to amputate the leg.”\n\nPlans for Blur to enter her first competition changed to plans for helping her adjust to her new life.\n\n“Once the decision was made to amputate her leg, I realized that everything she was bred for was suddenly gone. She could not participate in either showing or lure coursing with only three legs. However, at first, I think the disappointment was overshadowed by the need to care for a tripod. Our focus was just getting her adjusted to living with three legs.”', 'Three-Legged Life': 'Post-surgery, Blur’s life consisted of rest and rehabilitation. And then one day, the McNamers realized that Blur was going to be fine. “About six months after her amputation, I was shocked to see how normal she was, running around our yard like a normal dog,” she says.\n\nFor a time, they thought the best thing would be to find Blur a new home where she could get more attention. They reached out to their local dog community, but the right home never materialized.\n\n“So, I refocused, and I tried hard to find activities that would stimulate Blur and replace the activities that she was no longer able to do,” McNamer says. “We dabbled in agility and while Blur loved it, my life was too busy for that sport.”\n\nIt was clear that Blur yearned to fulfill her legacy of being a lure courser. She effortlessly ran around the McNamers’ 3-acre property.\n\nThree-legged dogs cannot compete in AKC lure coursing for sighthounds, but McNamer learned the AKC changed the eligibility for the all-breed Fast CAT events, allowing tripods to enter.\n\n“I thought this was finally her chance to shine,” she says.', 'Finding Her Place': 'Fast CAT is a 100-yard straight line dash. Dogs chase the lure and are timed. Their time is converted into miles per hour, and they earn points toward titles based on their times.\n\nMcNamer entered Blur in a Fast CAT event not far from her home near Raleigh, North Carolina. When she arrived, however, there was confusion when she reported for inspection. At all coursing events, dogs must be checked to make sure they are sound before they can compete.\n\n“I was told that they couldn’t tell if she was lame or not. I was patient as I knew this was a new change. I showed them the rule change, explained that I was a veterinarian, and assured them that she was moving normally for her with only three legs,” she says. “Finally, it was decided that the Field Trial Committee needed to evaluate her for lameness and once that was done, she was approved and ready to go.”\n\nBlur headed for the start line and immediately drew attention.\n\n“I will just say she was a superstar. She ran down the track like she had four legs. Everyone was amazed. I was proud, but to be honest, this was just Blur to me,” McNamer says.\n\nBlur clocked 27.45 mph on her inaugural run. After a rest, they prepared for their second run of the day, and McNamer realized that Blur had a fan club.\n\n“Suddenly, I had a crowd. Everyone, especially the kids, all wanted to make sure they saw Blur, the three-legged dog, run. She had another stellar run, not much slower than a normal Whippet, and everyone cheered her on.”\n\nBlur came home following the three-day event with her BCAT title. Her fastest run was 7.43 seconds, or 27.53 mph.\n\nChris Frodsham, business operations manager of Time to Fly Performance Dog Sports, was running the Fast CAT event where Blur made her debut. It was his crew’s first experience with a tripod entering one of their events.\n\n“The comment from our staff was, ‘If I didn’t see that Whippet finish the run, I never would have known she was a tripod.’ When running, Blur looks like any other Whippet. When she slows down and stops, you can tell she only has three legs because of the way she needs to compensate for her balance,” Frodsham says. “We have run a few other tripods since. All pass inspection and run pretty normally.”\n\nThere are many opportunities for dogs that lose limbs. Today, tripods can compete in AKC agility; the non-jumping classes of AKC obedience and rally; and AKC scent work; in addition to Fast CAT and the all-breed Coursing Ability Tests (CAT).\n\nIf you have a dog that loses a leg, keep your mind open to all that they are still capable of, McNamer advises.\n\n“Once the amputation has happened, the dog doesn’t see any limitations like we do. I believe they do understand that things have changed, but in my experience, they very quickly adapt to those changes and just go on living life the best they can,” she says. “And the best thing you can do for them is to not limit them but to let them be the best they can be.”'}",[]
https://www.akc.org/expert-advice/family-dog/roger-that-life-sports/,Roger That! A Desperate Dog Finds a New Life and Passion in Sports,"Mar 13, 2026","['scent work', 'canine partners', 'all-american dog', 'tracking', 'mixed breed']",Penny Leigh,"Shelters have many dogs with sad stories. But Roger was the one of the most heartbreaking cases Vicki Brown had ever seen.

A medium-sized mixed breed with hair that has a mind of its own, Roger was picked up as a stray. Estimated to be around 2 years old, Roger lived a rough life. He had evidence of multiple old gunshot wounds and was very ill with a respiratory condition that resembled pneumonia.

The shelter did not have the resources to provide the medical care he needed, so he was transferred to the main facility of the San Diego Humane Society.

“I was providing ultrasound and cardiac imaging services to their medical department and that’s how I met Roger, and he captured my heart,” Brown says.

After extensive evaluations, diagnostic procedures and treatments, it was determined that he was suffering from the fungal infection coccidioidomycosis, or valley fever. The infection had completely taken over one lung and spread to his other lung and other parts of his body.

Valley fever is caused by a fungus found in the Southwestern United States. People and animals can inhale the fungal spores, which attack the lungs. If left untreated, the infection can spread throughout the body.

The San Diego Humane Society made sure he received medical care and helped Roger get on the road to recovery. Brown visited Roger almost daily. Physically, he slowly improved, but he also became despondent.

“Roger’s condition limited his ability to get outside or interact very much, so after work I would sit with him in his kennel, and he would look at me with those eyes … you know what I mean, that ‘old soul’ look,” she says. “I knew then that if he survived, I would adopt him.”","{'Going Home': 'Roger lived in the shelter for eight months when Brown got the word that he could leave.\n\n“I was so excited for both of us. But then they explained that although he was recovering, he wasn’t thriving and was showing signs of giving up. So rather than adopting him, this would be a hospice situation,” says Brown, a diagnostic medical sonographer who lives in Chula Vista, California.\n\n“What we all wished most for him was to be out of the shelter and in a home setting where he could spend his remaining time. So, with only one remaining lung and several medications, I brought him to his forever home. The time we would have together was estimated to be about two weeks.”\n\nRoger joined Brown’s three other dogs and was paired with her slow-moving senior dog for short walks, followed by long naps.\n\n“He spent the first few days tentatively observing and exploring. A week later he started to engage with the others. A week after that, he began exuberantly slapping down in play bows.”\n\nBased on his growing enthusiasm, Brown included Roger on a trip to the beach.\n\n“What I expected from him was a slow saunter next to me, but what I got was a dog shot out of a cannon. He kept up with his packmates, bounding through the water and running in the dunes. Something clearly had changed. Roger had discovered joy.”', 'Finding His Way': 'What was meant to be two weeks turned into 12 happy years. Roger is now 14 years old and has outlived his original canine housemates. And that could be the end of the story. But it is not.\n\n“I have had a number of dogs over the years, and my go-to activities were rambling walks, hiking, and beach romps. Dog sports were not really on my radar.”\n\nThat changed in 2019 when Brown obtained a 9-year-old Australian Shepherd.\n\n“Her breeder was looking for a nice home where she could enjoy a well-deserved retirement after achieving championships in herding, agility, and conformation. It quickly became obvious that Lily was not ready to be a golden-years couch potato.”\n\nBrown began working on Lily’s AKC Canine Good Citizen (CGC) titles, and their instructor suggested AKC Rally. “This turned out to be a great fit, and we were both hooked.”\n\nBy age 11, Lily added to her resume: CGC, Advanced CGC, Urban CGC, Rally Advanced, Trick Dog titles, and Farm Dog Certification. “About that time, she decided the couch was looking pretty darned good and retired.”\n\nBut Brown missed the friends she made in dog sports and the training process. She turned her attention to 12-year-old Roger, who let her know that obedience and rally were not for him.\n\n“Rally … meh. Obedience? Big nope,” Brown says. “Scent work and tracking, where his nose was in charge? Now we’re talking.”\n\nRoger loved using his nose and being rewarded with food when he made a successful “find,” but training still had its challenges.\n\n“First, something has to catch his attention visually, then he interrogates with his nose. I needed to teach him that the reward comes from finding things that he smells rather than just from things he can see,” Brown says. “Scent work really helped him develop that skill since he can’t see where the odor is hidden. As he gained more confidence playing that game, I introduced him to tracking.”', 'The Right Track': 'In 2024, they began training with Sally Nesbitt of San Diego Tracking Dogs. She stressed the importance of having a solid foundation and developing a consistent routine.\n\n“Tracking is a totally fun game we play with our dogs. In the world of tracking, the game is ‘smell this, follow the smell, find that, and party.’ Roger enjoys the game, and he really loves the party,” Nesbitt says.\n\nRoger is a great example of old dogs learning new tricks—and he shows the many benefits of taking on those challenges.\n\n“Roger has always been an introverted and cautious guy. He had a very small group of humans and play buddies that he trusted,” Brown says. “Since we started scent work and tracking, he’s more confident and outgoing and is more accepting of new situations.”\n\nOn January 1, Roger competed in his first AKC Tracking Dog test held at San Pasqual Valley’s Bandy Canyon in Escondido, California, hosted by the Southwestern Rottweiler Club of San Diego.\n\nThe test requires a dog to follow a track 440 to 500 yards long with three to five changes of direction. The track is laid by a human tracklayer and is “aged” 30 minutes to two hours before the dog begins scenting. The goal is to use the scented track to locate an article, such as a glove, left at the end of the trail by the tracklayer.\n\n“Everything aligned. It was New Year’s morning, the weather was perfect, and the field conditions were ideal. To those in the gallery, it became obvious that Roger had a unique and amusing tracking style: nose to the ground until he had a question, then he would leap like a gazelle hoping to get a visual clue,” Brown says. “When that didn’t help, he got back to work using his nose, which eventually led him to the glove, and his Tracking Dog (TD) title.”\n\nThat’s not all. In addition to his TD, Roger has earned the AKC Scent Work Advanced (SWA) title and is working on the Scent Work Excellent title. He has also obtained the CGC and AKC Temperament Test titles, becoming a multi-titled senior citizen. Not bad for a dog who was nearly out of hope a dozen years ago.\n\n“Roger loves to learn new things. He desires to please Vicki and to excel in everything he does for her because she saved his life,” Nesbitt says.\n\nAnd retirement is not in the cards.\n\n“When I break out his sniffing gear, his teeth chatter, and he hops on his hind legs trying to get me to move faster so that he can play the game,” Brown says. “Roger has taught me a lot about forgiveness, perseverance, and the restorative benefits of a nurturing environment. And as long as he’s having fun, we will continue to prepare for the new tracking season that starts in December.”'}",[]
https://www.akc.org/expert-advice/family-dog/taking-the-lead/,Taking the Lead: Where Kids Run the Show,"Aug 20, 2025","['juniors', 'conformation', 'junior showmanship']",Lindsey Dobruck,"The evening before the November 2023 match, junior handler Emerson Jaquish was already feeling accomplished.

The newly formed Arizona Sunset Juniors Club collaborated for months on their first event as a club—a sanctioned B match, with breed judging, Junior Showmanship, rally, obedience, and Canine Good Citizen testing.

The members, ranging in age from 5 to 21, helped in whatever ways they could. Jaquish’s friend Kira found judges to volunteer for the match. Her little brother, Griffin, made signs to promote the event. Other members solicited vendors for raffle items, learned to ring steward, filed the paperwork to host the match, and found a show secretary.

As the kids set up for the event the night before, Jaquish felt a sense of pride and a closer bond with her fellow club members.

“Everybody came together to prepare this match that we had spent months trying to put together,” Jaquish says. “And it just kind of gave me a feeling of, wow, we did this. We put this on and it felt great to know that we had accomplished something like that.”

One of just two youth-led AKC clubs in the country, the Arizona Sunset Juniors Club helps young handlers learn what it means to be part of the greater dog show community.

“It’s just like an all-breed club with AKC, except the members are younger,” says Pamela Peat, president of the Scottsdale Dog Fanciers Association in Arizona. “They have written their own constitution and bylaws. They have elected their own officers.”

But it’s not all work and no play—for club president Jaquish, 18, a main goal is camaraderie.

“We want to take out that competitiveness and just bring all these kids together, let them have friends,” she says. “I want these kids to feel like they have an opportunity to have all these people who want to just help them. They have the opportunity to have these friends. I want them to all feel supported.”","{'Paving the Way': 'The blueprint for a junior-focused club came from AKC judge and 4-H leader Emily Fish, of Camas, Washington.\n\nFish came to the dog world through 4-H as a child, and she’s passionate about supporting youth in the sport. While 4-H excels in teaching handling and husbandry, Fish wanted a better way to involve kids in the greater dog community.\n\n“I’m a big believer that we, as a dog community, need to replace ourselves,” Fish says. “And if we don’t have a person to replace ourselves, how are we going to go forward?”\n\nIn 2021 she approached the Greater Clark County Kennel Club (GCCKC) with an idea: an all-breed kennel club for juniors, run by juniors, to expose them to the many different roles that make up the dog fancy. With the GCCKC’s enthusiastic go-ahead, Fish worked with Mari-Beth O’Neill, AKC’s vice president of sport services, to form the first AKC Junior Club.\n\nThe youth club operates under the GCCKC’s umbrella, but with their own officers and finances. They convene before the GCCKC’s meeting for club business and guest presentations. At one meeting, a vet tech walked the kids through a wellness exam. At another, the GCCKC president demonstrated carting with his Leonbergers.\n\nFish encourages the kids to set goals for themselves and their dogs using what they’ve learned from the speakers and activities. One year, the club made vision boards using magazine photos to illustrate their aspirations.\n\n“I had one girl who had a Goldendoodle … and her vision board—this just tickled me—was of a Papillon,” Fish says. “She had all this Papillon stuff and butterflies all over, and she’s like, ‘I just want a Papillon. I want to be able to compete with a Papillon.’ Literally, that next year, she had her Papillon.” (The young handler has gone on to win Best Junior at all-breed shows and competes in agility.)\n\nTwice a year, the club organizes a Junior Showcase for kids to try several AKC sports and programs—CGC, Farm Dog Certified, tricks, Fast CAT, Barn Hunt, junior handling, and more. The events draw kids from 4-H and the community into the world of AKC sports, and the young club members learn what it takes to put on a show or trial.\n\n“They run their own showcase,” Fish says. “They plan the trophies, they go out to the community to help get stuff for the goodie bags. … They help out with ring stewarding.”\n\nHosting and participating in their own showcase has given many young handlers the confidence to compete alongside adults, and also help run GCCKC’s events.\n\n“They’re so much less intimidated by doing it on their own, with each other, versus branching into the adult [club],” Fish says. “But now I have kids that are like, ‘Oh, do you need help with hospitality? OK, let’s go!’ ”', 'Gen AZ': 'Today, Fish works with O’Neill to consult with local kennel clubs on ways to support their juniors.\n\nThey connected with Peat, president of the Scottsdale Dog Fanciers Association, about forming a club using Fish’s model. Instead of recruiting kids from 4-H, the Arizona Sunset Juniors Club started with a talented team of junior handlers coached by renowned trainer Jody Davidson.\n\nThe kids had well-established friendships through Davidson’s mentorship, but taking part in the juniors club has integrated them into the larger dog community.\n\n“A lot of the kids who are in the club have made personal connections to people within the Scottsdale club, and we hold our meeting right before theirs, at the same location,” Jaquish says. “More than half of the kids who go to our juniors meeting stay for the Scottsdale meeting, because they are also a part of that club.”\n\nFor 12-year-old Oliver Skeen, being a member of the Arizona Sunset Juniors Club has given him a greater appreciation for the work of an all-breed kennel club.\n\n“In our club, they bring in people to talk to us about their certain breed,” Oliver says. “And I think it’s nice to know, behind the scenes, what it takes to put on a show, and learn other breeds as you’re going along.”\n\nSince their initial match in 2023, the club has organized special programming at the Fiesta Dog Shows such as free luncheons, handling workshops, judge mentorship, and a Grand Best Junior competition. This year, the club arranged for a vet tech to give a seminar on first aid, and each attendee will receive a canine first aid kit purchased with money from the club’s raffles and garage sales.\n\n“We don’t have to do it. They do it. And when I say, ‘They do it,’ they do it,” Peat emphasizes. “They organize it, they pick the menu, they figure out the activities, they raise the money to do it.”\n\nAs club president, Jaquish hopes to plan more “extracurricular” activities—like their recent get-together at an indoor slide park—to help the members bond outside of the ring.\n\n“You make friends, and you establish connections that you didn’t know you needed,” she says. “I just love that this club brings these kids together.”'}",[]
https://www.akc.org/expert-advice/family-dog/hogan-parkour-french-bulldog/,"For Hogan the Parkour Frenchie, All the World’s an Agility Course","Jul 10, 2025","['french bulldog', 'parkour']",Lindsey Dobruck,"It happens fast, and he makes it look easy.

“Hit it!” says Bea Page, and with a running start, Hogan the French Bulldog springs toward a board angled nearly vertical against a fence. He swiftly hits the board with his front feet, then rear feet, bouncing off like a rubber ball. He trots back to Page with a satisfied grin.

“Yes, sir! Good boy!” Page says as Hogan looks to her, eager for the next challenge.

This fancy footwork is called a “tic tac,” and it’s one of several moves required to earn a title with the International Dog Parkour Association (IDPKA).

In this discipline, Hogan is a record-setter: He’s the first of his breed to earn an IDPKA title, and the only Frenchie to hold an intermediate and a specialty title.

But in its essence, parkour—for humans and for dogs—isn’t about titles or rankings. Combining athleticism and creativity, parkour encourages dogs and owners to engage with their environment in new and exciting ways.

“It just really builds a bond like nothing else that I’ve done,” Page says. “Parkour is actually my favorite of all the sports—love, love, love, love, love it!”","{'The French Connection': 'Parkour (for humans) was developed in France in the 1990s by actor and stunt coordinator David Belle. The name derives from the French word parcours, or route, and the objective is to traverse the environment as swiftly and creatively as possible.\n\nTraceurs, or practitioners of parkour, maneuver urban landscapes with cat leaps, gap jumps, dive rolls, vaults, balancing, “underbars,” and tic tacs—stuntman-style moves that require skill, imagination, and an understanding of one’s own abilities.\n\nIDPKA founders Karin Coyne and Abigail Curtis, of Ohio, are active in the sport themselves and would often bring their dogs along when training. They adapted the parkour movements for canine bodies and began teaching dog parkour classes at a local training facility.\n\n“We love parkour, and we really, really love the dog parkour, and we wanted to find a way for it to grow and still have the structure and meet the spirit of what we want,” Curtis says.\n\nShe and Coyne initially balked at suggestions to create a dog parkour titling program—the original sport’s founders eschewed competition, comparison, and commercialization. Could they promote parkour in a way that appealed to dog-sport athletes—who typically chase titles and ribbons—while honoring and preserving its ethos?\n\nWhat they came up with was a noncompetitive, video-submission titling track, emphasizing accessibility, safety, exploration, and personal growth.', 'Playing It Safe': 'For each IDPKA titling level, dogs interact with an obstacle using balance, confidence, and agility—like weaving through a bicycle rack, trotting along a retaining wall, jumping over a log, or crawling under a bench. The rules are thoughtfully constructed using measurements based on the dog’s structure so that obstacles can be scaled—this makes the sport accessible to all dogs, with no particular breed having an advantage.\n\nFor example, at the training level, dogs cannot jump off an obstacle that is taller than their stopper pad. (The height limit is raised to shoulder-level as the dog advances in age and skill.) Dogs are required to wear a back-clip harness with thick straps. Handlers are instructed to spot their dogs and be ready to lower them off an obstacle safely, if needed. Submissions with safety violations or dogs who appear stressed or reluctant result in a non-passing score.\n\n“If you do parkour incorrectly, it can absolutely, 100 percent be very dangerous,” says Curtis, who has a degree in veterinary medicine. “But parkour, both human and dog parkour, is really built on that foundation of (needing) to be safe and strong and smart, and (training) ourselves so that the things we are doing are actually very, very safe and controlled.”\n\nAs dogs develop physical fitness and body awareness, they’re also problem solving and building confidence. Through parkour, Curtis says, dogs are given an opportunity to successfully conquer challenging situations—shifting from a cautious or fearful mindset to one of confidence and accomplishment.\n\n“At those upper levels, I see the dogs go through the same kind of process that I know I go through when I’m looking at a difficult or complicated movement in human parkour,” Curtis says—a process of analyzing, strategizing, choosing the challenge, or opting out.\n\n“It’s just so beneficial for a lot of these dogs to learn how to be confident and make those decisions and become the best versions of themselves.”', 'A Whole New World': ""Before setting records in parkour, French Bulldog Hogan earned his AKC championship in conformation, as well as his Canine Good Citizen Advanced, AKC Temperament Test, and Trick Dog Performer titles. But Hogan’s confidence and sparkling personality caused hiccups in trialing sports like rally and agility.\n\n“He is such a social butterfly,” Page laughs. “I have run him a couple of times in agility trials, and as soon as he spots a ring crew, he’s off and running to go greet them and say, ‘Oh, hello! How are you? I forgot about my mom over there, because I want to be sociable!'”\n\nEnter dog parkour. With no ring times, judges, or special equipment required, Page found an activity that stretches Hogan mentally and physically—at their own pace, and in their own time. And being a true traceur, Hogan now finds obstacles that lend themselves fit for parkour behaviors when they’re out and about.\n\n“If he’ll see something, he’ll go offer to put paws up on it or jump over it,” Page laughs. ” … He just offers the behaviors, because he has such a foundation of knowing that we’re out to have fun, and it’s going to be rewarding.”\n\nPage uses positive-reinforcement, rewards-based training methods, so Hogan is always motivated to play. The most challenging aspect of parkour for Page is finding obstacles that meet the precise title requirements. An expert gap jump, for example, requires leaping between two obstacles that are as far apart as one and a half times the dog’s body length.\n\n“The dog can do the skills, but finding those obstacles that fit all the criteria at the top levels of the sport is the challenge,” she says. “And it’s a fun challenge! It’s a fun challenge to go out and say, ‘Gosh, I need this,’ and start looking around for it.”\n\nCurtis says this “scavenger hunt” is the element that best captures the spirit of parkour—getting out into the world with confidence, and interacting with the landscape in creative, innovative ways.\n\n“I absolutely love hearing dogs be able to go out and have a bigger bubble and enjoy more of their life through the skills that they learned in parkour,” Curtis says. “And that’s what we wanted for parkour. … It’s not about, can you do this thing? It’s about the philosophy behind it, and learning to conquer those mental blocks and all of those kinds of things that make it so much more fun for me.”""}",[]
https://www.akc.org/expert-advice/family-dog/back-on-the-leash/,Back on the Leash: Better Behavior on Dog Walks,"Jun 16, 2025","['leash walking', 'walk']",Kathy Santo,"Out of all the outdoor activities that dogs can participate in, going for a walk is probably the most universal. It’s something that dogs and owners look forward to, as it’s an opportunity to get out of the house, exercise, and enjoy each other’s company.

However, it’s not always easy (or a good idea!) to take a walk, especially when weather conditions are not ideal. When I lived in Florida, if the days were excessively hot, I could always sneak in a 4 a.m. or 11 p.m. walk with my dogs to escape the heat. But here in the Northeast, when it’s winter, the cold can be unavoidable, and your dog walks turn into a “get out, go potty, and rush back in the house” kind of event.

But fortunately, spring returns, the weather warms up, and you can embark on the first long walk in weeks—maybe months! Only it’s not as enjoyable as you remember it to be. As a matter of fact, it’s downright unpleasant.

The pulling, the barking, the chaos, and the accompanying embarrassment. You return home, determined to regain the control and joy of your walks together, but you’re unsure where to start. Here are some “Rebuilding the Walk” strategies that I teach my students.","{'The Walk Begins Before You Walk Out The Door': 'If your dog is leaping, barking, and spinning when he sees you pick up a leash, that sets the tone for the walk. It’s better to rehearse throughout the day—picking up the leash, putting it down, and rewarding your dog, if he stays calm.\n\nDone with regularity, your dog will be much calmer when he sees the leash. Then you can start step two, which is clipping the leash on and then immediately taking it off. If you’re (unintentionally) cranking your dog up by excitedly asking him “Who wants to go for a walk?” you need to stop doing that. Immediately.', 'Change Your Route': 'Working on your dog’s heeling skills in a quiet, distraction-free area is key to making progress. Eventually you’ll increase the distraction level of the environments you’re in, but if you do it too soon, you’ll be back to square one before you know it. This tip requires you to either change your route, or location, or the timing of your walk to avoid potential triggers that your in-training dog can’t handle.', 'Know When To Get Help': 'Whether it’s for a one-time consult, a group class, or private training, a dog pro can give you tips that can make your training sessions much more effective. Knowing yourself is key to choosing the program. If you’re a DIYer, maybe you need just one or two consults to get you on the right path. If you need some hand holding or motivation, classes can be great to keep you accountable for your dog’s progress. Of course, the right trainer is the key to your success, so make sure you do your homework and find someone who’s qualified!', 'The Clothes Make The Man': 'And the dog! The right collar and leash will make your training more effective, and the wrong ones will set you back. This is another testament to the value of trainers, as they can tell you things that you may not know, like why small dogs should have leashes with small bolts, and large dogs should have leashes that have a good amount of width.', 'Dogs With Challenges': 'Now that you have training ideas and a plan to get started, I’ll leave you with some wisdom I share with students when they ask, “How long until my dog is done training?”\n\nTraining your dog and going to the gym share some similarities. The biggest one is that if you stop going to the gym, your body eventually returns to its pre-workout state.\n\nThe same is true of dog training. If you stop training, your dog’s behavior will eventually revert to where it started. Once you’re past the initial training stages, plan on keeping your dog’s training sharp with continued practice, which should be fun and one of the best parts of your day together! If it’s not, rethink your training program, your methods, or even your trainer.\n\nAdditionally, you might look for an AKC sport that you and your dog can have fun competing in. Because if you decide you’d like to earn a title in, for example, rally obedience, then practicing for that can be exciting because you’re working for a specific goal (a title and ribbons)!\n\nCalm, loose-leash walking after a long break takes time and practice, but it’s absolutely doable with the right approach. By starting with the basics, troubleshooting common issues, and practicing consistently, you’ll have your dog walking like a pro—and maybe even ready for the rally ring—in no time!'}",[]
https://www.akc.org/expert-advice/family-dog/ron-godshall-franco/,Ron May You Run: A Veteran and Amputee Stays Active in Agility League,"Mar 10, 2025","['veterans', 'amputee']",Penny Leigh,"Thirteen years ago, Ron Godshall and Heather Eckenrode entered agility class as newbies to the sport.

Godshall had a majestic Giant Schnauzer named Boopsie who was a star in the conformation ring. Eckenrode had two cute spaniel mixes, Bradshaw and Rooney, and limited experience with dog training.

The two started chatting, and Eckenrode had a lot of questions for Godshall about the dog world. A friendship began. They advanced through classes and into competition.

“When we started trialing, Ron would occasionally ask me to run one of his dogs if his leg was too tired to finish out the last runs of the day. His leg had poor circulation due to diabetes related to Agent Orange exposure when he was in Vietnam in the Marines,” Eckenrode says. “Since we were in class together, Boopsie, and later Ron’s other dogs, Nellie Belle and Maxie, became familiar with me and would run with me.”

The condition of Godshall’s leg declined, and in 2020, doctors recommended amputation. His leg was removed above the knee, and Godshall entered rehabilitation with the goal of returning to agility.

Sadly, his last Giant Schnauzer passed away before that could happen.

But Eckenrode made sure that Godshall’s wish came true. She offered her new puppy, a mixed breed named Franco, to be his agility partner.","{'Meeting Franco': 'Godshall got to know Franco while Eckenrode drove him to his numerous post-op medical appointments. (Godshall’s wife, Bonnie, has vision issues that prevent her from driving, and ride share options were limited during the pandemic.)\n\n“While I was helping Ron get to his medical appointments, he became friends with Franco, who would hang out with me in the car waiting for Ron at his leg fitting and other sessions,” Eckenrode says. “Franco started on his agility journey with me, and it was apparent that he finds great joy in running so we decided to start a new journey training him to run with Ron driving his electric scooter.”\n\nThey started training but realized there were limitations to Godshall’s scooter, which had a very wide turning radius. Eckenrode collaborated with others in the agility community to organize a fundraiser to purchase a sportier model of scooter.\n\n“Franco is so fast sometimes I have a hard time seeing him. Now I can turn 360 on a dime and what a difference that made,” Godshall says. “In the last six months, I think Franco’s tuned into me an awful lot. I think to remember he watches my front wheels, so I have to be pointing them where I want to go.”\n\nEvery Tuesday evening, Eckenrode drives Franco to meet Godshall for agility class at Keystone Agility Club in Barto, Pennsylvania.\n\n“Because Ron lives about 50 minutes away from me, we don’t get a lot of time to practice together. The instructor, Jacky Mento, has been so wonderful, supporting us from when this was just a crazy idea until now when Ron and Franco can run full courses,” Eckenrode says. “I got Ron a shirt last summer for his birthday that says ‘Ordinary.’ We were hoping we would get good enough at class to be doing the same courses as everyone else and having the same challenges that everyone else has and we have.”', 'Lads in League': 'Not only are they completing courses in class, Godshall and Franco started competing in the AKC Agility League in the fall. They run on the novice-level team High Octane Moonshots based at High Octane Agility in Colmar, Pennsylvania.\n\n“The best thing that we have done is join the League. We get to run and be competitive and work on things we need to work on—plus all the help we get from our teammates is great,” Godshall says. “We still have a lot to work on, but I think it would be pretty exciting to get to the nationals.”\n\nAgility dogs cue off their handler’s feet and pay attention to how their handlers direct with their arms. It is an ongoing process to figure out how Godshall can best direct Franco while driving his scooter.\n\n“Our first season of Agility League was even more awesome than we had hoped. The team aspect of it is really fun. It took us a few weeks to get our first clear round, but since then we’ve had a clear run every week,” Eckenrode says. “It’s so wonderful to have a regular opportunity to work on our skills with a little extra pressure closer to what a trial is like.\n\n“Who knows where this will take us? Maybe after we build more skills, we’ll get to compete or do a demo at a big event. When I told Ron that there is a para agility championship in Europe, he said he’d get his passport!”\n\nGodshall began working with dogs more than 60 years ago when he obtained a job at a kennel while in high school. The kennel trained dogs for a local police force, and Godshall went on to breed German Shepherd Dogs and Doberman Pinschers before discovering the Giant Schnauzer. He and his wife bred many Giant Schnauzers, which won both in the breed ring and in sporting competitions.', 'Valuable Bonds': 'At 78, Godshall said he may not get another dog, so he values the time that he can share with Franco, thanks to Eckenrode.\n\n“Heather has been my rock,” he says. “And I only see Franco two times a week, but we have a bond. Heather will say ‘Can you please call him out of his crate?’ and then he hops out and loads himself in the chair with me.”\n\nEckenrode and Godshall still take a weekly agility class together, but, for now, she is letting Ron take the lead in handling him.\n\n“Franco is a very talented and excitable guy. I knew by having him work with two people, we would not be able to be as consistent with training criteria and that would create some gaps and challenges, but that is OK,” she says. “This journey with Ron is more important and impactful than any title I could earn with Franco. What he is giving to Ron is bigger than that. And he is giving me a learning opportunity of a lifetime.”'}",[]
https://www.akc.org/expert-advice/family-dog/greg-louganis-ring-stress/,Got Nerves? A Legendary World-Class Athlete Offers Tips on Conquering Ring Stress,"Feb 13, 2025","['AKC Rally', 'stress', 'dog sports']",Mara Bovsun,"Seoul, September 19, 1988. Greg Louganis, 28, considered the greatest diver in history, bounced high off the springboard and gracefully completed a series of airborne somersaults.

Then disaster struck. Louganis remembered it as a “hollow thud.” The horrifying image the world saw was his head slamming into the edge of the board on the way down.

That he remained conscious and exited the pool was a miracle. But even more stunning, about 20 minutes later with a concussion and four stitches in his head, he was back up on the board.

He went on to win one of his four Olympic gold medals in the finals.

What do six seconds (an average dive takes around three) in a super athlete’s life have to do with you as you step up to the line with your novice dog?

As it turns out, a great deal.

Today, Louganis is a dog sport competitor with experience in conformation, obedience, and agility. His current partners are G, a Pumi, and Pax, a Pyrenean Shepherd. Like the rest of us, he’s seen how his moods can affect his four-legged partners.

“If I’m overstressed, then he can go into avoidance. He can disconnect. There are so many ways it shows itself,” he told FD in a phone interview. When Louganis was nervous, G had issues with his start-line stay. As soon as the collar came off, G would bolt and start zooming around the ring.

“So usually, I have to laugh at myself and then do some tricks, easy things that are easy for him to be successful, get his mind off it, get my mind off it, and really kind of get focused on each other,” he says.

Louganis has a repertoire of stress busters that he honed over decades for the highest levels of world competition. He teaches these techniques in an online course, Finding Your Rhythm. He recently shared some of these methods with AKC Family Dog.","{'Just Breathe': 'Louganis was terrified when he stepped up for his second dive in the preliminaries that day in 1988. He felt like his heart was pounding outside his chest. He put a hand on his chest and took a deep breath. At that moment, he heard some of the spectators giggling.\n\n“The people who saw that realized, Oh my God, he’s scared. We’re scared for him. And they chuckled because they were having that same anticipation of fear. So when they chuckled, I started laughing,” he says. The breath, the pause, and a little humor broke the tension enough for him to complete a great dive.\n\nPatterns of inhalation, exhalation, and even holding your breath create different physical reactions. In his course, Louganis teaches several breathing patterns to deal with all kinds of situations.\n\n“If you’re really high on the arousal, then what you want to do is use a breath to calm,” he says. “Generally, a breath to calm is exhaling twice as long as you inhale,” such as inhaling to a count of four and exhaling to a count of eight. Another pattern, “box breathing,” involves holding the breath at the end of deep inhalations and exhalations. Some of these exercises may make you dizzy, but that may be what it takes to jolt you out of a negative mind loop—repetitions of I can’t, I can’t, I’m not good enough—and allow you to clear the mind for the task at hand.', 'Think About It Tomorrow': 'After the accident, Louganis had a flood of negative thoughts—reliving the crash and chastising himself because “really good divers don’t do this.”\n\n“A lot of people asked me, ‘How did you get over it?’ ” he recalls. “There wasn’t enough time. To get over something you need time, you need to process it.”\n\nHe had less than half an hour to get back up there.\n\nOver the years, Louganis has honed a technique to set doubts, negative thoughts, judgmental people, and fears aside in a snap.\n\n“I can compartmentalize things quite well. I’ve had a lot of practice at that,” he says.\n\nIt’s not a matter of pushing the thoughts away, he points out. “The harder you push, the more present it’s going to be. So you have to acknowledge it and say, ‘Well, is there anything I can do about it?’ ” The answer usually is no. “So then it’s like, ‘OK. Then let me focus on this moment.’ ”\n\nHuman minds, wired as they are, always look for judgment, drama, conflict, and worries. It takes practice to be able to put these paralyzing thoughts aside and focus your attention where it needs to be.\nBut it’s a skill that will pay off in many areas of life.', 'Remember to Warm Up': 'Peak performance, Louganis has learned over the years, is a matter of regulating a trio of reactions—heart rate, breath rate, and body temperature. Of the three, body temperature can be a little tricky.\n\nWhen he performed in musicals as a dancer, performers used physical warmups like ballet barre and vocal exercises,\nsuch as humming. These exercises\nare important, because “every night is\nopening night, there are no do-overs.”\n\nDog sports are the same. Serious competitors have pre-run protocols to get in sync with their dogs, such as stretching, quick walks, or tricks. Louganis likes to use easy tricks, such as a hand target or a high five, which can build a dog’s confidence.', 'Settle for Success': 'Many athletes rehearse in their minds, a method known as visualization. Often they like to imagine a flawless performance, but Louganis suggests taking it down a notch. “I encourage people not to visualize perfect,” he says. Striving for perfection leaves little room for small mistakes that might happen in high-stress situations. Striving for perfection after an error could lead to an overcorrection. That, in turn, could spark a downward spiral of errors. When that happens, Louganis says, “your relationship with your dog, which is the most important thing, is going to deteriorate.” Aim to have things go well, trust the hours of training you’ve put in with your partner, and don’t overthink it.', 'Pick Up the Pace': 'The walk-through, a standard part of agility and rally competitions, gives participants a chance to rehearse the course without their dogs. In agility, for example, it’s an indispensable part of preparation, essential for figuring out angles, timing, and turns.\n\nLouganis has observed many competitors rehearsing their moves in slow motion during walk-throughs. Slow\nmotion is fine, he says, when you’re learning a skill. A slow pace allows\nyou to create a memory of what the movement should feel like.\n\n“A huge key to success is you have to get your visualization at speed or faster,” he says. “If you do all your visualization in slow motion, you’re more than likely going to be late.” Even in diving, where the move takes three seconds, Louganis went a little faster in practice and warmups.\n\nThe future diving champ came to this realization as a very young child. Years before he climbed up on a diving board, he trained and performed as a dancer and acrobat. It started when he was a toddler and accompanied his mother to watch his sister take classes. Instead of watching, he tried to join in.\n\nAfter a couple of years of lessons, his teacher told him to practice a routine and then she left the room. He practiced until he was confident of all the steps.\n\nHis teacher came back and asked him to perform the routine. But when she turned on the music, she increased the tempo. It was a test. If he could do it fast in practice, he’d be ready to do the step at the normal speed during performance.\n\n“The first time out, I made it fluid,” he recalls. “She said, ‘OK, you’re ready.’ ”', 'But Don’t Rush': 'Another mistake some handlers make is rushing to get into the game, trialing too early. It takes time, training together, and understanding movements and rhythms that are unique to you and your dog.\n\n“When you first start out, understand it’s a learning process, so allow yourself time,” he says. With G, he trialed infrequently, just to see where they were as a team and what they needed to work on. Then they’d practice before going to another trial. Take the time to build confidence before entering the high-stress environment of competition. “It’s their trust in you and your trust in them,” he says. “It really is mutual.”'}",[]
https://www.akc.org/expert-advice/family-dog/the-ace-project/,The Ace Project: A Unique University Program is Saving Dogs’ Lives,"Jan 09, 2025","['socialization', 'canine good citizen', 'rescued dogs']",Penny Leigh,"The Labrador Retriever arrived at the shelter and was deemed too crazy to live with. Baron’s constant motion was a challenge even for the college student who fostered him and worked tirelessly to channel his energies into a job. Baron is now a detection dog and a valued Ohio sheriff’s department member.

A Collie entered the training class with a very nervous owner. She explained that he was reactive to other dogs. That first night, Hank erupted and lunged at his fellow students. Hank earned his AKC Canine Good Citizen and Novice Tricks title a few months later. He is training in agility.

Flurry’s owner left her at a shelter and reported she was biting. Research revealed the Border Collie was spending 20 hours a day in a crate. Flurry is now in a foster home where she has developed enough confidence to play with other dogs and her foster mom. She serves as a demonstration dog in a university lab that teaches how to work with fearful dogs.

Baron, Hank, and Flurry have better lives and avoided what could have been a sad ending, thanks to a unique program at Iowa State University (ISU). The Ace Project helps rescue dogs while introducing college students to dog training and dog sports.

The project launched in the fall of 2021. It was the brainchild of professor Dr. Cheryl Morris, a longtime agility competitor.

“I enrolled the first set of students—24 of them—to the Ace Project with the goal of exposing students to fostering shelter dogs, training agility dogs, and other aspects of AKC programs along with service dog training,” Cheryl says.

Students across the university enroll in the course for credit. They can enroll to foster a shelter dog, train their own dog, or assist with training classes.

The foster dogs primarily come from the Midlands Humane Society (MHS) in Council Bluffs, Iowa.

“To date, we have placed 33 dogs out of the program, and none have been returned,” Cheryl says. “Our goal is to get them adopted and not have to return them to the shelter at the end of the semester or have them returned.”","{'Good Karma': 'While the program has saved many dogs, she says it has personal meaning.\n\nCheryl’s journey in dog sports began while she was pursuing her doctorate at the University of Illinois Urbana-Champaign. She had a Rat Terrier named Sparky and wanted to do therapy work with him. She started classes at the Dog Training Club of Champaign–Urbana (DTCCU). “They believed my little dog could play flyball and do agility. I had only seen those on TV,” she says.\n\nIn 2006, she finished her Ph.D. moved to Omaha, Nebraska, and started work as the Director of Comparative Nutrition at the Henry Doorly Zoo and Aquarium. Also she met her future husband, Danny Morris, there.\n\nThe following year, she made a decision that changed her agility career. A trainer at DTCCU told her about a Border Collie in an Illinois shelter.\n\n“I, for some dumb reason, thought I needed a Border Collie, so Danny and I drove all the way back to Illinois to meet her. She had been wandering around a Walmart parking lot. I named her as soon as I saw her—Karma. Danny had bought me a T-shirt on his last trip that said ‘Instant Karma,’ and I was wearing it that day.”\n\nKarma proved to be a fortuitous name for her as she blossomed into a fantastic agility dog. She earned the AKC Master Agility Championship title (MACH), made the finals of the AKC Agility Invitational, and won the 16-inch class at the 2013 AKC Agility National Championship (NAC).\n\n“Winning the NAC with a little unwanted rescue dog was a moment that will last me the rest of my life, likely my proudest moment,” she says. “One of my favorite memories was talking to Danny on the phone as Karma and I were warming up for finals. He was so happy and laughing. He said, ‘The rest is just gravy. You won. Karm came from Walmart!’ ”', 'Tragic Turn': 'In 2012, the couple added another rescue Border Collie—a puppy they fostered and fell in love with. Named Ace, he grew up to be a great agility dog and was on his way to Masters titles when Danny fell ill.\n\n“He was diagnosed with Multiple System Atrophy (MSA), and our lives totally changed, and so did Ace’s. Agility became an afterthought. Unfortunately, MSA is a disease that moves very fast. Danny quickly started to lose his balance and speech,” Cheryl says. “Ace had a career change. He became Danny’s service dog with tasks that included helping him balance, coming to get me when Danny needed me, picking things up, and stability. Danny passed away from MSA on July 14, 2020.”\n\nCheryl moved that fall to Iowa to work in the ISU Department of Animal Science. Then the unthinkable happened in March 2021 when 9-year-old Ace unexpectedly passed away from splenic hemangiosarcoma.\n\n“The loss of them so close together, along with the career change and move, had me in a weird and dark place. Then a student talked to me about wanting to learn more about dog training. As an independent study, she worked with me while fostering two shelter dogs for the spring and summer semesters. We had so much fun together and loved watching both dogs develop.”\n\nThat experience led Cheryl to create the Ace Project, named in honor of her beloved rescue Border Collie who helped her husband so much.', 'Making Good Citizens': 'The project’s work includes more than rescue dogs. It enables college students to work through issues with their pets.\n\nISU student Samantha Gibson enrolled for help with her 4-year-old terrier mix, who had “major reactivity issues.”\n\n“The biggest thing I learned was about having emotional intelligence. I learned right away that my dog fed off me, and I needed to be able to control my own emotions for my dog to be able to work,” Samantha says. “I also learned what made my dog react and how I could deter him from reacting.”\n\nBy the end of the semester, her dog earned his CGC and Trick Dog Novice titles.\n\nEach semester, the Ace Project has classes for all levels of Canine Good Citizen, plus tricks and agility.\n\n“We work toward every foster dog having the capability to get a Novice Tricks or CGC title by the end of the semester,” Cheryl says. “Students training their own dogs also work toward those goals.”\n\nRally, parkour, and scent work were recently added to the curriculum.\n\nCheryl also teaches five outreach agility classes for the community, from foundation through competition levels.\n\n“College students assist with the classes and learn how to course build, bar set, and play the game,” Cheryl says. “The class fees help pay for the costs for foster dogs, including crates, vet care, and food.”\n\nWhile working through issues with her Staffie-mix, Samantha learned agility basics and caught the agility bug!\n\nShe has adopted a young Australian Shepherd, enrolled her in the outreach novice agility class, and started dock diving with both her dogs.\n\nNot all results are happy ones. Some dogs cannot be rehabilitated and placed into homes.\n\nCheryl fostered a dog named Jersey, who had severe aggression issues. Jersey was in the Ace program for about 10 months without significant improvement.\n\n“She could be fine for one minute, then attack a dog or person the next second. She did both repeatedly. She was euthanized on my kitchen floor with her head on my lap. She trusted me and my vet.”\n\nA graduate student worked with a dog named Tucker, who was very reactive. Tucker progressed enough to be placed in a foster-to-adopt situation but he ended up biting again and was humanely euthanized.\n\n“I remind students of these dogs every semester: how much trauma they suffered in their previous lives, how much love they got with us, and ultimately, how much empathy and care they were shown to end their suffering because chronic mental pain is pain.”\n\nAnd then there are the surprises. Cheryl reluctantly accepted a 12-week-old puppy named Steeler. He was labeled as “unlikable” and a biter. Soon after arriving at ISU, they noticed a lameness in his rear leg. It turned out he was born with an instability in the leg that caused pain and led to his behavior.\n\n“He 100 percent won all our hearts, and a student adopted him,” Cheryl said. “The students rallied a fund raiser, and he recently had surgery. Prognosis is great. We can’t wait to meet the pain-free ‘unlikable puppy.’ ”'}",[]
https://www.akc.org/expert-advice/family-dog/epic-rescue-of-25-pharaoh-hounds/,Exodus: Behind the Epic Rescue of 25 Pharaoh Hounds,"Dec 05, 2024","['rescued dogs', 'pharaoh hound']",Mara Bovsun,"Her name is Soleil, French for sun. The 10-week-old Pharaoh Hound showed up at an AKC rally trial in New Jersey, during the summer. She looked like an ordinary pup—full of energy, sass, and curiosity—as she nestled in the arms of her owner, Lizbeth Molloy.

From her appearance, you would never guess that she had taken a journey of thousands of miles—coast to coast twice—to get here. Along the way, she was aided by dozens of people who dropped everything and spared no expense to save her life.

Some trial participants knew of the extraordinary circumstances that brought Soleil and Molloy together.

“Is this one of the rescues?” a friend asked. Molloy smiled and nodded as the sleek chestnut-colored creature in her arms squirmed, chomped on her wrist, and tried to escape over her shoulder.","{'Craigslist Mystery': 'It all started in late June when Hannah Pemberton, a member of the Pharaoh Hound Club of America (PHCA) rescue committee, noticed an odd social media post. It concerned a Craigslist ad for a pair of 7-month-old Pharaoh Hound pups. These dogs are very rare, and their breeders are a tightknit community. It was unlikely a new litter could have fallen so far under their radar.\n\nPemberton emailed and was told that it wasn’t two pups needing homes, but six.\n\nWithout delay, Dominic Carota, who has been showing and breeding Pharaoh Hounds for 30 years, coordinated with Pemberton and then contacted the seller to learn more.\n\nHe discovered that the owner had once been involved in dog shows but a mental health crisis forced him to give it up. When it became clear the man couldn’t care for his dogs, his family jumped in.\n\nThe owner’s sister then revealed to Carota that it wasn’t one litter, but three—22 pups—and the parents, one male and two females.\n\n“We were in shock. We’ve never had more than three rescues a year,” says Theresa Harper, PHCA vice president and member of the rescue committee. The rescue had limited funds. A strain like this could break it.\n\n“We were all kind of terrified,” she says.', 'Taking Charge': '“I was like, oh my God,” Carota told FD of his reaction during his phone conversation with the dogs’ caretaker. But he kept his cool when he spoke to the woman.\n\n“We’re here to help you,” Carota told her. “What can we do?” She said her family could no longer manage the dogs.\n\nIt was the July 4th weekend. Carota, a member of the AKC Board of Directors, was in New York, about a thousand miles from the South Carolina location. But he wasted no time and jumped into his Sprinter, a van large enough for a passel of puppies, and headed south. Five other club members met him there.\n\nThe caretakers signed over the dogs, and the rescue group quickly moved to a nearby park for intake and assessment.', 'Now What?': 'The youngest pups—4 to 5 weeks old—were in horrible condition—malnourished nearly to starvation, bellies swollen with worms, and covered in their own feces.\n\n“Had we been another week or two later, they would not have survived,” Carota says. Club members rushed in to do whatever they could. Darci Kunard, for example, a member of the PHCA board and rescue committee, flew in from Denver. She then rented a car and drove back to Colorado, four pups in tow. Harper later traveled from California to Kunard’s home and picked up two.\n\nCarota reached out to an old friend, Stacy Threlfall, a top professional handler who has guided Carota’s show Pharaohs to victory for a quarter of a century. With her husband, Evan, also a leading handler, she runs a boarding kennel for show dogs in North Carolina. Carota called her from New York before he started the trip, explained the situation, and asked if she would foster. She agreed.\n\nThree days later, he showed up with a bunch of sick puppies. Threlfall took 12 of the young ones and two adults. Carota took the third adult—a female with severe eye problems requiring intensive daily treatment—back to New York with him.\n\n“They were the size of Chihuahuas,” she recalls. The pups were about three pounds, less than half of what they should have weighed at that age. Food passed through them because of worms and Giardia infections. What they didn’t throw up came out the other end in diarrhea. Their bones were clearly visible.\n\n“Dominic would call me every morning and go, ‘OK, so how many did we lose?’ ”\nThrelfall says. Day after day she gave him the happy news that they were all holding on.\n\nThrelfall, a second-generation dog fancier, had never dealt with so many sick pups before. But she drew on decades of experience, specifically saving runts. “You try to do everything you can,” she says.\n\nVeterinary care had to start immediately, even though the dogs were too frail to visit a clinic. The vets told her to bring in stool samples so they could begin treating the digestive parasites. Miraculously, after weeks of medication and incremental increases in meal size, the pups started gaining weight, strength, and vitality. Within three weeks, it looked like they would all survive.', 'Operation Pharaohs': 'Now, the PHCA had another challenge, finding suitable homes for 25 hounds. Luckily, Harper’s career skills were a perfect match for this job. As senior director of operations for a firm that produces analytical and robotic equipment for pharmaceutical companies, she possesses tremendous organizational abilities, detail orientation, and a knack for spreadsheets.\n\n“That’s what I do for a living, is coordinate stuff,” she says. Harper, with the aid of the PHCA rescue committee, had to plan fundraising strategies, identify short-term fosters, find permanent homes, and arrange transport.\n\nThe PHCA turned to social media to raise funds to cover the enormous veterinary bills. For the first time, the club set up a rescue page on Facebook. With so few rescues in the past, such outreach had never been needed.\n\n“I was stunned at how many people donated for these puppies,” says Harper. Many long-term PHCA members donated up to $1,000 each. Other breed clubs, such as the Ibizan Hound Club of America, also sent in donations. All told, the club raised $22,000 from individuals. Then, they received a $23,000 AKC rescue grant.\n\nThe older pups were farmed out immediately to experienced fosters within the club. Growing up, they had little human contact. It was imperative that they start a crash course in being a pet.\n\nThen, the club again turned to social media, posting a plea for fosters and potential owners. PHCA recording secretary Annie Hammer created an electronic form of the application that circulated around the web. Other breed clubs pitched in to spread the word. PHCA soon had 65 applications to foster or adopt.\n\n“I created an Excel template where I summarized the information from those applications into one spreadsheet,” Harper says. Candidates with previous Pharaoh Hound or sighthound experience went to the top of the list. The rescue committee met weekly to review.\n\n“We wanted to make sure they knew what they were getting into,” Harper says. Cute as they are, Pharaoh Hound puppies are a handful. “By the time they have teeth, we just call them velociraptors.”\n\nFor a month, the rescue committee vetted homes, interviewed candidates, checked references, and worked through transportation logistics.', 'Boys Will Be Trainers': 'While the home search was underway, foster families concentrated on the important tasks of socialization and training. The pups were no longer sick, but they had issues that could undermine placement. They were accustomed to using their crates to potty and sleeping in the mess.\n\nThese pups had not learned a basic lesson—to use separate areas to eat, sleep, play, and relieve themselves, says Threlfall. Usually, the mother teaches them. But in this case, she was malnourished and fighting for her own life, so that step was skipped. Potty boot camp quickly fixed that problem.\n\nThe other major issue: Some of them avoided contact with people. For this, Threlfall brought in her socialization special forces team—her sons, William, 8, and Kenneth, 9. “That’s when the fun started,” she says.\n\nEvery day after school, the boys put down their Nintendos and played for hours with the pups. If one started to wander away from the kids, Threlfall would bring the puppy back and offer a treat for settling down.\n\nIt wasn’t long before the pups had absorbed two lessons that would make them welcome in new homes—that it’s important to be clean and that people are the greatest things on earth.\n\nThey were ready for their next chapter. Threlfall started preparing folders for each pup with health records, a picture, and a number for identification. That didn’t sit well with William.\n\n“They can’t just be numbers, Mom,” he said. So he gave them funny names, like Onion, Garlic, Asparagus, Corn, Dragon-fruit, and Kale, to send them off with a smile to their new lives.', 'Exercise Finished': 'In California, Harper was becoming attached to one pup—a girl named Pepper. She was worried about finding the “right” home until two East Coast friends saw videos of Pepper playing during training classes. Separately, they told Harper the puppy would be a good fit with one of their friends, Lizbeth Molloy.\n\nCoincidentally, Molloy, a professional trainer specializing in dogs with quirks and who previously owned Pharaoh Hounds, had sent in an application to foster.\n\nA dedicated dog sport competitor, Molloy had seen a video of Pepper at a Barn Hunt class, the pup’s first time going after a rat in a quarry box.\n\nTen days later, Molloy and Pepper, now named Soleil, were on a flight from California to New York City. Impressed by her energy and enthusiasm, Molloy decided she had to have this dog.\n\n“She looked just like a happy little ray of sunshine,” Molloy says, adding, “I can’t wait to do all the things with her.”\n\nBy the end of July, all the puppies—including Onion, the skinniest and sickest one—were thriving in new homes. Two of the adults had spots waiting for them. In many cases, PHCA arranged transport—through relays, hired drivers, or just by getting in the car and taking the dogs where they needed to go.\n\n“This was a success,” Carota says, “because dog people came together from all over the country to make this happen.”'}",[]
https://www.akc.org/expert-advice/family-dog/dog-nail-care-routine/,Good Grooming – Improving Your Dog’s Nail-Care Routine,"Nov 19, 2024","['nail care', 'routine']",Roxanne Hawn,"I trim my three dogs’ nails once a week, taking the tiniest bit off each nail. Each dog lies down, choosing to face me or not. It wasn’t always like this.

My first very own dog, a college graduation present to myself, required sedated nail trims at the vet’s office her whole life.

If I can learn to do nails, you can too!","{'Why It’s So Hard': 'Deb Jones, Ph.D., is a retired psychologist, longtime dog trainer and handler, author of HELP! I CAN’T DO MY DOG’S NAILS! A comprehensive guide to nail trims without trauma, and instructor for a similar online class. She explains that we tell people they need to keep dogs’ nails short without explaining how to do it safely based on nail anatomy. She says, “We just don’t give people enough information to do it properly.”\n\nDogs’ nails feature a hard outer layer. Underneath that is a chalky layer. Inside that and wrapping around the toe bone is the nail’s blood supply, called the quick.\n\n“It’s very traumatic for some people, especially once you make a mistake and you ‘quick’ the dog,” she says, referring to accidentally cutting into that blood supply, which hurts and bleeds a lot.\n\nDogs scream. It looks like a murder scene. People feel terrible. Things spiral into negative loops of fear, anxiety, and stress for both species.\n\n“This is one of those cases of what we call ‘one-trial learning,’ ” Jones says. “When we teach them something, it usually takes repetition after repetition after repetition. But, when something bad happens, something painful and scary and unpleasant, it only takes one time, and that becomes a permanent memory. So, there’s not a lot of room for error.”\n\nFor that reason, many want pros to trim their dog’s nails, but depending on attitudes and methods, pros might make things worse. Even one bad experience forcing a dog to comply can undo the trust of puppies well-socialized by breeders to paw care.\n\n“It can spiral out of control pretty quick,” Jones says, with groomers refusing to do it or veterinary teams requiring dogs be sedated.', 'Mistakes to Avoid': 'Basically, dog lovers try to do too much no matter how the dog is feeling. “If your dog is constantly stressed or anxious or avoidant or frustrated or whatever, it’s never going to get better. We have to go back to the place where everybody is comfortable,” Jones says.\n\nShe teaches many steps—starting with the eight stages of teaching dogs “hands are good” through “hands lifting paws are good,” before moving onto eight more stages of introducing tools, and even more steps before bringing an isolated nail and tool together.\n\nPeople also assume success with one nail or one paw means success with all the others. Jones recommends treating each paw, each toe, as an individual that requires all the trust-building steps.\n\nIn addition, people don’t give enough food rewards or believe they can phase them out, rather than continuing to reward the dog after each action. Note: It’s a mistake to provide food the entire time as a distraction. That can backfire and cause dogs to be suspicious when offered food rewards in the future. Also, don’t ask your dog to perform tricks like shake for them to give you a paw. It creates emotional conflict.\n\nPeople often keep trying when things go poorly. That’s a big no-no. Jones evokes a 24-hour rule: If it isn’t going well, simply stop, give your dog treats as thanks for the info, and try again another day.\n\n“We’re lucky, really, with dogs,” Jones says, “because they tolerate an awful lot. They do. They put up with a lot from us. If you work with any other species, you find out very quickly that you don’t have any leeway for tolerance. If they don’t like something, you will likely get hurt if you don’t listen to them and back off quickly. With dogs we somehow have this idea, which is a misconception, that they should let us do, physically, whatever we want to do to them, whatever we need to do to them to take care of them.”', 'What Tool to Use': 'It depends on the dog. After going through the trust-building process and learning about the noises and sensations of different tools, some dogs don’t mind the pressure and snap of nail clippers. They work especially well on young puppies’ nails. Other dogs, including mine, much prefer a nail grinder. Grinders are less likely to cause bleeding, but they get hot and can tangle in dogs’ coats. However, they require less visual acuity for people with close-up vision issues. Some dogs accept a nail file better, even though it takes longer, so you have options if sharp clippers cause you stress.\n\nAnd, many dogs—especially those already traumatized—feel much happier learning to use a scratch board or half-pipe to wear down their nails on abrasive paper. It’s approached like teaching a trick.\n\nIf you use a tool, though, don’t cut nails straight across. It’s too risky. Because of how the quick grows longer with the nail and needs to recede over time with small, frequent nail trims, Jones explains it’s much better to take a tiny bit off each side of the nail, then a tiny bit from the top/front. Think about working around the quick without endangering it.', 'How to Buy Time': 'Because scary-long nails need attention, consider a sedated nail trim by your veterinary team to buy time to work through the process needed to do them yourself. It may take months of short, frequent sessions to build your dog’s trust, but it’s absolutely doable.'}",[]
https://www.akc.org/expert-advice/family-dog/newfoundland-oakley-water-rescue-dog/,Newfoundland ‘Oakley’ Was a Once-in-a-Lifetime Water Rescue Dog,"Nov 18, 2024","['newfoundland', 'water rescue']",George Abraham,"This article originally appeared in AKC Family Dog magazine. Subscribe now!

December 3, 2023 was a typical morning. I was outside in our yard doing some work. Our Landseer Newfoundlands— Oakley, 6 1/2, and Kelby, our year-old puppy—played, ate breakfast, and then Oakley laid down on her cooling mat. It was just before noon. Everything seemed normal. Then I heard Kate, my wife, screaming in a voice I had never heard from her before. I ran inside.

Kate was beside Oakley, who was lying on the floor, unresponsive. I did CPR, but it was futile. She was gone.

For more than six years this 100-pound black and white beauty was the center of our lives. She led us into a new world, a world in which highly trained canines work side by side with human lifeguards to prevent drownings.","{'Introduction Into Water Rescue': 'When we brought Oakley home, we knew nothing about water rescue, and never dreamed where this small ball of black and white fluff would take us. Kate and I had a house on a small private lake in Pennsylvania and thought it would be nice to have a pet dog who enjoyed swimming. We were just normal people.\n\nWe picked the Newfoundland breed, one thing led to another, and soon we were at a three-day training camp in Boston run by the The American Academy of Canine Water Rescue with trainers from the Italian School of Water Rescue Dogs, in Milan, Italy. I knew about the Italian organization because its founder, Italian Naval Commander Ferruccio Pilenga, and his Newf, Reef, had been featured in Superpower Dogs, a movie Kate and I had recently watched. They have trained about 400 working teams over the years.\n\nThere were 20 dogs at the camp. At the end of the weekend, the trainers from the Italian school approached us and invited us to bring Oakley to Italy to train. “We think your dog is really special,” one of the trainers said. To me, it was as if you showed up with your child to a basketball game and Michael Jordan comes over and says, ‘Hey, your kid is fantastic at basketball. You need to pursue this.’', 'Big Splash': 'COVID delayed our trip to Milan, and at that point, we realized we could go one of two ways. Either we were going to be done with water rescue training or we were going to make it happen. It was COVID lockdown, not much else to do. We decided, ‘let’s dive in, feet first.’\n\nKate and I got formal rescue training and lifeguard certification, essential for the human members of the team. Finally, in September 2021, we made it to Italy. We took the most advanced courses the school offered. Oakley excelled in them all.\n\nWhen we returned home, we turned our attention to the helicopter jump, in which the dogs leap from a hovering helicopter. Learning foundation skills, like loading and unloading dogs while the helicopter is running and flying with the helicopter doors on and off, took two years. A training facility in Florida worked with us to achieve the milestone of an actual jump. It was the culmination of four and a half years of training. Oakley loved every minute of it.\n\nShe performed her first water rescue while she was still learning. We were running training exercises when a nearby swimmer had an asthma attack. Oakley swam over and towed her to safety.\n\nHer skills did not end at the water’s edge. She was a task-trained service dog for Kate. In her spare time, she loved to wear costumes and pull holiday wagons. She climbed ladders, something I never taught her. She got onto playground swings. There seemed to be nothing she couldn’t do.\n\nThousands of people—in our area and around the world—knew her from following her training and adventures on our active social media accounts. And then she was gone.', 'So We Took a Hike': 'As Oaks aged, I had mentally prepared myself that we might lose her early— Newfs have short lifespans and as a working dog, I knew anything could happen at any time.\n\nSo we got a new pup, Kelby. She came to live with us at 10 weeks old, when Oaks was around 5 1/2. We started training immediately with the building blocks for everything else—basic obedience. Kelby was learning fast, and many of the lessons came from Oakley.\n\nWhen Oakley died, once we came to our senses, we let Kelby see and smell her. A couple of times, she went over and took a toy to Oaks, trying to entice her to play. By the end of the day, I think she figured it out. She would go over and smell around Oakley’s snout. And I think she realized that Oakley was not breathing.\n\nThe next morning, Kelby and I got up at dawn and took a hike in the state forest. We went to see the sunrise at an overlook. In hindsight, that was my way of grieving, of getting past Oakley. I was still doing Oakley things, but without Oakley, if that makes sense.\n\nKate and I thought about stopping, just raising Kelby as a pet. But it wouldn’t have been fair to Kelby if we just stopped everything. Kelby’s whole life is us. And if we did anything other than push forward and show her that her life is not changing, it would’ve been wrong.\n\nWe came to terms with our loss and focused on the puppy.\n\nEverything was peaking at that point, when Kelby was about a year old. She was preparing to enter the world of work, and we had to keep up with her training.\n\nAnother thing that spurred us to continue was the social media community. We started hearing from Oakley’s followers on Facebook and Instagram and people who started water-rescue work because of her. Everyone was looking to us as to what’s next—what are you going to do?\n\nWhat started off as something personal for Kate, Oakley, and me grew into something so much larger. Three people in the United States have gone to Italy, took the training, and became instructors. We have students all over the United States.\n\nIf Kate and I dropped out, who would continue the work?\n\nWithin 24 hours, I announced Oakley’s passing on our Facebook and Instagram accounts. We had been very active in chronicling our journey, both her education and ours.\n\nAs much as we put our time and effort into social media, social media came back and helped us through our most difficult, darkest days.\n\nSo many people contacted us with so many stories we had never heard before, incredible stories of how Oakley helped them through hard moments in their lives.\n\nMany reached out to us, saying they were sending donations to AKC and the Newfoundland Club of America and other working dog organizations.\n\nA close friend said she thought it was wonderful that Oakley’s fans were making donations to these organizations, but the money was going to go unnoticed as something to commemorate her.\n\n“Let’s do something in memoriam for Oakley,” she suggested. We ended up starting a GoFundMe page with the goal of raising money to buy a rescue boat in Oakley’s honor. The next thing we knew, Oakley fans had pledged $10,000. Most of them knew Oakley only from social media. Some donations were as small as $2; others were as much as a thousand. Companies we had worked with heard our story and helped by offering discounts on their products. Sea Eagle Boats provided the boat and we bought the motors with the donation money. We named the boat “4 Oaks.”', 'Maiden Voyage': 'On Memorial Day 2024—a little more than six months after Oaks passed—we were patrolling the lake at Beltzville State Park, in Lehighton, Pennsylvania.\n\nIt was the first day out for Kelby, her first real-life assignment. She was only 17 months old.\n\nIt was clear that Oakley passed her skills, in obedience and water rescue, to the puppy, 110 percent. I never like to compare Kelby to Oakley and this is not putting Oakley down in any way. We didn’t start training Oakley in water rescue until she was almost 2, and she was 4 before she was fully proficient. Right now, in water rescue, Kelby, who started water rescue training at 6 months, is where Oakley was at Oakley’s peak.\n\nSince COVID, there have been no lifeguards at Beltzville so it’s swim at your own risk. I don’t know exactly how many people were there, but the park capacity is 5,000. It was jammed.\n\nDespite the crowds, the day was pretty uneventful—until 3 o’clock.\n\nA jet ski flipped over, tossing the two men on the craft into the deepest water. One of the men did not know how to swim.\n\nI managed to help the driver get back on the jet ski and we were able to nurse it back to the boat launch. But for the guy who couldn’t swim, we needed canine power.\n\nI was in the water already and I called Kelby. She flew off the boat. All I saw were those two big paws out in front of her, coming toward me. Then she splashed down and was next to me instantly. I had her go around the swimmer in distress. She pulled in front of him, waited for him to grab hold, and that was pretty much it. She knew what her job was.\n\nOnce he was in tow, she swam straight to the boat, delivered him to us, and got out of the way. She didn’t try to climb up on the boat on her own. She stayed out of the way while we were loading the swimmer.\n\nAn untrained dog would not have known to do that. Kelby knows her job. She knows what has to happen. It was only after we got the distressed swimmer on the boat that Kelby came back. She swam parallel to the boat just as we taught her. We lifted her onto the boat and then I was able to get myself onto the boat. Once we were all on the boat, we attended to the swimmer.\n\nAnd then we proceeded back to shore. It was textbook, exactly how we teach it and how we write it up.\n\nA million things could have gone wrong. The dog could have headed back to the beach instead of to the swimmer, anything.\n\nAnd she did her job exactly as Oakley would have, and did in the past, without hesitation, without any fear, and without a hint of panic in the water. You can’t ask better than that from any human or any animal. She was the utmost professional when it was her time to do her job. It felt like Oakley was with us.\n\nAs told by Mara Bovsun, Managing Editor of AKC Family Dog Magazine.'}",[]
https://www.akc.org/expert-advice/family-dog/a-poodles-purpose/,A Poodle’s Purpose: One Breed’s Unexpected Versatility,"Nov 15, 2024",['poodle'],Mara Bovsun,"Her name evokes images of a beloved princess or the ancient goddess of the hunt—Diana. She easily slips in and out of these roles, sometimes on the same day. One moment, she’s gleaming white, pouffed, and proud in the show ring. Turn around, and she’s dripping with pond water, her curls flattened out as she scrambles up a bank with a bird in her mouth. Diana is a standard Poodle.

For the first time since 1997, her breed climbed back into the top five of the AKC’s 2021 popularity rankings. It’s been a long, slow recovery from the days when Poodles fell from the number-one spot in America’s hearts that they held for more than two decades. This statistic may be a sign that the public is beginning to understand that a Poodle’s qualities are not improved when diluted by other breeds. They are quite wonderful on their own. As their fans often say: “Just get a Poodle.”","{'A Divine Dog': '“People who have owned them in the past and people who own them now understand why they are in the top five,” says Angie Louter, Diana’s breeder and owner. Louter and her husband, Rich, have bred standard Poodles for over 15 years. They got their first, as many families do, because their daughter had allergies; the breed’s non-shedding, hypoallergenic coat was a big plus. The couple soon learned that the breed is more than a curly coat. Rich Louter had experience training gundogs. He read about the Poodle’s history and learned that they were developed as retrievers in Germany during the Middle Ages. In fact, their name is derived from the German word pudel, which means to splash.\n\nHe started to educate the puppy in hunting and retrieving. Now, the couple strives to produce dogs with excellent structure and appearance to excel in the Conformation ring. They also focus on temperament and intelligence to master hunting and anything else they are taught to do.\n\n“People are realizing the versatility of the breed, whether it’s for hunting, hiking, search and rescue, service dogs, or just being the best family companion,” says Louter. Poodles have something to appeal to almost everyone—beauty, brains, elegance, athleticism, an amusing name, and hair that stays on the dog instead of clinging to you.', 'Renaissance Dogs': 'In 2021, Clapton, 7, a dog Louter bred and owns, became the first Conformation Grand Champion Poodle to hold a Master Hunter title, wrote Penny Leigh for akc.org. He finished his Grand Championship on November 12, stepped out of the Conformation ring, and qualified at a Masters Upland Game hunt test the next day. That’s how smoothly these dogs can switch from one event to another. “He is truly the epitome of a standard Poodle,” Louter told Leigh.\n\nLouter’s dogs participate in many activities, from Agility to Coursing to Obedience. They model and act in commercials and on TV. Her dogs have the distinction of appearing on the TV show “Duck Dynasty.” Another one of her show dogs pranced around in hot pink curls for a Mega Millions lottery commercial.\n\nIt’s not unusual to find Poodles who have an alphabet soup before and after their names, a testament to the scores of titles they can achieve. Diana’s formal name, for example, is RBIS MBISS Silver G.Ch. LouterCreek Candle In The Wind, CD, BN, RA, JH, JHU, FDC, CAX, DCAT, ACT1, ACT1J, SWA, RATN, CGCA, CGCU, TKI, ATT, VHMA, WC. She is 7 years old.', 'Peter the Great': 'As prized as they are for their talents for learning all kinds of things, they are also skilled at the quiet art of tuning in to people. This makes them exquisitely suited to therapy, service work, and the all-important task of just being a friend. AKC Family Dog correspondent Brian Duggan met one of these helpers while visiting a friend in a memory-care unit.\n\nHere’s his account of meeting Peter, the facility’s soothing canine presence. “I rang the bell to be admitted to the memory-care unit when, through the door’s narrow window, the dog appeared. It was a standard Poodle, wearing a prison-striped Halloween costume. After greeting me with a friendly sniff, he went to check in with some of the residents— much like a roaming elementary school principal greeting students and teachers,” Duggan says. Peter has been the much-loved “dog-on-staff” at Generations, the memory-care unit at The Palms at La Quinta in southeastern California, for seven years.\n\n“He came there at around a year old via Chris Anderson, one of the company’s administrators. She knew residents would benefit from a comfort dog,” Duggan says. “His job is to be a dog—being petted, adored, and talked to by the memory-care residents. His bed, food, and water bowls (as well as toy stash) are a fixture at the nurse’s station.\n\nStaff member Angel Hilario remembers that when puppy boredom set in, Peter would stroll on top of the nurses’ desks and counters. He still has a charming quirk of placing multiple toys in his food bowl and eating kibble around them. (Today, it was a tennis ball and rope pull.)\n\n“When a career move took Anderson elsewhere, she insisted Peter remain to continue his work. As with the other residents in Generations, he has a folder and computer chart.\n\nStaff member Carlo Vazquez is responsible for Peter’s meals, medications, and visits to the groomer and vet. Vazquez says Peter belongs to everyone and has a free run of The Palms. When Roland Gandy, the current executive director, came on board, he asked, ‘Is Peter part of the building?’ When told yes, Gandy enthusiastically said, ‘I love that!’\n\n“I was at Generations to visit an old friend, and while waiting outside his room, Peter came up for a tête-á-tête. I’d met him on other occasions but this time I found his magic scratching spots (chest and throat). The near-70-pound Poodle stood with forelegs on my chair, making eye contact with me through his shaggy topknot. For several minutes, we happily obliged each other. Satiated, he calmly strolled off to see what the staff were doing. Perhaps Peter stirs positive feelings remembered from their own dogs— or at least the staff thinks so.\n\n“One family specifically admitted their mother because she’d owned Poodles and asked if Peter could sleep on her bed (any resident can request a sleepover). When the corporate owners of Generations changed a few years ago, there were rumors that Peter might not be allowed to stay. Some families even talked of taking their parents and grandparents elsewhere. Fortunately, the new administration is just as enlightened and compassionate as its predecessors. To this day, Peter the Great gives his special therapy to the folks in Generations. I’m very glad he’s there with my friend.”\n\nFor more information, visit poodleclubofamerica.org.'}",[]
https://www.akc.org/expert-advice/family-dog/trick-dog-training-saved-a-paralyzed-saluki/,Up on His Feet: How Trick Dog Training Saved a Paralyzed Saluki,"Nov 15, 2024","['saluki', 'trick dog']","Caroline Coile, PhD","Sometimes it’s the journey, not the goal. And it took a devastating event, plus a bag of tricks, to show me that.

My goal was to break yet another record with my Saluki, Pepe. He was already a Best in Show, National Specialty Best of Breed, Best in Field (Coursing), and High in Trial (both Obedience and Agility) winner, the most accomplished, versatile Saluki of all time. He had titles in Conformation, Obedience, Rally, Agility, Coursing, and even, just for fun, Trick Dog.

At 11, he’d been long retired from the ring except for special occasions, but his wins on those occasions eventually brought him tantalizingly close to his Platinum Grand Championship, a title requiring 800 points (for context, a Champion title requires 15 points). He had 740. So at an age when most dogs are just lying around, Pepe came out of retirement with the goal of becoming the first owner-handled Platinum Saluki.

He loved being back in the ring, and quickly shaved down his needed points to eight. Then COVID struck in March 2020. All dog shows were canceled. We stayed home as the months ticked away.","{'Sudden Injury': 'On an August morning, I let the dogs out as usual, and as usual they thundered across the yard. Only this morning, one dog fell screaming and flopping—Pepe! I raced to him, desperately trying to find the problem. A broken leg? A heart attack? Then it hit me: Pepe was completely paralyzed from his neck down. A friend helped me hoist him into the car, and we raced to the vet school. They wheeled him in on a gurney. I had no idea if I would ever see him again.\n\nThe veterinarian said he was 100 percent paralyzed in three legs, and about 98 percent in the right front, which he could twitch in response to deep pain. An MRI indicated it was likely a fibrocartilaginous embolism (FCE—better known as a spinal stroke) or, more likely, an acute non-compressive nucleus pulposus extrusion (ANNPE). That’s basically when a disc explodes and shoots its contents out at high velocity, damaging the spinal cord. Both are more common in middle-aged or older large dogs during hard exercise. With aggressive rehab, many walk again.\n\nOlder dogs, and dogs affected to Pepe’s extent, have a bleaker outlook. Pepe’s physical therapy began in the hospital, with passive movement, acupuncture, and hyperbaric chamber sessions. By the end of the week, his “good” leg could support him a little if he was propped up. By the next week, he refused to cooperate. It was time to go home.\n\nIn the car, his left front leg curled under him and both rear legs jutted out straight behind and crossed. I lugged him around with a body harness. He hated this. He hated the passive range-of-motion exercises and being propped up to eat or to balance on a big ball. He hated everything.\n\nHis life had gone from fun to frightening, from proud to passive. After a week, he quit trying. Then I quit too. He was so miserable. It was hard to remember him as the glorious dog who loved strutting his stuff in the show ring or showing off his tricks. Wait—show off, tricks. I began to wonder.', 'Tricks to the Rescue': '“Paw,” I whispered as I held my hand close to his good paw. Slowly, haltingly, he twitched his foot. It moved ever so slowly, so slightly, to touch my hand. It was his first voluntary movement. More importantly, it was the first time I saw joy in his eyes. Could this be the answer? All those silly tricks he learned for those just-for-fun Trick Dog titles?\n\nI tried more. Best of all, he tried more! By the end of the week, he moved his “good” foot more and more in response to my hand. He was able to stand while being held by his two body harnesses, and even balance on his own for a few seconds, but he had not yet taken a step. So I tried something else—the old toy keyboard he loved. I placed it a few feet in front of him. His eyes lit up and he struggled to totter to it. He even banged on the keys with his good foot! He was smiling!\n\nHe grew stronger and started barking to do more tricks. With paw targeting (touching an indicated target with his paw), he practiced lifting and aiming his front feet. I introduced “other one” to indicate he must use the other foot. Within weeks, he was standing unassisted and walking with just his rear supported. With nose targeting (touching a target with his nose), he could be “led by the nose” in circles or elsewhere. We added Agility moves: a 2-inch jump (too high) and two weave poles (he tripped and fell). Failure didn’t deter him; he was used to training and trying, and he was happy, once again the center of my attention.\n\nMore weeks passed. He turned 12. We added more tricks, more Agility. One day he took several steps totally on his own! He conquered his tiny jumps and we added more, and higher. He conquered two weaves and added more. We added retrieving in the pool, although I had to help him stay upright while swimming.\n\nSimple obedience exercises—”sit,” “stay,” “come”—built strength and balance. One day I called him and he trotted. We practiced trotting more. I started to entertain a ridiculous thought: Could he return to the show ring?', 'Thrill of Victory': 'One day in late November, I found myself doing something I never dreamed I’d do again: picking up Pepe’s armband. It was a big prestigious specialty show, and I had Pepe instead of his son, who had a different handler for the event. It was Pepe’s day, no matter the outcome. I’d never been so proud of him as when he took his turn. True, his gait was not what it once was, and he was so ecstatic to be back in the ring he was a bit out of control and broke into a gallop several times. He didn’t care that the judge pointed to his son instead of him for Best of Breed.\n\nHis tail, once paralyzed and limp, wagged like he’d won. Just being back in the ring, seeing his joy and determination, was the best win I could imagine. We prepared to leave the ring. But then—the judge pointed to Pepe! Pepe won Select Dog (runner-up male)! The win was worth five points. He needed only three more to reach 800! A month later he was strutting around the ring again, as if to say, “You thought a little paralysis could keep me down?” This day, at 12, following a 99 percent total paralysis, Pepe won his final Best of Breed, earning the points he needed to become the first amateur-handled Platinum Grand Champion Saluki.\n\nAt one time, that title had been my goal. In the end, it marked only another milestone. At a time in Pepe’s life when he had no titles left to train for, when he was expected to retire and let the youngsters take his place, we were thrust back into the most intense training of his life—training literally for his life. And of all the titles he’d previously won, it turned out to be his training for the Trick Dog titles—the titles we’d thought were kind of silly compared to the others—that saved his life.\n\nOddly, his rehab was perhaps the best bonding period of our 12 years together. The paralysis wasn’t so much a roadblock as a chance to take a better detour. For Pepe, he found himself once again the center of my universe. For me, I found true satisfaction lay not in the destination, but in the journey.'}",[]
https://www.akc.org/expert-advice/family-dog/class-acts-therapy-dogs-work-full-time-classrooms/,Class Acts: Therapy Dogs Work Full Time in Classrooms,"Nov 15, 2024",['therapy dogs'],Jen Reeder,"The first-grade boy didn’t like reading—or even trying to read. He’d fallen behind during the pandemic and felt embarrassed in front of his classmates, so he’d just shut down and refuse to participate, looking at the ceiling or fiddling with a pencil.

That changed last fall when a Labrador Retriever named Hudson started visiting classes at PS9 The Sarah Smith Garnet School in Brooklyn, New York, according to the child’s teacher, Lydia Babbit.

“With Hudson, he sits down with her, puts his hand on her head, and reads to her,” she says. “If he makes up a word, it’s fine — he uses the pictures to guide him. It makes me so happy to see. This has been an experience that has helped him come out of his shell and feel more comfortable reading for himself, but also reading for someone else.”

Therapy dogs like Hudson are part of The Pet Care Trust’s Dogs in the Classroom pilot program to introduce 100 schools across the country to the benefits canines can bring—while collecting data and testimonials from teachers along the way to gauge its success. Babbit said this is the first time in her 15-year career that a therapy dog has joined her class, and she’s extremely impressed with the positive impact Hudson has on her students.

For example, one child expressed a deep fear of dogs. But Hudson won him over with her gentle, friendly demeanor, and he now hugs the Lab every time she comes to visit. In fact, all the children know to line up to greet Hudson when she arrives—and that if they’re good, they can give her a bone-shaped treat to take home.

The dog has proven to be immensely helpful with helping kids develop social skills, calm themselves down, and adjust to being in a classroom in what has essentially been their first year of in-person classes due to the pandemic, Babbit says. Learning about therapy dogs before the first visit proved fun for them—but meeting her has been even better.

“The children just cannot wait to see her,” she says. “It’s been an amazing experience.”","{'Teachers’ Pets': 'That’s the sort of positive feedback the Dogs in the Classroom program has been garnering from teachers across America, according to Matt Coffindaffer, executive director of The Pet Care Trust. The nonprofit has awarded over 197,800 grants to teachers (prekindergarten through 9th grade) in the United States and Canada for classroom pets since 2011.\n\nClassroom pets offered through the nonprofit’s Pets in the Classroom program—which has the goal of aiding the social, behavioral, and academic development of students—are typically small animals like guinea pigs, birds, fish, amphibians, and reptiles. So partnering with the nonprofit Pet Partners to provide therapy dog teams for the Dogs in the Classroom initiative complements the existing program, Coffindaffer says.\n\n“It’s all about the human-animal bond, and it’s about the unique way that children interact with dogs,” he says.\n\nThe Pet Care Trust provides a toolkit to participating teachers to help get their classrooms ready, implement the program with administrators, consider potential issues like allergies, and learn about resources to promote academic growth through therapy dog interactions.\n\nSome participants in the pilot program are classrooms in Title I schools with a large percentage of the student population living in poverty; others educate children with special needs or offer early intervention, Coffindaffer says.\n\nWhile the nonprofit is still collecting quantitative and qualitative feedback, initial findings point to success, according to Coffindaffer. Many teachers have shared testimonials about the therapy dogs helping return a sense of normalcy to their students after the challenges of the pandemic.\n\nOthers have sent stories of children who once feared dogs learning to embrace them, or who said that spending time with a therapy dog was “the one positive to their day.” Students in Connecticut even told their school psychologist that the therapy dog who visits is their “antidepressant.”\n\n“It’s been very impactful, very powerful,” he says. “I think it’s going to be a huge part of our grant offerings in the coming years.”', 'B is for Belly Rub': 'In 2019, The Pet Care Trust conducted a study with two other nonprofits—American Humane and the Human Animal Bond Research Institute (HABRI)—to explore the impact of pets on third- and fourth-grade students in the United States. Results showed that classroom pets helped improve social skills and reading competence, and decreased problem behaviors like hyperactivity and inattention.\n\n“Overall, these results suggest that classroom pets can enrich learning environments in meaningful and diverse ways,” says Steven Feldman, HABRI’s president.\n\nAnother HABRI-funded study found incorporating therapy dogs into social skills training for children with autism proved more beneficial than training without a dog. Benefits for students include fewer restricted and repetitive behaviors, more social communication, and decreased feelings of isolation and depression.\n\nResearch has also found that therapy dogs can benefit students of all ages—from preschool to college. They can be a great motivator, improve test-taking and listening skills, help calm anxious students, and promote self-confidence, impulse control, and respect for others, among other attributes, Feldman notes.\n\n“Scientists believe animals present good learning opportunities for children because they allow children to observe unpredictable, novel information while also being emotionally engaging,” he says. “Incorporating therapy dogs in classroom and educational settings is a powerful way to help more children access the scientifically documented benefit of the human-animal bond.”\n\nWhile therapy animal visits can help students and teachers, the activity also benefits the dogs themselves. For instance, Hudson loves being the center of attention when she visits students at the elementary school in Brooklyn, says her handler, Sarah Kate Wagner.\n\n“They pet her belly and they read [to her]. She loves it,” Wagner says. “It’s a lot of mental stimulation. So she takes a really long nap when she comes home.”\n\nSince the children usually get to pick a book to read to Hudson, many choose books about dogs, from science books to the picture book classic Harry the Dirty Dog. “She loves all books about dogs,” Wagner quips. “She’s just very sweet.”\n\nWagner, who works remotely for a tech startup, loves seeing her dog’s effect on the students they visit, like watching them build confidence by reading to a nonjudgmental listener. One second grader was so happy while waiting for her turn with Hudson that she was almost shaking because, as she told Wagner, “I’m just so excited.”\n\n“It’s nice to have a volunteer outlet where I know what we’re doing is good,” she says. “To have a direct impact with students is rewarding.”'}",[]
https://www.akc.org/expert-advice/family-dog/the-legacy-of-9-11-dogs/,The Lasting Impact of the Dog Heroes of 9/11,"Nov 15, 2024","['therapy dogs', 'working dogs', 'k-9s', 'search and rescue', '9-11']",Mara Bovsun,"At first glance, this picture from 2012 is one of unbearable sweetness. Two Golden Retrievers are standing together, one with a gray muzzle, the other a puppy, both wearing vests signifying that they are working dogs.

But there is more to this image that meets the eye. The older dog is “Bretagne,” one of the heroes of Ground Zero on 9/11. Over 20 years after the event, she was still remembered in headlines across the United States. In August 2015, media carried the story of a happy occasion—her 16th birthday, in which she and her handler Denise Corliss, members of Texas Task Force 1, were celebrated in New York City. In June 2016, sadder headlines told of her death, just shy of 17 years old.

The puppy at her side is also named “Bretagne,” named in honor of the 9/11 hero. She is one small part of the legacy of Bretagne and all the other dogs who helped through those dark days, whether they were searching the ruins or easing unimaginable grief.

Young Bretagne, trained to detect blood sugar fluctuations in a diabetic patient, is a graduate of a training school—the Penn Vet Working Dog Center. This training school is the brainchild of Dr. Cynthia M. Otto, a veterinarian who worked at Ground Zero.","{'Lasting Impact of the Dogs of 9/11': 'Dr. Otto says that the work of the dogs during that terrible time is what made her facility possible. Sniffer dogs had been around for decades, but the public had little understanding of what they could do. “There was some sense that they might be able to find a lost Boy Scout in the woods but nothing of the scope and impact of a national disaster [even though they had a critical role in the Oklahoma City bombing and several natural disasters],” says Dr. Otto. She notes that media coverage of 9/11 focused on the dogs as the one “ray of sunshine” in a bleak landscape.\n\nImages of these dogs working tirelessly captured hearts and minds all over the world, and helped move people to action. Dr. Otto says that many dog owners were inspired to pursue search-and-rescue certification because of those images. Press coverage, she says, also gave some search-dog training organizations a much-needed financial boost.\n\nThe performance of the dogs on 9/11 also sparked serious study of the effects of this kind of work on canine bodies and minds, Dr. Otto says. “We were able to conduct our longitudinal study of the dogs as a result of the generous funding of the AKC Canine Health Foundation.”', 'Nose Work that Saves Lives': 'One of those search-dog training organizations is the nonprofit National Disaster Search Dog Foundation (NSDF), a group founded in 1995 by a retired teacher, Wilma Melville.\n\nThe Oklahoma City bombing in 1995 was her first deployment, and Melville recognized a need for more dogs specifically trained for this kind of work. Shortly after, she founded the NSDF. The organization scours shelters, looking for dogs with search and rescue potential, and prepares them for jobs with fire departments. The training costs about $10,000, but NSDF provides the dogs free of charge.\n\n“Most people in this country had never heard of disaster search dogs [before 9/11],” says NSDF Executive Director Debra Tosch. When the news media started focusing on the dogs at Ground Zero, she says, “public knowledge really exploded.”\n\nTosch, and her NSDF-trained black Labrador Retriever, “Abby,” were among the Federal Emergency Management Agency (FEMA)-certified canine search specialists, part of California Task Force 1, at the World Trade Center.\n\nShe estimated that about 300 search teams responded. Only about 100 were prepared for a disaster of monstrous proportions in a major city. Many were wilderness search and rescue dogs, experts at finding people missing in the woods. They could not cope with the enormous mounds of twisted metal and glass, the smoldering rubble, and the urban noises.\n\nTosch says that some television coverage listed NSDF’s phone number. Donations started to pour in. “We had this influx of funding right after the World Trade Center,” Tosch says. The support and publicity helped make Melville’s 20-year dream — the National Training Center — a reality. It’s designed to give canine candidates the opportunity to practice on a variety of simulated disaster sites.', 'The Power of Therapy Dogs When Disaster Strikes': ""The notion that dogs can ease human emotional suffering is not new. Anyone who’s cried in the presence of a dog knows that. A 4-pound Yorkshire Terrier named “Smoky” is credited with being the first therapy dog, cheering wounded soldiers in hospitals on the islands around New Guinea during World War II.\n\nDog trainer Cindy Ehlers first recognized the power of therapy dogs after the Thurston High School shooting, in Springfield, Oregon on May 21, 1998. She accompanied one of the first therapy dogs to work with the Red Cross in a disaster and was one of the first to be certified for crisis response.\n\nAfter that experience, Ehlers got a Keeshond puppy she named “Tikva,” and trained her for crisis-response work. She also started an organization that is today the HOPE Animal-Assisted Crisis Response, in Eugene, Oregon.\n\nOn 9/11, Ehlers and Tikva traveled to New York. Dealing with such enormous waves of grief, fear, and confusion goes way beyond what is required of a therapy dog who visits hospitals and nursing homes. Ehlers says she saw some become too stressed to work — though they tried, not all dogs were able to handle the environment.\n\nMost teams stayed at the Family Assistance Centers, helping the relatives of the dead and missing. Red Cross mental-health experts saw that workers were not talking to the human therapists, and thought maybe they would talk to the dogs. Tikva, because of her crisis-relief training, became one of the few dogs who worked at Ground Zero helping the responders. Her preparation for working in this environment, as well as her cute looks, rock-solid temperament, and unusual breed, made her ideal for taking minds off the horror, if just for a few moments.\n\nEhlers says that that was where these dogs earned the nickname that they are known by now: “comfort dogs.” “A firefighter called up V-Mat [Veterinary Medical Assistance Teams] after we left and said, ‘Where are those comfort dogs? They’re the only thing that helps me get through the day.'”"", 'Growing Need For Therapy Dogs': 'A new era for therapy dogs opened on 9/11, says Ursula Kempe, president of Therapy Dogs International (TDI), which she co-founded in the mid-1970s. TDI sent 100 teams to New York, where they worked at the Family Assistance Center on Pier 94 and Pier 50 at the Pentagon. They spent about four weeks there. Kempe says that most of the dogs rose to the challenge, but some could not handle it.\n\n“While this was still going on, I called a meeting at TDI and asked everyone who was involved if they wanted to come. We all realized — really there was absolutely no dissention — we are not prepared for that, as therapy-dog handlers.”\n\nTDI tightened its criteria, requiring additional preparation for the human handlers and special certification for dogs participating in disaster relief. Since then, TDI teams have helped people cope with all kinds of disasters, from Hurricane Katrina to mass shootings to acts of terrorism.\n\nKempe says the way the world views working dogs has come a long way, but improvements are still needed. For example, only service dogs can travel by plane in the cabin with their owners. Kempe is trying to persuade airlines to allow disaster-relief comfort dogs to do the same. This one change, she says, would bring many more dogs to places where they are needed. Handlers are reluctant to transport their canine partners in baggage.', 'The Future of Working Dogs': 'Dr. Otto believes that the need for dogs trained for all kinds of serious work is going to increase even more in the future. Even now, more funding, facilities, and people willing to become handlers are desperately needed. “There is a shortage of dogs and funds to support them,” she says, “as well as the research to keep them healthy and performing optimally.”\n\nExperts also say that there is no way to predict what the future needs will be and how dogs will contribute to keeping us safe and helping people recover from a horror like the events of 20 years ago.\n\n“People are realizing all of the different ways we can use these K-9s,” Tosch says. “We’re only limited by our imagination.”'}",[]
https://www.akc.org/expert-advice/family-dog/do-dogs-find-things-funny/,Do Dogs Have a Sense of Humor?,"Nov 15, 2024",['funny'],"Sassafras Patterdale, CPDT-KA, CTDI","Sirius, my Newfoundland, likes to play a game with me. The moment I sit down to eat, she asks me to take her outside to potty. When she has my attention, she will run back over to the table instead of to the back door and puts her chin up next to my plate.

Sirius doesn’t try to take the food, even though she could! She seems to find it hilarious that she could be naughty but isn’t and then, of course, enjoys a romp outside with me as my dinner gets cold. Is this game, and some of her other antics, a joke she is playing on me?

Some great minds, including 19th-century naturalist Charles Darwin, have pondered the question: Do our dogs share our sense of humor? We might not be the only ones laughing!","{'The Best Medicine?': 'It doesn’t take much time around dogs to realize the positive impact canine companions have on our moods and world outlook. Most dogs seem to radiate joy, and their companionship makes us less lonely.\n\nThe big bonus is that having a dog around results in a lot of unexpected hilarity. Dogs have huge personalities, and the more bonded you and your dog are, the more likely it is that you’ll both develop more than a few inside “jokes”—behaviors your dog does that you think are hilarious.\n\nIf you have ever watched dogs playing, you might think they make a noise that sounds like they are laughing, and you’d be right! During play, dogs produce a vocalization that can be understood as laughter. This laughing vocalization is characterized as exhaling in a breathy way through their mouth. It is believed that this is part of how dogs communicate with each other about play, such as when they are trying to initiate a chase game or are play-bowing.\n\nAnd some research suggests that, as in humans, laughter is good for dogs. A classic study led by researcher Patricia Simonet explored the impact the sound of dogs laughing had on other dogs at a Spokane shelter. The researchers played a recording of dog-play vocalizations that featured the laughing sound. The scientists concluded that dog laughter could reduce stress behaviors among shelter dogs and even support dogs in initiating pro-social behaviors.', 'Do You Get It?': 'Dogs are quick learners, and it doesn’t take long for even young puppies to figure out that if they can make us laugh, we are more likely to continue to engage with them. Our laughter reinforces the kinds of jokes that dogs naturally play, and they are more likely to tell those jokes more often.\n\nBut does the ability to laugh mean that they also have a sense of humor? Many dog owners describe how their dogs play tricks or display behavior that could be considered a joke.\n\nIn “The Descent of Man,” published in 1871, Darwin described behavior that might be seen as a gag. “Dogs show what may be fairly called a sense of humor, as distinct from mere play.” A dog with a stick, he said, might “carry it away for a short distance; and then squatting down with it on the ground close before him, will wait until his master comes quite close to take it away. The dog will then seize it and rush away in triumph, repeating the same maneuver and evidently enjoying the practical joke.”\n\nHas your dog ever done something that made you laugh and then started doing it again and again? For most dogs who are bonded with their owners, the person laughing is positive and reinforcing. With dogs, behavior that is reinforced is more likely to be repeated. Most of our dogs strive to get attention, engagement, and even laughter from us.', 'Canine Clowns': 'Although there have been no official studies about what breeds of dogs are the funniest, there are breed considerations to keep in mind. Each dog is an individual, but each breed also has fundamental traits described in their breed standard regarding the ideal temperament.\n\nThe Coton de Tulear’s standard, for example, describes the breed as “naturally clownish.” That’s ideal if you’re looking for a playful companion, perhaps a bit frustrating if you’re a serious soul.\n\nWhether you want a well-behaved family companion or if you plan to pursue sports with your dog, it’s important to bring elements of play and humor into your training sessions.\n\nUnfortunately, we can’t ask dogs exactly what they find funny, and we can’t say for sure that they’re really playing jokes on us! But we do know one thing: The more time you spend with your dog, the greater the chances that you’ll find something to laugh about together.'}",[]
https://www.akc.org/expert-advice/family-dog/chihuahuas-small-size-big-presence-on-stage/,Chihuahuas’ Small Size Still a Big Stage Presence,"Feb 25, 2026",[],Mara Bovsun,"When Christian Stoinev was 10, he was gripped by a yearning that is common among boys of that age. “I wanted a pet, really bad,” he recalls.

But Stoinev’s life was not like that of most little boys. He was a child of the circus, the youngest member of a big-top family that stretched back five generations. His father was an acrobat for Ringling Bros. and Barnum & Bailey, and his mom was an aerialist from one of the most renowned circus families in Mexico.

Travel was a big part of their lives, so his parents opted for a portable pet—a Chihuahua. There was no way to predict where this tiny being would lead their son.","{'Hands Down': 'Two decades later, Stoinev is famous for his hand balancing talents. He can balance on practically anything—one palm on a block, sometimes one finger in a bottle, the rest of him as solid and still as a plank, his feet straight up to the sky. It seems effortless, but it took decades of careful conditioning and practice to make it look so natural.\n\nHis skill has brought him international acclaim—winner of Germany’s “Das Supertalent,” a top-12 finalist on “America’s Got Talent,” and a regular at NBA halftime shows, which allows him to indulge his passion for basketball.\n\nBut his sidekick—a light tan Chihuahua, always nicknamed “Scooby” for the act—steals the spotlight.\n\nAll Scooby has to do to get wild applause is strike a pose, sitting upright on his haunches, his paws held out in front of him. Lots of dogs do this trick, but Scooby performs it perched on Stoinev’s back or the soles of his shoes as his human partner is upside down. The act—“Christian and Scooby”—looks like the work of a master trainer with decades of experience and schooling in canine behavior.\n\nStoinev insists that’s not the case. “I never think of myself as a dog trainer just because of, I guess, how everything got started,” he says.', 'A Tiny Spark': 'Stoinev learned his three Rs through his mother’s homeschooling and classes held in circus wagons. At the same time, he was mastering skills that would bring him into the family business—unicycling, juggling, and acrobatics. At 5, he made his performance debut, balancing on his father’s shoulders.\n\nBut it was something the original Scooby did naturally that brought the dog into the act. One afternoon, Stoinev was relaxing at home, lying on the floor on his stomach. Scooby was walking on the boy’s back, doing this “little paw thing.” It sparked an idea.\n\nStoinev’s father suggested they bring Scooby to the next practice to see if he would repeat the paw dance while Stoinev was doing a horizontal handstand.\n\n“And sure enough, he did it,” Stoinev says. An act was born.\n\nThe routine opens with Stoinev performing daring moves on his own, like balancing his 185-pound, 6-foot frame with just one finger in a bottle. Then it’s the Chihuahua’s turn. The opening is a series of tricks—Scooby jumping through hoops, weaving through Stoinev’s legs, or slithering around his neck. Then they progress to slow, controlled acrobatics, like a somersault, in which Scooby rolls along, walking from his partner’s back to front.\n\nThen, Stoinev gracefully unfolds into his handstand, with Scooby climbing up on his owner’s body as he moves through each phase. The dog ends up perched in a sit pretty on Stoinev’s back or the soles of his feet.\n\nThrough it all, the dog remains calm and focused, paying no attention to the lights, spectators, or any of the distracting sights and sounds of a basketball arena.', 'Four-Paw Folklorico': 'Stoinev’s dog has a poise and serenity that flies in the face of the Chihuahua stereotype—yappy, pointy-eared Napoleons. They are “the most recognizable, yet least understood of all dog breeds,” laments the Chihuahua Club of America in its club flyer.\n\nTo their fans, what they lack in pounds, they make up in pluck and personality. It’s not a noisy, nippy, pushy character, but an upbeat, willing, brave soul. No matter what their people want to try, they’re ready to rise to the challenge.\n\nAnother thing: They dance. Without coaching, many will rear up on their hind legs and do what the internet has labeled Chihuahua flamenco, tiny side-to-side stomps.\n\nSpanish bandleader Xavier Cugat, who popularized the breed in the 1940s and ’50s, advertised his “dancing Chihuahuas” as a lure to his shows. In 1968, Walt Disney’s “Wonderful World of Color” brought “Pablo and his Dancing Chihuahua,” a story about an orphan boy and the stray Chihuahua who saved him, into living rooms all over America.\n\nToday, cyberspace is loaded with photos, GIFs, and videos of these tiny dogs, sometimes in tutus, often with a little girl or ballerina by their sides, twirling on their hind legs. ChaCha Chihuahua is a board game celebrating dancing dogs.\n\nIn Switzerland, Karin Baumann has taken the notion of a dancing Chihuahua to a new level. She and her 5 1/2-pound fuzzy partner, Joya, have become known around the world for their interpretation of “Swan Lake.”', 'On Their Toes': 'Like Stoinev’s family, Baumann’s decision to choose this breed was based on practicality. She often travels by bicycle or with her family in a camper van. “I wanted a small dog that I could easily take with me everywhere,” she recalls. “I immediately liked the character traits and the looks of these little [dogs].”\n\nAbout a decade ago, Kira, a 4 1/2-pound black and tan long-coat, came into Baumann’s life, followed two years later by Joya, a tan and white smooth-coat.\n\nSometime after she got her two dogs, Baumann saw an exhibition of doggie dancing. “I knew immediately that I wanted to try it too,” says the willowy blonde, who was a ballet dancer in her youth. “It is probably the dream of many dancers to dance to ‘Swan Lake.’ With dog dance, I was able to fulfill this dream.”\n\nAnd her little dogs are perfect partners. “Chihuahuas are very intelligent, making them ideal for learning tricks,” says Baumann, who teaches tricks training and DogDance in Bern. “They are simply great dogs that I love more than anything.”\n\nSince 2018, Baumann, Kira, and Joya have performed in several international competitions and, as a trio, in Germany’s “Das Supertalent.” This past March, Baumann and Joya performed “Swan Lake,” representing Switzerland, at the world’s largest dog show, Crufts. “I am so proud of my dancing little mouse,” she wrote on her Facebook page.\n\nBaumann, in a white leotard and tutu, starts with a delicate bourrée en couru. Joya mirrors the tiny side steps, circles backward around her partner’s feet, and then continues with some impressive moves, in which the little dog balances on Baumann’s back, legs, or palms. She has choreographed several different dances for her tiny partners.\n\n“The dogs learn specific tricks,” Baumann says. “These tricks are put together in such a way that there is a flow, which gives the impression that they are dancing.” They learn these complicated routines with only two or three training and conditioning sessions a week, a regimen that Baumann has maintained for nine years. “Over the years, we have grown into well-established teams.”\n\nThrough it all, their tails never stop wagging.', 'Second Nature': 'The canine partners in “Christian and Scooby” perform with serene precision, as if they are copying their human’s style. In 2011, Stoinev’s parents brought him another Chihuahua, Percy, from Mexico. Stoinev is now training a new “Scooby,” 3-year-old Milo.\n\nStoinev’s approach to dog training reflects the disciplined way he learned his balancing skills. He teaches and conditions his dogs slowly and in increments, so the movement patterns become ingrained. It’s all done with a joy that is evident in both the boy and his dog.\n\nStoinev also observes his partners carefully when they are not practicing or performing, and these moments often pay off big for the act. He noticed that Milo loved carrying a tiny basketball-shaped stuffy. It was easy to turn this natural tendency into a crowd-pleasing trick—Milo dunks the ball into a tiny basketball hoop.\n\n“They really train me,” he says.'}",[]
https://www.akc.org/expert-advice/family-dog/akc-patriotic-puppy-program-confident-puppy-course/,AKC Patriotic Puppy Program Builds Confidence With New Course,"Nov 15, 2024",[],Penny Leigh,"Training dogs has been a way of life for Roxane Dutson since she was a teen. She taught the family dogs tricks and then became involved in competition through an obedience training group.

“My love for working with dogs became stronger as my husband and I got our first Labrador in 1996,” Dutson says. “From there, I learned about retriever training, and my husband developed a passion for hunting.”

Before long, the couple had a breeding program and a kennel devoted to producing Labrador Retrievers who excelled in the field. Despite their success, she felt something was missing.

“A couple of years ago I came across an opportunity with the AKC to breed working detection dogs. I was excited about this because I felt there was more that I could be doing with our dogs and more that the dogs could be doing for people,” the South Dakota resident says. “I was particularly interested in how our dogs could serve our country.”

Dutson applied to the AKC Patriotic Puppy Program and was accepted. The AKC Detection Dog Task Force launched the program in late 2018 to coach and support breeders and trainers who dedicate a year to prepare a puppy as a candidate for advanced detection training.

Today, Dutson’s dogs are hunting more than birds as they find missing people, firearms, bombs, and more. And the foundational training program Dutson uses for her pups is now available for free by the AKC Detection Dog Task Force: the Confident Puppy course, for those raising or considering raising future detection dogs, as well as anyone bringing up a puppy for a sport or even a family pet.","{'Puppy Primer': 'A black Lab that Dutson selected in the whelping box went to work last year for the Maine Warden Service K9 team. Griz was just a year old when he started the job, but his journey to become a detection dog started the day he was born.\n\nWith coaching and support from the AKC Patriotic Puppy Program, plus educational materials, Dutson gave Griz the tools he needed to handle the rigors of detection dog training. “I worked with him from the time he was born to a year old by raising him to have a high toy drive and desire to search, and to make sure he was well socialized to be able to handle the many different environments that he would be working in,” Dutson says.\n\nA big help to Dutson, she says, was the Confident Puppy course, which provides information from detection-industry professionals about what is needed to raise a well-rounded, effective detection dog from puppy to adult. “The course focuses on key training principles like taking it slow, keeping it positive, building on natural behaviors, and keeping records for progress and correction,” Dutson says.\n\nThere is a great need in the United States for dogs trained to sniff out bombs, firearms, and more. As the world faces more threats, the competition for these canine specialists is high, creating a shortage of dogs to protect the country. The United States also has relied on foreign breeders for protection and detection dogs.\n\nThe Patriotic Puppy program strives to help American breeders produce and train the dogs needed to protect the country. Government agencies and most private vendors will not accept dogs until they are at least a year old. But there is a lot of preparation that must be achieved in those 12 months for the puppy to be successful.\n\nThe Confident Puppy course provides a guide for anyone considering raising a detection dog, starting with how to choose the right puppy. Important traits include a strong sense of smell, energy, boldness, independence, and resilience.\n\n“The Confident Puppy course gives a great overview of what skills a future detector dog will need. For our Patriotic Puppy participants, it provides some consistency and potential training techniques that will help them successfully raise a future detection dog,” says Stacey West, Patriotic Puppy Manager.\n\nPopular breeds for detection work, in addition to Labradors, are the German Shepherd Dog, German Shorthaired Pointer, Belgian Malinois, English Springer Spaniel, Brittany, Parson Russell and Russell Terrier, Golden Retriever, Dutch Shepherd, and Beagle. But puppies of any breed—from Chihuahuas to Great Danes— can benefit from many training tips in the course.\n\n“The confidence and environmental stability we emphasize in Patriotic Puppy and the Confident Puppy course also provide a great foundation for a dog’s success as a well-adjusted pet and success in AKC events,” says Sheila Goffe, vice president of AKC Government Relations. “In making Confident Puppy available to the public for free, we wanted to be sure that all dog owners could benefit from the resources the Detection Dog Task Force is producing in its goal of addressing the shortage of high-quality U.S.-bred, -raised, and -trained detection dogs.”', 'Head Start': 'The course stresses that the most important thing for any young puppy is socialization—starting as soon as they come home or, if you are a breeder, as soon as they are born.\n\nGlenda Mazzuca breeds Brittanys for hunting upland birds. She took the Confident Puppy course because many desirable traits for detection jobs are similar to what she wants in her dogs. “I want high-drive, independent dogs that are bold and want and need a job to do. I also want them to make good family dogs and pets as well,” Mazzuca says.\n\nEspecially helpful, she says, were the sections on socialization. “They would be incredibly useful for someone new or unfamiliar with how to properly socialize a puppy and are a helpful reminder to those more experienced,” Mazzuca says. “To take a puppy with potential and create a wonderful hunting dog, proper socialization and correct exposure to new people, places, things, sounds are incredibly important.”\n\nThe course provides many tips on how to give your puppy lots of positive experiences with the world, including different surfaces, stairs, and enclosed spaces. Play yards and puppy-size obstacle courses can be of great value in building confidence and coordination.\n\n“Socialization of new puppies is critical to developing any canine as a confident dog,” West says. “Also, consistency of effort and training techniques is key to developing a great dog, whether it’s a detection dog or a family pet.”'}",[]
https://www.akc.org/expert-advice/family-dog/on-call-one-rottweilers-mission-to-lift-human-spirits/,One Rottweiler’s Mission to Lift Human Spirits,"Nov 15, 2024","['therapy dogs', 'rottweiler']",Mara Bovsun,,{},[]
https://www.akc.org/expert-advice/family-dog/dachshund-becomes-cadaver-dog/,Dachshunds Become Unlikely Cadaver Dogs,"Nov 15, 2024","['scent work', 'detection dogs', 'dachshund', 'cadaver dogs']",Mara Bovsun,,{},[]
https://www.akc.org/expert-advice/family-dog/cadaver-dogs-how-canine-noses-help-find-dead-bodies/,How Cadaver Dogs Help Find Dead Bodies,"Nov 15, 2024","['search and rescue', 'tracking', 'cadaver dogs']",Mara Bovsun,"Sheriff’s Deputy Frank Hurst reached down to his 140-pound partner, Radar, and slipped a collar decorated with skulls and crossbones around the Bloodhound’s neck. “Where’s the Napoo, Radar?” he said.

Radar ran around the item in question — a car in the police impound lot — his nostrils quivering. When the big red dog came to the trunk, which was closed, he sat. It was his signal to Hurst that meant “This is the spot. I found it.” What Radar had pinpointed in those moments was the unique bouquet of decaying human bodies. Radar is a “decomposition dog,” also known as a “cadaver dog,” trained to pick up the scent of death.

The car was part of an investigation into the May 2013 disappearance of David Noren, 49, of Lakewood, Colorado. Noren was not likely to run off without a word. Even more troubling, he had left behind the most precious thing in his life — Olivia, his 12-year-old black Labrador Retriever.

Something bad had happened to him, everyone was sure of that, but there was no way to even guess what it was or where to start looking. Police had nothing until Radar sat in front of the trunk of Noren’s car.

Lakewood officers had thoroughly examined the trunk before, but their eyes did not pick up what Radar’s nose had — two specks of blood. Investigators looked in the trunk again, this time with a luminescing chemical. “It lit up like the night sky,” according to Radar’s winning entry for the 2016 AKC Humane Fund Award for Canine Excellence. It was enough to convince police that foul play was involved and to press an investigation. A hiker later found Noren’s body, dumped along the side of a wilderness road. The killer, Noren’s roommate, is now serving a life sentence.","{'Legacy of Vietnam': 'For centuries, humans have relied on the extraordinary power of the canine nose for patrolling, tracking fugitives and missing persons, or identifying bombs or illegal substances. Their ability to pick up odors is a true superpower. Dogs have about 200 to 300 million scent receptors in their noses, compared to about six million in humans. Scent regions of their brains are roughly 40 times larger than ours.\n\nNevertheless, organized attempts to use this natural wonder in homicide investigations are relatively new, dating back only to around the 1970s, wrote Cat Warren in “What the Dog Knows.” It all started when Vietnam War-era Army researchers began musing how many jobs dogs could perform at home and in peacetime.\n\nIn the early 1970s, New York State Trooper Ralph Suffolk Jr., a Bloodhound handler, worked with the Military Animal Science program at San Antonio’s Southwest Research Institute to test the concept. Suffolk trained a yellow Labrador Retriever as the first “body dog.” (Today, they are referred to as “decomposition dogs” or “cadaver dogs.”)', 'Concrete Case': 'Andrew Rebmann, a co-author of the classic textbook Cadaver Dog Handbook, was among the first handlers in the U.S. He developed training programs for the discipline.\n\nBefore he became involved with sniffer dogs, Rebmann was a Connecticut State Police trooper. The department put out a recruiting call for K-9 handlers. Although Rebmann loved dogs, he didn’t apply for the program because he wasn’t sure he was qualified.\n\nCleo, his family’s pet Newfoundland at the time, changed that. Rebmann and Cleo competed in AKC obedience and, one day, the trooper brought his big, fluffy pal to work and showed off some of her moves. Before he could say, “Good dog,” Cleo had launched her owner’s career as a police K-9 handler. Since the 1970s, he has participated in thousands of cadaver-dog searches.\n\nUsing cadaverine and putrescine, chemicals produced by decomposing corpses, Rebmann trained his first body dog, Rufus, to pick out the scent of death. These chemicals are among the many tools trainers rely on to teach dogs how to distinguish the telltale aroma.\n\nOne of the team’s first major finds was the body of a woman murdered by her husband. Rufus found her buried in the couple’s yard, even though she was down more than four feet, covered in lime powder, and entombed under a brand-new concrete patio.', 'Sliver of Evidence': 'In 1986, Rebmann and Lady, another German Shepherd Dog, helped solve a baffling high-profile case in which a Connecticut flight attendant, Helle Crafts, vanished. Police suspected her husband, but without a body, they had little to go on.\n\nThen a snowplow driver reported seeing something weird around the time Crafts disappeared — a woodchipper by the side of a river, operating during a raging snowstorm in the middle of the night. Lady led investigators to tiny fragments of human tissue, including a sliver of a fingernail with nail polish on it that matched a color the missing woman used.\n\nThis physical evidence, only about 3 ounces, was enough to suggest that Crafts had not run away from her bad marriage. The tiny items the dog found contributed to a murder conviction and a 50-year sentence for her husband.\n\nThe “woodchipper murder” marked the first time Connecticut prosecuted a homicide case without a complete corpse. “Lady played a really important part,” says Warren. The use of educated sniffers has become a common practice in missing persons and homicide cases and disaster recovery. “Well-trained cadaver dogs are a really good tool,” says Warren.\n\nAlthough finding a body or parts often requires several different methods— some as high-tech as ground-penetrating radar — dogs offer a unique perspective. In a drowning case, for example, bodies can be deep below the surface and trapped in debris. “A dog can say, ‘This pile of debris here is worth tearing apart.’ That’s where dogs shine,” she says.\n\nAnother important role they play is in resetting the perceptions of their two-legged partners. Human brains tend to get stuck in a groove, says Warren.\n\nBut dogs have no preconceived notions. They don’t limit their searches based on crime-scene tape. They know only what their millions of scent receptors tell them.\n\nDogs are able to pick up a scent within minutes of death or years later. In some studies, they have found 25-year-old skeletonized remains, buried in an area of 300 by 150 feet. Hurst works with a volunteer group, NecroSearch International, Inc., that brings together specialists from many disciplines — everything from botany, anthropology, and entomology to computer analysis — to help law enforcement solve decades-old cases. Canine sniffers are important in many of these searches.\n\nWarren points out, though, that while they provide vital clues, what dogs find is only one part of an investigation. Another problem is that the information they provide can be hard to interpret. In many cases, they can tell you if a dead human has been in a place, but all the other essential questions — who, how, and when — will require additional digging and analysis by humans.\n\n“Dogs aren’t perfect like people aren’t perfect,” Warren says. “I’d be horrified if someone ended up in prison based only on the word of a dog and handler.”', 'Gotta Sniff': 'What kind of dog excels in this serious work? A “jackass,” was a trainer’s assessment of Solo, the German Shepherd puppy who launched Warren, a North Carolina State University English professor, into her second life as a cadaver-dog handler.\n\nSolo was a singleton puppy, Warren recalls in her book, and so obnoxious she dubbed him the “Little Prince of Darkness.” Warren had experience with both the breed and competitive obedience. Still, this wild child was more than she could handle. But he was just hours old when he started “working scent,” as the breeder proudly reported to Warren.\n\nHurst describes Radar as a “nose on four legs,” which is not unusual for a Bloodhound. “They were built for it,” says Hurst. Everything about them, including their long ears, the folds in the skin of their faces, and their “nasty drool” is designed to help them pull in odors.\n\nBut being a sniffing machine is just part of the picture. Solo was pushy and aggressive and had unstoppable drive. All of these characteristics suggested to the trainer that he might be a good search dog. Radar’s temperament is also ideal for this work. “You look for a dog who is not afraid to leave the whelping box, a pretty bold dog,” says Hurst. Radar was running tracks at 9 weeks old.\n\nWhen Radar’s on the scent, nothing gets in his way. “He’s like a 140-pound bowling ball. … He pulls me around, and I’m a pretty hefty guy,” laments Hurst, who outweighs his big red partner by 100 pounds. “He has dragged me down mountains.”\n\nBoth Radar and Solo would make less-than-ideal household companions, but obsessive drive is what you need when someone goes missing. Radar is trained to search for the living — lost children, Alzheimer’s patients — as well as the dead.\n\nTo switch gears, Hurst replaces the body harness used in live searches with the skull-and-crossbones collar and gives his command to seek death scent. “Where’s the Napoo?” is popular among cadaver dog handlers. It’s a bit of World War I British/Australian slang for “finished, done, dead,” says Warren.\n\nDoes the job of seeking victims of murders and disasters depress the dogs? Not at all, say the handlers. In fact, they often find it too much fun. Dogs can get so charged up when they catch the scent that they run wild or start digging like crazy. There was at least one account of a dog urinating on the spot. That’s why one important part of training is teaching a calm, reliable signal, like a sit.\n\nFor these four-legged detectives, death is just another aroma, and tracking it down is just another game.'}",[]
https://www.akc.org/expert-advice/family-dog/five-dogues-de-bordeaux-turner-hooch/,Five Dogues de Bordeaux Star in “Turner & Hooch” Series,"Nov 15, 2024","['dog movies', 'dogs on tv']",Mara Bovsun,,{},[]
https://www.akc.org/expert-advice/family-dog/why-do-dogs-have-whiskers/,Why Do Dogs Have Whiskers?,"Nov 15, 2024","['senses', 'whiskers']","Stanley Coren, PhD","Dogs have a set of stiff hairs protruding from the sides of their muzzles that are popularly called “whiskers.” These are not at all like the nonfunctional whiskers that men sometimes grow on their faces. Why do dogs have whiskers?

Technically, these special hairs are called vibrissae. But a better name for them is “feelers” because vibrissae really are sophisticated devices that help the dog feel its way through the world.

They are quite different from most other hairs on the dog’s body. To begin with, they are considerably more rigid and embedded more deeply into the skin. Much more important, however, is the fact that at the base of each vibrissa is a high concentration of touch-sensitive neurons so that the slightest pressure on that stiff hair will produce a neural response.

The vibrissae serve as an early warning device that something is near the face and thus helps the dog prevent colliding with walls or objects and alerts the dog that something is approaching which might damage his face or eyes. You can demonstrate this for yourself by tapping gently on the vibrissae of a dog. With each tap, the eye on the same side of the face will blink protectively, and the dog will tend to turn his head away from the side tapped.","{'Dangers of Removing Dog Whiskers': 'Dogs whose vibrissae have been removed seem more uncertain in dim light. Under these conditions they actually move more slowly because they are not getting the information that they depend upon to tell them where things are that they might bump into.\n\nWith intact vibrissae, the dog actually does not have to make physical contact with a surface to know it is there. These special hairs are so sensitive that they also register slight changes in air currents. As a dog approaches an object like a wall, some of the air that he stirs up by moving bounces back from surfaces, bending the vibrissae slightly. The resulting neural response is enough to inform him that something is near well before he touches it.\n\nSo next time you’re at the groomer, let them know to leave those whiskers alone.'}",[]
https://www.akc.org/expert-advice/family-dog/one-moment-they-had-a-bright-future-as-a-search-dog-team-then-it-was-gone/,One Moment They Had a Bright Future as a Search-Dog Team. Then It Was Gone.,"Nov 15, 2024","['working dogs', 'search and rescue', 'epilepsy']",Cat Warren,"We had Jaco less than 10 months when it happened.

Jaco was a German Shepherd Dog exported from the Czech Republic when he was 16 months old. I wanted him to be my next scent-detection dog, a partner in the work I’ve done for more than a decade, finding the missing and the dead.

He was a beautiful, wary creature, with an exotic gold and dark brown sable coat. When David and I went to pick him up, he stood at my husband’s side, looked at him, and growled. We soon realized a sweetness lay behind that wariness. Jaco learned to bury his head in our legs and hold still, tail swishing gently while we stroked him.

Once he started formal scent training, nothing else existed. Finding the hidden material so he could get a tug with a ball on a rope was his world.

Despite some quirks, he was a good boy. Sincere, hardworking, and predictable. He wanted to search. He wanted to play tug. He made me believe in our future as a team.

I took him to two scent-detection seminars in a row. He was powerful, enthusiastic, and beautiful. I was in heaven. An FBI trainer admired how simple Jaco made the work appear: Run to the source; stand if the terrain was too rough; lie down if he could.

Jaco would freeze, tail angled up like a flag, dark amber eyes glowing.

He was like a force of nature. Faithful to the source. Faithful to the game. Faithful to my plans.","{'Faulty Wiring': 'Four days after we returned home, I was working at my desk. Jaco was asleep next to me. I heard a familiar sound. A dog’s leg pounding on a wire crate. I ignored it. He was probably scratching an itch and his leg went awry. It continued.\n\nJaco lay on his side, jerking rhythmically. His legs paddled, his neck arched, his eyes rolled back. Foam emerged around his pulled-back lips. I don’t know how, but I dragged him from the crate. He was urinating, simultaneously rigor stiff and jerking. I held him, trying to cradle his head, talking nonsense. “You’re a good boy. You’re such a good boy. It’s OK, buddy. You’ll be OK.”\n\nI was sure he was dying.\n\nAfter a few moments, he stood. “Jaco,” I said, and went to touch him. He moved as though he might bite me, but then backed into the corner of the study, standing panting, pupils dilated so much his amber eyes were black. He didn’t recognize me. I didn’t approach him.\n\nI don’t know how long it took, but Jaco finally looked at me, wagged his tail, and stumbled over to lick the tears from my face.', 'The Odds of That?': 'Jaco was never the same after that first seizure. We took him to our university vet school’s neurology department. Idiopathic epilepsy, the vets said. No known cause. No cure.\n\nSeven months after Jaco’s seizures started, I got another diagnosis, and my dog and I became an oddly matched pair of patients: Idiopathic epilepsy for him. Invasive breast cancer for me.\n\nMy cancer had probably taken years to grow. His seizures came fast and furious and unpredictable every few weeks. David and I monitored Jaco, compulsively at first. Nights were the worst. For the first two years, I’d lie there, listening for any ambient noise that my mind might translate to that terrifying sound of Jaco’s feet paddling hard, uncontrollably against his wire crate.\n\nFor a full year and a half after Jaco’s diagnosis, with a ferocity of denial and magical thinking, I continued to train him as a cadaver dog. I even certified him—a vain act of faith. He could never be deployed on a search.\n\nHe still loved the training. But his once-joyous certitude in pinpointing scent morphed into fuzziness and doubt: a mental wobble and weakness that paralleled his body’s vulnerability.\n\nHis seizures continued. We added more drugs.', 'Parallel Lives': 'If I could choose one condition to go away, my cancer or Jaco’s epilepsy, I’m not entirely sure which I’d choose, so it’s good I don’t have a choice. Jaco’s epilepsy has changed our daily lives more than my cancer. For a year or so, we moved between appointments at North Carolina State University vet school’s neurology department, and the surgeon and oncologist at University of North Carolina’s cancer center.\n\nIt’s easier now. My surgical pain and swelling are mostly gone. My energy is back. During checkups, doctors admire my growing muscles. I didn’t get those by myself. Jaco got me off the couch and into the woods. Despite his seizures, despite his wobbles, despite his debilitating condition—Jaco helped heal me.\n\nWe medicate Jaco seven times daily. Eighteen pills plus a liquid in his food twice a day. We don’t set an alarm for my daily pill. We set alarms for Jaco’s. With one of his drugs, even a 20-minute delay might trigger a seizure.\n\nThe cancer center established a baseline for my bone density, as the drug I take can render my now-strong bones porous and prone to fracture. We also established a baseline for Jaco’s bone marrow health and organs and ataxia, as the three drugs he’s on can break his body down, too.\n\nBut there’s been barely a change in either our bones or organs.\n\nPerhaps Jaco isn’t the same happy as when he surged out of his crate to capture the scent of human remains. But he’s the kind of happy where he gazes up at me, wagging his tail, waiting for help to navigate our stairs.\n\nThe drugs are doing their job. Jaco hasn’t had a bad seizure for a year and a half. We know he will, though. People ask what causes it, and I explain that it’s still mysterious. There’s no cure. Nonetheless, I get all sorts of well-intentioned suggestions: CBD oil is right up there. Acupuncture. A ketogenic diet. Homeopathy. Lavender oil. Passionflower.\n\nA few people ask when we’re going to “do something” about Jaco. We know what that means. One person intimated that I might want to consider the state of my marriage because of Jaco’s ongoing care needs.\n\nDavid and I check in with each other frequently about euthanasia. Not yet. Not now.\n\nAs for my cancer? People reassure me that they know my cancer will never return—that it’s in my rearview mirror. I nod. Maybe. Cancer’s not simple either. It lurks. I don’t stare into its dark corners too intently.\n\nBesides, we have dogs who need to be fed and exercised and trained.\n\nThis time, we brought home a 9-week-old sable puppy from a U.S. breeder I’ve known about for decades. This time, I’ve made fewer assumptions. Rev is a working-line shepherd with a good nose and an intense desire to do something. He’s funny, smart, and focused.\n\nPeople ask, haven’t you started training Rev for cadaver? Why not? When?\n\nNot yet. He’s not yet fully adult. And maybe Rev won’t become a cadaver dog. Rev’s future depends on what he enjoys, and what I’ll enjoy.\n\nAll I can think about is that right now, right here, on this day, David and I have two German Shepherds. We love them. They make us cry. They make us laugh. They absorb our time and energy.\n\nYes, they limit our lives. They also expand our universe.\n\nCat Warren is author of the New York Times bestseller What the Dog Knows: Scent, Science, and the Amazing Ways Dogs Perceive the World. She recently adapted that book for young readers. Photos courtesy Cat Warren.'}",[]
https://www.akc.org/expert-advice/family-dog/blanche-saunders-obedience/,From Defiant Woman to Mother of Dog Obedience Training,"Nov 15, 2024","['tricks', 'obedience', 'poodle', 'boston terrier']",Brynn White,,{},[]
https://www.akc.org/expert-advice/family-dog/fear-of-black-dogs/,Why Are Some People Afraid of Black Dogs?,"Nov 15, 2024","['dog myths', 'stereotypes', 'superstition']","Stanley Coren, PhD",,{},[]
