url,title,updated_date,tag_list,author,intro,full_content,faq
https://www.akc.org/expert-advice/health/pemf-therapy-for-dogs/,PEMF Therapy for Dogs: What to Know,"Jun 01, 2026","['osteoarthritis', 'nsaids', 'PEMF therapy', 'arth']",Gemma Johnstone,"If your aging or active dog is slowing down or limping, they could be suffering from osteoarthritis or an acute injury. Your dog may initially be prescribed nonsteroidal anti-inflammatory drugs (NSAIDs), which are the cornerstone of traditional treatment for managing joint stiffness and lameness. However, they aren’t suitable for every dog and can have long-term risks. Fortunately, veterinarians are increasingly adopting multimodal treatment plans that combine medications with rehabilitation therapies to better manage pain and support recovery.

In This Article

Pulsed electromagnetic field therapy (PEMF) is a non-invasive wound healing and pain management technology that’s growing in popularity in human and veterinary medicine. Read on to learn whether PEMF therapy for dogs is a treatment option worth discussing with your veterinarian.

","{'What Is PEMF Therapy and How Does It Work?': 'PEMF therapy uses electromagnetic waves to carry energy that stimulates biological activity within tissues. The treatment is delivered via a device that emits signals targeted to a specific part of the body.\n\nDr. Christine Jurek is the Medical Director at Thrive Pet Healthcare partner TOPS Veterinary Rehabilitation in Grayslake, Illinois. She explains that light or sound waves experience some interference when the body’s tissue absorbs them. However, electromagnetic waves penetrate deeply with minimal resistance, allowing the signal to reach structures such as muscles, joints, and bones.\n\nPEMF therapy is believed to influence cellular processes involved in healing and inflammation. “It actually changes the cell membranes and makes them more permeable, and ultimately it increases a substance called nitric oxide, which is a key substance that increases blood flow and reduces inflammation,” Dr. Jurek says.\n\nAKC is a participant in affiliate advertising programs designed to provide a means for sites to earn advertising fees by advertising and linking to akc.org. If you purchase a product through this article, we may receive a portion of the sale.\n\nImproved circulation helps deliver oxygen and nutrients to damaged tissues and may support healing. There’s even research suggesting that PEMF therapy stimulates the release of endorphins and serotonin, chemicals associated with pain regulation and mood.\n\n', 'When Is PEMF Therapy Used for Dogs?': 'Dr. Jurek explains that she most often uses PEMF therapy for managing pain and inflammation associated with canine osteoarthritis. This progressive joint disease is common in dogs and leads to chronic pain, stiffness, and decreased mobility. PEMF therapy may help reduce discomfort and improve mobility for some dogs.\n\nAKC is a participant in affiliate advertising programs designed to provide a means for sites to earn advertising fees by advertising and linking to akc.org. If you purchase a product through this article, we may receive a portion of the sale.\n\nVeterinary providers can also use PEMF therapy to support the healing in a range of other conditions, including:\n\nSome owners of canine athletes and working dogs use PEMF therapy to promote tissue health and minimize the risk of injury. Early research has even explored its potential to help reduce stress levels in dogs with separation anxiety.\n\nThe FDA has also approved PEMF therapy for various conditions in humans, including urinary incontinence, depression, anxiety, and certain cancers. However, further research is necessary in these areas of veterinary medicine.\n\n', 'How Effective Is PEMF Therapy for Dogs?': 'PEMF therapy has a strong safety profile, and the promising early research means it’s increasingly viewed as a useful adjunct or standalone therapy, particularly for chronic musculoskeletal problems.\n\nSome studies in dogs with osteoarthritis have shown improvements clinical signs such in pain and mobility following repeated PEMF treatments. Other research has evidenced reductions in inflammatory markers and postoperative pain following spinal surgery.\n\nHowever, veterinary research is still developing. “The studies that we have are fairly well written, and results are promising, but there are not enough of them,” Dr. Jurek says. “Just like every other newly developed technology, we have a lot to learn. However, we’ve got enough information to determine that this is an overall safe treatment, and we’ve got reasonable evidence that it’s effective.”\n\nAKC is a participant in affiliate advertising programs designed to provide a means for sites to earn advertising fees by advertising and linking to akc.org. If you purchase a product through this article, we may receive a portion of the sale.\n\nIt’s also important to recognize that treatment results may vary depending on the device used, the frequency and intensity of the electromagnetic signal, and the treatment schedule.\n\n', 'What Are the Risks, Limitations, and Side Effects?': 'One reason PEMF therapy is popular in veterinary rehabilitation is its strong safety profile. It’s non‑invasive, does not generate heat, and is generally well tolerated by dogs. To date, significant adverse effects have not been documented when PEMF therapy is used appropriately.\n\nHowever, there are situations where veterinarians exercise caution, specifically in pregnant dogs, dogs with tumors, and dogs who are prone to seizures.\n\n“We tend not to use them in pregnant patients, because we don’t know what effect the cell signaling might have on the fetus,” Dr. Jurek says.\xa0Early research suggests that certain electromagnetic signals may suppress tumor growth, which is why researchers are exploring PEMF therapy as a potential cancer treatment. However, until more research is available, most veterinarians avoid using it on tumors. Use in dog with seizures must also be done cautiously because there may be potential to trigger seizure activity.\n\nAnother limitation is that PEMF therapy requires an accurate diagnosis and correct targeting of the treatment area. Using an at-home device without identifying the underlying cause of pain or applying it to the wrong location could delay the right type of medical care.\n\n“Having that partnership with a medical professional is critical to the success of the treatment, as well as to eliminate some pitfalls in potentially misusing the device,” Dr. Jurek emphasizes.\n\n', 'How Is PEMF Therapy Administered?': 'PEMF therapy can be provided in veterinary clinics or at home using portable devices. Sessions typically last between 10 and 60 minutes, depending on the condition and equipment used. While some dogs show temporary improvement after a single session, benefits are usually cumulative and develop with repeated treatments over days or weeks.\n\nAKC is a participant in affiliate advertising programs designed to provide a means for sites to earn advertising fees by advertising and linking to akc.org. If you purchase a product through this article, we may receive a portion of the sale.\n\n“The at-home devices are small and portable, and the pet either lies on top of a mat with magnets embedded within it, or they have portable loop devices that you can put on a specific area,” Dr. Jurek says.\n\n', 'At Home PEMF Therapy vs. In-Office Treatments': 'The advantage of attending a veterinary rehabilitation clinic is that many of them incorporate PEMF therapy as part of a broader treatment plan. It means you can be sure the treatment is targeting the right area, and your veterinarian can tweak treatment based on your dog’s response.\n\nAKC is a participant in affiliate advertising programs designed to provide a means for sites to earn advertising fees by advertising and linking to akc.org. If you purchase a product through this article, we may receive a portion of the sale.\n\nAt-home devices have become increasingly popular because they allow dogs to receive more frequent treatments without repeated clinic visits. The upfront cost of a device typically ranges from about $300 to $2,000, which can be less expensive than the cost of ongoing appointments over time.\n\nHowever, Dr. Jurek warns that not all devices are supported by solid research. “There’s a lot of devices on the market, and unfortunately, they’re not all vetted, and they can make all sorts of label claims, but they might not be true,” she says.\n\nDifferent devices produce different electromagnetic intensities and pulse frequencies, so their effects may not be interchangeable. Some are designed to treat a specific part of the body, while others provide whole-body exposure.\n\nWorking closely with your veterinary rehabilitation practitioner ensures you can select a device that’s appropriate for your dog’s condition.\n\n', 'When Is It Worth Considering PEMF Therapy for Dogs?': 'PEMF therapy isn’t a cure-all, and research is still evolving. However, if you’re looking for ways to help your dog manage pain or recover from an injury or surgery more quickly, it could be one tool worth discussing with a veterinarian or veterinary rehabilitation specialist.\n\nWhile PEMF therapy can sometimes be used as a standalone treatment, it’s most often part of a multimodal treatment plan for chronic conditions such as osteoarthritis or slow-healing injuries. Veterinarians may combine it with medications, therapeutic exercise, weight management, laser therapy, and other rehabilitation techniques.\n\nDr. Jurek stresses the importance of strengthening and stability exercises alongside pain management in conditions like osteoarthritis. “If we don’t strengthen the tissues around the joint, if we don’t make the muscles stronger, that joint will continue to deteriorate,” she says.\n\nAKC is a participant in affiliate advertising programs designed to provide a means for sites to earn advertising fees by advertising and linking to akc.org. If you purchase a product through this article, we may receive a portion of the sale.\n\n'}","[{'question': 'Is PEMF therapy safe for dogs?', 'answer': 'When used appropriately, PEMF therapy is considered safe and well tolerated. Veterinarians may avoid it in pregnant dogs, dogs with tumors, or dogs with seizure disorders.'}, {'question': 'Can PEMF therapy replace pain medication for my dog?', 'answer': 'PEMF therapy usually complements, rather than replaces, medications. Some dogs may need fewer drugs over time, but treatment plans should always be guided by a veterinarian.'}, {'question': 'How soon will my dog see results from PEMF therapy?', 'answer': 'Some dogs show temporary improvement after a single session, but benefits are typically cumulative and become more noticeable with repeated treatments.'}, {'question': 'Can I use an at‑home PEMF device for my dog without seeing a vet?', 'answer': 'It’s best to consult a veterinarian first. An accurate diagnosis and proper targeting are critical, and not all devices are appropriate for every condition.'}]"
https://www.akc.org/expert-advice/health/swollen-lymph-nodes-in-dogs/,Swollen Lymph Nodes in Dogs: Everything You Need to Know,"May 20, 2026","['lymph nodes', 'swelling']",Gemma Johnstone,"If you’re petting your dog in that favorite spot under their chin and you feel a new lump, it’s not something to ignore. Depending on its position, it could be a swollen lymph node. Swollen lymph nodes in dogs aren’t always life-threatening, but they’re definitely worth bringing up to your vet.

In This Article

Lymph nodes are a vital part of the immune system, and when they’re enlarged, it can be a sign that the body is responding to something unusual. Causes range from minor infections to more serious diseases like cancer. Knowing what to look for means you can get prompt veterinary attention and potentially an early diagnosis. Catching something early could save your dog’s life.

","{'What Are Lymph Nodes in Dogs?': 'Lymph nodes are small, bean-shaped glands that are an important interconnected part of the immune system. They contain lymphocytes, a type of white blood cell, that help fight infection and illness.\n\nKate Vickery, VMD, MS, DACVIM (Oncology), CVA, is an Associate Clinical Professor of Medical Oncology at the Flint Animal Cancer Center at Colorado State University. She describes lymph nodes as being like the body’s waste depot. They filter lymph fluid, which carries proteins, fats, waste products, and immune cells throughout the body.\n\n“If a dog has any inflammation in a specific area of the body, the lymph node will be activated, and that will call in the immune system to help address the inflammation or infection,” she explains.\n\nAKC is a participant in affiliate advertising programs designed to provide a means for sites to earn advertising fees by advertising and linking to akc.org. If you purchase a product through this article, we may receive a portion of the sale.\n\nWhen the immune system is activated, lymph nodes can enlarge significantly as they fill with immune cells or, in some cases, abnormal cells.\n\n', 'Where Are Lymph Nodes in Dogs Located?': 'Your dog has hundreds of lymph nodes throughout their body, but only a handful of sets are easy to feel externally. According to Dr. Vickery, the three most common areas are:\n\nAKC is a participant in affiliate advertising programs designed to provide a means for sites to earn advertising fees by advertising and linking to akc.org. If you purchase a product through this article, we may receive a portion of the sale.\n\nIt’s also sometimes possible to detect those in the armpits (axillary) and in the groin area (inguinal). There are also lymph nodes inside the chest and abdominal cavities.\n\n', 'How to Tell if Your Dog’s Lymph Nodes in Dogs Are Swollen?': 'When your dog is healthy, lymph nodes are small and difficult to detect by touch. In small dogs, they’re often around the size of a pea, and in larger breeds, they can be grape-sized.\n\nEven if the lymph nodes are slightly enlarged, it can be hard to distinguish them from the surrounding tissue. However, some swollen lymph nodes can grow to be up to 10 times their normal size, becoming hard to miss very quickly.\n\n“I recommend that owners have an understanding of where on the body to feel for the lymph nodes and to get a sense for what their dog’s ‘normal’ feels like,” Dr. Vickery says. “This way, they will have a better understanding of when things become abnormal.” She describes abnormal lymph nodes as feeling “like a whole walnut in the shell underneath the skin, where it’s firm to the touch.”\n\nSome enlarged nodes can be painful to the touch, especially when caused by infections. Others may not cause your dog any discomfort.\n\n', 'What Causes Swollen Lymph Nodes in Dogs?': 'There are various causes of swollen lymph nodes in dogs, but the most common include infection, inflammation, and cancer.\n\nAKC is a participant in affiliate advertising programs designed to provide a means for sites to earn advertising fees by advertising and linking to akc.org. If you purchase a product through this article, we may receive a portion of the sale.\n\nWhen the body detects invading infections, it produces more white blood cells, which collect in nearby lymph nodes.\n\nAccording to Dr. Vickery, bacterial or fungal infections may cause swollen lymph nodes across the body, but more commonly, the swelling is localized to the nodes near the infection site. Skin wounds, ear infections, and upper respiratory infections are all common causes of localized swelling.\n\nVector-borne diseases such as Lyme disease or ehrlichiosis from ticks, leishmaniasis, or tularemia may also lead to widespread lymph node enlargement.\n\nInflammation can also cause lymph nodes to swell. “[This can include] reactive lymph node enlargement due to focal inflammation,” Dr. Vickery explains. “Dental disease is a good example of this, especially in older dogs.” She also lists cutaneous lupus erythematosus (an autoimmune skin condition) and sterile granulomatous lymphadenitis (often called puppy strangles or juvenile cellulitis) as culprits.\n\nAKC is a participant in affiliate advertising programs designed to provide a means for sites to earn advertising fees by advertising and linking to akc.org. If you purchase a product through this article, we may receive a portion of the sale.\n\nAllergies to environmental triggers or food can also lead to inflammation throughout the body, temporarily enlarging lymph nodes.\n\nLymphoma, a cancer of the lymphatic system, is the most common cancer associated with swollen lymph nodes in dogs. According to Dr. Vickery, you often see the ones at the back of the knees, under the jaw, and in front of the shoulder enlarged.\n\n“Cancer can also spread (metastasize) to a lymph node,” Dr. Vickery says. “For example, a dog with an oral tumor may have cancer spread to one or both of the mandibular lymph nodes, which causes just those lymph nodes to be enlarged.”\n\n', 'Other Signs for Dogs With Swollen Lymph Nodes': 'In some cases, your dog may not have any other noticeable signs besides swollen lymph nodes. However, Dr. Vickery says swelling and edema (accumulation of fluid) in the tissues around the lymph node are possible, and the swelling may be painful to the touch.\n\nIn other cases, dogs may also show symptoms such as:\n\nAKC is a participant in affiliate advertising programs designed to provide a means for sites to earn advertising fees by advertising and linking to akc.org. If you purchase a product through this article, we may receive a portion of the sale.\n\nIf you notice any swelling or other concerning changes, don’t delay in contacting your veterinarian. Early evaluation and treatment can lead to a better outcome for your dog.\n\n', 'Diagnosis of Swollen Lymph Nodes in Dogs': 'Your veterinarian will begin by conducting a thorough physical exam and discussing your dog’s history and symptoms with you.\n\nThe most common diagnostic test for enlarged lymph nodes is a fine-needle aspiration. This involves your veterinarian inserting a small needle into the lymph node to collect cells for examination under a microscope. This testing can help determine whether the swelling relates to infection, inflammation, or cancer.\n\nAKC is a participant in affiliate advertising programs designed to provide a means for sites to earn advertising fees by advertising and linking to akc.org. If you purchase a product through this article, we may receive a portion of the sale.\n\nAccording to Dr. Vickery, additional tests may include:\n\n', 'Treatment of Swollen Lymph Nodes in Dogs': 'Treatment varies widely depending on the underlying cause and its severity.\n\nWhen your dog has an infection, your veterinarian may prescribe antibiotics, antifungal medication, or a dental procedure. Anti-inflammatory medications, such as corticosteroids, may help treat inflammatory or allergic conditions. Some dogs with severe infections may require supportive treatment in a veterinary hospital to help them recover.\n\nIf your dog receives a lymphoma diagnosis, chemotherapy is the main treatment. Dr. Vickery acknowledges that, while this may sound scary, veterinary chemotherapy is usually tolerated well by dogs. It uses lower doses than the human version, designed to slow the disease’s progression while preserving quality of life. “Some of our canine patients may experience a little bit of a picky appetite or loose stool while they’re going through treatment, but it’s usually very manageable,” Dr. Vickery explains.\n\nWhile chemo can help to put lymphoma into remission for a period of time, it won’t be the right treatment or accessible in every situation. Veterinarians often prescribe anti-inflammatory steroids as part of a palliative care treatment plan.\n\n', 'Prognosis for Dogs With Swollen Lymph Nodes': 'Dogs with infections or inflammatory conditions generally make a full recovery once the underlying problem is treated. You can expect your dog’s lymph nodes to return to their normal size within a few weeks.\n\nAKC is a participant in affiliate advertising programs designed to provide a means for sites to earn advertising fees by advertising and linking to akc.org. If you purchase a product through this article, we may receive a portion of the sale.\n\nLymphoma in dogs isn’t a curable disease. With chemotherapy treatment, the median survival is about one year, although Dr. Vickery notes that she has had some patients live a good quality of life for several years. Without treatment, lymphoma typically progresses quickly. However, with appropriate palliative treatment, many dog owners are still be able to enjoy a comfortable few weeks or months with their dog.\n\n'}","[{'question': 'Are swollen lymph nodes in dogs always cancer?', 'answer': 'No. Infections and inflammation are common causes. Cancer is only one possibility.'}, {'question': 'Can swollen lymph nodes go away on their own?', 'answer': 'They may shrink if the underlying issue resolves, but unexplained swelling should always be evaluated by a veterinarian.'}, {'question': 'Should I massage swollen lymph nodes?', 'answer': 'No. Manipulating swollen lymph nodes can cause discomfort and doesn’t treat the cause.'}]"
https://www.akc.org/expert-advice/health/concussions-in-dogs/,"Concussions in Dogs: Signs, Symptoms, Treatments","Jun 01, 2026","['head', 'concussion']",Nandini Maharaj,"We often think of concussions as happening to people while they’re working or playing competitive sports. But pets are also at risk of brain injury. Concussion in dogs is “a very serious medical problem that can become life-threatening,” says Dr. Dottie Hagler, DVM, DACVIM, board-certified veterinary neurologist and medical director at Pet Specialists of Austin. “The good news is that dogs are incredibly resilient, and many patients who suffer from this condition actually go on to survive and have a great quality of life, but early intervention is key.”

In This Article

If you suspect your dog has a concussion, seek veterinary care right away. If you suspect your dog has a concussion, seek veterinary care immediately to improve their chances of recovery and prevent complications. We asked veterinarians about the symptoms, causes, and treatment of concussion in dogs canine concussions.

","{'What Is a Concussion in Dogs?': 'A concussion occurs “when the brain hits the skull and undergoes trauma,” says Dr. Veronica Villanueva, DVM, medical director at VEG Anaheim Hills. “A more severe concussion is when they get backlash, where the brain hits the front and back of the skull.” This kind of trauma can cause brain swelling and even seizures.\n\nAKC is a participant in affiliate advertising programs designed to provide a means for sites to earn advertising fees by advertising and linking to akc.org. If you purchase a product through this article, we may receive a portion of the sale.\n\n“In veterinary medicine, we refer to concussions as a traumatic brain injury or TBI,” Dr. Hagler says. “Statistically, about one out of every four dogs who have some type of blunt trauma to their head will have a significant traumatic brain injury.” Such injuries may include a skull fracture or a fracture that causes compression of the brain, and there may be pieces of skull in the brain.\n\n“We can also see intracranial bleeding, and that can put additional pressure on or inside of the brain, and contusive injury where the brain comes in contact with the side of the skull during the trauma,” Dr. Hagler says. Dogs may also have polytrauma, meaning they have additional injuries to their body. “They may have been in some type of vehicular accident, or been dropped on their heads, or have had a heavy object fall on their heads,” she explains.\n\nIn less severe cases, concussions generally involve a functional disturbance rather thanas opposed to structural damage. With a functional disturbance, “a CT scan or an MRI would be completely normal, and the dogs would make a full recovery with rest and monitoring,” says Dr. Eliza O’Callaghan, DVM, managing veterinarian for Small Door Veterinary. She explains that a functional disturbance is a temporary neurologic disturbance, such as dizziness, that affects the dog’s functioning. In contrast, structural damage refers to a bruise or a bleed.\n\nAKC is a participant in affiliate advertising programs designed to provide a means for sites to earn advertising fees by advertising and linking to akc.org. If you purchase a product through this article, we may receive a portion of the sale.\n\n', 'Symptoms of Canine Concussions': 'The most common symptom of concussion in dogs is diminished or dull mentation, meaning their level of awareness, Dr. Hagler says. They may be unable to walk or have difficulty maintaining their balance. “Patients can come in even worse than that, where they’re in a coma or having seizures,” she adds.\n\nIn a petit mal seizure, dogs may roll into a tight ball, stiff and shaking, Dr. Villanueva says. Other signs are a head tremor or seeming disoriented. In Conversely, dogs can have a grand mal seizure, dogs may flail their legs, vocalize, urinate, or defecate themselves,” she says.\n\nThe onset of symptoms tends to occur immediately following the trauma. “An exception would be patients who have an intracranial bleed that’s slow,” Dr. Hagler says. “In a patient like that, it may take a few hours for them to become symptomatic.”\n\nPhysical and behavioral symptoms of canine concussion include:\n\n“The symptoms we see are indicative of where in the brain the problem is,” Dr. Hagler says. Some parts of the brain require more nutrients than others, making them more susceptible to metabolic injuries, such as a disruption in nutrient processing or energy production. For example, an injury to the front of the brain is more likely to cause behavioral or personality changes.\n\nAKC is a participant in affiliate advertising programs designed to provide a means for sites to earn advertising fees by advertising and linking to akc.org. If you purchase a product through this article, we may receive a portion of the sale.\n\nAnother example is an injury to the brain stem, which controls breathing. “Injuring that part of the brain is going to carry a much more guarded prognosis,” Dr. Hagler says. Fortunately, these injuries are less common because the brain stem is tucked away at the back of the brain. “When patients are exhibiting symptoms of a brain stem injury, often, it’s because the front of the brain has been injured and becomes swollen, causing pressure on the back of the brain,” she explains.\n\n', 'Causes of Concussion in Dogs': 'One of the most common causes of TBI in dogs is getting hit by a car, but it’s not the only one. “I’ve also had very small patients who jumped out of their owner’s arms and fell on their heads,” Dr. Hagler says. They can also have a heavy object fall on their head. “Some of these patients are so small that it really doesn’t take much to cause a serious brain injury,” she says.\n\nAKC is a participant in affiliate advertising programs designed to provide a means for sites to earn advertising fees by advertising and linking to akc.org. If you purchase a product through this article, we may receive a portion of the sale.\n\nDogs can also suffer falls from grooming tables and furniture. Another cause of brain injury is “really rough play, where two dogs have a collision, causing a minor concussion,” Dr. O’Callaghan says. Such injuries can also happen in working dogs, hunting dogs, and dogs who participate in sports such as agility. “They’re at a higher risk of exposure to high-impact environments and physical exertion,” Dr. Villanueva says.\n\nAside from blunt force trauma, Dr. O’Callaghan explains that sudden acceleration or deceleration of the head or neck, like in a car accident, can also cause concussions. This motion can cause the brain to collide with the inside of the skull, causing an injury. Dr. Villanueva agrees, adding that dogs can get whiplash and develop a concussion.\n\n“We take our pets everywhere now, which is wonderful, but they don’t have a seatbelt,” she says. She sees this a lot with\xa0 small breed dogs. They can fly and hit the windshield and have permanent head trauma. In addition, small breed dogs like the Chihuahua and Pomeranian have what’s called an open fontanelle or a soft spot in the skull, which can put them at risk of a brain injury.\n\n', 'Immediate Actions and Emergency Care for Head Trauma': 'If you observe any type of head trauma, especially a car accident or high-speed collision, Dr. Hagler recommends taking your dog to the nearest veterinarian immediately. Even if they don’t show initial problems, dogs should be evaluated by a veterinarian. “Dogs are very good at hiding their injuries,” she says. “Often, patients have to be in a lot of pain before they start screaming or crying.”\n\nA veterinarian can provide initial stabilization, often with medications that reduce pressure and swelling. Treatment typically also includes:\n\nAKC is a participant in affiliate advertising programs designed to provide a means for sites to earn advertising fees by advertising and linking to akc.org. If you purchase a product through this article, we may receive a portion of the sale.\n\n“The initial neurologic presentation of the patients is just as important as the trend we observe over time,” adds Dr. Hagler. Veterinarians use a grading system called the modified Glasgow Coma Scale, or small animal coma scale, to assess whether a patient is getting better or worsening. These scales provide an objective assessment of the patient’s condition and are helpful in intensive care unit settings where multiple veterinarians treat patients.\n\n“Often, in these patients, we also need some form of advanced imaging like a CAT scan or MRI,” Dr. Hagler says. These tests help determine whether patients need additional intervention, such as decompressive brain surgery. They may also need another procedure to stabilize injuries sustained during the initial accident.\n\n', 'Diagnosing Canine Concussion': 'Not all incidents occur on our watch. Dogs could be playing outside when an injury happens, or you may be out of the house when they slip and fall or run into a wall. If you notice any neurological symptoms, such as disorientation or a loss of coordination, Dr. Villanueva recommends taking your dog to a veterinarian right away for early assessment and treatment.\n\n“You need to be vigilant within the first 24 to 48 hours following a head trauma because there can be life-threatening complications like brain bleeding or swelling, and they can develop very slowly,” she says. “A veterinarian can perform a neurologic exam to see if there are deficits that the owner may not be able to see.” Even if your dog seems okay, if you suspect they’ve had head trauma, bring them to see a veterinarian. Dogs can’t tell us what’s wrong, and symptoms aren’t always immediately visible.\n\nIn diagnosing concussions in dogs, the veterinarian will perform a full physical examination from nose to tail. They will take your dog’s history and perform a neurologic examination. “We’re going to watch them walk and see if they’re having any ataxia,” Dr. Villanueva says. “We’re also going to flip their paws upside down because the natural response is to correct it and put their foot the right way.”\n\nAKC is a participant in affiliate advertising programs designed to provide a means for sites to earn advertising fees by advertising and linking to akc.org. If you purchase a product through this article, we may receive a portion of the sale.\n\nThe latter is called conscious proprioception, which is “a way of testing whether the dog knows where their feet are in space,” Dr. O’Callaghan explains. Other assessment tools include taking your dog’s blood pressure, having them balance on one leg, and checking their reflexes. For example, a dog should blink when you put your finger up to their eyes.\n\nIf the trauma is mild or the injury seems minor, “at minimum, we would want a pet parent to keep their dog with them for observation, for the rest of that day to make sure they didn’t take a turn for the worse,” Dr. Hagler says.\n\n', 'Treatment and Recovery from Canine Concussion': 'Treatment and prognosis depend on the location and severity of the dog’s injury, and the type of stabilization needed. “The real cornerstone of treatment is strict rest and observation and making sure they don’t deteriorate from the state they’re in,” Dr. O’Callaghan says. Crate rest is ideal, but you can have your dog confined to a small room or area where there’s no furniture or steps for them to climb and injure themselves further.\n\nAKC is a participant in affiliate advertising programs designed to provide a means for sites to earn advertising fees by advertising and linking to akc.org. If you purchase a product through this article, we may receive a portion of the sale.\n\nOut of an abundance of caution, a veterinarian may recommend hospitalization for initial monitoring. Among patients requiring hospitalization, “some dogs improve very rapidly and are discharged in 24 or 48 hours,” Dr. Hagler says. Other patients require a longer hospitalization. For example, a patient who undergoes a decompressive brain surgery may need to stay in the hospital for a longer period than one with a less severe injury.\n\n“If we see a neurologic deficit, we’re going to treat and would hospitalize them, because we want to prevent permanent damage,” Dr. Villanueva says. “The sooner we can start, the better.” Permanent damage can result from brain pressure or bleeding. For example, if the brain hits the front and back of the skull, this can result in a severe injury. “There’s a French term for it called contrecoup brain injury,” Dr. Villanueva says. In addition, the veterinarian will monitor the dog’s vital signs, including their blood pressure.\n\n“If we’re seeing neurologic signs, we’re probably going to give them an opioid such as hydromorphone or gabapentin for neuropathic pain,” Dr. Villanueva says. A vet may also prescribe diuretics like mannitol to help reduce brain swelling and anti-seizure medications to treat seizures.\n\n“If your dog is in pain, please don’t give any human medications to them,” she says, adding that “Tylenol and Ibuprofen are toxic to dogs.” In cases where the vet doesn’t observe neurologic symptoms, but the dog is experiencing pain, they may suggest treating the dog on an outpatient basis.\n\nAKC is a participant in affiliate advertising programs designed to provide a means for sites to earn advertising fees by advertising and linking to akc.org. If you purchase a product through this article, we may receive a portion of the sale.\n\nIf the amount of brain trauma is severe, a veterinary neurologist can request an MRI or CT scan to assess the brain further and detect any bleeding or swelling, Dr. Villanueva says. “If there’s any form of brain trauma or thoughts of a concussion, we would recommend doing an MRI or CT scan right away,” she says. Knowing the severity of the injury will help determine the prognosis.\n\n“In general, once a patient starts improving, the prognosis tends to be good,” Dr. Hagler says. Many patients go on to have a good quality of life. That said, “it’s not uncommon for dogs who have survived severe head injury to have some type of permanent neurologic deficit, like difficulty seeing out of one eye, having seizures, or walking with an uncoordinated gait,” she says.\n\nAs your dog is recovering, you can take them outside on a short leash for toileting. All three experts agree that you should use a harness instead of a collar to avoid pulling on their head or neck. Dogs generally recover from a concussion within 24 to 72 hours. Dr. O’Callaghan recommends a week of rest to be on the safe side. Once neurologic signs resolve, dogs can gradually return to normal activity.\n\nAKC is a participant in affiliate advertising programs designed to provide a means for sites to earn advertising fees by advertising and linking to akc.org. If you purchase a product through this article, we may receive a portion of the sale.\n\nDr. Villanueva stresses the importance of not overexerting your dog as they’re recovering. Avoid taking them to the park or allowing them to run around. “Just keep them calm and have them rest,” she says. Although infrequent, some patients may require physical rehabilitation. Full rehabilitation, whenever possible, may take a long time, Dr. Hagler says.\n\n', 'The Importance of Prevention and Early Intervention': 'There are several things you can do to prevent TBI in dogs or reduce the risk of permanent damage. “One of the most important things is to invest in some type of restraint device for inside a vehicle,” Dr. Hagler says. A patient of hers, who was in a car accident, wasn’t restrained and developed a compressive skull fracture that required surgery. Despite having a good quality of life, this patient developed seizures.\n\nDr. Villanueva has seen similar accidents in her practice. She recommends not allowing your dog to sit in the back of your truck. Your dog could get excited and jump out of the vehicle or get injured if you slam on the brakes.\n\nAnother way to prevent concussions is to take precautions at home and outdoors. Indoors, remove any heavy furniture or objects your dog might run into, Dr. Villanueva says. When you’re outdoors, keep your dog on a leash or in a fenced-in area. With working dogs, make sure you’re in an open area with no trees or obstructions in their path.\n\nAKC is a participant in affiliate advertising programs designed to provide a means for sites to earn advertising fees by advertising and linking to akc.org. If you purchase a product through this article, we may receive a portion of the sale.\n\nIf you take your dog to a groomer, inquire about safety protocols to keep your dog secure, Dr. O’Callaghan says. Dogs should never be left unattended on a grooming table or high surface. Likewise, if your dog tends to play rough, monitor their play with other dogs. The same vigilance is needed for sports, where dogs are at risk of falling or bumping their heads.\n\nBecause early intervention is critical to preventing permanent damage, take note of the nearest emergency veterinary hospital. Accidents can happen at any time. Your regular veterinarian may not be available.\n\n“Dogs are absolutely amazing,” Dr. Hagler says. “I don’t think I could overemphasize their resilience.” Her advice is not to give up. “Some of these patients just need a little bit of time.”\n\n'}","[{'question': 'Can dogs recover fully from a concussion?', 'answer': 'Yes. Many dogs, especially with mild injuries, recover completely with rest and prompt care.'}, {'question': 'How soon do concussion symptoms appear in dogs?', 'answer': 'Symptoms often appear immediately but can be delayed for several hours if swelling or bleeding develops slowly.'}, {'question': 'Should I wake my dog after a head injury?', 'answer': 'Do not attempt home monitoring alone. Always consult a veterinarian for guidance after head trauma.'}, {'question': 'Can a dog have a concussion without visible injury?', 'answer': 'Yes. Concussions often involve internal brain trauma without external wounds.'}]"
https://www.akc.org/expert-advice/health/laryngeal-paralysis-in-dogs/,"Laryngeal Paralysis in Dogs: Causes, Signs, and Treatment","Jun 01, 2026","['paralysis', 'laryngeal paralysis', 'larynx']",Gemma Johnstone,"Have you noticed your older dog slowing down when out on walks, panting more than usual, or making strange breathing sounds? It could be more than just age catching up with them. Laryngeal paralysis is a progressive condition that affects a dog’s ability to breathe normally, and, in severe cases, it can be life-threatening.

In This Article

Because this condition often develops slowly, the early signs can be easy to overlook. While there’s no cure for laryngeal paralysis in dogs, securing a timely diagnosis and taking proactive management steps can help keep your pet comfortable and enjoying a good quality of life for longer.

","{'What Is Laryngeal Paralysis in Dogs?': 'The larynx, or voice box, sits at the top of the trachea (windpipe). It allows air to enter the lungs and prevents food and liquids from going into the airway when swallowing.\n\nSmall muscles in the larynx pull what’s called the arytenoid cartilages. In healthy dogs, these open in the larynx open during breathing. They widen the airway so air can move through freely. The larynx relaxes again when the dog exhales. In dogs with laryngeal paralysis (sometimes shortened to “lar-par”), the nerves controlling these muscles don’t work properly.\n\n“When these muscles fail, the cartilages remain in a relaxed position, obstructing the opening into the trachea,” Michael Tillson, DVM, MS, DACVS, the Bruce Pratt Eminent Scholar Chair in Small Animal Surgery at Auburn University College of Veterinary Medicine, explains. “This obstruction, and the associated struggle to breathe, increases when a dog needs to increase their respiration (such as during activities, when excited, or when panting due to hot weather).”\n\n', 'What Causes Laryngeal Paralysis in Dogs?': 'Laryngeal paralysis in dogs is a complex condition that can be congenital (present at birth) or acquired later in life.\n\nAKC is a participant in affiliate advertising programs designed to provide a means for sites to earn advertising fees by advertising and linking to akc.org. If you purchase a product through this article, we may receive a portion of the sale.\n\nInherited forms of lar-par, which tends to appear in dogs under 1one year old, is not common. However, breeds including the Bouvier des Flandres, Black Russian Terrier, Bulldog, Dalmatian, Leonberger, Rottweiler, and Siberian Husky have been reported to have inherited forms or lar-par.\n\nLaryngeal paralysis is much more common in older dogs, especially in large and giant breeds. It’s also more commonly seen in male dogs than in females. Labrador Retrievers are one of the most frequently affected, but it’s also seen in Golden Retrievers, Irish Setters, Saint Bernards, and Great Danes.\n\nIn many senior dogs, there is no identifiable underlying cause, and the laryngeal paralysis is referred to as “idiopathic.” However, lar-par is often attributed to a broader generalized degenerative nerve disorder that affects multiple areas of the body. In these cases, it’s referred to as geriatric-onset laryngeal paralysis-polyneuropathy (GOLP-P), which can also affect the esophagus.\n\nOther less common causes of\xa0acquired\xa0laryngeal paralysis in dogs include neck trauma, surgical injury, tumors, or endocrine disorders such as\xa0hypothyroidism.\xa0\n\n', 'Signs & Symptoms of Laryngeal Paralysis in Dogs': 'Early signs of laryngeal paralysis in dogs can vary and are often subtle and slow to develop. As a result, owners may attribute a dog’s initial symptoms to the natural aging process. However, often the “slowing down” they see is because their dogs have reduced stamina due to an impaired ability to breathe properly.\n\nAKC is a participant in affiliate advertising programs designed to provide a means for sites to earn advertising fees by advertising and linking to akc.org. If you purchase a product through this article, we may receive a portion of the sale.\n\nSome common subtle early signs include:\n\nAs the condition worsens, which can take months or years, your dog may show\xa0additional\xa0signs, including:\xa0\n\nAKC is a participant in affiliate advertising programs designed to provide a means for sites to earn advertising fees by advertising and linking to akc.org. If you purchase a product through this article, we may receive a portion of the sale.\n\nHeat intolerance is a particularly important red flag. “A critical factor in understanding laryngeal paralysis is that affected dogs have limited ability to effectively increase their respiration rate,” Dr. Tillson explains. “This can seriously compromise their ability to dissipate heat from their bodies through panting.” Even mild exertion or warm weather can trigger respiratory distress and heatstroke.\n\nIf your dog shows severe breathing difficulties, has blue or purple-tinged gums, or suddenly collapses, seek veterinary attention immediately. Respiratory distress is a medical emergency, and quick action can be life-saving.\n\n', 'How is Laryngeal Paralysis Diagnosed?': 'The definitive diagnostic test for laryngeal paralysis in dogs is to examine the larynx under light anesthesia. Once your dog is sedated, your veterinarian can safely observe the movement of the arytenoid cartilages as your dog breathes.\n\n“The [dog]’s history and physical examination, as well as other imaging tests (including thoracic films, ultrasound, and CT imaging) can be useful in heightening the suspicion of lar-par or in providing supportive evidence,” Dr. Tillson notes. “However, few veterinary surgeons would undertake surgical intervention without the visual confirmation.”\n\nIn some cases, your veterinarian may also order\xa0additional\xa0tests, such as blood work or a neurologic exam, to help\xa0identify\xa0suspected underlying causes.\xa0\n\n', 'Treatment of Laryngeal Paralysis in Dogs': 'Currently, there isn’t a cure for laryngeal paralysis in dogs, so treatment focuses on managing symptoms and preventing life-threatening breathing problems.\n\nAKC is a participant in affiliate advertising programs designed to provide a means for sites to earn advertising fees by advertising and linking to akc.org. If you purchase a product through this article, we may receive a portion of the sale.\n\nVeterinarians can often handle mild cases of laryngeal paralysis in dogs with conservative intervention. “Medical management strategies include altering the pet’s lifestyle to prevent respiratory crises,” Dr. Tillson explains.\n\nManagement and treatment options may include:\n\nAKC is a participant in affiliate advertising programs designed to provide a means for sites to earn advertising fees by advertising and linking to akc.org. If you purchase a product through this article, we may receive a portion of the sale.\n\nIf your dog has a serious breathing crisis requiring emergency care, your veterinarian may administer oxygen therapy, intravenous fluids, sedation, and cooling measures. In severe cases, temporary intubation (a procedure in which a tube is inserted into the trachea to\xa0maintain\xa0an open airway) may be necessary to\xa0assist in\xa0breathing.\n\nWhile medical management techniques can help some dogs temporarily, they don’t correct the airway obstruction. Surgery can’t fully restore laryngeal function, but it can often significantly improve breathing and quality of life.\n\nThe most widely performed surgery for laryngeal paralysis is unilateral arytenoid lateralization, which is commonly called a “tie-back.”\n\n“It allows the surgeon to permanently abduct one of the laryngeal cartilages by pulling it to the side and locking it in place using permanent suture material,” Dr. Tillson explains. “This opens half of the airway, permitting an easier passage of air during inhalation.”\n\nMost dogs tolerate the procedure well, especially when performed by an experienced veterinary surgeon.\n\n“A successful ‘tie-back’ should dramatically reduce the potential for a respiratory crisis and typically allows the dog to resume routine, if somewhat limited, activities,” Dr. Tillson explains.\n\nAs with any surgery, there are risks. The most common serious complication is\xa0aspiration\xa0pneumonia, which occurs when food, water, or stomach contents enter the lungs. According to Dr. Tillson, this\xa0typically\xa0occurs in the immediate post-operative period.\n\nAKC is a participant in affiliate advertising programs designed to provide a means for sites to earn advertising fees by advertising and linking to akc.org. If you purchase a product through this article, we may receive a portion of the sale.\n\nAfter surgery, you should avoid letting your dog swim and feed small meals to reduce the risk of aspiration pneumonia. You will also need to monitor closely for signs such as coughing, fever, lethargy, nasal discharge, or loss of appetite.\n\n“There are various other surgical procedures available to be used by some veterinary surgeons,” Dr. Tillson says. “I find these are the most useful if the ‘tie-back’ procedure fails or is inappropriate for another reason.” He explains that future treatments include laryngeal stents to keep the laryngeal cartilages apart.\n\n', 'Prognosis for Laryngeal Paralysis in Dogs': '“It’s important to realize GOLP-P is thought to be a progressive condition, but we are not clear on how quickly any individual dog will progress,” Dr. Tillson explains. Some dogs can remain stable with mild signs for years, while others decline into respiratory distress much more rapidly.\n\nMany dogs live comfortably for months or years after diagnosis with proper medical management. Successful surgery can also result in dramatic improvement for some dogs, with many\xa0often regaining\xa0stamina and energy after having serious breathing difficulties.\n\nBy recognizing the signs early and communicating with your primary care veterinarian and, when\xa0appropriate, a board-certified surgeon, you can help ensure the best possible outcome for your dog.\n\n'}","[{'question': 'Is laryngeal paralysis painful for dogs?', 'answer': 'The condition itself isn’t typically painful, but the effort required to breathe can cause distress, anxiety, and exhaustion—especially during flare‑ups.'}, {'question': 'Can dogs with laryngeal paralysis still go for walks?', 'answer': 'Yes, but walks should be short, slow, and avoided in warm or humid conditions. A harness should be used instead of a collar.'}, {'question': 'How quickly does laryngeal paralysis progress?', 'answer': 'Progression varies widely. Some dogs decline slowly over years, while others worsen more rapidly. Regular veterinary follow‑up is important.'}]"
https://www.akc.org/expert-advice/health/supporting-your-dog-through-every-life-stage/,"Supporting Your Dog’s Mobility, Joints, Skin, and Coat Through Every Life Stage","May 01, 2026","['skin', 'joint health', 'senior dog', 'puppy health']",Balchem,"Paid Advertisement 

Dogs change as they grow up, and their nutritional needs change as well. From puppies to senior dogs, maintaining healthy mobility, joint function, and skin and coat quality are essential to your dog’s quality of life. Focusing on proper nutrition at each life stage can help your dog stay active and feeling their best for years to come. 

","{'Starting Strong\xa0With\xa0Proper Nutrition as Puppies': 'When dogs are young, everything in their body is still being built. Their bones, joints, muscles, skin, and even their immune defenses are still developing. What they eat during their puppy years\xa0doesn’t\xa0just fuel growth for that day. Their diet helps\xa0determine\xa0how their body will hold up years down the road.\xa0\n\nEarly nutrition plays\xa0a\xa0important role in normal joint development, strong connective tissues, and a healthy skin barrier. Supporting these systems as early as possible helps set the foundation for lifelong health.\xa0\n\nAll puppies need high-quality nutrition. But some puppies, like large and giant\xa0breeds\xa0might need extra care. Dogs who plan to compete in dog sports may also need special consideration for their diets.\xa0\n\n', 'Supporting Your Dogs’ Health as They Age': 'As dogs mature, daily wear and\xa0tear\xa0on joints\xa0increases. This is especially true for sporting,\xa0large‑breed, or working dogs.\xa0\n\nMany\xa0say\xa0“a dog’s coat is a portal to the health of the inside”.\xa0Skin and coat health can fluctuate due to seasonal shedding, allergens, or stress. Skin is the body’s largest organ and the first line of defense against the outside world. Good nutrition helps develop a strong skin barrier, which supports immunity protection and resilience to environmental stressors later in life. As dogs age, their physiological systems become more fragile.\xa0\n\nDogs are more prone to joint stiffness, reduced mobility, thinner skin, and duller coats as they age. Targeted support through nutrition can help keep them comfortable, flexible, and looking healthy as their bodies slow down.\xa0\n\nAKC is a participant in affiliate advertising programs designed to provide a means for sites to earn advertising fees by advertising and linking to akc.org. If you purchase a product through this article, we may receive a portion of the sale.\n\n', 'Supporting Your Senior Dog’s Health': 'As dogs age,\xa0it’s\xa0common to think they may slow down. And in many ways, they might. But this\xa0doesn’t\xa0always have to be the case. Things like helping your dog\xa0maintain\xa0a healthy weight, and keeping their muscles strong can go a long way. Many senior dogs can still live\xa0a very active, healthy lifestyle even as they age.\xa0\n\nMany conformation events, for example, will have specific classes for Veterans. This class is\xa0designated\xa0for senior dogs, and most still have\xa0mobility\xa0of the champions they truly are.\xa0\n\nAKC is a participant in affiliate advertising programs designed to provide a means for sites to earn advertising fees by advertising and linking to akc.org. If you purchase a product through this article, we may receive a portion of the sale.\n\nIf you suspect your senior dog may be having mobility issues, there are signs you can look out for. Initial signs of mobility issues include slower overall movement, visible changes in your dog’s gait, reluctance to jump on or\xa0off of\xa0the couch, or take stairs. .\xa0You may also notice stiffness or difficulty standing up after rest, and less interest in taking their normal walks.\xa0\xa0Once this is noticeable, talk to your veterinarian about\xa0next\xa0steps.\xa0\n\n', 'Skin & Coat Support Nutrients That Go Beyond Appearance': 'Healthy skin and a shiny coat are more than cosmetic. A healthy coat is a visible sign of overall wellness. Several critical nutrients play an important role in maintaining skin barrier, coat quality, and the tissues that support comfortable movement.\xa0\n\nWhen skin and coat are well supported, it often reflects balanced nutrition. Minerals and vitamins help the body absorb and use these vital nutrients effectively.\xa0That’s\xa0why many veterinarians and pet nutritionists recommend combination formulas rather than\xa0single‑ingredient\xa0supplements.\xa0\xa0No matter which combination of ingredients you choose, make sure to find high quality ingredients from brands you trust.\xa0\n\nBy supporting your dog nutritionally before problems arise, you can help them stay active, comfortable, and confident at\xa0every life\xa0stage. When your dog feels good on the inside, it\xa0shows\xa0on the outside.\xa0\n\n', 'How Supplements Can Help Support Your Dog’s Joint Health': 'One\xa0option\xa0to help your senior\xa0dog’s\xa0joints is through joint supplements. But\xa0they’re\xa0not just reserved for senior dogs. Joints are living, moving tissues that need daily support at every age. Many modern pet supplements combine ingredients that each play a slightly different role,\xa0kind of like\xa0a maintenance team that keeps everything moving smoothly.\xa0\n\nAKC is a participant in affiliate advertising programs designed to provide a means for sites to earn advertising fees by advertising and linking to akc.org. If you purchase a product through this article, we may receive a portion of the sale.\n\nThink of glucosamine as a building block for joints. It helps support cartilage—the smooth, material that cushions joints and allows bones to glide without grinding. Over time, normal activity causes wear and tear, and glucosamine helps the body\xa0maintain\xa0that\xa0cushioning\xa0so movement stays smooth,\xa0flexible\xa0and comfortable.\xa0\n\nChondroitin works\xa0hand‑in‑hand\xa0with glucosamine. Its\xa0main role\xa0is helping joints hold onto water within the joint. This keeps cartilage flexible and resilient, rather than dry and brittle.\xa0It’s\xa0like keeping a sponge moist, so it stays springy instead of cracking.\xa0\n\nMethylsulfonylmethane\xa0(MSM) supplies\xa0what’s\xa0known as “bioavailable sulfur.” This is an essential mineral that the body uses to build connective tissues like cartilage, tendons, ligaments. MSM supports joint comfort and helps\xa0maintain\xa0a normal inflammatory balance that allows dogs to stay active without too much stiffness. It also supports the connective tissues that hold joints together, not just the cartilage itself.\xa0\n\nAKC is a participant in affiliate advertising programs designed to provide a means for sites to earn advertising fees by advertising and linking to akc.org. If you purchase a product through this article, we may receive a portion of the sale.\n\nWhen found in the body, MSM provides a natural source of bioavailable sulfur. Bioavailable sulfur is essential to building collagen and\xa0maintain\xa0their strength and flexibility. Collagen is found in cartilage, tendons, ligaments, skin, and connective tissues, which hold everything together. By supporting collagen integrity, MSM helps joints stay strong and flexible while also contributing to healthy skin elasticity and a strong coat. MSM also supports keratin structure, keeping your dog’s coat looking and feeling healthy.\xa0\n\nOmega‑3 Fatty Acids (O3FA; EPA & DHA) are found in fish oil and algae oil. These unique omega‑3 fatty acids modulate normal anti-inflammatory responses throughout the body. Adequate omega‑3 intake helps\xa0maintain\xa0soft, hydrated skin and a glossy coat, while also helping to reduce dander. Sources of O3FA are important for skin and coat health. Green-lipped mussels\xa0contain\xa0omega-3 fatty acids, as well as glycosaminoglycans and natural antioxidants. Together, these compounds help support joint function, comfortable mobility, and overall movement—especially in active or aging dogs.\xa0\n\nIn many joint supplements that support total-body health, you might find ingredients like zinc and biotin. Zinc is an essential trace mineral that supports skin structure, coat strength, and immune health. Proper zinc nutrition helps enrich normal hair growth and supports the body’s ability to renew skin and connective tissues.\xa0\n\nBiotin plays a role in keratin production. Keratin is a primary\xa0component\xa0in structural protein found in hair, skin, and nails. Adequate biotin supports healthy hair growth and skin condition, contributing to stronger coats and healthy tissue renewal.\xa0\n\n', 'Using Joint Supplements That Combine These Ingredients': 'No single ingredient can do everything to\xa0maintain\xa0exceptional mobility.\xa0That’s\xa0why a combination of glucosamine, chondroitin, O3FA, and green-lipped mussels work well together. They help\xa0maintain\xa0joint structure and cushioning, and support mobility.\xa0\n\nAKC is a participant in affiliate advertising programs designed to provide a means for sites to earn advertising fees by advertising and linking to akc.org. If you purchase a product through this article, we may receive a portion of the sale.\n\nWhen combined with these ingredients, MSM also helps reinforce the foundation of joint tissue while supporting everyday comfort and mobility as dogs age. This combination helps address multiple parts of the joint health. Cartilage development, connective tissue maintenance, moisture balance, and fluid movement are all better supported with these joint supplements.\xa0\n\nAKC is a participant in affiliate advertising programs designed to provide a means for sites to earn advertising fees by advertising and linking to akc.org. If you purchase a product through this article, we may receive a portion of the sale.\n\n', 'Signs Your Dog May Need Extra Support': 'The first sign that a dog may need support is through the quality and shine of their coat. Usually this\xa0presents as\xa0a “dull” coat, which means lacking in rich color. Their coats can also be rough, with brittle hair. All of these are indicators that greater nutritional support might be needed.\xa0\xa0\xa0\n\nIncreased shedding and excessive dander can also be signs of a\xa0poor quality\xa0coat.\xa0All of\xa0these issues may not be\xa0directly related\xa0to diet, but some nutritional intervention might be\xa0warranted. If you have concerns about your dog, talk to your veterinarian.\xa0\xa0\xa0\n\n', 'Why Health Matters\xa0From\xa0the Inside Out': 'Good nutrition does more than support joints, skin, and mobility. It helps create\xa0the\xa0foundation for everything your dog does. When dogs are nourished, they can move comfortably, feel their best, they’re\xa0able to fully\xa0participate\xa0in the activities that make life with a dog so rewarding. Adding joint supplements to your dog’s diet, no matter what stage of life, gives them a boost to help them feel their best.\xa0\n\nArticle by K. Cassar and EK Altom, PhD\xa0\n\n', 'We use cookies': '', 'Privacy Preference Center': ''}",[]
https://www.akc.org/expert-advice/health/stem-cell-therapy-dogs/,What You Need to Know About Stem Cell Therapy for Dogs,"Apr 28, 2026","['stem cell', 'stem cell therapy']",Gemma Johnstone,"The use of stem cells to promote healing is a growing area of interest in veterinary medicine. Stories of dramatic improvements in dogs with severe osteoarthritis or soft tissue injuries can make this regenerative therapy sound like a miracle cure. However, although early research is promising, particularly for certain orthopedic conditions, important questions remain about appropriate applications and long-term outcomes.

In This Article

If you’re considering this treatment option for your pet, here’s what you should know about the science, potential benefits, and current limitations of stem cell therapy for dogs.

","{'What Are Stem Cells?': 'Stem cells are unique, self-renewing cells that, under certain conditions, can change into other types of cells in a process called differentiation. No other cells have this natural flexibility, and stem cells play an important role in maintaining and repairing body tissue.\n\nStem cells may be totipotent (able to form all cell types, including embryonic tissues), pluripotent (able to form nearly all cell types), or multipotent (able to form multiple related cell types). In veterinary medicine, the current focus is on using adult mesenchymal stem cells (MSCs), which are multipotent.\n\nAKC is a participant in affiliate advertising programs designed to provide a means for sites to earn advertising fees by advertising and linking to akc.org. If you purchase a product through this article, we may receive a portion of the sale.\n\n', 'What Is Stem Cell Therapy for Dogs?': 'Mesenchymal stem cells are typically harvested from adipose (fat) tissue or bone marrow in dogs. They’re then administered through targeted treatment into parts of the musculoskeletal system, such as bones, cartilage, muscle, ligaments, or tendons.\n\n“It’s important for pet owners to understand that stem cells are thought to help primarily by reducing inflammation within the joint and modifying the immune response, rather than regenerating new cartilage,” Christina Montalbano, VMD, DACVSMR (Canine), CCRP, CVA, CVMMP, CSCC, explains. Montalbano is a Clinical Assistant Professor of Integrative and Mobility Medicine in the department of Comparative, Diagnostic, and Population Medicine, at the College of Veterinary Medicine, University of Florida.\n\n', 'How Effective Is Stem Cell Therapy for Dogs?': 'The science and research around stem cell treatment for dogs is evolving. Currently, the most common and studied use is intra-articular (joint) injection for canine osteoarthritis. It’s also used for tendon and ligament soft tissue injuries and, less commonly, certain nerve conditions.\n\nAKC is a participant in affiliate advertising programs designed to provide a means for sites to earn advertising fees by advertising and linking to akc.org. If you purchase a product through this article, we may receive a portion of the sale.\n\nSome sources suggest potential benefits for kidney disease, liver disease, cardiomyopathy, or inflammatory skin and gastrointestinal conditions. However, evidence supporting these uses remains limited and often comes from small or preliminary studies.\n\nChristopher W. Frye, DVM, DACVSMR (Canine), Associate Professor and Section Chief of Sports Medicine & Rehabilitation at Cornell University College of Veterinary Medicine, is leading the only FDA-approved stem cell trial for canine and equine musculoskeletal and nervous conditions. He confirms that directly regrowing tissue from injected stem cells is unlikely with current technology. However, he says that there is definite potential to reduce inflammation and pain or support healing in some musculoskeletal conditions.\n\n', 'Stem Cell Therapy Limitations': 'Dr. Frye points out that while the current data and research is promising, it has limitations. “The reality is that we know very little about the applications of stem cells in veterinary medicine and how best to use them,” he explains. Many studies have small sample sizes, lack control groups, or rely on subjective assessments. Key variables, such as dosing, timing, disease stage, and product type, remain unclear. Also, how dogs respond often depends on disease severity and other individual patient factors.\n\nFor these reasons, dog stem cell therapy is generally considered only as one component of a broader management plan rather than a replacement for established treatments such as weight management, rehabilitation, pain medications, and other orthobiologic therapies, such as platelet-rich plasma (PRP).\n\nAKC is a participant in affiliate advertising programs designed to provide a means for sites to earn advertising fees by advertising and linking to akc.org. If you purchase a product through this article, we may receive a portion of the sale.\n\nEncouragingly, Dr. Frye acknowledges that as the research evolves, more targeted therapies are likely to be derived, and he is excited to see what the future holds.\n\n', 'How Do Vets Administer Stem Cell Therapy?': 'In most cases, veterinarians administer stem cell therapy using a dog’s own cells (autologous therapy), and this involves three main stages.\n\nAKC is a participant in affiliate advertising programs designed to provide a means for sites to earn advertising fees by advertising and linking to akc.org. If you purchase a product through this article, we may receive a portion of the sale.\n\nA veterinarian harvests a small amount of fat tissue under anesthesia, typically from your dog’s abdomen or shoulder.\n\nBone marrow stem cell collection may be performed relatively quickly under reversible sedation. It’s less invasive than intra-abdominal fat harvesting and requires less intensive lab processing. However, it’s a skilled procedure that requires additional training for most veterinarians.\n\nFor autologous stem cells, your dog’s collected tissue is sent to a laboratory, where the stem cells are isolated and expanded (grown). Processing typically takes 2-3 weeks to create a product for canine administration. Stem cells can be cryopreserved for many years in a viable state for future uses without additional harvesting procedures.\n\nYour dog’s processed cells are often injected directly into the affected area. “Stem cells can be administered intra-articular [joints] for osteoarthritis, intra-muscular for muscle injuries, or intra-lesional for a tendon or ligament injury,” Dr. Montalbano says. Indirect applications have also been studied and applied, including intravenous applications.\n\nDr. Montalbano explains that clinicians sometimes co-inject stem cells for osteoarthritis with other biologic products, such as platelet-rich plasma or hyaluronic acid. Both of these improve treatment efficacy compared with using any of these products alone. However, researchers cannot make strong conclusions regarding therapeutic combinations due to limited published research.\n\nMost direct injections are performed on an outpatient basis while your dog is under sedation. This helps to ensure accurate needle placement and comfort. Vets can perform intravenous (IV) applications on an appropriately-monitored, awake patient.\n\nAccording to Dr. Montalbano, after care instructions for most direct applications typically involve monitoring the injection site for heat, swelling, or an increase in pain or lameness.\n\nAKC is a participant in affiliate advertising programs designed to provide a means for sites to earn advertising fees by advertising and linking to akc.org. If you purchase a product through this article, we may receive a portion of the sale.\n\nActivity restriction is often recommended for at least 1-2 weeks following joint injections to allow any transient inflammation or pain sometimes seen related to the injection to subside.\n\nWhen dealing with soft tissue injuries, your dog will typically be on a structured rehabilitation plan. You should follow this plan carefully to promote the best all-around results.\n\n\n\n', 'What Are the Risks and Side Effects?': 'In the short term, mesenchymal stem cell therapy appears\xa0relatively safe\xa0in current published studies. However, you should weigh up the inherent risks associated with tissue collection (including sedation or anesthesia) and administration, particularly in older dogs or those with underlying health conditions.\xa0\n\nAKC is a participant in affiliate advertising programs designed to provide a means for sites to earn advertising fees by advertising and linking to akc.org. If you purchase a product through this article, we may receive a portion of the sale.\n\nAccording to Dr. Montalbano, intra-articular injections have been reported to sometimes cause a temporary joint flare. “This refers to an increase in post-injection joint pain beyond that typically expected from the procedure itself and thought to be reactionary to the injectate; although it is still transient and\xa0typically is\xa0self-limiting in\xa03-7\xa0days,” she says.\xa0\n\nInfection, cartilage injury, or injection-site complications related to the procedure itself are rare but also possible.\xa0\n\nData\xa0regarding\xa0safety and effectiveness of these products and their applications is being collected with a particular need for longer term follow up. As Dr. Frye points out, stem cell therapy is currently considered an experimental or new animal drug by the\xa0FDA;\xa0clinical field studies are ongoing, and misinformation exists around the internet.\xa0\n\n“As with any biologic product, quality control, processing methods, and regulatory oversight may vary between manufacturers, so owners should seek treatment from veterinarians experienced in regenerative medicine,” Dr. Montalbano advises.\xa0\n\n', 'When Is It Worth Considering Stem Cell Therapy for Your Dog?': 'Stem cell therapy for dogs can be\xa0costly and\xa0is still considered\xa0experimental.\xa0For this reason, Dr. Montalbano recommends owners discuss expected benefits, risks, and alternatives with their veterinarian before pursuing this treatment for musculoskeletal conditions.\xa0\n\nThe cost of stem cell therapy for dogs can vary widely depending on the individual clinic and the condition being treated. However, it typically costs between $3,000 and $5,000. This includes fees for the\xa0initial\xa0consultation, cell harvesting, processing, and injections.\xa0\n\nBe aware that traditional pet insurance plans may not cover this experimental type of treatment.\xa0\n\nAKC is a participant in affiliate advertising programs designed to provide a means for sites to earn advertising fees by advertising and linking to akc.org. If you purchase a product through this article, we may receive a portion of the sale.\n\nAnother consideration is that stem cell therapy treatment for dogs is only available at specialized orthopedic centers or veterinary hospitals. Most general veterinary practices\xa0don’t\xa0have the equipment, clinical environment, or\xa0expertise\xa0to process stem cells. This could create logistical challenges if there\xa0isn’t\xa0a center near you.\xa0\n\nStem cell therapy may be\xa0considered as\xa0an option\xa0in some patients within a broader management plan rather than a replacement for conventional therapies. “Weight management, controlled exercise, and rehabilitation are critical components of long-term success,” Dr. Montalbano says.\xa0\n\nAlthough some studies show stem cells may improve comfort and mobility for some patients,\xa0it’s\xa0important to remember that stem cell therapy is not a cure for canine osteoarthritis or soft tissue injuries. Instead, it should be viewed as a promising but developing tool that requires realistic expectations and careful veterinary guidance.\xa0\n\n', 'We use cookies': '', 'Privacy Preference Center': ''}",[]
https://www.akc.org/expert-advice/health/aspiration-pneumonia-in-dogs/,"Aspiration Pneumonia in Dogs: Causes, Signs, and Treatment","Apr 24, 2026","['pneumonia', 'lung', 'aspiration pneumonia']",Gemma Johnstone,"If your dog accidentally inhales food, water, vomit or other foreign materials into their lungs, it can cause aspiration pneumonia. Left to progress, this serious lung infection can become life-threatening.

In This Article

Being aware of the risk factors and early signs of aspiration pneumonia in dogs means you can take prompt action. With timely veterinary diagnosis and treatment, many dogs make a full recovery.

","{'What Is Aspiration Pneumonia in Dogs?': '“Aspiration pneumonia occurs when the contents of the gastrointestinal (GI) tract, which includes the mouth, end up in the respiratory tract and ultimately the lungs,” Dr. Adesola Odunayo, DVM, a Michael Schaer Endowed Distinguished Professor of Emergency and Critical Care Medicine at the University of Florida, explains.\n\nTo better understand the mechanics, think of a time when you’ve taken a drink and ended up coughing aggressively because something “went down the wrong way.” This sensation occurs when the liquid goes down your trachea (windpipe) and into your lungs rather than down your food pipe (esophagus) into your stomach.\n\nDogs can also experience this, and if they don’t cough up the offending material, aspiration pneumonia can be a complication of pulmonary aspiration (the accidental inhalation of something other than air into the lungs).\n\nIf food, water, saliva, stomach acid, vomit, or a small foreign object ends up in your dog’s lungs, this causes inflammation of the airway, and bacteria can grow, leading to a rapidly progressing infection.\n\nAKC is a participant in affiliate advertising programs designed to provide a means for sites to earn advertising fees by advertising and linking to akc.org. If you purchase a product through this article, we may receive a portion of the sale.\n\n', 'What Causes Aspiration Pneumonia in Dogs?': 'Dr. Odunayo says vomiting and regurgitation are the most common reasons aspiration pneumonia occurs in dogs. “Typically, during the act of vomiting, the body naturally protects the respiratory tract so that gastrointestinal contents stay out of the airways,” she explains. “In some instances, this doesn’t happen, and GI contents may accidentally get inhaled into the lungs.”\n\nCertain factors and conditions, especially those that reduce the ability to protect the airways, can increase the risk of a dog developing aspiration pneumonia. These include:\n\nAKC is a participant in affiliate advertising programs designed to provide a means for sites to earn advertising fees by advertising and linking to akc.org. If you purchase a product through this article, we may receive a portion of the sale.\n\n', 'Signs of Aspiration Pneumonia in Dogs': '“Aspiration pneumonia most often causes general signs of unwellness and, depending on its severity, dogs may also have varying respiratory signs,” Dr. Odunayo says. While they can be wide-ranging and non-specific, some common signs include:\n\nDr. Odunayo says you may also see increased use of accessory muscles to assist with breathing (usually the abdominal muscles).\n\n“In severe cases, you may also notice your dog breathing with their mouth open and/or a blue or purple discoloration of the gums and/or tongue,” she says. While it’s important to consult with a vet if your dog is experiencing any of the above signs, acute respiratory distress is a medical emergency, and you should contact your veterinary hospital immediately.\n\nAKC is a participant in affiliate advertising programs designed to provide a means for sites to earn advertising fees by advertising and linking to akc.org. If you purchase a product through this article, we may receive a portion of the sale.\n\nEven if your dog hasn’t vomited recently, be aware that signs of infection can develop days or weeks after pulmonary aspiration occurs.\n\n', 'Diagnosing Aspiration Pneumonia in Dogs': 'Aspiration pneumonia can be challenging to diagnose definitively, and mild signs may be similar to symptoms your dog may experience with other conditions, such as kennel cough or even heart disease.\n\nAKC is a participant in affiliate advertising programs designed to provide a means for sites to earn advertising fees by advertising and linking to akc.org. If you purchase a product through this article, we may receive a portion of the sale.\n\nHowever, your veterinarian may suspect this condition after taking your dog’s history. For example, if they’re experiencing chronic vomiting, difficulty swallowing, or are recovering from surgery under anesthesia, this can offer vital clues.\n\nDr. Ashly Smith, Regional Medical Director for Small Door Veterinary, explains that veterinarians commonly diagnose aspiration pneumonia through a combination of physical examination, chest X-rays, and blood work to assess infection and inflammation. “In some cases, they may recommend airway sampling (such as a tracheal wash) to identify the specific bacteria involved and guide antibiotic selection,” she says.\n\nYour veterinarian may also perform other tests to rule out other conditions or to diagnose possible underlying causes of the aspiration pneumonia.\n\n', 'Treating Aspiration Pneumonia in Dogs': 'Treatment of aspiration pneumonia depends on its severity. “Dogs who are mildly affected are treated with oral antibiotics on an outpatient basis, with specific instructions for signs to watch out for that may indicate progressive disease,” Dr. Odunayo says.\n\nPets who are moderately to severely affected usually have difficulty achieving normal blood oxygen levels. “Those patients are hospitalized with supplemental oxygen therapy, intravenous antibiotics, and other supportive care as indicated,” Dr. Odunayo says. This may include IV fluids, and anti-nausea and GI motility medications.\n\nTreatment duration varies depending on the severity of the aspiration pneumonia and any underlying causes. Be prepared for it to last anywhere from 10 days to two months.\n\nWhen your veterinarian identifies an underlying and manageable cause for aspiration pneumonia, they will also treat this.\n\n', 'Prognosis for Dogs with Aspiration Pneumonia': 'The good news is that with prompt diagnosis and treatment (before infection sets in too deeply), most dogs with aspiration pneumonia recover well. However, the severity of the disease influences the prognosis.\n\nAKC is a participant in affiliate advertising programs designed to provide a means for sites to earn advertising fees by advertising and linking to akc.org. If you purchase a product through this article, we may receive a portion of the sale.\n\n“Dogs who need more intensive care (high flow oxygen or mechanical ventilation) tend not to do as well as pets who are mildly affected and have little to no need for supplemental oxygen,” Dr. Odunayo says. “Pets with underlying causes that are more challenging to manage (e.g. laryngeal paralysis, megaesophagus) also don’t do as well due to the increased risk for recurrent aspiration.”\n\nFor dogs that make a full recovery, expect it to take anything from a week to more than a month for them to feel fully like themselves again. Your veterinarian may also carry out follow-up imaging to help confirm that the lungs are healing well.\n\n', 'Preventing Aspiration Pneumonia in Dogs': 'It’s not possible to prevent aspiration pneumonia in all cases. However, you can reduce the chances of it developing if you identify situations where your dog could be at risk.\nDr. Smith recommends addressing conditions that affect swallowing or reflux, avoiding force-feeding, and following any pre-anesthesia and post-anesthesia feeding and medication instructions. “For dogs with chronic regurgitation [i.e. those with megaesophagus] or neurologic issues, feeding smaller, upright meals and monitoring closely after eating can also help prevent aspiration,” she says.\n\n', 'We use cookies': '', 'Privacy Preference Center': ''}",[]
https://www.akc.org/expert-advice/health/why-is-my-dog-drinking-so-much-water/,Why Is My Dog Drinking So Much Water? Polydipsia or Excessive Thirst in Dogs,"Apr 23, 2026","['thirst', 'polydipsia']",Gemma Johnstone,"If you’re noticing your dog’s water bowl needs filling up more often and they’re asking to go out more frequently, this isn’t something to ignore. While it’s normal to feel more thirsty when the weather is hot or after doing some exercise, a dog regularly drinking a lot of water can be one of the earliest clues that they have an underlying health problem.

In This Article

Taking prompt action when you spot excessive thirst (polydipsia) in your dog gives them the best chance of making a good recovery. There are many possible causes of polydipsia, and your veterinarian will need to take a systematic approach to identify the cause and start appropriate treatment.

","{'What Is Polydipsia in Dogs?': 'Polydipsia in dogs is defined as excessive thirst and/or excessive drinking. Because what goes in must come out, dogs with polydipsia usually experience polyuria, which is an increase in urination. You may see this referred to as PU/PD in veterinary notes.\n\nAKC is a participant in affiliate advertising programs designed to provide a means for sites to earn advertising fees by advertising and linking to akc.org. If you purchase a product through this article, we may receive a portion of the sale.\n\nDeborah Mandell, VMD, is a Professor and Director of Emergency Services at Matthew J. Ryan Veterinary Hospital of the University of Pennsylvania. She explains that an underlying medical condition often causes increased urination, leading the dog to drink more to compensate for the loss.\n\n“If a pet doesn’t increase the amount of water they take in, they can actually become dehydrated or worse, due to the increased amount of water lost in the urine,” Dr. Mandell says. “This dehydration and decreased volume of water in the body trigger the brain to increase thirst and thus increase drinking.”\n\n', 'What’s Considered Normal Water Intake for Dogs?': 'Dogs drink around 40 to 60 milliliters of water per kilogram of body weight daily . However, water intake naturally fluctuates day to day for each dog and varies depending on factors such as weather, activity level, and diet.\n\nWhen your dog is thirsty after a hike on a warm day, it’s not typically a medical concern. What matters most is the pattern. If you notice your dog drinking more than usual, it may be an indicator of something more serious.\n\nAKC is a participant in affiliate advertising programs designed to provide a means for sites to earn advertising fees by advertising and linking to akc.org. If you purchase a product through this article, we may receive a portion of the sale.\n\n“Technically, polydipsia is generally considered when a dog drinks more than 100ml/kg of body weight daily,” Brian Collins, DVM with the Cornell Riney Canine Health Center at the Cornell University College of Veterinary Medicine, says. However, even smaller daily amounts can be a sign of an underlying problem if they represent a significant change from your dog’s normal baseline.\n\nKeeping a note of your dog’s drinking habits can help you spot anything out of the ordinary. Signs of excessive thirst or drinking may include needing to refill your dog’s water bowl more often, an increase in how many bathroom breaks they need, and any changes in their appetite or energy levels.\n\n', 'Common Causes of Polydipsia in Dogs': 'Dogs drinking excessively is common, in part because there are over 30 underlying medical causes for polyuria and polydipsia.\n\nAKC is a participant in affiliate advertising programs designed to provide a means for sites to earn advertising fees by advertising and linking to akc.org. If you purchase a product through this article, we may receive a portion of the sale.\n\n“Certain conditions result in primary polydipsia (where they first cause increased drinking),” Dr. Collins explains. “However, in the majority of cases, the condition causes primary polyuria (increased loss of urine) and then compensatory polydipsia follows.”\n\nThe most common causes of polydipsia are diabetes mellitus, Cushing’s disease, and chronic kidney disease. All of these start out with polyuria.\n\n“Another relatively common condition is hypercalcemia (elevated calcium levels in the blood), which actually occurs secondary to numerous conditions, including kidney disease, various types of cancer, and fungal diseases,” Dr. Collins says. “Other relatively common causes of polydipsia include pyometra (infection of the uterus), liver disease, and medications that can cause increased drinking.”\n\nWhile not as common, E. coli or Leptospirosis bacterial infections of the kidney are also noteworthy causes of polydipsia.\n\nIn rare cases, behavioral factors can cause a dog to drink excessively. Known as psychogenic polydipsia, this primary form is typically seen in young, hyperactive, anxious, or stressed dogs. It results in the dog binging on water, even when their body doesn’t physically require rehydration.\n\n', 'Signs of Polydipsia in Dogs': 'While it isn’t normally practical or necessary to measure the exact amount of water your dog drinks daily, being observant of general changes can help alert you to polydipsia. Some things to look out for include:\n\nAKC is a participant in affiliate advertising programs designed to provide a means for sites to earn advertising fees by advertising and linking to akc.org. If you purchase a product through this article, we may receive a portion of the sale.\n\n“Other clinical signs will depend on the underlying cause [of polydipsia] and may include lethargy, weight loss, vomiting, diarrhea, panting, and either increased or decreased appetite,” Dr. Collins says.\n\n', 'How the Vet Diagnoses Polydipsia': 'Identifying why your dog is drinking excessively is key to successful treatment and improving the outlook. However, because polydipsia can be a symptom of one of many possible underlying causes, this can make diagnosis challenging.\n\nAKC is a participant in affiliate advertising programs designed to provide a means for sites to earn advertising fees by advertising and linking to akc.org. If you purchase a product through this article, we may receive a portion of the sale.\n\nDiagnosis begins with your veterinarian noting your observations and collecting a thorough history. They will likely ask how long the increase has been occurring, roughly how much water your dog consumes daily, whether multiple pets share a bowl, and whether the frequency and duration of urination have changed.\n\nAccording to Dr. Collins, initial laboratory testing to screen for causes of polydipsia typically includes a complete blood count (CBC), a chemistry panel, and a urinalysis. Then, other more advanced testing may be required based on the results of the initial tests.\n\nDr. Mandell warns that you should never do a water deprivation test at home without talking to your veterinarian. You might read online about how this test can evaluate your dog’s ability to concentrate urine , which can be helpful for diagnosing Diabetes Insipidus. However, she explains that it can have serious life-threatening complications, and there are other safer alternative diagnostic tools.\n\n', 'Treating Polydipsia in Dogs': 'For more common secondary polydipsia, the focus is on treating the underlying cause. Below is an outline of possible treatment approaches for common conditions that can lead to excessive thirst and urination.\n\nAKC is a participant in affiliate advertising programs designed to provide a means for sites to earn advertising fees by advertising and linking to akc.org. If you purchase a product through this article, we may receive a portion of the sale.\n\nNever restrict your dog’s water intake unless under your veterinarian’s guidance. Doing so can cause dangerous dehydration and electrolyte imbalances.\n\n', 'Outlook for Dogs With Polydipsia': 'Your dog’s outlook depends on the underlying cause of the polydipsia and its progression. Some issues, like urinary tract infections, can be easy to treat. Others, like diabetes or Cushing’s disease, may require lifelong management, but your dog can still live a good quality of life if the condition is well-controlled.\n\nAKC is a participant in affiliate advertising programs designed to provide a means for sites to earn advertising fees by advertising and linking to akc.org. If you purchase a product through this article, we may receive a portion of the sale.\n\nEarly identification of polydipsia and polyuria can significantly improve your dog’s short- and long-term prognosis. Excessive delays can result in irreversible organ damage or other complications. “Many diseases start with very subtle signs, and since our dogs can’t tell us what they’re feeling, looking for those signs becomes important,” Dr. Mandell says.\n\n', 'We use cookies': '', 'Privacy Preference Center': ''}",[]
https://www.akc.org/expert-advice/health/hyperkeratosis-in-dogs/,"Hyperkeratosis in Dogs: Signs, Symptoms, Treatments","Apr 22, 2026","['joint health', 'keratosis', 'hyperkeratosis', 'callus']",Colt Dodd,"Hyperkeratosis refers to the overproduction of keratin, the protein that makes up a dog’s hair, skin, and nails. Depending on the cause, hyperkeratosis may manifest as ashy skin around the hinge joints, rough, hardened paw pads, or a dry nose. While hyperkeratosis commonly presents in older, more sedentary dogs, it may also result from an underlying health condition.

Key Points

“From a clinical standpoint, the question is rarely just ‘Is this hyperkeratosis?’ The real question is, ‘Is this normal for this dog, or is it a sign of something else?’ That is where veterinary evaluation becomes important,” says Dr. Jo Myers, DVM at Vetster in Salida, Colorado.

Understanding how to identify hyperkeratosis and when to consult a veterinarian can help you prioritize your dog’s health, safety, and comfort.

","{'What Is Canine Hyperkeratosis?': 'Dr. Myers clears up a common misunderstanding about hyperkeratosis. She shares that hyperkeratosis isn’t a diagnosis itself, but a clue about a dog’s health profile. Essentially, hyperkeratosis tells the veterinarian what the skin looks like – not why.\n\nAKC is a participant in affiliate advertising programs designed to provide a means for sites to earn advertising fees by advertising and linking to akc.org. If you purchase a product through this article, we may receive a portion of the sale.\n\n“If you break the word apart, ‘hyper’ means excessive, ‘kerato’ refers to keratin, the structural protein that makes up skin, hair, and nails, and ‘osis’ indicates a condition. So, hyperkeratosis literally means excessive keratin production in the outer layer of the skin,” says Dr. Myers. “In dogs, we most often notice it on the paw pads or the nose. It can look like thickened, rough, crusty, scaly, or even ‘hairy’ projections of hardened skin.”\n\nOften, hyperkeratosis is skin-deep and not a veterinary emergency. Monitoring the affected area can help you stay on top of any changes to your dog’s health and act if a problem arises.\n\n“In many dogs, especially seniors, mild thickening is more of a cosmetic issue than a medical emergency. The goal is not to make the skin perfectly smooth. The goal is to keep it comfortable, intact, and free of infection,” says Dr. Myers.\n\n', 'Potential Causes of Canine Hyperkeratosis': 'Hyperkeratosis can result from a host of different factors, some of which include:\n\nAKC is a participant in affiliate advertising programs designed to provide a means for sites to earn advertising fees by advertising and linking to akc.org. If you purchase a product through this article, we may receive a portion of the sale.\n\n“Most of the time when I see hyperkeratosis in everyday practice, it’s either mild age-related thickening, a breed- or lifestyle-related normal variation, or secondary to some other chronic skin disease,” says Dr. Myers.\n\n', 'Treatments for Hyperkeratosis': 'There isn’t a one-size-fits-all remedy for hyperkeratosis because many scenarios and conditions can cause it.\n\nAKC is a participant in affiliate advertising programs designed to provide a means for sites to earn advertising fees by advertising and linking to akc.org. If you purchase a product through this article, we may receive a portion of the sale.\n\n“Treatment depends entirely on what is causing the hyperkeratosis. Because hyperkeratosis is a physical finding, not a diagnosis, the first step is determining which category it falls into,” says Dr. Myers. “If hyperkeratosis is secondary to an underlying disease, treatment focuses on that primary condition … If hyperkeratosis is mild and age-related, or related to chronic pressure, management may be very simple and conservative.”\n\nTreating diseases that cause hyperkeratosis may involve antibiotics, intravenous fluids, or various lifestyle changes. Managing hyperkeratosis in an older dog may call for applying veterinary paw balms, monitoring the affected areas, and observing for other signs of illness. A veterinarian may also recommend periodic trimming if the keratin overgrowths are severe.\n\n“It is important not to aggressively peel or cut thickened tissue at home. Over-trimming can cause pain, bleeding, and infection,” advises Dr. Myers.\n\n', 'What Dogs Are Most Likely to Experience Hyperkeratosis?': ""This can be a tricky question because hyperkeratosis isn’t a medical condition itself but an indicator of something else. To put matters in context, Dr. Myers compares the question of, “Are certain breeds predisposed to hyperkeratosis?” to “Are certain breeds predisposed to coughing?”\n\nBut whether because of their anatomy or predisposition to illnesses that cause hyperkeratosis, some breeds that are susceptible to the condition include:\n\nAKC is a participant in affiliate advertising programs designed to provide a means for sites to earn advertising fees by advertising and linking to akc.org. If you purchase a product through this article, we may receive a portion of the sale.\n\n“From a pet owner’s perspective, the more helpful question is usually not, ‘Is my dog’s breed predisposed to hyperkeratosis?’ It is, ‘Is what I’m seeing normal for my dog?'” says Dr. Myers. “Owning a northern breed does not mean you should be on high alert for hyperkeratosis. Most Huskies, Malamutes, and other breeds with thicker pads or drier noses are completely healthy. What matters more than breed is change and comfort.”\n\n"", 'Can Hyperkeratosis Cause Joint Pain?': 'You may see a senior dog with hyperkeratosis, note their stiff walking pattern, and attribute the skin condition to their joints. After all, hyperkeratosis is more likely to form on thin parts of the body, such as along the hinge joints, as a dog ages. However, the two are unrelated.\n\nAKC is a participant in affiliate advertising programs designed to provide a means for sites to earn advertising fees by advertising and linking to akc.org. If you purchase a product through this article, we may receive a portion of the sale.\n\n“There is no direct causal link between hyperkeratosis and joint pain. Hyperkeratosis does not cause joint pain, and joint pain does not cause hyperkeratosis,” says Dr. Myers. “However, indirect relationships can exist.”\n\nAnother note is that callus formation on the paw pads is different than “true” hyperkeratosis. For example, a dog may develop cracked, hardened paw pads from walking on pavement or hot surfaces, rather than because of an over-production of keratin.\n\n“Chronic pressure and friction can stimulate thickening of the outer skin layer. This is similar to how humans develop calluses. In that sense, yes, repeated mechanical stress can contribute to localized thickening. But true hyperkeratosis associated with systemic disease is different from simple callus formation,” says Dr. Myers.\n\n', 'Consult Your Pet’s Veterinarian for More Information': 'If your dog has rough, hardened paw pads, a flaky nose, or horn-like growths on thin skin, they could have hyperkeratosis. Considering whether this is normal given your dog’s age, breed, and overall health could go a long way in informing your next steps, including whether to loop in a veterinarian.\n\n“The goal is not to panic when you see rough skin. It is to notice patterns, watch for change, and seek professional input when you are unsure. That approach, rather than trying to self-diagnose from a single symptom, leads to better outcomes for both dogs and their owners,” says Dr. Myers.\n\n', 'We use cookies': '', 'Privacy Preference Center': ''}",[]
https://www.akc.org/expert-advice/health/dog-lost-48-hours/,What to Do If Your Dog Gets Lost: A Step-by-Step Plan for the First 48 Hours,"Apr 14, 2026","['lost dog', 'missing', 'missing dog']",Tracey Ford,"Realizing your dog is missing is one of the most distressing experiences an owner can face. The first 48 hours are critical, but a calm, focused response is what gives you the best chance of a quick reunion. The good news: most dogs are recovered safely, especially when owners act quickly and use the right tools. Here is what to do, step by step.

Key Points

","{'Start Your Search Close to Home': 'Before assuming the worst, check everywhere. Dogs are surprisingly good at hiding in plain sight: inside closets, behind appliances, under decks, and in garages. Confirm that gates are latched and that no family member accidentally let the dog out. Once you have confirmed the dog is missing, begin searching the surrounding area on foot right away.\n\nMany dogs stay within a relatively small radius of where they escaped, particularly in the first few hours. Focus on familiar spots: walking routes, parks, and the homes of neighbors your dog knows. Bring high-value treats, a leash, and a favorite toy. A familiar scent can make all the difference.\n\n', 'Know How Your Dog Is Likely to Behave': 'A dog’s temperament shapes how you search. A social, confident dog may approach strangers and be picked up within hours. A shy or fearful dog, on the other hand, may hide silently and avoid even you.\n\nAKC is a participant in affiliate advertising programs designed to provide a means for sites to earn advertising fees by advertising and linking to akc.org. If you purchase a product through this article, we may receive a portion of the sale.\n\nIf your dog is spotted but appears frightened, resist the urge to chase. Chasing triggers a flight response and can push the dog farther away. Instead:\n\n', 'Let Your Community Know Immediately': 'Time is your most valuable asset in those first hours. Knock on neighbors’ doors, ask about security camera footage, and leave a recent photo along with your contact information. Leave an item with your scent — a worn T-shirt works well — near where you last saw your dog. Some dogs circle back to a familiar location.\n\nAKC is a participant in affiliate advertising programs designed to provide a means for sites to earn advertising fees by advertising and linking to akc.org. If you purchase a product through this article, we may receive a portion of the sale.\n\nPost on local lost-pet Facebook groups, neighborhood apps, and community boards right away. Include clear photos, the last known location, and any notes about your dog’s temperament. Avoid sharing too many identifying details publicly, which can attract bad-faith callers. If someone claims to have your dog, ask for a photo before sharing personal information.\n\n', 'Contact Shelters, Animal Control, and AKC Reunite': 'Don’t wait to report your dog missing. Contact local animal control, municipal shelters, and humane societies as soon as possible. Provide a description, a photo, and your dog’s microchip number if available.\n\nIf you’ve registered your dog with AKC Reunite, call the Reunite Helpline at 800-252-7894 right away to report your dog lost. An operator can confirm that your contact information is up to date and walk you through the next steps. You can also visit the AKC Reunite website to create a Lost Pet Alert, which notifies shelters and volunteers in your area.\n\nVisit shelters in person if you can. Intake systems can be overwhelmed, and visual identification is more reliable than a phone description. Check back daily. Intake staff changes, and a dog that was not there yesterday may be there today.\n\n', 'Create and Post Effective Flyers': 'Flyers remain one of the most consistently effective recovery tools, especially when they feature large, clear photos. Keep the design simple and include your dog’s name, breed, distinguishing features, last known location and date, and your phone number.\n\nAKC is a participant in affiliate advertising programs designed to provide a means for sites to earn advertising fees by advertising and linking to akc.org. If you purchase a product through this article, we may receive a portion of the sale.\n\nIf your dog is shy or fearful, adding “DO NOT CHASE” in bold can help prevent accidental harm and improve the chances of a safe reunion.\n\nPost at major intersections, veterinary clinics, pet supply stores, and community boards. Bright paper, neon yellow or orange, improves visibility from a distance.\n\n', 'Verify Your Dog’s Microchip and ID Information': 'A microchip is one of the most powerful reunification tools available, but only when registration is current. Contact your microchip company, confirm that your phone number and email address are up to date, and add a secondary contact if possible.\n\nAKC is a participant in affiliate advertising programs designed to provide a means for sites to earn advertising fees by advertising and linking to akc.org. If you purchase a product through this article, we may receive a portion of the sale.\n\nIt’s best to be prepared before something happens. If your dog wears tags, check that the phone number is still legible. Tags can fade or be damaged over time. If your dog isn’t microchipped yet, contact your veterinarian. It’s a quick, affordable procedure that dramatically improves the odds of recovery if your dog is ever lost.\n\n', 'Expand Your Search After 24 Hours': 'If you haven’t found your dog within a day, broaden the geographic area and revisit early search locations. Dogs tend to be more active at dawn and dusk, when foot and vehicle traffic is low. Track all sightings carefully; patterns in the reports often help narrow the search area.\n\nAKC is a participant in affiliate advertising programs designed to provide a means for sites to earn advertising fees by advertising and linking to akc.org. If you purchase a product through this article, we may receive a portion of the sale.\n\nContinue checking shelters daily and refresh your social media posts to keep them visible. A renewed post can reach new eyes and generate fresh leads.\n\n', 'Prevention: What Every Owner Should Have in Place': 'Preparation dramatically improves your dog’s recovery odds if they’re ever lost. Every dog should wear a properly fitted collar with current ID tags and be registered with a microchip. For added peace of mind, a GPS tracker attached to your dog’s collar allows you to locate them in real time if they go missing. Keep a recent, clear photo of your dog on your phone, one that shows any distinctive markings. Inspect fencing and gates regularly for gaps or weak points.\n\n', 'Reunited: What to Do Next': 'When your dog comes home, give them a gentle physical check for cuts, sore paws, or signs of dehydration. If the dog was missing overnight or longer, schedule a veterinary exam, even if no injuries are visible. Monitor for lethargy, limping, or changes in behavior in the days that follow.\n\nAddress whatever allowed the escape in the first place: a gap in the fence, a latch that doesn’t hold, a door that blows open. And give your dog a little extra time and patience. A missing experience can be stressful for dogs as well as owners.\n\nLosing a dog is frightening. A clear, structured plan restores control. Acting quickly, using the right identification tools, and engaging your community creates the strongest possible path home.\n\n', 'We use cookies': '', 'Privacy Preference Center': ''}",[]
https://www.akc.org/expert-advice/health/radiation-therapy-for-dogs/,Everything You Need to Know About Radiation Therapy for Dogs,"Apr 14, 2026","['cancer', 'radiation therapy']",Gemma Johnstone,"Finding out your dog has cancer can feel devastating. Thankfully, advances in the field of veterinary oncology mean that multiple treatment options are available. In many cases, these can help to extend and improve your dog’s life. Among these treatment options is radiation therapy for dogs.

Radiation therapy can be used on its own. It can also be used with other treatments to shrink some types of tumors, slow disease progression, and reduce pain and inflammation. Understanding how the treatment works can help you make informed decisions that support your pet during this challenging time.

Key Points

","{'What Is Radiation Therapy for Dogs?': 'Radiation therapy for dogs uses machine-generated energy waves or particles to treat diseases, especially cancer. The targeted doses of ionizing radiation, which are significantly higher than those required for X-ray imaging, damage the DNA of rapidly growing and dividing cancer cells while minimizing damage to surrounding healthy tissue. This can help to kill, shrink, or slow tumor growth, and reduce tumor-related pain and discomfort.\n\n', 'What Can Radiation Therapy Treat in Dogs?': 'Dr. Celina Morimoto is a veterinary radiation oncologist and assistant clinical professor at Cummings School of Veterinary Medicine at Tufts University who uses radiation therapy to treat dogs.\n“We often treat nasal tumors, brain tumors, cancers in the mouth, tumors near or in the heart, and some cancers in the abdomen,” Dr. Morimoto says. “Radiation may also be used when a tumor is too large for surgery to remove it, or if the goal is to simply use radiation to improve pain control, like for painful cancers in the bone or the mouth.”\n\nAKC is a participant in affiliate advertising programs designed to provide a means for sites to earn advertising fees by advertising and linking to akc.org. If you purchase a product through this article, we may receive a portion of the sale.\n\nRadiation might be combined with chemotherapy or immunotherapy to improve tumor control or stimulate systemic immune responses. “For example, half-body radiation in combination with chemotherapy has been shown to improve the survival for dogs with lymphoma,” says Dr. Thomas Ber-In Lee, Assistant Professor in Radiation Oncology at Penn Vet Cancer Center, University of Pennsylvania.\n\nDr. Lee explains that by combining radiation with immunotherapy, veterinary oncologists aim to create and enhance what’s known as the abscopal effect. This is where the combination of both treatments induces a systemic immune response, which can lead to the regression of other tumors elsewhere in the body — ones that weren’t specifically targeted.\nLow-dose radiation can also treat non-cancerous diseases and chronic inflammatory-related diseases, such as osteoarthritis and chronic urinary tract inflammation. Dr. Lee explains that modulating the local immune response in this way can slow down inflammation and reduce discomfort, pain, and certain clinical symptoms.\n\nAKC is a participant in affiliate advertising programs designed to provide a means for sites to earn advertising fees by advertising and linking to akc.org. If you purchase a product through this article, we may receive a portion of the sale.\n\n', 'Types of Radiation Therapy for Dogs': 'A spectrum of care is available for dogs undergoing radiation therapy. Your veterinary oncologist will tailor and deliver it with different goals in mind, depending on the type, location, and stage of the disease.\n\n“The goal of definitive-intent protocols is to try to maximize local tumor control in hopes of achieving the longest survival,” Dr. Morimoto says. Veterinary oncologists will often choose this highly targeted and concentrated dose of radiation when a dog’s tumors are difficult to remove surgically or when cancer cells remain after surgery.\n\n“Palliative-intent may be recommended for certain types of tumors that have a high risk of metastasis (spread), for patients who already have metastasis, or if patients have other important health issues that are likely to affect their long-term survival,” Dr. Morimoto says. “The goal of palliative-intent radiation is to improve patient comfort and minimize the risk of side effects.”\n\nRather than attempting to cure or significantly shrink the tumor, this approach focuses on reducing pain, bleeding, inflammation, or tumor pressure. Although it may not significantly extend survival, it can play a crucial role in enhancing your dog’s quality of life.\n\nWhile protocols vary, the number of sessions and total dose are typically lower than those required for definitive-intent protocols. Dr. Lee explains it’s commonly used for dogs with osteosarcoma, a painful bone cancer. “Sometimes the patient is not a good candidate for amputation, or they already have metastasis, and the long-term prognosis is not great,” he says. “Over 90% of patients will respond to palliative radiation, with the pain reducing within about a median of two weeks.”\n\nAKC is a participant in affiliate advertising programs designed to provide a means for sites to earn advertising fees by advertising and linking to akc.org. If you purchase a product through this article, we may receive a portion of the sale.\n\n', 'How Is Radiation Therapy for Dogs Administered?': 'They’ll typically perform a CT scan before commencing radiation therapy to allow them to formulate a plan that effectively targets the tumor or reduces symptoms.\n\nRegardless of the protocol, your dog will be placed under general anesthesia during each session to ensure they remain still. “The positive side is that anesthesia for radiation treatments is much shorter (commonly 15–30 minutes) and lighter compared to surgery, a CT scan, or an MRI,” Dr. Morimoto says.\n\nAKC is a participant in affiliate advertising programs designed to provide a means for sites to earn advertising fees by advertising and linking to akc.org. If you purchase a product through this article, we may receive a portion of the sale.\n\nIf you live near the hospital, in most circumstances, patients can receive treatment on an outpatient basis. At other times, they may remain in the hospital for their treatment or go home on weekends.\n\nVeterinary oncologists typically deliver high doses of radiation in two ways, depending on the type of tumor and its location.\n\nThe first is conventionally fractionated radiation therapy, which Dr. Morimoto says involves 10 to 20 daily treatments, Monday through Friday.\n\nThe second is stereotactic radiation therapy, and it involves administering much higher doses over fewer days. “This is 3 to 5 treatments that are usually completed within less than two weeks,” she says. While this can also spare the surrounding normal tissue, Dr. Morimoto cautions that it may not always be the best option for all cancers or all tumor locations.\n\nWhile it can vary, Dr. Morimoto says that the total number of visits for palliative-intent protocols most commonly range from 4 to 6 treatments.\n\n', 'Side Effects of Radiation Therapy for Dogs': 'Radiation therapy side effects are usually mild to moderate and manageable, although they vary depending on tumor location, treatment intensity, and the protocol used.\n\n“As veterinary radiation oncologists, we don’t like to prescribe something that will significantly compromise your dog’s quality of life—we want to maintain or even improve it,” Dr. Lee says. This is why the sessions aren’t typically as aggressive or frequent as in human medicine.\n\nSide effects are categorized as acute (short-term) and late (long-term). Acute side effects can last for a week or two immediately after treatment and often involve the skin.\n\nAKC is a participant in affiliate advertising programs designed to provide a means for sites to earn advertising fees by advertising and linking to akc.org. If you purchase a product through this article, we may receive a portion of the sale.\n\n“The risk of radiation skin side effects depends on where the tumor is located,” Dr. Morimoto says. “Tumors near the skin are more likely to have some degree of skin side effects, varying from focal hair loss to redness (severe sunburn-like look) in worst-case scenarios.”\n\nShe explains that, with modern radiation machines, if your veterinary oncologist is treating a deeper tumor in your dog’s body (i.e., brain tumor), then skin burns aren’t commonly seen.\n\nDr. Lee explains that systemic side effects, such as nausea or widespread illness, are rare. “Sometimes your dog may have some GI upset, like diarrhea, but this would be because of the stress in the hospital,” he says. “It’s not directly related to the radiation.”\n\nLate side effects are rare, but they can appear months or years after treatment. These can include permanent hair color changes, scar tissue formation, or bone or nerve damage.\n\nDr. Morimoto explains that the radiation beam doesn’t cause pain during treatment, and you don’t need to worry about your dog becoming radioactive. “Receiving external beam radiation therapy from a linear accelerator means that we are giving high-energy X-rays,” she says. “The high-energy x-rays are in and out immediately during the radiation session.”\n\n', 'Deciding if Radiation Therapy Right for Your Dog': 'While radiation therapy can be an effective tool in managing cancer or inflammatory pain in dogs, it’s not suitable for every pet or owner.\n\nYour dog’s cancer type and stage, their overall health, and how well they handle veterinary visits factor into whether radiation is appropriate. There are also practical considerations, such as time and travel logistics. Additionally, the specialized equipment and team of trained professionals required to administer radiation therapy mean it can be a costly process.\n\nThe cost of radiation therapy for dogs varies depending on the complexity of the case, the protocol chosen, the number of doses required, and whether other treatments are also being administered. Palliative-intent protocols designed to relieve symptoms may cost from $1,000 to $3,000. More advanced definitive-intent protocols, such as stereotactic radiation therapy (SRT) designed to target tumors with greater precision, can cost $8,000 to $10,000 or more.\n\nAKC is a participant in affiliate advertising programs designed to provide a means for sites to earn advertising fees by advertising and linking to akc.org. If you purchase a product through this article, we may receive a portion of the sale.\n\nMany comprehensive pet insurance plans cover radiation therapy. They may reimburse from 50% to 90% of treatment costs, as long as the cancer isn’t classified as a pre-existing condition. If you have any doubts, check with your insurance provider before beginning treatment.\n\nIt’s also important to recognize that a cure isn’t the goal for veterinary oncologists with this type of treatment. “That would result in us causing a lot more side effects to the pets we treat, which would directly affect their quality of life,” Dr. Morimoto says. Instead, the focus is on improving or maintaining your dog’s quality of life, while managing tumor growth or symptoms.\n\nDr. Lee recommends scheduling a consultation with a board-certified radiation veterinary oncologist to determine if radiation therapy is right for your dog. They can help you understand all available options, expected outcomes, and whether the treatment aligns with your goals for your pet.\n\n', 'We use cookies': '', 'Privacy Preference Center': ''}",[]
https://www.akc.org/expert-advice/health/anesthetic-free-dental-procedures-for-dogs/,Why Veterinary Dental Procedures Are Recommended for Dogs Over Anesthetic-Free Dental Procedures,"Feb 25, 2026","['surgery', 'dental', 'anesthesia']",Gemma Johnstone,"Studies suggest that at least 80% of dogs over the age of 3 show signs of periodontal disease. If plaque and tartar buildup is left to progress, this condition can cause tooth loss, bone damage, infection and systemic health issues.

In recent years, anesthesia-free dog teeth cleaning has gained popularity, with some grooming salons, pet stores, and even veterinary practices offering the service. The appeal is understandable. These procedures are marketed as a more affordable way to improve a dog’s dental health without the perceived risks of anesthesia. However, veterinary specialists caution that while these techniques can make teeth look cleaner, they don’t address the underlying causes of periodontal disease.

","{'What Are Anesthetic-Free Dental Procedures For Dogs?': 'Anesthetic-free dentistry (AFD), often referred to as anesthesia-free tooth scraping, involves restraining your dog while they’re awake to remove tartar from the visible surface of their teeth.\n\nSelect dog grooming salons, pet stores and veterinary practices offer this service, and the tools and techniques utilized vary depending on the provider. Some use an ultrasonic toothbrush, which emits high-frequency vibrations to dislodge tartar. Most also use sharp scaling tools that scrape tartar from the tooth surface.\n\n', 'What Are the Risks of Anesthetic-Free Dental Procedures For Dogs?': 'The idea of an anesthetic-free dental for your dog may appeal if you have concerns about the costs or potential for complications associated with professional cleanings under anesthesia.\n\nAKC is a participant in affiliate advertising programs designed to provide a means for sites to earn advertising fees by advertising and linking to akc.org. If you purchase a product through this article, we may receive a portion of the sale.\n\nHowever,\xa0the risks associated with anesthetic-free dental services for pets have resulted in the American Veterinary Dental College® (AVDC) issuing a position statement on their use. The AVDC “strongly opposes anesthesia-free dentistry for companion animals, deeming it inappropriate and a form of malpractice,” according to their statement. These procedures do not include a complete examination, fails to treat subgingival disease, and also poses serious risks of injury for the dog and the operator. “True oral health requires anesthesia to allow for a examination, intraoral radiographs, and access to subgingival areas, which are crucial for diagnosing and treating dental disease,” the AVDC writes.\n\nThey suggest they’re not a suitable replacement for comprehensive dental procedures performed under anesthesia in terms of safety and effectiveness.\xa0Here’s why.\n\nDr. Naomi Hoyer is a Board-Certified Veterinary Dentist™ and the Chair of the Advocacy Committee for the AVDC. She explains that periodontal disease starts with gingivitis (early stages of gum disease) and can progress to periodontitis (severe gum infection) and bone loss if left untreated.\n\nAKC is a participant in affiliate advertising programs designed to provide a means for sites to earn advertising fees by advertising and linking to akc.org. If you purchase a product through this article, we may receive a portion of the sale.\n\nScraping calculus (hardened plaque) off the visible surface of your dog’s teeth can make them look whiter and cleaner. However, it won’t halt the progression of periodontal disease, which originates below the gumline.\n\n“These procedures can give a false sense of security, delay proper care, and allow dental disease to progress, often silently, painfully and uncontrolled,” explains Dr. Travis Henry, National Specialty Director for Veterinary Dentistry at\xa0Thrive Pet Healthcare.\n\nHe explains that, without anesthesia, it’s impossible to properly scale below the gumline, perform probing, or take dental X-rays. “It has been proven that, without dental x-rays, we can miss 30% of the dental disease in a dog’s mouth,” Dr. Henry says. “This means that serious issues like abscesses, bone loss, fractured teeth, or oral tumors are likely to be missed.”\n\nThe risk of injury while probing around an awake, restrained dog’s mouth is very real, especially when they’re fidgety or anxious. A sudden movement or mistake can lead to the sharp scaling instruments causing lacerations to the dog’s oral tissue, or the handler. Plus, a dog that is frightened or in pain could bite. Dr. Hoyer explains that she has seen dogs with broken teeth after instruments were used with too much force. “I have even seen a dog with a broken jaw,” she says.\n\nDr. Henry adds that many dogs with severe calculus accumulation are older and painfully\xa0arthritic. “Forcibly restraining these patients can exacerbate these conditions,” he says.\n\nPlus, a stranger restraining a dog with their mouth held open and a sharp object prodding around in this sensitive area isn’t something many will be comfortable with. “This can cause long-term fear and\xa0anxiety\xa0in these patients and result in them being less compliant with owner-performed\xa0oral care at home,” Dr. Hoyer says.\n\nWhen your dog has a dental cleaning under anesthetic, the veterinarian will polish the surface of the teeth after scaling them. This doesn’t typically happen during anesthetic-free procedures. “Hand scaling teeth without polishing leaves the tooth surface rough and increases the ability of plaque and calculus retention,” Dr. Henry explains.\n\nAKC is a participant in affiliate advertising programs designed to provide a means for sites to earn advertising fees by advertising and linking to akc.org. If you purchase a product through this article, we may receive a portion of the sale.\n\nThe level of training, legal requirements, and marketing of anesthetic-free dental services for dogs vary widely. They are often marketed in ways that can be misleading to you as a pet owner. “In reality, they fail to meet the standards of medical dentistry and may violate local veterinary practice laws when performed by non-veterinarians,”Dr. Henry says.\n\n', 'Why Are Veterinary Dental Procedures Safer and More Effective?': 'A comprehensive professional veterinary dental is much more than a cosmetic procedure. Dr. Hoyer explains that all the following things should take place, and none would be possible safely or without stress if the patient isn’t anesthetized:\n\nAKC is a participant in affiliate advertising programs designed to provide a means for sites to earn advertising fees by advertising and linking to akc.org. If you purchase a product through this article, we may receive a portion of the sale.\n\nModern veterinary practices use pre-anesthetic testing, tailored anesthetic protocols, and close monitoring with high-tech equipment during the procedure. This makes the risks associated with dog anesthesia extremely low, especially compared to the long-term damage resulting from untreated dental disease.\n\nCosmetic cleaning may cost less upfront than a dental procedure under an anesthetic. However, there could be unidentified underlying dental problems. The bills to deal with them once they become a serious problem can be considerable, not to mention the additional discomfort and recovery time for your dog.\n\n', 'The Importance of Preventative Dental Care': 'The best way to minimize the need for extensive dental work is through preventative care. At home, dog toothbrushing is the gold standard.\xa0Daily brushing\xa0is preferable, but when this isn’t possible, Dr. Henry recommends aiming for a minimum of 5 days a week. “Brushing must be done before the [soft] plaque can mineralize and attach to the tooth,” he says. He explains that the process of it hardening into calculus takes 24 to 72 hours.\n\nAKC is a participant in affiliate advertising programs designed to provide a means for sites to earn advertising fees by advertising and linking to akc.org. If you purchase a product through this article, we may receive a portion of the sale.\n\nWhile nothing replaces the mechanical removal of plaque with a toothbrush,\xa0Veterinary Oral Health Council-approved\xa0products, such as chews and rinses, can also help. However, Dr. Hoyer cautions against using products that have the potential to damage teeth. “Elk antlers are the ones that we see right now that create significant tooth fractures, often necessitating extraction,” she says.\n\nIt’s also important to schedule annual veterinary check-ups, including\xa0oral exams. Dr. Hoyer explains that, in general,\xa0the smaller the dog, the earlier anesthetized preventative dentistry needs to start. “I have done anesthetized procedures on dogs as young as 1, where we identified bone loss and needed to extract teeth,” she says.\n\nShe recommends that every patient should be anesthetized by 2 years old to get a baseline set of intraoral radiographs. “In addition to identifying and preventing progression of periodontal disease, we’re also looking for broken, abnormal, or unerupted teeth, screening for oral cancer, and making recommendations for at-home preventive care.”\n\nIf cost is a concern, talk with your veterinarian about phased treatment plans, in-office assessments, or payment options. Early intervention often reduces overall expense and discomfort.\n\n', 'We use cookies': '', 'Privacy Preference Center': ''}",[]
https://www.akc.org/expert-advice/health/check-dogs-body-condition-score/,How to Check Your Dog’s Body Condition Score,"Feb 11, 2026","['weight', 'overweight', 'body condition score']",The Farmer's Dog,"Paid Advertisement

One of the most important things you can do for your dog’s health is keep them in good body condition. Your dog’s body condition score isn’t the same as their weight, but it is connected. Lean dogs can live up to two-and-a-half years longer than dogs who are overweight. But, sadly, many American dogs are overweight or obese—as of 2022, the figure was 59%.

While you should always take your dog for regularly scheduled veterinary checkups, you can also test their body condition at home to make sure you’re keeping them on track. Below, we’ve included tips on how to do that.

And if you want an easy way to feed your dog exactly the right amount to manage their weight and keep them lean and healthy, consider a pre-portioned fresh food plan from The Farmer’s Dog.

","{'What Is a Dog’s Body Condition Score?': 'Weight doesn’t tell the whole story about a dog’s health, and every dog is different. It’s important to get an accurate picture of their body condition.\xa0\n\nVeterinarians assess your dog’s body condition by sight and touch using what’s called a “Body Condition Score.” Typically, they’ll use a scale, from 1 to 5 or 1 to 9. Usually 1 will be “too skinny,” and 5 or 9 will identify obesity. This score indicates whether your dog needs to lose, maintain, or gain weight.\n\nThe ideal range depends on the scale. On a 5-point scale, you should aim for 3.On the 9-point version, between 4 and 5 is best. Body condition score is vital information when it comes to determining—and updating—portion sizes.\xa0\n\nTesting your dog’s body condition at home doesn’t require a scale, or any equipment. All you need are your hands, eyes, and a few minutes of attention to your dog, which they’ll likely enjoy! Testing body condition this way works for any dog, no matter their size or how much fur they have. For dogs with longer or thicker hair, just be sure to rely on the touch tests—it will likely be harder to see the contours of their bodies.\n\n', 'How Do I Measure My Dog’s Body Condition?': 'Your dog’s body condition score is based on the following areas on their body: their ribs, waist, and belly. If you need assistance getting the hang of testing your dog’s body condition, ask your vet to help you. Test the following areas on your dog:\n\nAKC is a participant in affiliate advertising programs designed to provide a means for sites to earn advertising fees by advertising and linking to akc.org. If you purchase a product through this article, we may receive a portion of the sale.\n\nRibs: Stand behind your dog, or straddle them slightly. Look at and feel their ribs, feeling all along their rib cage.\n\nWaist: Stay in this position, and take a look at your dog’s shape from above. Gently run your hands down your dog’s body from their rib cage to their hips. Look for the pelvic bone. Look for and feel their lumbar vertebrae, which are on their lower back.\n\nBelly: Stand or sit beside your dog and look at their shape side-on. Look at the slope of the belly as it meets the hind legs. If your dog has longer hair, you will also have to feel for this slope.\n\n', 'Signs of Ideal Body Condition in Dogs': 'Your dog’s ribs are not clearly visible when you’re standing away from them, looking from the side. In some short-coated dogs, the last few ribs may be visible if you’re standing close.\xa0\n\nAKC is a participant in affiliate advertising programs designed to provide a means for sites to earn advertising fees by advertising and linking to akc.org. If you purchase a product through this article, we may receive a portion of the sale.\n\nYou’ll be able to easily feel your dog’s ribs with flat fingers and not much pressure. They’ll have just a slight layer of muscle covering them, and shouldn’t feel sharp. When looking at your dog’s waist, they should have a slight hourglass shape, narrowing in front of their hind legs when looking from above. Their ribs should be a bit wider than their waist.\n\nYou’ll also feel a slight hourglass shape as their waist narrows ahead of the hind legs. If your dog has longer hair, you may not be able to see this shape clearly, so be sure to feel this area.\n\nFrom the side, you’ll see an abdominal tuck. The abdominal area behind their rib cage slopes upward as it meets their hind legs, instead of forming a straight line from front leg to back leg.\n\nIf your dog has very long or thick hair, you may not see the abdominal tuck clearly, which is why it’s important to feel this area. You can also look for the abdominal tuck when your dog is wet.\n\n', 'Signs of Underweight Body Condition in Dogs': 'If all or most ribs are clearly visible when you’re standing away from your dog, that indicates an underweight body condition. Note that if your dog has long or thick hair, ribs may not be as visible—but they can still be underweight, so it’s important to feel for them.\xa0\n\nIf you don’t feel a thin layer of fat over the ribs, your dog is too skinny.\xa0\n\nUnderweight dogs will likely have an exaggerated waistline. Their hip bones and spine are visible, and the dog’s body will tend to have a “bony” feel\n\nAKC is a participant in affiliate advertising programs designed to provide a means for sites to earn advertising fees by advertising and linking to akc.org. If you purchase a product through this article, we may receive a portion of the sale.\n\n', 'Signs of Rounded Body Condition in Dogs': 'In dogs with a rounded body condition, their shape will appear straight from their ribcage to their hips. They may have a slight abdominal tuck, but possibly no tuck at all.\xa0\n\nThey may have a visible waistline, but it won’t be prominent. Their ribs can be felt, but they’ll have a heavier layer of fat covering them. It’s possible that you’ll only be able to feel them with significant pressure.\n\n', 'Signs Overweight Body Condition in Dogs': 'Dogs that are overweight will likely look barrel-shaped when viewed from above. Their ribs will be under a thick layer of fat, and you may not be able to feel them at all.\xa0\n\nTheir waistline will not be visible. They may be rounded when you feel their midsection. Pads of fat can be felt on their back, neck, and the base of their tail.\n\nIn overweight dogs, there is no visible abdominal tuck when viewing the dog from the side, and their belly will sag downwards.\n\n', 'When to Start Testing a Puppy’s Body Condition': 'Before four months old, your puppy may not have a defined waist. They may also have a rounder belly and other marks of a healthy, fast-growing pup. A healthy puppy should gain weight every day.\xa0\n\nAKC is a participant in affiliate advertising programs designed to provide a means for sites to earn advertising fees by advertising and linking to akc.org. If you purchase a product through this article, we may receive a portion of the sale.\n\nAfter four months, you can begin keeping track of their body condition using the same methods outlined above.\n\nDifferent dog breeds vary widely in body shape and volume of hair and fur, but these tests work for nearly all breeds. If you have questions about what your dog’s ideal body condition should look like, talk to your veterinarian. \n\n', 'We use cookies': '', 'Privacy Preference Center': ''}",[]
https://www.akc.org/expert-advice/health/megaesophagus-in-dogs/,"Megaesophagus in Dogs: Signs, Symptoms, and Treatment","Jan 22, 2026","['regurgitation', 'esophagus', 'megaesophagus']",Gemma Johnstone,"If your dog regurgitates undigested food soon after eating, this can be a hallmark sign of megaesophagus. Receiving this diagnosis can be daunting. However, with the right blend of prompt veterinary treatment and guidance, and adaptive feeding methods, many dogs with this disorder can live a good quality of life.

Learn more about megaesophagus in dogs and the management techniques you can use at home to reduce the risk of complications and help your dog swallow safely.

","{'What Is Megaesophagus in Dogs?': 'Megaesophagus in dogs is a condition where the esophagus (the muscular tube connecting the throat to the stomach) loses its normal function and dilates (enlarges).\n\nDr. Jenna Ashton is a traveling veterinary internal medicine specialist at Capital Veterinary Specialists in Jacksonville, Florida, a Thrive Pet Healthcare partner. She explains that usually, when a dog swallows, food and water in the esophagus trigger a coordinated wave of muscular contractions called peristalsis.\n\n“In a dog with megaesophagus, the muscles of the esophagus become weak, flaccid, and unable to perform these coordinated contractions,” she says. “This loss of muscle function (motility) is typically due to an interruption in the vagal nerve innervation (the nerve signals) that tell the esophageal muscles to contract.”\n\nAKC is a participant in affiliate advertising programs designed to provide a means for sites to earn advertising fees by advertising and linking to akc.org. If you purchase a product through this article, we may receive a portion of the sale.\n\nWhen the esophagus can’t actively push food or liquid into the stomach, it collects in this tube. “This chronic accumulation and stasis of material causes the esophagus to stretch and become significantly enlarged (i.e., megaesophagus),” Dr. Ashton explains. “The food and water remain in the enlarged, flaccid esophagus until it is regurgitated.”\n\nRegurgitation is different from vomiting. It’s the passive expulsion of undigested food from the esophagus with little to no signs prior to the act occurring. Vomiting is an active, forceful evacuation of stomach contents often accompanied by heaving, retching, and abdominal contractions. Signs of nausea, such as drooling or lip licking, frequently also occur before vomiting.\n\nThe sudden nature of regurgitation means the opening to a dog’s windpipe (trachea) doesn’t close off. “This lack of a protective reflex means that the food, water, or saliva can easily be inhaled into the lungs, leading to a severe and often life-threatening complication known as aspiration pneumonia,” Dr. Ashton says. She explains that this is the leading cause of death for dogs with megaesophagus.\n\n', 'What Causes Megaesophagus in Dogs?': 'The underlying causes of megaesophagus in dogs can be divided into two broad categories: congenital (present at birth) and acquired (develops later in life).\n\nAKC is a participant in affiliate advertising programs designed to provide a means for sites to earn advertising fees by advertising and linking to akc.org. If you purchase a product through this article, we may receive a portion of the sale.\n\nStructural anomalies present at birth can cause megaesophagus. It typically becomes evident when puppies transition to solid food. Dr Ashton explains that it’s often due to incomplete nerve development or a physical obstruction, such as a vascular ring anomaly (an abnormal blood vessel constricting the esophagus).\n\nSome puppies outgrow megaesophagus as their nervous systems mature, while others require lifelong management.\n\nIt’s common in certain breeds, including German Shepherd Dogs, Great Danes, Irish Setters, Chinese Shar-Pei, Newfoundlands, and Labrador Retrievers.\n\nAKC is a participant in affiliate advertising programs designed to provide a means for sites to earn advertising fees by advertising and linking to akc.org. If you purchase a product through this article, we may receive a portion of the sale.\n\nAcquired forms of megaesophagus in dogs develop later in life. “They’re most often secondary to myasthenia gravis, hypoadrenocorticism [Addison’s disease], hypothyroidism (although this is debated), an obstruction of the esophagus (vascular ring anomaly, stricture), or severe esophagitis [inflammation],” Dr. Jessica Pritchard, a Clinical Associate Professor in Small Animal Internal Medicine at the UW-Madison School of Veterinary Medicine, explains.\n\nThe condition is labeled as idiopathic when veterinarians cannot identify an underlying cause. However, identifying the root cause can significantly improve a dog’s condition with targeted treatment.\n\n', 'Symptoms of Megaesophagus in Dogs': 'Dr. Pritchard explains that the primary sign of megaesophagus in dogs is regurgitation of undigested food or water, often soon after eating. The regurgitated material is typically tubular and lacks bile.\n\nAKC is a participant in affiliate advertising programs designed to provide a means for sites to earn advertising fees by advertising and linking to akc.org. If you purchase a product through this article, we may receive a portion of the sale.\n\nDogs can suffer from weight loss because of their inability to keep nutrients down. They may also have bad breath, excessive drooling, or “gurgling” sounds when swallowing. In some dogs, you might even see a visible bulge in the neck from a distended esophagus.\n\n“The major danger is aspiration pneumonia, which can cause coughing, fever, and respiratory distress,” Dr. Pritchard says. “Without diagnosis and management, dogs may also become malnourished or suffer repeated pneumonia.”\n\nAspiration pneumonia is a life-threatening medical emergency. Prompt veterinary attention is essential if your dog develops labored breathing, weakness, or a persistent cough.\n\n', 'Diagnosis of Megaesophagus in Dogs': 'Veterinarians typically begin diagnosis with a thoracic radiograph (chest X-ray). This can reveal an enlarged, air-filled esophagus and tracheal displacement. X-rays can also show signs of aspiration pneumonia.\n\nFurther testing helps to identify potential underlying causes. These tests vary depending on the dog’s age, history, and clinical signs. “These could include thyroid function tests, testing for myasthenia gravis (titers), resting cortisol, and/or ACTH stim to test for Addison’s disease,” Dr. Ashton says. “If neoplasia [abnormal cell growth] is suspected, then a staging abdominal ultrasound may be performed.”\n\n', 'Treatment and Management of Megaesophagus in Dogs': 'In many cases, treatment of megaesophagus in dogs will focus on addressing any identified underlying cause. Often, this can improve or resolve the esophageal dysfunction.\n\nAKC is a participant in affiliate advertising programs designed to provide a means for sites to earn advertising fees by advertising and linking to akc.org. If you purchase a product through this article, we may receive a portion of the sale.\n\nHowever, there is no cure for idiopathic megaesophagus. In many cases, treatment is supportive, focusing on managing symptoms, preventing aspiration, and providing adequate nutrition.\n\nFeeding management is the cornerstone of care for dogs with megaesophagus. Your dog must eat and drink in an upright position, with their head and forequarters elevated to vertical or near-vertical relative to the floor.\n\nAKC is a participant in affiliate advertising programs designed to provide a means for sites to earn advertising fees by advertising and linking to akc.org. If you purchase a product through this article, we may receive a portion of the sale.\n\nVeterinarians typically recommend investing in a Bailey chair, especially for medium or large dogs. This tall, narrow box holds a dog in an upright “begging” position.\n\nWork on introducing your dog to the chair in a positive way, as they need to stay upright for 10 to 15 minutes after eating, drinking, or taking medication. This upright position allows gravity to help move material from the esophagus into the stomach. “If dogs are unable to tolerate feeding in a Bailey chair, feeding via a special stomach tube allows many dogs to get nutrition and avoid pneumonia,” Dr. Pritchard says.\n\nYou may need to adjust the food consistency to what your dog best tolerates. Some can eat dry kibble, but most do better with a gruel-like slurry, liquid, or soft meatballs. Dr Pritchard recommends offering small, frequent meals and closely monitoring for signs of aspiration.\n\nDr. Ashton explains that access to freestanding water bowls is usually restricted, and water is often mixed with a commercial thickening agent (like Thick-it) or provided as gelatin or ice cubes (Knox blocks). She also advises against swimming, as accidental water inhalation can increase the risk of aspiration.\n\nWhile medication can’t cure megaesophagus in dogs, it can help keep your dog comfortable. “Acid suppression or sucralfate [a medication used to protect the digestive tract] may reduce esophagitis and help with clinical signs,” Dr. Pritchard says. “Some dogs benefit from medications to either relax or tighten the opening between the esophagus and stomach.”\n\nYour veterinarian may also prescribe anti-nausea drugs or medication to increase gastrointestinal motility.\n\n', 'Prognosis for Megaesophagus in Dogs': 'Unfortunately, with or without treatment, most pets with megaesophagus have a fair to poor long-term prognosis. The potential for complications is high. Malnutrition and aspiration pneumonia are the leading causes of death. If megaesophagus is caused by a failure of the nervous system, there is a risk for other neurologic problems to develop.\n\nAKC is a participant in affiliate advertising programs designed to provide a means for sites to earn advertising fees by advertising and linking to akc.org. If you purchase a product through this article, we may receive a portion of the sale.\n\nSuccessful treatment of underlying conditions may improve esophageal function in some dogs, so a thorough diagnosis will lead to the best outcomes. Careful and consistent feeding techniques and close communication with your veterinarian can also greatly improve your dog’s prognosis. Dr. Pritchard explains that, with attentive home care, many dogs can maintain a good quality of life.\n\n', 'We use cookies': '', 'Privacy Preference Center': ''}",[]
https://www.akc.org/expert-advice/health/antioxidants-for-dogs/,What Dog Owners Should Know About Antioxidants for Dogs,"Jan 21, 2026","['eye health', 'antioxidants']",Ocu-Glo,"Paid Advertisement

By Dr. Carmen Colitz, DVM, PhD, DAVCO, MBA, DCLOVE and Dr. Johanna Fava, DVM, PhD

When it comes to caring for your dog, there’s a lot to consider about their overall health. You probably think about things like food, exercise, and annual vet visits, but your dog’s vision is equally as important. Things like antioxidants for dogs can help boost their long-term health, as well as their eyesight.

Just like in people, your dog’s eyes are constantly exposed to things that can lead to gradual damage, sunlight, aging, inflammation, and environmental stressors. These triggers generate unstable molecules in the body known as “free radicals,” which can build up over time and lead to something called “oxidative stress.”

","{'What Is Oxidative Stress, and Why Does It Matter?': 'Oxidative stress happens when there are too many free radicals and not enough antioxidants to keep the free radicals in check. These free radicals can damage cells, proteins, and even DNA. Over time, this contributes to inflammation, accelerated aging, and even the breakdown of eye tissues — especially in breeds prone to genetic eye conditions like cataracts, glaucoma, and retinal degeneration.\n\nAKC is a participant in affiliate advertising programs designed to provide a means for sites to earn advertising fees by advertising and linking to akc.org. If you purchase a product through this article, we may receive a portion of the sale.\n\nIn the eye, oxidative stress targets some of the most delicate structures: the cornea, the lens, the photoreceptors that process light within the retina. This can lead to cloudy vision, poor sight in dark conditions and at night, and even permanent vision loss.\n\nAntioxidants are the body’s natural defense system against oxidative stress. They neutralize free radicals and protect cells from damage. Your dog’s body makes some antioxidants on its own, but as they age, or if they are genetically predisposed to certain conditions, those defenses may need a boost.\n\nAntioxidants that support eye health are more specific and targeted to your dog’s eyes than most antioxidants found in dog food. It helps fill those gaps and gives your dog’s eyes the extra protection they need.\n\n', 'The Role of Antioxidant Supplements in Eye Health': 'Specific antioxidants are especially helpful in supporting vision. Learn more about the different kinds that are available, and what they can do. These are scientifically backed antioxidants and play an integral role in slowing the progression of vision changes due to aging or inherited eye conditions.\n\nGrape seed extract is extracted from the seed of the grape and not the skin. This makes it safe for dogs to. The seeds contain a rich source of some of the strongest free radical scavengers in the eye, protecting the cornea, lens, and retina.\n\nAKC is a participant in affiliate advertising programs designed to provide a means for sites to earn advertising fees by advertising and linking to akc.org. If you purchase a product through this article, we may receive a portion of the sale.\n\nLutein is an oxycarotenoid antioxidant necessary for protection against free radical damage in the cornea, lens, and retina, acting as a sunscreen for the eyes as well as their skin.\n\nOmega-3 fatty acids contain fatty acids EPA and DHA that cannot be made by the body and support retinal health. Omega-3 fatty acids support a healthy inflammatory response that helps alleviate dry eyes by improving tear quality and production.\n\nAKC is a participant in affiliate advertising programs designed to provide a means for sites to earn advertising fees by advertising and linking to akc.org. If you purchase a product through this article, we may receive a portion of the sale.\n\nGreen tea leaf extract is a great source of antioxidants, which can help protect the cornea, lens, and retina from oxidative damage. Green tea leaf extract contains flavonoids that improve the function of retinal ganglion cells — neurons that link the retina to parts of the brain that process visual input.\n\nRutin is what’s known as a bioflavonoid. It’s found in citrus fruits, and aids in strengthening blood vessels and supports the circulation of blood in the eye and body. Blood vessels may weaken with old age, and supplementing with antioxidants, like Rutin, helps to support the normal functions of the cornea, lens, and retina.\n\nTaurine is an amino acid that’s important for the heart, eyes, and overall health. Dogs can produce taurine from key amino acids, deficiency can still occur. Taurine helps support normal cardiovascular health, helps protect the eyes from oxidative stress, and is important for retinal development. As our dogs age, the amount of taurine in their eyes diminishes, potentially decreasing the eye’s resistance to oxidative stress, making supplementation even more important in their senior years.\n\nB vitamins help protect cells in the retina. They help reduce the progressive damage that aging, environmental stress, and oxidation can cause. The B vitamins play an important role in cell growth and help to support a normal inflammatory response.\n\nVitamin C is known to support the fragile capillaries in the retina, helps to protect against damage from UV light, and supports cornea and lens health.\n\nAKC is a participant in affiliate advertising programs designed to provide a means for sites to earn advertising fees by advertising and linking to akc.org. If you purchase a product through this article, we may receive a portion of the sale.\n\nThis fat-soluble vitamin comes in different forms. The form, D-alpha-tocopherol, has been selected as studies show this form to be more beneficial to the body and may benefit the cornea, lens, and retina by protecting critical fatty acids from oxidation. This powerful antioxidant supports vision, reproduction, blood, brain, and skin health.\n\nZinc is a trace mineral that helps bring vitamin A from the liver to the retina to produce melanin, a protective pigment in the eye. Zinc is highly concentrated in the eye and helps to support the overall health of the cornea, lens, and retina.\n\nAlpha Lipoic Acid, or ALA, is a fatty acid and universal antioxidant that is made in the body and has the highest concentrations in the brain, eye, liver, and heart. ALA is important for maintaining healthy vision, normal liver function, and glutathione regeneration.\n\n', 'When to Start Supporting Vision Health': 'Many dogs don’t show signs of vision problems until 80% of their sight is already lost. Vision changes often start quietly — hesitating at stairs, missing treats tossed from the side, or acting more cautious in dim lighting.\n\nAKC is a participant in affiliate advertising programs designed to provide a means for sites to earn advertising fees by advertising and linking to akc.org. If you purchase a product through this article, we may receive a portion of the sale.\n\nSome signs that could point to your dog needing extra vision support could be their age. Dogs over the age of five, or any dog in the senior age range, can always benefit from vision support. Breeds that are prone to cataracts or other retinal conditions will also benefit.\n\nAdditionally, dogs that are diabetic can benefit from antioxidants that target dog’s ocular health. If your dog recently had eye surgery and is recovering, this is also a great time to think about antioxidants as a form of vision support.\n\n', 'A Trusted Solution: Ocu-GLO® Vision Supplement': 'Ocu-GLO® Vision Supplement’s patented proprietary blend combines Grape Seed Extract, Lutein, and Omega-3 Fatty Acids (GLO®), as well as Alpha Lipoic Acid to support normal vision development and long-term ocular health. Widely used by veterinary specialists, it provides proactive care in a single daily supplement.\n\nThe best way to support your dog’s vision health is by supporting their eye health before they begin to lose their vision. This proactive approach can help strengthen their eyes and keep the healthier for longer.\n\nWhether you are looking to protect your dog’s vision for years to come or support an aging pet showing early signs of change, Ocu-GLO® is the most trusted and recommended eye supplement amongst veterinarians.\n\nAKC is a participant in affiliate advertising programs designed to provide a means for sites to earn advertising fees by advertising and linking to akc.org. If you purchase a product through this article, we may receive a portion of the sale.\n\n', 'We use cookies': '', 'Privacy Preference Center': ''}",[]
https://www.akc.org/expert-advice/health/get-dog-eyes-checked/,Should You Get Your Dog’s Eyes Checked? What to Know About Eye Health,"Jan 21, 2026","['eye care', 'eye health', 'vision loss', 'eyesight']",Ocu-Glo,"Paid Advertisement

By Dr. Carmen Colitz, DVM, PhD, DAVCO, MBA, DCLOVE and Dr. Johanna Fava, DVM, PhD

Vision plays a crucial role in your dog’s quality of life. Whether chasing a ball or watching your every move, their eyes help them experience the world. As dog owners, we want to make sure we’re doing all that we can to ensure that our dogs are healthy, including their eye health.

Proactive care for your dog’s eyes is an important part of keeping them healthy. The American Kennel Club and Animal Necessity highlight why proactive care and eye exams are an important part of your dog’s wellness routine.

","{'Identifying Common Eye Conditions Early': 'Like people, dogs can develop eye conditions that may impact their vision and comfort. Some of the most common include:\n\nAKC is a participant in affiliate advertising programs designed to provide a means for sites to earn advertising fees by advertising and linking to akc.org. If you purchase a product through this article, we may receive a portion of the sale.\n\nRoutine eye exams help detect these issues early— before they interfere with your dog’s daily life. Catching eye conditions early allows for better treatment outcomes and healthier life for your dog.\n\n', 'How Often Should Your Dog Have an Eye Exam?': 'A general wellness check may include a basic eye screening by your primary veterinarian, but a Board-Certified Veterinary Ophthalmologist can perform a much more detailed evaluation. This is especially important for dogs that may be genetically predisposed to eye problems.\n\nSome commonly affected breeds include Cocker Spaniels, Labrador Retrievers, Golden Retrievers, Boston Terriers, Poodles, French Bulldogs, Yorkshire Terriers, and Shih Tzus.\n\nFor most dogs, annual visits to get eye checkups are enough to make sure everything looks as it should. This is particularly important in senior dogs, who are more likely to experience eye problems. If your dog is among the breeds prone to eye conditions, you may want to consider going every six months instead. This is also a good framework if they have known eye issues that may need extra checking up on.\n\nAKC is a participant in affiliate advertising programs designed to provide a means for sites to earn advertising fees by advertising and linking to akc.org. If you purchase a product through this article, we may receive a portion of the sale.\n\nIf your dog is showing any signs of pain or discomfort, you should bring them for an eye exam immediately. If they have been diagnosed with diabetes, or are showing signs of squinting, cloudiness, discharge, redness, swelling, or behavioral changes, you should also take them as soon as you can. The best time to protect your dog’s vision is before any problems begin.\n\nSupporting eye health early helps your dog maintain clear, sharp sight throughout their life. A proactive approach, starting with preventative care and antioxidant support, can help make a different. Talk to your veterinarian about adding eye-support supplements to your dog’s daily routine. The right combination of nutrients can help maintain clear vision and long-term vitality.\n\nStaying ahead of vision issues helps preserve your dog’s sight and well-being.\n\n', 'The Role of Supplementation in Eye Health': 'Nutrition plays a vital role in supporting ocular health. While balanced diets are beneficial, many pets do not receive targeted nutrition to benefit their eye health. This is where supplements and antioxidants come into play. If you have any questions or want to start using an antioxidant supplement, talk to your veterinarian.\n\nAKC is a participant in affiliate advertising programs designed to provide a means for sites to earn advertising fees by advertising and linking to akc.org. If you purchase a product through this article, we may receive a portion of the sale.\n\nKey ingredients found in supplements include grape seed extract, lutein, omega-3 fatty acids, vitamins C and E, and Alpha Lipoic Acid (ALA). The first three comprise the “GLO” of Ocu-GLO® Vision Supplement, which helps support your dog’s eye health. These ingredients help boost protection of the cornea, lens, and retina, help protect against damage from UV light, helps alleviate dry eyes, and more.\n\nHigh-quality supplements like Ocu-GLO® Vision Supplement are developed by board-certified veterinary ophthalmologists. It’s the first patented antioxidant blend formulated specifically to meet the needs of dogs and cats.\n\nOcu-GLO upports both normal vision development and long-term ocular health. Backed by science and widely used by veterinary specialists, it provides proactive care in a single daily supplement.\n\nThe best time to help your dog’s eye health is before any problems arise. Best practices support vision health by starting with a prophylactic “PRE”-active care approach. Talk to your veterinarian about the best ways to work antioxidant supplements into your dog’s diet and routine.\n\nGood nutrition is one of the best ways to help protect your dog’s vision and overall well-being.\nA balanced diet supports healthy eyes, while supplements provide extra protection against everyday stressors that can affect vision over time. Together, proper nutrition and antioxidant support play a vital role in maintaining your dog’s lifelong eye and body health.\n\nAKC is a participant in affiliate advertising programs designed to provide a means for sites to earn advertising fees by advertising and linking to akc.org. If you purchase a product through this article, we may receive a portion of the sale.\n\n', 'We use cookies': '', 'Privacy Preference Center': ''}",[]
https://www.akc.org/expert-advice/health/whats-in-dog-probiotics/,What’s Actually In Your Dog’s Probiotics?,"Jan 15, 2026","['probiotics', 'prebiotics']",Zesty Paws,"Paid Advertisement

We all try to give our dogs the happiest, healthiest lives possible. That’s why some dog owners support their dog’s gut health with probiotics. As an addition to their regular diet, probiotics can be beneficial for some dogs. But have you ever looked at the ingredient lists on those probiotic supplements and wondered what all of those scientific names actually mean?

Understanding what’s in dog probiotics can help you choose the right products for them. Let’s break down the most common ingredients and key benefits of dog probiotics to help you make informed decisions about adding supplements to support their gut health needs.

","{'What Are Probiotics for Dogs?': 'Probiotics are live microorganisms that are considered “good bacteria” that can provide health benefits when consumed in adequate amounts. In your dog’s digestive system, these beneficial bacteria help maintain a balanced gut microbiome, which plays a crucial role in their overall health. However, factors like stress, diet changes, or antibiotics can disrupt this delicate balance. Dog probiotics are a great way to help restore and maintain a healthy gut environment by introducing beneficial bacteria to their belly.\n\n', 'Key Probiotic Strains and What They Do': 'When you look at the labels of a dog gut health supplement, you’ll see a list of probiotic strains with names that don’t exactly roll off the tongue. But don’t worry. While their names look intimidating, their functions are gut-friendly.\n\nAKC is a participant in affiliate advertising programs designed to provide a means for sites to earn advertising fees by advertising and linking to akc.org. If you purchase a product through this article, we may receive a portion of the sale.\n\nDifferent probiotic strains offer different benefits. Here’s a list of common probiotic strains and what they do.\n\nAs featured in Zesty Paws® Probiotics bites, DE111® is a premium spore-forming probiotic — meaning it can survive the harsh journey through the stomach to the gut. DE111® is known for its ability to support a healthy gut microbiome by crowding out undesirable bacteria. It aids in normal digestion and helps maintain regular bowel movements.\n\nAnother durable, spore-forming strain, Bacillus coagulans is excellent for supporting gut health. It’s able to withstand stomach acid to arrive in the intestines, where it works to support a healthy digestive tract. Bacillus coagulans is particularly helpful for dogs that experience occasional digestive upset.\n\nTechnically a beneficial yeast, Saccharomyces boulardii functions as a probiotic. It’s highly regarded for its ability to support a healthy gut lining and promote a balanced intestinal environment. This strain is often recommended for dogs needing extra support for their digestive system, especially during times of stress or dietary changes.\n\nAKC is a participant in affiliate advertising programs designed to provide a means for sites to earn advertising fees by advertising and linking to akc.org. If you purchase a product through this article, we may receive a portion of the sale.\n\nLactobacillus acidophilus lives in the intestines and helps maintain a healthy balance of microflora, while also supporting nutrient absorption. This strain is a staple in many of the best dog probiotics for its broad support for dog gut health.\n\nLactococcus lactis works with other beneficial bacteria to maintain a healthy digestive environment and support the body’s normal defense mechanism.\n\n', 'Other Helpful Ingredients in Dog Probiotics': 'A high-quality dog gut health supplement often contains more than just probiotics. These additional ingredients partner with probiotics to provide comprehensive digestive support.\n\nAKC is a participant in affiliate advertising programs designed to provide a means for sites to earn advertising fees by advertising and linking to akc.org. If you purchase a product through this article, we may receive a portion of the sale.\n\nPrebiotics are a type of dietary fiber that feeds the beneficial bacteria in the gut. Think of them as fertilizer for the probiotics. By providing this nourishment, prebiotics help the probiotic strains to thrive and multiply, making the supplement more effective. Common prebiotics include fructooligosaccharides (FOS) and inulin.\n\nDigestive enzymes for dogs are proteins that help break down food into smaller, absorbable nutrients. While a dog’s body produces its own digestive enzymes, some dogs can benefit from supplemental enzymes. They assist in the digestion of fats, proteins, and carbohydrates, ensuring your dog gets the most out of their food.\n\nProducts such as Zesty Paws® Vet Strength™ Pre, Post & Probiotic Bites are a great way to add the benefits of prebiotics and digestive enzymes along with their probiotic intake.\n\n', 'How to Choose the Right Probiotic': 'With a better understanding of the ingredients, how do you choose the right dog probiotic? Here are a few things to consider:\n\nAKC is a participant in affiliate advertising programs designed to provide a means for sites to earn advertising fees by advertising and linking to akc.org. If you purchase a product through this article, we may receive a portion of the sale.\n\n', 'Important Tips to Consider': 'While probiotics are generally safe for most dogs, there are some important considerations to keep in mind to make sure everything goes smoothly.\n\nBefore starting any new supplement regiment, discuss your plans with your vet to make sure your dog’s health conditions, medications, or digestive sensitivities are factored in before starting.\n\nStart slowly. When introducing probiotics, start off with a smaller amount and gradually increase to the recommended amount. This allows your dog’s digestive system to adjust gradually.\n\nMonitor your dog’s response. Watch for any changes in your dog’s appetite, stool quality, or energy levels when starting probiotics. Individual responses can vary between dogs.\n\n', 'Gut Health? You Got This': 'By learning to identify beneficial probiotic strains, recognizing quality indicators, and understanding the role of additional ingredients, choosing the right gut supplement doesn’t have to be a guessing game. Just remember that probiotics work best as part of a comprehensive approach to canine health that includes proper nutrition, regular exercise, and routine veterinary care. After all, your dog depends on you to make informed decisions about their health and well-being.\n\n', 'We use cookies': '', 'Privacy Preference Center': ''}",[]
https://www.akc.org/expert-advice/health/dog-probiotics-stages-of-life/,How Probiotics Work in Every Stage of a Dog’s Life,"Mar 16, 2026","['probiotics', 'diet', 'senior dog', 'puppy']",Colt Dodd,"Inside your dog’s gastrointestinal tract is a vibrant ecosystem with billions of helpful bacteria (called probiotics) that support their immune system, digestive function, and mental well-being. But among the many helpful probiotics, which strain should you add to your dog’s diet? The answer largely depends on your dog’s individual profile, including their stage of life.

Knowing which probiotics are best suited for your dog’s life stage can help maximize the supplement’s potential, and by extension, your dog’s health. Always consult with your veterinarian before starting any probiotics or supplements for your dog.

","{'Examples of Different Probiotics': 'To determine which probiotics best suit your dog, it’s important to first understand the different variations. These supplements come as powders, capsules, and in some dog food formulations.\n\nAdditionally, different probiotic bacteria strains have different health goals. For example:\n\nOn the label, a probiotic supplement should have the name of the bacteria’s species, the expiration date, the number of microorganisms in the product, and a guarantee stating how many of those microorganisms should be alive. Ideally, the manufacturer should also have the product’s efficacy backed by a third-party researcher.\n\n', 'Puppyhood: Probiotics Foster a Healthy Gut Microbiome': 'After they’re weaned, you can add probiotics to your puppy’s diet. This can help foster a healthy gut microbiome from the very beginning. Laying the groundwork for a healthy digestive system offers multiple benefits, perhaps the biggest of which includes preventing infectious diseases. After all, 70% of a dog’s immune system is in their gastrointestinal tract.\n\nAKC is a participant in affiliate advertising programs designed to provide a means for sites to earn advertising fees by advertising and linking to akc.org. If you purchase a product through this article, we may receive a portion of the sale.\n\nThe Cornell College of Veterinary Medicine notes that probiotics can go a long way in preventing infections like salmonella in dogs of any age. Other probiotics may focus on reducing stress from the inside out. A puppy free of gastrointestinal distress can focus more on socialization than dealing with discomfort.\n\n', 'Young Adult: Probiotics Offer a Multi-Pronged Health Approach': 'Don’t be fooled; even if your puppy has reached their full size, they’re still developing. As with puppies, probiotics can go a long way in supporting your dog’s immune system and metabolism, giving them the best possible start in life.\n\nAKC is a participant in affiliate advertising programs designed to provide a means for sites to earn advertising fees by advertising and linking to akc.org. If you purchase a product through this article, we may receive a portion of the sale.\n\nAdditionally, certain probiotic strains can prove beneficial for adolescent dogs who:\n\nProbiotics are safe when fed as instructed. If your dog has a compromised immune system, however, talk to your veterinarian before introducing anything new to their diet.\n\n', 'Adulthood: Probiotics Can Manage Allergies and Anxiety': 'Once your dog has matured into adulthood, the role of probiotics in their life may largely depend on their individual health profile and your goals as a responsible pet owner.\n\nAKC is a participant in affiliate advertising programs designed to provide a means for sites to earn advertising fees by advertising and linking to akc.org. If you purchase a product through this article, we may receive a portion of the sale.\n\nFor instance, suppose that you have a Golden Retriever who suffers from seasonal allergies. In that case, you may offer a probiotic supplement that reinforces the immune system, possibly decreasing the symptoms your dog experiences.\n\nIn another scenario, imagine that you have a nervous Italian Greyhound about to board a long flight in a pet carrier. Days in advance, you may start a probiotic regimen centered around promoting their gut health to reduce the likelihood of gastrointestinal distress, which can work to reduce their nerves when it’s time to travel.\n\nHealthy dogs can also benefit from probiotics. An ounce of prevention is worth a pound of cure when keeping infections, allergens, and microbial imbalances at bay.\n\n', 'Senior: Probiotics Offer Support for Age-Related Conditions': 'As your dog enters their golden years, they may start to experience various health conditions, such as diminished coat quality, diarrhea, and stress. These seemingly unrelated ailments may result from a microbial imbalance within their gastrointestinal system. But not to worry, probiotic supplements can play an instrumental role in keeping your dog looking (and feeling) their best.\n\nAKC is a participant in affiliate advertising programs designed to provide a means for sites to earn advertising fees by advertising and linking to akc.org. If you purchase a product through this article, we may receive a portion of the sale.\n\nConsider the following:\n\nThere are other probiotic strains that can help with cognition, memory, and proper nutrient absorption.\n\n', 'Probiotics vs. Antibiotics vs. Prebiotics: What’s the Difference?': 'Probiotics, antibiotics, prebiotics â€” are these different names for the same item? Not quite.\n\nAKC is a participant in affiliate advertising programs designed to provide a means for sites to earn advertising fees by advertising and linking to akc.org. If you purchase a product through this article, we may receive a portion of the sale.\n\nAs noted, probiotics refer to healthy gut bacteria found in your dog’s digestive system that help promote various bodily functions. Probiotics feed on prebiotics, fibers that dogs can’t digest.\n\nAntibiotics are the exact opposite. They’re scientific formulations designed to kill harmful bacteria, and often in the process, healthy probiotics. Furthermore, antibiotics are only available with a prescription after a veterinarian has diagnosed an infection caused by “bad” bacteria.\n\nProbiotic supplements generally contain prebiotics and are available both over the counter or with a prescription. Unlike antibiotics, these supplements can be the cornerstone of your dog’s diet rather than a direct response to infection.\n\n', 'Consult Your Veterinarian for More Information About Canine Probiotics': 'Probiotics can benefit any dog, regardless of their life stage. To maximize these microbes’ benefit, it’s important to use a strain that pairs with your dog’s health goals and age. Puppies will benefit more from probiotics geared toward building the foundation of their digestive and immune system, while senior dogs may gain from probiotics intended to support age-related health concerns.\n\nYour dog’s healthcare team is a great resource regarding any aspect of their well-being. In addition to probiotics, they can offer more insight into what measures could enhance your pet’s quality of life.\n\nAKC is a participant in affiliate advertising programs designed to provide a means for sites to earn advertising fees by advertising and linking to akc.org. If you purchase a product through this article, we may receive a portion of the sale.\n\n', 'We use cookies': '', 'Privacy Preference Center': ''}",[]
https://www.akc.org/expert-advice/health/activated-charcoal-for-dogs/,"Activated Charcoal for Dogs: Uses, Side Effects, and Alternatives","Dec 01, 2025","['charcoal', 'activated charcoal', 'dental']",Gemma Johnstone,"Even if you’re the most attentive pet owner, accidental ingestion of toxins by your dog can happen. Whether they’ve snaffled some chocolate, eaten your Advil, or had a bite of rat bait, taking prompt and appropriate action could save your pet’s life.

Activated charcoal can be an effective part of an emergency treatment plan for dog poisoning, since it helps to remove toxins from your pet’s system. However, it isn’t right for every case. Learn more about when activated charcoal for dogs can be helpful or harmful, and why it isn’t something to administer at home without veterinary advice.w

In This Article

","{'What Is Activated Charcoal, and How Does it Work?': 'Activated charcoal for dogs is an odorless, fine, black powder made through a high-temperature burning process that creates pores in charcoal particles, allowing them to trap other substances. Dr. Jessica Pritchard is a Clinical Associate Professor in Small Animal Internal Medicine at the UW-Madison School of Veterinary Medicine. She explains that activated charcoal works through a process called adsorption, where molecules adhere to the surface pores of the charcoal particles.\n\n“Activated charcoal has an exceptionally large surface area, which allows it to bind a wide range of toxins in the gastrointestinal (GI) tract before they can be absorbed systemically [body-wide],” Dr. Pritchard says. “It’s especially effective for substances that are large, non-polar, and have a high molecular weight.” These types of substances generally don’t dissolve well in water.\n\n', 'When to Use Activated Charcoal': 'Certain toxicants bind well to activated charcoal, according to Dr. Franciele Back, DVM, an Assistant Professor in Small Animal Emergency at the College of Veterinary Medicine at Oklahoma State University. She explains that dogs that have ingested substances with enterohepatic circulation (where they’re reabsorbed rather than excreted) may be good candidates for this type of treatment. When the substance binds to the activated charcoal, it interrupts this process.\n\nAKC is a participant in affiliate advertising programs designed to provide a means for sites to earn advertising fees by advertising and linking to akc.org. If you purchase a product through this article, we may receive a portion of the sale.\n\nDog poisoning cases that your veterinarian may administer activated charcoal for include:\n\nAKC is a participant in affiliate advertising programs designed to provide a means for sites to earn advertising fees by advertising and linking to akc.org. If you purchase a product through this article, we may receive a portion of the sale.\n\n', 'When Not to Use Activated Charcoal for Dogs': 'Activated charcoal isn’t a suitable treatment option for all cases of dog poisoning. Your veterinarian will consider various factors, including the type of toxin, the amount of time it has been in the system, and your dog’s medical history and overall health, before deciding on a treatment plan.\n\n“Charcoal is not effective for treatment of inorganic molecules (like iron), mineral acids, and alkali ingestion,” Dr. Back says. It doesn’t bind well to these substances. Your veterinarian isn’t likely to treat your dog with activated charcoal when they have ingested the following:\n\nAKC is a participant in affiliate advertising programs designed to provide a means for sites to earn advertising fees by advertising and linking to akc.org. If you purchase a product through this article, we may receive a portion of the sale.\n\nSome dogs aren’t good candidates for activated charcoal administration, especially if there is an increased risk of aspiration (when a dog inhales activated charcoal particles down the windpipe rather than the airway). This can lead to lung inflammation and pneumonia. Because of this, your veterinarian will choose alternative treatments if your dog is experiencing symptomatic vomiting, dehydration, or compromised airway protection. Dr. Pritchard says this includes dogs that are seizing, unconscious, or heavily sedated.\n\nAKC is a participant in affiliate advertising programs designed to provide a means for sites to earn advertising fees by advertising and linking to akc.org. If you purchase a product through this article, we may receive a portion of the sale.\n\nIn addition, veterinarians typically wouldn’t use activated charcoal as part of a poison treatment plan for dogs with:\n\nThe rate at which the reduction in effectiveness of activated charcoal occurs depends on the type of toxin ingested, its absorption rate, and your dog’s gastric motility. While it’s best to administer activated charcoal within an hour of toxin ingestion, in some cases, veterinarians may give it up to six hours later.\n\nAKC is a participant in affiliate advertising programs designed to provide a means for sites to earn advertising fees by advertising and linking to akc.org. If you purchase a product through this article, we may receive a portion of the sale.\n\nYou don’t need a prescription to purchase activated charcoal. However, when your pet ingests something toxic, always seek prompt veterinary advice. “This isn’t something that should be done at home with OTC charcoal pills, whose dose is often insufficient to address toxins,” Dr. Pritchard says. “Vets can also potentially administer other antidotes to poisons or make other antioxidant suggestions.”\n\nIf you can’t reach your veterinarian, contact the nearest emergency veterinary hospital or pet poison control helpline and follow their advice.\n\nAKC is a participant in affiliate advertising programs designed to provide a means for sites to earn advertising fees by advertising and linking to akc.org. If you purchase a product through this article, we may receive a portion of the sale.\n\n', 'How to Administer Activated Charcoal': 'Your veterinarian may administer activated charcoal on its own or with an added cathartic (sorbitol). Sorbitol has a laxative effect, helping to reduce the risk of the activated charcoal causing constipation. By speeding up your dog’s bowel movements, their system has less time to absorb toxins.\n\n“Ideally, for the first administration, it’s better that the patient is on fluids,” Dr. Back says. This is especially true when your veterinarian is giving a one-time dose of activated charcoal with sorbitol. Excess fluid loss through diarrhea or vomiting can increase the risk of hypernatremia (life-threateningly high levels of sodium in the blood).\n\nSuppose your dog isn’t alert enough to ingest the activated charcoal. In that case, Dr. Back explains that your veterinarian may administer it through a nasogastric tube, traveling from the nose to the stomach, which reduces the risk of aspiration pneumonia.\n\nAKC is a participant in affiliate advertising programs designed to provide a means for sites to earn advertising fees by advertising and linking to akc.org. If you purchase a product through this article, we may receive a portion of the sale.\n\nIn some cases, particularly for toxins with delayed release, multiple doses of activated charcoal may be administered over a longer period of time. Often, your dog will remain in the hospital for further treatment and monitoring. However, Dr. Back explains that if your dog is stable, your veterinarian may advise you on how to continue treatment at home, with guidance on dosage, and monitor for any signs of dehydration or constipation.\n\nWhen administering treatment at home, you would use activated charcoal in the form of a plain powder or liquid (without sorbitol) that you add to your dog’s food. “The effectiveness of the charcoal seems to be lower than giving it directly, but by mixing it with food, we can prevent it from going into the airway,” Dr. Back explains.\n\nThe dose administered depends on the type of toxin ingested, the size of your dog, and the activated charcoal product your veterinarian uses.\n\n', 'Side Effects of Activated Charcoal for Dogs': 'Activated charcoal is typically well-tolerated by dogs when administered correctly. However, side effects are possible. “Adverse effects include emesis [vomiting] with rapid administration, dehydration, hypernatremia [high sodium levels], constipation, or diarrhea,” Dr. Back says. Your dog’s stools may also appear dark or black, or they may have temporary staining around their mouth and chest.\n\nVomiting from activated charcoal administration increases the risk of your dog developing aspiration pneumonia. This side effect is one of the reasons treatment and monitoring in a veterinary hospital is best.\n\n', 'Other Uses For Activated Charcoal for Dogs': 'Activated charcoal is available in a range of over-the-counter products claiming to support dog gut health and dental hygiene. However, Dr. Pritchard says it isn’t something she recommends using outside of toxin management.\n\nAKC is a participant in affiliate advertising programs designed to provide a means for sites to earn advertising fees by advertising and linking to akc.org. If you purchase a product through this article, we may receive a portion of the sale.\n\n“Charcoal may reduce gas in some human studies, but the veterinary evidence is lacking,” she says. “For dental care, there are far more, and better, evidence-based options like mechanical brushing and Veterinary Oral Health Council-approved dental products.”\n\n', 'We use cookies': '', 'Privacy Preference Center': ''}",[]
https://www.akc.org/expert-advice/health/probiotics-dog-daily-routine/,How to Fit Probiotics into Your Dog’s Daily Routine,"Oct 29, 2025","['probiotics', 'routine']",Zesty Paws,"Paid Advertisement

Dogs experience digestive ups and downs just like we do. Whether it’s struggling to go potty or a rumbly tummy after eating, dogs count on you to help them feel better. One simple addition to your dog’s diet, probiotics, can make a huge difference.

Research continues to reveal exciting links between gut health and overall canine wellness. From smoother digestion to stronger immune support, probiotics can help keep your dog healthy, comfortable, and full of tail wags.

Here’s what probiotics are, why they matter, and easy ways to work them into your dog’s everyday life.

","{'What Are Probiotics?': 'Probiotics are live, beneficial bacteria that maintain balance in your dog’s digestive system. A dog’s gut is home to a busy community of microorganisms known as the gut microbiome.\n\nBy introducing “good” bacteria, probiotics help counter the “bad” ones and support healthy digestion. They aid in breaking down food, absorbing nutrients, and keeping the immune system strong.\n\n', 'Understanding Your Dog’s Gut': 'When the gut microbiome is balanced, it protects against harmful pathogens, produces essential vitamins, and supports the intestinal barrier. But factors such as stress, diet changes, age, medical conditions, or antibiotic treatments can upset this balance.\n\n', 'Signs Your Dog’s Gut May Need Support': 'Catching these symptoms early can help you take proactive steps to support dog gut health with probiotics:\n\nAKC is a participant in affiliate advertising programs designed to provide a means for sites to earn advertising fees by advertising and linking to akc.org. If you purchase a product through this article, we may receive a portion of the sale.\n\nAKC is a participant in affiliate advertising programs designed to provide a means for sites to earn advertising fees by advertising and linking to akc.org. If you purchase a product through this article, we may receive a portion of the sale.\n\n', 'Benefits of Probiotics for Dogs': 'So, are probiotics good for dogs? When given correctly, absolutely. A well-chosen probiotic supplement can support your dog from the inside out. Here’s how:\n\nOne of the main questions dog owners ask is, “what helps with dog digestion?” Probiotics are an excellent answer, as they help break down food more efficiently so your dog can absorb nutrients and maintain regular bowel movements. Some dogs experience less gas and bloating once probiotics become part of their diet.\n\nDid you know that approximately 70% of a dog’s immune system is in their gut? That’s a big deal, which is exactly why probiotics are recommended for dogs. Balanced gut bacteria can help the body identify and fight off pathogens to keep your dog feeling healthy.\n\nFor some dogs, it takes more than just regular grooming visits to maintain their adorable looks. Dog owners often notice a shinier coat and fewer hot spots after consistent probiotic use — which shows that the connection between gut health and skin condition is strong.\n\n', 'Picking the Right Probiotic': 'When asking, “can I give my dog probiotics?” it’s important to choose the right product. Several factors should guide your decision. After all, not all probiotic supplements are made equal. Here’s what to watch for:\n\nAKC is a participant in affiliate advertising programs designed to provide a means for sites to earn advertising fees by advertising and linking to akc.org. If you purchase a product through this article, we may receive a portion of the sale.\n\n', '©Laura - stock.adobe.com': '', 'Supplement Forms Available': 'Probiotics come in several convenient forms:\n\nAKC is a participant in affiliate advertising programs designed to provide a means for sites to earn advertising fees by advertising and linking to akc.org. If you purchase a product through this article, we may receive a portion of the sale.\n\n', 'Making Probiotics a Daily Habit': 'Adding probiotics to your dog’s daily routine can be simple and stress-free. The key is both consistency and finding the method that works best for your dog’s preferences.\n\n', 'Establishing a Routine': 'Offering probiotics at the same time every day helps good bacteria establish in their belly. In fact, many owners serve probiotics with every breakfast or dinner to avoid missing a day, while also protecting the live cultures as they move through the digestive system.\n\nIf you’re wondering, “should I give my dog probiotics every day?” the answer is typically yes. Daily supplementation gives dogs the best chance of experiencing benefits but follow the directions on the product label to avoid overdoing it.\n\n', 'Make It Fun & Enjoyable': 'Who says supplements have to be a chore? You can present soft chews as a special reward, mix powder into their favorite food, or stir a capsule’s contents into a little plain yogurt or low-sodium broth. Turning probiotics into a positive experience helps ensure you both stick with it and see the benefits you want.\n\n', 'Tips for Best Results': 'AKC is a participant in affiliate advertising programs designed to provide a means for sites to earn advertising fees by advertising and linking to akc.org. If you purchase a product through this article, we may receive a portion of the sale.\n\n', 'Monitoring Your Dog’s Response': 'As with any supplement, results don’t always happen overnight, so it’s always good to monitor your dog during the first week of use to see how they respond to their probiotics.\n\nAKC is a participant in affiliate advertising programs designed to provide a means for sites to earn advertising fees by advertising and linking to akc.org. If you purchase a product through this article, we may receive a portion of the sale.\n\nWith consistent use, some dog owners notice positive changes such as more consistent bowel movements, a healthier appetite, solid energy levels, fresher breath, and nice-looking skin and coat.\n\nOf course, some dogs may temporarily experience mild digestive changes when first starting probiotics, such as slightly softer stools or increased gas. If symptoms persist or worsen, discontinue use and reach out to your veterinarian for tips.\n\n', 'Healthier Gut, Happier Dog': 'Adding probiotics to your dog’s routine is a simple way to support lifelong health. From smoother digestion to a healthy immune system and good-looking skin, probiotics can help your dog feel their best every day.\n\nEvery dog is unique, so start slowly, stay consistent, and work with your veterinarian to choose the right product and dose. With the right probiotic and a steady routine, you can give your dog’s belly and their overall well-being a healthy boost for years to come.\n\n', 'We use cookies': '', 'Privacy Preference Center': ''}",[]
https://www.akc.org/expert-advice/health/immunotherapy-allergy-shots-for-dogs/,Immunotherapy (Allergy) Shots for Dogs: What to Know,"Nov 24, 2025","['allergies', 'immunotherapy', 'allergy shots']",Gemma Johnstone,"Does your dog experience uncomfortable, itchy skin flare-ups at certain times of the year? They could have atopic dermatitis. A sensitivity to airborne allergens, such as pollen or dust mites, causes this common skin disease.

Many traditional treatments for environmental allergies in dogs can be costly, lose their effectiveness over time, and have undesirable side effects. Allergen immunotherapy (commonly referred to as allergy shots for dogs) is the only treatment that addresses the underlying cause, helping to reduce symptoms or prevent them from worsening.

Allergy shots for dogs aren’t curative, and they require careful management. However, if you’re willing to put the work in, they’re a low-risk treatment option that can drastically improve your chronically itchy pet’s quality of life.

In This Article

","{'What Are Immunotherapy (Allergy) Shots for Dogs?': 'Allergen immunotherapy (AIT), also known as desensitization therapy, involves the gradual administration of increasing amounts of specific identified environmental allergens, such as pollen and dust mites, to your dog via injection or oral drops.\n\nAKC is a participant in affiliate advertising programs designed to provide a means for sites to earn advertising fees by advertising and linking to akc.org. If you purchase a product through this article, we may receive a portion of the sale.\n\nThe goal is to retrain your dog’s immune system to tolerate the allergens that trigger an exaggerated inflammatory response. This eliminates or reduces allergy symptoms, such as redness, itching, and secondary skin infections, or at least prevents them from worsening over time.\n\n', 'Benefits and Limitations of Allergy Shots for Dogs': 'Immunotherapy for dogs is a safe, long-term, and cost-effective environmental allergy treatment option with impressive long-term success rates when administered correctly. “On average, 60% to 70% of dogs see a notable improvement in clinical signs,” board-certified veterinary dermatologist Dr. Britt Levy explains.\n\nUnlike other allergy treatment options for dogs, immunotherapy is the only one that treats the underlying cause rather than solely addressing the symptoms. This is particularly helpful given that environmental allergies in dogs normally worsen with age. Plus, changing climate patterns mean we’re also seeing a rise in the frequency and severity of common pollen and dust mite allergy symptoms.\n\nAKC is a participant in affiliate advertising programs designed to provide a means for sites to earn advertising fees by advertising and linking to akc.org. If you purchase a product through this article, we may receive a portion of the sale.\n\nHowever, don’t expect allergy shots to be a miracle cure for your dog’s itching. Atopic dermatitis is a lifelong condition. “Only about 20% of patients are able to be maintained solely on immunotherapy,” Dr. Levy says. “Most patients either need to continue on their regular symptomatic treatment or at least on a lower dose or lower frequency or intermittently for flare-ups.”\n\nAlso, immunotherapy comes with significant financial and time commitments. You need to work closely with veterinary professionals throughout the process, and it can take six months to a year to see significant results.\n\nAKC is a participant in affiliate advertising programs designed to provide a means for sites to earn advertising fees by advertising and linking to akc.org. If you purchase a product through this article, we may receive a portion of the sale.\n\nIf you stick with it, your dog could be more comfortable long term. You can also make long-term savings by reducing your dog’s reliance on symptomatic treatments (anti-itch drugs Apoquel and Cytopoint aren’t cheap), and low-risk immunotherapy doesn’t come with the type of side effects steroids can.\n\n', 'When Do Vets Prescribe Allergy Shots for Dogs?': 'Dr. Levy explains that any dog with environmental allergies is a suitable candidate for immunotherapy. “I see patients who started on Apoquel or Cytopoint and were doing great, and then three years later, it’s not working anymore,” she says. “I also see patients who were on Apoquel, and then they develop cancer and can’t be on it anymore.”\n\nAKC is a participant in affiliate advertising programs designed to provide a means for sites to earn advertising fees by advertising and linking to akc.org. If you purchase a product through this article, we may receive a portion of the sale.\n\nShe also sees owners of large breed dogs who have financial difficulties, and these drugs (which can cost $100 to $200 a month) are cost-prohibitive. “I can’t speak for every practice, but immunotherapy at my practice for a large dog is about $60 a month.”\n\nIf your dog isn’t currently being treated for environmental allergies, your veterinarian first needs to rule out other types of skin allergies (fleas, mites or food) and causes of skin diseases. Next, they’ll thoroughly review your dog’s history and clinical signs before making a diagnosis.\n\n“It’s really important that you and your veterinarian have decided together to treat your pet’s environmental allergies with immunotherapy,” Dr. Levy says. She explains that the success of this time-intensive treatment largely depends on a strong partnership between you both. “If you have access to a veterinary dermatologist, that is often the best route to go,” she says. “However, if you can find a primary care veterinarian who [uses] immunotherapy, that could also be an option.”\n\nIf you decide to proceed with immunotherapy, your dog will need a specific intradermal (skin prick) or blood test.\n\nAKC is a participant in affiliate advertising programs designed to provide a means for sites to earn advertising fees by advertising and linking to akc.org. If you purchase a product through this article, we may receive a portion of the sale.\n\n“The reason you’re doing the test is not to find out what your dog is allergic to, but to know what to put in the allergy shots or drops,” Dr. Levy says. “Do not pay for this test unless you want to proceed with allergy immunotherapy.”\n\nYour primary care veterinarian can draw blood, which they send to a validated lab for analysis. Skin prick testing under sedation should only be carried out by a veterinary dermatologist. Dr. Levy explains that there are withdrawal periods for some drugs when skin prick testing, including antihistamines, steroids, and other rarely used medications, meaning your dog will need to temporarily stop taking these medications, under your veterinarian’s guidance. “It’s a common misconception that you need to be off Apoquel, Cytopoint, or Cyclosporine, but there are studies to support that this is not the case,” she says.\n\nLevels of antibodies in your dog’s blood vary significantly throughout the year. Dr. Levy recommends doing blood tests at the end of your dog’s bad allergy season to get the most helpful results.\n\nAKC is a participant in affiliate advertising programs designed to provide a means for sites to earn advertising fees by advertising and linking to akc.org. If you purchase a product through this article, we may receive a portion of the sale.\n\n', 'How to Administer Allergy Shots for Dogs': 'Based on the results of the blood or skin prick test, a tailored serum formula is made containing small quantities of specific allergen extracts. Your veterinarian will show you how to safely administer immunotherapy to allow you to follow the protocol at home.\n\nAdministration is by injection or sublingual drops (placed under the tongue). The injections are easy to administer, given less frequently, and take effect faster. There are also more studies supporting their efficacy. However, Dr. Levy says drops may be preferable if you have a fear of needles or concerns about sticking yourself, live alone and have a squiggly dog, or travel a lot and can’t refrigerate the vial.\n\nYou’ll give your dog a gradually increasing loading dose shot every few days to few weeks. After around 12 weeks, a maintenance dose is typically administered every few weeks. Drops are usually given twice a day, every day.\n\nWhen you require a new vial (usually every six months), you can collect this from the clinic or, in some cases, have it couriered to your home.\n\n', 'Side Effects of Allergy Shots': 'One of the benefits of allergy shots for dogs is that they’re very safe and well-tolerated. Dr. Levy explains that, unlike with human immunotherapy treatment, there isn’t a high risk of anaphylaxis.\n\nAKC is a participant in affiliate advertising programs designed to provide a means for sites to earn advertising fees by advertising and linking to akc.org. If you purchase a product through this article, we may receive a portion of the sale.\n\n“In a very small percentage of animals, we can see a minor histamine-mediated reaction,” she says. “Things like an increase in itching either very soon after the shot or one to two days later, or irritation or discomfort at the injection site.” Occasionally, there can be a more serious reaction, like nausea, vomiting or gastrointestinal upset.\n\n“Depending on what the dog is experiencing, we would either go more slowly, reduce the dose or add an antihistamine,” Dr. Levy says.\n\nHowever, if you do notice unusual signs, such as difficulty breathing, lethargy, pale gums, or weakness, contact your veterinarian immediately.\n\n', 'Long-Term Allergy Management': 'If your dog has success with immunotherapy, they may need allergy shots for the rest of their life to keep their atopic dermatitis under control.\n\n“I tell people, don’t expect to see any improvement or any change for at least six to nine months,” Dr. Levy says. “When I start a patient on immunotherapy, I make it mandatory that I see them, or have a telemedicine call at three, six, nine, and 12 months.” If there is no success after 12 months, your veterinarian will likely recommend discontinuing the treatment.\n\nAKC is a participant in affiliate advertising programs designed to provide a means for sites to earn advertising fees by advertising and linking to akc.org. If you purchase a product through this article, we may receive a portion of the sale.\n\nImmunotherapy is a living treatment that grows with your dog. “When we make the formula, we make our best approximation,” Dr. Levy says. “But let’s say we notice that every year your dog keeps flaring in March, what are we missing?” Your veterinarian may adjust the formula or protocol to better address what is triggering these flare-ups.\n\nDuring intermittent flare-ups, your veterinarian may recommend temporarily introducing or increasing symptomatic allergy treatments. This could include medicated baths, antihistamines, Cytopoint injections, or Apoquel. An emergency course of topical or oral steroids may be necessary for severe skin flare-ups.\n\n“My goal as a doctor is to aim for 80% control, 80% of the time,” Dr. Levy says. “We’re not looking for perfection, but if we can have your dog having a good quality of life 80% of the time, with a plan and a toolkit to manage those flare-ups, that is success.”\n\n', 'We use cookies': '', 'Privacy Preference Center': ''}",[]
https://www.akc.org/expert-advice/health/cefpodoxime-for-dogs/,"Cefpodoxime for Dogs: Uses, Side Effects, and Alternatives","Jun 01, 2026","['antibiotics', 'infections', 'wound', 'cefpodoxime']",Gemma Johnstone,"If your dog has an infected wound, your veterinarian may prescribe the antibiotic cefpodoxime. However, in this era of antibiotic resistance, it isn’t always the first line of defense. Learn more about when and how to use cefpodoxime for dogs, and why following your veterinarian’s instructions for administration is so important. Treating for the right duration with the correct dose, alongside appropriate wound care, can help promote a speedy recovery for your pet.

In This Article

","{'What Is Cefpodoxime?': 'Cefpodoxime, sold under the brand names Simplicef®, Vantin®, and Cefpoderm®, is an FDA-approved, veterinary-prescribed antibiotic for dogs. “Cefpodoxime is labeled for the treatment of skin infections (including wounds and abscesses) caused by susceptible bacteria in dogs,” says Dr. Christine Cain, Associate Professor of Dermatology at the University of Pennsylvania School of Veterinary Medicine. She explains veterinarians also sometimes use it off-label for other types of susceptible bacterial infections.\n\nThis oral antibiotic works by interfering with the cell wall development of bacteria, therefore affecting their ability to grow and multiply. Because cefpodoxime is a bactericidal agent, it isn’t suitable for treating infections of a fungal (yeast), parasitic, or viral nature, such as canine parvovirus, canine influenza, or canine distemper.\n\n', 'When Do Vets Prescribe Cefpodoxime to Dogs?': 'Cefpodoxime is most commonly used to treat bacterial skin infections (pyoderma) in dogs associated with Staphylococcus, a specific genus of Gram-positive bacteria. In some instances, veterinarians may also prescribe this antibiotic off-label to treat conditions such as respiratory, ear, or urinary tract infections in dogs. Staphylococcus aureus, Streptococcus canis, Escherichia coli, Pasteurella multocida, and Proteus mirabilis bacterial strains are all susceptible to cefpodoxime.\n\nAKC is a participant in affiliate advertising programs designed to provide a means for sites to earn advertising fees by advertising and linking to akc.org. If you purchase a product through this article, we may receive a portion of the sale.\n\nThis broad-spectrum antibiotic is effective against complex Gram-positive (characterized by thick cell walls) and Gram-negative (characterized by thin cell walls) bacterial infections. However, to limit the risk of antibiotic resistance, veterinarians often initially select a more narrow-spectrum antibiotic.\n\n“The most current (2025) guidelines for antimicrobial treatment of canine pyoderma from the International Society for Companion Animal Infectious Disease (ISCAID) classify cefpodoxime as a second-choice systemic antibiotic,” Dr. Cain explains. “This means that its use may be most appropriate with guidance from bacterial culture and antibiotic susceptibility test results and/or when treatment with topical antimicrobial therapy alone or a first-choice systemic antibiotic is not an option.”\n\nAKC is a participant in affiliate advertising programs designed to provide a means for sites to earn advertising fees by advertising and linking to akc.org. If you purchase a product through this article, we may receive a portion of the sale.\n\n', 'Limitations and Interactions': 'Cefpodoxime and other cephalosporin antibiotics aren’t effective treatment options for infections that are methicillin-resistant Staphylococcal. Dr. Cain says these are fairly common, especially in dogs that have gotten antibiotic treatments before, or didn’t show a good response to antibiotic therapy. In these cases, your vet will likely choose another systemic antibiotic to use after doing a bacterial culture, and an antibiotic susceptibility test on your dog.\n\nDr. Cain also explains that cefpodoxime may not be the best treatment option for these types of infections. It doesn’t have as much gram-negative coverage as some of the other drugs in the same class (third-generation cephalosporins). “Additionally, dogs that have had a previous adverse drug reaction or are hypersensitive to other cephalosporin antibiotics should not receive cefpodoxime,” she says.\n\nIf your dog has advanced liver or kidney disease, it’s possible to administer cefpodoxime. Your vet may prescribe a reduced dose. It won’t usually be prescribed to pregnant dogs, and is used with caution in nursing dogs or those with a history of seizures.\n\nSome medicines that may interact with cefpodoxime, such as famotidine, omeprazole (and other proton-pump inhibitors), probenecid, and warfarin. A vet also wouldn’t prescribe cefpodoxime for dogs that require diabetes urine glucose tests, since it can cause false positive results. Also, if your dog is taking antacids, they may decrease the effectiveness of cefpodoxime.\n\n', 'How to Administer Cefpodoxime to Dogs': 'Cefpodoxime for dogs is only available via a prescription from your veterinarian. Because it remains in the bloodstream for a while, you typically only need to administer one dose daily.\n\nAKC is a participant in affiliate advertising programs designed to provide a means for sites to earn advertising fees by advertising and linking to akc.org. If you purchase a product through this article, we may receive a portion of the sale.\n\nCarefully follow your veterinarian’s administration instructions in terms of dose (determined by your dog’s weight), frequency, and duration. “This is to ensure the best efficacy and to limit the potential for selection for antibiotic-resistant bacteria due to subtherapeutic drug concentrations or an inadequate duration of therapy,” Dr. Cain says. “It’s important for pet owners to remember that the signs of the infection may look better before the infection has been fully cleared and may relapse following early discontinuation of therapy.”\n\nIf you miss a dose of the medication, give it to your dog as soon as you remember. However, if it’s almost time for the next dose, skip the forgotten dose and administer the next dose as usual. Never give your dog two doses of cefpodoxime at the same time.\n\nAKC is a participant in affiliate advertising programs designed to provide a means for sites to earn advertising fees by advertising and linking to akc.org. If you purchase a product through this article, we may receive a portion of the sale.\n\nStore cefpodoxime tablets at temperatures between 68°F and 77°F (20°C and 25°C). Store liquid suspensions in the fridge for up to 14 days at temperatures between 35°F and 45°F (2°C and 8°C). When administering liquid forms of cefpodoxime, shake the bottle well before use.\n\nWhile a 7- to 10-day course of cefpodoxime is common, a longer course may be necessary for more severe infections.\n\n', 'What Are the Side Effects of Cefpodoxime?': '“Cefpodoxime is generally well-tolerated by most dogs, but can cause vomiting, diarrhea, appetite decrease or loss,” Dr. Cain says. When these signs are severe or prolonged, always consult with your veterinarian.\n\nRare severe allergic reactions require immediate veterinary attention. These include breathing problems, pale gums, fever, rash, or fainting.\n\n', 'Other Treatment Options': 'Veterinarians typically prioritize treating Staph bacterial skin infections with topical antimicrobial therapies, such as chlorhexidine antiseptic. “If a systemic antibiotic is needed, first-choice (more narrow-spectrum) antibiotic options include clindamycin, cephalexin (a first-generation cephalosporin), or amoxicillin/clavulanate,” Dr. Cain says. “Potentiated sulfonamides like trimethoprim/sulfamethoxazole can also be considered but have an increased potential for adverse effects:”\n\nAKC is a participant in affiliate advertising programs designed to provide a means for sites to earn advertising fees by advertising and linking to akc.org. If you purchase a product through this article, we may receive a portion of the sale.\n\nSome infections can be resistant to multiple types of antibiotics. Additionally, even if cefpodoxime worked previously, it may not be effective the second time around. While these infections aren’t necessarily more serious, they can be challenging to treat due to limited antibiotic options.\n\nDr. Cain says that, where possible, veterinarians should utilize bacterial culture and susceptibility testing to guide selection of systemic antibiotics. This testing is particularly important when there is a higher risk of bacterial resistance.\n\n“Increased risk of bacterial resistance includes the following: lack of response to a systemic antibiotic at an appropriate dose and with good client compliance; history of recurrent infections, repeated courses of systemic antibiotic therapy, or recent antibiotic therapy (within 6 months); or history of previous drug resistant infection for the dog or another animal/human in the household,” she says.\n\n'}","[{'question': 'Is cefpodoxime safe for all dogs?', 'answer': 'Most dogs tolerate it well, but it may not be suitable for dogs with certain allergies, pregnant dogs, or those with specific medical conditions. Your veterinarian will decide if it’s appropriate.'}, {'question': 'Can I stop cefpodoxime once my dog looks better?', 'answer': 'No. Stopping early can allow the infection to return and increases the risk of antibiotic resistance. Always complete the prescribed course.'}, {'question': 'What should I do if my dog vomits after a dose?', 'answer': 'Contact your veterinarian for guidance. They may recommend adjusting how the medication is given or exploring alternatives.'}]"
https://www.akc.org/expert-advice/health/keep-your-dog-safe-in-a-flood/,How to Keep Your Dog Safe in a Flood,"Oct 29, 2025","['emergency', 'disaster preparedness', 'bad weather']",Colt Dodd,"Floods can happen anywhere at any time. While some floods are the secondary result of predictable events, such as hurricanes and tropical storms, in some instances, floods can happen in a matter of minutes. So, how can you keep your dog safe? Hollie Stark, Outreach Program Manager for the Washington Emergency Management Division, says that preparation goes a long way in giving both you and your pet peace of mind.

In This Article

“Like any sort of disaster, keeping your pet safe is a lot like what we would do for any sort of dependent that we have in our household, whether it be a child or an aging parent,” she says.

Here’s what to know about preparing your dog for a flood and what to do if you’re separated.

","{'Research Your Area’s Weather Patterns and Climate': 'Understanding your area’s risk of flooding can help you form a plan specific to your region’s climate, seasonal weather patterns, and disaster relief infrastructure.\n\n“Floods can really happen across the nation, and so that’s one thing, don’t get complacent, make those plans way in advance,” recommends Stark. “Have those plans written down, and so that once you’re in that emergency situation, you’re not freaking out, you know exactly who to call, and you know how long the wait might be.”\n\nFlooding can happen as a result of:\n\nAKC is a participant in affiliate advertising programs designed to provide a means for sites to earn advertising fees by advertising and linking to akc.org. If you purchase a product through this article, we may receive a portion of the sale.\n\nConsulting your county’s emergency readiness division in advance can also help you develop a comprehensive emergency plan if a flood threatens your family’s safety.\n\n', 'Always Have a ‘Go Bag’ Packed and Ready': 'If you stay ready, you don’t have to get ready — and that certainly applies to emergency preparedness. Having a “go bag” that contains your dog’s essential items helps to reduce their anxiety, provide comfort, and allow you to focus on making other decisions, such as relocating to a pet-friendly emergency shelter.\n\nAKC is a participant in affiliate advertising programs designed to provide a means for sites to earn advertising fees by advertising and linking to akc.org. If you purchase a product through this article, we may receive a portion of the sale.\n\nBut what should be in a flood preparedness kit?\n\n“Include all the things that your dog would need to survive if you needed to evacuate your home in the event of a flood,” says Stark. “This may include collapsible bowls for food and water, the food that they would normally eat, treats that they might rely on for comfort or for behavior.”\n\nShe also recommends utilizing dog harnesses when possible because they can offer more control than a standard collar.\n\nIt’s also wise to pack your dog’s prescription medications. Ideally, you want everything you need to promote your dog’s health and well-being on hand.\n\n', 'Have Comfort Items Ready': 'Floods are already scary enough for people. For dogs, even those that love water, it can be nothing short of terrifying. Thankfully, nobody knows what comforts your pet more than you.\n\n“I have three children,” shares Stark. “They’re a lot older now, but when they were younger, we always talked about carrying a comfort item, so a favorite stuffed animal or blanket, and our dogs are really similar.”\n\nYour dog’s favorite treats, toys, and accessories can redirect their attention if flooding disrupts their routine or a loud thunderstorm triggers their anxiety. Calming diffusers that spray dog-appeasing pheromones (DAPs), noise machines, and creating a safe space can also reduce their stress.\n\nAKC is a participant in affiliate advertising programs designed to provide a means for sites to earn advertising fees by advertising and linking to akc.org. If you purchase a product through this article, we may receive a portion of the sale.\n\n“And then of course, there’s also products for anxious dogs,” says Stark. “There’s what they call ‘ThunderShirts‘ or a kind of weighted shirt that they can put on or wear that keeps their nerves calm.”\n\nYou may also consider putting a GPS-enabled collar on your dog. These products have become very popular because they allow owners to pinpoint their pets’ exact location.\n\n', 'Take Photos of Your Dog Both Wet and Dry': ""With their double coat and cream-colored fur, your Pomeranian might perfectly embody a lightly toasted marshmallow. That is, until they get wet. Then, you might feel like you’re looking at a completely different dog, or even a completely different animal!\n\nAKC is a participant in affiliate advertising programs designed to provide a means for sites to earn advertising fees by advertising and linking to akc.org. If you purchase a product through this article, we may receive a portion of the sale.\n\nHaving pictures of your dog, both wet and dry, goes a long way in helping them be identified by rescue volunteers, on social media, and even during your own search. Be sure to take pictures from multiple angles, including their top, side, and front. You can also take photos of your dog standing alongside objects, like a coffee table or their food bowls, to capture their height.\n\nStark says, “If you take your dog to the groomer, and they get showered, you could ask, ‘Hey, could you just snap a picture when they’re wet?'” Then, if you’re searching for your dog in an environment with heavy rain or floodwaters, you can share those photos, as well.\n\n"", 'Considerations if Flooding Separates You and Your Dog': 'There are many situations in which dog owners can be separated from their pets, including before, during, and after flood-related events. For example, an anxious dog may leap over the backyard fence to find safety after hearing thunder before a hurricane. In another scenario, the current from a strong tidal wave could lead to split-minute decisions where you must prioritize your own safety and seek high ground.\n\nStark offers some words of reassurance to those searching for their dogs after a flood. “Dogs, in general, have very good instincts for keeping themselves safe, and so the recommendation is to not try and swim after them and put your life in danger,” she says. “They have very strong instincts and will likely be able to find safety.”\n\n', 'Connect With Community Resources': 'Connecting with your community is one of the best ways to keep your dog safe. A great place to start is by contacting your local emergency department and asking for guidance about evacuation routes, pet-friendly emergency shelters, and other resources.\n\nAKC is a participant in affiliate advertising programs designed to provide a means for sites to earn advertising fees by advertising and linking to akc.org. If you purchase a product through this article, we may receive a portion of the sale.\n\n“Sit down and make those plans, and reach out to your local emergency managers,” recommends Stark. “The more you have in place before a disaster ever occurs — and it will, and it can anywhere — the more peaceful you and your pet are going to be.”\n\n', 'We use cookies': '', 'Privacy Preference Center': ''}",[]
https://www.akc.org/expert-advice/health/cytopoint-for-dogs/,"Cytopoint for Dogs: Uses, Side Effects, and Alternatives","Oct 08, 2025","['allergies', 'itching', 'medication']",Gemma Johnstone,"If you’re looking to relieve your dog’s discomfort when their allergies flare up, your veterinarian might suggest trying Cytopoint®. While it won’t cure allergies in dogs, this minimal side effect anti-itch injection may reduce your pet’s discomfort and constant scratching, chewing, and licking.

Read on to learn more about how Cytopoint for dogs works and its benefits and limitations.

In This Article

","{'What Is Cytopoint, and How Does it Work?': 'Cytopoint is a prescription injection designed to treat dogs with atopic dermatitis caused by environmental allergies. The active ingredient in Cytopoint is a monoclonal antibody (mAb) called lokivetmab. Board-certified veterinary dermatologist Dr. Britt Levy explains that this protein is designed to bind to and neutralize a specific molecule called canine interleukin-31 (IL-31). “This is a molecule that makes your dog itchy,” she adds.\n\nIn some cases, the injection can provide long-lasting relief from pruritus (itching), minimizing your dog’s discomfort during an allergic flare-up.\n\n', 'When Do Vets Prescribe Cytopoint?': 'Cytopoint is a well-tolerated treatment with minimal side effects. As a result, it’s an appealing alternative to the traditional options for allergy itch relief.\n\nAKC is a participant in affiliate advertising programs designed to provide a means for sites to earn advertising fees by advertising and linking to akc.org. If you purchase a product through this article, we may receive a portion of the sale.\n\nVeterinarians often suggest Cytopoint for dogs with allergies that experience itchiness but don’t have extreme symptoms. “The dogs that, in my opinion, are not great candidates for Cytopoint are the ones that have thick elephant skin, crusts all over, smell terrible, and are covered in infection,” Levy says.\n\nCytopoint is primarily designed to provide relief from allergic itching. However, Levy says that your veterinarian may also use it off-label to treat itching caused by other illnesses. “It’s been shown to be effective for itching due to scabies and in some forms of cancer,” she says. “If your dog is really itchy from cutaneous lymphoma, and they can’t be on Apoquel because it is contraindicated in cancer, you could try a Cytopoint injection,” she says.\n\n', 'Effectiveness and Limitations of Cytopoint': ""Numerous studies suggest Cytopoint is an incredibly safe option for managing environmental allergic itchiness. It has minimal side effects and can be used in conjunction with most other medications. However, it doesn’t work for all patients and won’t treat the underlying cause of the allergies.\n\nAKC is a participant in affiliate advertising programs designed to provide a means for sites to earn advertising fees by advertising and linking to akc.org. If you purchase a product through this article, we may receive a portion of the sale.\n\nLevy describes Cytopoint as one of the weaker treatments from an anti-inflammatory and immunomodulatory standpoint. “It has an amazing safety profile, so it can be used on puppies, senior dogs, and those that have cancer or chronic illness and are on a million other drugs,” she says. “But if your dog is puffy, bright red, and covered in infection, you may need a stronger drug with a greater anti-inflammatory effect.”\n\nLevy explains that Cytopoint works for about 60% to 65% of itchy dogs. “I tell people, ‘If we try, and it doesn’t last for at least three weeks, it’s likely not the best option for their dog,'” she says.\n\nPlus, for Cytopoint to be effective, it’s best to inject it at the very beginning of an allergic response. “Studies found that IL-31 is active pretty early on in the allergic response, so you don’t have a very long window to catch it,” Levy says. If a dog arrives at her dermatology practice already looking red and inflamed, she might try administering a Cytopoint injection. However, she’ll also give them 3 days of steroids to reduce the inflammation.\n\n"", 'How to Administer Cytopoint': 'Only a veterinary professional should administer Cytopoint. Your dog will receive a measured dose of this prescription allergy treatment via an under-the-skin injection. If effective, your dog’s itchiness should subside within one to two days.\n\nAKC is a participant in affiliate advertising programs designed to provide a means for sites to earn advertising fees by advertising and linking to akc.org. If you purchase a product through this article, we may receive a portion of the sale.\n\nYour veterinarian will help you determine how frequently your dog should receive a repeat dose of Cytopoint. However, this is typically every four weeks to keep chronic itching under control or immediately when you notice your dog starts itching again due to an allergic flare-up. In some cases of seasonal allergies, this may be as infrequently as a couple of times a year.\n\nLevy points out that Cytopoint might not be the best option if you have an anxious dog that is fearful of the injections or going to the vet. Plus, visiting the vet every month isn’t always the most practical option if you have a hectic schedule or live in a rural area.\n\n', 'Side Effects of Cytopoint': 'One of the main benefits of Cytopoint is its safety. Levy explains that because this antibody therapy targets a specific molecule, it doesn’t affect white blood cells or inflammation. You won’t have to worry about long-term side effects like increasing the risk for diabetes or infection, the way you do with some immunosuppressant drugs, like steroids. Plus, to date, there have been no reported interactions when using Cytopoint alongside other medications.\n\nWhile rare, some dogs can experience an allergic reaction to Cytopoint. Others may experience mild gastrointestinal symptoms or pain at the injection site immediately after treatment. Also, Cytopoint isn’t recommended for use in pregnant and nursing bitches as safety in this group hasn’t yet been established.\n\nAKC is a participant in affiliate advertising programs designed to provide a means for sites to earn advertising fees by advertising and linking to akc.org. If you purchase a product through this article, we may receive a portion of the sale.\n\n', 'Other Allergy Treatment Options': 'Don’t feel defeated if your dog doesn’t respond to a Cytopoint injection. There is a wide range of allergy treatment and supportive care options. Levy ranks allergy medications in order of strength, with Cytopoint being the lowest, followed by Apoquel, Cyclosporine, and Zenrelia — a new drug in the same class — then steroids, like prednisone. Topical creams and shampoos can also help protect and improve your dog’s skin.\n\nAKC is a participant in affiliate advertising programs designed to provide a means for sites to earn advertising fees by advertising and linking to akc.org. If you purchase a product through this article, we may receive a portion of the sale.\n\nHowever, Levy explains that these treatments don’t slow the inevitable progression of your dog’s allergies. Plus, the stronger the medications are, the more side effects they can have. “A lot of times, pet owners come to me saying that they feel like they’re just putting a Band-Aid on the problem, rather than treating the underlying condition,” she says.\n\nWorking with your veterinarian or a dermatology specialist to establish and address the cause of your dog’s allergies can be a more effective long-term strategy. However, it does require an element of patience and trial and error. For dogs with food allergies, a strict elimination diet may be necessary to identify safe ingredients.\n\nLevy explains that immunotherapy — specifically, allergy shots — is the gold standard treatment option for environmental allergies. Your veterinarian will first conduct blood or skin prick testing to establish your dog’s allergens. Next, they’ll regularly administer a bespoke immunotherapy treatment via drops or injection, gradually increasing the amount to train your dog’s immune system. Over time, your dog’s reaction to the allergens should lessen or stop altogether.\n\n', 'We use cookies': '', 'Privacy Preference Center': ''}",[]
https://www.akc.org/expert-advice/health/keeping-your-dog-safe-labor-day/,Keeping Your Dog Safe on Labor Day,"Aug 29, 2025","['fireworks', 'food', 'labor day']","Stephanie Gibeault, MSc, CPDT","Labor Day is a fun time to have a barbecue or picnic to soak up the last days of the summer sun. Although you may want to include your dog in the festivities, not all traditional Labor Day activities are enjoyable or safe for your dog. There are dangerous foods, the risk of overheating and dehydration, and fireworks which can cause your dog fear and anxiety. To ensure a smooth and hazard-free Labor Day celebration, make sure you consider the following.

Key Points

","{'Dangerous Foods for Dog Around Labor Day': 'Picnics and barbecues come with their fair share of food dangers. Items like skewers, corn on the cob, or cooked bones pose a choking hazard, and many foods you might enjoy are toxic to dogs such as grapes, chocolate, and onions. Other foods can cause gastrointestinal upset and diarrhea. It’s important to ensure your dog doesn’t eat anything that could harm them. Be sure to also keep your dog away from all alcoholic beverages.\n\nDr. Carly Fox, Senior Veterinarian in the Emergency & Critical Care Service at the Schwarzman Animal Medical Center recommends leaving your dog inside or crated in an area where they don’t have access to food left on the table. She also advises asking your guests in advance not to feed your dog. “Another easy thing to do is cover your garbage,” she says. “When the bins are full, take them out immediately. Do not leave tied, full, garbage bags on the floor awaiting final disposal. They are sitting ducks!”\n\n', 'Labor Day Picnic and Barbecue Hazards': 'In addition, a lit barbecue is a danger if your dog jumps onto the hot lid, grill, or outer shelves in search of food. Open fire pits are also risky as your dog could try to leap over or accidentally fall in. And never tie your dog to the grill. If they become excited or frightened, they could bolt, toppling the barbecue as they go. The safest approach is to block off the grill area, keep your dog indoors while you cook, or tie them up away from the action.\n\nAKC is a participant in affiliate advertising programs designed to provide a means for sites to earn advertising fees by advertising and linking to akc.org. If you purchase a product through this article, we may receive a portion of the sale.\n\nAlso watch out for dangerous backyard items your dog might eat or lick such as bug spray, pesticides, or sunscreen. Lighter fluid, matches, and charcoal briquettes can also pose a risk. Keep these items safely locked up or stored too high for your dog to knock over or get into. You might also have insect coils or citronella products on your deck, but these need to be kept out of reach of your dog. Dr. Fox adds that if your pet does get into something potentially dangerous, it’s important to contact your veterinarian to see if immediate action is required. A speedy response could save your dog’s life.\n\nAKC is a participant in affiliate advertising programs designed to provide a means for sites to earn advertising fees by advertising and linking to akc.org. If you purchase a product through this article, we may receive a portion of the sale.\n\n', 'Stay Vigilant Around Water': 'Although many dogs love to swim, don’t let your dog in a pool, lake, or river unsupervised at your Labor Day party. They could tire, making them unable to get out of the water, or they could get swept away by the tide or heavy currents. Your dog could also fall in a pool and not know how to get out. If you do take your dog swimming, make sure to use a properly fitted life jacket if they struggle to stay afloat or tire easily. Always use a life jacket if you take your dog boating.\n\nAlso watch your dog near ponds, swamps, and other bodies of water that could contain bacteria, blue-green algae, parasites, or other diseases. If your dog drinks that water, they could suffer stomach upset, diarrhea, or even pick up a disease like giardia. Be sure your dog always has access to fresh, clean water, so they’re less tempted to drink from potentially tainted water sources in the environment.\n\n', 'Watch Out for Sunburn and Heatstroke': 'Access to fresh water is also important to prevent dehydration in the heat. September’s temperatures can still be high and the sun strong which puts dogs at risk of heatstroke, which is a life-threatening condition. Walk your dog early in the morning before your Labor Day festivities or later in the evening as it will be cooler then. And Dr. Fox advises, never leave your dog in a hot car, even with the windows down. It can lead to death, even after just a short period of time.\n\nAKC is a participant in affiliate advertising programs designed to provide a means for sites to earn advertising fees by advertising and linking to akc.org. If you purchase a product through this article, we may receive a portion of the sale.\n\nShe also advises putting pet-safe sunscreen on your dog if they have white fur, thinning or sparse fur, or a dermatologic disease. Don’t forget bare areas like the ears, nose, and belly. This will prevent burns while your dog is out in the sun. It’s just as important to provide shade, so your dog can stay cool. Also, watch out for hot pavement and sidewalks, which can be hard on your dog’s paw pads.\n\n', 'Avoid the Anxiety Caused by Fireworks': 'Although they’re a common Labor Day activity, most dogs find fireworks incredibly stressful. Dr. Fox recommends leaving your dog at home if you plan on attending fireworks as you and your dog will both have a better time. “Leave them in a comfortable, familiar place with no access to the outside. If you are planning on hosting, set up a safe place for your dog inside. The area should have comfort items for them, no window access – ideally in the interior of the house.”\n\nOther tips from Dr. Fox include putting on music, a noise machine, or the TV to help drown out the noise. Exercising your dog and providing puzzle toys beforehand will also help as these will tire your dog out prior to the event, and a tired dog may feel less anxious. You can also consider antianxiety products like an anxiety vest or dog appeasing pheromones. If needed, veterinarian-prescribed oral medication can provide your dog with relief, but be sure to get this from your vet well in advance of the holiday.\n\nAKC is a participant in affiliate advertising programs designed to provide a means for sites to earn advertising fees by advertising and linking to akc.org. If you purchase a product through this article, we may receive a portion of the sale.\n\n', 'Ensure Your Dog Has a Microchip and an ID Tag': 'During the chaos of a Labor Day celebration, you might lose track of your dog. Or your dog could run off due to fear or stress. In fact, dogs are most likely to get lost when they run away in a panic during fireworks. That’s why Dr. Fox says, “Making sure your pet has a visible ID collar and a microchip, in case the collar gets lost or damaged, is imperative so that they can be safely reunited with you. Don’t forget to update your information associated with your pet’s microchip.”\n\nAKC is a participant in affiliate advertising programs designed to provide a means for sites to earn advertising fees by advertising and linking to akc.org. If you purchase a product through this article, we may receive a portion of the sale.\n\nWith all these tips, you can ensure a fun and incident-free holiday. It won’t be just you enjoying Labor Day. Your dog should have fun at the festivities, too!\n\n', 'We use cookies': '', 'Privacy Preference Center': ''}",[]
https://www.akc.org/expert-advice/health/dog-burns/,Caring for Dog Burns: Everything You Need to Know,"Oct 07, 2025","['wound', 'burns']",Gemma Johnstone,"If your dog jumps up for a cuddle on the couch and knocks a scalding cup of coffee over themselves, it can be panic-inducing for both of you. After taking a breath, it’s essential to take prompt action. The wound may appear to be a small, superficial burn. It could also be a large, full-thickness variety. Regardless, delaying appropriate treatment for dog burns can be dangerous. It can increase the risk of developing infections, nasty scarring, or other systemic problems.

Key Points

Learning about the types and severity of dog burns, as well as how to administer emergency first aid, can increase the chances of healthy healing and reduce the risk of serious complications.

","{'Why Is Dog Burn Care So Important?': 'Dr. Jamie Richardson is the Head of Veterinary Medicine at Small Door Vet. She explains that proper burn care is essential to prevent infection, minimize pain, and support healing. “Burn wounds compromise the skin’s natural barrier, making it easy for bacteria to enter and cause serious infections,” she says. “Without proper care, burns can worsen, heal slowly, and result in long-term complications like tissue damage or scarring.”\n\nSevere burns can also cause complications such as dehydration, shock, respiratory problems, organ damage, and heart failure, especially when left untreated.\n\n', 'Types of Burns in Dogs': 'Dr. Kathleen Ham is an Associate Professor of Soft Tissue Surgery in the Department of Small Animal Clinical Sciences at the College of Veterinary Medicine, University of Florida. She explains that the vast majority of dog burn wounds she sees are thermal (heat) burns, but they aren’t the only types.\n\nAKC is a participant in affiliate advertising programs designed to provide a means for sites to earn advertising fees by advertising and linking to akc.org. If you purchase a product through this article, we may receive a portion of the sale.\n\nKnowing the type of burn injury your dog has will help your veterinarian administer the most effective treatment.\n\nAKC is a participant in affiliate advertising programs designed to provide a means for sites to earn advertising fees by advertising and linking to akc.org. If you purchase a product through this article, we may receive a portion of the sale.\n\n', 'Severity of Burns in Dogs': 'The depth of your dog’s burns and the surface area they cover also influence the type of treatment your veterinarian will administer and the long-term prognosis. “Burns across a large surface area can result in a dog losing a lot of fluids, a lot of proteins,” Dr. Ham says. “Then, the dog can become very systemically sick.”\n\nThese burns only damage the top outer layer of skin (the epidermis). While superficial burns are often minor wounds that heal quickly, they can still be painful, red, and swollen.\n\nThese burns damage the second layer of skin (the dermis). These more serious wounds are incredibly painful. They often blister, and the skin and tissue can change color and texture. These wounds can take a few weeks to a few months to heal, and there is a greater risk of infection.\n\nFull-thickness burns damage all the skin layers and the subcutaneous fatty tissue that lies below the dermis. These burns don’t cause pain the same way as superficial and partial-thickness burns, but only because they destroy nerve endings. The burn area can be red, white, or black, and healing can take months and there will be permanent scarring. Because it can take time for the overlying skin to die, pet owners can underestimate the severity of full-thickness burns.\n\n', 'Dog Burn Wound Emergency First Aid': 'Administering emergency first aid can be a crucial step in halting or slowing the progression of burn wounds. It can also reduce pain, inflammation, and the risk of infection.\n\nAKC is a participant in affiliate advertising programs designed to provide a means for sites to earn advertising fees by advertising and linking to akc.org. If you purchase a product through this article, we may receive a portion of the sale.\n\nAKC is a participant in affiliate advertising programs designed to provide a means for sites to earn advertising fees by advertising and linking to akc.org. If you purchase a product through this article, we may receive a portion of the sale.\n\n', 'What Not to Do When Caring For Dog Burns Wounds': 'Here are some things you should avoid when caring for dog burns.\n\n', 'Should Your Vet Assess All Dog Burns?': 'Seeking emergency veterinary care is essential for deep burns or those covering the face or eyes or a large surface area of the body.\n\nAKC is a participant in affiliate advertising programs designed to provide a means for sites to earn advertising fees by advertising and linking to akc.org. If you purchase a product through this article, we may receive a portion of the sale.\n\nWhile you can often manage smaller, superficial dog burns conservatively at home, it’s still best to seek veterinary advice. “Even minor burns can be deceptive — what looks small on the surface may involve deeper tissue damage,” Dr. Richardson says. “Pain management is also critical, as burns are very painful. A veterinarian can guide proper wound care, assess the depth of injury, and prescribe antibiotics or pain relief if needed.”\n\nDr. Ham also recommends having the burn assessed immediately. “Sometimes the extent isn’t going to be apparent for several days,” she says. “You can work with your vet to reassess and determine if it is getting worse and, when it is deep, if it requires surgical debridement [removal of dead, damaged or infected tissue].”\n\nTreatment for more severe burns could include wound dressing, fluid therapy, pain management, skin grafts, or treatment for smoke inhalation.\n\n', 'Ongoing Dog Burn Wound Management': 'Always follow your veterinarian’s advice for ongoing, at-home dog burn care, and don’t hesitate to reach back out if you have any concerns. “If your dog seems uncomfortable, stops eating, or the wound isn’t visibly improving after a few days, it’s time to consult your vet,” Dr. Richardson says.\n\nAKC is a participant in affiliate advertising programs designed to provide a means for sites to earn advertising fees by advertising and linking to akc.org. If you purchase a product through this article, we may receive a portion of the sale.\n\nBelow is some general guidance that your veterinarian may provide.\n\nIncreased redness, swelling, discharge, foul odor, heat, or pain at the wound site are all changes that merit concern.\n\nIn the case of deep partial- or full-thickness burns, the wound surface can develop hard, leathery, black, dead tissue known as eschar. Dr. Ham explains that eschar can take a few days to develop, but if you see this, you should return to the vet. Leaving this on the wound can impede healing and harbor infection. It often requires removal in a process known as surgical debridement.\n\n“Aloes, hydrogels, or silver sulfide creams are things a lot of pet owners have in their homes,” Dr. Ham says. Applying a layer of these before covering the wound can help keep the tissue moist, promote faster healing, minimize scarring, and reduce the risk of infection. Medical-grade manuka honey is another popular option because of its antibacterial properties.\n\nNever apply any topical treatments without consulting your veterinarian. What is appropriate will depend on the type and severity of the burn wound, and you risk making it worse or causing pain for your dog by applying the wrong treatment or using it in the wrong way.\n\nAKC is a participant in affiliate advertising programs designed to provide a means for sites to earn advertising fees by advertising and linking to akc.org. If you purchase a product through this article, we may receive a portion of the sale.\n\nHealing burn wounds can be uncomfortable and itchy. Using a dog cone or medical pet shirt may help prevent your dog from scratching or nibbling at the wound site.\n\nIf bandages are covering your dog’s wounds, keep these as dry and clean as possible. Typically, your veterinarian will perform bandage changes.\n\n', 'How to Reduce the Risk of Dog Burns': 'While it’s impossible to 100% prevent your dog from getting burned, there are some things you can do to reduce the risk of an accident occurring.\n\n', 'We use cookies': '', 'Privacy Preference Center': ''}",[]
https://www.akc.org/expert-advice/health/dog-arthritis-pain/,New Hope for Treating Dog Arthritis Pain,"Apr 23, 2026","['arthritis', 'osteoarthritis']",Synovetin OA,"Paid Advertisement

“Cinder,” a black Labrador Retriever, was always a fun-loving, joyful dog. Her owner, Terry Ellison, describes her as “my silly, happy, bouncy girl.” Until she was about 5 years old, Cinder enjoyed participating in agility competitions. But then, Ellison started noticing that the formerly eager canine athlete was starting to hang back on the obstacle course.

“Cinder is one of those dogs who doesn’t have a sense of self-preservation,” Ellison says. “We knew something was really wrong when she showed a reluctance to jump.” It wasn’t long until Cinder was diagnosed with osteoarthritis (OA), one of the most common and painful joint conditions in dogs.

","{'Arthritis in Dogs: Common and Challenging to Treat': 'Like Ellison, you may notice changes in how your dog moves. Are they limping, lagging behind on walks, or having difficulty going up and down stairs or walking on slick floors? These are common signs of dog arthritis.\n\nAKC is a participant in affiliate advertising programs designed to provide a means for sites to earn advertising fees by advertising and linking to akc.org. If you purchase a product through this article, we may receive a portion of the sale.\n\nThe heartbreaking part of Cinder’s story is that it’s all too common. At least one in four adult dogs – and up to 80% of senior dogs in the US – suffer from arthritis joint pain. It’s one of the most common causes of chronic pain in dogs. The typical treatments, like pain relievers and supplements, mostly address the symptoms, but not the cause.\n\nIn the past, dog arthritis was thought of as a “wear-and-tear” disease that mainly affected older dogs. Now, researchers and experts understand that it’s really a disease of ongoing inflammation inside the joint. This inflammation not only causes the pain of arthritis, it also causes the cartilage lining that cushions the joint to break down over time.\n\nUnfortunately, this typically starts in otherwise healthy young dogs, like Cinder. But it usually isn’t treated until the disease has gotten to a point where the resulting pain is taking a toll on their ability to move comfortably. If treatment only addresses the symptoms but not the underlying inflammation, the disease just continues to worsen over time. This leads to more pain, joint damage, and mobility problems, that can seriously lower a dog’s quality of life.\n\n', 'Time for A Different Approach': 'In Cinder’s case, Ellison agreed to try numerous canine OA treatments, including NSAIDs, supplements, and joint injections. Unfortunately, none of them made much of a difference, and the arthritis kept progressing. “You could see how unhappy she was. She had a downtrodden look to her,” Ellison recalls. “She didn’t want to come out of a dark bedroom, not even to eat.”\n\nAKC is a participant in affiliate advertising programs designed to provide a means for sites to earn advertising fees by advertising and linking to akc.org. If you purchase a product through this article, we may receive a portion of the sale.\n\nEllison’s veterinarian suggested trying Synovetin OA®, a newer approach to dog arthritis. It changed everything for Cinder. In the first three days following treatment, she was walking again. Three to four weeks later, she was running around with the family’s other labs and initiating play.\n\nIndividual results vary, depending on the dog and how far the arthritis has progressed. Synovetin OA goes beyond simply managing symptoms by masking pain. It targets the underlying inflammation and reducing pain at the source, while also preserving joint health.\n\nSynovetin OA is given by a one-time injection into the affected joint that takes just minutes. It delivers targeted microscopic medical particles (called tin-117m) to deactivate and remove the damaging cells that cause inflammation, pain, and joint damage. It’s similar to the medical radiotherapy that’s routinely used to effectively treat numerous medical conditions in people.\n\nAKC is a participant in affiliate advertising programs designed to provide a means for sites to earn advertising fees by advertising and linking to akc.org. If you purchase a product through this article, we may receive a portion of the sale.\n\nThis approach offers advantages to veterinarians and dog owners alike:\n\n', 'The Potential to Slow Arthritis Progression': 'The key component in Synovetin OA, tin-117m, has been extensively studied. Scientists examined results from separate studies on rodents and in dogs.\n\nResearch in rats showed a powerful positive disease-modifying effect, meaning that tin-117m was found to interrupt the progression of arthritis joint damage.\n\nClinical trials in dogs with elbow arthritis showed up to one year of continual pain relief and joint improvement. This was even after all of the tin-117m particles had become inactive in the joint.\n\n', 'New Hope for Dogs Suffering from Arthritis': 'For veterinarians and dog owners like Ellison, Synovetin OA is offering new hope. As an “inflammation-forward” treatment, it provides significant improvement to a dog’s comfort and mobility at all stages of the disease. It’s especially beneficial in the early stages of arthritis, when the targeted action provides the best chance to relieve pain and break the vicious cycle of inflammation that causes disease progression.\n\nAKC is a participant in affiliate advertising programs designed to provide a means for sites to earn advertising fees by advertising and linking to akc.org. If you purchase a product through this article, we may receive a portion of the sale.\n\nIn Cinder’s case, this approach made all the difference. For the millions of dogs facing similar struggles, innovations like Synovetin OA are providing new opportunities to prevent joint destruction and help these beloved pets continue to live active, playful lives. “Cinder has now been treated three times with Synovetin OA, and each time it has given her more than one year of relief,” says Ellison. “I have a happy, healthy, active, and pain-free dog again.”\n\n', 'We use cookies': '', 'Privacy Preference Center': ''}",[]
https://www.akc.org/expert-advice/health/bladder-cancer-in-dogs/,"Bladder Cancer in Dogs: Symptoms, Tests, Treatment, and Prevention","Aug 21, 2025","['cancer', 'urine', 'bladder cancer']",Colt Dodd,"Nobody wants to learn that their dog has cancer, much less bladder cancer. Bladder cancer in dogs is a serious, potentially fatal condition that affects how a dog urinates. Thankfully, in recent years, advances in veterinary science have yielded a wider range of treatment options, with some interventions able to help affected dogs thrive for years.

Key Points

Learn more about the signs, treatments, and prevention of canine bladder cancer.

","{'What Is Bladder Cancer?': 'Dr. Shelly Vaden, DVM, is a professor of nephrology and urology at North Carolina State University’s College of Veterinary Medicine. She is also a founding member of the American College of Veterinary Nephrology and Urology, a specialty college committed to advancing the study of kidney and urinary medicine through education, research, and hands-on training.\n\nOver the course of her career, Dr. Vaden has seen bladder cancer transform from a life-ending diagnosis to one that could benefit from targeted treatment and early intervention.\n\n“We’ve always thought of bladder cancer as being this kind of devastating disease that causes urethral obstruction and eventually irritable ureteral obstruction, which is to say that the outflow of urine from the kidney to the bladder is obstructed,” she explains. “But what we kind of recently found is that maybe there’s a subset of dogs where it’s more indolent, and we’ve had dogs that with bladder balances that we followed that lived for years … It’s a spectrum of disorders in these dogs.”\n\nBladder cancer isn’t the most common type of canine cancer, only accounting for 2% of diagnoses. While any dog is vulnerable to this condition, some breeds are at a higher risk.\n\nAKC is a participant in affiliate advertising programs designed to provide a means for sites to earn advertising fees by advertising and linking to akc.org. If you purchase a product through this article, we may receive a portion of the sale.\n\n“The most common breed is the Scottish Terrier,” Dr. Vaden says. “We also see it in Beagles, we see it in Shetland Sheepdogs, [and] West Highland White [Terriers]. They’re more predisposed, so much they have a higher frequency than the rest of the population.”\n\n', 'Symptoms of Bladder Cancer': 'Often, the symptoms of bladder cancer overlap with those found in more common urinary tract infections (UTIs). In fact, many cases of bladder cancer are initially diagnosed as UTIs and are only examined further when antibiotics prove unsuccessful.\n\n“You should see resolution of the signs within 24 to 48 hours,” Dr. Vaden says. “So, if [owners are] not seeing resolution after 48 hours, they need to reach out and address that with their veterinarian.”\n\nAside from painful urination, straining to urinate, and poor-quality streams, bloody urine is another symptom of bladder cancer.\n\n“Blood in the urine should always take an owner to the veterinarian,” says Dr. Vaden. “It could be a urinary tract infection, but that could also be a sign of bladder carcinoma.”\n\n', 'Prognosis for Bladder Cancer': 'The prognosis for bladder cancer depends on many factors, including the dog’s age, their quality of life, and the stage of the cancer.\n\n“When we’re diagnosing them very early, they’re living for years,” Dr. Vaden says. But this isn’t always the case, unfortunately. “It’s just highly variable,”\n\nYou may consider implementing a palliative care plan if your dog’s cancer has metastasized to other parts of the body, such as the lymph nodes, bones, liver, and lungs. Your vet may recommend prioritizing your dog’s comfort rather than aiming for recovery. In advanced cases, they may recommend euthanasia, which can be performed at home with the help of a veterinary professional.\n\nOther treatment options include:\n\nAKC is a participant in affiliate advertising programs designed to provide a means for sites to earn advertising fees by advertising and linking to akc.org. If you purchase a product through this article, we may receive a portion of the sale.\n\n“There is a spectrum of how long you’d expect dogs to respond,” Dr. Vaden says. “You know, they’re not going to live as long with nothing, a little bit longer with non-steroidal, a little bit longer with chemotherapy, [and] the longest with radiation therapy.”\n\n', 'Preventing Bladder Cancer': 'Although research hasn’t yet established a definitive cause and effect to bladder cancer, it has revealed some links. For example, Dr. Vaden notes that smoking indoors can increase a dog’s risk of developing bladder cancer.\n\n“Even firefighters have a higher incidence of bladder cancer from smoke. So, smoke’s bad,” she says. “Cigarette smoke and passive inhalation of cigarette smoke makes bad for the bladder. And then there are other environmental toxins, too, that we’re just starting to kind of unveil.”\n\nAnother prevention method doesn’t relate to preventing the development of bladder cancer but instead making an informed decision when purchasing from an ethical breeder. Depending on the breed and parent club requirements, breeders may conduct and show evidence of genetic testing. One of those tests may include the BRAF test, which screens for the mutation connected to bladder cancer. If a puppy parent tests for this mutation, they shouldn’t be bred, even if they don’t have symptoms and are otherwise healthy.\n\nAKC is a participant in affiliate advertising programs designed to provide a means for sites to earn advertising fees by advertising and linking to akc.org. If you purchase a product through this article, we may receive a portion of the sale.\n\n', 'Importance of Consulting Your Dog’s Veterinarian': 'If you notice anything unusual regarding your pet’s urination, make note of any abnormalities and consult their veterinarian. However, if you notice blood in your dog’s urine, or your dog stops eating, you should seek immediate veterinary attention. These symptoms could signify kidney failure, which can become life-threatening without treatment.\n\n“Just know that there are things out there that can be done, and a lot of these are very expensive,” Dr. Vaden remarks. “Getting pet insurance if you have a new puppy now is really helpful, because you know, some of these major expenses as they get older can be really alleviated if [owners] have pet insurance.”\n\n', 'We use cookies': '', 'Privacy Preference Center': ''}",[]
https://www.akc.org/expert-advice/health/frequent-vet-visits/,Coping with Frequent Vet Visits for Your Dog,"Aug 06, 2025","['chronic pain', 'chronic illness']",Colt Dodd,"It’s completely understandable to feel frightened, overwhelmed, or just plain sad after learning your dog has a chronic health condition. After all, they’ve always been there for you. In addition to frequent vet visits, you may be confronted with a life without them, or a life that now revolves around administering medications, experimenting with different treatments, or planning for the inevitable.

In This Article

","{'Emotionally Coping With Your Dog’s Chronic Illness': 'For dog owners, whether puppies or seniors, chronically sick or terminally ill, here’s some reassuring news: there’s power in having a solid support system. This network extends beyond your friends and family. Veterinary professionals and mental health counselors can help you and your dog transition to this new chapter. Beyond that, monitoring your dog’s symptoms, adhering to a schedule, and practicing self-compassion can help give your dog the best quality of life, just as you’ve always done.\n\nChronic medical conditions in dogs can run the scope of inflammatory bowel disease, which can be managed with a curated diet and medication regimen, to certain types of cancer, may focus on aggressive treatment to palliative care. Certain congenital conditions may also require intensive medical care from the start of a dog’s life.\n\nAKC is a participant in affiliate advertising programs designed to provide a means for sites to earn advertising fees by advertising and linking to akc.org. If you purchase a product through this article, we may receive a portion of the sale.\n\nLiz Adams is very familiar with such conditions. Her German Shepherd, “Kayman,” was born with dilated cardiomyopathy (DCM), megaesophagus, and neurological disorders.\n\n“He wasn’t supposed to make it to his second birthday — he lived to 3,” Adams recalls. “He had his own bed, his spot on the couch, carefully prepared meals, and more accommodations than most humans get. He bonded more with my other dogs than with me, but he was safe, loved, and truly lived, which is what mattered.”\n\n', 'What Is Compassion Fatigue?': 'As the current owner of another special needs dog, she acknowledges that owning a chronically ill pet isn’t easy. It’s normal to struggle with “compassion fatigue,” which is emotional exhaustion from caregiving. But when she finds the matter weighing on her, she takes a moment to reflect.\n\n“Compassion fatigue is real, so I check in with myself,” Adams says. “When a certain level of exhaustion hits, I know I need to ask for help. It can be heartbreaking, too, but when I need perspective, I think about how my dogs might have had to spend their lives.”\n\nAKC is a participant in affiliate advertising programs designed to provide a means for sites to earn advertising fees by advertising and linking to akc.org. If you purchase a product through this article, we may receive a portion of the sale.\n\n', 'Your Mental Health Is Just as Important': 'Beth Bigler is an educator, pet grief counselor, and author of the book “Honoring Our Animals: 365 Meditations for Healing After Pet Loss.” Caring for an ailing pet demands more than just your mental health, she says. It asks everything from your mind, body, and soul, and this can make you feel untethered from the situation. Yet, as challenging as this time may seem, Bigler emphasizes the importance of staying grounded.\n\nAKC is a participant in affiliate advertising programs designed to provide a means for sites to earn advertising fees by advertising and linking to akc.org. If you purchase a product through this article, we may receive a portion of the sale.\n\n“The first step is giving yourself permission to not have all the answers. You don’t need to be perfect, you just need to be present,” she says. “Then, anchor yourself with practical tools. I often recommend quality-of-life trackers to help you see patterns more clearly and reduce decision-making anxiety. Tracking can offer perspective on good days versus hard days and take pressure off your memory, which can be distorted by stress.”\n\nBigler offers another tip: knowing when to reach out to your support network.\n\n“It also helps to delegate. Ask a trusted friend to take notes during vet visits or create a shared care calendar with reminders and medication logs. You are not meant to do this alone,” she says.\n\n', 'The Importance of Monitoring Your Dog’s Symptoms': 'Monitoring your dog’s overall health has many benefits. For starters, it helps ensure that your dog can get emergency vet care when they need it. Symptoms such as shortness of breath, weakness, and pale gums shouldn’t be left to resolve on their own. Even if your dog has powered through such symptoms before, you never want to risk their health and should always contact a veterinarian with any concerns.\n\nAKC is a participant in affiliate advertising programs designed to provide a means for sites to earn advertising fees by advertising and linking to akc.org. If you purchase a product through this article, we may receive a portion of the sale.\n\nAdditionally, understanding the scope of your dog’s symptoms can also help you see whether they’re truly enjoying life. This understanding can help you feel more confident your decisions regarding their health, whether that includes changing their routine or scheduling a vet appointment.\n\n“I often suggest tracking [a dog’s] quality of life. Not only their physical state, but how they seem emotionally and in connection with you,” Bigler recommends. “Are they still finding small joys? Can they rest comfortably? Do they still feel like themselves, even in a quieter or more limited way?”\n\nThis is how Adams operates with her dog, “Mister Biggs,” a mixed breed who is deaf and diagnosed with arthritis, a collapsed trachea, and cancer. Despite his limitations, he wholeheartedly enjoys short walks on sunny days with the help of his supportive harness, along with lying in the grass to keep a close eye on rabbits.\n\n“Biggs walks on his own (with the exception of stairs), doesn’t show signs of pain when he’s moving around, asks for belly rubs, and plays with my cat (his best fur friend). When those behaviors stop, or he’s hurting trying to do any of them, I think it’s time to say goodbye,” Adams says.\n\n', 'Tips for Helping Your Dog Feel Comfortable At Home': 'Helping your chronically ill dog remain comfortable depends on, well, your dog. It may take some experimentation to meet your goals. For example, with some trial and error, Adams found that her megaesophagus-afflicted German Shepherd took to hand-feeding better than being fed in an upright Bailey chair. With Mister Biggs, she’s found that eating wet, canned food reduces his coughing significantly.\n\nAKC is a participant in affiliate advertising programs designed to provide a means for sites to earn advertising fees by advertising and linking to akc.org. If you purchase a product through this article, we may receive a portion of the sale.\n\nAdams shares another way she has incorporated Mister Biggs’ special needs into her day-to-day life.\n\n“Every morning, he goes outside, and I help him down the stairs,” she says. “He goes sideways, and I lift his back legs for each step down. Once he’s in the yard, he walks around on his own. He barks when he’s ready to come in. I help him back up the stairs by lifting his rear while he hops with his front legs.”\n\nBigler offers further insight into helping an ailing dog feel comfortable. She emphasizes keeping a business-as-usual attitude and being mindful of your emotions when interacting with them.\n\nAKC is a participant in affiliate advertising programs designed to provide a means for sites to earn advertising fees by advertising and linking to akc.org. If you purchase a product through this article, we may receive a portion of the sale.\n\n“Stick to your typical routines as much as possible. Keep their meals, walks, cuddle times, and resting places predictable. Familiarity is grounding for dogs, especially when their body is changing,” Bigler says. “Focus on what brings comfort to both of you. That might mean resting in your usual spot, offering gentle touch, or listening to a song that always felt like home.”\n\n', 'Treasure the Moments You Have with Your Dog Now': 'The years pass differently for dogs than for humans, and even differently for chronically ill dogs. Yet, Bigler notes that owners should take comfort in the time they have with their pets right now, rather than worry about running out of time.\n\n“Dogs don’t experience time the way we do,” she says. “They’re not thinking about next week. They’re responding to what’s happening right now. Your steady, grounded presence can be one of the greatest gifts you offer them during this time.”\n\nDr. Jerry Klein, Chief Veterinarian for the American Kennel Club reminds people that, “Remember, animals are lucky: they don’t know their diagnosis.”\n\n', 'We use cookies': '', 'Privacy Preference Center': ''}",[]
https://www.akc.org/expert-advice/health/cooling-mats-for-dogs/,Everything to Know About Cooling Mats for Dogs,"Nov 14, 2025","['summer', 'cooling mat', 'hot weather']",Colt Dodd,"Dogs struggle with keeping cool when it gets hot. They only have a few ways of beating the heat: panting, blood vessel expansion, and, to a lesser extent, sweating through their paws. If a dog’s body temperature exceeds 105 degrees Fahrenheit (F), they can suffer hyperthermia, a serious condition that can lead to organ failure and other life-threatening complications.

So, as temperatures rise and humidity builds, are the dog days of summer canceled? Not quite. Cooling pads, mats, and other products are great tools to have on hand to help your dog stay comfortable on hot days.

While beneficial, cooling mats shouldn’t be used as a substitute for adequate hydration, sun protection, or frequent breaks. They’re just one facet of ensuring your dog can make the most of their time outdoors.

In This Article

","{'How Do Cooling Products for Dogs Work?': 'Many cooling pads, mats, and beds rely on:\n\nAKC is a participant in affiliate advertising programs designed to provide a means for sites to earn advertising fees by advertising and linking to akc.org. If you purchase a product through this article, we may receive a portion of the sale.\n\nThe intensity and duration of the cooling itself depend on many factors, and these elements can vary from product to product. Your budget, dog’s needs, and local climate should guide your decision when making an informed purchase.\n\n', 'The Benefits of Cooling Mats and Beds for Dogs': 'There’s no such thing as being overly cautious or considerate when promoting your dog’s comfort, especially when high temperatures pose a threat to their safety. The main benefit of cooling mats, as the name implies, is to keep your dog cool. By extension, this:\n\nAKC is a participant in affiliate advertising programs designed to provide a means for sites to earn advertising fees by advertising and linking to akc.org. If you purchase a product through this article, we may receive a portion of the sale.\n\nBeyond promoting your dog’s comfort and safety, a cooling pad may also add some variety to your dog’s activities, offering a wider range of textures, temperatures, and sensations as they explore.\n\n', 'Which Dogs Can Benefit from Cooling Mats?': 'Every dog can benefit from an effective cooling mat. However, there are some dogs more likely to benefit than others. For example, some dogs become more sensitive to extreme temperatures as they age and may need help maintaining a stable body temperature. Additionally, some breeds, such as short-snouted and double-coated dogs, can struggle with keeping cool more so than others.\n\nAKC is a participant in affiliate advertising programs designed to provide a means for sites to earn advertising fees by advertising and linking to akc.org. If you purchase a product through this article, we may receive a portion of the sale.\n\nCertain health conditions may also affect a dog’s self-cooling abilities and make them good candidates for cooling products. These health problems can include obesity, respiratory distress (such as those stemming from heart disease), and excess fluid around the heart or lungs. Talk to your veterinarian about other ways aside from cooling mats that can keep your dog safe and comfortable when temperatures rise.\n\n', 'Factors to Consider When Purchasing a Cooling Mat': 'The ideal cooling pad should be easy to clean, effective, and above all, safe. Still, the factors to consider when purchasing a cooling bed, mat, or pad depend on your individual dog’s needs.\n\nFor example, if you have a teething puppy who shreds everything, you may consider a durable cooling mat made of nylon. Nylon is not only easy to clean, but it offers a protective layer against puncture and bite marks. On the other hand, a plush, cotton-based cooling pad may be a bad choice, as a mouthy puppy could tear it and chew the gel insert. While this gel should be nontoxic, you’ll be left with a big mess to clean up.\n\nAKC is a participant in affiliate advertising programs designed to provide a means for sites to earn advertising fees by advertising and linking to akc.org. If you purchase a product through this article, we may receive a portion of the sale.\n\nAnother factor to consider is where you intend to use the cooling pad, as this will ensure you maximize the product’s potential. You may opt for a budget-friendly, refrigerated cooling pad if you’re intending on using it indoors and want to offer your dog respite from an uncomfortable but not intolerable heat. On the other hand, if your dog spends a lot of time outdoors, you should consider one that relies on a long-lasting, pressure-activated gel that doesn’t require much maintenance.\n\nJust be sure to choose a pad that’s suitable for your dog’s size. With cooling pads, bigger is always better! A Chihuahua will be sure to benefit from a Great Dane-sized cooling mat; the same can’t be said the other way around!\n\n', 'Other Products to Consider': 'If you have a high-energy dog who’s always on the move, you’re not out of luck when helping them stay cool. There are many types of apparel designed to keep dogs comfortable without limiting their mobility or adventures.\n\nAKC is a participant in affiliate advertising programs designed to provide a means for sites to earn advertising fees by advertising and linking to akc.org. If you purchase a product through this article, we may receive a portion of the sale.\n\nOne such product is cooling bandanas, which are made with a moisture-retaining fabric that can keep a dog feeling refreshed. Others are thicker, insulated collars that come with freezer-friendly inserts or can be frozen themselves. Cooling bandanas are more suited for short-haired dog breeds, while the latter is more intended for dogs with thicker coats. There are also vests, wraps, and robes all designed to help dogs maintain a stable body temperature.\n\nHere’s another product ideal for long car rides and road trips: cooling towels. These items work a bit differently than pads and mats in that they don’t rely on pressure-activated gels. Instead, they rely on a hyper-evaporative material that retains water but doesn’t feel wet to the touch. These offer more flexibility than pads in that you can spread them over a wider surface area, like your car’s backseat. Cooling towels could offer comfort and relief before and after hikes, long walks, or other outdoor activities.\n\n', 'Additional Ways to Help Your Dog Beat the Heat': 'When it comes to preventing heatstroke and prioritizing hydration, nothing beats providing fresh, clean water. Always make it a priority to pack enough water when planning outdoor excursions, and monitor your dog for laborious panting, excessive drooling, and other signs of dehydration. In days of extreme, dangerously hot weather, only take your dogs out very early in the morning or out after dusk.\n\nAKC is a participant in affiliate advertising programs designed to provide a means for sites to earn advertising fees by advertising and linking to akc.org. If you purchase a product through this article, we may receive a portion of the sale.\n\nIn many cases, it’s easier for a dog to overheat than it is for them to cool down! Remember that dogs get hot faster because their feet are in direct contact with the hot pavement, so their paws and pads need attention as well.\n\nAny time a dog may be experiencing signs of overheating, stop all activity, and take steps to cool them down immediately. Be sure to get take them to see a veterinarian as soon as possible.\n\nWith your help, you can ensure your dog doesn’t miss out on a minute of activity and stays safe all the while.\n\n', 'We use cookies': '', 'Privacy Preference Center': ''}",[]
https://www.akc.org/expert-advice/health/keep-your-dog-safe-from-bears/,How to Keep Your Dog Safe From Bears,"Jul 29, 2025","['hiking', 'bears', 'forest']",Harriet Meyers,"Living in suburban Maryland, I never thought a bear encounter was something I needed to worry about. And then early one September morning, a black bear hopped over my fence and ambled through the backyard, just minutes before I let my 30-pound Lagotto Romagnolo outside.

Black bears, which can also be brown, reddish, or blond, are now found in at least 40 states. Whether you’re planning to hike in one of our federal or state parks or live in a suburban or rural area, it’s a very good idea to understand how to protect your dog from a dangerous encounter with a bear.

In This Article

","{'Understanding Bears and Their Behavior': 'Three types of bears live in parts of the U.S.: Black Bears, Brown or Grizzly Bears, and polar bears. They are all omnivores, meaning they eat both animals and plants.\n\nThe U.S. Forest Service strongly recommends learning about bears and how to avoid a confrontation before you hike in areas where they’re likely to be found. The best way to do this is to talk with a park ranger and/or check the website of the park you plan to visit. Most will provide up-to-date information about bear sightings and trails that may be closed. “If you’re lucky enough to see a bear, watch from a safe distance and enjoy this very special experience,” advises Colorado Parks and Wildlife.\n\nAKC is a participant in affiliate advertising programs designed to provide a means for sites to earn advertising fees by advertising and linking to akc.org. If you purchase a product through this article, we may receive a portion of the sale.\n\nFor example, Yellowstone National Park, where dogs are allowed in public areas but not on boardwalks, trails, or backcountry, sometimes announces closures in areas where grizzly bears are concentrated.\n\n', 'Things to Remember About Bears': 'You may also like to hike in isolated forested areas that bears often call home. Before you hit the trails, here are a few characteristics of bears to keep in mind:\n\nAKC is a participant in affiliate advertising programs designed to provide a means for sites to earn advertising fees by advertising and linking to akc.org. If you purchase a product through this article, we may receive a portion of the sale.\n\n', 'Strategies to Prevent Encounters With Bears': 'BearWise reports that dogs were involved in more than half of the confrontations between humans and black bears during a recent five-year period. Almost half of the dogs involved were injured or killed, while 62% of their human companions were wounded.\n\nAKC is a participant in affiliate advertising programs designed to provide a means for sites to earn advertising fees by advertising and linking to akc.org. If you purchase a product through this article, we may receive a portion of the sale.\n\nOne of the top recommendations for protecting your dog and yourself when hiking in bear country is to always keep your dog on a leash. Dogs that aren’t restrained can chase or corner a bear and may run back to you for protection while being followed by an angry bear. Trying to rescue your dog from a bear is very dangerous.\n\n', 'Prepare for Surprise Visits at Home': 'When I asked a wildlife expert from the Maryland Department of Resources why I saw a bear in my backyard for the first time after almost 30 years living here, she said that as residential and commercial areas expand, we shouldn’t be surprised to see bears crossing through our suburban neighborhoods more and more often.\n\nAKC is a participant in affiliate advertising programs designed to provide a means for sites to earn advertising fees by advertising and linking to akc.org. If you purchase a product through this article, we may receive a portion of the sale.\n\nWildlife experts recommend taking these precautions to protect your dog at home:\n\nAKC is a participant in affiliate advertising programs designed to provide a means for sites to earn advertising fees by advertising and linking to akc.org. If you purchase a product through this article, we may receive a portion of the sale.\n\n', 'Dogs and People and Bears, Oh My!': 'Sometimes you may be as cautious as possible, and you and your dog will still meet up with a bear. Here’s what bear experts recommend you do:\n\n', 'We use cookies': '', 'Privacy Preference Center': ''}",[]
https://www.akc.org/expert-advice/health/post-surgical-care-following-spay-neuter/,Post-Surgical Care for Dogs Following a Spay or Neuter,"Nov 10, 2025","['spay', 'neuter', 'surgery']",Gemma Johnstone,"Spaying and neutering are routine surgeries that around 80% of the U.S. pet dog population will undergo. While it’s natural to feel anxious when dropping your dog at your veterinarian for any procedure, reassuringly, complications during or post-spay or neuter surgery are rare. Dogs also typically bounce back quickly following these procedures.

Carefully following the post-surgical care instructions will help set your dog up for success, speeding up neuter and spay surgery recovery times and minimizing the risk of setbacks.

In This Article

","{'Recovery Times for Spay and Neuter Surgeries': 'Regardless of whether your dog has been spayed or neutered, it’s important to recognize that they were anesthetized and underwent a surgical procedure. They need to heal inside and out, with a recovery period that generally lasts 10 to 14 days.\n\nMale dogs typically feel better faster after a neuter surgery than females who have been spayed because neutering involves a smaller incision that doesn’t go into the abdomen, with the exception of dogs that are cryptorchids, meaning dogs having one or both undescended testicles. Those male dogs do require an abdominal incision to remove the retained testicle(s). However, Dr. Laurence Sawyer, director of the Luke and Lily Lerner Spay/Neuter Clinic and assistant teaching professor in the Department of Clinical Sciences at Cummings School of Veterinary Medicine at Tufts University, explains that incisions take the same time to heal regardless of their size.\n\nSpay surgeries can be standard or laparoscopic (keyhole). Pet owners may assume that keyhole surgery results in a shorter recovery time, but that isn’t always the case. “Some of the reasons some surgeons prefer a smaller spay incision include reduced surgical closure time, the potential for decreasing pain from a larger incision, and the potential for fewer complications such as incisional dehiscence or infection,” Dr. Sawyer says. “However, the same interior anatomical parts are removed during a canine spay procedure regardless of the size of the incision.”\n\nAKC is a participant in affiliate advertising programs designed to provide a means for sites to earn advertising fees by advertising and linking to akc.org. If you purchase a product through this article, we may receive a portion of the sale.\n\n', 'Post-Operative Care Instructions': 'By closely following your veterinarian’s spay or neuter aftercare instructions, you can significantly reduce the risk of complications. The general guidance below will help you understand what to expect.\n\nYour dog could be disoriented, lethargic, vocal (whining or barking), nauseous, and dull-eyed for the first 24 hours. Providing the following will help to keep them comfortable.\n\nAKC is a participant in affiliate advertising programs designed to provide a means for sites to earn advertising fees by advertising and linking to akc.org. If you purchase a product through this article, we may receive a portion of the sale.\n\nAfter the first 24 hours, your pet may bounce back quickly and be behaving like they always do. Don’t be tempted to jump straight back into your typical schedule. “If the owner allows a dog to be too active, it can disrupt ideal healing and cause incisional dehiscence [opening] or seroma [fluid] formation,” Dr. Sawyer says.\n\nAKC is a participant in affiliate advertising programs designed to provide a means for sites to earn advertising fees by advertising and linking to akc.org. If you purchase a product through this article, we may receive a portion of the sale.\n\nTypically, recommended restrictions and care guidance include:\n\n', 'Products That Can Help Support Post-Surgery Recovery': 'Some tools that can help support your dog’s recovery following spay or neuter surgery include:\n\nAKC is a participant in affiliate advertising programs designed to provide a means for sites to earn advertising fees by advertising and linking to akc.org. If you purchase a product through this article, we may receive a portion of the sale.\n\nAKC is a participant in affiliate advertising programs designed to provide a means for sites to earn advertising fees by advertising and linking to akc.org. If you purchase a product through this article, we may receive a portion of the sale.\n\n', 'When to Contact a Vet With Concerns Post Surgery': 'If you follow the post-surgical care instructions, most spay and neuter recoveries occur without a hitch. However, it’s still important to carefully monitor your dog’s wound site and behavior during the post-surgery recovery period.\n\nDr. O’Gorman recommends taking a photo of the incision site daily to help you spot subtle changes. “If an owner ever feels uncomfortable with how the incision site looks or how their dog is feeling, I always recommend they reach out as soon as they can,” she says.\n\nDr. Sawyer explains that your veterinarian’s discharge instructions should clearly outline when to call them. “This usually involves changes to the incision (such as increased redness, pain, swelling, or discharge), decreased appetite or vomiting and diarrhea, no defecation after 3–5 days, increased lethargy or difficulty breathing,” she says.\n\nThe guidance below can also help you decide when to follow up with your veterinarian.\n\nAKC is a participant in affiliate advertising programs designed to provide a means for sites to earn advertising fees by advertising and linking to akc.org. If you purchase a product through this article, we may receive a portion of the sale.\n\nIf you spot any of the following, don’t delay in calling your veterinarian or getting straight to an emergency clinic:\n\nAKC is a participant in affiliate advertising programs designed to provide a means for sites to earn advertising fees by advertising and linking to akc.org. If you purchase a product through this article, we may receive a portion of the sale.\n\nDr. Sawyer says it is also worth checking in with your veterinarian to ensure there is no cause for concern if you notice:\n\nAKC is a participant in affiliate advertising programs designed to provide a means for sites to earn advertising fees by advertising and linking to akc.org. If you purchase a product through this article, we may receive a portion of the sale.\n\nIf you have any concerns, it is always better to call to your veterinarian for get more information or clarification.\n\n', 'Are Follow-Up Appointments Necessary After a Spay or Neuter?': 'Follow-up appointments aren’t typically necessary for spay and neuter surgeries in dogs. Dr. Sawyer says these procedures are performed so regularly that recovery is generally predictable and smooth, provided you carefully follow post-surgical care instructions.\n\n“There could be a few exceptions, including when dogs have external sutures or staples, which are typically removed 10–14 days later, or if there are any complications postoperatively that need more routine follow-up,” Dr. O’Gorman says. “That said, if owners feel more comfortable with an in-person recheck post-op, we would be happy to take a look.”\n\n', 'We use cookies': '', 'Privacy Preference Center': ''}",[]
https://www.akc.org/expert-advice/health/hand-stripping-dog-coats/,Everything You Need to Know About Hand Stripping Dog Coats,"Nov 10, 2025","['hand stripping', 'wire-haired dog', 'wiry coat']",Colt Dodd,"Wire-haired dogs are always ready for adventure, enabled by their bristly, coarse outer coat that provides insulation from the elements, repels burs, and protects them from dense underbrush. To ensure that a wire-haired dog’s coat stays in its ideal form (along with preventing odor and skin problems), they need a specialized grooming service called “hand-stripping.” Hand-stripping dog coats is a pain-free process that seeks to preserve the dog’s rugged coat.

In This Article

Understanding the basics of hand-stripping can help you make informed decisions when choosing a suitable groomer for your pet. Here’s what to know.

","{'Hand-Stripping: A Specialized Grooming Service for Wire-Coated Dogs': 'Kim Kier, owner of Little Barks Grooming & Boutique in Columbia, South Carolina, has more than 20 years of experience in the pet styling industry. She shares that hand-stripping is a specialized service that requires training, practice, and an understanding of different breed standards.\n\nFor example, in the breed standard for Standard Schnauzers, the coat must be “tight, hard, wiry and as thick as possible,” a form achieved by hand-stripping. An inexperienced groomer may instead clip a wire-haired dog’s coat, ultimately affecting its color, sheen, and texture. Clippers or scissors may also disrupt the hairs’ natural growth cycle, which can damage the coat and affect regrowth.\n\n“Hand-stripping is a premium service and will (and should) be more expensive than a traditional groom,” Kier says. “An untrained pet strip can be painful for the dog and may not produce the results the owner seeks. Knowledge and skill are key.”\n\nAKC is a participant in affiliate advertising programs designed to provide a means for sites to earn advertising fees by advertising and linking to akc.org. If you purchase a product through this article, we may receive a portion of the sale.\n\nBefore making an appointment with a new groomer, check whether they have experience hand-stripping wire-haired dogs. This way, you’ll know your dog will receive care that helps them look and feel their best.\n\n', 'Which Dog Breeds Benefit from Hand-Stripping?': 'Your dog’s coat should dictate whether they need hand-stripping — not necessarily their breed. Dachshunds, for instance, come in three varieties: smooth, long-haired, and wire-haired. Each of these varieties has different grooming needs, with only the latter benefiting from hand-stripping. Furthermore, most, but not all, terriers benefit from hand-stripping. Some notable exceptions include Bull Terriers, American Hairless Terriers, and Boston Terriers.\n\nAKC is a participant in affiliate advertising programs designed to provide a means for sites to earn advertising fees by advertising and linking to akc.org. If you purchase a product through this article, we may receive a portion of the sale.\n\nOther non-terrier breeds that can also benefit from hand-stripping, whether sparingly or fully, include:\n\n“Hand-stripping is a specialized grooming technique that is generally reserved for pets that are involved in the ‘show’ ring,” Kier explains. “Most pet dogs can maintain a healthy coat that looks fabulous with what most would call a ‘pet strip,’ which is a clipper trim with carding to remove the soft and downy undercoat.”\n\nAKC is a participant in affiliate advertising programs designed to provide a means for sites to earn advertising fees by advertising and linking to akc.org. If you purchase a product through this article, we may receive a portion of the sale.\n\n', 'The Process of Hand-Stripping Dogs’ Coats': 'A groomer with the training and skill necessary for hand-stripping will likely have their own technique for removing dead hairs and encouraging new coat growth. If they’re styling a dog headed for a conformation competition, they will likely use finger-plucking, where they pull the skin taut, grasp a few strands of loose hair between their thumb and forefinger, and pull in the direction of the hairs’ growth — rather than straight out.\n\n“Proper hand-stripping should be a gentle rhythm to remove the hair, and never forceful,” Kier says. “A gentle but intentional hand helps this process to be more comfortable for the pet and the groomer. Hand-stripping before the bath makes the process easier.”\n\nIf a groomer is styling a companion dog, they may rely on what’s called a “carding knife” rather than plucking hair with their fingers. These tools resemble butter knives with comb-like serrated edges. The amount of space between the knife’s teeth controls how much hair is removed at a time.\n\n“Most owners choose to maintain wire-coated, flat-coated, or broken-coated breeds by traditional grooms with clipper trims, with carding used to remove the dead coat to maintain the coat and skin,” Kier says. “This is almost always the grooming process for most pets, maintaining a natural but easily maintained trim.”\n\n', 'Tools Used for Hand-Stripping Dogs': 'Some tools that groomers incorporate as part of hand-stripping dogs include:\n\nAKC is a participant in affiliate advertising programs designed to provide a means for sites to earn advertising fees by advertising and linking to akc.org. If you purchase a product through this article, we may receive a portion of the sale.\n\nAKC is a participant in affiliate advertising programs designed to provide a means for sites to earn advertising fees by advertising and linking to akc.org. If you purchase a product through this article, we may receive a portion of the sale.\n\nAnother important tool in your groomer’s arsenal is their knowledge of dogs’ hair growth cycles. There are four, but the most relevant to hand-stripping is the telogen phase. In this penultimate stage, the hair remains in the follicle but has detached from the root.\n\nPulling these “resting” strands simulates how a wire-haired dog would naturally shed their coat in the wild. In the midst of navigating tough terrain, loose hairs would be plucked by brambles, underbrush, and fallen branches.\n\n', 'How You Can Help Maintain Your Wiry-Haired Dog’s Coat at Home': 'A reputable, experienced groomer will take the time to assess your dog’s coat and explain which procedures benefit them most. They will also explain how to maintain your dog’s wiry coat in between hand-stripping sessions. For example, they may recommend using the “double brush, double comb” method. It’s not intended to be a substitute for hand-stripping but can enhance its results.\n\nThis weekly process involves:\n\nYour groomer may also recommend “rolling.” Here, while petting your wire-haired dog, grasp strands close to the root and pull in the direction of growth. You may opt to use rubber thimbles or chalk to get a better grip.\n\nAKC is a participant in affiliate advertising programs designed to provide a means for sites to earn advertising fees by advertising and linking to akc.org. If you purchase a product through this article, we may receive a portion of the sale.\n\n', 'Frequently Asked Questions About Hand-Stripping Dogs’ Coats': 'As you examine whether your dog could benefit from hand-stripping, you may have many questions about this nuanced grooming technique, such as:\n\nAKC is a participant in affiliate advertising programs designed to provide a means for sites to earn advertising fees by advertising and linking to akc.org. If you purchase a product through this article, we may receive a portion of the sale.\n\nA final question: why not just clip a wire-haired dog? While initially convenient and less time-consuming, this will eventually soften the dog’s coat, posing the risk of skin conditions and negatively affecting temperature regulation. Finding a groomer who specializes in hand-stripping can take some time, but in the long run, it’s a worthwhile investment in maintaining the color, texture, and health of your dog’s coat.\n\n', 'We use cookies': '', 'Privacy Preference Center': ''}",[]
https://www.akc.org/expert-advice/health/why-dogs-sigh/,Why Do Dogs Sigh?,"Jun 12, 2025","['communication', 'sigh', 'exhale']",Gemma Johnstone,"There’s nothing more comforting than hearing your dog let out a deep sigh as they curl up with you on the couch. However, sighing isn’t just a sign of contentment. There are several physical and emotional reasons for sighing in dogs, including stress, frustration and attention seeking. That means we must look at the wider context to help us interpret what our dogs are communicating with this action.

Learning more about why dogs sigh and when sighing — or something that seems like sighing — could be a cause for concern can help us better understand our pets’ physical and psychological well-being.

","{'What Is Happening When a Dog Sighs?': 'Sighing in dogs, as with humans, involves taking a deep, sometimes audibly louder, inhalation — about twice the length of a normal breath — followed by a slow, pronounced exhale. Sometimes, the sigh will occur through the mouth, as it does with humans, but often, a dog will sigh through their nose, while their mouth is closed.\n\n', 'Why Might Dogs Sigh?': 'There are many reasons for sighing in dogs — some obvious, others more subtle. It can be an emotional or learned behavior, but it’s also a natural body function which helps regulate the respiratory system (the organs and structures responsible for breathing). It’s easy to misinterpret the reason for sighing in dogs, especially as we tend to attribute human emotions to dog behaviors.\n\n“As every behavior is a function of the environment, no matter the species, I recommend assessing the context of the situation with which the [all of the] body language, such as sighing, is occurring to infer the meaning,” Dr. Vanessa Spano, Senior Veterinarian and Board-Certified Veterinary Behaviorist at the Schwarzman Animal Medical Center, says. She explains that it is important to remain as objective as possible when analyzing dog body language to avoid making false assumptions about the sighing.\n\nAKC is a participant in affiliate advertising programs designed to provide a means for sites to earn advertising fees by advertising and linking to akc.org. If you purchase a product through this article, we may receive a portion of the sale.\n\nSighing isn’t just an action attached to emotions, it is a natural spontaneous reflex that happens for all mammals, including dogs, multiple times every hour to help keep the lungs working properly. These occasional deep breaths stretch the lungs and prevent alveoli (the tiny air sacs in the lungs that facilitate gas exchanges with blood) from collapsing.\n\nWhile all dogs will sigh to preserve lung function, this action can be subtle and isn’t something you are as likely to spot as the more “dramatic” sighing associated with an emotional response.\n\nA dog that is comfortable or feeling relaxed can sigh, and it might be accompanied by an audible groan of pleasure. “For example, if the dog is curling up in his bed, and upon settling down he sighs, this likely indicates the dog would like to rest,” Dr. Spano says. She also points out that sometimes your dog might not be specifically sighing, but rather taking deeper, slower breaths as a result of being in a relaxed, restful state.\n\nAKC is a participant in affiliate advertising programs designed to provide a means for sites to earn advertising fees by advertising and linking to akc.org. If you purchase a product through this article, we may receive a portion of the sale.\n\nSighs of contentment are typically accompanied by soft body language, such as loose ears, a neutral tail position, a soft expression in the eyes, and a slightly open mouth.\n\nIf your active dog is stuck inside on a rainy day, and they let out a sigh, it could be a sign that they need more stimulation. Additional mental enrichment, like puzzle toys, brain games or an indoor training session, could alleviate their boredom or frustration.\n\nAKC is a participant in affiliate advertising programs designed to provide a means for sites to earn advertising fees by advertising and linking to akc.org. If you purchase a product through this article, we may receive a portion of the sale.\n\nDogs are smart and can learn to sigh to get your attention. If this behavior results in you petting or playing with your dog, it’s something they might start offering more often.\n\n“If the dog is in a chaotic environment and displaying other behavioral signs of anxiety, such as yawning or lip licking, a sigh is likely communicating that the dog is stressed,” Dr. Spano says. Because deep breathing can help counteract feelings of stress, sighing could be a natural calming response from your dog’s body.\n\nOther signs of anxiety in dogs include a tucked tail, ears flat against the head, trembling, excessive panting, and a hunched posture. If these are accompanying sighing, removing your dog from the stressful situation makes sense. Using desensitization and counterconditioning training techniques can help change your dog’s reaction to the situation from negative to positive over time.\n\nDr. Spano says that sighing isn’t a typical sign of pain or discomfort in dogs. However, it is a possibility. For example, if you have a senior dog with arthritis, and they’re taking some time to find a comfortable position, they may let out a sigh of relief when they find it.\n\nTypically, there will be other signs that your dog is in pain. These can include limping, lethargy, restlessness, excessive panting, and changes in behavior such as withdrawal or aggression. Your dog may also vocalize their pain by whining and whimpering.\n\n', 'When Is Sighing or a Similar Sound a Cause For Concern?': 'True sighing is not usually something to be concerned about, unless you suspect your dog is doing it because they’re anxious or in pain. However, there are times when other vocalizations or breathing issues are incorrectly interpreted as sighing, and these can indicate an underlying health issue.\n\nAKC is a participant in affiliate advertising programs designed to provide a means for sites to earn advertising fees by advertising and linking to akc.org. If you purchase a product through this article, we may receive a portion of the sale.\n\n“Sighing is not a typical part of the canine behavioral repertoire,” Dr. Spano says. She explains that it is more common for dogs to yawn, whine or whimper than to sigh.\n\n“If your dog is yawning, and especially if there are other body language signs co-occurring like showing the whites of their eyes and lip licking, this also indicates stress and anxiety,” Dr. Spano says.\n\nWhimpers can indicate discomfort, depending on the context of the situation. “If, for example, you notice that your dog is holding her leg up on a walk, and then you touch that leg, and she vocalizes or whimpers, this likely indicates discomfort or pain,” she says. “In this case, the dog should be assessed by a veterinarian.”\n\nAKC is a participant in affiliate advertising programs designed to provide a means for sites to earn advertising fees by advertising and linking to akc.org. If you purchase a product through this article, we may receive a portion of the sale.\n\nDon’t delay contacting your veterinarian if your dog is breathing heavily or gasping. Unlike an occasional reflexive sigh, labored breathing is when a dog is having difficulty getting air in and out of their body with most, if not every, breath and wheezing can be a sign of a blocked airway.\n\n', 'We use cookies': '', 'Privacy Preference Center': ''}",[]
https://www.akc.org/expert-advice/health/dog-wound-care/,Dog Wound Care: Everything You Need to Know,"Nov 13, 2025","['first aid', 'wound']",Gemma Johnstone,"Regardless of how diligent a dog owner you are, accidents happen. Whether it’s a minor scrape or a large laceration, understanding the basics of dog wound care and knowing when to seek help from your veterinarian will help minimize stress, reduce the risk of infection, and promote faster healing.

","{'Why Is Dog Wound Care So Important?': 'That small cut on your dog’s leg might not look all that serious, but if you leave it untreated or don’t treat it properly, it can quickly become a bigger problem, especially if bacteria enter the wound. “Proper wound care prevents infection, speeds up healing, and reduces the risk of complications like infections, painful abscesses, or deeper tissue damage,” explains Dr. Jamie Richardson, Head of Veterinary Medicine at Small Door Veterinary.\n\nWounds are injuries that involve damage to the body’s living tissue. Closed wounds, such as bruises or contusions, involve damage to underlying tissue, but the skin remains intact. We will focus on open wounds, which damage the skin, such as scrapes, cuts, tears, punctures, and burns.\n\n', 'Dog Wound Emergency First Aid': 'You may need to administer emergency first aid for more serious wounds before your dog receives appropriate professional care. This could be while transporting your dog to the veterinary hospital or if there is a delay in treatment because you are in a remote location.\n\nAKC is a participant in affiliate advertising programs designed to provide a means for sites to earn advertising fees by advertising and linking to akc.org. If you purchase a product through this article, we may receive a portion of the sale.\n\nAKC is a participant in affiliate advertising programs designed to provide a means for sites to earn advertising fees by advertising and linking to akc.org. If you purchase a product through this article, we may receive a portion of the sale.\n\n', 'When Is At-Home Care Appropriate?': 'When in question, always call your veterinarian for advice on caring for a dog’s injuries. “Minor cuts or scrapes can often be managed at home if they’re shallow, not bleeding heavily, and your dog is acting normally,” Dr. Richardson says. “But anything deep, actively bleeding, swollen, or showing signs of infection should be examined by a veterinarian.”\n\nAKC is a participant in affiliate advertising programs designed to provide a means for sites to earn advertising fees by advertising and linking to akc.org. If you purchase a product through this article, we may receive a portion of the sale.\n\nWhen assessing your dog’s wounds, if they have any of the following, seeking veterinary assistance is advisable:\n\nYour veterinarian will prioritize stabilizing your dog if they’re in a serious condition, cleaning the wound, and assessing whether to surgically close it or leave it open to reduce the risk of infection. They can then provide you with specific guidance for ongoing at-home care and, when necessary, prescribe medication.\n\n', 'Ongoing At-Home Dog Wound Care Guidance': 'While it’s important to follow any specific care instructions your veterinarian provides, below is some general at-home dog wound care guidance.\n\nAKC is a participant in affiliate advertising programs designed to provide a means for sites to earn advertising fees by advertising and linking to akc.org. If you purchase a product through this article, we may receive a portion of the sale.\n\nCleaning the wound and the surrounding area daily helps reduce the risk of infection and promotes the development of healthy new tissue. Veterinarians often use pet-safe antiseptic solutions such as diluted chlorhexidine or povidone-iodine (Betadine). While these are available over the counter, it’s essential to water them down properly, otherwise they can slow wound healing.\n\n“A common adage when cleaning wounds is, ‘the solution to pollution is dilution’,” Dr. Gerard Ferrick, veterinarian and Medical Director at Thrive Pet Healthcare in Natick, Massachusetts, says. “For chlorhexidine solution, we aim for 0.05% and iodine 0.1% (the color of weak tea).”\n\nAKC is a participant in affiliate advertising programs designed to provide a means for sites to earn advertising fees by advertising and linking to akc.org. If you purchase a product through this article, we may receive a portion of the sale.\n\nA saline solution is a gentle and effective option for daily cleaning. “You can use salt water made by diluting 2 cups of water with 1tsp of table salt,” Dr. Collins says. “Gently flush the area, pat dry, and apply a vet-recommended antibiotic ointment if advised.”\n\nDr. Ferrick explains that dog owners often apply Bacitracin or Neosporin to wounds. “This may be fine in a lot of cases, but it is important to note that a small subset of patients may have allergic reactions to one or more of the components in certain over-the-counter medications,” he says. It’s better to opt for antibacterial products designed specifically for dogs.\n\nSome wounds can be left undressed, and some are in locations that will benefit from the application of antimicrobial ointment and then an adhesive gauze dressing. Others may require protective bandaging to help keep the wound clean and debris-free.\n\nUnless your veterinarian instructs you on how to do it, it’s best to avoid bandaging your dog’s wounds yourself. “While putting a bandage on is almost always well-intentioned, unfortunately this can exacerbate the injury and even cause other adverse sequelae [complication or condition that results from a pre-existing injury], such as excessive compression and cutting off blood supply to tissue,” Dr. Ferrick says. “Also, if a wound has not been properly addressed and cleaned prior to bandage application, it is a prime environment to trap infection.”\n\nDr. Ferrick describes bandaging as an art form requiring great care and precision. He explains that sometimes a bandage can also overserve the needs of the dog’s injury, and in other circumstances, it’s best to leave the wound open to heal. It can also be tricky to keep bandages dry, and wet bandages need to be changed immediately.\n\n“Owners can be creative by using other maintenance measures after cleaning such as loose-fitting t-shirts, socks, tubes, protective boots, etc,” Dr. Ferrick says.\n\nOnly administer any antibiotics, pain medications, or anti-inflammatory drugs your veterinarian prescribes as instructed. Discontinuing a course of antibiotics early can increase the risk of an infection not clearing or recurring and contribute to problems with antibiotic resistance. Giving human anti-inflammatory medication is often toxic to dogs.\n\nAKC is a participant in affiliate advertising programs designed to provide a means for sites to earn advertising fees by advertising and linking to akc.org. If you purchase a product through this article, we may receive a portion of the sale.\n\n', 'What Not to Do When Caring For a Dog’s Wound': 'To promote healing, reduce the risk of infection and keep your dog comfortable, there are some things you should avoid when caring for wounds.\n\nAKC is a participant in affiliate advertising programs designed to provide a means for sites to earn advertising fees by advertising and linking to akc.org. If you purchase a product through this article, we may receive a portion of the sale.\n\n', 'How Do I Know If a Wound Is Healing?': 'While a degree of redness and swelling is to be expected with a wound initially, Dr. Collins recommends having a vet evaluate it if it’s worsening or not improving after a few days. “An unpleasant odor or discharge of any color is not normal and should be assessed,” he says. “The skin should not have a black or grayish appearance, and signs of pain are also a concern.”\n\nYou should also be vigilant if a bandage covers your dog’s wound. “If you notice that the bandage slips or becomes moist or wet, your dog is reluctant to use the affected limb or paw, has excessive discomfort associated with the bandage, swelling of the exposed digits (or other areas above or below the bandage), or you note ‘strikethrough’ (the visible presence of blood or discharge on the outside of a bandage), your pet should be evaluated promptly,” Dr. Ferrick says.\n\nIf you have any concerns about your dog’s wound, it’s always best to contact your veterinarian for reassurance or ongoing advice.\n\n', 'We use cookies': '', 'Privacy Preference Center': ''}",[]
https://www.akc.org/expert-advice/health/life-with-intact-dog/,Everything You Need to Know About Caring for an Intact Dog,"Dec 04, 2025","['spay', 'neuter', 'breeding', 'intact']",Nandini Maharaj,"One of the many decisions you might need to make as a dog owner is whether to spay or neuter your dog. Spay-neuter refers to the veterinary practice of surgically removing a dog’s reproductive organs. It’s accepted among the general public and often recommended to spay or neuter your dog, especially since some dog parks and daycare facilities don’t allow unneutered dogs or females in heat. Conversely, it’s common practice for dog breeders and conformation competitors to keep their dogs intact.

Generally, it’s up to you whether to spay-neuter your dog. Before embarking on a life with an intact dog, it’s important to be informed about the benefits and risks of making this decision. Here’s what you need to know about dogs’ reproductive cycles and how to prevent unwanted pregnancies.

","{'What Happens When a Dog Is in Heat?': 'For a female dog, coming into heat means they’re receptive to breeding and can become pregnant. Generally, dogs come into heat every six months, but this can vary depending on the breed. “Smaller breeds could have their heat cycle about three times per year, while larger breeds could have it once per year,” says Dr. Kelly Hood, DVM, in-house veterinary expert at Pet Portraits and consultant for California Dog Kitchen.\n\nAKC is a participant in affiliate advertising programs designed to provide a means for sites to earn advertising fees by advertising and linking to akc.org. If you purchase a product through this article, we may receive a portion of the sale.\n\nHeat cycles can last for two to three weeks, she says. One method for determining whether a dog is ready to breed is with a blood test called progesterone testing, which tells you when a dog is ovulating. Aside from progesterone testing, there are physical and behavioral signs that a dog is in heat, she explains. These include:\n\nBecause things can get messy when a dog is in heat, you may decide to use a dog diaper or sanitary pad. “Diapers or pads aren’t required, but they can help manage the bloody discharge and keep your home clean,” Dr. Hood says. “They also add a barrier that discourages excessive licking and reduces the scent that attracts male dogs.”\n\nIf you’re using diapers, she recommends changing them regularly to prevent irritation or infection. You should also supervise your dog while wearing a pad or diaper since they can pull them off and chew on them.\n\nAKC is a participant in affiliate advertising programs designed to provide a means for sites to earn advertising fees by advertising and linking to akc.org. If you purchase a product through this article, we may receive a portion of the sale.\n\n', 'How Do You Prevent Unwanted Litters?': 'The estrus stage of the heat cycle is when a dog is ovulating and receptive to mating. Ovulation is when the eggs are released and occurs one to three days after the onset of estrus. “Female dogs can only become pregnant during the estrus stage of their heat cycle,” Dr. Hood says. “This window is usually a week or less.”\n\nWhen dogs are in heat, they release pheromones which attract intact males. Pheromones are chemicals that dogs use to communicate with each other. “Male dogs that pick up the scent of a dog in heat will attempt to approach the female,” she says. Once this happens, they can become very persistent.\n\nHer advice is to supervise your female dog to prevent unwanted attention and pregnancy. Avoid contact with male dogs and keep your dog on a leash while out walking.\n\nAKC is a participant in affiliate advertising programs designed to provide a means for sites to earn advertising fees by advertising and linking to akc.org. If you purchase a product through this article, we may receive a portion of the sale.\n\nIntact males can become forceful in their attempts to mate with females, and sometimes vice versa. Since they are motivated to roam, you’ll want to avoid off-leash training or hiking. Also, keep your yard secure and be sure to walk your dog on a leash.\n\n', 'Are Intact Males More Dominant?': 'Aggression levels in male dogs can depend on the breed. Intact males may display dominant or territorial behaviors such as inappropriate mounting, roaming, and urine-marking. “They could become more aggressive, especially around other males or when a female in heat is nearby,” Dr. Hood says. “If a dog is trained and has been well-socialized, it can diminish aggressive tendencies.”\n\nAKC is a participant in affiliate advertising programs designed to provide a means for sites to earn advertising fees by advertising and linking to akc.org. If you purchase a product through this article, we may receive a portion of the sale.\n\n', 'Can Intact Males and Females Be in the Same Home?': 'Dogs reach sexual maturity between 5 months and a year, so it’s a good idea to separate male and female dogs before then. “Intact male dogs are fertile throughout their lives and don’t have reproductive cycles,” Dr. Hood says. “They can impregnate a female at any time if she is in heat.”\n\nAKC is a participant in affiliate advertising programs designed to provide a means for sites to earn advertising fees by advertising and linking to akc.org. If you purchase a product through this article, we may receive a portion of the sale.\n\nIt’s possible to have intact males and females living together, she says. However, if you decide not to spay or neuter your dog, you will need to closely manage and supervise them. “Never leave them alone together and keep them separated at all times during the female’s heat cycle,” she says. “Even a brief interaction can result in pregnancy.”\n\nNot all female dogs show obvious signs of being in heat. They might begin ovulating before you can tell that they are fertile. “If you want to prevent accidental litters or prevent potential injury to one or more dogs if they attempt to break out of a kennel or barrier during the female’s heat cycle, spaying or neutering is the most effective long-term solution,” she says. In addition, spay-neuter can help prevent pet overpopulation.\n\n', 'Pros and Cons of Keeping Your Dog Intact': 'Moreover, keeping your dog intact may help avoid potential complications due to surgery, anesthesia, or the absence of reproductive hormones. Neutering can lead to an increased risk of endocrine issues, urinary incontinence, orthopedic disorders, soft tissue injuries, and certain types of cancers.\n\n“The benefits of spay-neuter versus the risks involved are unique to each dog , their type, sex and breed, and the owner’s lifestyle, and should be discussed with a person’s veterinarian,” explains Dr. Jerry Klein, DVM, Chief Veterinarian for the American Kennel Club.\n\nIf you decide to go ahead with spay-neuter, Dr. Klein advises against the standard “6 months of age” guideline for all dogs that many veterinarians have historically used. Instead, he recommends that the timing of these procedures be tailored to each dog, especially if the dog is a large or giant breed. It can also be a good idea to consult with your breeder. In any case, you should discuss spay-neuter with your veterinarian and the appropriate timing while also taking into consideration your dog’s breed, sex, lifestyle, and any potential health issues.\n\n', 'We use cookies': '', 'Privacy Preference Center': ''}",[]
https://www.akc.org/expert-advice/health/dog-stitches/,"Everything You Need to Know About Dog Stitches and Sutures, Plus Types and Uses","Dec 04, 2025","['stitches', 'sutures']",Colt Dodd,"It’s understandable to feel concerned after your dog gets out of surgery, and they have what looks like a zipper running through a shaved patch of fur. Those are sutures, or dog stitches, and they play a critical role in closing wounds, promoting healing, and preventing infection. Every suture also has a story about the type of needle, filament, and technique used. While they may initially appear unsightly, you can rest assured that they’re helping your dog recover.

“The only thing you should need to worry about is whether or not your dog’s stitches need to be removed and when,” says Dr. Brittney Nguyen, DVM and emergency veterinarian at VEG ER for Pets, an emergency vet in Pleasant Hill, CA. “Never be afraid to double-check with your vet if your dog’s stitches/wound is healing correctly. If you’re unsure, take many pictures to track healing and email/text these images to your vet.”

Your veterinarian will offer all the information you need to care for your dog during their recovery and work to reduce the risk of complications. You may still be curious about how dog stitches work, and when different kinds of stitches are used, and want a better understanding of the process. If you have specific questions, always be sure to ask your veterinarian.

","{'Dog Stitches: The Basics': 'Your dog’s surgeon will consider many things when suturing an open wound or surgical incision. The type of needle used, for example, will largely depend on the operation’s site.\n\nAKC is a participant in affiliate advertising programs designed to provide a means for sites to earn advertising fees by advertising and linking to akc.org. If you purchase a product through this article, we may receive a portion of the sale.\n\n“Types of needles include taper needles and reverse-cutting needles, [both of] which are the most common types used. The difference between the two is that the taper needles puncture tissue to anchor the suture rather than cut into it,” Dr. Nguyen shares. “For example, we would use a taper needle on internal organs, as they are more fragile and the reverse-cutting on skin because it is tougher and more difficult to puncture.”\n\nAnother consideration is the filament or “thread” used for the sutures themselves. The type of filament chosen will depend on how long the stitches must last and where in the body they’ll be located. The surgeon may use monofilament, a single string attached to a needle. There’s also braided filament, which is multiple threads woven together. The threads create tension to close certain types of wounds.\n\n“[Braided filament] also creates crevices that make it easier to wick fluid/infection into wounds. This is why these are not commonly used,” Dr. Nguyen says. “99% of the time, your doctor will be using monofilament sutures.”\n\nDissolvability is another factor when closing an incision or wound. A veterinarian would use dissolvable sutures when repairing blood vessels or an internal organ, for instance. Non-dissolvable stitches remain outside of the body, allowing the veterinarian to assess how the incision is healing and monitor for infection.\n\nAKC is a participant in affiliate advertising programs designed to provide a means for sites to earn advertising fees by advertising and linking to akc.org. If you purchase a product through this article, we may receive a portion of the sale.\n\nConsult your veterinarian if you have any questions regarding dog stitches, including whether they need any specialized care or follow-up appointments.\n\n', 'Different Types of Sutures for Different Situations': 'Sutures may be used in all kinds of different scenarios. The kind of suture will depend on the situation. Things that often require sutures include, but are not limited to:\n\nAKC is a participant in affiliate advertising programs designed to provide a means for sites to earn advertising fees by advertising and linking to akc.org. If you purchase a product through this article, we may receive a portion of the sale.\n\nDr. Nguyen shares another use for sutures in dogs: ensuring medical devices remain secure.\n\n“Some bandages are sutured to the skin to keep them from falling off. Surgical drains can also be sutured to the skin, so they stay in place,” she explains. “It’s difficult to get an animal to leave an object that is meant to be attached to them long-term. We can’t tell them they need it and to leave it alone, so we suture it in place.”\n\n', 'What to Expect When Your Dog Gets Sutures': 'Suturing a wound is a multi-faceted process that, above all else, aims to promote your dog’s health and well-being. First, the surgeon will weigh whether it’s best to apply a local anesthetic around the affected area or put your dog under heavy sedation with the help of anesthetic gas and intubation.\n\n“Many [procedures] can be done with heavy sedation and local anesthetic – but this of course depends on the extent of the wound,” Dr. Nguyen says.\n\nThen, the veterinarian will shave the fur around the wound, cleaning it with a surgical scrub to create a sterile environment and reduce the risk of infection. If the area around the wound is contaminated, the surgical team will flush it with saline or antiseptic. From there, the surgeon will proceed based on the circumstances.\n\n“Depending on how deep the wound is, multiple layers of sutures can be used – sutures placed under the skin and sutures placed on top of the skin to add strength to the wound repair. Sometimes, parts of wounds are left open to allow the drainage of fluid.” Dr. Nguyen says.\n\nAKC is a participant in affiliate advertising programs designed to provide a means for sites to earn advertising fees by advertising and linking to akc.org. If you purchase a product through this article, we may receive a portion of the sale.\n\nYour dog’s aftercare instructions may include applying warm or cold compresses to encourage drainage or using topical ointments to keep the area clean.\n\n“Every wound is different, so your veterinarian should always give you instructions on how to care for the wound at home. They are your best resource for questions about healing afterward,” Dr. Nguyen says.\n\nAKC is a participant in affiliate advertising programs designed to provide a means for sites to earn advertising fees by advertising and linking to akc.org. If you purchase a product through this article, we may receive a portion of the sale.\n\n', 'Sutures vs. Staples in Dogs: What’s the Difference?': 'While sutures and staples are two methods of closing wounds, there are some distinct differences. For starters, sutures are seen as a more customizable option than staples, as the thread has more dexterity than the rigid, metal staples. Stitches can also be used both inside and outside of the body. While some specialized staples can be used inside the body, they’re not as common as typical staples, which are used externally.\n\n“Staples are much faster, but more crude – good to use if time is a factor and a patient needs to be recovered from anesthesia sooner rather than later,” Dr. Nguyen explains. “We typically only see staples as a method to close surgical incisions now – and even then, only if we have to. It is not the most desirable method to close an incision because staples are not as comfortable for the patient as sutures and can get caught on things and get pulled out.”\n\n', 'When to Wear an E-Collar After Getting Stitches': 'Throughout the recovery period for dog stitches, they should wear an Elizabethan collar (also known as a cone or E-collar) 24 hours a day, seven days a week, until one to two days after their stitches are removed.\n\nAKC is a participant in affiliate advertising programs designed to provide a means for sites to earn advertising fees by advertising and linking to akc.org. If you purchase a product through this article, we may receive a portion of the sale.\n\n“We all know the cone is very cumbersome, but strict use for the recommended healing time will prevent really serious complications, such as infection, dehiscence (opening) of the wound, and further scarring. Even if your pet licks at the wound for a couple of seconds, the sutures can wick bacteria into the skin and seed infection,” Dr. Nguyen says.\n\nYou may also elect to have your dog wear a surgical suit during their recovery period, but Dr. Nguyen shares that there are some disadvantages when compared to the cone.\n\n“Surgical suits that cover the wound area do exist but are not always a good replacement for the cone because these suits can cause friction over the stitches and loosen/tug on them,” she says. “It also blocks visualization of the wound if pet parents aren’t taking them off regularly to check on them.”\n\nOther considerations to keep dog stitches safe include keeping them indoors, limiting their interactions with other dogs (who may lick the wound), and completing their prescribed antibiotic regimen.\n\n“Treat it like any other wound that you, as a person, would have: follow your doctor’s instructions, keep it clean, dry, and don’t bother it,” Dr. Nguyen advises.\n\n', 'We use cookies': '', 'Privacy Preference Center': ''}",[]
https://www.akc.org/expert-advice/health/earthquake-safety-dog-owners/,Preparing for an Earthquake: How to Help Keep Your Dog Safe,"Dec 05, 2025","['disaster preparedness', 'evacuation plan', 'earthquakes']","Sassafras Patterdale, CPDT-KA, CTDI","Whether you live in an area of the country where earthquakes are common or rarer, it’s important to ensure that you and your dogs are prepared. Unlike natural disasters that can be forecasted or watched, earthquakes can be a frightening surprise. While we can’t predict when an earthquake will hit, with advanced planning, we can help keep our dogs safe if an earthquake happens.

","{'Identify Your Dog': 'Dogs should wear properly fitted collars with identification tags. Be sure those identification tags include your up-to-date contact information, including cell phone numbers. Talk with your dog’s veterinarian about getting them microchipped if they aren’t already. If you move or get a new phone number, be sure to update that information in your dog’s microchip account. Updated tags and microchips are important to help you and your dog get reunited if you get separated in an emergency.\n\nIt’s also a good idea to keep updated copies of photographs of your dog with you. If and your dog get separated, you’ll want to have photos of your dog to add to missing dog posts and posters. To prepare for an earthquake, consider putting emergency alert stickers on your doors or windows to alert emergency personnel that you have pets inside the house.\n\nAKC is a participant in affiliate advertising programs designed to provide a means for sites to earn advertising fees by advertising and linking to akc.org. If you purchase a product through this article, we may receive a portion of the sale.\n\n', 'Work on Basic Training': 'To help prepare for an emergency like an earthquake, all dogs benefit from learning to be comfortable in a crate. Crate training is essential for helping a dog to be comfortable spending time in a crate. During an emergency, your dog may need to spend time in a crate for safety. This is especially likely if your family must evacuate from your home.\n\nThe AKC Canine Good Citizen Test measures basic skills that are great for all dogs to work towards. It tests basic obedience skills, as well if you’re dog is comfortable being near other dogs and being approached and handled by friendly strangers. These are skills that dogs benefit from having before any emergency where they may need to be in crowds or handled by strangers.\n\n', 'Create an Emergency Dog To-Go Bag': 'To prepare for an earthquake, every dog should have a to-go bag with the basic supplies they need. In the event of an earthquake, you may need to evacuate your home or shelter in place with your dog without electricity or running water, if local infrastructure is damaged or disrupted. Earthquake kits for dogs should include:\n\nAKC is a participant in affiliate advertising programs designed to provide a means for sites to earn advertising fees by advertising and linking to akc.org. If you purchase a product through this article, we may receive a portion of the sale.\n\n', '©Sergey Lavrentev - stock.adobe.com': '', 'Practice Evacuating': 'During and after an earthquake, always follow advice from your local and state emergency response organizations. The American Red Cross advises that in the event of an earthquake people should “Drop, Cover, and Hold On” to protect themselves. If the ground starts shaking and your dog is near you, try to keep your dog calm and next to you. In any emergency, including an earthquake, you may need to quickly gather your dog and leave your home. Teach your dog to come when called, and practice in different areas of your house. This will allow you to quickly get your dog wherever they might be in your home.\n\nAKC is a participant in affiliate advertising programs designed to provide a means for sites to earn advertising fees by advertising and linking to akc.org. If you purchase a product through this article, we may receive a portion of the sale.\n\nKeep one of your dog’s leashes easily accessible so you can quickly get out of the house in an emergency. Practice for an emergency by getting your dog and their to-go bag as fast as possible. You can even make it a game and time yourself for how fast you can gather them.\n\n', 'We use cookies': '', 'Privacy Preference Center': ''}",[]
https://www.akc.org/expert-advice/health/maxillectomy-in-dogs/,Everything to Know About a Partial Maxillectomy in Dogs,"Apr 24, 2025","['jaw', 'maxillectomy', 'partial maxillectomy', 'tumor']",Nandini Maharaj,"Dogs who develop a disease or injury to the upper jaw may require a veterinary surgical procedure called a partial maxillectomy. This surgery involves removing bone and tissue in the upper jaw. There are different types of partial maxillectomy based on which part of the jaw is affected. Read on to learn about the reasons for performing a partial maxillectomy, potential complications from surgery, feeding recommendations, and post-surgery quality of life.

","{'What Is a Partial Maxillectomy?': 'Let’s start with a dog’s oral anatomy. Like humans, dogs have a set of structures and organs involved in chewing and moistening food before it’s swallowed. Among these structures are the upper and lower jaws, which are called the maxilla and mandible, respectively. The mandible is made up of two bones and holds the lower teeth in place.\n\n“The maxilla are the two bones fused that form the upper part of the upper jaw, the roof of the mouth, and parts of the eye socket and nose,” says Dr. Jerry Klein, DVM, Chief Veterinarian for the American Kennel Club. “The maxilla is a major bone in the face that holds the top teeth in place and supports muscles involved in chewing and making facial expressions.” This bone separates the nasal cavity from the oral cavity.\n\n“A maxillectomy is a surgical procedure involving the removal of all or part of the maxilla,” he says. “A mandibulectomy is the removal of part or all of the lower jaw.” These surgeries require general anesthesia and may be necessary to correct damage to the jaw or remove tumors.\n\n', 'Reasons for Performing a Maxillectomy or Mandibulectomy': 'Maxillectomies and mandibulotomies “are significant surgeries recommended to be performed by certified veterinary surgeons, often at a tertiary referral institution,” Dr. Klein says. Typically, the reason for removing part or all of the upper or lower jaw is to treat benign or malignant tumors. These tumors could be interfering with the functioning of the jaw or could spread to other parts of the body and become a life-threatening situation.\n\nAKC is a participant in affiliate advertising programs designed to provide a means for sites to earn advertising fees by advertising and linking to akc.org. If you purchase a product through this article, we may receive a portion of the sale.\n\n“Maxillectomies, full or partial, are performed to ensure complete removal of a tumor and to improve outcomes,” he explains. Often, these surgeries are part of a cancer treatment plan that involves adjunct radiation and chemotherapy and, in cases of melanoma, immunotherapy, he adds. The most common oral tumors in dogs are:\n\nAKC is a participant in affiliate advertising programs designed to provide a means for sites to earn advertising fees by advertising and linking to akc.org. If you purchase a product through this article, we may receive a portion of the sale.\n\n', 'Diagnosing Oral Tumors': 'The veterinarian must first establish which type of tumor the dog has and how much it has spread to surrounding tissues. This is achieved through a histological diagnosis of cell, tissue, or organ samples by staining and examining them under a microscope. They’ll start with a physical exam, taking note of the dog’s age, breed, sex, reproductive status, coat color, and distinctive markings, known as signalment.\n\nTo aid in diagnosis, the vet will use “fine needle aspirate, which means using a needle and syringe to sample a lump, and as a gold rule, biopsy which involves taking a bit of tissue for analysis,” he says. “This is done most of the time under general anesthesia.” Next, the vet will conduct CT scans to assess the extent of the tumor invasion and metastasis (spread of cancer cells), so they can plan for surgery. At this time, they may also take fine needle aspirates of the regional lymph nodes, which are small structures beneath the skin that can become enlarged due to disease or inflammation.\n\nThe results of the CT scan will help determine the type of surgery needed. “Parts of the mandible or maxilla or the whole mandible or maxilla may need to be removed,” he says. “In some cases, partial maxillectomies are performed for treatment of severe jaw fractures or jaw fractures that do not heal, are severely infected, or have been extensively damaged from trauma.”\n\n', 'Types of Surgical Techniques and When They Are Necessary': '“Removal of all or part of the maxilla is dictated by the location and extent of the lesion,” Dr. Klein says. There are different types of maxillectomy procedures based on which part of the upper jaw is damaged or diseased. These include:\n\nAKC is a participant in affiliate advertising programs designed to provide a means for sites to earn advertising fees by advertising and linking to akc.org. If you purchase a product through this article, we may receive a portion of the sale.\n\n“Surgical decisions are also dictated or limited by the affected lip or gum tissue, extension of the lesion across the midline of the rear portion of the hard palate, and whether there is sufficient tissue or skin to reconstruct any oral or nasal defect caused by the removal of the lesion,” he explains. Normally, the surgeon will schedule a consultation with the client to discuss these procedures. They will explain the reasons for the type of surgery, any complications from surgery or anesthesia, and risks to the dog during and after surgery.\n\n', 'Post-Surgical Complications, Tumor Recurrence, and Survival': 'The prognosis for canine maxillectomy depends on the type and location of the tumor, Dr. Klein says. “Surgical survival rates are generally good, with 1-year survival rates ranging from 70 – 90% following maxillectomy surgery,” he says. Post-surgical complications include:\n\nAKC is a participant in affiliate advertising programs designed to provide a means for sites to earn advertising fees by advertising and linking to akc.org. If you purchase a product through this article, we may receive a portion of the sale.\n\nDespite these complications, when a surgery is performed by a qualified surgeon, “good functional and cosmetic outcomes are expected and studies report high owner satisfaction with function and quality of life after maxillectomy,” Dr. Klein says. In a 2023 study of 45 dogs who underwent partial mandibulectomy or maxillectomy for oral tumors, most respondents said their dogs had more “good” than “bad” days post-surgery. Their dogs were able to eat and drink normally within four weeks of the surgery, and most owners said they would choose the same treatment again.\n\nLocal tumors can recur in approximately 40 – 50% of dogs, especially those with malignant tumors such as malignant melanoma, fibrosarcoma, and osteosarcoma. Recurrence of local tumors is more common following maxillectomy compared to mandibulectomy, he says. Outcomes are more favorable for maxillectomy in cases involving rostral tumors and benign disease when the diseased tissue has been removed, called histological resection or complete excision.\n\nWhen there is incomplete histological resection, meaning there are still tumor cells at the edge of a surgical excision, dogs are 3.6 times more likely to have a tumor-related death, he says. In addition, “dogs with caudal oral maxillary tumors are 4.3 times more likely to have a tumor-related death compared to dogs with tumors rostral (in the region of the nose and mouth) to the third premolar,” he says.\n\nAKC is a participant in affiliate advertising programs designed to provide a means for sites to earn advertising fees by advertising and linking to akc.org. If you purchase a product through this article, we may receive a portion of the sale.\n\n', 'Post-Operative Management Guidance': 'As with any type of surgery, it’s important to follow the veterinarian’s instructions to ensure optimal healing and recovery. This applies to medication, diet, and activity restrictions during the postoperative phase. For instance, the vet may prescribe medication to help reduce pain and swelling. They may also recommend ice packs or using an E-collar to prevent your dog from pawing or scratching the surgical site, Dr. Klein says.\n\nSince this is a major surgery, his advice is to restrict the dog’s activity for the first 10 to 14 days. In addition, your dog should avoid bathing or swimming while sutures are in place. He also recommends feeding softened food in gruel or liquid form and not allowing your dog to chew on hard objects. In some cases, a feeding tube may be used to aid recovery and ensure the dog is receiving adequate nutrition, he says.\n\nAKC is a participant in affiliate advertising programs designed to provide a means for sites to earn advertising fees by advertising and linking to akc.org. If you purchase a product through this article, we may receive a portion of the sale.\n\n', 'Post-Surgery Prognosis and Quality of Life': 'Outcomes can vary, but most dogs return to eating normally in three to five days, especially following a partial maxillectomy, Dr. Klein says. The following changes to their cosmetic appearance may be observed:\n\nOnce these post-surgical complications have subsided or been corrected, and once the dog is able to eat on their own, that dog is expected to have a good quality of life pending a recurrence of any mass or tumor, he adds.\n\n', 'We use cookies': '', 'Privacy Preference Center': ''}",[]
https://www.akc.org/expert-advice/health/spring-dog-wellness/,Spring Wellness for Your Dog: Simple Ways to Support Their Health,"Mar 11, 2026","['spring', 'skin', 'joint health', 'grooming', 'coat']",AKC Staff,"With spring upon us, we’re entering the season of renewal. Longer days, fresh air, and more time outside are a welcome change from the chilly winter months. Spring brings more opportunities for your dog to stretch their legs, explore, and enjoy new adventures. But as the seasons change, so do their wellness needs.

Whether it is stiff joints or seasonal shedding, slight adjustments may help keep your dog feeling their best. Take a moment to read through these veterinarian-recommended tips to help support your dog as we enter springtime.

","{'A Simple Step for Joint Support': 'More movement means more strain on your dog’s joints. Talk to your veterinarian for help in creating a plan to support their joint health. Things like weight management, regular exercise, and mobility aids such as ramps or carpets on slippery floors can be helpful depending on the age of the dog.\n\nAs we enter spring, here are some helpful tips when thinking about your pet’s joints.\n\n', 'Springtime Joint Care Tips': 'Adding a joint health supplement to your dog’s daily routine is an effortless way to support them through the changing seasons. Remember, you do not need to wait until a dog’s senior years to think about joint support and supplementation.\n\n', 'Shedding Season? Support Skin and Coat Health from the Inside Out': 'As temperatures rise, so does shedding. Dry air, seasonal allergens, and normal coat turnover can all affect skin and coat health.\n\nAKC is a participant in affiliate advertising programs designed to provide a means for sites to earn advertising fees by advertising and linking to akc.org. If you purchase a product through this article, we may receive a portion of the sale.\n\n', 'Springtime Skin and Coat Care Tips:': 'AKC is a participant in affiliate advertising programs designed to provide a means for sites to earn advertising fees by advertising and linking to akc.org. If you purchase a product through this article, we may receive a portion of the sale.\n\n', 'Make This Spring Your Dog’s Best Yet': 'Spring is full of fresh starts—for both you and your dog. A few small adjustments, like adding joint and skin and coat support, can help support your dog during this season.\n\nWhile these supplements are often associated with senior dogs, they can be beneficial for dogs of all ages. Talk with your veterinarian about supporting your dog’s wellness early and throughout their life.\n\n', 'We use cookies': '', 'Privacy Preference Center': ''}",[]
https://www.akc.org/expert-advice/health/vaginitis-in-dogs/,"Vaginitis in Dogs: Signs, Symptoms, Treatments","Apr 04, 2025","['potty training', 'urinary tract infection', 'vaginitis']",Nandini Maharaj,"Just as your puppy is getting used to potty training, you might notice them urinating more than usual, having accidents in the house, or licking their genital area. Sometimes, this can be a sign of a behavioral problem. Other times, excessive licking and inappropriate urination could mean that your dog has a condition called vaginitis in dogs. Vaginitis means swelling or inflammation of the vagina and occurs in female dogs that are spayed or intact.

This condition is usually seen in puppies but can also affect adult dogs. If you notice any changes in your dog’s potty habits or an unusual discharge from their vagina, make sure to book an appointment with your veterinarian. Read on to learn about vaginitis in dogs, including the causes, symptoms, and treatments.

","{'What Causes Vaginitis in Dogs?': 'When bacteria enter a dog’s vagina, they can reproduce and result in an infection called vaginitis in dogs. Other causes include viral infections and hormonal imbalances. You can think of a dog’s urinary tract as a river, starting with the kidneys, which filter blood, and the ureters, which are tubes connecting the kidneys to the bladder, says Dr. Josh Smith, DVM, a small animal veterinarian and owner of Pawspital Animal Hospital. Urine travels through the ureters and is stored in the urinary bladder until it’s expelled from the body through a tube called the urethra.\n\n“There are a lot of places where something can go wrong,” he says. If there’s a growth of bacteria in the bladder, this is called a urinary tract infection (UTI). Since symptoms like frequent urination are seen in both UTIs and vaginitis, sometimes it can be difficult to differentiate between these conditions. The treatment for vaginitis is also similar to that for UTIs.\n\nAKC is a participant in affiliate advertising programs designed to provide a means for sites to earn advertising fees by advertising and linking to akc.org. If you purchase a product through this article, we may receive a portion of the sale.\n\nThe main difference between vaginitis and a UTI is the location of the infection, the former affecting the vagina and the latter affecting the bladder and urinary tract. Vaginitis tends to be more common in puppies than older dogs, while UTIs can occur in dogs of all ages, including male dogs. In addition, vaginitis may resolve on its own after the puppy’s heat cycle.\n\nAside from genetics, a dog’s anatomy can also increase a dog’s risk of vaginitis. Some dogs have a recessed or hooded vulva, meaning they have extra skin surrounding the vulva. Moisture and dirt can become trapped in these skin folds, leading to an infection. Excess skin folds and a recessed vulva tend to be more common in breeds like the French Bulldog, Bulldog, and Pug, but vaginitis is also seen in other breeds like the Labrador Retriever and Golden Retriever, he says.\n\n', 'How Is Vaginitis in Dogs Diagnosed?': 'Symptoms of vaginitis may come and go. Some dogs may not have any noticeable symptoms, while others may experience recurrent infections, especially younger dogs and dogs with a structural abnormality (e.g., a recessed vulva), Dr. Smith explains. If your dog does have symptoms, they may include:\n\nAKC is a participant in affiliate advertising programs designed to provide a means for sites to earn advertising fees by advertising and linking to akc.org. If you purchase a product through this article, we may receive a portion of the sale.\n\nIf vaginitis is suspected, your veterinarian will conduct a urinalysis, which is a screening test to check for signs of infection or disease. There are two ways to collect a urine sample: free catch and cystocentesis.\n\nCapturing urine in a container while your dog is urinating is known as free catch. One problem with this method is that the urine sample could be contaminated by bacteria in the vagina, the dog’s environment, or the container itself, he says. “It’s not a sterile collection.” Another concern with using free catch is that it doesn’t tell you which part of the genital tract is infected.\n\nA urinalysis can confirm that your dog has an infection but not whether it’s located in the kidneys, ureters, bladder, urethra, or vagina. Because of the potential for contamination, “it’s a little bit difficult to say, this is vaginitis,” he says. “So, usually you treat it like a urinary tract infection because wherever you collected the urine doesn’t tell you if the vagina itself is infected unless it’s swollen and red and irritated, which isn’t always the case.”\n\nA second way to collect urine is cystocentesis, which involves using a needle and ultrasound. The vet will put the needle directly into the bladder and collect a sterile urine sample. “Since you’re getting it directly from the source, it’s not going to be contaminated,” he says.\n\nAKC is a participant in affiliate advertising programs designed to provide a means for sites to earn advertising fees by advertising and linking to akc.org. If you purchase a product through this article, we may receive a portion of the sale.\n\nCystocentesis can tell you if there are bacteria in the bladder, but it doesn’t tell you if a dog has vaginitis because the sample you’re collecting is higher up in the genital tract. So, this procedure would be more appropriate for a UTI, he explains. You can also take a bacterial culture on the urine collected via free catch or cystocentesis. A culture can tell you which bacteria are present and, therefore, which antibiotics will be most effective.\n\nIf the urine was collected using free catch, there may be bacteria growing but not necessarily in the vagina. It can be frustrating and expensive for owners to continue testing for vaginitis and treating recurrent infections. “Thankfully, most puppies grow out of it, but it takes time,” he says.\n\n', 'How Do You Prevent and Treat Vaginitis in Dogs?': 'Keeping your puppy at a healthy weight can help them avoid developing excess skin where bacteria tend to proliferate. If your dog has skin folds or a hooded vulva, you’ll want to keep the vulvar area clean and dry in addition to sanitizing their bedding and living environment. Dr. Smith recommends daily cleaning of skin folds with medicated wipes that contain chlorhexidine.\n\nAKC is a participant in affiliate advertising programs designed to provide a means for sites to earn advertising fees by advertising and linking to akc.org. If you purchase a product through this article, we may receive a portion of the sale.\n\nAside from using wipes, the treatment for vaginitis is oral antibiotics. But even with routine cleaning and medication, vaginitis tends to come back in puppies. It may be that “you’re not using the right antibiotic, and in puppies, it can be very frustrating trying to find the source of the infection,” he says.\n\nFor dogs with a hooded vulva, you can do a surgery called a vulvoplasty “to get rid of that excess tissue that brings that vulva out, so it’s not underneath all that skin,” he says. You’ll want to wait until they’re fully grown to do this surgery. It’s also important for them to wear a cone while recovering to prevent them from licking the vulvar area.\n\nIf the infection recurs, it’s a good idea to conduct cystocentesis, especially if this screening test wasn’t done the first time. A negative result means that the infection is further downstream from the bladder. With most dogs, cystocentesis can be done without anesthesia. The vet will have your dog lie on their back and use the ultrasound to determine where to extract a urine sample from the bladder.\n\n', 'We use cookies': '', 'Privacy Preference Center': ''}",[]
https://www.akc.org/expert-advice/health/pokeberries-and-dogs/,Pokeberries and Dogs: What to Know About Pokeweed Poisoning,"Apr 03, 2025","['poison', 'pokeberry', 'pokeweed']",Gemma Johnstone,"Pokeweeds are attractive flowering shrubs, and their large berries provide beneficial fuel for migratory birds. However, they aren’t ideal landscaping plants. With their aggressive, weedy habit, pokeweeds can quickly take over your yard. Plus, pokeberries and dogs aren’t a good combination, especially if your pet likes to nibble on fruiting plants or dig up their roots.

Pokeweeds aren’t as toxic to dogs as some plants, such as the popular Sago Palm or Lily of the Valley. However, it’s worth being aware of the risks of pokeweed poisoning if you live in an area where they grow.

","{'What Are Pokeweed Plants?': 'The pokeweed (Phytolacca americana), also known as pokeberry, inkberry, and pigeonberry weed, is a North American native perennial shrub. Growing in USDA hardiness zones four to eight, you can find this resilient plant in many parts of the U.S., growing on woodland edges, along fence rows, and in pastures and sections of wasteland.\n\nFast-growing and readily self-seeding, pokeweeds can spread rapidly. The shrubs can grow to over 10 feet high and have long, fleshy taproots, which can be challenging to remove. The arching shrub produces long-lasting, linear clusters of white blooms in early summer that give way to large berries in the late summer and early fall. The berries ripen to a dark blue or purple shade, attracting birds to your yard.\n\nAKC is a participant in affiliate advertising programs designed to provide a means for sites to earn advertising fees by advertising and linking to akc.org. If you purchase a product through this article, we may receive a portion of the sale.\n\n', 'Are Pokeberries Toxic to Dogs?': 'All parts of the pokeweed plant, including the root, stems, leaves and berries, are toxic to dogs. Dr. Renee Schmid, Senior Veterinary Toxicologist at the Pet Poison Helpline, explains that the plant contains compounds called saponins, which are very irritating to the gastrointestinal tract of dogs. Pokeweeds also contain irritating oxalates and histamines.\n\n“Ingesting any amount [of pokeweed] can cause stomach upset,” Dr. Schmid says. “However, when the leaves, shoots, and berries are cooked, it’s usually less likely to.”\n\nPeer-reviewed studies on the toxicity levels of pokeweed plants are limited. However, it’s widely reported that the root is the most poisonous part. While the berries may not be as toxic as the root or mature leaves and stems, they’re still hazardous to your pet, especially when they eat more than a few.\n\n', 'Symptoms of Pokeweed Poisoning in Dogs': '“We have seen several cases [of pokeweed poisoning in dogs], and all look like they either did not have any symptoms or just mild stomach effects,” Dr. Schmid says. “We will usually only see gastrointestinal upset, with vomiting and diarrhea.” However, more serious and occasionally life-threatening symptoms can occur if your dog consumes large quantities.\n\nAKC is a participant in affiliate advertising programs designed to provide a means for sites to earn advertising fees by advertising and linking to akc.org. If you purchase a product through this article, we may receive a portion of the sale.\n\nSigns of poisoning in dogs by pokeweed usually come on rapidly (within a few hours) and can include:\n\n', 'What to Do If Your Dog Eats Pokeberries?': 'Dr. Schmid recommends contacting the Pet Poison Helpline or your veterinarian for advice if your dog eats any part of the pokeberry plant—unless you’re sure it was only one or two berries, and they’re showing no symptoms.\n\nAKC is a participant in affiliate advertising programs designed to provide a means for sites to earn advertising fees by advertising and linking to akc.org. If you purchase a product through this article, we may receive a portion of the sale.\n\n“Every situation is different, and if your pet has medical issues, it may affect how they respond to the ingestion,” she says. “Also, sometimes, what we see as owners being ingested isn’t all they ingested. We can give the owner guidance and things to look for in case the exposure was more than they were expecting.”\n\nIf you’re concerned your dog may have eaten a larger quantity of pokeweed, or they’re displaying concerning symptoms, such as weakness or respiratory difficulty, it’s best to go straight to a veterinary hospital. Rapid treatment reduces the chance of there being any serious or long-lasting effects. It’s helpful to take a photo of the plant and, where possible, bring a piece along for identification.\n\nNever try to make your dog throw up at home unless advised by a veterinarian.\n\n', 'What Is the Treatment for Pokeberry Poisoning in Dogs?': 'Unless your dog has eaten a large quantity of a pokeweed plant, symptomatic care is typically the best treatment. “That might consist of a bland diet, an anti-emetic (medication to help stop vomiting and nausea), and medication to help with diarrhea,” Dr. Schmid says.\n\nAKC is a participant in affiliate advertising programs designed to provide a means for sites to earn advertising fees by advertising and linking to akc.org. If you purchase a product through this article, we may receive a portion of the sale.\n\nInducing vomiting would only happen if your veterinarian suspects your dog has ingested a large quantity of pokeweed plant, and it happened within a few hours of the visit. In rare, severe cases, a veterinarian may hospitalize the dog for 48 hours to monitor their condition and administer supportive care, such as activated charcoal to bind the toxins and IV fluids to rehydrate.\n\nMost dogs will have made a significant recovery within one to two days.\n\n', 'Should I Remove Pokeweed Plants From My Yard?': 'Whether you remove pokeweed plants from your yard as a precaution depends on your dog and your yard setup.\n\nThe crushed leaves and stems of pokeweed emit an acrid odor, and while birds enjoy the berries, most animals find them unpalatable, meaning your dog is likely to avoid this shrub.\n\nHowever, if you have a curious new puppy, a dog that loves digging in soil, or one with previous experience eating plants that are poisonous, it may be better to dig up this shrub and its long, toxic taproot. Regularly lifting fallen berries is also a sensible strategy—the saponins released if your dog crushes them underfoot could irritate their paws.\n\nAKC is a participant in affiliate advertising programs designed to provide a means for sites to earn advertising fees by advertising and linking to akc.org. If you purchase a product through this article, we may receive a portion of the sale.\n\nIf you’re attached to your pokeweed shrub, you could also fence it off to keep it out of your dog’s reach.\n\n', 'We use cookies': '', 'Privacy Preference Center': ''}",[]
https://www.akc.org/expert-advice/health/hygromas-in-dogs/,What to Know About Hygromas in Dogs,"Mar 26, 2025","['hygroma', 'elbow']",Nandini Maharaj,"Some dogs have a habit of plopping down on the floor, hitting their elbows in the process. This wear and tear on their joints can cause the tissue under the skin to swell and fill with fluid, known as a hygroma. Hygromas often form over a pressure point like the elbow or hip.

In the early stages, hygromas are treatable but can become infected or grow to a size that causes your dog pain and discomfort. Accordingly, it’s best to consult your veterinarian about an appropriate course of action. Here’s what you need to know about hygromas in dogs including the symptoms, diagnosis, and treatment of this condition.

","{'What Is a Hygroma?': '“A hygroma is a fluid-filled swelling that develops over pressure points or bony areas,” says Dr. Kelly Hood, DVM, in-house veterinary expert at Pet Portraits and consultant for California Dog Kitchen. They can form on the hip or ankle and are commonly seen on a dog’s elbows. Hygromas may not be noticeable at first, starting out as small lumps under the skin.\n\nAny dog can develop a hygroma. However, some breeds are more likely than others to develop these noncancerous growths. Hygromas can grow up to two inches in diameter and may affect one or both elbows. The size and severity of hygromas depend on the amount of trauma caused when a dog lies down on the ground.\n\n“Hygromas aren’t usually painful unless they become infected,” she says. A sign of infection is a clear fluid or colored discharge, which can prompt your dog to lick the area. In addition, hygromas can grow and cause the skin to thicken and harden. If your dog seems uncomfortable or reluctant to lie down, or the area feels warm and swollen, she recommends bringing your dog in to see a veterinarian.\n\nAKC is a participant in affiliate advertising programs designed to provide a means for sites to earn advertising fees by advertising and linking to akc.org. If you purchase a product through this article, we may receive a portion of the sale.\n\n', 'What Causes Hygromas, and Which Dogs Are at Risk?': 'Hygromas are caused “by repeated pressure or trauma to bony areas,” Dr. Hood says. Among those at risk of developing hygromas include senior dogs, dogs with a sedentary lifestyle, and dogs who tend to lie on hard surfaces like hardwood or tile for extended periods. Over time, these hard surfaces can exert stress on your dog’s joints, leading to inflammation.\n\n“This can trigger the body to form a fluid-filled sac as protection, kind of like a blister,” she says. It’s the body’s way of trying to protect the inflamed area. If your dog continues lying on hard surfaces, the hygroma can get bigger. “A prolonged irritation can lead to complications like infections, abscesses, or ulcerations, which can be painful,” she adds. Granulomas (i.e., masses of inflamed tissue with sand-like deposits) and tissue erosion may also occur.\n\nAnother risk factor for hygroma is the dog’s size. “Larger breeds, such as Great Danes, Labradors, German Shepherds, and Mastiffs, are more prone to developing hygromas,” she says. Their heavier body weight can cause them to hit the ground with greater force, putting pressure on bony areas where hygromas tend to form. Spending long periods lying on hard surfaces can increase the chance of hygromas developing and becoming infected.\n\nAKC is a participant in affiliate advertising programs designed to provide a means for sites to earn advertising fees by advertising and linking to akc.org. If you purchase a product through this article, we may receive a portion of the sale.\n\n', 'How Do You Diagnose and Treat Hygromas?': 'While many hygromas may go away uneventfully, the sight of one can be alarming to dog owners. Consulting a veterinarian can help determine if the hygroma is getting larger or becoming infected. Typically, hygromas are diagnosed through a physical examination. In addition, the vet will ask when you first noticed the swelling and if there have been any changes in your dog’s behavior or sleep habits. “In some cases, we may do a biopsy or fluid aspiration to rule out infection or other conditions,” Dr. Hood adds.\n\nFor hygromas that are small and without complications like infection, your veterinarian will recommend using soft bedding and protective padding to prevent further trauma to your dog’s joints. You can purchase a dog bed made with memory foam or use foam tiles to cover the floor where your dog sleeps. Padded surfaces help cushion the joint and keep the hygroma from growing or developing a lesion.\n\nAKC is a participant in affiliate advertising programs designed to provide a means for sites to earn advertising fees by advertising and linking to akc.org. If you purchase a product through this article, we may receive a portion of the sale.\n\n“If the hygroma is large or infected, treatment may involve drainage, laser therapy, or, [as a last resort,] surgical removal,” she says. Infected hygromas can be treated with antibiotics. Chronic or severe cases may require drainage, flushing, surgical removal, or skin grafting. Given the risk of a recurrent infection, it’s important to care for the wound after surgery, keeping it clean and using padding to avoid further injury.\n\n', 'What Can You Do to Prevent Hygromas?': 'Hygromas are less likely to develop in the first place if you can reduce the pressure on bony areas. “Protective padding can help prevent hygromas,” Dr. Hood says. “Ensure your dog has a soft bed or surface they can lie on and limit time on hard surfaces.” It’s also important to keep your dog at a healthy weight, so there’s less force on their joints when they lie down.\n\nKeep in mind that, if your dog does require surgery, this may not address the underlying cause of hygroma. Plus, it doesn’t prevent new growths from developing. Therefore, keeping your dog in good shape and using protective padding can go a long way toward preventing hygroma and keeping it from recurring. Catching hygromas early can help you avoid invasive and expensive treatments and longer recovery times for your dog.\n\nIf your dog is a senior, has mobility issues, or is recovering from surgery, she recommends creating a cushioned resting area and monitoring your dog. Make sure they change position regularly to relieve stress on their joints. Lastly, “be sure your vet checks all joints for signs of arthritis or other degenerative joint disease, so there is no other underlying issue that may affect the mobility of the joint or create a painful condition,” she adds.\n\n', 'We use cookies': '', 'Privacy Preference Center': ''}",[]
https://www.akc.org/expert-advice/health/thrush-in-dogs/,"Thrush in Dogs: Signs, Symptoms, Treatments","Dec 05, 2025",['thrush'],Nandini Maharaj,"Itchy or scaly skin and a musty odor are among the symptoms of a yeast infection or what is sometimes referred to as thrush. Thrush in dogs, also known as candidiasis, is a fungal infection caused by an overgrowth of yeast called Candida albicans. Having yeast on the skin or inside the body is normal for dogs, but an overgrowth of yeast can cause inflammation and infection.

The most common cases of localized candida in dogs are in the ear, mouth, or on the skin. Candida can also involve the urinary bladder or the gastrointestinal tract, especially in dogs that have an underlying disease such as uncontrolled diabetes, or in dogs that may be immunocompromised. Finally, it can also occur around areas of placed intravenous (IV) catheters, urinary catheters, and gastronomy tubes.

Here’s what to know about thrush in dogs, including the signs and causes of a yeast infection and how to avoid recurrent infections.

","{'What Causes Thrush in Dogs?': 'Yeast is a type of fungus, which are microorganisms found on the skin and mucous membranes. There are different species of yeast including Candida and Malassezia which are “part of the normal flora on a dog’s skin,” says Dr. Kelly Hood, DVM, in-house veterinary expert at PetPortraits.com. “If the skin becomes inflamed due to allergies or some other disease process that reduces the pet’s immunity, the yeast flourish and start to cause problems.”\n\nAKC is a participant in affiliate advertising programs designed to provide a means for sites to earn advertising fees by advertising and linking to akc.org. If you purchase a product through this article, we may receive a portion of the sale.\n\nAn overgrowth of yeast is called thrush or a yeast infection. Often, when there is a yeast infection in the skin, ear canals, or paws, the normal bacterial flora is affected, she says. Normal flora is also present in the nose, mouth, gastrointestinal tract, and urinary tract. The infection may be limited to a certain location like the ears, or it can be more widespread throughout the body.\n\nDogs of any age or breed can develop a yeast infection. However, dogs with skin folds or floppy ears may be more vulnerable to infection since these areas can trap moisture, which can provide a breeding ground for yeast. As a result, it’s important to dry your dog properly, including inside their ears, after they go swimming or have a bath. In addition, dogs with skin allergies tend to produce more oil on their skin, creating ideal conditions for yeast to grow and reproduce.\n\n“A yeast infection can become part of a vicious cycle where the pet becomes so itchy due to the overgrowth that it scratches hard enough to break the skin barrier,” she says. “This is referred to as a hot spot, which is uncomfortable, even painful, and can result in more yeast and bacterial proliferation.” If untreated, the skin can become thicker and darker over time.\n\n', 'Signs of Thrush and How It’s Diagnosed': 'The signs of thrush can vary depending on the location, extent, and severity of the yeast infection. If your dog has an ear infection, for example, you’ll notice them shaking or rubbing their head persistently. For infections involving the gastrointestinal tract, dogs may experience diarrhea or a loss of appetite.\n\nAKC is a participant in affiliate advertising programs designed to provide a means for sites to earn advertising fees by advertising and linking to akc.org. If you purchase a product through this article, we may receive a portion of the sale.\n\nCommon symptoms of dermatologic (skin) thrush include:\n\nIf you notice any of these signs, book an appointment with your veterinarian who can examine your dog and determine if they have a yeast infection. For example, they can take a urine sample to identify which microorganisms are causing the infection.\n\nAKC is a participant in affiliate advertising programs designed to provide a means for sites to earn advertising fees by advertising and linking to akc.org. If you purchase a product through this article, we may receive a portion of the sale.\n\nIf your dog’s skin is inflamed, the vet can analyze skin cells “by placing a piece of clear tape on the skin, adhesive side down or gently scraping the top layers of skin to collect cells and place on a microscope slide to look for organisms,” Dr. Hood says. “To definitively confirm that yeast overgrowth is involved, a swab of ear debris, if present, can be analyzed under the microscope to visually screen for yeast organisms.”\n\n', 'Treatment for Thrush in Dogs': 'Yeast infections don’t just look and smell unpleasant. They can also cause your dog considerable discomfort. So, it’s best to have your dog seen by a veterinarian who can properly diagnose and recommend an appropriate course of treatment. Depending on how serious the infection is and where it’s located, treatment options for thrush will vary.\n\nYeast infections can leave your dog feeling itchy and uncomfortable. For oily skin, you may need to use a degreasing shampoo to cleanse the skin before applying a medicated shampoo to treat the yeast. Products containing antifungal medications, such as ketoconazole, miconazole, or chlorhexidine, “can help soothe the skin and flush out the pores,” Dr. Hood says.\n\nAKC is a participant in affiliate advertising programs designed to provide a means for sites to earn advertising fees by advertising and linking to akc.org. If you purchase a product through this article, we may receive a portion of the sale.\n\nIt’s best to consult your veterinarian about using medicated shampoo. It’s also a good idea to wear gloves when using any type of medicated shampoo. Typically, these shampoos need to remain on the skin for at least 10 minutes. Then, you’ll need to re-apply the shampoo every few days, and it can take several weeks to see improvement.\n\nIf a swab confirms that the ears are infected, you can use an ear cleaner to flush out wax and debris. “Cleaning the dog’s ears with a veterinarian-approved cleaner, such as those containing salicylic acid, can soothe the ear canal and disrupt an early infection,” she says. Depending on the severity of the infection, the vet may also prescribe medicated ear drops that contain antifungal medication.\n\n“If topical therapy is not sufficient, starting oral anti-itch medication can help stop the cycle,” she says. The vet may prescribe oral antibiotics to get the bacterial overgrowth under control. Once that happens, the yeast population usually declines as well.\n\n“There is an oral anti-yeast medication, however, it can cause bone marrow suppression and other side effects,” she says. “Therefore, it is not recommended as a first line of treatment for skin.”\n\nFor recurrent infections, your vet may recommend blood work to screen for underlying disease and immune system dysfunction. “Routine bathing with an aloe soap and oatmeal shampoo to gently cleanse the skin can help prevent flora overgrowth,” she says. Aloe vera has anti-inflammatory and antifungal properties.\n\nAKC is a participant in affiliate advertising programs designed to provide a means for sites to earn advertising fees by advertising and linking to akc.org. If you purchase a product through this article, we may receive a portion of the sale.\n\nDogs with recurrent yeast infections “may also benefit from a sensitive skin diet to reduce skin irritations,” she says. Monthly parasite control can also help guard against fleas, ticks, and other parasites that cause a dog to be itchy. Finally, yeast infections are likely to recur unless the underlying health issue is addressed through immune support, dietary changes, good hygiene such as routine bathing and grooming, or a combination of these strategies.\n\n', 'We use cookies': '', 'Privacy Preference Center': ''}",[]
https://www.akc.org/expert-advice/health/osteosarcoma-in-dogs/,"Osteosarcoma in Dogs: Signs, Diagnosis, Treatments","Mar 26, 2025","['cancer', 'large breeds', 'osteosarcoma']",Gemma Johnstone,"If your dog receives an osteosarcoma diagnosis, it can leave you feeling devastated. However, there are treatment options available for this aggressive bone cancer which can allow you to enjoy more pain-free time with your pet.

Learn more about osteosarcoma in dogs, how to recognize the signs of the disease, and what to speak with your veterinarian about to help you navigate your pet’s diagnosis.

","{'What Is Osteosarcoma in Dogs?': 'Osteosarcoma accounts for at least 85% of bone cancers in dogs seen by veterinarians, according to Dr. Cheryl London, DVM, PhD, ACVIM, an associate dean of research and veterinary oncologist at the Cummings School of Veterinary Medicine at Tufts University.\n\nIt’s most commonly seen in the appendicular skeleton of dogs (the long limb bones). However, Dr. London explains it can also occur in the axial skeleton (consisting of the skull, vertebrae, ribs and sternum). “These are the flatter bones, like the scapula in the shoulder and the jaw,” she says. Very rarely, osteosarcoma occurs outside of the skeleton. “We call that extraskeletal osteosarcoma,” Dr. London says. “We’ve seen it in the mammary gland and the spleen.”\n\nThe growing tumor damages normal bone, making it more susceptible to breaking, and because this type of cancer is aggressive, it can rapidly metastasize, spreading to the lungs.\n\n', 'What Causes Osteosarcoma in Dogs?': 'Dr. London explains that osteosarcoma occurs primarily in large and giant breed dogs. “There is probably both a genetic and size component, meaning there are some breeds of dogs that seem to be significantly at increased risk for developing this cancer,” she says. These breeds include:\n\nAKC is a participant in affiliate advertising programs designed to provide a means for sites to earn advertising fees by advertising and linking to akc.org. If you purchase a product through this article, we may receive a portion of the sale.\n\nHowever, it’s important to recognize that osteosarcoma can occur across various sizes and breeds. Though it’s more common in middle-aged and senior pets, this cancer can affect dogs of any age.\n\nAKC is a participant in affiliate advertising programs designed to provide a means for sites to earn advertising fees by advertising and linking to akc.org. If you purchase a product through this article, we may receive a portion of the sale.\n\n', 'Signs of Osteosarcoma in Dogs': 'Osteosarcoma is an aggressive cancer which can metastasize (spread to the lungs) before owners notice any obvious signs in their dogs. Signs are often nonspecific and vary depending on the location of the cancer and how quickly the bone breaks down. For osteosarcoma affecting the long limb bones, such as the femur, tibia, radius, and humerus, the first signs you might see in your dog are limping or lameness.\n\nDeborah Mandell, VMD, is a Professor and Director of Emergency Services at Matthew J. Ryan Veterinary Hospital of the University of Pennsylvania. She explains that your dog may initially respond to conservative medical therapy with non-steroidal anti-inflammatory drugs (NSAIDs). Unfortunately, it’s likely that the symptoms will typically worsen again. “The area of the tumor is also typically painful on palpation,” she says. You may even be able to see the mass or swelling, depending on which bone is involved.\n\n“Sometimes we only see dogs after they have suffered a pathologic fracture of the area of the cancer in the leg, where they’re acutely extremely painful,” Dr. Mandell says. “If the cancer is on another bone, then pain and swelling will be a common sign, as will systemic signs like lethargy and anorexia secondary to the pain.”\n\nSome subtle signs your dog is in pain include:\n\n', 'Diagnosis of Osteosarcoma in Dogs': 'Typically, the first thing your veterinarian will do once they establish where they believe the pain is coming from is take an x-ray. “In 99% of dogs, by the time they’re lame and have failed standard treatment for a soft tissue injury, there’s usually something pretty obvious you can see,” Dr. London says. When bone cancer is present, there will typically be signs of bone destruction and sometimes new bone formation on the x-ray.\n\nAKC is a participant in affiliate advertising programs designed to provide a means for sites to earn advertising fees by advertising and linking to akc.org. If you purchase a product through this article, we may receive a portion of the sale.\n\nA fine needle aspiration, which removes some cells from the affected area to examine on a slide, can confirm cancer. “However, that relies upon there being enough bone destruction to get the needle in for a sample,” Dr. London says.\n\nWhile a successful fine needle aspiration can give you a diagnosis of sarcoma, most consistent with osteosarcoma, there are other types of bone cancers which vary in their malignancy. These include chondrosarcoma, fibrosarcoma, hemangiosarcoma, and histiocytic sarcoma.\n\nAKC is a participant in affiliate advertising programs designed to provide a means for sites to earn advertising fees by advertising and linking to akc.org. If you purchase a product through this article, we may receive a portion of the sale.\n\nA bone biopsy can provide a more definitive diagnosis, but it’s a much more involved process. “For most of our patients, we don’t end up doing a bone biopsy because they choose to go forward with amputation,” Dr. London explains.\n\nYour veterinarian will likely also perform further testing, such as bloodwork, urinalysis, and chest x-rays, to look for signs of progression of the disease.\n\n', 'Treatment of Osteosarcoma in Dogs': 'There is currently no cure for osteosarcoma in dogs, and it’s a highly metastatic form of cancer. This means it has often spread microscopically to other body parts by the time you receive a diagnosis. “Unfortunately, we don’t have methods to detect osteosarcoma at its earliest point in the way mammograms in humans detect things when they’re just a couple of millimeters in size,” Dr. London says.\n\nHowever, there are treatment options which can slow the progression of the cancer and help manage a dog’s pain. How you decide to proceed following a diagnosis is highly individualized based on various factors. “Typically, we tell owners that there’s no right or wrong decision,” Dr. London says. “Quality of life plays a really important role in decision-making, as do finances.”\n\n“The first thing we want to do is make sure there’s no obvious evidence that it has spread to the lungs, so we always take chest x-rays,” Dr. London says. “If there’s obvious spread to the lungs, it tends to be very poorly responsive to treatment (less than 10% response rate).” She explains that in these cases, veterinarians will typically recommend palliative care to keep your dog comfortable.\n\nEven if it hasn’t spread to the lungs, you may opt for palliative care, focussing on managing the pain, since bone tumors are very painful, and regularly assessing your dog’s quality of life. This is particularly true if you have financial constraints or your dog is not a good candidate for amputation — maybe they have severe arthritis, obesity, or other illnesses.\n\nAKC is a participant in affiliate advertising programs designed to provide a means for sites to earn advertising fees by advertising and linking to akc.org. If you purchase a product through this article, we may receive a portion of the sale.\n\n“For most patients, the treatment of choice is amputation followed by some form of injectable chemotherapy,” Dr. London says. While this won’t cure your dog of osteosarcoma, removing the primary tumor and administering anti-cancer drugs slows the spread of the disease and offers immediate relief from pain.\n\nWhile amputation can seem a radical option, Dr. London explains that the overwhelming majority of owners are happy with their dog’s quality of life post-surgery. “Dogs don’t have the psychological challenges that we do with losing a leg, and they go back to ambulating [moving around independently] very quickly,” she says.\n\nChemotherapy treatment administered by an oncology specialist begins soon after surgery. “Typically, we use a chemotherapy drug called carboplatin, which is given by IV injection every three weeks in four to six treatments,” Dr. London explains. “It’s a really well-tolerated drug and doesn’t cause a lot of side effects.”\n\nAKC is a participant in affiliate advertising programs designed to provide a means for sites to earn advertising fees by advertising and linking to akc.org. If you purchase a product through this article, we may receive a portion of the sale.\n\nDosing differs from human chemotherapy treatment, so your dog won’t typically suffer from nausea or diarrhea. “Some owners say their dogs feel fine with no side effects at all,” Dr. London says. “If anything, owners may say their dog feels a little tired after the treatment and maybe won’t eat for a day.”\n\nIf your dog is not a good candidate for amputation, local radiation therapy is another treatment option for osteosarcoma. Palliative radiation can help with pain control, and high-dose stereotactic radiation works to kill off the tumor.\n\n“Whether a dog is a good candidate for radiation and the type given depends on where the tumor is located, how much bone destruction there is, and whether the patient is at risk for fracture because the bone is very weakened from the tumor destroying it,” Dr. London explains.\n\n', 'Prognosis for Dogs With Osteosarcoma': 'Treatment for osteosarcoma in dogs is not curative, but it can markedly improve your pet’s quality of life and extend the time you have left to spend with them.\n\nDr. Mandell explains that with palliative care, the pain typically becomes resistant to medication after weeks to maybe a few months.\n\n“The median survival time with amputation and chemotherapy is around 11 months,” Dr. London says. “About 25% of dogs will make it to two years. Then a much smaller amount, like 5% or less, makes it to three years after amputation.” She explains that this is because the cells that spread before amputation eventually become resistant to treatment and start growing again.\n\nAKC is a participant in affiliate advertising programs designed to provide a means for sites to earn advertising fees by advertising and linking to akc.org. If you purchase a product through this article, we may receive a portion of the sale.\n\nAmputating without following up with chemotherapy reduces median survival times to around three to four months, and radiation therapy offers a median survival time of about six months.\n\nWhile these figures can be a helpful guide when making treatment decisions, it’s important to remember cancer is unpredictable. The main focus is typically on providing the best quality of life for however long your dog has left.\n\nOn a positive note, there’s a lot of promising research being conducted on osteosarcoma in dogs. “We’ve had some marginal successes with immune stimulant therapy, but most of the research is in its early stages right now,” Dr. London explains.\n\n', 'We use cookies': '', 'Privacy Preference Center': ''}",[]
https://www.akc.org/expert-advice/health/laser-therapy-in-dogs/,"Laser Therapy in Dogs: Uses, Side Effects, and Alternatives","Apr 02, 2025","['arthritis', 'chronic pain', 'chronic illness', 'laser therapy']",Gemma Johnstone,"Laser therapy for dogs is an increasingly popular complementary or alternative treatment option for managing chronic pain, inflammation and wound healing. If your aging dog’s arthritis is getting worse, you might wonder if it’s worth booking a batch of laser therapy appointments with a veterinary practice offering this service.

Learn more about how and when laser treatment for dogs could help and why professional administration is so important.

","{'What is Laser Therapy For Dogs?': 'Dr. Nina R. Kieves, DVM is an associate professor of small animal orthopedic surgery at The Ohio State University College of Veterinary Medicine. She explains that laser therapy for dogs, also known as photobiomodulation, involves using specific wavelengths of light to penetrate tissues and promote cellular regeneration and healing. “The laser light stimulates the production of ATP (adenosine triphosphate), enhancing cell repair and growth, reducing inflammation, and increasing blood circulation,” she says.\n\nThese specific wavelengths are used to reduce pain and swelling, speed up wound healing and aid bone growth. Dr. Kara Amstutz, DVM, the CEO of the Canine Rehabilitation Institute (CRI), explains that the power at which these specific wavelengths are emitted into the tissue also plays a part in their effectiveness.\n\nAKC is a participant in affiliate advertising programs designed to provide a means for sites to earn advertising fees by advertising and linking to akc.org. If you purchase a product through this article, we may receive a portion of the sale.\n\n“The higher-powered lasers are called class IV lasers. Most but not all class IV lasers generate heat,” Dr. Amstutz says. “The benefit with class IV is that the wavelength gets deep into the tissue faster.” However, they require very careful administration to prevent the risk of burning tissue. Class IIIB, often referred to as cold lasers, still have precautions, but they aren’t quite as powerful, and it takes longer for the energy to penetrate down into the tissue. “You can still get the same beneficial effect with class IIIB lasers. However, instead of a five-minute treatment time, it may be 12 minutes,” Dr. Amstutz says.\n\nPractitioners also have to consider the laser treatment dose. “Basically, this is how much energy we are delivering,” Dr. Amstutz says. The dose is measured in joules per centimeter squared and calculated based on various factors, including the laser class, the dog’s size, the surface area being treated, and the condition and its severity.\n\n', 'Effectiveness and Limitations of Laser Therapy For Dogs': 'Because this is a relatively new area of treatment, the literature on laser therapy is currently limited in the veterinary world. “Most studies have small sample sizes, lack control groups, and vary in protocols used, which can lead to inconsistent results,” Dr. Kieves says.\n\nHowever, the combined evidence from human and animal studies and use in clinical settings suggests that laser therapy for dogs is a promising treatment option for several conditions. Given that it’s pain-free and has little chance of side effects, it’s often worth trying alongside other conventional treatments.\n\nIt’s especially worth considering when patients, such as those with kidney failure, aren’t candidates for conventional pain management treatments, such as NSAIDs (non-steroidal anti-inflammatory drugs).\n\nThere are also times when it’s not appropriate to use laser therapy on dogs. According to Dr. Amstutz, this includes:\n\nAKC is a participant in affiliate advertising programs designed to provide a means for sites to earn advertising fees by advertising and linking to akc.org. If you purchase a product through this article, we may receive a portion of the sale.\n\nDr. Amstutz also cautions against owners purchasing one of the growing numbers of available at-home laser treatment tools. “They’re not nearly strong enough, and they don’t have the right wavelength to get deep into the tissue,” she says. Even if they were strong enough, you need to have a solid knowledge of dog anatomy and training to know where and how to target those wavelengths safely.\n\nAKC is a participant in affiliate advertising programs designed to provide a means for sites to earn advertising fees by advertising and linking to akc.org. If you purchase a product through this article, we may receive a portion of the sale.\n\n', 'What Can Laser Therapy for Dogs Treat?': 'Dog laser therapy may help treat a wide range of conditions on its own or as part of a multimodal treatment plan. Below are some reasons you might book your dog some sessions.\n\nBecause osteoarthritis is one of the most common conditions seen in dogs, Dr. Amstutz says it’s the one laser therapy is used to treat most often, and study results are promising. “Laser therapy is purported to be beneficial in managing chronic pain and inflammation, such as is seen in conditions like arthritis,” Dr. Kieves says. “The light energy can help reduce pain by decreasing nerve sensitivity and lowering inflammation through the reduction of pro-inflammatory mediators.”\n\nLaser therapy could be particularly helpful for dogs with weight-bearing and gait issues while recovering from TPLO surgery after a cruciate injury (a key ligament in a dog’s knee). It’s also used for managing pain and inflammation and promoting accelerated healing at surgery incision sites.\n\n“The efficacy of laser therapy in wound healing and treating skin conditions is variable,” Dr. Kieves says. “Some studies show positive results in enhancing skin repair and treating conditions like dermatitis or hotspots, and others don’t find significant improvements compared to traditional treatments.” However, when dogs have chronic wounds (like lick granulomas or elbow hygromas), it’s certainly worth considering as part of the toolbox of treatment options.\n\nAKC is a participant in affiliate advertising programs designed to provide a means for sites to earn advertising fees by advertising and linking to akc.org. If you purchase a product through this article, we may receive a portion of the sale.\n\nAKC is a participant in affiliate advertising programs designed to provide a means for sites to earn advertising fees by advertising and linking to akc.org. If you purchase a product through this article, we may receive a portion of the sale.\n\n', 'How Is Laser Therapy for Dogs Administered?': 'Most dogs tolerate this pain-free, non-invasive, low-stress therapy well. “Treatments are done with dogs awake, in a position preferred by the patient (standing or lying down),” Dr. Kieves says. Protective eye goggles specific to the laser are required for the dog and anyone else present during treatment.\n\nDr. Amstutz and her team use distraction techniques, like peanut butter-smeared lick mats, to help dogs relax and remain still. If your dog is receiving regular treatment for a chronic condition, training them to settle in place can be beneficial.\n\nEach session typically lasts between five and 30 minutes. The length of the sessions, frequency of visits, and number of treatments your dog needs vary depending on the laser class, the condition being treated, its severity, and the dog’s size.\n\nOften, general veterinary practices offer laser therapy services. However, if there’s a specialist canine rehabilitation veterinarian in your area, it could be beneficial to consult with them. They have in-depth knowledge and access to a wide variety of pain management options to fine-tune the treatment program.\n\n', 'What Are the Side Effects of Laser Therapy for Dogs?': 'If laser therapy treatment is administered correctly, side effects are rare. However, improper use can cause injuries, and a solid knowledge of canine anatomy is required to target the right areas of the body. A suitably qualified practitioner should always administer treatment under the direction and ongoing evaluation of a veterinarian.\n\nAKC is a participant in affiliate advertising programs designed to provide a means for sites to earn advertising fees by advertising and linking to akc.org. If you purchase a product through this article, we may receive a portion of the sale.\n\nEye damage is the biggest concern. Dr. Amstutz says that direct exposure to the lasers can damage the retina and, in severe cases, cause vision loss in dogs. Protective goggles are a must, even though practitioners are careful not to aim the lasers at the eye.\n\n“Rarely, burns or tissue damage can occur,” Dr. Kieves says. “This is usually secondary to improper use of the laser device, such as using too high a setting or not moving the laser properly.”\n\n', 'How Quickly Will You See Results?': '“Laser therapy has a cumulative effect, so owners shouldn’t get frustrated if one treatment doesn’t take care of everything,” Dr. Amstutz says. “Usually, they need to have at least six treatments to achieve the desired results.” However, if your dog has a chronic condition, like arthritis, and you see good results from the treatment, they may benefit from ongoing maintenance sessions.\n\nAKC is a participant in affiliate advertising programs designed to provide a means for sites to earn advertising fees by advertising and linking to akc.org. If you purchase a product through this article, we may receive a portion of the sale.\n\n', 'How Much Does Laser Therapy for Dogs Cost?': 'Dr. Kieves suggests average costs range from $30 to $70 per session. However, it varies depending on the location, the class of laser and the session length. Some rehabilitation practitioners, like Dr. Amstutz, include laser therapy as part of a bundled package to reduce the price for the owner. Pet insurance sometimes covers laser therapy treatment for dogs, but it depends on what it’s treating and the policy conditions.\n\n', 'Alternative Treatment Options': 'While laser therapy won’t work for every patient, Dr. Amstutz says it can be a useful part of a multimodal treatment toolbox. Using a range of tools is particularly helpful for improving the long-term prognosis for dogs with chronic pain issues.\n\nAKC is a participant in affiliate advertising programs designed to provide a means for sites to earn advertising fees by advertising and linking to akc.org. If you purchase a product through this article, we may receive a portion of the sale.\n\n“If we have a patient with arthritis, we’re also talking to the owner about weight management, joint supplements, and appropriate exercise,” Dr. Amstutz says. Veterinarians might recommend laser therapy for dogs alongside pain medication and other complementary therapies, such as acupuncture, hydrotherapy or canine massage.\n\n', 'We use cookies': '', 'Privacy Preference Center': ''}",[]
https://www.akc.org/expert-advice/health/are-toads-poisonous-to-dogs/,Are Toads Poisonous to Dogs?,"Mar 05, 2025","['poison', 'toads', 'toxin']","Caroline Coile, PhD","Your dog just licked — or worse — swallowed a toad! Now what?

It depends. No matter what kind of toad, don’t be afraid to grab it and take it away from the dog. It can’t hurt you. You don’t even take the time to find gloves or a cloth, just grab it with your bare hands and put it somewhere no other pet can reach it. The faster you get it away from your dog the better.

","{'What Kind of Toad Is That?': 'Two toad species are very dangerous. If you live or travel in the areas in which these species live, learn to identify them:\n\nThe cane toad (bufo, marine, or giant toad) is found in southern to central Florida, the southern tip of Texas, and Hawaii. This is a large toad, usually 4 to 6 inches long, growing up to 9 inches. In color, it’s tan to reddish-brown, dark brown or gray. Unlike native toads, it doesn’t have ridges on top of its head. It has triangular parotoid (also called parotid) glands on its shoulders (native toads have oval glands). There are several websites and videos that can help you identify how a cane toad looks and sounds.\n\nThe Colorado River toad (or Sonoran Desert toad) is found in southern Arizona and southwestern New Mexico, as well as in the lower Colorado River and Gila River catchment areas. Next to the cane toad, it’s the largest toad in the United States, growing to 7.5 inches. In color, it’s olive green or mottled brown, and its skin is smooth and leathery. It has a golden eye with a horizontal pupil. Just behind the eye is a large bulging kidney-shaped parotoid gland. There is also a white wart by the corner of the mouth and white glands on the legs. All of these glands produce toxins.\n\nAKC is a participant in affiliate advertising programs designed to provide a means for sites to earn advertising fees by advertising and linking to akc.org. If you purchase a product through this article, we may receive a portion of the sale.\n\n', 'Signs of Toad Poisoning': 'The number one sign of toad poisoning is seeing your dog with a toad in their mouth or if they’re vomiting toad parts. Other toads are far less of a problem unless the dog is small or has actually eaten the toad.\n\nFor most non-cane and non-Colorado River toad encounters, signs are usually mild: the oral mucous membranes become inflamed, and the dog will salivate, often shaking their head. Dogs with these signs can usually be treated at home and monitored, especially if you don’t live in a region with cane or Colorado River toads.\n\nIn moderate cases, the dog may vomit, become depressed, lose their balance, have a fast heartbeat, have fecal or urinary incontinence, and show other signs of neurological impairment, such as walking in circles. Dogs with these signs should receive emergency mouth flushing at home and call the veterinarian or poison hotline for advice. They’ll generally be advised to come for observation or treatment.\n\nAKC is a participant in affiliate advertising programs designed to provide a means for sites to earn advertising fees by advertising and linking to akc.org. If you purchase a product through this article, we may receive a portion of the sale.\n\nIn severe cases, the dog may additionally have diarrhea, abdominal pain, unresponsive pupils, seizures, lung edema with difficulty breathing, and death. Less commonly, signs may also include vocalization, paralysis, and blindness. Dogs with these signs should receive emergency mouth flushing at home and leave for the veterinary clinic while calling the veterinarian.\n\n', 'Toad-Toxin First Aid': 'First, determine if your dog has encountered one of the deadly toads: the Cane (or Bufo) toad or the Colorado River or Sonoran toad. If they have, especially if they’re already salivating, vomiting, or showing other signs of toxicity, start first aid. Treat this as an extreme emergency. Flushing a dog’s mouth with copious amounts of water is the recommended first-aid treatment for toad toxicity:\n\nDogs can die from cane toad poisoning in as little as 15 minutes (although that is the exception). Time is crucial. Depending on your dog’s symptoms, the veterinarian can give medications to combat the effects of the toxins.\n\nPlease note: The following home remedies are worthless: Giving the dog milk, lemon juice, or egg yolks are commonly shared treatments but are totally ineffective. Do not waste time with them and get professional veterinary help.\n\nAKC is a participant in affiliate advertising programs designed to provide a means for sites to earn advertising fees by advertising and linking to akc.org. If you purchase a product through this article, we may receive a portion of the sale.\n\nToad poisoning can be an emergency. But the danger really depends on what kind of toad, how much toxin the dog ingested, and how big the dog is. Even if it’s not a cane or Colorado River toad, these same measures may be needed for small dogs and puppies no matter what the toad species.\n\n', 'Are Other Toads Toxic?': 'North America is home to many different toad species. While none of these pose the threat that the cane or Colorado River toads pose, all toads possess parotoid glands that secret a poisonous, milky substance to deter their predators. This same substance, called bufotoxin, is found in many amphibians and even in poisonous mushrooms.\n\nAKC is a participant in affiliate advertising programs designed to provide a means for sites to earn advertising fees by advertising and linking to akc.org. If you purchase a product through this article, we may receive a portion of the sale.\n\nMost dogs are curious when they first spot a toad and may sniff, lick, or mouth it. With most toad species this results in a foul taste and irritating sensation and the dog will shake their head, froth, drool, and leave. Most dogs will learn quickly that toads are unpleasant, and they leave them alone. Toads don’t taste good and most dogs avoid eating them, but, some dogs will eat anything. In these cases, the dog could have more severe symptoms, but unless the dog is very small or has other health problems, it’s probably not life-threatening.\n\nAll toads are poisonous, but some are more poisonous than others. South American toads tend to be moderately toxic. Harlequin toad toxicity varies, and Common toads, American toads, and Midwife toads are mildly toxic. Almost all toads secret bufotoxin, with or without other toxins.\n\n', 'What Makes Toads So Toxic?': 'Toads secrete venom of variable toxicity through their parotoid glands on the skin surface. The parotoid glands are wart-like flattened patches that secrete a fatty, white poisonous substance, which acts as a deterrent to predators. These toxins can also be present in a lesser concentration on the toad’s skin. The toxic chemicals are absorbed through mucous membranes, including the gums, inner surface of the mouth, and even the eyes. Because they bypass the digestive system, they begin to exert effects very quickly.\n\nToad toxins contain a variety of chemicals (depending on species) that act upon the body in different ways. The toxins are called bufotoxin and are made up of various mixes of toxins depending on species. They often contain bufotenine, 5-MeO-DMT, bufotalin, and bufalitoxin. Note that these same toxins are found in the eggs and tadpoles of these species.\n\nThe Colorado River toad has an unusual mix of toxins, dominated by 5-MeO-DMT and bufotenin. Bufotenin is a hallucinogenic with chemical properties similar to LSD.\n\nToad secretions contain chemicals that affect the heart in a manner similar to digoxin. Ingesting high levels of this toxin can be fatal. Other chemicals affect the sympathetic nervous system, releasing adrenaline and increasing the heart rate.\n\n', 'How Is Toad Poisoning Treated?': 'After as much toxin as possible is flushed from the month, your veterinarian may start other therapies. These could include inducing vomiting (but may be contraindicated if neurological signs are starting), activated charcoal (but may be contraindicated if the dog is vomiting or having seizures), stomach lavage (especially if the dog has to be sedated anyway), and intravenous fluids. Specific medications depend on the dog’s specific symptoms. Various drugs to slow the heart and steady its rhythm may be used. With treatment, even tiny dogs that are already seizing may be saved.\n\nAKC is a participant in affiliate advertising programs designed to provide a means for sites to earn advertising fees by advertising and linking to akc.org. If you purchase a product through this article, we may receive a portion of the sale.\n\nVeterinarians unfamiliar with protocol and treatment options should confer with the ASPCA Poison Control Center.\n\nAKC is a participant in affiliate advertising programs designed to provide a means for sites to earn advertising fees by advertising and linking to akc.org. If you purchase a product through this article, we may receive a portion of the sale.\n\n', 'How Can Toxic Toads Be Avoided?': 'Toads eat insects, and larger toads will even eat pet food. They’re more active at dusk and nighttime. Because insects are attracted to light, so are the toads. Using motion detector lights will cut down on how long lights are on, and how many insects—and toads—they attract. Never leave pet food out at night, and consider removing water bowls, as toads can get in them and potentially leave toxins in the water. Fishponds also attract toads, because they lay their eggs in them. The eggs are also toxic. If you live in an area where toxic toads are a problem, accompany your dog outside during nighttime potty breaks.\n\nBecause the cane toad is an invasive and dangerous species, humane euthanasia is advocated by the Florida Fish and Wildlife Conservation Commission. They recommend rubbing 20% benzocaine or lidocaine spray on the toad’s belly while wearing gloves, so you don’t get it on you. After waiting 15 minutes, by which time they should be unconscious, put the toad in a plastic bag and place it in the freezer for 48 hours. You can then dispose the bag. You can also chill the toad in the refrigerator first. After two to three hours in the refrigerator, the toad will be anesthetized, and you can transfer it to the freezer. Note: it’s against the law to relocate cane toads.\n\nThe Colorado River toad is a native species, so its euthanasia isn’t sanctioned. There is no need to euthanize any other native toad species, as none poses a sufficient threat.\n\n', 'We use cookies': '', 'Privacy Preference Center': ''}",[]
https://www.akc.org/expert-advice/health/epilepsy-in-dogs/,"Epilepsy in Dogs: Signs, Symptoms, Treatments","Mar 04, 2025","['epilepsy', 'seizures']","Caroline Coile, PhD","You’ve likely heard of seizures or epilepsy in people, but epilepsy from an unknown cause is also a condition that affects almost 1% of dogs. Epilepsy is a condition in which the brain repeatedly functions abnormally, resulting in sudden spikes in the brain’s electrical activity that causes twitching, convulsions, shaking, or spasms the dog is unable to stop or control.

“Idiopathic epilepsy is the most common chronic medical neurological condition in dogs,” explains Karen Munana, DVM, DACVIM (Neurology), an epilepsy researcher at North Carolina State University College of Veterinary Medicine.

Its prevalence is much higher in many breeds in which it is thought to have a genetic component.

","{'What Is Epilepsy in Dogs?': 'Many people use the term seizure and epilepsy interchangeably, but a seizure is the result of the disorder, and can be due to several causes. The causes are divided into three groups:\n\nAKC is a participant in affiliate advertising programs designed to provide a means for sites to earn advertising fees by advertising and linking to akc.org. If you purchase a product through this article, we may receive a portion of the sale.\n\nThe types of seizures can also be categorized into three groups:\n\nSometimes seizures occur repeatedly. “Approximately half of dogs with idiopathic epilepsy have cluster seizures (defined as two or more seizures within a 24-hour period),” says Munana. “Cluster seizures are associated with a higher risk of death or injury compared to isolated seizures, and are also associated with a decrease in quality of life for both the dog and the caregiver.”\n\n', 'How Is Epilepsy in Dogs Diagnosed?': 'Seizures can result from causes other than epilepsy, such as brain injuries, brain infections, high fever, toxins, metabolic disorders, low blood sugar, or tumors. Several tests can help rule out some other causes. A standardized epilepsy questionnaire can pinpoint when a seizure is more likely to occur, the dog’s age at first seizure, and other important factors that could point to epilepsy. Generalized epileptic seizures more often occur when the dog is resting or sleeping, while those due to other causes occur equally whether dog is awake or asleep. Knowing whether epilepsy occurs at a higher rate in certain breeds can cause the veterinarian to suspect epilepsy in dogs of some breeds.\n\nAKC is a participant in affiliate advertising programs designed to provide a means for sites to earn advertising fees by advertising and linking to akc.org. If you purchase a product through this article, we may receive a portion of the sale.\n\nIt’s sometimes hard to tell if a dog is actually having a seizure versus some type of neural disorder. For example, some dogs have a condition called “idiopathic head bobbing” or “head tremors.” But unlike a seizure, the dogs can usually be distracted away from the behavior and seem alert to their surroundings during it. Other dogs can have episodic neck pain that causes tremors, shaking, and spasms. This can be caused by cervical disk disease or a condition called Chiari-like malformation and syringomelia.\n\nAKC is a participant in affiliate advertising programs designed to provide a means for sites to earn advertising fees by advertising and linking to akc.org. If you purchase a product through this article, we may receive a portion of the sale.\n\n', 'Behavioral Cues of Epilepsy in Dogs': 'The dog’s behavior just before or after a seizure can help diagnose it as a seizure. After a generalized seizure, the dog may seem groggy or confused. In some cases, these signs can be severe, such as temporary blindness or aggression. Sometimes dogs will seem anxious or odd-acting just before a seizure, possibly because they are experiencing an aura as some people do.\n\nFly-snapping behavior, in which the dog repeatedly snaps at invisible flies, may be a type of focal seizure. Yael Merbl, DVM, DECVN, a veterinary neurologist at the Cornell University College of Veterinary Medicine, explains, “Fly biting syndrome or fly catching syndrome is a clinical phenomenon that has been shown in dogs to be caused by one of three etiologies: It can be due to gastrointestinal (GI) disease, obsessive compulsive behavior, or true epileptic seizures. Reaching a diagnosis and the most appropriate treatment plan for a specific patient may include an EEG, GI studies and dietary change, and in some cases SSRI treatment.” SSRI treatment refers to a family of anti-depressive drugs called serotonin reuptake inhibitors.\n\nA video of the dog before, during and after a seizure can be very informative. Dogs having an epileptic seizure generally stop what they are doing and cannot be distracted. This generally doesn’t occur with other movement disorders. During a generalized seizure, the epileptic dog will often seem oblivious to their surroundings, and may have other signs such as twitching, blinking, chomping of the mouth, urination or defecation. Again, these are not typical of other movement disorders. Epileptic seizures usually last less than 5 minutes and are followed by a postictal phase, in which the dog is disoriented, groggy, restless, uncoordinated, thirsty, or hungry—sometimes even blind or aggressive. This period generally doesn’t occur with non-epileptic seizures.\n\nAKC is a participant in affiliate advertising programs designed to provide a means for sites to earn advertising fees by advertising and linking to akc.org. If you purchase a product through this article, we may receive a portion of the sale.\n\nAdditional tests may be run to rule out possible causes. These include blood and urine tests, X-rays, and even more advanced tests, such as computed tomography, magnetic resonance imaging, bile acid tests, or cerebrospinal fluid tests may be performed. But because some of these tests can be expensive, and only a small percentage reveal any cause. Since that cause is often untreatable, most dogs are simply diagnosed with simply “idiopathic epilepsy,” meaning epilepsy of unknown origin.\n\nThe criteria for idiopathic epilepsy are\n\n', '©hedgehog94 - stock.adobe.com': '', 'What Is the Treatment for Epilepsy in Dogs?': 'Just because your dog has one seizure doesn’t mean they’ll have another, or that they need to start on anti-seizure medication. If seizures are mild or infrequent, your dog may have a better quality of life without medication. Every case is different. But as a general rule, the International Veterinary Epilepsy Task Force (IVETF) recommends that a dog with any of the following criteria should begin anti-seizure medications:\n\nAKC is a participant in affiliate advertising programs designed to provide a means for sites to earn advertising fees by advertising and linking to akc.org. If you purchase a product through this article, we may receive a portion of the sale.\n\nAKC is a participant in affiliate advertising programs designed to provide a means for sites to earn advertising fees by advertising and linking to akc.org. If you purchase a product through this article, we may receive a portion of the sale.\n\nThe initial drug of choice is generally phenobarbital. It can cause drowsiness or liver toxicity, and can interact with other certain other, so some dogs may be better candidates for another drug. Other drugs include potassium bromide, imepitoin, zonisamide, and levetiracetam (Keppra®). Gabapentin or clonazepam may be added in with any of them to achieve better results.\n\nSurprisingly few studies exist in dogs comparing the efficacy of these drugs. The only study to compare phenobarbital to potassium bromide when given as a stand-alone drug found that phenobarbital was more effective, with 85% of dogs receiving it remaining seizure-free for 6 months, compared to 52% of dogs given potassium bromide. More often, potassium bromide is given in addition to phenobarbital. In contrast, levetiracetam has a far lower success rate as an only drug, but is helpful as an add-on with other drugs.\n\nThe IVETF provides a full comparison of ant-epileptic drugs in their report, and the American College of Internal Veterinary Medicine provides guidelines for using the various drugs.\n\nOnce you start giving anti-seizure medications, it’s very important to continue to do so on schedule, without forgetting a dose. Giving the medication erratically can increase the dog’s seizure frequency and severity. In addition, quitting the medication suddenly can bring on seizures.\n\n', 'Do Non-Drug Treatments Work for Epilepsy in Dogs?': 'Anti-seizure drugs can have side effects, so it’s natural to look for alternative therapies.\n\nCannabidiol (CBD) has had notable success in treating certain types of epilepsy in human children, and at least one study has reported encouraging results in dogs.\n\nVagal nerve stimulation, in which a pacemaker-like device electrically stimulates the left cervical vagal nerve, is approved for people and has been tried on a limited basis in dogs. It was found to effectively reduce experimentally-induced seizures in dogs, but was less successful in reducing naturally occurring ones. Nonetheless, there was some reduction in seizure activity as the trial period went on.\n\nAKC is a participant in affiliate advertising programs designed to provide a means for sites to earn advertising fees by advertising and linking to akc.org. If you purchase a product through this article, we may receive a portion of the sale.\n\nAcupuncture has not been shown to help, and homeopathic remedies also haven’t been shown to be helpful.\n\nDiets with high fat, low protein, and low carbohydrates have been shown to help children with epilepsy, but have not been found to help dogs. A medium chain triglyceride (MCT) diet did result in significantly fewer seizures, however, and is the basis for one commercially available diet. “Supplementing a diet with MCT oil has been demonstrated to have similar effects,” says Munana.\n\n', 'Diet and Epilepsy in Dogs': 'But there’s another potentially important area of nutrition that’s just beginning to get attention. “Dietary effects on seizure activity are likely mediated by the microbiota-gut-brain axis, the complex connection between the gastrointestinal tract and the bacteria residing in it and the nervous system,” Munana explains. “The microbiota-gut-brain axis is an area of extensive research, and is believed to play a role in the development and progression of several neurological disorders of humans, including epilepsy. We know that the diet can alter the gut bacteria, which in turn can influence the brain and its activity. There was a recent study in mice that nicely demonstrated that the effect of the ketogenic diet is mediated by a change in the gut microbiota and associated changes in neurotransmitter concentrations (the chemicals that provide for signal transmission in the nervous system).”\n\nAKC is a participant in affiliate advertising programs designed to provide a means for sites to earn advertising fees by advertising and linking to akc.org. If you purchase a product through this article, we may receive a portion of the sale.\n\n', 'What Is the Prognosis for Dogs With Epilepsy?': 'Over 80% of dogs respond well to anti-seizure medications. They will need periodic blood tests to monitor for liver toxicity. They may also have occasional seizures or in some cases, worsening ones that require the medication to be adjusted. Dogs with controlled seizures typically have the same life-expectancy as other dogs.\n\nHowever, some dogs cease to respond, or never achieve a satisfactory response. “It’s been estimated that up to 30% of dogs will develop refractory epilepsy, meaning lack of satisfactory seizure control or side effect that impact quality of life, despite appropriate therapy with conventional antiepileptic drugs,” says Merbl.\n\nQuality of life for both the dog and owner is a huge consideration when treating epilepsy. Most medications must be given every 12 hours. Some dogs take multiple medications, on multiple schedules. In severe cases, owners may find themselves having to wake up during the night to stay on schedule. Some people, even the most loving owners, report that they can feel trapped by their dog’s medication schedule, which sometimes mean they can’t travel, get a full night’s sleep, or travel. In addition, some dogs must take so many drugs to stave off seizures that they appear lethargic or even dazed. Everybody’s situation is different, but there may come a time when the family’s or dog’s quality of life is so negatively impacted that euthanasia may be the kindest choice.\n\nAKC is a participant in affiliate advertising programs designed to provide a means for sites to earn advertising fees by advertising and linking to akc.org. If you purchase a product through this article, we may receive a portion of the sale.\n\n', 'Is There Hope for a Better Future?': 'Since 1995, the AKC Canine Health Foundation has invested $3M in their Epilepsy Research Initiative, continuing to fund studies dealing with diagnosis, treatment, and genetic causes.\n\nFor example, Merbl is researching a CHF-funded study examining the gut’s microbiome’s role in epilepsy. “There is a body of evidence accumulating regarding the gut microbiome impact on the central nervous system. This relates to diseases ranging from epilepsy to neurodegenerative diseases such as Alzheimer’s disease,” she explains. “One study that has led me to pursue this research discussed altering of the tight junctions (cells connections in the blood brain barrier) when the gut microbiome was changed. I was interested in testing what will happen if we change the content of the gut microbiome; can we potentially make the dogs respond better to the anti-seizure medications?”\n\nAKC is a participant in affiliate advertising programs designed to provide a means for sites to earn advertising fees by advertising and linking to akc.org. If you purchase a product through this article, we may receive a portion of the sale.\n\nMunana is also trying to find better ways to predict seizures. “One of the largest hardships voiced by caregivers of dogs with epilepsy is the unpredictability of seizures, and the emotional burden associated with caring for a dog with epilepsy,” she explains. Her lab is also studying the use of oral treatment protocols that owners could give their dogs undergoing cluster seizures at home, rather than having to rush them to the veterinarian—an often prohibitively expensive ordeal.\n\n', 'We use cookies': '', 'Privacy Preference Center': ''}",[]
https://www.akc.org/expert-advice/health/cbd-dog-treats-vs-oils/,CBD Dog Treats vs. Oils: What’s the Difference?,"Apr 01, 2026","['anxiety', 'cbd oil', 'cbd']",Pet Releaf,"Paid advertisement for Pet Releaf

You want only the best for your dog: the best toys, healthiest food, regular vet visits, and plenty of playtime. When new pet care items come in the market, you’ll want to do your research to see if they’re a good fit for your pet. If you’ve used pet CBD or considered it in the past, you may also be considering CBD oil for your dog.

With all the pet CBD information and products on the market, how can you know whether a CBD dog treat or CBD oil is better for your dog?

","{'What Makes a CBD Dog Treat or Oil High Quality?': 'It’s important when choosing pet CBD, whether it’s a dog treat or a pet CBD oil, that you are selecting a safe and effective product for your pet.\n\nFull Spectrum: Selecting a CBD dog product that is full spectrum is extremely important. A full spectrum product means all of the beneficial compounds naturally found in the hemp plant are also found in the end product. In order for a CBD product to trigger The Entourage Effect, which is the goal of using CBD, all natural compounds found in the hemp plant, must be present.\n\nNASC Certified: The National Animal Supplements Council (NASC) is a nonprofit organization that helps ensure a pet supplement is safe. Products that are NASC certified have met rigorous guidelines that ensure the ingredients and claims made on their product are accurate.\n\nOrganic: Finding an organic CBD dog treat or CBD oil is crucial. Hemp is a phytoremediator. This means hemp plants are excellent at absorbing the pollutants or containments found in the soil they were planted in. By purchasing an organic CBD dog treat, you are ensuring that the soil the hemp was grown in was free of synthetic chemicals or other prohibited substances.\n\nPet Releaf CBD products are USDA certified organic, full spectrum, and NASC certified. Their line contains both USDA organic CBD dog treats and oils.\n\n', 'CBD Dog Treat vs. Oil: What is the Difference?': 'Once you’ve landed on a CBD brand you can trust, it is important to understand the difference between a CBD dog treat and a CBD oil. Many pet owners prefer to use both in synergy with one another! However, depending on your pet’s needs the format in which you administer the product is important.\n\nAKC is a participant in affiliate advertising programs designed to provide a means for sites to earn advertising fees by advertising and linking to akc.org. If you purchase a product through this article, we may receive a portion of the sale.\n\nA CBD dog treat is a popular choice among most pet owners who want to manage occasional issues or introduce a daily supplement to support overall health. Dogs love the look, taste, and texture of CBD chews. This can make it easier for your pet to accept their supplement, which means less hassle for you.\n\nAKC is a participant in affiliate advertising programs designed to provide a means for sites to earn advertising fees by advertising and linking to akc.org. If you purchase a product through this article, we may receive a portion of the sale.\n\nCBD dog treats are given to the dog individually, with each treat containing a specific amount of CBD. Because each treat contains an exact usage amount, we’d recommend looking for a CBD dog treat that contains an optimal amount of CBD for your pet based on their weight.\n\nAnother benefit of CBD dog treats is that they can also contain additional functional ingredients that benefit specific ailments you might be looking to help your pet with.\n\nSome examples include:\n\nChamomile: Chamomile may help promote relaxation in dogs, including nervousness and situational anxiety. This makes chamomile a great additional ingredient to CBD dog treats that are intended to help calm pets.\n\nBaobab: Contains antioxidants and may prove useful in providing antioxidant support in dogs. Multiple studies have suggested that antioxidants may reduce oxidative stress and support your pet’s normal inflammatory response. Looking for CBD dog treats that contain baobab may help improve the treat’s calming capabilities.\n\nGround ginger: Ginger is an antiemetic (may help prevent occasional gastric distress, such as vomiting). It may also help promote healthy intestinal tracts and gastric function in pets. Ground ginger alongside full spectrum hemp extract is a great option for pet owners looking for a CBD dog treat that supports digestion.\n\nMarshmallow root: This ingredient may support healthy digestion in your pet, which can help relieve occasional gastric distress and promote normal bowel movements. If hoping to use a CBD dog treat to help with digestion, chews that contain marshmallow root may provide additional benefits.\n\nThe combination of CBD oil and these all-natural ingredients can provide a more profound result than CBD or the ingredients alone.\n\nCBD dog treats are a good option for your pet if:\n\nAKC is a participant in affiliate advertising programs designed to provide a means for sites to earn advertising fees by advertising and linking to akc.org. If you purchase a product through this article, we may receive a portion of the sale.\n\n', 'Pet Releaf': '', 'CBD Oils': 'CBD oils are high-potency products, which means they can have the same strong effect, often at lower doses. The potency you should select is based on your pet’s weight with higher potencies more suited for larger pups. Each tincture contains a dropper that you can use to administer the oil directly into your pet’s mouth. Talk to your veterinarian to make sure you’re giving your dog the right dosage.\n\nAKC is a participant in affiliate advertising programs designed to provide a means for sites to earn advertising fees by advertising and linking to akc.org. If you purchase a product through this article, we may receive a portion of the sale.\n\nBy administering directly in the mouth, and outside of mealtimes, you can bypass digestion which can help the oil absorb into the bloodstream quicker. This can help pet owners see faster results than with a CBD treat. If you have a picky pet, looking for CBD oil that uses Liposomal formulation will allow you to administer the product on food without losing effectiveness when digested.\n\nBecause oils typically contain a higher concentration of CBD. This makes them more suitable for pets who are dealing with chronic or more progressed conditions. If you would rank the issue your dog is dealing with above a 3 on a scale from 1-10, an oil may be the better suited product for sustainable results.\n\nCBD oils are a good option for your pet if:\n\n', 'Using Pet CBD Dog Treats and CBD Oils Together': 'Using CBD dog treats and oils together can offer a synergistic approach to promoting your pet’s well-being. The combination of enhanced absorption, tailored usages, targeted relief, comprehensive support, and convenience provides a holistic approach to pet care. As always, consult with your veterinarian to determine the appropriate CBD amount and to consider your pet’s specific health conditions. By incorporating both CBD dog treats and oils into your pet’s routine, you can harness the full potential of CBD towards your pet’s overall health and happiness.\n\n', 'We use cookies': '', 'Privacy Preference Center': ''}",[]
https://www.akc.org/expert-advice/health/how-long-dogs-in-heat/,How Long Are Dogs in Heat?,"Mar 03, 2025","['pregnancy', 'breeding', 'heat']",Gemma Johnstone,"If you’re a first-time dog owner and have an unspayed female, the prospect of caring for them during their season can be intimidating. Understanding how long dogs are in heat and what to expect during that time doesn’t just help you avoid an unplanned pregnancy. It means you can keep your dog comfortable and your home clean and plan for age-appropriate spaying or responsible breeding.

","{'What Are the Stages of a Dog’s Heat Cycle?': 'The full human reproductive cycle lasts an average of 28 days. Dogs don’t experience a monthly period, like humans do. Their reproductive cycle—commonly referred to as the heat cycle— is much longer than ours and broken down into four distinct phases.\n\n“The key stages include proestrus (average of 9 days), estrus (average of 9 days), diestrus (average of 60 days), and anestrus (about 4 to 6 months),” Dr. Meera Gatlin, DVM, an assistant teaching professor of public health at Cummings School of Veterinary Medicine at Tufts University, explains.\n\nHowever, Dr. Fran Smith, DVM, a board-certified theriogenologist (a specialty dedicated to animal reproduction) and AKC Breeder of Merit, points out that the timescales for both the proestrus and estrus stages are highly variable— both can range from 3 to 21 days.\n\nDuring the proestrus phase, your dog’s eggs prepare for ovulation. Vulvar swelling and bloody discharge can occur, and male dogs start showing an interest.\n\nEstrus, commonly known as “in season” or “on standing heat”, is when females are receptive to mating. “The fertile portion of the cycle occurs from a couple of days before ovulation to 5 days after,” Dr. Smith says. While vulvar swelling continues during estrus, the bloody discharge often decreases and becomes more watery and pinkish.\n\nAKC is a participant in affiliate advertising programs designed to provide a means for sites to earn advertising fees by advertising and linking to akc.org. If you purchase a product through this article, we may receive a portion of the sale.\n\nDuring the diestrus phase, your dog is no longer fertile, and their vulvar swelling and discharge should stop, even though progesterone (the pregnancy-supporting hormone) continues to rise during this stage. This rise in hormones is what causes some dogs to show signs of false pregnancies, such as nesting behaviors and swollen, sometimes lactating mammary glands.\n\nDuring the long anestrus stage, reproduction hormone levels are low, and the body rests and repairs in readiness for the cycle to begin again.\n\n', 'What Factors Can Influence a Dog’s Heat Cycle?': '“Dogs go into heat approximately every 6 months, and factors such as pregnancy, drug exposures, infectious diseases, and underlying health conditions can affect the duration,” Dr. Gatlin says. Age, size and breed type can also play a part.\n\n“First-time cycles can have split heats,” adds Dr. Gatlin. This is because young dogs can’t produce sufficient hormones to ovulate. In these instances, the estrus stage is interrupted and typically resumes within a few weeks. She says small dogs can have silent heats (where the typical signs, such as vulvar swelling and discharge, are not seen), and larger dogs can have less frequent heat cycles.\n\nAKC is a participant in affiliate advertising programs designed to provide a means for sites to earn advertising fees by advertising and linking to akc.org. If you purchase a product through this article, we may receive a portion of the sale.\n\nWhile most female dogs cycle twice a year, Dr. Smith says the exception to this is some of the primitive breeds. “The Basenji is the trademark for this—they only cycle once a year,” she says.\n\n', 'When Do Dogs First Go Into Heat?': 'When your female dog reaches sexual maturity and experiences their first heat cycle varies widely depending on their breed type and size. “For toy breed dogs, it might be as early as 4 or 5 months,” Dr. Smith says. “For the big sighthounds, like the [Scottish] Deerhound or [Irish] Wolfhound, or a Great Dane, it might not be until they are 2.”\n\n', 'When Do Dogs Stop Going Into Heat?': 'Dogs don’t experience menopause like human females, meaning they continue to have heat cycles and the ability to get pregnant into their senior years. They don’t necessarily have longer gaps between cycles either, although Dr. Smith says dogs become less fertile, and their heat can become silent. “This means they don’t have vulvar swelling or bloody discharge, but they do still cycle and ovulate,” she says.\n\nAKC is a participant in affiliate advertising programs designed to provide a means for sites to earn advertising fees by advertising and linking to akc.org. If you purchase a product through this article, we may receive a portion of the sale.\n\n', 'How to Tell if My Dog is In Heat': 'Vulvar swelling, vaginal discharge and attraction of male dogs are the most common signs of female dogs in heat. You might also notice hormonally-mediated behavior changes. “Some females become kind of spooky, others are over-friendly, and some are aggressive with other dogs,” Dr. Smith says.\n\n“From personal experience, my own dog predictably was unwell during her heats,” says Dr. Laurence Sawyer, DVM, assistant teaching professor in the department of clinical sciences and medical director of the Lerner Spay/Neuter Clinic at Cummings School of Veterinary at Tufts University. “She would become inappetent, lose weight, and develop a urinary tract infection every time she cycled.”\n\nWhen your female dog is ready to be mated during the estrus phase, you might see tail flagging if they come into contact with a male dog. This is when they hold their tail to the side to communicate they are ready for mating.\n\n', 'How to Care For a Dog In Heat': 'Dr. Smith says there is no evidence that dogs experience premenstrual cramps as humans do. However, maintaining a routine, providing comfort when your dog is looking for it, and respecting their space if they are more withdrawn can help to manage any behavioral anxieties they develop due to the hormone changes.\n\nAKC is a participant in affiliate advertising programs designed to provide a means for sites to earn advertising fees by advertising and linking to akc.org. If you purchase a product through this article, we may receive a portion of the sale.\n\nDoggy diapers protect your furniture and floors—just don’t rely on them as a form of contraception.\n\nWhile rare, there is a risk of unspayed dogs, particularly seniors, developing a potentially life-threatening infection of the uterus known as pyometra. This typically occurs 4 weeks to 4 months after a heat cycle. Tracking how long your dog’s heat cycle lasts and watching for the early signs of this disease increases the chance of catching pyometra before it progresses too far.\n\n“Things owners should watch for include increased thirst, increased urination, sometimes an increase in appetite and a decrease in energy,” Dr. Smith says. “From a cost standpoint, spaying a female with a pyometra is four to five times more expensive and much more dangerous than spaying a young, healthy female.”\n\nAKC is a participant in affiliate advertising programs designed to provide a means for sites to earn advertising fees by advertising and linking to akc.org. If you purchase a product through this article, we may receive a portion of the sale.\n\n', 'How to Prevent Pregnancy When a Dog Is in Heat': 'While ‘mismate’ injectable hormone preparations designed to prevent a pregnancy from developing after accidental mating, Dr. Smith says they have varying degrees of safety and success.\n\nInstead, she says being vigilant and keeping your unspayed female dog on leash is the most effective way to prevent unwanted pregnancy when they are in heat.\n\nDr. Smith also cautions against tying your dog up in the yard. “When a female is in heat, if you walk her on a leash, the male dog can track her all the way home based on the hormones in her urine,” she says. Even if your yard is fenced, never underestimate the determination of an intact male dog once they have that scent.\n\nSpaying your female dog means they won’t be able to get pregnant. This is typically done after they reach sexual maturity and experience at least one heat cycle. “Prepubertal spaying (or neutering) delays or interferes with the closure of the growth plates in dogs, making them more likely to experience orthopedic disease, and, depending upon the breed, also increases the risk of some cancers,” Dr. Smith says.\n\nHowever, she explains it’s all about weighing up the risk versus the benefit. “In a shelter or rescue situation, if the benefit of the early spay or neuter means that the dog might get a home, it can be worth it.”\n\n', 'When Is the Best Time to Breed?': 'Dr. Smith says that progesterone testing is the most effective way for responsible breeders to establish ovulation timing. “It’s a misconception that if you breed a dog on day 10 to 12 of her cycle, you will succeed,” she says.\n\nAKC is a participant in affiliate advertising programs designed to provide a means for sites to earn advertising fees by advertising and linking to akc.org. If you purchase a product through this article, we may receive a portion of the sale.\n\nWhat we do know is that female dogs ovulate approximately two days after the ovary-stimulating luteinizing hormone (LH) peak. There isn’t a good, readily available test for LH. However, Dr. Smith says that most experts accept that the LHP is associated with a progesterone level of 2.0 nanograms per ml, and, theoretically, a dog should ovulate 2 days after reaching this level. “However, that range is individualized, and some bitches fail to ovulate,” she cautions.\n\nDr. Smith says dogs are most fertile between ages 2 and 4 “The female is born with all the eggs she will have, and as she ages with cycles, the number of eggs she has left in her ovaries drop off,” she says. As a dog ages and becomes less fertile, there is an increased risk that they won’t get pregnant, and if they do, they can have a more difficult time giving birth and typically lose more puppies.\n\nAKC is a participant in affiliate advertising programs designed to provide a means for sites to earn advertising fees by advertising and linking to akc.org. If you purchase a product through this article, we may receive a portion of the sale.\n\n', 'We use cookies': '', 'Privacy Preference Center': ''}",[]
https://www.akc.org/expert-advice/health/teeth-chattering-in-dogs/,Teeth Chattering in Dogs: Causes and Treatment,"Feb 26, 2026","['teeth', 'teeth chatter']",Gemma Johnstone,"Teeth chattering in dogs can simply be a sign your pet needs to wear a coat or sweater on winter walks. However, it’s not just an involuntary response to the cold that can cause your canine’s canines to clack.

Being aware of the various medical and behavioral reasons for teeth chattering in dogs will help you understand when it’s a cause for concern or simply a quirky characteristic.

","{'Why Do Dogs Chatter Their Teeth?': 'Below are some of the most common causes of teeth chattering in dogs.\n\nDr. Alison Gerken, DVM, a board-certified veterinary behaviorist and clinician in the San Francisco SPCA Behavior Service, explains that teeth chattering—especially when it occurs regularly or without an obvious trigger—is often associated with physical discomfort.\n\nOne common reason is dental problems, such as periodontal disease, fractured or rotten teeth, and oral tumors. Good dental care can help prevent dog teeth chattering related to oral pain. This includes regular tooth brushing, dental checkups at your vet, and avoiding overly hard chews or toys that could fracture your dog’s teeth.\n\nTeeth chattering can also be a symptom of TMJ disorder. “It can occur in response to pain in the jaw, particularly in the temporomandibular joint (the joint where the upper and lower jaws connect),” Dr. Brian Collins, DVM, an Extension Associate with the Cornell Riney Canine Health Center at the Cornell University College of Veterinary Medicine, says.\n\nAn additional cause of teeth chattering in dogs is gastrointestinal issues, such as nausea, vomiting, stomach ulcers, and reflux.\n\nShivering is the body’s response to being exposed to cold temperatures. “It’s the result of our muscles alternately contracting and relaxing, which generates heat and helps warm us up,” Dr. Collins explains. When this happens in the jaw muscles, teeth chattering occurs.\n\nAKC is a participant in affiliate advertising programs designed to provide a means for sites to earn advertising fees by advertising and linking to akc.org. If you purchase a product through this article, we may receive a portion of the sale.\n\nWhile teeth chattering in itself isn’t dangerous, hypothermia in dogs can occur when they’re exposed to cold temperatures for too long, and this can be life-threatening. “If the teeth chattering decreases, but the dog isn’t obviously feeling better, it may be a sign that their body temperature is dangerously low,” Dr. Collins says. Signs of hypothermia include an increased heart rate that then becomes too slow, rapid breathing followed by shallower breathing, confusion, lethargy, dilated pupils, and loss of consciousness.\n\n“Your dog’s ability to tolerate the cold will depend on a number of factors such as their size, breed, age, coat length and thickness, health, and how well acclimated to the cold they are, as well as the ambient temperature, wind, and presence of precipitation,” Dr. Collins says. This means that some dogs, such as Sighthounds with short, thin coats and little body fat, could start chattering their teeth because of the cold sooner than, say, a double-coated sled dog breed.\n\nAKC is a participant in affiliate advertising programs designed to provide a means for sites to earn advertising fees by advertising and linking to akc.org. If you purchase a product through this article, we may receive a portion of the sale.\n\nFor dogs whose teeth are chattering because of the cold, coats or sweaters don’t just look cute—the right kind can keep your dog cozy on wintry walks—and heated dog beds and a few more dog blankets can work wonders for cold-sensitive senior dogs.\n\nSudden teeth chattering in dogs can be a sign of focal or partial seizures. “As opposed to a grand mal (or generalized seizure), which results in whole body movements, focal seizures can result in only movement of part of the body,” Dr. Collins says. “Sometimes this could be limited to the movement of the jaws and may be expressed as teeth chattering.”\n\nAKC is a participant in affiliate advertising programs designed to provide a means for sites to earn advertising fees by advertising and linking to akc.org. If you purchase a product through this article, we may receive a portion of the sale.\n\nThis neurological cause of teeth chattering can occur before, during, or after the seizure, and your dog may also stare into space or act lethargic or agitated.\n\nDr. Collins points out that another uncommon neurological condition, White Shaker Dog Syndrome, results in full-body shaking and sometimes teeth chattering. This condition occurs in small, typically white dogs.\n\nTeeth chattering can occur when your dog is in a heightened emotional state. “It is not uncommon to see this behavior when a dog anticipates something positive, like food or a toy, or when they are feeling anxious, such as during a veterinary visit,” Dr. Gerken says. Typically, the teeth chattering stops when the stimulus is removed.\n\nDr. Gerken recommends looking at the context of the situation and the accompanying dog body language if you suspect the teeth chattering is behavior-related.\n\n“If a dog is chattering due to fear or anxiety, their body language may include a lowered or tucked tail, flattened or pinned-back ears, panting, lip licking, yawning, or avoiding eye contact,” she says. “Some dogs may also tremble, pace, or exhibit more overt signs of distress, such as barking, growling, or lunging.”\n\nExcited body language is typically more upbeat and alert. “The tail may be raised and/or wagging quickly, the ears may be perked forward, the dog may be fixated on the object of their excitement, such as a treat or a toy, and they might lean forward in anticipation,” Dr. Gerken says.\n\nSome breeds are predisposed to medical conditions linked with teeth chattering. Dr. Gerken explains that dental disease is more common in some small-breed dogs, such as Dachshunds and Yorkshire Terriers. “Similarly, breeds prone to seizure disorders, like Boxers, may also display teeth chattering as a symptom,” she says.\n\nAKC is a participant in affiliate advertising programs designed to provide a means for sites to earn advertising fees by advertising and linking to akc.org. If you purchase a product through this article, we may receive a portion of the sale.\n\nThere are also anecdotal observations that suggest certain breeds are more prone to teeth chattering for nonmedical reasons. Dr. Gerken gives the examples of Greyhounds and other Sighthounds, due to their sensitive natures, and toy breeds that may be more sensitive to temperature changes. “However, there is no research confirming that specific breeds are inherently more likely to exhibit teeth chattering,” Dr. Gerken says.\n\nShe explains that it’s possible this perception stems from observation bias. “For example, if Greyhound owners are frequently told that their breed is highly sensitive or prone to anxiety, they may monitor for behaviors like teeth chattering more closely than owners of breeds not typically associated with an anxious disposition,” she says.\n\nAKC is a participant in affiliate advertising programs designed to provide a means for sites to earn advertising fees by advertising and linking to akc.org. If you purchase a product through this article, we may receive a portion of the sale.\n\n', 'When Should You Take a Teeth Chattering Dog to the Vet?': 'Assessing the timing, context, and severity of teeth chattering in dogs, along with any accompanying behaviors or symptoms, can help you understand if it merits a trip to a veterinarian.\n\nIf it happens briefly and in response to a specific stimulus, like being offered a treat or seeing a squirrel, it is likely behavioral,” Dr. Gerken says. “If the chattering occurs in various contexts, including times when the dog is resting or calm, it may indicate an underlying medical issue.”\n\nLook out for other signs your dog is in pain. Dogs with dental problems, for example, may paw at their mouth, drool excessively, have bad breath or a loss of appetite.\n\nHowever, Dr. Gerken always recommends consulting a veterinarian to rule out underlying medical issues if the cause of recurring teeth chattering is unclear, seems unrelated to a specific stimulus, or occurs after starting a new medication—it is sometimes a side effect of certain behavioral medications used to treat anxiety disorders. Taking videos of your dog while their teeth are chattering can sometimes help your vet to make a diagnosis.\n\n', 'How to Reduce the Chance of Teeth Chattering in Dogs': 'Once a veterinarian has examined and cleared a dog of physical or medical issues that could be causing a dog’s teeth to chatter, there are steps you can take to reduce the chance of teeth chattering relating to the cold, anxiety, or dental problems.\n\nAKC is a participant in affiliate advertising programs designed to provide a means for sites to earn advertising fees by advertising and linking to akc.org. If you purchase a product through this article, we may receive a portion of the sale.\n\nDr. Janet Cutler, PhD, a certified applied animal behaviorist, suggests several steps to help dogs chattering their teeth due to anxiety. “Firstly, if possible, give your dog space from whatever is causing the fear or anxiety, so you can begin to change their emotional reaction,” she says. “To work on their emotional reaction, you want to use desensitization and counterconditioning, which is a process where you very slowly and carefully expose them to the fearful thing and associate it with something positive, such as treats.”\n\nShe recommends reaching out to a certified behaviorist if you’re struggling to keep your dog’s anxiety levels low enough for them to take treats or make progress.\n\n', 'We use cookies': '', 'Privacy Preference Center': ''}",[]
https://www.akc.org/expert-advice/health/sepsis-in-dogs/,"Sepsis in Dogs: Signs, Symptoms, Treatments","Feb 21, 2025","['infections', 'pneumonia', 'sepsis']",Nandini Maharaj,"When germs like bacteria and viruses enter a dog’s body, they can cause an infection. If the infection reaches the bloodstream, it can set off a chain reaction, resulting in a life-threatening condition called sepsis. Sepsis is a medical emergency that requires immediate treatment at a veterinary hospital. Without timely care, sepsis can lead to tissue damage, organ failure, and even death.

Read on to learn about the signs of sepsis in dogs, what causes this condition, and how it’s treated.

","{'What Is Sepsis? Sepsis vs Infections': 'Let’s start with how an infection develops. There are different types of microorganisms like bacteria, fungi, viruses, and parasites. Some microorganisms are beneficial, like bacteria that help us digest food and absorb nutrients, while others can lead to illness. Once these harmful microorganisms enter the body, they can multiply and cause an infection.\n\nMild infections can be self-limiting, meaning they can resolve on their own without medical intervention. Other infections may require treatment. For example, bacterial infections are treated with antibiotics, and fungal infections are treated with antifungal medications.\n\nAKC is a participant in affiliate advertising programs designed to provide a means for sites to earn advertising fees by advertising and linking to akc.org. If you purchase a product through this article, we may receive a portion of the sale.\n\n“Sepsis is a completely different situation,” says Dr. Amy Attas, VMD of New York-based practice City Pets. “It’s a life-threatening condition, and it occurs when the body’s response to an infection is overwhelmed.” Specifically, the body will release certain chemicals to help control the infection which can cause widespread inflammation.\n\nWhat starts as a normal or mild infection can trigger a cascade of events throughout the body. This can lead to “organ damage, sometimes organ failure, and ultimately sepsis can cause death,” she says. “These patients need to be treated much more aggressively than a regular infection.”\n\n', 'What Are the Signs and Stages of Sepsis?': 'Sepsis is broken down into three stages: sepsis, severe sepsis, and septic shock. In stage one, “the infection has triggered a severe inflammatory response in the patient,” Dr. Attas explains. “These patients have either high temperature or low body temperature.” Since they’ve recently had an infection, they can be really sick along with showing signs like fever, lethargy, lack of appetite, vomiting, or anorexia.\n\nAKC is a participant in affiliate advertising programs designed to provide a means for sites to earn advertising fees by advertising and linking to akc.org. If you purchase a product through this article, we may receive a portion of the sale.\n\nOther signs of sepsis are increased heart rate, rapid breathing, and changes in blood pressure. Dogs can have high or low blood pressure, the latter situation being much more serious, she adds. Their bloodwork might show that their white blood cell count is very high or low. A high count usually indicates that a patient has an infection or inflammation.\n\nIn stage two, severe sepsis, “the rapid heart rate and rapid respiratory rate continue despite medical intervention,” she says. “These animals become severely hypotensive.” This means their blood pressure is low and hard to control even after giving fluids and medication to raise a dog’s blood pressure.\n\nAnother sign of severe sepsis is decreased oxygenation in the blood and abnormal blood clotting such as when the blood takes longer to clot. “You can also see signs of jaundice, indicating that liver function is affected,” she adds.\n\nThe third and final stage is septic shock. These patients have very low blood pressure that isn’t responsive to treatment. Septic shock does result in multi-organ failure, she says. Signs include respiratory distress and decreased urine output, meaning their kidneys are failing.\n\n', 'What Are the Typical Sources of Infection?': 'Sepsis is more common with some types of injuries such as deep wounds and wounds in joints. Other common sources are pneumonia, bacterial or viral infections in the gastrointestinal tract, urinary tract infections, and infections in the uterus. But it’s possible for any infection, especially when bacteria are involved, to develop into sepsis.\n\n“A dog can get septic from chewing on a stick, cracking a tooth, and getting an infection in the tooth,” Dr. Attas says. “You might not notice that there is a problem, and if the infection goes untreated, the animal can get septic.” If a dog has advanced dental disease, bacteria in tartar can enter the bloodstream and cause sepsis.\n\nAKC is a participant in affiliate advertising programs designed to provide a means for sites to earn advertising fees by advertising and linking to akc.org. If you purchase a product through this article, we may receive a portion of the sale.\n\nHowever, this doesn’t mean that all wounds will become septic. Factors like the dog’s age, the presence of other health problems, and the location of the infection can influence whether the wound becomes septic. Take a joint injury, for example, which involves an enclosed area. “You can get a septic joint where there is a deep-seated infection,” she says.\n\nKeep in mind that infections are common and treatable. Timely care increases your dog’s chances of recovering from an infection. “But sometimes you can do all of that, and still, the infection goes bad, and the patient turns septic,” she says.\n\nAKC is a participant in affiliate advertising programs designed to provide a means for sites to earn advertising fees by advertising and linking to akc.org. If you purchase a product through this article, we may receive a portion of the sale.\n\n', 'How Do You Treat Sepsis?': 'If sepsis is suspected, the veterinarian will ask about your dog’s medical history including whether they’ve had any recent injuries. They’ll conduct bloodwork and urinalysis to help identify the source of the infection. Other tests may include x-rays or ultrasounds to aid in the diagnosis and develop a treatment plan.\n\nSepsis is a medical emergency that requires life-saving procedures. These dogs need to be hospitalized and treated with intravenous fluid and intravenous therapy to treat the infection, Dr. Attas says. Intravenous therapy can also help prevent their condition from progressing into septic shock, which is life-threatening.\n\nTreatment typically consists of:\n\nSupplemental oxygen can also be beneficial. Besides medication, other measures need to be taken since sepsis can cause life-threatening issues. For example, in stage one, it’s important to bring their body temperature down to normal and control their blood pressure. “If the blood pressure is too low, then you’re not getting sufficient blood to certain organs,” she says. “And that’s what will cause organ damage and can lead to death.”\n\nAKC is a participant in affiliate advertising programs designed to provide a means for sites to earn advertising fees by advertising and linking to akc.org. If you purchase a product through this article, we may receive a portion of the sale.\n\n“So, the infection may not be ultimately what causes a patient to die,” she says. “It’s the body’s response to the infection that could cause subsequent problems or death.” Another consideration is the cost of treatment since it often requires days in an intensive care unit.\n\n', 'What’s the Prognosis for Sepsis?': 'Despite treatment, not all patients return to health, Dr. Attas says. It depends on factors like the dog’s age and the presence of other health issues like having kidney, liver, or heart problems. “An older dog might have a much harder time in the recovery process,” she says.\n\nSome patients recover but have long-lasting deficits. For example, with hypotension, the blood may not be circulating properly to tissues and organs. As a result, dogs can develop acute kidney injury or be left with chronic kidney problems.\n\nAKC is a participant in affiliate advertising programs designed to provide a means for sites to earn advertising fees by advertising and linking to akc.org. If you purchase a product through this article, we may receive a portion of the sale.\n\nHypotension can lead to similar problems in the gastrointestinal tract if a patient doesn’t have enough blood flow and oxygen. Another concern with sepsis is abnormal blood clotting. Patients in sepsis can develop something called disseminated intravascular coagulation, where they develop blood clots which can reduce blood flow and damage organs, she says. As this condition progresses, there can be bleeding beneath the skin or inside the body.\n\n', 'We use cookies': '', 'Privacy Preference Center': ''}",[]
https://www.akc.org/expert-advice/health/dog-skincare/,Dog Skincare: Taking Care of Your Dog’s Skin,"Mar 09, 2026","['skin', 'grooming', 'nutrition', 'skincare']",Colt Dodd,"Many dog owners overlook skincare as part of their pets’ grooming regimen, focusing more on the coat rather than what lies underneath. A few adjustments to bath time and brushing sessions can go a long way in the prevention of many skin conditions that affect dogs, from canine dermatitis to certain types of cancer. Whether you have a long-coated Afghan Hound or a nearly hairless terrier, there are many ways to help your dog feel comfortable in the skin they’re in. Here’s what to know.

","{'Why Taking Care of Your Dog’s Skin Matters': 'Your dog’s largest organ isn’t their heart, lungs, or even their brain. It’s their skin, and it can make up 12 to 24% of a dog’s overall weight. Not only does the skin provide a protective barrier against the elements, it’s also responsible for a dog’s temperature regulation and resistance to infection.\n\nHave you ever heard the phrase “a picture tells a thousand words?” The same sentiment applies to a dog’s skin. Upon examining a dog’s skin, a healthcare professional can glean useful information about possible nutritional deficiencies, allergies, and even the state of internal organs, such as the thyroid gland.\n\nFor the most part, your dog’s skincare is one of many aspects of their health that’s in your control. You can prioritize their well-being by first considering their age, coat type and length, and whether they have any allergies. Then, you can work toward implementing a comprehensive grooming routine that promotes your dog’s health while also helping them look their best.\n\nAKC is a participant in affiliate advertising programs designed to provide a means for sites to earn advertising fees by advertising and linking to akc.org. If you purchase a product through this article, we may receive a portion of the sale.\n\n', 'General Skincare Tips for Dogs with Fur or Hair': 'There is no one-size-fits-all grooming regimen for every dog. Even dogs that are the same breed may require different skincare routines based on their age and state of health. That said, there are some general, across-the-board skincare tips recommended by many groomers and veterinarians alike. They include:\n\nAKC is a participant in affiliate advertising programs designed to provide a means for sites to earn advertising fees by advertising and linking to akc.org. If you purchase a product through this article, we may receive a portion of the sale.\n\nThere are also methods of promoting your dog’s skin health from the inside out. Up to 35% of a dog’s daily protein intake goes toward keeping their skin and coat healthy. Feeding your dog a complete and balanced diet rich in protein (such as lamb, chicken, or fish) can ensure they get the proper nutrition.\n\n', 'Unique Skincare Considerations for Hairless Breeds': 'While every dog benefits from skincare, it’s especially important for hairless breeds who don’t enjoy the degree of protection offered by fur or hair. Without certain precautions, they’re at an elevated risk of suffering skin cancer, sunburns, and bug bites, such as those from black flies. Fortunately, skincare for hairless dogs isn’t more challenging than for other breeds; it’s just different.\n\nAKC is a participant in affiliate advertising programs designed to provide a means for sites to earn advertising fees by advertising and linking to akc.org. If you purchase a product through this article, we may receive a portion of the sale.\n\nFor starters, grooming a hairless dog involves weekly baths, where owners gently apply specially formulated shampoos and rinse with warm water. Antibacterial shampoo is commonly used on hairless dogs, as they’re at an increased risk of canine acne and dermatitis. Bathing doesn’t end with drying your hairless dog with a towel; after all, many shampoos strip the skin of its natural oils. To ensure that your hairless dog’s skin remains hydrated, apply lotions or oils with vitamins E and B. You may also consider using baobab oil to keep their skin moisturized, soft, and elastic.\n\n', 'Tips for Taking Care of Your Dog’s Skin Every Day': 'Taking care of your dog’s skin isn’t a one-and-done deal. It involves a level of commitment that at first may seem cumbersome, but over time can be incorporated into your daily routine. Some ways you can protect and promote your dog’s skin health outside of grooming include:\n\nAKC is a participant in affiliate advertising programs designed to provide a means for sites to earn advertising fees by advertising and linking to akc.org. If you purchase a product through this article, we may receive a portion of the sale.\n\n', 'When to Consult a Veterinarian About Your Dog’s Skin Health': 'During the course of your dog’s skincare routine, you may notice some troubling signs that may warrant veterinary attention. These can include lumps and bumps, delayed wound healing, and signs of infection, such as redness or swelling. Outside of grooming, you may notice behavioral changes, such as persistent itching or other forms of discomfort, like incessant biting.\n\nAKC is a participant in affiliate advertising programs designed to provide a means for sites to earn advertising fees by advertising and linking to akc.org. If you purchase a product through this article, we may receive a portion of the sale.\n\nWhenever in doubt about the state of your dog’s health, consult their veterinarian for further insight. They may first recommend shampoos that soothe the skin and reduce irritation. If your dog’s skin problem proves to be more complex, they may take skin cell cultures or run an allergy panel to identify the issue’s root cause. Based on their findings, they may suggest dietary changes, steroid injections, or medications.\n\nAKC is a participant in affiliate advertising programs designed to provide a means for sites to earn advertising fees by advertising and linking to akc.org. If you purchase a product through this article, we may receive a portion of the sale.\n\nYour dog’s skin and coat are more than a fashion statement. It’s a reflection of their overall health and happiness—and they need your help with skincare to truly thrive.\n\n', 'We use cookies': '', 'Privacy Preference Center': ''}",[]
https://www.akc.org/expert-advice/health/dog-nosebleed/,Nosebleeds in Dogs: What to Know,"Jan 30, 2025","['nose', 'sneeze', 'nosebleed']",Gemma Johnstone,"If your dog accidentally butts heads with another pet, it might trigger a dog nosebleed. Other times, the reason for nosebleeds in dogs (medically known as epistaxis) might not be so obvious. Whatever the cause, it can be messy and alarming. The priority is to keep yourself and your dog calm and to stop the bleeding.

Regardless of whether your dog sneezes a few drops or a lot of blood is coming out, a dog nosebleed isn’t something to ignore. Once the bleeding is under control, you’ll need to understand why the nosebleed is happening. Prompt treatment of any underlying condition is crucial.

","{'How to Stop Nosebleed in Dogs': 'Sometimes, a little trickle of blood from your dog’s nostrils will dry up before you even spot it. But if there’s a heavy flow, you need to be proactive.\n\nDr. Franciele Back, DVM, is an Assistant Professor in Small Animal Emergency at the College of Veterinary Medicine at Oklahoma State University. If your dog experiences a nosebleed, Dr. Back recommends trying to keep yourself and your dog relaxed. Excitement can trigger an increase in blood pressure and cause even more bleeding. While staying calm, encourage your dog to lie down and relax.\n\nDr. Back says you should never put anything inside the nose to stop the bleeding. That would typically trigger sneezing in dogs, which can make bleeding worse. Instead, gently place a cold compress or cool pack for dogs that’s covered in clean cloths over the bridge and side of your dog’s nose. This helps constrict the blood vessels and slow the flow of blood. It’s not a good idea to give your dog any medication unless you’re directed by a vet.\n\n', 'When Is a Dog Nosebleed a Veterinary Emergency?': 'Dr. Back says a veterinarian should see any dog with a nosebleed. Whether they need emergency treatment depends on the size of the dog and the amount of blood. “A small amount of blood in a big dog may not be as worrying as a large amount in a small dog,” she says.\n\nAKC is a participant in affiliate advertising programs designed to provide a means for sites to earn advertising fees by advertising and linking to akc.org. If you purchase a product through this article, we may receive a portion of the sale.\n\nIf your dog only loses a little blood and the nosebleed clears up quickly, follow your vet’s advice about whether you should wait for the next regularly available appointment. However, Dr. Back recommends evaluating how your pet is behaving overall. If your dog is lethargic, having difficulty breathing, or not eating or drinking, that is always a greater cause for concern. As a result, you might want to bring them to the emergency vet.\n\nIf the bleeding is heavy and doesn’t stop after a few minutes, get your pet to the vet right away. If your dog’s nosebleed is more of a long-lasting trickle than gushing blood, you should also take them to the vet promptly. “You can use a towel or pee pads under the head while you take the pet to the emergency service,” Dr. Back says.\n\nIf your dog experiences blunt force trauma, like being hit by a car or getting into a dog fight, Dr. Back recommends bringing them to an emergency veterinarian. “Sometimes, they can have issues that are not directly seen, such as internal bleeding,” she says. “You will need a vet to do a full physical exam and some diagnostics.”\n\nAKC is a participant in affiliate advertising programs designed to provide a means for sites to earn advertising fees by advertising and linking to akc.org. If you purchase a product through this article, we may receive a portion of the sale.\n\n', 'Symptoms of Dog Nosebleeds': 'Observing the details and symptoms of your dog’s nosebleed can help your veterinarian narrow down potential causes. Here are some questions to ask yourself:\n\nHeavy nosebleeds can lead to your dog ingesting blood. That can result in black, tarry stool (which is actually bloody dog poop) or bloody vomit. There can be many other accompanying symptoms, depending on the underlying cause.\n\n', 'Causes of Dog Nosebleeds': 'Dog nosebleeds are associated with many underlying causes, typically categorized as local (limited to nasal areas) or systemic (affecting the entire body).\n\nA study suggested that the most common causes of nosebleeds in dogs are nasal tumors and trauma. Other potential triggers for dog nosebleeds include dental problems, blood clotting disorders, nasal inflammation, high blood pressure, and low amounts of blood platelets (which help stop bleeding). Possible causes of dog nosebleeds include:\n\nAKC is a participant in affiliate advertising programs designed to provide a means for sites to earn advertising fees by advertising and linking to akc.org. If you purchase a product through this article, we may receive a portion of the sale.\n\nAKC is a participant in affiliate advertising programs designed to provide a means for sites to earn advertising fees by advertising and linking to akc.org. If you purchase a product through this article, we may receive a portion of the sale.\n\nDr. Back explains that age can also affect dog nosebleeds. “Young dogs are more likely to have nose bleeding because of trauma — they are more active and play more than older dogs — and being intoxicated,” she says. “Older dogs are more likely to have issues related to neoplasia — tumors — causing localized bleeding issues or coagulation — clotting — disturbances.”\n\n', 'Dog Breeds Predisposed to Nosebleeds': 'Dr. Back also mentions some breeds have a genetic predisposition to conditions that cause nosebleeds. This could be because of immune thrombocytopenia (ITP), an illness that can lead to bruising and bleeding. “Their own body starts to destroy their platelets and the low numbers are not able to do the first step of coagulation as needed,” Dr. Back says. Genetic disorder where blood doesn’t clot properly (such as hemophilia or Von Willebrand disease) can also cause excessive bleeding if a dog experiences mild or severe trauma.\n\nBreeds that may be more prone to nosebleeds include:\n\n', 'How Do Vets Diagnose the Cause of a Dog’s Nosebleed?': 'Sometimes, the reason for your dog’s nosebleed may be obvious, such as if your dog has undergone trauma. However, in many cases, your vet may conduct extensive evaluations and testing to identify the underlying cause. “Ideally, we need to do a full blood work to understand what is happening,” Dr. Back says. She explains that medical imaging may be necessary to rule out issues relating to trauma or tumors. A vet may also do a blood test to detect tick-borne diseases such as Lyme disease, anaplasmosis, and ehrlichiosis.\n\nAKC is a participant in affiliate advertising programs designed to provide a means for sites to earn advertising fees by advertising and linking to akc.org. If you purchase a product through this article, we may receive a portion of the sale.\n\nThankfully, much of the time, establishing the cause is possible with non-invasive testing options. However, sometimes your dog will need sedation or a general anesthetic to undergo these tests.\n\nAKC is a participant in affiliate advertising programs designed to provide a means for sites to earn advertising fees by advertising and linking to akc.org. If you purchase a product through this article, we may receive a portion of the sale.\n\nTests your vet might conduct include:\n\nAs a last resort, surgery may be necessary if your vet needs to access the area of bleeding to remove a foreign object or get a tissue sample.\n\n', 'How Do Vets Treat Nosebleeds in Dogs?': 'If your dog’s light, controlled nosebleed relates to mild trauma, your vet may just recommend rest. When there is heavy or prolonged bleeding, initial treatment will usually focus on stemming the flow of blood. “Depending on the amount of blood loss, some patients might need fluids or, in worst cases, also a blood transfusion,” Dr. Back says. Sedation or anesthesia may also be necessary to control heavy bleeding.\n\nFurther treatment will work to manage the underlying cause of the nosebleeds. The prognosis for dog nosebleeds depends on the cause and whether they’re progressing, but early diagnosis and treatment increase the chance of a positive outlook. For example, dogs with early-stage infectious diseases may receive medication that can completely cure them.\n\n', 'We use cookies': '', 'Privacy Preference Center': ''}",[]
https://www.akc.org/expert-advice/health/wash-dog-bowl/,How Often Should I Wash My Dog’s Bowl?,"Mar 02, 2026","['dog food', 'water', 'dog bowl']",Nandini Maharaj,"When you’ve finished eating a bowl of cereal or instant noodles, you might scrub your dishes by hand or stick them in the dishwasher. For many reasons, and the possibility of getting sick, you probably wouldn’t put dirty dishes back in the cupboard or reuse your cereal-encrusted bowl the next morning. But can you say the same for your dog’s food and water bowl?

Maybe you refill their water dish a few times before washing it. Or perhaps you add a fresh scoop of kibble to the bowl your dog licked clean earlier in the day. Even if your dog’s bowl doesn’t look dirty, improper handling of pet food and poor hygiene practices can result in contamination, putting you and your dog at risk for infection.

Below we share advice from veterinarians on how often to wash your dog’s bowls, what types of dog bowls to use, and what to know about sharing food and water bowls if you have a multi-pet household.

","{'When and Why Should You Wash Your Dog’s Bowl?': '“Dogs aren’t the tidiest eaters,” says Dr. Kelly Hood, DVM, in-house veterinary expert at Pet Portraits. “They drool, slop food around, and their mouths are full of bacteria that when mixed with food particles and moisture, can create the perfect environment for harmful microorganisms to thrive.” Moreover, if you practice free-feeding, meaning leaving food out for dogs at all times, you’re less likely to wash their bowl throughout the day.\n\nWhen bacteria adhere to wet surfaces like your dog’s bowl, they produce a slimy substance called biofilm, according to an article in the journal Frontiers in Cellular and Infection Microbiology. The buildup of plaque on your teeth and soap scum in your drains are examples of biofilm, which is made up of a community of microorganisms including bacteria and yeast, as well as debris. The main reason to wash your dog’s bowl is to break up this bacterial biofilm that can lead to illness.\n\nAKC is a participant in affiliate advertising programs designed to provide a means for sites to earn advertising fees by advertising and linking to akc.org. If you purchase a product through this article, we may receive a portion of the sale.\n\nIdeally, you should wash your dog’s food and water bowls daily to avoid the accumulation of food residue and biofilm, which can be detrimental to the health of your pets and the rest of your family, says Dr. Jamie Whittenburg, DVM, director of Kingsgate Animal Hospital in Lubbock, TX. Her advice is to have two sets of bowls, so you can wash them in the dishwasher and always have a clean set. She also emphasizes the importance of providing your dog with fresh, clean drinking water.\n\nGiven the risk of infection from bacteria like salmonella and listeriosis, it’s best to wash your dog’s bowl after each meal with hot soapy water. “It might seem like a lot, but it’s just like how we wouldn’t use the same unwashed plate day after day,” Dr. Hood says.\n\n', 'What Happens If You Don’t Wash Your Dog’s Bowl?': 'Food residue on your dog’s bowl can attract insects and other pests. In addition, bacteria such as E. coli and salmonella may begin to grow and reproduce, creating a foul odor and leading to food poisoning. “These bacteria pose a serious risk to the health of pets and humans alike,” Dr. Whittenburg says.\n\nAKC is a participant in affiliate advertising programs designed to provide a means for sites to earn advertising fees by advertising and linking to akc.org. If you purchase a product through this article, we may receive a portion of the sale.\n\nThe National Sanitation Foundation reported that pet bowls are the fourth-germiest place in the home after dish sponges, kitchen sinks, and toothbrush holders. Another study of 351 dog caregivers and 186 cat caregivers found higher bacterial counts in pet bowls containing wet food compared to dry food. There were also higher levels of bacterial contamination when people washed bowls by hand compared to using the dishwasher.\n\nDepending on the level of bacteria present, your dog may experience minor stomach problems or skin issues. “In more serious cases, there might be potential infections that could make your dog very sick,” Dr. Hood says. “Sometimes chronic diarrhea can be cleared up just by implementing a regular bowl washing routine.”\n\nAKC is a participant in affiliate advertising programs designed to provide a means for sites to earn advertising fees by advertising and linking to akc.org. If you purchase a product through this article, we may receive a portion of the sale.\n\nIf you hand wash your dog’s bowl, you may want to disinfect the bowl once a week using bleach diluted with water. Let the bowls soak for 10 minutes and rinse thoroughly. If you’re using the dishwasher, make sure the bowl is dishwasher-safe and use a high heat setting to kill bacteria. As long as your dog is healthy, and you wash their bowls regularly, you can wash dog bowls in the same load as your dishes.\n\n', 'How Do You Practice Good Bowl Hygiene?': 'The US Food and Drug Administration has specific guidelines on handling pet food. However, as reported in a study of 417 dog owners, fewer than 5% of dog owners were aware of these guidelines. Moreover, 36% of those surveyed had children or other immunocompromised individuals residing with them.\n\nTo keep your dog safe, the FDA recommends the following practices:\n\nIf food particles are stuck to the bowl, try soaking it in hot soapy water for 10 to 15 minutes. For extra cleaning power, you can use a scrubbing brush or mix baking soda and water to form a paste. You can then rinse off the soap and wipe the bowl with a clean cloth or let it air dry on a dish rack.\n\nWhen purchasing a bowl, both experts recommend choosing stainless steel for your dog’s food and water bowl. This material is “basically indestructible, dishwasher-safe, and doesn’t hang onto odors and bacteria like plastic does due to its non-porous material,” Dr. Hood explains. In addition to being easier to clean, stainless steel bowls tend to “cause fewer allergic issues, especially in cats,” Dr. Whittenburg says.\n\nAKC is a participant in affiliate advertising programs designed to provide a means for sites to earn advertising fees by advertising and linking to akc.org. If you purchase a product through this article, we may receive a portion of the sale.\n\nFor a more aesthetically pleasing look, you may wish to purchase a non-toxic and high-quality ceramic bowl as an alternative to stainless steel. However, ceramic bowls tend to be heavier and aren’t always dishwasher safe. Since they can be damaged if dropped, “keep an eye out for chips and cracks in these bowls, because bacteria can hide in the fissures,” Dr. Hood adds.\n\n', 'Is It Safe for Pets to Share Water or Food Bowls?': '“Pets in a home may share bowls, but care must be taken to provide enough bowls, especially for water so that each pet has adequate access,” Dr. Whittenburg says. Although it’s possible to transmit illness between pets via food or water bowls, “in most houses, the risk is higher from the pets being in direct contact with each other,” she adds. Accordingly, all pets need to be healthy when sharing bowls.\n\nAKC is a participant in affiliate advertising programs designed to provide a means for sites to earn advertising fees by advertising and linking to akc.org. If you purchase a product through this article, we may receive a portion of the sale.\n\nIn terms of food bowls, it’s preferable to use separate bowls since your pets may be on different diets or feeding schedules. Sharing food bowls poses a risk of spreading illness, but it’s also “a recipe for feeding time drama,” Dr. Hood says. “If one of your pets needs a special diet or medication in their food, shared bowls become a problem. Giving each pet their own bowl is safer and lets you keep tabs on who’s eating what and how much.”\n\nAnother reason for using separate bowls is when you’re introducing a new pet to the household. “This situation may require quarantining of the new pet in their own area for a length of time,” Dr. Whittenburg says. She recommends speaking to your veterinarian about quarantining new pets.\n\nAKC is a participant in affiliate advertising programs designed to provide a means for sites to earn advertising fees by advertising and linking to akc.org. If you purchase a product through this article, we may receive a portion of the sale.\n\nPart of being a responsible dog owner is making sure your dog has access to fresh drinking water along with serving them a nutritionally balanced and complete diet. Good food-handling practices can go a long way toward promoting the health of your pets and yourself. If you haven’t been keeping your dog’s bowls in tip-top shape, now is a good time to make it a habit.\n\n', 'We use cookies': '', 'Privacy Preference Center': ''}",[]
