url,title,updated_date,tag_list,author,intro,full_content,faq
https://www.akc.org/expert-advice/home-living/what-flooring-best-for-dog/,What Kind of Flooring Is Best for Your Dog?,"May 04, 2026","['floors', 'puppies', 'senior dog']",Shaw Floors,"Paid Advertisement

If you’re considering updating your flooring, you may not immediately think to consider your dog. But different types of floors can make stages of a dog’s life easier, including accidents in puppyhood and slips in their senior years. Even if you’re renting or can’t change your floors, there are ways to make flooring more safe and accessible for your dog.

","{'What Kinds of Floors Do Most People Have?': 'Terri Harrington, Vice President of Shaw Floors, says that preference for floor type varies across the United States.\xa0There’s\xa0no leader among dog owners, though many opt for durable and easy-to-clean flooring types, like\xa0luxury\xa0vinyl or\xa0laminate.\n\nType\xa0of flooring also depends on what the room is used for. In spaces like kitchens,\xa0hallways\xa0and entryways, people tend to lean towards floors that are water resistant. These areas are also usually\xa0higher-traffic, so they need to be more durable.\n\nIn other spaces, like bedrooms or living rooms,\xa0carpet\xa0is still a popular choice. It provides warmth,\xa0softness\xa0and acoustic properties, so\xa0it’s\xa0a great floor choice for rooms that are\xa0designated\xa0for relaxation.\n\n', 'Planning Out Your Floors as a Dog Owner': 'Whether\xa0you’re\xa0bringing home a new puppy or adjusting to life with a senior dog, there are many considerations in choosing a floor.\xa0You may choose to\xa0change\xa0out\xa0your floor as your dog\xa0ages, or\xa0start them right off with softer floors if you\xa0don’t\xa0mind\xa0a little more cleaning\n\nAKC is a participant in affiliate advertising programs designed to provide a means for sites to earn advertising fees by advertising and linking to akc.org. If you purchase a product through this article, we may receive a portion of the sale.\n\n“It’s helpful to think about how your flooring will perform over years of daily life with pets,” says Harrington. “Floors that resist scratches and are easy to clean can make it much easier to manage muddy paws, shedding, and accidents.”\n\nComfort is also important, as well as traction. Dogs benefit from surfaces that have a bit of a grip so that\xa0they\xa0can move around confidently. Combinations of flooring types throughout the home provide the best of both worlds: luxury vinyl in busy areas, and carpet in spaces where pets can relax.\n\nMost homeowners\xa0don’t\xa0need to change their flooring as their dog gets older. Small adjustments can many times be enough to keep their pet comfortable and safe. Like humans, when dogs age, traction and joint support become more important. Carpet\xa0helps\xa0provide\xa0warmth and helps cushion their joints.\n\nBut you can also make these adjustments in smaller ways than changing your flooring.\n\nAKC is a participant in affiliate advertising programs designed to provide a means for sites to earn advertising fees by advertising and linking to akc.org. If you purchase a product through this article, we may receive a portion of the sale.\n\n“For older dogs, traction and comfort\xa0become\xa0especially important,” Harrington says. “Many homeowners add area rugs and carpet stair\xa0runners or\xa0choose carpet for full rooms in spaces where their dogs spend most of the time resting.”\n\n', 'Best Types of Floors for Different Types of Dogs': 'When considering what type of flooring is best for your dog, there are\xa0different factors\xa0to consider.\xa0“The best flooring choice often depends on a dog’s size, age, and activity level,” Harrington says. “For larger or more energetic dogs, durable hard surfaces like luxury vinyl can be a great option: it resists moisture, stands up to active dogs, and it’s easy to clean.” Harrington notes\xa0it’s\xa0also\xa0a great choice\xa0for homes with puppies who are still housetraining, since\xa0they’ll\xa0be more prone to accidents.\n\n', 'Most Durable\xa0Flooring for Dogs': 'Durable flooring is important for dog owners, especially in high-traffic areas. When looking for floors, it’s good to consider how well it’ll be able to handle scratches, moisture, and everyday messes. Luxury vinyl is a popular option since it’s waterproof, easy to clean, and new innovations make it resistant to scratches from pet nails – making it able to easily handle the occasional accident.\n\nAKC is a participant in affiliate advertising programs designed to provide a means for sites to earn advertising fees by advertising and linking to akc.org. If you purchase a product through this article, we may receive a portion of the sale.\n\nCarpets\xa0aren’t\xa0out of the picture though. “Carpet options with a\xa0moisture-barrier\xa0backing\xa0helps\xa0prevent spills or accidents from reaching the subfloor,” Harrington says. “This stops\xa0lingering odors and long-term damage.”\n\nShaw Floors recognizes the growth of pet ownership in the U.S. and has invested in research and innovation with pets in mind. Shaw Floors’ Pet Perfect collections are available in carpet, luxury vinyl, and laminate, and are engineered specifically to stand up to the reality of life with dogs.\xa0They’re\xa0designed to help resist scratches, simplify cleanup, and\xa0maintain\xa0their beauty despite anything thrown at them.\n\n', 'Renter-Friendly Flooring Options': 'If\xa0you’re\xa0renting a home, you\xa0may not\xa0have the\xa0option\xa0to change the floors. But there are still ways that you can make your home safer and\xa0more\xa0dog friendly.\xa0Adding things like area rugs or runners can help provide traction on surfaces that may be slippery, like hardwood or tile. Rugs also act as soft spots for dogs to\xa0rest and\xa0can help protect the floor underneath from scratches or accidents.\n\n“Small adjustments like these can make a big difference in creating a safer, more comfortable space,” says Harrington. If you have a puppy or\xa0a very active\xa0dog – putting rugs or mats near entryways, food bowls, or areas that your dog likes to play is a great move. This can help you manage things like muddy paws and spills more easily.\n\nAKC is a participant in affiliate advertising programs designed to provide a means for sites to earn advertising fees by advertising and linking to akc.org. If you purchase a product through this article, we may receive a portion of the sale.\n\n', 'Thinking Long Term About Flooring': 'When considering your flooring options with your dog in mind,\xa0it’s\xa0helpful to think long term. All dogs will age, so having a good mix of flooring to consider their needs is often\xa0a good way\xa0to go. Both carpets for comfort and\xa0luxury\xa0vinyl for easy cleaning\xa0have pros and cons for dog owners.\n\n“It can also help to select options that perform well through every stage of a dog’s life,” Harrington says. “From energetic puppies\xa0to the slower pace of senior dogs, durable, easy-to-clean hard surface flooring paired with rugs, or carpet for resting can create a comfortable environment that supports both pets and their owners for years to come.”\n\nWhatever you choose for your flooring, remember that\xa0it’s\xa0your dog’s home too!\xa0Choosing something that is durable\xa0and also\xa0keeps their needs in mind will make both of your lives easier.\n\n', 'We use cookies': '', 'Privacy Preference Center': ''}",[]
https://www.akc.org/expert-advice/home-living/dog-blankets/,Do Dogs Benefit From Blankets? Choosing the Right Dog Blanket,"Jan 28, 2026","['bed', 'dog beds', 'blankets']",Gemma Johnstone,"Like humans, dogs need sufficient sleep to stay healthy and happy. Studies show adult dogs sleep an average of 10 hours daily, and puppies and seniors need even more downtime. Offering your dog a comfortable spot in your home where they can curl up and take a peaceful nap is a priority.

In This Article

While it’s important to choose the right dog bed, you might be wondering if your dog needs a blanket, too. Letting your dog burrow into a blanket can help them enjoy a more settled night’s sleep and keep your home cleaner, but there are some safety considerations to be aware of.

","{'When Are Blankets Beneficial to Dogs?': 'While dog blankets aren’t essential, they’re versatile, multipurpose items with a range of potential benefits:\n\nAKC is a participant in affiliate advertising programs designed to provide a means for sites to earn advertising fees by advertising and linking to akc.org. If you purchase a product through this article, we may receive a portion of the sale.\n\nAKC is a participant in affiliate advertising programs designed to provide a means for sites to earn advertising fees by advertising and linking to akc.org. If you purchase a product through this article, we may receive a portion of the sale.\n\n', 'Factors to Consider When Dog Blanket Shopping': 'There isn’t a one-size-fits-all best dog blanket. They come in various sizes, materials and designs, and what works best for you and your dog depends on numerous factors.\n\nAKC is a participant in affiliate advertising programs designed to provide a means for sites to earn advertising fees by advertising and linking to akc.org. If you purchase a product through this article, we may receive a portion of the sale.\n\n', 'Dog Blanket Safety Precautions': 'Blankets are typically safe bedding options for dogs, but be vigilant about the following:\n\nAKC is a participant in affiliate advertising programs designed to provide a means for sites to earn advertising fees by advertising and linking to akc.org. If you purchase a product through this article, we may receive a portion of the sale.\n\nAKC is a participant in affiliate advertising programs designed to provide a means for sites to earn advertising fees by advertising and linking to akc.org. If you purchase a product through this article, we may receive a portion of the sale.\n\n', 'How to Clean and Maintain Dog Blankets': 'Part of the appeal of dog blankets is that there’s nothing complex about cleaning them. Shake the blanket outdoors first to remove excess hairs. If you have a heavy-shedding breed, you might want to put the blanket in a hair-containing pet laundry bag before it goes in the washer. Machine or hand wash as per the manufacturer’s instructions, and stick with a gentle, pet-friendly detergent.\n\nAKC is a participant in affiliate advertising programs designed to provide a means for sites to earn advertising fees by advertising and linking to akc.org. If you purchase a product through this article, we may receive a portion of the sale.\n\nAllow the blanket to dry thoroughly before letting your pet back on it. A damp blanket on top of your dog’s bed or the sofa can encourage mold and mildew growth, and it’s not good for sore joints or cold-sensitive pups.\n\n', 'Alternatives to Dog Blankets': 'If your dog is constantly chewing on blankets or just doesn’t like them, there are other options for cold-sensitive, anxious or arthritic dogs. Consider using a dog sweater or house coat for extra warmth, and orthopedic dog beds support sore joints. If you’re using a blanket to comfort a stressed dog, working with a certified behaviorist to identify and reduce their triggers can be beneficial. You can also use aids such as stress-relieving supplements, calming treats, or anxiety vests.\n\n', 'We use cookies': '', 'Privacy Preference Center': ''}",[]
https://www.akc.org/expert-advice/home-living/white-noise-machines-for-dogs/,White Noise Machines for Dogs: Everything You Need to Know,"Oct 09, 2025","['calming', 'anxiety', 'sleep', 'stress', 'white noise']",Colt Dodd,"Life can feel scary through a dog’s eyes. Rolling thunder can sound like earth-shattering explosions. Sleeping in a crate for the first time can feel isolating. Couple that with being away from their favorite person, and it’s no wonder some dogs are prone to stress. This is where white noise machines for dogs enter the picture. They’re amazing tools for reshaping dogs’ behavior and helping them navigate distressing situations.

In This Article

These devices emit a constant stream of audio to drown out loud, sudden sounds, such as fireworks or heavy construction. They can also help dogs sleep through the night by offering a calming sound to redirect their focus. The great thing about these devices is that they’re relatively inexpensive. Plus, any dog, even one without apparent anxiety, can benefit from using one.

","{'White Noise Machines Use Noise to Soothe Anxious Dogs': 'So, what is white noise? The first sound that comes to mind is that “shhh” sound that used to accompany cable TVs without signal. It’s also similar to the sound emitted by hairdryers, air conditioners, and running water. It’s different from “brown noise” and “pink noise” in that instead of audible sound rising and falling, various soundwaves combine and stay at the same frequency.\n\nAKC is a participant in affiliate advertising programs designed to provide a means for sites to earn advertising fees by advertising and linking to akc.org. If you purchase a product through this article, we may receive a portion of the sale.\n\nAs we’ll explain shortly, there are different types of white noise machines, and some offer more advanced features than others. For example, some no-frills white noise machines are simply speakers with on/off switches. More advanced models turn on when your dog begins barking excessively, even offering variations of white noise at different volumes.\n\nAlthough white noise machines are a great tool for dog owners, they’re not a one-stop solution to stress, separation anxiety, or issues arising from canine dementia. They’re best used in combination with positive reinforcement training and other methods used to help dogs manage their triggers. An animal behaviorist could be a helpful resource if your dog’s anxiety begins to affect their day-to-day routines.\n\n', 'What Dogs Can Benefit from White Noise Machines?': 'Any dog could potentially benefit from using a white noise machine. Yet, these devices are specifically designed to comfort:\n\nAKC is a participant in affiliate advertising programs designed to provide a means for sites to earn advertising fees by advertising and linking to akc.org. If you purchase a product through this article, we may receive a portion of the sale.\n\nAKC is a participant in affiliate advertising programs designed to provide a means for sites to earn advertising fees by advertising and linking to akc.org. If you purchase a product through this article, we may receive a portion of the sale.\n\nExperimenting with a white noise machine is a low-risk, high-reward endeavor. Many of these machines are easy to set up, inexpensive, and a game changer for many dog owners.\n\n', 'Different Features of White Noise Machines for Dogs': 'There is a white noise machine for every price point and purpose. Still, some offer more customizable features than others. For example, some white noise machines are outfitted with timers, offering set-it-and-forget-it convenience. Devices without timers generally run continuously until the battery dies, or they’re turned off manually.\n\nAnother feature many owners enjoy is built-in microphones that detect when their dogs start barking or whining. In response, the white noise machine begins emitting sound, immediately working to soothe an anxious dog in its owner’s absence. This feature is generally paired with what many products call “memory keeping,” which is when the device memorizes the exact sound and volume used previously. That way, owners don’t have to fumble with the device’s settings every time they use it.\n\nAKC is a participant in affiliate advertising programs designed to provide a means for sites to earn advertising fees by advertising and linking to akc.org. If you purchase a product through this article, we may receive a portion of the sale.\n\nWhile many white noise machines plug into the wall using USB cables, some devices are battery-powered. This offers another layer of convenience for owners who are constantly on the move with their pets. Using a white noise machine in the car could help a dog grow accustomed to riding in the vehicle, ultimately working to drown out loud engines, car horns, and screeching tires. With consistent use, a dog who once hated riding in the car could learn to love the adventure!\n\n', 'Things to Consider About White Noise Machines': 'Understanding the pros and cons regarding white noise machines can help you make informed decisions regarding your dog’s health and well-being. The pros are fairly straightforward. Over time, you could see a marked improvement in your dog’s sleep patterns, temperament, and response to triggers. In the long run, these improvements can build your dog’s confidence and enhance their overall quality of life.\n\nOf course, there’s no such thing as a perfect product, and there are some downsides to know about. For starters, white noise machines are not the final solution to behavioral issues. They’re a great tool while you work to address the underlying cause of your dog’s stress and work to mitigate it. With exclusive use, your dog could get used to the white noise machine and no longer get the full benefits.\n\nAKC is a participant in affiliate advertising programs designed to provide a means for sites to earn advertising fees by advertising and linking to akc.org. If you purchase a product through this article, we may receive a portion of the sale.\n\nAnother concern is noise level. Louder isn’t always better. White noise is generally between 60 and 65 decibels, about the same volume as a shower running. Blasting a white noise machine constantly could damage your dog’s hearing, particularly if the machine is left running in small spaces. You should be able to hold a normal conversation while the white noise machine hums in the background.\n\n', 'Other Devices Intended to Soothe Dogs': 'White noise machines are one of many products designed to help dogs power through stressful events. Others include:\n\nAKC is a participant in affiliate advertising programs designed to provide a means for sites to earn advertising fees by advertising and linking to akc.org. If you purchase a product through this article, we may receive a portion of the sale.\n\nWhite noise machines are just one options of working to reshape your dog’s behavior and help them thrive. Not everything will work for every day, so the best thing you can do is talk to your vet and try the product, and observing your dog’s reactions. No matter the cause of your dog’s stress or anxiety, there are many tools and resources that can help them.\n\n', 'We use cookies': '', 'Privacy Preference Center': ''}",[]
https://www.akc.org/expert-advice/home-living/fence-alternatives-for-multi-pet-households/,Alternative Fence Options for Multi-Pet Households,"Apr 20, 2026","['fence', 'multi-pet household', 'yard', 'invisible fence']",SpotOn,"Paid Advertisement

Having multiple pets means enforcing multiple boundaries. For many homes, that means no dogs near the litter box, and no pets underfoot in the kitchen, and clear outdoor limits that keep everyone safe. Yet, even with consistent training, it can feel impossible to monitor your pets’ behavior, especially in busy households or large properties.

For decades, alternatives to traditional fencing have been a familiar solution for setting boundaries indoors and out. More recently, GPS-based dog fences like SpotOn GPS Fence have emerged as a modern alternative, specializing in wire-free containment designed specifically for dogs and outdoor use.

Understanding how these systems differ — and where each excels — can help multi-pet households choose the right approach for their home, their dog, and their lifestyle.

","{'The Evolution of Pet Containment Technology': 'Physical barriers aren’t the only way to guide pets. By using a signal field, some systems allow pet honors to establish boundaries, all without traditional fencing.\n\nAKC is a participant in affiliate advertising programs designed to provide a means for sites to earn advertising fees by advertising and linking to akc.org. If you purchase a product through this article, we may receive a portion of the sale.\n\nThis technology has proven especially useful indoors, where targeted boundaries — such as keeping dogs away from trash cans, counters, or litter boxes — can reduce conflict in multi-pet households.\n\nHowever, as outdoor containment needs have evolved, many dog owners now seek greater flexibility, larger coverage areas, and easier adjustments than wired systems were originally designed to support.\n\n', 'SpotOn GPS Dog Fence: A Modern Alternative for Dogs': 'For dog owners exploring alternative fencing options for outdoor containment, SpotOn GPS Dog Fence represents a newer, dog-specific approach.\n\nSpotOn does not rely on buried wires, transmitters, or professional installation. Instead, SpotOn uses advanced GPS technology built directly into the dog’s collar, allowing owners to create and manage virtual fences through the mobile app.\n\nThe design makes SpotOn especially appealing for multi-dog households with:\n\nBecause SpotOn is designed exclusively for dogs, it focuses entirely on canine behavior, training, and outdoor freedom.\n\nAKC is a participant in affiliate advertising programs designed to provide a means for sites to earn advertising fees by advertising and linking to akc.org. If you purchase a product through this article, we may receive a portion of the sale.\n\n', 'How SpotOn Uses GPS Technology to Set Boundaries for Dogs': 'With SpotOn, boundaries are created digitally rather than physically. Owners can draw virtual fences of any shape or size, create unlimited containment areas, and adjust them instantly — without digging or wiring.\n\nThe lastest SpotOn Nova Edition collar features an industry-leading GPS system, including a powerful dual-band, dual-feed antenna and dual-band receiver, engineered to deliver reliable performance across the environments that challenge GPS signals the most, like heavy tree cover, properties with metal-roofed structures, and more.\n\n“When it comes to precision, the technology is spot on — literally,” says Evan Doggett, a certified dog trainer. “Once dogs understand where the boundaries are, they gain real freedom without confusion.”\n\nSpotOn also allows owners to:\n\n', 'Benefits of GPS Dog Fences for Multi-Pet Homes': 'For households with multiple dogs, GPS-based systems offer several advantages.\n\nAKC is a participant in affiliate advertising programs designed to provide a means for sites to earn advertising fees by advertising and linking to akc.org. If you purchase a product through this article, we may receive a portion of the sale.\n\nSpotOn supports structured training by pairing clear boundary signals with consistent routines. The alerts and tones of the GPS system deploy precisely where you’ve set them, and as you introduce your dog to their boundaries and provide positive reinforcement, dogs learn where their safe zones are and how to move confidently within them, without requiring constant supervision.\n\nKeeping the peace is crucial in multi-pet households, and that sometimes means having animals keep their distance from each other. There may be a cat or an older geriatric pet who does not want to play 24/7 with the younger dog, and needs an area they can relax away from the chaos of the home. In these situations, boundary tools provide you with the ability to set Different Rules for Different Pets™ giving access to an area for one pet but not the other.\n\nAKC is a participant in affiliate advertising programs designed to provide a means for sites to earn advertising fees by advertising and linking to akc.org. If you purchase a product through this article, we may receive a portion of the sale.\n\nOutdoor dynamics can introduce a different set of challenges. On larger properties, dogs may fixate on livestock, wander too close to a chicken cook, or repeatedly test boundaries around barns, gardens, or neighboring animals. In these cases, GPS-based dog fences like SpotOn offer an outdoor-focused alternative, allowing owners to create “Keep-Out Zones” around specific areas without limiting the dog’s overall freedom.\n\nFor example, a dog might be given a wide access to open acreage, while being restricted from the chicken coop or horse pasture. Or, an owner may choose to give indoor cats a break from canine energy by encouraging more structured outdoor time, using virtual boundaries to keep the dog safely contained while still allowing room to roam.\n\nDoes your dog serve double duty as both a house pet and a livestock guardian dog? With Spot On GPS Fence, you can easily adjust their boundaries to match the job, keeping them close to home when they’re off duty and expanding their range when it’s time to protect your livestock.\n\nOn larger properties – or properties that change with the seasons – safety often depends on more than simply knowing whether a dog stayed inside a boundary. Dogs naturally develop routines, gravitate towards distractions, and test limits in ways that aren’t always obvious day to day.\n\nGPS-based dog fences like SpotOn add an additional layer of insight through Activity Maps, a feature that transforms tracking data into visual heatmaps showing where a dog spends time throughout the day. These maps highlight three key areas: where a dog roams comfortably inside the fence, where they linger near boundary lines, and (if it ever occurs) where an escape begins.\n\nFor owners, this visibility can be a powerful safety tool. A dog that repeatedly paces alongside one section of a boundary may be reacting to wildlife, livestock, or a neighboring animal. With this information, owners can proactively adjust boundaries, reinforce training, or add outdoor Keep-Out Zone to steer dogs away from high-risk areas while still allowing freedom across the rest of the property.\n\nAKC is a participant in affiliate advertising programs designed to provide a means for sites to earn advertising fees by advertising and linking to akc.org. If you purchase a product through this article, we may receive a portion of the sale.\n\nActivity Maps also include a Containment Rate, which shows how consistently a dog remains within the fence. This metric can help owners recognize training progress, spot changes in behavior, and address potential issues early, before curiosity or distraction leads to a safety concern.\n\nBuried wire systems help manage access to specific areas, too, but GPS dog fences such as SpotOn offer a broader, data-driven view of how dogs actually use outdoor space. For multi-dog households and acreage owners, this insight can make the difference between reacting to problems and preventing them altogether.\n\n', 'Ways to Manage a Multi-Pet Household': 'Creating and maintaining healthy boundaries is just one of many ways to manage a harmonious pet household.\n\nAKC is a participant in affiliate advertising programs designed to provide a means for sites to earn advertising fees by advertising and linking to akc.org. If you purchase a product through this article, we may receive a portion of the sale.\n\nIt’s important to take new pet introductions slowly. Although dogs are pack animals, suddenly bringing home a new dog could prove overwhelming to your once-solitary pet. Start initial introductions in a neutral place, like a neighborhood park or a friend’s house. Then, ease both dogs into the relationship, monitoring their body language for signs of stress or excitement.\n\nDogs thrive on familiarity and routine. Uncertainty about feeding times, bathroom breaks, and other activities could create tension among dogs in the household. Maintaining a regular schedule helps your dogs feel secure and less likely to engage in destructive behaviors.\n\nDon’t assume that your dogs get ample socialization and engagement from each other. While many dogs will enjoy spending time together after being properly introduced, it’s important to ensure each pet gets to spend time with you every day. Consistently provide each animal one-on-one attention. Not only does this strengthen your bond, but it also works to combat feelings of jealousy or envy among pets.\n\nBy taking introductions slowly, keeping a regular schedule, and spending quality time with your dogs, you can work to create a peaceful multi-pet home.\n\n', 'Is a GPS Dog Fence Right for Your Multi-Pet Household?': 'Right before adding another dog – or another containment system – it’s important to consider your current pets’ needs, your property, and how much flexibility you want in setting boundaries.\n\nAKC is a participant in affiliate advertising programs designed to provide a means for sites to earn advertising fees by advertising and linking to akc.org. If you purchase a product through this article, we may receive a portion of the sale.\n\nSpotOn GPS Dog Fence offers a compelling alternative to traditional fence systems for dog owners who want:\n\nGPS dog fences like SpotOn reflect how technology continues to expand the ways owners can safely give dogs freedom and structure, especially in multi-dog homes.\n\n', 'We use cookies': '', 'Privacy Preference Center': ''}",[]
https://www.akc.org/expert-advice/home-living/dog-gates/,Dog Gates 101: Choosing the Right Dog Gate for Your Home,"Oct 07, 2024","['gate', 'dog gate', 'barrier']",Nandini Maharaj,"As much you love your dogs’ company, it doesn’t mean you want them to have access to every room in your home, or at least not all the time. An indoor dog gate can be helpful for preventing falls or keeping your dog away from unsafe household items. With different materials and safety features to choose from, you might be wondering whether you need to purchase a dog gate for your home and which type is best for your dog.

We asked a veterinarian for advice on what to look for in a dog gate, how to choose the right size, and whether you can use a baby gate for your dog.

","{'When Would You Want to Use a Dog Gate?': 'You might consider purchasing a dog gate if you’re trying to keep your dog from certain areas of your home. For instance, you might want to keep your dog away from hazards like stairs, hot elements on a stove, or common household poisons. Aside from safety, a gate is a wise investment for keeping areas of your home clean or preventing damage to valuable items and keepsakes.\n\nWhether you have a new puppy or an adult dog, a gate can be a great way to slowly introduce your dog to your home. “During house training, gates can limit a puppy’s access to areas where accidents are more likely to happen,” says Dr. Kelly Hood, DVM, in-house veterinary expert at PetPortraits.com. Unless you’ve cleaned up urine thoroughly, lingering odors might prompt your dog to pee in the same spot.\n\nAnother reason to use dog gates is to separate dogs or other types of pets that don’t get along, she says. Your dog may need to be separated while eating, taking medications, or being groomed. Dog gates are also a good idea if you have infants or toddlers at home.\n\n', 'What Are the Different Types of Gates?': 'There are three types of dog gates which are pressure-mounted, hardware-mounted, and freestanding gates. Let’s get into each one.\n\nAKC is a participant in affiliate advertising programs designed to provide a means for sites to earn advertising fees by advertising and linking to akc.org. If you purchase a product through this article, we may receive a portion of the sale.\n\nPressure-mounted gates are “a good option if you’re renting or aren’t looking to make permanent changes,” Dr. Hood explains. These gates have rubberized tension knobs and a bar that adjusts the width of the gate until it’s securely in place. You can install a pressure-mounted gate in a doorway and remove it easily without needing tools.\n\nIf you’re looking for a more permanent solution, hardware-mounted gates are more secure. “They’re better for the top of stairs or if you have an energetic or larger dog,” she says. These gates usually come with bolts or brackets so you can mount the gate in a doorway or attach it to a wall. The downside is that, since they’re fixed in place, you can’t move them around the house or use them in more than one doorway.\n\nFreestanding gates don’t require installation and can be set down where they’re needed. Some freestanding gates have rubber grips on the bottom or support feet for added stability. They might also have hinges, so you can create a zigzag or rectangular shape and fold them away easily. This feature comes in handy if you need to block off a fireplace, for example. These gates are “useful for creating temporary barriers or enclosing spaces that are oddly shaped, but they aren’t as secure as other types of gates,” she explains.\n\nAKC is a participant in affiliate advertising programs designed to provide a means for sites to earn advertising fees by advertising and linking to akc.org. If you purchase a product through this article, we may receive a portion of the sale.\n\nUltimately, the gate you choose depends on your needs. If you’re looking for something portable, a freestanding gate might work well for your home. But if you’re concerned about your dog pushing the gate over, a hardware-mounted gate is a safer choice. Some pressure-mounted gates come with hardware, so you have the option of mounting them to a door or wall for more stability.\n\n', 'What Kind of Material Is Safe for Dogs?': 'Dog gates come in wood, metal, plastic, or a combination of materials. “Metal gates are usually the most durable and chew-resistant, so they’re great for dogs who are persistent chewers,” Dr. Hood says. If you opt for a wooden gate, she recommends choosing one treated with a pet-safe finish.\n\nPlastic gates are more affordable. But since these gates tend to be more lightweight compared to wood or metal, “they might not withstand a bigger dog or a dog that’s really determined to get past it,” she says. “The most important thing when choosing a gate is that it’s sturdy enough for your dog’s size and temperament.”\n\n', 'How Do You Know What Size to Choose?': 'Before buying a gate, measure the width of the doorway or opening where you’ll use the gate. “Most gates are adjustable within a certain range, so it’s really about finding one that fits your space,” she says. You should also check if the gate has a certain weight limit.\n\nIn addition to the width, you also need to consider the height of the gate and your dog’s behavior. Some products have recommended heights based on your dog’s breed or size. You may need something taller if your dog has a habit of jumping or climbing on furniture.\n\n“The gate should be tall enough so that your dog can’t jump over it,” she says. A gate that is 20 inches high may work for puppies or smaller breeds. “For bigger breeds or jumpers, you’ll probably need a gate that’s at least 30 inches high,” she says.\n\nAKC is a participant in affiliate advertising programs designed to provide a means for sites to earn advertising fees by advertising and linking to akc.org. If you purchase a product through this article, we may receive a portion of the sale.\n\n', 'Are Baby Gates Safe for Dogs?': 'Baby gates are often made of the same type of materials as dog gates. However, baby gates tend to be more lightweight and aren’t made with the kind of heavy-duty plastic that can resist chewing and clawing from a dog. Since they’re meant for babies, they may be shorter and have a lower weight resistance.\n\nAKC is a participant in affiliate advertising programs designed to provide a means for sites to earn advertising fees by advertising and linking to akc.org. If you purchase a product through this article, we may receive a portion of the sale.\n\nAlthough it’s not a good idea to use a dog gate for a baby or toddler, “baby gates can work for dogs in many cases, but they’re not always ideal,” Dr. Hood says. Gates designed for dogs are often more durable and have features suited to a dog’s behavior. She recommends avoiding gates with large openings where a dog’s paw or head could get trapped.\n\nWhen purchasing a gate, look to see if it has a pet-proof lock. Ideally, the locking mechanism should be easy for you to open but secure enough to withstand dogs known for being escape artists. If your dog is a climber, avoid gates with horizontal bars where your dog can get a foothold and get over the gate.\n\n', 'How Do You Train Your Dog to Use a Gate?': 'Like any new addition to your home, introducing your dog to a gate takes a little time and patience. “Start by letting them investigate the gate while it’s open,” she says. “Then close it and reward your dog for calm behavior near the gate.”\n\nEven if the gate you’ve purchased can withstand your dog’s weight, you want to train your dog to stop jumping on or scratching at the gate. If you notice this behavior, redirect your dog and give them a treat for sitting calmly. “With time and consistency, most dogs will eventually learn to accept the gate as part of their environment,” she adds.\n\n', 'We use cookies': '', 'Privacy Preference Center': ''}",[]
https://www.akc.org/expert-advice/home-living/finding-right-dog-door-for-you/,Finding the Right Dog Door for Your Home,"Mar 20, 2026","['safety', 'multi-dog household', 'training']",Harriet Meyers,"If you have a dog who frequently asks to go out or multiple dogs you’re constantly getting up to let outside and then back indoors, you may wonder whether a dog door would make your life a little easier.

Dog doors are protected openings built into an existing door or outside wall of your house. These openings allow your dog to access your yard and return to the house without your assistance. Here are some things to consider before purchasing a dog door for your home.

","{'Types of Dog Doors': 'Dog doors come in a variety of different designs with a range of features. Here are a few types to consider based on your home setup, as well as your dog’s needs:\n\nThe most common and usually least expensive type of dog doors are simple flaps that cover openings made in your current door or wall. The flaps are flexible and easy for a dog to push aside. Some versions have double flaps or magnetic seals to provide more protection from outside temperatures.\n\nThese doors require your pet to wear a microchip collar that opens the door only when your dog approaches it . Then, the door closes once the dog passes through. The idea is that unwanted visitors, such as raccoons or squirrels, won’t be able to get through the dog door. Microchip-activated doors require electricity or batteries to operate. If your electricity often goes down, consider a battery-operated version. In particular, look for an option that alerts you when the batteries are running low.\n\nFloor-to-ceiling panels are easy to insert in a sliding door opening and offer an excellent alternative to making holes in your wall or door. These inserts are an especially great option for those who are renting. However, the door must be wide enough to fit a full-length sliding door insert and still leave room for adults to walk through.\n\nIt’s possible to buy a sliding door or a French door for your house with a built-in dog door. These may be a more expensive option, but they’re also more attractive.\n\nAKC is a participant in affiliate advertising programs designed to provide a means for sites to earn advertising fees by advertising and linking to akc.org. If you purchase a product through this article, we may receive a portion of the sale.\n\n', 'Benefits of Dog Doors': 'An obvious benefit of dog doors is that they allow your dog to get outside fast whenever they need to relieve themselves. But pet owners have plenty of other reasons for praising the use of dog doors:\n\nAKC is a participant in affiliate advertising programs designed to provide a means for sites to earn advertising fees by advertising and linking to akc.org. If you purchase a product through this article, we may receive a portion of the sale.\n\n', 'What to Consider Before Purchasing a Dog Door': 'It’s important to find the right dog door that meets your dog’s needs and suits your living situation. Here are some factors to consider before making a purchase:\n\nAKC is a participant in affiliate advertising programs designed to provide a means for sites to earn advertising fees by advertising and linking to akc.org. If you purchase a product through this article, we may receive a portion of the sale.\n\n', 'Sometimes Dog Doors Aren’t a Good Fit': 'There are times when a dog door may just not be the right option for your dog. Here are some examples:\n\nAKC is a participant in affiliate advertising programs designed to provide a means for sites to earn advertising fees by advertising and linking to akc.org. If you purchase a product through this article, we may receive a portion of the sale.\n\nAKC is a participant in affiliate advertising programs designed to provide a means for sites to earn advertising fees by advertising and linking to akc.org. If you purchase a product through this article, we may receive a portion of the sale.\n\n', 'We use cookies': '', 'Privacy Preference Center': ''}",[]
https://www.akc.org/expert-advice/home-living/types-dog-fences/,What Type of Dog Fence Should I Have?,"Jan 12, 2026","['backyard', 'fence', 'yard']",Elaine Waldorf Gewirtz,"In the words of Robert Frost, “Good fences make good neighbors.” But when it comes to dogs and backyards, fences are essential items to keep your pet safe and secure. Fences create safe outdoor spaces for your dog to run, play, sniff, and snooze — all without a leash. Plus, an enclosed yard with a secure gate gives owners peace of mind that diggers, climbers, and jumpers won’t escape. But what type of dog fence is best for your home and your pet?

In This Article

","{'What Dog Fence Is Right for\xa0Your Dog?': 'If you need to enclose your backyard but wonder what type of canine-friendly barrier will offer the best look, privacy, and safety, you can start by considering how your dog spends time in the yard. Your dog’s habits and activity level will help you choose the right fence.\n\nDoes your dog like to sunbathe all the time, rather than chasing critters or barking at neighbors? If your dog is mostly relaxed and just enjoys lounging when outdoors, you may not need a particularly high or strong fence. The same goes if your dog loves sniffing every square inch of space but doesn’t pursue those smells or chase after them.\n\nAlternatively, if your dog is fascinated by wildlife and runs after any squirrels, birds, or rabbits that they see, fence height and strength matter. You don’t want your dog to jump a low fence (or burst through or burrow under) a weak fence while trying to catch their prey.\n\nAKC is a participant in affiliate advertising programs designed to provide a means for sites to earn advertising fees by advertising and linking to akc.org. If you purchase a product through this article, we may receive a portion of the sale.\n\nIf your dog is particularly protective and stands guard when they’re out in the yard, you’ll need to make sure your fence has a particularly strong gate. If your dog spots someone they believe could be an intruder, they might try to get to that person, no matter what’s in their way. To ensure your dog won’t be able to jump over or burrow under the fence, you’ll need a high fence with bottom barriers. Does your dog love to dig? You’ll need to include bottom barriers. Similarly, if you have a dog who wants to escape, you’ll definitely need a solid fence that they can’t burrow under, jump over, or bust through.\n\nIn addition to secure fencing, high-energy or lonely dogs may need additional enrichment or time with you to stay engaged. Consider playing cognitive training games with your dog or putting some treats in a puzzle toy.\n\n', 'Finding the Right Fence for Your Dog': 'You’ll need to consider your budget, especially when it comes to the size of your yard. In order to create a safe dog fence, will you be able to afford enough of the materials you want? The cost of all types of fences will vary, according to geography, size, and installation.\n\nYou’ll also want to consider the weather, durability, and maintenance. For example, if you live in an area with high rainfall or sunlight, wooden fences might not be the best choice because wood can rot, warp, or fade.\n\nAKC is a participant in affiliate advertising programs designed to provide a means for sites to earn advertising fees by advertising and linking to akc.org. If you purchase a product through this article, we may receive a portion of the sale.\n\nSome housing associations have fencing restrictions and requirements that may affect your choices. For communities prohibiting fencing, consider putting up an enclosed dog run or exercise pen near the house. These options will give your dog room to safely roam off-leash.\n\nIf you already have fencing that your dog has jumped, climbed, or dug, consider modifying the barrier by adding additional structures at the top or bottom. Figure out how your dog is getting over or beyond the fence and remove or cover up anything helping them get past it (such as gaping holes, lawn furniture, a stack of firewood, or a storage unit). To create a dig-proof barrier under any fence, install strips of metal, cement, or large rocks one to two feet below the surface of the fence line.\n\n', 'Types of Dog Fences': 'Here are some of the most common types of dog fences, as well as the possible pros and cons of each.\n\nIf you’re looking to fence in a large area, consider metal or chain link, which is extremely popular. This option is low-cost, durable, weather-resistant, low-maintenance, and long-lasting.\n\nChain link fencing doesn’t offer any additional privacy (unless you decide to add barriers, such as tall landscaping, in front of the fence). If a piece of the chain link fence breaks, it could cut your dog. You will also need to add bottom barriers to prevent your dog from digging out. Jumpers and climbers may even use the links in the fence to scale up and over.\n\nVinyl panel fencing is durable, meaning it won’t fade, rot, weaken, decay, or chip. Plus, it’s scratch-resistant and easy to maintain — there’s no painting or sealing required. You can maintain its appearance with a yearly power wash. Vinyl panel fencing provides privacy, blocking anyone from looking in. It provides no gaps for dogs to squeeze through, and its smooth surface is difficult to climb.\n\nAKC is a participant in affiliate advertising programs designed to provide a means for sites to earn advertising fees by advertising and linking to akc.org. If you purchase a product through this article, we may receive a portion of the sale.\n\nVinyl panel fencing is more expensive than metal fencing. Also, unless you put plants or trees against the fence’s surface, bright white panels will reflect the sun, creating a glare. When under extreme conditions (like a high-temperature fire), vinyl paneling may release chemicals like the carcinogen dioxin, but this material doesn’t pose significant environmental or human risks once it’s installed and used properly.\n\nWood can be relatively affordable as a material to build backyard fences. You can also customize your fence by choosing different woods, such as cedar, pine, spruce, fir, or redwood, in different shapes, shades, and textures. To further customize your fence’s appearance, you can paint or stain it, adding horizontal or vertical slats. Naturally biodegradable, wood can provide privacy (as long as there isn’t room between the slats). Wood also is an effective sound barrier.\n\nAKC is a participant in affiliate advertising programs designed to provide a means for sites to earn advertising fees by advertising and linking to akc.org. If you purchase a product through this article, we may receive a portion of the sale.\n\nWood fences aren’t a one-size-fits-all solution, though. This material might not be as long-lasting as you’d like (in some cases, it might only last five years). To prevent fading from sunlight or rotting from rain or water damage, wood requires yearly painting or sealing. Wet weather can also warp wood, which might mean frequent repair.\n\nIf you decide to incorporate open horizontal slats, those might give dogs a ladder to climb over. Also, any loose boards or nails can injure your pet.\n\nIf you choose a picket fence for your dog, you may face some of the same benefits and challenges as those building other types of wooden fences. Picket fencing is relatively affordable and short in height (so it doesn’t block your view). Visually attractive, a picket fence may be a good fit for small or calm dogs with no interest in jumping or climbing.\n\nOn the other hand, because picket fencing is short, it might not provide enough privacy. Dogs can also squeeze through any large gaps between slats, and picket fences aren’t tall enough to contain large dogs or those particularly determined to get up and over.\n\nA wrought-iron fence offers a sleek, open appearance without blocking your view. The material is durable and won’t warp. However, using wrought iron can be expensive. Dogs with high prey drives will be able to see through the bars and might get distracted, while small dogs can wiggle out between the bars and escape. In addition, you may need to repaint the fence to maintain its shiny appearance.\n\nAKC is a participant in affiliate advertising programs designed to provide a means for sites to earn advertising fees by advertising and linking to akc.org. If you purchase a product through this article, we may receive a portion of the sale.\n\nThese durable materials are strong and sturdy, offering a pleasing appearance and numerous decorative options. Cement footing prevents dogs from burrowing under and escaping. These fences also don’t require much maintenance other than checking for chipped cement filler.\n\nBlock, brick, and stone fences may be quite expensive to install. Partially for that reason, these fences are often shorter, meaning would-be canine escape artists or large dogs might be able to jump over them.\n\nThese combination fences offer a mixture of stability, durability, and visibility. They have a pleasing appearance and include multiple decorative options. Using blocks at the bottom will prevent digging dogs from escaping, while dogs shouldn’t be able to escape through a wrought-iron top that’s tall enough.\n\nAKC is a participant in affiliate advertising programs designed to provide a means for sites to earn advertising fees by advertising and linking to akc.org. If you purchase a product through this article, we may receive a portion of the sale.\n\nThis option may be expensive to install. In addition, to maintain its appearance, you may have to paint the wrought iron surface regularly.\n\n', 'We use cookies': '', 'Privacy Preference Center': ''}",[]
https://www.akc.org/expert-advice/home-living/shedding-air-purifiers/,Air Purifiers Can Help You and Your Dog Breathe Easy This Shedding Season,"Feb 19, 2026","['shedding', 'dander', 'air purifier']",Winix,"Paid Advertisement for Winix

Our cherished dogs bring us endless joy, but the inevitable shedding that comes with many breeds can be a challenge to manage. When shedding season comes around, it’s essential to be prepared. According to the American Pet Products Association, there are over 65 million dog-owning households in the United States, so shedding is a common concern. Are you prepared to handle seasonal shedding in your home?

","{'Understanding Seasonal Shedding in Dogs': 'In addition to year-round shedding, dogs that shed tend to experience more shedding during the changing of the seasons, whether it’s from warmer weather to colder weather, or vice versa. In the spring, dogs that shed will lose their heavier coat (as well as dead or damaged hair) in preparation for the upcoming summer. As fall arrives, dogs that shed will drop their coats to make room for incoming new growth that will help to insulate them and keep them warmer in the winter. All of this seasonal shedding leaves its mark around your home.\n\nYour pet’s coat consists of hair, undercoat, and dander, all of which can distribute allergens (and odors) in the air. While pet hair is easy enough to see and pick up, airborne pet dander isn’t as easy to eliminate. Even for people who don’t have allergies, inhaling dog dander can lead to sinus and nasal membrane inflammation, which can be mistaken for seasonal allergies or mild cold symptoms. So, while your dog readies for seasonal changes by shedding their coat, you might find yourself grappling with sneezing fits and an escalating indoor mess.\n\n', 'How Air Purifiers Help Manage Seasonal Shedding Effects': 'Although we can’t stop our pets from shedding, we can simplify our lives with the assistance of an air purifier tailored for pet owners, like\xa0Winix air purifiers. These devices excel at capturing an impressive 99.99%* of airborne pet dander and particles as minuscule as 0.003 microns.\n\nWhat’s more, Winix air purifiers are powerhouse performers, delivering top-notch pet allergen protection by effectively cleansing the air in your home or other indoor space. These advanced air purification systems include fine mesh pre-filters, activated carbon filters, true HEPA filters, and Winix’s innovative Plasmawave® Technology, all working together seamlessly to ensure the air you breathe remains consistently fresh.\n\nAKC is a participant in affiliate advertising programs designed to provide a means for sites to earn advertising fees by advertising and linking to akc.org. If you purchase a product through this article, we may receive a portion of the sale.\n\n', 'A Fresh Solution for Shedding Season': 'Winix air purifiers aren’t just ordinary air purifiers—they come equipped with innovative features like smart sensors and an auto mode, so you can kick back, relax, enjoy playtime with your dog, and let your Winix air purifier do the work without you having to lift a finger. Worried about a machine making noise that disturbs or annoys your dog? Winix air purifiers are designed to operate quietly, ensuring your pets (and your family) remain undisturbed and at ease.\n\nAKC is a participant in affiliate advertising programs designed to provide a means for sites to earn advertising fees by advertising and linking to akc.org. If you purchase a product through this article, we may receive a portion of the sale.\n\nWith\xa0Winix air purifiers\xa0on your side, the once-daunting prospect of your dog’s shedding seasons becomes much more manageable. Armed with Winix’s potent combination of filters and innovative technology, you’re poised to conquer the challenges of dog shedding season and create an optimal breathing environment for both you and your beloved companions.\n\n', 'We use cookies': '', 'Privacy Preference Center': ''}",[]
https://www.akc.org/expert-advice/home-living/dog-hiking-groups-do-s-and-don-ts/,Are Dog Hiking Groups Right for Your Dog?,"May 02, 2023","['hiking', 'dog hiking groups']",Nandini Maharaj,"If you have a hectic work schedule or other obligations, it can be difficult to make sure your dog is getting enough exercise. One option is to hire a dog walker who can walk your dog as part of a pack or solo. If your dog enjoys hiking, you might consider signing them up for a hiking group, where handlers take several dogs out on a hike together.

Dog hiking groups provide an opportunity for dogs to socialize with each other, all while getting exercise and fresh air. But since this also means that your dog is going to be interacting with unfamiliar dogs and people without you being present, you’ll want to make sure that hiking groups are good for your dog. It’s not the right fit for every dog, and you should find hiking groups organized in a way that ensures dogs have safe and positive experiences.

","{'Are Hiking Groups Right for My Dog?': 'Dog hiking groups take the concept of doggy daycare on the go, offering dogs mental and physical enrichment through long outdoor walks. The idea is to take a group of dogs out together so they can run and play outside. Companies offering this service may pick your dog up from home or work, and drive them to a hiking trail, beach, or dog-friendly park.\n\n\n\nBefore signing your dog up for a hiking group, there are important questions to ask yourself. Has your dog been on successful public outings without you? Would they feel comfortable riding in a car with a group of dogs they may not be familiar with? Since you know your dog best, here are some points to consider when deciding if your dog is a good candidate for hiking groups. Dogs well-suited for hiking groups should be:\n\nAKC is a participant in affiliate advertising programs designed to provide a means for sites to earn advertising fees by advertising and linking to akc.org. If you purchase a product through this article, we may receive a portion of the sale.\n\nAlong with obedience training, your dog needs to know how to behave on the trails. That means not disturbing other dogs, hikers, wildlife, and plant life. Accordingly, hiking groups aren’t a good match for dogs that show reactivity or aggression toward humans or other animals. A better choice would be a solo session with a walker who can help them work through any behavioral issues.\n\nAvoiding rocky terrain or steep slopes is wise if you have a senior dog or small-breed dog, so talk with your dog hiking group to make sure the trails are right for your dog. Given the risk of falls or injuries, it’s best to hold off on hiking groups with puppies, as they are still growing and their immune systems are still developing. It is good to be aware of the trails that the hiking groups are going to be walking to make sure they are appropriate for your dog’s age, size, and physical capability.\n\n', 'How to Identify Reputable Dog Hiking Groups': 'The goal is to find a dog hiking group that will offer your dog a safe and stress-free experience. In addition to asking thorough questions, it’s important to stay alert to signs that you’re dealing with a reputable business. Make sure to check websites and verify the group before giving them any personal information. A group with no profiles, ratings, testimonials, or reviews is not a good sign, as you should be able to identify the handlers and team members to help guarantee that they are licensed and insured.\n\nAKC is a participant in affiliate advertising programs designed to provide a means for sites to earn advertising fees by advertising and linking to akc.org. If you purchase a product through this article, we may receive a portion of the sale.\n\nWalks should be tailored to your dog, with respect to length, location, and the size of the group. If there are too many dogs that can be handled safely, this is another red flag, as handlers need to be able to control and keep up with groups while hiking. It also helps when companies offer notifications on when the walk is in-progress and completed. It’s also a plus if groups provide regular photo or video updates of your dog. Some employees will post updates about their walks on the company’s official social media pages, while others may use GPS to provide real-time updates on your dog’s whereabouts, so it’s good to ask. If they don’t reply to messages promptly or keep you in the loop about your dog while they’re out, they may not be a good option.\n\nAKC is a participant in affiliate advertising programs designed to provide a means for sites to earn advertising fees by advertising and linking to akc.org. If you purchase a product through this article, we may receive a portion of the sale.\n\nPrice points for dog hiking group sessions are another indicator of whether or not the group is reputable. When you’re researching dog hiking groups in your area, finding ones that offer much lower prices than competitors can be exciting, but it also may signal that they are not reputable or not a real dog hiking group. Before you choose a dog hiking group, you’ll want to make sure you do thorough research and ask questions, which reputable hiking group companies will be happy to answer.\n\n', 'How to Find a Dog Hiking Group': 'Word-of-mouth recommendations are a good place to start in finding dog hiking groups near you. The next time you go to the dog park, ask around and see if other owners have suggestions for hiking groups and what services they’ve tried themselves.\n\nYou can also search online and reach out to companies in your area. Reputable operators will be happy to share information that’s not already available on their website and can provide a free phone consultation to answer any questions you may have. Here are some questions you’ll want to ask when you contact them.\n\n', 'What Questions Should You Ask When Choosing a Dog Hiking Group?': 'The handlers are the ones who will be with your dogs for the duration of the hike and make sure they’re safe and accounted for at all times. You’ll want to ask if they have any professional pet first aid, pet CPR, or training certifications, and whether they’re insured. Walkers should always have a pet first-aid kit and fresh drinking water for the dogs. You can find out from the company if they perform background checks on employees.\n\nDoes the company require dogs to be fully vaccinated? Consult your veterinarian about your dog’s vaccination status for rabies, kennel cough, distemper, and parvo. Your dog should also be on a flea or tick preventative, in case they venture into tall grasses or forested areas. Ticks are more prevalent in wooded areas, so it’s important to be prepared.\n\nYou’ll want to ask what pet hiking supplies you are responsible for providing. They may ask you to supply things like a collar, harness, leash, and poop bags. Also, make sure to confirm if your dog will be in or near the water. If so, your dog may also need a canine life jacket.\n\nAKC is a participant in affiliate advertising programs designed to provide a means for sites to earn advertising fees by advertising and linking to akc.org. If you purchase a product through this article, we may receive a portion of the sale.\n\nDepending on how long the outings are, you may also want to ask if the service includes feeding your dog. You may need to provide food, so it’s important to ask and be prepared.\n\nWalkers can only handle so many dogs at once, so you’ll want to ask about the maximum number of dogs they walk with. They may also have a protocol for introducing new dogs to the group, so you can ask how many they introduce at a time and how they make the dogs feel comfortable with one another. What does the group take into account when choosing dogs that will do well together, and are physical capabilities taken into consideration? You want to be confident that the hike proceeds at a pace that is comfortable for your dog, and that your dog has the energy and endurance to keep up with the rest of the pack.\n\nAKC is a participant in affiliate advertising programs designed to provide a means for sites to earn advertising fees by advertising and linking to akc.org. If you purchase a product through this article, we may receive a portion of the sale.\n\nIt’s also important to ask how many dogs will be in the car at a time, whether the car is equipped with safety harnesses or crates, and if there will be air conditioning during warmer months.\n\nFeel free to ask the group for specific details about the excursion. How long will it last, where they’re hiking, how long the trail is, and how will they be picked up and dropped off after the hike are all good questions to ask. If they drop your dog off at home but you’re not there, they should let you know as well so that you can give them access to your home or apartment building.\n\nMake sure walkers have plans for what to do if your dog shows signs of illness while out on the trails. For emergency situations, give them clear directions on how to proceed. In such cases, you can request that they contact you and arrange for your dog to see their regular vet. Knowing they have a plan can give you peace of mind, if your dog gets lost, injured, suffers from heat exhaustion, or has an encounter with toxic plants or wildlife.\n\nIf there is an issue or aggression between dogs, you’ll want to ask how walkers would handle that. It’s also possible on hikes that dogs may bark, lunge, chase wildlife, or fun off, so ask if they use positive reinforcement techniques, such as praising or treats to stop the behavior.\n\nYou’ll want to ask whether dogs are kept on- or off-leash while hiking in compliance with trail rules and leash laws in local or state parks. Hiking groups should primarily be on-leash, only going off-leash when granted your permission. This should only be an option if your dog has reliable recall and after they’ve developed a relationship with the walker.\n\nAKC is a participant in affiliate advertising programs designed to provide a means for sites to earn advertising fees by advertising and linking to akc.org. If you purchase a product through this article, we may receive a portion of the sale.\n\nA good indication that your dog is enjoying the group is seeing them arrive home, tired and relaxed. They’ll be excited to see you but will settle down faster, having worked their muscles and enjoyed their own adventure. Make sure when you’re researching dog hiking groups that you consider your dog’s temperament and social skills, as it won’t be the right fit for every dog.\n\n', 'We use cookies': '', 'Privacy Preference Center': ''}",[]
https://www.akc.org/expert-advice/home-living/gps-dog-fence/,What Is a GPS Dog Fence and How Do They Work?,"Apr 22, 2026","['backyard', 'fence']",SpotOn,"This Is a Paid Advertisement for SpotOn GPS Dog Fences

Enjoying time together outdoors is one of the most rewarding parts of being a dog owner. Whether you have an active dog that needs a lot of exercise or an older dog that simply loves to lay around and sniff, you and your pet bond through participating in outdoor activities.

A fenced-in backyard is a great way to help your dog get more time outside. But for some owners, traditional fences may not be ideal options. SpotOn GPS Dog Fence offers an alternative, with no underground wires, and no transmitters. All you need is the collar, a cell phone, and yard space over one-third acre. No property is too big!

","{'Easy to Set Up, Easy to Use': 'Setting up your SpotOn GPS Dog Fence can be done in only a few simple steps. You can either walk the boundaries with your dog’s collar and your phone, or you can “draw” the fence on the SpotOn app. After that, you have a designated space for your dog. Within these GPS boundaries, you can create off-limits areas (keep-out zones) where you don’t want your dog to go, like a swimming pool, vegetable garden, or poison ivy patch. Create a full-yard fence for your dog to roam during the day, a smaller fence to keep them closer to the house at night. With these options, you may also consider seasonal fences that allow your dog to enjoy the water in the summer, but keep them away in the winter. There is no limit to the amount of fences you can make in the app, so the possibilities are limitless.\n\nBecause SpotOn is managed through an app, you can take it with you while traveling. The long-lasting battery provides all-day use on a single charge, fast one-hour recharging, and built-in voice alerts that tell you the collar’s battery status.\n\nAKC is a participant in affiliate advertising programs designed to provide a means for sites to earn advertising fees by advertising and linking to akc.org. If you purchase a product through this article, we may receive a portion of the sale.\n\n', 'Precise Accuracy': 'After you set up your fence, a GPS system will issue a series of signals to the collar as your dog approaches the boundary. You’ll train your dog to understand these signals and to retreat from the boundary.\n\nSpotOn’s patented True LocationTM technology pinpoints your dog’s location accurately, utilizing four global satellite systems and a network of 151 satellites. Better connection to more satellites helps make your boundaries extremely accurate, so SpotOn can reliably keep your dog where they are safe.\n\nSpotOn’s system has an active dual-band, dual-feed antenna engineered at over five times the size of the closest competitor. Combined with a dual-band receiver, it delivers the most precise and reliable GPS fence in the category. In independent testing by Spirent, global experts of GPS technology, SpotOn was found to be 7.3% more accurate than other GPS fences and 100% reliable in emitting alerts and warnings.\n\nAKC is a participant in affiliate advertising programs designed to provide a means for sites to earn advertising fees by advertising and linking to akc.org. If you purchase a product through this article, we may receive a portion of the sale.\n\nThis precision translates to real-world performance. Independent testing also showed SpotOn delivers up to 4x better connectivity in rural areas. The collar automatically adjusts GPS signals under dense tree cover and near buildings, keeping the fence boundaries accurate even in challenging environments.\n\n', 'Cost-Effective': 'A traditional fence works well for many, but there are limitations. For a large property or farm, installing a fence and staying on top of its wear and tear can be costly. Similarly, installation for an in-ground fence across multiple acres can be expensive, or time-consuming and strenuous if you do it yourself. SpotOn is cost-effective and remains so over time, especially given what you’d have to spend to install physical fencing or maintain underground wiring.\n\nAKC is a participant in affiliate advertising programs designed to provide a means for sites to earn advertising fees by advertising and linking to akc.org. If you purchase a product through this article, we may receive a portion of the sale.\n\nSpotOn has transparent pricing. While a tracking subscription unlocks more connectivity and high-value features, it is not required to use the core functionality to contain your dog. There are automatic discounts for dog owners who purchase more than one collar, savings for military and first responders, and you can even arrange monthly finance plans to cover the cost of the system.\n\n', 'Optional Subscription Cell Plan': 'Although SpotOn’s GPS dog fence works right out of the box with just the collar and the app, you can add an optional subscription cellular plan. You can choose from monthly, one-, or two-year plans. Enhanced features for this add-on include:\n\n', 'Is SpotOn Right for My Dog?': 'SpotOn GPS Dog Fences work for dogs of different sizes and breeds. The collar is one-size-fits-all, designed to fit dogs with 10″-26″ necks. Most dogs fall comfortably within this range. Small dogs must weigh at least 15 pounds and you should wait until your puppy matures to start using SpotOn. The collar is waterproof, too, so rain and clouds don’t impact the signal.\n\nEasy-to-follow training videos guide you through setting up your\xa0fence and training your dog to the boundary. Just as you wouldn’t hand a teenager the keys to a car without teaching them how to drive, you shouldn’t introduce a GPS fence without proper training. Clear guidance and positive reinforcement help your dog understand the warning tones and respond confidently to the boundary. SpotOn is as committed to your dog’s safety as you are, and our training program is designed to set both of you up for success.\n\nAKC is a participant in affiliate advertising programs designed to provide a means for sites to earn advertising fees by advertising and linking to akc.org. If you purchase a product through this article, we may receive a portion of the sale.\n\nOnce your dog understands the fence boundaries, they can enjoy your space just as they would in a traditionally fenced-in yard. If you run into trouble with the training program, SpotOn can schedule a free, virtual 30-minute consultation with a certified dog trainer. Its entire team is also under one roof at the Manchester, New Hampshire headquarters.\n\n', 'We use cookies': '', 'Privacy Preference Center': ''}",[]
https://www.akc.org/expert-advice/home-living/nontoxic-houseplants-for-dogs/,7 Nontoxic Houseplants for Dog Owners,"Mar 27, 2026","['allergies', 'safety', 'poison', 'garden']",AKC Staff,"When it comes to houseplants and pets, both can bring a lot of love and light into your life. Unfortunately, the two don’t always mix so well. In fact, some houseplants can be downright deadly for pets. The good news is that many nontoxic houseplants are safe for dogs, and if you choose your houseplants wisely, your dog and your plants can coexist beautifully, says Justin Hancock, garden expert at Costa Farms in Miami.

Here are expert picks on the best nontoxic houseplants for dog owners.

","{'Peperomia': '\nThis family of easy-growing Peperomia houseplants has been popular for generations because it’s so forgiving, which is perfect for busy pet owners, Hancock says.\n\nAKC is a participant in affiliate advertising programs designed to provide a means for sites to earn advertising fees by advertising and linking to akc.org. If you purchase a product through this article, we may receive a portion of the sale.\n\n“Forget to water them now and again? No worries. Don’t want to fertilize? No problem. And they don’t contain natural compounds that are toxic to animals, so you don’t need to worry if Fido nibbles on a leaf or two.”\n\n', 'Bromeliads': '\nWith their exotic spikes of brightly colored blooms, Guzmania bromeliad plants look festive. These nonpoisonous plants are easy to grow and stay relatively sturdy, so they’re unlikely to suffer a lot of damage if playful pups knock them over.\n\nAKC is a participant in affiliate advertising programs designed to provide a means for sites to earn advertising fees by advertising and linking to akc.org. If you purchase a product through this article, we may receive a portion of the sale.\n\n', 'Echeveria': '\nThis trendy Echeveria succulent doesn’t need a lot of water. Nonpoisonous and spineless, they won’t harm the furry members of your household.\n\nAKC is a participant in affiliate advertising programs designed to provide a means for sites to earn advertising fees by advertising and linking to akc.org. If you purchase a product through this article, we may receive a portion of the sale.\n\n', 'Ponytail Palm': '\nThis “plant of steel” is practically indestructible, so the Ponytail Palm houseplant is a great choice if you need an easy-care plant that’s compatible with your pets. Its thick trunk and grassy leaves give it a festive look that’s perfect for any room in the home.\n\n', 'Catnip': '\nCatnip plants are nontoxic, and if you have a cat, they will love its fragrant leaves. Known for its bright green foliage, it can be planted inside or outside. It can also be steeped into a soothing tea for you!\n\nAKC is a participant in affiliate advertising programs designed to provide a means for sites to earn advertising fees by advertising and linking to akc.org. If you purchase a product through this article, we may receive a portion of the sale.\n\n', 'Money Tree': '\nSadly, money does not actually grow on Money Tree plants. But these beautifully green and sculptural houseplants are safe for pets, and also recommended for people with allergies and asthma.\n\nAKC is a participant in affiliate advertising programs designed to provide a means for sites to earn advertising fees by advertising and linking to akc.org. If you purchase a product through this article, we may receive a portion of the sale.\n\n', 'Moth Orchid': '\nThe flowers of the Moth Orchid plant look fancy, but they’re actually low-maintenance. They come in an amazing array of colors and can add an elegant touch to any space without putting your dog in danger.\n\nAKC is a participant in affiliate advertising programs designed to provide a means for sites to earn advertising fees by advertising and linking to akc.org. If you purchase a product through this article, we may receive a portion of the sale.\n\n', 'A Note of Caution': 'Hancock says it’s important to note that just because these plants are nontoxic for pets, it doesn’t mean your pet still can’t have a negative reaction to them.\n\n“Pets can have allergies to plants, just like people can have food allergies, so a nonpoisonous plant could possibly (it’s rare, of course) make a pet sick,” Hancock says. “Likewise, it’s also possible for pets to have bad interactions with fertilizers or other products used on plants.”\n\nSo if your green thumb is itching, these nontoxic plants for dog owners are a good place to start. Just remember to watch your dogs around any new plants, and contact your vet if your dog eats any unknown plants in your home or yard.\n\n', 'We use cookies': '', 'Privacy Preference Center': ''}",[]
https://www.akc.org/expert-advice/home-living/spring-cleaning-guide-pet-owners/,Yearly Home Cleaning Guide for Pet Owners,"Dec 05, 2025","['safety', 'poison', 'hazards']",Saige Driver,"This year, while you’re airing bedding, flinging open the windows, mopping the floors, and dusting everything in sight, don’t forget to include your dog’s living space too. It’s important to take a yearly audit of your pet’s supplies and sanitize any items that they use often.

Make your annual cleaning ritual more dog-friendly by adding these tasks to your checklist — and remember to always use pet-safe cleaning products!

","{'Pick Up Your Yard': 'If you live in a colder climate, you likely already know why you need to clean your yard. When the snow melts, it reveals everything you neglected to pick up during the colder months, including your dog’s droppings.\n\nWhen the warm weather hits, your dog will likely want to indulge in the sunshine, so make sure your yard is a safe place for them to hang out and play. Along with picking up your dog’s poop, walk around your yard and pick up sticks, stones, branches, or anything else your dog may try to play with and chew.\n\n', 'Refresh Your Kitchen': 'Annual cleaning isn’t complete until you give your kitchen a good deep clean — and that includes your dog’s supplies as well. When did you last clean or replace your dog’s food dish or water bowl? While you don’t need to replace bowls regularly, consider purchasing new dishes if the bowls have been chewed or are too dirty to save.\n\nAKC is a participant in affiliate advertising programs designed to provide a means for sites to earn advertising fees by advertising and linking to akc.org. If you purchase a product through this article, we may receive a portion of the sale.\n\nYou should clean your dog’s bowls out at least every day, but it is always a good idea to give them a deep cleaning every so often.\xa0If your dog has a rug or mat under their dishes, clean that too.\n\n', 'Check Expiration Dates': 'While many of us remember to go through our pantries regularly to get rid of expired food, we don’t always remember to do the same for our dogs! Make sure to check your dog’s food, treats, and medications, and dispose of anything that’s expired.\n\n', 'Get Rid of the Dog Hair': 'If your dog sheds often, you likely know that stray strands and dander are among the biggest house-cleaning challenges. You’ll want to go over every corner and surface of your house with a pet hair vacuum.\n\nYou can also take preparatory steps to improve your chances of making a clean sweep. On carpets and upholstery, for example, a light misting with water and fabric softener, followed by a once-over with a stiff-bristled brush, can loosen and pull up embedded hairs. You can also go over surfaces with a lint roller or pet-hair remover\xa0after vacuuming. Once all your surfaces are free of pet hair, go over your fabrics and carpets with a fabric spray to finish the job.\n\n', 'Clean and Discard Old Toys': 'Decluttering is a crucial part of any cleaning. Along with organizing your closet, take a look at your dog’s toy basket. If the toys are dirty, give them a good clean with soap and water. Be sure to toss out any broken or potentially dangerous ones. Once you’re finished cleaning them, don’t forget to have fun replacing any toys you discarded.\n\nAKC is a participant in affiliate advertising programs designed to provide a means for sites to earn advertising fees by advertising and linking to akc.org. If you purchase a product through this article, we may receive a portion of the sale.\n\n', 'Wash Bedding, Blankets, and Collars': 'While you should wash your dog’s bedding and blankets on a regular basis, you can also give them an extra-thorough cleaning occasionally. Consider also cleaning the baseboards, carpet, and walls near areas where your dog sleeps or eats. Be sure to also give all your windows a good polish to wipe away nose and paw prints.\n\nThis is also a good time to thoroughly clean crates, carriers, collars, and leashes with a mild soap, like dishwashing detergent, and a highly diluted disinfectant. Many people do a final wipe-down with water, to reduce the chance of pets coming in contact with chemicals.\n\nAKC is a participant in affiliate advertising programs designed to provide a means for sites to earn advertising fees by advertising and linking to akc.org. If you purchase a product through this article, we may receive a portion of the sale.\n\n', 'Don’t Forget Grooming': 'Don’t forget the most important part: keeping your dog clean! Your dog should already have a regular grooming routine. But, after a long winter, their thick coat will begin to shed, which often requires special care. To refresh your grooming knowledge, take time to read our spring grooming tips\xa0and invest in safe, quality grooming products.\n\n', 'We use cookies': '', 'Privacy Preference Center': ''}",[]
https://www.akc.org/expert-advice/home-living/dog-kennel-safety-in-winter/,Winter Kennel Safety Tips,"Mar 14, 2024","['sleep', 'safety', 'kennel tips', 'cold safety', 'winter']",Stacy Mason,"During colder weather, take steps to protect your home, kennel, and dogs from winter hazards. Here are some quick reminders and tips to help prevent disasters and health hazards, including those pesky mice who like to come inside when it gets cold outside.

","{'Check All Heaters and Heat Sources': 'Make sure your kennel heaters are clean, in proper working order, and properly ventilated to the outside. Also ensure there are not any flammable materials near your heat source. Make sure a dog, child, or another animal cannot knock or push anything into or over into the heat source.\n\nIt is not very common to have a fireplace in a kennel, but if you have one or have dogs in your home with an active fireplace, have your fireplace and chimney cleaned and inspected before using them. Always have a safety screen in place for pets and children; avoid burning open flames or candles in a kennel. Check your pest control or deterrent systems regularly to ensure they don’t overheat and start a fire.\n\nIf you use heat lamps for added warmth in whelping areas and/or dog houses, make sure the lamp and cords are out of reach of dogs. Use an approved electric conduit pipe to cover exposed cords to help prevent a chewing hazard.\n\n', 'Smoke and Carbon Monoxide Detectors Save Lives': 'Have both these devices installed and check often to insure that the batteries are working. Make it a habit to change the batteries in these devices on Daylight Savings days in the spring and fall.\n\n', 'Install Weather Stripping and Insulation': 'Where possible, utilize weather stripping and insulation. Foam board insulation in between the interior and exterior wall holds up better and helps with noise reduction.\n\n', 'Be Careful With Mice and Rodent Prevention': 'Preventing mice and rats can be a challenge. There are several products that will help you with this task, but you do not want to put your pets in danger, which can happen with typical poisons. I also worry about my dog eating a rodent that has consumed poison and in turn killing my dog. Research dog-safe pest control products that don’t have poison.\n\nAKC is a participant in affiliate advertising programs designed to provide a means for sites to earn advertising fees by advertising and linking to akc.org. If you purchase a product through this article, we may receive a portion of the sale.\n\nAfraid you will knock over, spill, or get your pet-safe rodent killer wet? I saw a great idea recently at a kennel. They have taken PVC pipe and made an upside-down “T.” PVC pipe slip-fix fittings are put on the ends to make the opening on the ends of the “T” even smaller and sturdier. Next, they used “U” clamps to fasten the upside- down “T” to the wall. The pet safe rodent killer is then dropped into the hole at the top/bottom of the “T.”\n\nLive traps are another option for those pesky little critters. Pictured are two types of live traps that I have found to be very effective. While these traps are very effective and catch multiple mice at a time, the problem is what to do with the little guys after you catch them. Mine go on a one-way trip further into the country, but I’ll let you decide what to you with yours!\n\n', 'Keep Dogs Warm': 'This is another great winter idea that I saw working at a kennel. They use a ReptiTemp 500R remote reptile thermostat to automatically cycle their Pet Heat mat on and off as needed. The Pet Heat mat is energy efficient, waterproof, and also has a thermostat control.\n\nIf the temperature takes a dip during the night or while you are away, you can preset the Heat Mat temperature to your desired warmth. You can set the ReptiTemp to the desired temperature level, and it will then cycle on and off as needed to maintain the correct temperature. No more having to get out of bed on a snowy night to check on the dogs, but we know you will!\n\n', 'Use Safe Rock Salt': 'Don’t forget to use pet-friendly rock salt during icy times.\n\n', 'Maintain Your Hoses': 'And don’t forget to drain and disconnect your water hoses when the temperatures plummet below freezing.\n\n', 'We use cookies': '', 'Privacy Preference Center': ''}",[]
https://www.akc.org/expert-advice/home-living/can-i-have-a-dog-if-i-have-allergies/,Can I Have A Dog If I Have Allergies?,"Jan 31, 2023","['allergies', 'shedding', 'responsible dog ownership', 'coat types', 'dander']","Stephanie Gibeault, MSc, CPDT","Sharing your life with a dog is a special experience. After all, they’re adorable, perceptive, and provide unconditional love. In fact, having a dog in the home can provide many benefits to kids in particular, such as greater compassion and self-esteem.

But how do dogs affect our health? Recent research has shown that children exposed to dogs may have a lower risk of asthma. And surprisingly, dog exposure before the age of one might protect against future allergies. But what if you suspect you already have an allergy to dogs? Perhaps you get a runny nose or watery eyes whenever you’re around one. Or what if you’ve already had a dog allergy diagnosed?

Well, having a dog certainly won’t relieve your symptoms. Does that mean you can never have a dog, or could a so-called “hypoallergenic” dog breed be the answer? Is there even such a thing as a “hypoallergenic” dog? Or could there be other options?

Everybody’s allergies are different, ranging from mild to severe. And there are steps you can take to minimize your exposure. Depending on your situation, you might be destined to live dog-less. However, if you take the time to do your research, get proper allergy testing, and work on keeping the allergens at bay, dog ownership could be a possibility. Read on to see if owning a dog, even if you have allergies, might be in your future.

","{'What Causes Allergies to Dogs?': '“Hypoallergenic” dog breeds are often defined as those that either don’t shed or are hairless. “Breeds in the past thought of as being ‘hypoallergenic’ are really breeds or types of dogs with minimal shedding or whose type of hair (or lack of hair) may cause less possibility to create a reaction due to the type of coat that breed has,” affirms Dr. Jerry Klein, Chief Veterinary Officer for the AKC.\n\nBut does a dog’s coat really determine the risk of an allergic reaction?\n\nFor most people with dog allergies, the dog’s fur isn’t the issue. According to Dr. Klein, it’s not necessarily the fur, but the dander, that causes allergic reactions in people. Dander is the tiny bits of skin that are shed by the dog, much like people “shed” dandruff. This dander often ends up combined with other allergens, like the proteins found in the dog’s urine, feces, and saliva.\n\nAKC is a participant in affiliate advertising programs designed to provide a means for sites to earn advertising fees by advertising and linking to akc.org. If you purchase a product through this article, we may receive a portion of the sale.\n\nIn most breeds, shed fur can carry proteins and dander all over your house. So-called “hypoallergenic” breeds don’t have that problem. But of course, they can still cause an allergic reaction. No breed is truly allergy-safe. In fact, “hypoallergenic” dogs may produce just as many allergens as their shedding, furry cousins. And all those allergy-triggering proteins can become airborne, particularly when your dog licks themself when grooming. Dander and protein can also be directly transferred to you when you pet your dog or if your dog licks you.\n\nSo, despite their label,\xa0there is no guarantee a “hypoallergenic” dog breed won’t trigger your allergies.\n\n', 'What Is an Allergy Test?': 'If there isn’t a truly hypoallergenic dog, and you believe you may have allergies, does that mean all hope is lost? Not at all. The first step in determining if you can live with a dog is to undergo\xa0testing for allergic sensitization. Although what’s causing your allergies might seem obvious, don’t self-diagnose, because your symptoms could be unrelated to what you suspect. Plus, up to 80% of people with allergies are allergic to more than one thing. And those allergic triggers can add up. So, if you have an issue with pollen and a pet allergy, reducing exposure to the pollen might be enough to keep your dog allergy symptoms at bay.\n\nAKC is a participant in affiliate advertising programs designed to provide a means for sites to earn advertising fees by advertising and linking to akc.org. If you purchase a product through this article, we may receive a portion of the sale.\n\nPlus, allergy tests have come a long way. While skin prick tests and traditional blood tests both help a clinician diagnose allergies to common causes like pets, new blood tests that examine allergens on the molecular level can provide clinicians with even more information. Using a standard blood draw, allergen component testing\xa0can get extremely specific. It can pinpoint the exact allergenic proteins that may be causing your symptoms. And in terms of dog ownership, that can have a huge impact.\n\nFor example, some people are only sensitive to a dog protein called Can f 5, which is only produced by male dogs. Up to 30% of people who only have a Can f 5 sensitivity may be able to tolerate a female dog or a male dog that has been neutered. Armed with this detailed information about your allergies, you will be in a much better position to make a responsible decision about dog ownership.\n\n', 'Are There Dog Breeds Suitable for People Allergic to Dogs?': 'The real issue to consider is the severity of your allergies. If your symptoms are inconvenient but tolerable, then there is likely a place for a dog in your life. And in that case, Dr. Klein says so-called “hypoallergenic” dog breeds are likely the safer choice. These are the American Kennel Club’s recommended breeds for allergy sufferers:\n\nAKC is a participant in affiliate advertising programs designed to provide a means for sites to earn advertising fees by advertising and linking to akc.org. If you purchase a product through this article, we may receive a portion of the sale.\n\nThere is a wide range of less allergenic dog breeds, from the large, intelligent, and protective Giant Schnauzer to the tiny, calm, and hairless toy Xoloitzcuintli. Dr. Klein points out that because smaller breeds have less of everything, they will also create less dander than larger breeds. Research the available breeds and look for one that fits your lifestyle. For example, do you want a high-energy dog to participate in\xa0dog sports\xa0with, or would you prefer a quiet lap dog? It’s essential to find the right match, so in addition to coat care and dander potential, look at size, personality, activity level, trainability, and more.\n\nAKC is a participant in affiliate advertising programs designed to provide a means for sites to earn advertising fees by advertising and linking to akc.org. If you purchase a product through this article, we may receive a portion of the sale.\n\nDr. Klein emphasizes that the match should be for the dog’s entire life, stating, “What no one wants is to relinquish a dog because of factors like a change in income, a change in living arrangements, or the development of an allergy by a member of the family.”\n\nAlthough it’s a difficult decision, on the rare occasion that you can’t find the right match, Dr. Klein advises that it might be wiser to not acquire a dog, rather than bring one home only to relinquish it for rescue.\n\n', 'Tips for Choosing a Dog if You Are Allergic to Dogs': 'Once you’ve narrowed your choices, your job still isn’t done. Just because a breed matches your lifestyle and is considered “hypoallergenic” doesn’t mean it’s the right one for you. Since every person is an individual, every allergic response will be different.\n\nAKC is a participant in affiliate advertising programs designed to provide a means for sites to earn advertising fees by advertising and linking to akc.org. If you purchase a product through this article, we may receive a portion of the sale.\n\n“Where one person may have an allergic reaction to a Poodle, they may not be allergic to an American Hairless Terrier,” cautions Dr. Klein. “Only one-on-one contact experience will be the defining factor.”\n\nTherefore, it’s important to physically interact with your chosen breed before you acquire a\xa0puppy or an adult dog. Only by petting and being near a given breed can you determine how much you will react, if at all. In addition, you might have to try several different “hypoallergenic” dog breeds as you search for your match, as one breed may produce less of a reaction than another. Dr. Klein advises first narrowing down your choices, then having the allergic person spend time with a member of each breed on the list. He also suggests doing this at different times to see if there is any significant difference in the allergic response.\n\n“There may be one breed that stands out,” according to Dr. Klein. “Or possibly, none will make a difference.”\n\n', 'How Can You Reduce Dog Allergens?': 'Regardless of the breed you choose, once you bring your dog home, there are steps you can take to lessen the severity of your allergy symptoms. Here are a few:\n\nAKC is a participant in affiliate advertising programs designed to provide a means for sites to earn advertising fees by advertising and linking to akc.org. If you purchase a product through this article, we may receive a portion of the sale.\n\nEven if you have an allergy, with the use of medical intervention and the above recommendations, a dog could still become a beloved new member of your household.\n\n', 'We use cookies': '', 'Privacy Preference Center': ''}",[]
https://www.akc.org/expert-advice/home-living/keep-dog-warm-without-power/,How to Keep Your Dog Warm Without Power,"Jan 21, 2026","['emergency', 'safety', 'cold safety']",AKC Staff,"Winter weather can be unpredictable. If you lose power this winter, what is the best way to make sure your dog stays warm and healthy?

","{'Keeping Your Dog Warm Indoors': 'Your dog should always stay indoors with you during extreme weather, and limit outdoor trips to quick potty breaks. Here are some other tips to keep your dog warm without power.\n\n', 'Health and Safety Considerations': 'Colder weather means more calories will be burned to keep warm. Make sure your dog has access to plenty of food and extra water, and ensure you have enough on hand ahead of any bad weather.\n\nAKC is a participant in affiliate advertising programs designed to provide a means for sites to earn advertising fees by advertising and linking to akc.org. If you purchase a product through this article, we may receive a portion of the sale.\n\nIt’s also important to ensure your home is adequately set up to keep you and your dog safe during cold temperatures.\xa0 For example, you should have both smoke and carbon monoxide detectors installed in your home. Check these devices often to ensure that the batteries are working, and have extra batteries on hand, if necessary.\n\nWhere possible, install weather stripping and insulation. Foam board insulation in between the interior and exterior wall holds up better and helps with noise reduction. And does your home have an active fireplace? If so, have your fireplace and chimney cleaned and inspected before using them. Always have a safety screen in place for pets and children.\n\n', 'When to Get Help for Cold Dogs': 'If you notice any dramatic changes in your dog’s behavior or appearance, contact your veterinarian immediately. Know the signs of frostbite in dogs and the signs of hypothermia in dogs.\n\nAKC is a participant in affiliate advertising programs designed to provide a means for sites to earn advertising fees by advertising and linking to akc.org. If you purchase a product through this article, we may receive a portion of the sale.\n\nLook for resources and warming centers in your area that accept pets. There may be an AKC Reunite Pet Disaster Relief Trailer in your area. Call local pet-friendly hotels and see if they have power.\n\nWhen in doubt about your pet’s health or safety, contact your veterinarian.\xa0Not sure whether or not your dog’s symptoms warrant a trip to the vet?\xa0AKC Vetline can help. This live, 24/7 service is staffed by licensed veterinary staff to give you answers.\n\n', 'We use cookies': '', 'Privacy Preference Center': ''}",[]
https://www.akc.org/expert-advice/home-living/daylight-savings-time-affect-dogs/,How Does Daylight Saving Time Affect Dogs?,"Oct 30, 2025","['sleep', 'routine', 'sun']",Harriet Meyers,"Twice a year, most Americans experience the gain or loss of one hour of sleep when their clocks fall back or skip ahead for Daylight Saving Time. Many of us will adjust by sleeping in, drinking a second cup of strong coffee, and changing the time on our clocks and watches.

In This Article

Although our dogs don’t understand the time change, they’ll need to spring ahead with their humans and accommodate a new routine. How does this affect them? And how can we make it easier for our dogs to adjust?

","{'Dogs’ Concept of Time': 'We know our dogs focus on the here and now, but do they also understand the concept of time? Most researchers who study dogs don’t believe they grasp the concept, but they do perceive the passage of time and will definitely let you know when it’s time for them to eat.\n\nDogs, like many other animals, are attuned to a circadian rhythm that acts as an internal clock. The National Institute of General Medical Sciences explains that circadian rhythms are physical, mental, and behavioral changes that follow a 24-hour cycle. They affect most living beings, including our dogs, plants, and even microbes.\n\n“Dogs respond to daylight, and they wake when the sun rises and sleep when it’s dark,” says Dr. Jerry Klein, Chief Veterinarian for the AKC. “Do they count down the hours to make sure they get eight hours of sleep? Of course not. But their physical and behavioral processes are in sync with the sun.”\n\nSo, when Daylight Saving Time begins and you suddenly change the clock, deciding to feed your dog and take them out on a new schedule, you can’t expect them to make an immediate adjustment.\n\n', 'Dogs Are Creatures of Habit': 'Dogs are creatures of habit. They’re never happier than when following the same routine – getting up, going on walks, eating meals, and going to bed – day after day. Routine and consistency bring stability and confidence to our dogs. Setting up a reliable schedule for your puppy as soon as you bring them home helps them understand what’s expected of them as part of your family.\n\nAKC is a participant in affiliate advertising programs designed to provide a means for sites to earn advertising fees by advertising and linking to akc.org. If you purchase a product through this article, we may receive a portion of the sale.\n\nSuddenly setting back or moving forward our clocks in the fall and spring can unsettle and confuse our dogs because from one day to the next, we’ve made a change in their routines. You might want your dog to get up one hour earlier, walking and\xa0eating on a new schedule. Some dogs may become anxious, experience a nervous stomach, or have potty accidents in the house.\n\nAKC is a participant in affiliate advertising programs designed to provide a means for sites to earn advertising fees by advertising and linking to akc.org. If you purchase a product through this article, we may receive a portion of the sale.\n\n', 'Ease Into the Change': 'You can make the time change easier for your dog by easing them into the adjusted schedule. During the week leading up to the time change, gradually adjust your dog’s schedule for eating, walking, and bedtime. This gradual change will make Daylight Saving Time less stressful both of you.\n\nDon’t worry. Ease yourself and your dog into the change. And remember: you’ll get to do it all again, but in reverse, in just a few months.\n\n', 'We use cookies': '', 'Privacy Preference Center': ''}",[]
https://www.akc.org/expert-advice/home-living/how-to-keep-a-dog-from-escaping-the-yard/,How to Help Prevent Your Dog From Escaping the Yard,"Oct 17, 2022",['safety'],Jan Reisen,"Paid Advertisement

For lots of dog owners, a nice fenced backyard where your pet can roam, sniff out interesting things, and snooze in the shade is a must. It’s perfect — except when your dog believes the grass is greener elsewhere, and they become a master escape artist. One minute you see them from the kitchen window, the next, they’re gone.

Thanks to technology, now there are even more ways to keep track of your pup. A GPS-enabled device like the new Fi Smart Dog Collar is a top-notch tool for continuous tracking of your canine, including alerts when escapes occur. And if a successful escape should happen, devices like this collar make tracking down your dog much easier with features like a live map on your phone.

Along with worrying about their safety, it’s frustrating to feel like you can’t trust your dog even in your own backyard. Don’t despair; there are some relatively simple things you can do to keep your canine from escaping the yard — or find them if they succeed.

","{'How (and Why) Your Dog Is Making a Run for It': 'Your dog may decide to roam because they’re lonely out there. As nice as it is to have all that open space, they may prefer your company, or may just be looking for a friend. A territorial dog may see something outside their boundary that they think threatens the home, so they need to get out there and ward it off.\n\nAKC is a participant in affiliate advertising programs designed to provide a means for sites to earn advertising fees by advertising and linking to akc.org. If you purchase a product through this article, we may receive a portion of the sale.\n\nMaybe they’ve found “treasure” on the other side: a new friend to play with, food, an enticing stream of water, or a big field to run in. And, of course, there are the prey-driven hunters. A mere fence won’t keep them from\xa0chasing a squirrel or rabbit\xa0that just ran through the yard. They may just be a puppy or an adolescent who requires more outlets for his incredible energy.\n\nDifferent dogs have different ways to escape. Some are jumpers; they take a running start from the ground and over they go. Some use whatever is near the fence to climb up, and then over they go. Other dogs are diggers, burrowing tirelessly on their way to freedom. Then there are\xa0the chewers\xa0who can make a hole in the fence large enough to slip through. The deep thinkers may figure out how to actually open a gate. Some dogs rush the gate whenever it is opened and dash out before you can catch them. Especially determined dogs will use a combination of these techniques.\n\nAlthough it may sound counterproductive, you should\xa0take your dog for a walk every day, even if you have a nice fenced-in yard. The great physical and mental exercise that comes with a walk may help your dog use up some of their energy and keep them from being bored when out in the yard.\n\n', 'Creative Ways to Keep Your Dog in the Yard': 'AKC is a participant in affiliate advertising programs designed to provide a means for sites to earn advertising fees by advertising and linking to akc.org. If you purchase a product through this article, we may receive a portion of the sale.\n\nAKC is a participant in affiliate advertising programs designed to provide a means for sites to earn advertising fees by advertising and linking to akc.org. If you purchase a product through this article, we may receive a portion of the sale.\n\n', 'More Tips for Keeping Your Dog From Escaping the Yard': 'No matter how your dog escapes the yard, there are several other measures you can take to ensure their safety.\n\nAKC is a participant in affiliate advertising programs designed to provide a means for sites to earn advertising fees by advertising and linking to akc.org. If you purchase a product through this article, we may receive a portion of the sale.\n\nIf your dog does escape from the yard, it’s important to remember that you should not punish your dog when you find them, or when they return. Punishing them won’t eliminate the desire to escape, and it\xa0may make them afraid\xa0to return to your yard.\n\nAKC is a participant in affiliate advertising programs designed to provide a means for sites to earn advertising fees by advertising and linking to akc.org. If you purchase a product through this article, we may receive a portion of the sale.\n\nLastly, contingency measures like the\xa0Fi collar\xa0will make it much more likely that if your runaway pup does escape, he is found safe and sound as soon as possible after the fact. You can’t put a price on peace of mind, so prepare now before your pup’s next attempted escape.\n\n', 'We use cookies': '', 'Privacy Preference Center': ''}",[]
https://www.akc.org/expert-advice/home-living/dog-filled-home-comfortable-for-guests-with-allergies/,How to Make a Dog-Filled Home Comfortable for Guests with Allergies,"Sep 26, 2022",[],Winix,"Paid Advertisement

Approximately 10 to 20 percent of the world’s population suffers from allergies to dogs and cats, according to the Asthma and Allergy Foundation of America (AAFA). As the number of homes with pets keeps increasing, more people seek solutions to their sensitivity to pet allergens.

If you have slight allergies or have a guest staying over who is allergic to dogs, there are a few things you can to do ensure they are comfortable and not irritated during their stay.

","{'Why Are Some People Allergic to Dogs?': 'According to Mayo Clinic, some people have an allergic reaction to proteins found in dogs’ dead skin cells (also known as dander), saliva, or urine. Dander causes the most problems because the tiny particles can remain in the air around you for long periods of time. It’s also somewhat sticky and will adhere to upholstered furniture, as well as your clothes.\n\nA person’s allergy is usually triggered by exposure to the dander their dog sheds. The most familiar symptoms are sneezing and a runny nose. But people with the worst cases wheeze and have difficulty breathing, and people can develop allergies at any age.\n\n', 'Stopping Allergy Triggers': 'Allergists will tell you the best thing to do if you’re allergic to dogs is not to have one in your house. But when visiting someone who has a dog or if you develop allergies later in life, that is often not an option. But allergies can be managed under the right circumstances.\n\nAKC is a participant in affiliate advertising programs designed to provide a means for sites to earn advertising fees by advertising and linking to akc.org. If you purchase a product through this article, we may receive a portion of the sale.\n\nSo, what about getting a so-called “hypoallergenic” breed? Unfortunately, although some individual dogs may stimulate fewer allergy symptoms in certain people than others, the Ohio State College of Veterinary Medicine warns that all dogs produce allergens, meaning there is no truly hypoallergenic dog.\n\nAnimal allergens can be carried on hair that is shed into the air or on home surfaces, so that may be why some people are less sensitive to non-shedding dogs.\n\nFor example, a study in 2012 compared allergen levels in hair and coat samples and in the home environment of various hypoallergenic (Poodle, Spanish Waterdog, and Airedale Terrier) and non-hypoallergenic dogs (Labrador Retriever). Results found that low-shedding dogs had some of the highest levels of allergens in their coat samples, while Labrador Retrievers’ levels were significantly lower.\n\nThere’s a theory that if you tough it out and live with a dog even though you are allergic, eventually you’ll build up resistance. Allergists say that you’re more likely to get used to living with nasal and chest congestion than besting the allergy.\n\nAKC is a participant in affiliate advertising programs designed to provide a means for sites to earn advertising fees by advertising and linking to akc.org. If you purchase a product through this article, we may receive a portion of the sale.\n\nA better bet is to purchase a proven pet air purifier to remove these sneeze-inducing debris from the air, such as the HR900 Ultimate Pet Air Purifier from Winix. The Cleveland Clinic agrees, recommending covering bedroom vents with a dense filtering material like cheesecloth and using a HEPA filter and pet air purifier.\n\nIs there a way to keep your young children from developing pet allergies? One 2018 study found that the early introduction of pets into a home when children are young may reduce the likelihood that they’ll develop sensitivity to pet allergens. But that is not guaranteed.\n\n', 'How to Help Prevent Allergic Reactions': 'The AAFA developed suggestions to help control the impact of having dogs in the house on allergic family members and guests:\n\nUse a pet-specific air purifier. Central heat and air conditioning spread dog dander into every room in your house — even those that the dog isn’t allowed in. A central air cleaner — as well as filters on the vents themselves — can help.\n\nAKC is a participant in affiliate advertising programs designed to provide a means for sites to earn advertising fees by advertising and linking to akc.org. If you purchase a product through this article, we may receive a portion of the sale.\n\nAn air purifier, like the Winix HR900 Ultimate Pet Air Purifier, is one of the easiest solutions to make any allergen-sensitive family members more comfortable. This energy-efficient pet air purifier catches 99.99 percent of pet dander, pollen, dust, smoke, and other ultrafine particles that are airborne in your living space, plus it has the added benefit of absorbing odors, including that wet dog smell.\n\nClean regularly. Cleaning additional surfaces that may have dander trapped in them can be helpful. Remove dust on hard surfaces often with a damp or microfiber cloth and a vacuum with a HEPA filter to clean fabric furniture and carpets weekly. If you’re sensitive to allergens and cleaning, wear a dust mask while you clean.\n\nReduce items that catch dander. Allergens adhere to carpets, rugs, drapes, and overstuffed furniture. Use carpet with low pile and steam clean it often or buy throw rugs you can wash weekly. If the kids are sensitive to dog allergens, put a yoga or play mat underneath them when they play on the floor.\n\nKeep pets off upholstered furniture. If you can’t resist snuggling with your pooch on the couch, cover it with washable slipcovers or blankets.\n\nRestrict your dog’s time in the bedroom. Rooms with dogs have higher levels of airborne allergens. So keeping them out of the space where your guest is sleeping can do wonders for their level of irritation.\n\nBathe your dog. Some studies have shown that baths reduce the amount of airborne dander, but that may depend on the individual dog. Giving them a good wash before any guest arrives can help everyone feel more comfortable during the visit.\n\n', 'We use cookies': '', 'Privacy Preference Center': ''}",[]
https://www.akc.org/expert-advice/home-living/how-to-prepare-your-dog-for-downsize/,Moving to an Apartment? How to Prepare Your Dog for a Downsize,"Sep 13, 2022",[],"Stephanie Gibeault, MSc, CPDT","Moving from a full house with a yard to run around in to an apartment, condominium, RV, or tiny home when you downsize can be a huge adjustment for dogs. They have less room both indoors and out, plus they might be sharing spaces like the lobby, elevators, or hallway with unfamiliar faces and animals. And in such close quarters, dogs need to stay quiet so they don’t disturb their neighbors and may have to learn to do their business off-site.

To make downsizing easier, there are a few skills to teach your dog to make the transition easier for both of you.

","{'Prepare Your Dog for a New Environment': 'One of the best things you can do before moving to a new home is to give your dog a positive experience with it ahead of time. That could mean walking the neighborhood, sitting outside the building so your dog can smell, see, and hear the neighbors go by, or visiting the lobby. Pair the experience with something positive. You might feed your dog treats while you stroll around the block, or let your pup carry a favorite stuffed toy as you wander the halls.\n\nOn moving day, the change can be overwhelming for your dog. If they’re already familiar with the new environment, it will go a long way to easing their stress and teaching them to feel good about their new home. If you can, reward your dog for calm and quiet behavior during the move. Give your pet something to do, like chewing on a food-stuffed toy, and praise them for minding their manners. You don’t want your dog to start building bad habits, such as barking, on your first day.\n\n', 'Keep Your Dog Quiet': 'Once you’ve moved in, your dog will be flooded with unfamiliar noises from the hall and your neighbors. It’s important you teach your dog these sounds are no big deal. You don’t want noise complaints from your neighbors or the building manager because your dog won’t stop barking. In the beginning, pair noises with treats or a game, so your dog sees them as predictors of something fun rather than something worrisome. You can also mask noises by putting on the TV or playing music.\n\nAKC is a participant in affiliate advertising programs designed to provide a means for sites to earn advertising fees by advertising and linking to akc.org. If you purchase a product through this article, we may receive a portion of the sale.\n\nAlthough you can’t manage your neighbors, you can manage your dog. Keep them away from the front door where noises will be the loudest by barring the entranceway with a dog gate. You can also block your dog’s view out the window with plants or curtains so they can’t see arousing distractions. Once your dog is accustomed to your new environment, you can give them more freedom. But if your dog is still barking or anxious, consult a professional dog trainer or behaviorist about a counterconditioning and desensitization program.\n\nIt also helps to keep your dog occupied. For example, provide puzzle toys or feed your dog in a slow feeder so they can pass the time quietly engaged in mentally stimulating activities rather than barking at noises in the hall or chewing the baseboards. You can also use alone time training to teach your dog to feel comfortable in your new space when you go out. This will help prevent separation anxiety and save your home from damage. Finally, to nip any barking episodes in the bud, teach your dog to be quiet on cue.\n\n', 'Provide Exercise': 'RVs and tiny homes have very little spare space inside. The same can be true of some apartments or condos. Partner that with the lack of a backyard, and it will be challenging to meet your dog’s exercise needs. To tire your dog indoors, in addition to those puzzle toys consider playing brain games like hide-and-seek or trick training. Mental exercise can be exhausting for dogs. Or try nose work or an indoor agility course.\n\nAKC is a participant in affiliate advertising programs designed to provide a means for sites to earn advertising fees by advertising and linking to akc.org. If you purchase a product through this article, we may receive a portion of the sale.\n\nFor outdoor workouts, provide your dog with at least one walk a day and find the local parks or trails for more prolonged activity. You could also take up a dog sport like flyball or disc dog to provide adequate exercise that’s fun for both you and your dog.\n\n', 'Manage Potty Breaks': 'If your new home lacks a yard, or you aren’t allowed to take your dog on the public grounds, potty breaks can be more complex. You need to get your dog to a preferred pee spot in time to prevent an accident. Establishing a routine can go a long way in predicting when your dog has to go. Choose set mealtimes and schedule your walks for the same time each day. You can also teach your dog to go to the bathroom on cue, which is incredibly useful in inclement weather.\n\nAKC is a participant in affiliate advertising programs designed to provide a means for sites to earn advertising fees by advertising and linking to akc.org. If you purchase a product through this article, we may receive a portion of the sale.\n\nIf you have a puppy, unwell, or senior dog, you can also try potty pad training with pee pads or artificial turf. If you have a dog-safe balcony, you can use that as a toilet spot for emergencies or late-night potty breaks.\n\n', 'Politely Share Space With Other People and Dogs': 'If your dog will be sharing space with other people in your new abode, it’s important they be good canine citizens. Socialize your dog well so they are comfortable around strangers and other dogs in tight areas like the mailroom or elevator. Wait at doorways can also help with elevator etiquette.\n\nIt’s also important to teach your dog to wait for permission before interacting with other dogs and to sit for greetings so they don’t jump on your neighbors and their pets. You can always train your dog for the Canine Good Citizen (CGC) test, so you’re confident that your dog is able to interact in public and shared spaces appropriately. But you also need to educate yourself on where your dog is and isn’t allowed to ensure your dog is a welcome resident rather than a nuisance.\n\n', 'We use cookies': '', 'Privacy Preference Center': ''}",[]
https://www.akc.org/expert-advice/home-living/how-your-dog-can-boost-creativity/,The Creative Benefits of Having a Dog,"Sep 08, 2022",[],Mary Robins,"What does your dog bring to your life? Companionship? Joy? Protection? How about inspiration?

“Creative muse” might not be your pet’s typical role, but research, as well as artists’ and creators’ lived experiences, reveal that this is just one benefit of having a dog.

","{'Dog Walks Boost Creative Thinking': '“All truly great thoughts are conceived while walking,” said philosopher Friedrich Nietzsche—but don’t just take his word for it. Research has proven that taking a walk is one of the best ways to get the creative juices flowing, boosting inspiration by stimulating the senses with new environments, particularly natural ones, and via simple physical activity.\n\nFor advertising creative director Mark Edwards, this effect is so notable that it’s become a core part of his work day. “The worst thing you can do is stare at your Word document and try to think about how to make things better,” he says. “It just won’t happen.”\n\nInstead, when Edwards hits a roadblock, he accesses the creatively fertile realm of the subconscious by walking his dog, Cocker Spaniel Tzina. “The simple act of getting away from all the devices and going to the park, being in nature, and connecting with other people is a good way to switch off your brain and let your subconscious do its thing.”\n\nAKC is a participant in affiliate advertising programs designed to provide a means for sites to earn advertising fees by advertising and linking to akc.org. If you purchase a product through this article, we may receive a portion of the sale.\n\n', 'The Perks of an Open Heart and Mind': 'But ideas don’t just start in the head. “Creativity is based on having a connection with your heart, with your soul,” says Raghubir Kintisch, an artist, art and yoga educator, and author of The Eleven Yogic Arts of Creative Living. And keeping that connection open can be much easier if you’re sharing your life with a pup. “If you and your dog are doing it right, then you’ll always have an open heart, so getting into your creativity is a lot easier,” Kintisch adds.\n\nSuch loving feelings also make people happier—which has its own creative benefits. “Having a dog has reprogrammed my brain to be happy continually, and I think that’s really useful for creativity,” Edwards notes. Studies also show that being happy can increase creative-thinking abilities by allowing for a broader and more connective mode of thought.\n\nFor writer Nicole Spector, the love and mutual care that come with dog ownership also help with day-to-day mood management and self-care. “When I work, especially in this creative zone, I get very anxious. I tend to shut down a little bit. I get moody. I might snap at my husband,” she says. Since fear and anxiety activate the amygdala, which in turn shuts down the brain’s creative-thinking patterns, this all-too-familiar response to creative work can become a serious impediment.\n\nFor Spector, dogs are a perfect remedy. One of her three pups will often approach her while she’s working to give her “nudges of love,” which calm and comfort her. “There’s a therapeutic aspect,” she says, “in that I can always just reach out and hug my dogs.”\n\nAKC is a participant in affiliate advertising programs designed to provide a means for sites to earn advertising fees by advertising and linking to akc.org. If you purchase a product through this article, we may receive a portion of the sale.\n\nAnd the nurturing goes both ways. Caring for her 13-year-old Chihuahua mix, Spector says, activates a maternal mindset that spills over into better caring for herself. “When I check on her,” she says, “I also grab a snack or get water, and do things that might not come to mind naturally for me.” With a happy body and heart, it’s much easier to enter into creative work.\n\n', 'Discipline of Dog Ownership': 'But creative people spend all day lounging around in billowing shirts, reading poetry, and drinking red wine, right? Wrong. Kintisch stresses that discipline is key to creativity, which after all is often self-motivated. This, in turn, makes Kintisch’s 9-year-old mixed-breed dog Mitzie an indispensable part of her life. “Having a dog sets the tone for the way you handle your time,” she says. The need to schedule in time to walk, feed, and care for the dog “instills a certain level of discipline that I might not have had for myself,” she adds, “but I have it for the dog. It takes care of that baseline discipline.” The need to show up for your pup every day makes it easier to show up at your laptop or easel, too.\n\nFor Spector, the discipline of dog ownership is also creatively motivating in another way. “It keeps me motivated to earn money, which is inherently tied into my creative process,” she says. With three dogs to care for, each of them on food for a different dietary sensitivity, Spector can’t afford to fall into a creative slump. “I also want to keep my life as a creative person,” she adds, “so I can be home and be flexible with them.”\n\nAKC is a participant in affiliate advertising programs designed to provide a means for sites to earn advertising fees by advertising and linking to akc.org. If you purchase a product through this article, we may receive a portion of the sale.\n\nSo brush off your paintbrushes and get to work on that novel. There’s a pup in your home who’s just waiting to help you hone your creative genius.\n\n\xa0\n\n', 'We use cookies': '', 'Privacy Preference Center': ''}",[]
https://www.akc.org/expert-advice/home-living/dog-friendly-grassless-yards/,Going Grassless? Try These Alternative Dog-Friendly Landscapes,"Feb 11, 2026","['yard', 'turf', 'gravel', 'mulch', 'woodchips']",Nandini Maharaj,"You may have seen videos floating around using the “grasslawn” hashtag, but what does it mean? These videos often feature eco-friendly alternatives to grass yards. In grassless yards, dogs can enjoy the benefits of materials that are gentle on their paws. These spaces can also support their natural instinct to dig, run, and play.

In This Article

","{'Benefits of Going Grassless': '“Typically, we landscape around our homes with grass but environmentally, it’s a very poor choice,” explains Dr. Amy Attas, DVM of New York-based practice City Pets. Grass requires a lot of water to look its best. When your dog pees, you will need more water to dilute the urine and prevent that from discoloring or killing the grass.\n\nGrassless alternatives make it easier to pick up and dispose of solid waste. They can save you money on fertilizers, pesticides, and other yard materials\xa0harmful to dogs. Concrete pavers, for instance, prevent dogs from digging holes and tracking mud inside the house.\n\nIf you have your heart set on a lush, green lawn, synthetic turf is a good option for reducing soil erosion and flooding. “Synthetic turf cuts down on water usage and can drastically reduce your water bill,” says Ed Ball, the founder and CEO of Ed Ball Landscape Architecture. “Without the organic elements of turfgrass, the insect population (e.g., fleas, ticks, mosquitos, etc.) will relocate.”\n\n', 'What You Need to Create a Grassless Yard': 'A grassless yard utilizes alternative materials such as mulch, concrete paving stones, or synthetic turf. “Since many dogs are allergic to grass, going grassless in the back or front yard is beneficial to dogs with sensitive skin or a history of allergies,” says Dr. Georgina Ushi, DVM.\n\nAKC is a participant in affiliate advertising programs designed to provide a means for sites to earn advertising fees by advertising and linking to akc.org. If you purchase a product through this article, we may receive a portion of the sale.\n\nHere are some of the materials you may need to get started.\n\nStart by planning how you’ll secure the area while your dogs’ size and their activity level. Dr. Attas recommends border fencing, such as a wood or vinyl fence. The fence should be tall enough to prevent your dog from climbing over. Ideally, it would go below ground so your dog can’t dig underneath and escape.\n\nInvisible fencing is an option, but it can give “a false sense of security,” Dr. Attas says, and should be paired with a physical fence. Moreover, invisible fencing doesn’t prevent other animals from accessing the yard, which may pose a threat to your dog.\n\nAKC is a participant in affiliate advertising programs designed to provide a means for sites to earn advertising fees by advertising and linking to akc.org. If you purchase a product through this article, we may receive a portion of the sale.\n\nChoose materials that are comfortable for your dog to walk and lay on and won’t get destroyed easily. Dr. Attas suggests creating a pathway using paving stones, wood planks, or gravel. You can put in little patches of grass or add a bench or elevated dog bed, so your dog can have a view overlooking the yard.\n\nDr. Attas also recommends including places for your dog to hide and get relief from the sun. Consider adding a water source such as a pet fountain or children’s pool. Make sure it’s very shallow so your dog can submerge their head.\n\nIf you prefer the look and feel of grass, ornamental grasses are sturdy, aesthetically pleasing, and safe for your dog to chew on. These are better for the environment since they grow wild and don’t require much water or landscaping.\n\nWith synthetic turf, you don’t have to worry about your dog creating dead spots or traffic patterns. “It gives your dog a consistent playing surface, so there’s no more tripping or falling on mounds of grass,” Ball says. You can also replace damaged or uneven spots.\n\nAKC is a participant in affiliate advertising programs designed to provide a means for sites to earn advertising fees by advertising and linking to akc.org. If you purchase a product through this article, we may receive a portion of the sale.\n\n“A benefit of gravel is that it is easy to clean, and the liquid drains through it quickly,” Ball says. The downside is that gravel “can get stuck in paw pads and in between toes, and can get too hot without adequate shade,” Dr. Ushi says.\n\nGravel can be tempting for dogs that like to chew, making it a potential choking hazard or gastrointestinal obstructor, Dr. Attas explains. Accordingly, paving stones might be a better option because they tend to be flat and stay cool to the touch.\n\nInexpensive and easy to obtain, woodchips are a simple addition to your yard. However, they can become a choking hazard if your dog tries to eat them. Woodchips can also give dogs splinters.\n\n“If you live in a really warm area, woodchips can be a favorite place for fleas to harbor and sometimes mice like to nest in them as well,” Dr. Attas says. Woodchips may also contain chemicals and dye, which can be harmful to dogs. “If you are going to use woodchips, look for cedar (as long as your dog is not allergic to it) since it will naturally repel fleas,” Ball adds.\n\nOrganic mulch can be made from shredded bark, leaves, or moss. It may also include inorganic materials like newspaper or rubber. “Sometimes mulch is made from a cocoa plant and too much ingestion is thought to be a toxin like chocolate,” Dr. Attas says. Unless your dog tries to eat it, mulch provides a soft material for dogs that like to dig.\n\nAKC is a participant in affiliate advertising programs designed to provide a means for sites to earn advertising fees by advertising and linking to akc.org. If you purchase a product through this article, we may receive a portion of the sale.\n\n“A backyard with mulch can be easy to clean and drought tolerant, but pet owners have to be careful because some dogs will eat the mulch and it can also cause splinters in their paws,” Dr. Ushi says. She recommends keeping the area as clean as possible and removing any old or faded mulch.\n\n', 'Maintenance and Cleanup': 'Probably the biggest advantage of a grassless yard is that it needs “less maintenance than an actual yard with grass,” Dr. Ushi says. “Artificial grass is soft, durable, and easy to maintain but it can hold urine if it is not cleaned thoroughly.” To reduce odor, make sure to rinse the surface regularly to remove urine.\n\nAKC is a participant in affiliate advertising programs designed to provide a means for sites to earn advertising fees by advertising and linking to akc.org. If you purchase a product through this article, we may receive a portion of the sale.\n\nNon-toxic solutions are available for cleaning synthetic turf. Start by diluting the solution. Scrub the turf using a soft brush and rinse off with a hose afterward. Dr. Attas recommends training your dog to pick an area for soiling, noting that it “helps to make cleanup easier and odors less unpleasant.”\n\nGrassless yards are an environmentally conscious and dog-friendly alternative to a traditional lawn. So long as your dog isn’t at risk of ingesting the materials, any of the options mentioned above work well since they’re easy to clean or replace. When planning your outdoor space, consider what your dog likes to do and go from there.\n\n', 'We use cookies': '', 'Privacy Preference Center': ''}",[]
https://www.akc.org/expert-advice/home-living/how-to-remove-dog-hair-from-car/,How to Remove Dog Hair From Your Car,"Dec 04, 2025","['travel', 'car safety', 'cleaning', 'grooming']","Sassafras Patterdale, CPDT-KA, CTDI","If your dog regularly joins you in your car, you’re likely no stranger to seeing fur or hair floating around. While dogs will shed, their fur doesn’t need to build up. Here are ways to reduce and remove the amount of dog hair in your car.

","{'Grooming Is Key': 'You can help prevent dog hair from entering your car with a regular dog grooming routine. Most dogs need grooming at least weekly, while heavily coated breeds may need more, especially during shedding season. Regular brushing will reduce the amount of fur your dog leaves behind. Having portable grooming gear can also be helpful, allowing you to do a quick clean-up after potentially messy activities like hiking or swimming.\n\n', 'Utilize Seat Covers': 'If your dog rides in the backseat of your car with a seatbelt restraint, put a cover over the backseat. You can purchase seat covers to fit virtually all makes and models of cars, vans, and trucks, plus they’re easy to install.\n\n', 'Importance of Crating': 'Putting your dog in a crate in the car keeps them safe, especially in the event of a collision, and can help contain fur. If the dog hair is primarily within the crate, you can remove and wash any beds or blankets inside. It’s also easy to wipe down the crate’s interior to remove any additional hair.\n\nAKC is a participant in affiliate advertising programs designed to provide a means for sites to earn advertising fees by advertising and linking to akc.org. If you purchase a product through this article, we may receive a portion of the sale.\n\n', 'How to Remove Dog Fur From Your Car': 'To remove dog hair from your car, have the below supplies on hand:\n\nTo clean your vehicle, start with wherever there is the largest amount of hair. Then move to the smaller areas, where fur can hide or be harder to remove. Follow these steps:\n\n', 'Looking for a New Car?': 'When the time comes to get a new vehicle, if you know dogs will be frequent passengers, consider opting for features like leather or vinyl seat upholstery. It is generally easier to wipe dog hair off these materials than fabric, though you might still want to use seat covers.\n\n', 'We use cookies': '', 'Privacy Preference Center': ''}",[]
https://www.akc.org/expert-advice/home-living/poisonous-plants-for-dogs/,Plants That Are Poisonous to Dogs,"Mar 25, 2024","['shrubs', 'flowers', 'safety', 'poison', 'garden', 'plants']",Jan Reisen,"It’s important to protect your dog from poisonous plants. Whether you’re an avid gardener or have a few potted plants on your front stoop, some plants might not be your dog’s friend. In fact, many shrubs, trees, and flowers commonly found in the garden (and in the wild) are dangerous if your dog eats them. Some can cause discomfort, some will make your dog miserable, and some can even be fatal if ingested. If you think your dog may have eaten any poisonous plant, don’t wait – contact your vet or your local emergency vet right away to describe what they’ve eaten and any symptoms they’re experiencing.

","{'Flowers and Bulbs Poisonous to Dogs': 'Autumn Crocus: These fall-blooming plants contain colchicine, which is extremely toxic, causing gastrointestinal bleeding, severe vomiting, kidney and liver damage, and respiratory failure. Symptoms might be delayed for several days, so don’t wait to seek veterinary attention if your dog has ingested any part of this plant.\n\nBegonia: Often used in containers, these tubers can cause mouth irritation and difficulty swallowing when ingested.\n\nChrysanthemum: These common flowers contain lactones and pyrethrin, which cause intestinal irritation. While not lethal, eating any part of the plant can result in vomiting, diarrhea, excessive drooling, skin rashes, and loss of coordination.\n\nDaffodil: Ingesting any part of the plant, especially the bulb, can cause severe vomiting, drooling, tremors, respiratory distress, convulsions, and heart problems.\n\nDaisies: These very common flowers contain sesquiterpene lactones which can cause gastrointestinal upset for dogs, especially if they eat a large amount of daisy plants.\n\nFoxglove: All parts of these tall beautiful flowers, from the seeds to the petals, are extremely toxic to dogs. Ingestion can cause cardiac failure and even death.\n\nGeranium: All varieties of this common container plant are poisonous to dogs. The symptoms include lethargy, low blood pressure, skin rashes, and loss of appetite.\n\nIris: Ingesting any part of the plant can cause skin irritation, drooling, diarrhea, vomiting, and lethargy.\n\nAKC is a participant in affiliate advertising programs designed to provide a means for sites to earn advertising fees by advertising and linking to akc.org. If you purchase a product through this article, we may receive a portion of the sale.\n\nLily: With so many different varieties of lilies, it’s hard to remember which are dangerous and which are relatively benign. Some — for example, daylilies — are extremely toxic to cats, but cause only gastrointestinal upset in dogs. Others, such as the calla lily, release a substance that burns and irritates a dog’s mouth and stomach. Symptoms can be mild to severe.\n\nLily of the Valley: Symptoms of ingestion include diarrhea, vomiting, a drop in heart rate, and cardiac arrhythmia.\n\nTulip and Hyacinth: The bulb is the most toxic part, but any part of these early-blooming flowers can be harmful to dogs, causing irritation to the mouth and esophagus. Typical symptoms include excessive drooling and vomiting. If many bulbs are eaten, symptoms may include an increased heart rate and irregular breathing. With care from a vet, dogs usually recover with no further ill effects.\n\n', 'Shrubs and Plants That Are Poisonous to Dogs': 'Aloe vera: This skin-soother for people contains saponin compounds which can make dogs sick if they chew and eat the plants. Consuming whole aloe vera plant material can give dogs gastrointestinal symptoms including vomiting and diarrhea. Aloe gel on its own isn’t toxic, but if a dog consumes whole aloe leaf, what they are eating includes the aloe latex which contains the toxic compounds.\n\nAKC is a participant in affiliate advertising programs designed to provide a means for sites to earn advertising fees by advertising and linking to akc.org. If you purchase a product through this article, we may receive a portion of the sale.\n\nAzalea and Rhododendron: Used in landscaping and found in the wild, the entire genus is extremely dangerous for dogs. Eating even a few leaves can cause serious issues, including vomiting, diarrhea, drooling, paralysis, shock, coma, and death.\n\nHolly: Varieties include American holly, English holly, Japanese holly, and Christmas holly. Although some are less toxic than others, it is best to keep your dog away from any variety. Eating the leaves can result in vomiting, diarrhea, and gastrointestinal injury due to the plant’s spiny leaves. Symptoms include lip-smacking, drooling, and head shaking.\n\nHydrangea: With high concentrations of toxic substances in the flowers and leaves, ingestion, especially of the leaves and flowers, can cause lethargy, diarrhea, vomiting, and other gastrointestinal upsets.\n\nIvy: Although a vine rather than a shrub, ivy is a common part of many landscapes. The foliage of certain types of ivy plants is dangerous to dogs, although not usually lethal. Ingestion can result in excessive salivation and drooling, vomiting, diarrhea, a swollen mouth and tongue, and difficulty breathing.\n\nOleander: All parts of this popular ornamental shrub are toxic to humans and dogs. If your dog ingests the flowers or leaves, he can experience extreme vomiting, an abnormal heart rate, and even death. Other signs to look for include tremors, drooling, seizures, and weakness.\n\nAKC is a participant in affiliate advertising programs designed to provide a means for sites to earn advertising fees by advertising and linking to akc.org. If you purchase a product through this article, we may receive a portion of the sale.\n\nPeony: These gorgeous flowering plants contain the toxin paeonol in their bark. They may cause vomiting and diarrhea, if ingested in large amounts.\n\nSago Palm: Often used as an ornamental shrub in temperate zones, it’s considered one of the most toxic plants for dogs. Every part of the plant is toxic, especially the seeds. Ingesting just a few seedpods can result in acute liver failure. Symptoms include vomiting, diarrhea, and bloody stools, decreased appetite, and nosebleeds.\n\n', 'Trees That Are Poisonous to Dogs': 'Black Walnut: The tree itself isn’t dangerous, but the nuts that fall to the ground can be. They start to decay very quickly and produce mold, so when a dog ingests them, they cause digestive upset and even seizures.\n\nAKC is a participant in affiliate advertising programs designed to provide a means for sites to earn advertising fees by advertising and linking to akc.org. If you purchase a product through this article, we may receive a portion of the sale.\n\nChinaberry: The berries, leaves, bark, and flowers of this tree all contain toxins that can result in anything from vomiting and diarrhea to weakness, slow heart rate, seizures, and shock.\n\nFruit trees: The fruits of trees, such as plums, apricots, peaches, and avocados, contain pits and the seeds of cherries and apples contain toxins that can make your dog sick and are choking hazards. Even if they only eat the fruit, eating too much can cause diarrhea.\n\nHorse Chestnut (Buckeye): This tree contains saponin, which causes vomiting and diarrhea, dilated pupils. It also affects the central nervous system and can lead to convulsions and coma.\n\nJapanese Yew: All varieties, from the dwarf to the giant trees, contain dangerous toxins that can be fatal to dogs. Symptoms include tremors, vomiting, difficulty breathing, and seizures. Because of their bright green leaves and red berries, they’re popular holiday decorations – but they shouldn’t be used in homes where dogs live.\n\nOther nut trees: As a general rule, nuts are toxic for dogs. Avoid letting your dog eat the nuts from almond, pecan, hickory, walnut, or other nut trees. Ingestion can cause gastrointestinal problems and intestinal blockage.\n\n', 'My Dog Ate a Poisonous Plant — What Should I Do?': 'If you think your dog has eaten something toxic, follow these steps:\n\nAKC is a participant in affiliate advertising programs designed to provide a means for sites to earn advertising fees by advertising and linking to akc.org. If you purchase a product through this article, we may receive a portion of the sale.\n\nAccording to American Kennel Club Chief Veterinary Officer Dr. Jerry Klein, the best cure is prevention. He recommends that you survey your yard regularly and identify any plants that may be dangerous. Then restrict your dog’s access to them. You may need to consult a landscaper to remove particularly stubborn plants. If you are in doubt about whether a plant your dog ate may be poisonous, seek professional help immediately. “The most common mistake pet owners make is to wait to see if the dog becomes ill before contacting the veterinarian,” says Dr. Klein.\n\nAKC is a participant in affiliate advertising programs designed to provide a means for sites to earn advertising fees by advertising and linking to akc.org. If you purchase a product through this article, we may receive a portion of the sale.\n\n', 'We use cookies': '', 'Privacy Preference Center': ''}",[]
https://www.akc.org/expert-advice/home-living/dog-pee-killing-grass/,Why Is Dog Pee Killing Your Grass — And How to Stop It,"Dec 04, 2025","['safety', 'garden', 'plants', 'yard']",Nandini Maharaj,"Getting your puppy to actually pee outside comes with a feeling of pride. As their bladder muscles grow stronger, accidents in the house become less frequent. Some dogs might even develop a favorite spot to pee.

Successful potty training can feel like a win for you, but might feel like a losing battle when it comes to your lawn. Dog pee can kill grass, leaving behind dead patches and bare spots. Fortunately, there are steps you can take to save your lawn and ensure that it remains a safe space for dogs to do their business.

","{'Why Does Dog Pee Discolor Your Grass?': 'Through eating food and taking supplements, some nutrients get absorbed into your dog’s bloodstream while others are filtered out by the kidneys. The unabsorbed nutrients get expelled from the body through urination.\n\nThe problem for your lawn is not the pee itself but rather the chemical compounds that are contained in it. As the water in their pee evaporates, what’s left behind is a high concentration of nitrogen. If left untreated, the grass will appear brown at the center and green at the edges where the nitrogen is less concentrated, which leaves those nasty yellow marks.\n\n“While nitrogen and nitrates are beneficial for grass and even used for fertilizer, too much can actually be harmful,” explains Dr. Chyrle Bonk, DVM, a remote veterinary consultant at PetKeen. “If you already fertilize your lawn with nitrogen and then your dog pees concentrated nitrogen in one area, it can overdo it and kill the grass.”\n\n', 'Do Female Dogs Cause More Damage?': 'It might seem as though female dogs are the bigger culprit behind grass burns. However, this apparent sex difference has more to do with the way dogs pee rather than the chemicals in their urine.\n\nAKC is a participant in affiliate advertising programs designed to provide a means for sites to earn advertising fees by advertising and linking to akc.org. If you purchase a product through this article, we may receive a portion of the sale.\n\nSome male dogs tend to lift their leg and pee on standing surfaces, like tree trunks and backyard fences. They’ll also disperse their scent rather than in one concentrated spot. In contrast, female dogs are more likely to squat and pee directly onto the grass. Damage to your grass can occur as your dog pees in the same area repeatedly.\n\n', 'Can Changing Your Dog’s Diet Help?': 'Encouraging your dog to drink more water is good for their skin, bladder, and digestive health. Plus, the increased water consumption may have the added benefit of reducing damage to your grass. According to Bonk, feeding a raw or homemade diet that is less processed can reduce the amount of nitrogen in their urine.\n\nTo encourage your dog to stay hydrated, keep lots of water bowls around your house and in your yard and refill them regularly with fresh water. You could also try adding water or goat’s milk to your dog’s food or swapping out dry food for wet food. Hydrating fruits, such as blueberries, slices of apple, watermelon, or cantaloupe, can also help increase water consumption. Always consult with your veterinarian and choose a diet that is safe and nutritionally balanced.\n\nAKC is a participant in affiliate advertising programs designed to provide a means for sites to earn advertising fees by advertising and linking to akc.org. If you purchase a product through this article, we may receive a portion of the sale.\n\nExercise caution when using enzyme supplements that claim to prevent grass burns. These products can change the acidity or alkalinity of your dog’s pee, potentially affecting their health. As with any supplements, it’s a good idea to talk with your vet first before adding them to your dog’s diet.\n\n', 'What Can You Do to Protect Your Lawn?': 'With some planning and supervision, it’s possible to have a green lawn and a dog that does its business there. Here are a few things you can do to help maintain your lawn:\n\nAKC is a participant in affiliate advertising programs designed to provide a means for sites to earn advertising fees by advertising and linking to akc.org. If you purchase a product through this article, we may receive a portion of the sale.\n\nTrain your dog to pee in a certain place. That way, the damage is restricted to one area as opposed to your entire lawn. You can also fence in part of your yard for potty breaks.\n\nBonk suggests setting up a “mulch or gravel area where they can go so that grass isn’t affected at all.” Another option is to ditch your plants altogether by covering the entire lawn with bark or stones. Whatever material you use, make sure the texture is comfortable for your dog to walk on and won’t injure their paws.\n\nTry seeding your lawn with low-maintenance options such as ryegrasses, fescue, and sedges. These can replace your lawn or be sown in with the existing grass. If you’re looking to reduce the area of turf lawn, consider planting ornamental grass, clover, or moss. These grass alternatives are durable, resistant to pee, and require less watering. Make sure that the plant varieties you choose aren’t toxic to dogs or other animals.\n\nTo the extent possible, rinse off where your dog pees using a hose. If creating a designated spot doesn’t work, allow your dog to pee on different parts of the lawn so that the pee and water aren’t accumulating in one area.\n\nAKC is a participant in affiliate advertising programs designed to provide a means for sites to earn advertising fees by advertising and linking to akc.org. If you purchase a product through this article, we may receive a portion of the sale.\n\nReseed the dead patches and switch to a dog-friendly fertilizer that contains less nitrogen. Water your lawn regularly, ensuring the water penetrates deeply into the soil. “You can also leave the grass length a little longer so that it isn’t as sensitive,” Bonk says.\n\nYou can’t always protect your yard from damage, which is when repairing your grass is the best option. If you have an area of the yard that isn’t doing well, you can reseed that area with patching kits that feature resilient grass seeds. Some items can even prevent your dog from re-soiling a certain area.\n\nIf you have your heart set on a green lawn, those unsightly brown and yellow spots can put a damper on having your dog do their business in the backyard. With a little patience and ingenuity, you can create an outdoor haven that satisfies your dog and your green thumb.\n\n', 'We use cookies': '', 'Privacy Preference Center': ''}",[]
https://www.akc.org/expert-advice/home-living/how-to-clean-a-dog-bed/,How to Clean Your Dog’s Bed and Why It’s Important,"Mar 16, 2026","['poop', 'urine', 'cleaning', 'bed', 'dog beds']",Gemma Johnstone,"There are lots of benefits of sharing your home with a dog, but the extra dirt they generate might not be one of them. While hoovering up hairs may become part of your daily routine, it’s not uncommon to overlook your dog’s bed and let it go weeks without a wash. However, given that these sleeping spots can be havens for fur, fleas, and undesirable germs, learning how to wash a dog’s bed properly and adding the task to your regular cleaning calendar makes sense.

In This Article

","{'Why You Should Wash Your Dog’s Bed': 'Washing your dog’s bed does more than remove funky odors—it can have health benefits for the whole family.\n\nAKC is a participant in affiliate advertising programs designed to provide a means for sites to earn advertising fees by advertising and linking to akc.org. If you purchase a product through this article, we may receive a portion of the sale.\n\n', 'How Often Should You Wash Your Dog’s Bedding?': 'There are no hard and fast rules regarding how often you should wash your dog’s bedding. However, the authors of a study published in the Canadian Medical Association Journal and the CDC recommend washing your dog’s bedding weekly to reduce the risk of spreading parasites or zoonoses. The guidance from the EPA is to deep clean dog beds every two to three weeks to help control flea infestations.\n\nAKC is a participant in affiliate advertising programs designed to provide a means for sites to earn advertising fees by advertising and linking to akc.org. If you purchase a product through this article, we may receive a portion of the sale.\n\nHow often your dog sleeps in their bed, the material it’s made from, the type of coat your dog has, what they get up to outdoors, and whether any family members have allergies are some factors that can influence cleaning frequency. The fluffy bed of an oily-coated, heavy-shedding Labrador Retriever that loves to swim in muddy ponds and roll in fox poop will need more frequent cleaning than the water-resistant bed of a minimal-shedding Poodle that skirts around puddles to avoid getting their paws wet or dirty, for example.\n\n', 'How to Wash Your Dog’s Bed': 'How you wash your dog’s bed depends on its material, size, the manufacturer’s instructions, and how dirty it is. Here are a few easy ways to clean a dog bed:\n\nMixing dog hair with water causes it to clump up and clog your machine, so before and in between washings, vacuum the surface, crevices and sides of the bed with a pet hair vacuum or a pet hair remover tool. Use a lint roller or masking tape, or wear rubber or latex gloves, and wipe the bed to lift the remaining hair.\n\nDog blankets and soft beds are typically best put in a washing machine—if they fit and the label allows it. High-temperature programs can kill germs and parasites and provide a deep clean.\n\nUse a fragrance-free, pet-friendly detergent. If you have concerns about hair causing washing machine clogs, purchase a dog bed laundry bag to keep them contained. After the program is complete, check the filter and wipe the rubber seal to remove any debris or hair.\n\nIf the bed is very dirty, consider running an empty cycle afterwards to remove lingering odors. Put 1 or 2 cups of white vinegar and a 1/2 cup of bicarbonate soda into the dispenser.\n\nAir drying is usually best, as some bed fillings can clump in the dryer. Wait until thick, fiber-filled beds are fully dry before allowing your dog to snuggle back into them. A damp bed encourages mold and mildew formation.\n\nAKC is a participant in affiliate advertising programs designed to provide a means for sites to earn advertising fees by advertising and linking to akc.org. If you purchase a product through this article, we may receive a portion of the sale.\n\nFor plastic beds or other materials that can’t go into the machine, wash them with warm, soapy water. Place the bed in a bathtub (if that isn’t big enough, try an outdoor children’s pool). Fill the container with warm water, pet-safe laundry detergent, and a cup of vinegar. Squeeze and knead soft beds in the water repeatedly or scrub plastic beds thoroughly with a sponge. Empty the tub and rinse the bed until the soap is gone, then thoroughly disinfect the tub.\n\nWhere possible, avoid washing pet beds in sinks as this can spread germs to this food prep area.\n\n', 'What Dog Beds or Bedding Are Easiest to Keep Clean?': 'Choosing the right dog bed or bedding can make the washing process easier. Some options include:\n\nAKC is a participant in affiliate advertising programs designed to provide a means for sites to earn advertising fees by advertising and linking to akc.org. If you purchase a product through this article, we may receive a portion of the sale.\n\n', 'When Is a Dog Bed Too Dirty for Cleaning?': 'Over time, washing might not vanquish ingrained dirt, stains and odors as well. If your dog’s old bed still smells funky after washing and doesn’t look its best, it might be time to invest in a new one. The EPA also recommends discarding your dog’s bedding if it’s heavily infested with fleas.\n\n', 'We use cookies': '', 'Privacy Preference Center': ''}",[]
https://www.akc.org/expert-advice/home-living/inherit-someone-elses-dog/,What to Do if You Inherit Someone Else’s Dog,"Feb 10, 2022","['grief', 'death']",AKC Staff,"Nothing about the passing of a loved one is easy. But what is already a painful and stress-filled situation might be made more stressful if you’ve inherited your loved one’s dog, especially if you weren’t prepared for the challenge of welcoming a new pet into your life. Here’s what you need to know if you’re facing the prospect of inheriting someone else’s dog.

","{'Is there a Pet Trust?': 'Pets can’t legally inherit money or property, so dog owners who want to make sure their pets are properly looked after in the event of the owner’s passing may set up a pet trust. A trust establishes a manager, or a “trustee,” to manage assets included in the trust, and a beneficiary who receives the benefits of the assets. In the case of a pet trust, the asset would likely be money to put toward the continued care and feeding of a pet; the trustee would be the designated caregiver, and the beneficiary would be the pet.\n\nIn this type of arrangement, the trustee wouldn’t necessarily be the dog’s legal owner, but would care for the dog as if they were the trustee’s own pet, while the costs of the dog’s care would be paid for by the trust’s assets. This is a good way for pet owners to ensure the continued care of their pets without placing the burden of food and veterinary costs on their human loved ones.\n\nA trust may also place limits on how the assets in the trust can be spent and stipulate what happens to the assets after the dog passes away, as well as what happens to the dog if the trustee can’t serve as the caregiver. In any case, whoever ends up with the dog will need to abide by the terms of the trust, but will likely have any expenses involved in the dog’s care covered by the trust.\n\n', 'Who Decides Who Gets the Dog?': 'In the absence of a pet trust, the original owner may leave a will that designates who should care for the dog. In that case, the person specified will inherit the dog automatically. If the designated caregiver declines to accept the dog, or if no caregiver has been named, then it will be up to the executor of the will to find a suitable home for the dog. If multiple people volunteer, then the executor will have the authority to determine who gets to keep the dog.\n\nAKC is a participant in affiliate advertising programs designed to provide a means for sites to earn advertising fees by advertising and linking to akc.org. If you purchase a product through this article, we may receive a portion of the sale.\n\nSometimes, however, people pass on without leaving a will, or without remembering to make provisions for their pets. If this is the case, it will be up to the deceased’s family members to hash out who will care for any pets left behind.\n\n', 'If You Keep the Dog': 'Without a pet trust, any dog that you inherit will be your dog. Along with full ownership, you’ll also be responsible for expenses associated with the dog. These will likely include:\n\nAKC is a participant in affiliate advertising programs designed to provide a means for sites to earn advertising fees by advertising and linking to akc.org. If you purchase a product through this article, we may receive a portion of the sale.\n\nIf you can, it’s a good idea to talk to the dog’s regular vet about any health issues they may be dealing with, special diets or medications the dog is taking before you commit to accepting the dog into your care. And if you know the dog’s breed (or primary breed makeup in the case of mixed-breed dogs), it would also be wise to research the breed so you’ll have an idea of how much time and energy you’ll need to commit each day to play and exercise, as well as the dog’s social needs and how well they tolerate being left alone for extended lengths of time. If you work outside the home, depending on the dog’s level of tolerance, you might need to consider the services of a doggie daycare or a dog walker.\n\nYou may also need to invest in dog training. Depending on how well-trained the dog was by the previous owner, it may simply be a matter of teaching them how to fit into your household and lifestyle, which you can probably handle yourself with the guidance of books or online videos. But for serious behavioral issues or bad habits they learned in their old life, you may need to hire a professional dog trainer or behaviorist to help you break those bad habits and help your dog relearn better patterns of behavior.\n\n', 'How to Help a Grieving Dog': 'Keep in mind that many dogs experience grief when separated from their owners. This could be the root cause of some behavioral issues, or it could exacerbate issues that already existed. Signs of grief in dogs include depression, lethargy, loss of appetite, and either wandering around as though searching for their owner or waiting by the door for them to come back. The dog could also develop clinginess that could escalate into separation anxiety. Talk to the dog’s vet if you notice any signs of grief that concern you. Appetite loss, in particular, can be dangerous if you’re unable to coax the dog to eat.\n\nAKC is a participant in affiliate advertising programs designed to provide a means for sites to earn advertising fees by advertising and linking to akc.org. If you purchase a product through this article, we may receive a portion of the sale.\n\nIf you can, it might help to take some time off work so you can be there to comfort the dog during their first few days in their new home. This would also be a good time to focus on bonding with them and helping them get settled into a new routine. Providing them with a shirt or blanket that still has their previous owner’s scent might also help comfort them. If it’s allowed, taking the dog to the funeral home and allowing them to view and sniff the body of their deceased owner may help to provide closure and prevent them from searching for their owner or waiting for them to return.\n\n', 'Do You Have to Keep the Dog?': 'Understand that you’re not legally obligated to keep a dog you’ve inherited. Whether you consented ahead of time to be named as the pet’s caregiver or not, both circumstances and feelings can change. You may find you’re not in a position to keep a dog that’s been left to you, or to provide them with the quality of care their deceased owner hoped for. If this is the case, you’ll need to inform the executor of the will, who will then be responsible for placing the dog with a more suitable caregiver. This can be a difficult decision, but it’s best to be honest about your preference or ability and put the dog’s welfare ahead of any guilty feelings you might experience. Any guilt you feel over not abiding by your late loved one’s wishes should be softened by knowing you’re helping to do what’s best for their beloved companion.\n\nAKC is a participant in affiliate advertising programs designed to provide a means for sites to earn advertising fees by advertising and linking to akc.org. If you purchase a product through this article, we may receive a portion of the sale.\n\n', 'We use cookies': '', 'Privacy Preference Center': ''}",[]
https://www.akc.org/expert-advice/home-living/tips-on-how-to-safely-use-cleaning-products-around-your-dog/,Tips on How to Safely Use Cleaning Products Around Your Dog,"Mar 10, 2025",['safety'],Anna Burke,,"{'We use cookies': '', 'Privacy Preference Center': ''}",[]
https://www.akc.org/expert-advice/home-living/what-to-do-if-your-building-doesnt-allow-pets/,What to Do if Your Building Doesn’t Allow Pets,"Jan 10, 2022","['canine good citizen', 'apartment', 'virtual home manners', 'multi-pet household']",Elaine Waldorf Gewirtz,"Like many people, Sheba Lo of Chatsworth, California, acquired a dog during the pandemic. Lo bought the dog to serve two roles — companion and “emotional support animal” for her 13-year-old daughter. The pair immediately fell in love with cuddly, white Riyo.

Without hesitation, the college professor let the landlord of her apartment know about the new canine addition. Lo assumed the Americans with Disabilities Act (ADA) entitled the mother and daughter to keep an emotional support animal in their rental unit.

But in accordance with the ADA, only service animals — not emotional support dogs — have full public access rights, even in places where pets are not permitted.

","{'Service vs. Emotional Support Dogs': 'What’s the difference between a service dog and an emotional support animal? A service dog is trained to accompany a person with a disability and perform specific tasks for them. An emotional support dog doesn’t require any special training and provides support, comfort, or affection to someone through companionship.\n\nThis distinction means the landlord could tell Lo she had to move or find another home for her daughter’s emotional support dog.\n\nFortunately, Lo’s lease agreement permits pets. The lease meant that button-cute Riyo, which means dream in Somali, could continue comforting Lo’s daughter as a treasured companion.\n\n\n\nAKC is a participant in affiliate advertising programs designed to provide a means for sites to earn advertising fees by advertising and linking to akc.org. If you purchase a product through this article, we may receive a portion of the sale.\n\n', 'Rent Rules': 'What if a lease has a no-pet clause, and you bring home a dog?\n\n“Know what you signed when you rented your apartment,” says Debra Vey Voda-Hamilton, an attorney who specializes in pet-related disagreements. “If the lease says no pets, it’s a privilege, not a right to keep a dog. Sign the agreement, and you must abide by it, or face serious fines or even worse—eviction.”\n\nWhat about sneaking in a dog, especially when the manager rarely visits?\n\n“If you think no one will notice your dog, guess again,” says Voda-Hamilton. “Only one person in management needs to see the dog before taking action. The gardener or the maintenance person could report the canine sighting to the office.”\n\nAccording to Voda-Hamilton, once the landlord knows you have a dog in a no-pet building, they must act to fine or evict you. If the landlord asks you to leave, you may be held financially responsible for the rest of your lease agreement. Know that eviction leaves a black mark on your rental history and makes future rental contracts difficult.\n\nWhile some landlords may consider making an exception and allowing your dog, some will not. Often the resistance comes from the worry that the dog will damage property, show bad manners, or cause a nuisance by barking.\n\nAKC is a participant in affiliate advertising programs designed to provide a means for sites to earn advertising fees by advertising and linking to akc.org. If you purchase a product through this article, we may receive a portion of the sale.\n\n', 'Power of Pet Persuasion': 'If you insist on remaining in your place, try these suggestions:\n\nIf your landlord agrees, ask to add a pet agreement into your lease and make sure all the conditions appear in writing.\n\nNo one wants to go to court, so figure out your best options.\n\nWhen all efforts fail, look for a new apartment. Pet-friendly does not automatically translate to mean that all pets are welcome. It means that the landlord is open to pets, but the animals must meet specific criteria. The requirements could cover the number of pets in your apartment or the types of animals.\n\n“Find a pet-friendly apartment,” says Voda-Hamilton. “Above all, read the lease thoroughly before signing anything.”\n\nOr, get a fish.\n\n', 'We use cookies': '', 'Privacy Preference Center': ''}",[]
https://www.akc.org/expert-advice/home-living/dog-urine-stains/,How to Get Rid of Dog Pee Stains and Smells,"Sep 30, 2025","['floors', 'carpet', 'urine', 'potty training', 'marking']",AKC Staff,"No matter how well-trained your dog is, and how diligently you keep to your potty-break schedule, sometimes accidents happen. Whether on the carpet, hardwood floor, or anywhere else, prompt action is the best way to make sure that dog urine won’t leave a lasting impression and smell. Even if you come upon a dried urine puddle or stain, there are still things you can do to remove the odor.

In This Article

","{'Cleaning Fresh Dog Urine Stains': 'Regardless of what your dog has peed on, your best course of action is to act fast. The sooner you get to it, the more likely you’ll be able to remove all traces of urine odor.\n\nAside from wanting your home to smell fresh and clean, you don’t want to leave any lingering traces of their accident for your dog to find, since they may decide it’s their new favorite spot to pee. If the urine smell lingers, an air purifier could help mask the scent.\n\nYour dog just peed on the carpet. Now what? Luckily, you probably have the cleaning tools for the job. Place a thick layer of paper towels over the wet spot, and, if possible, under it. Cover that with a thick layer of newspaper. You can stand on the paper for a few minutes to help it absorb the urine more quickly, or leave it until most of the urine is soaked up. Then remove all the paper and rinse the area with cool water. Blot up all the water, either with towels or a wet vacuum.\n\nAKC is a participant in affiliate advertising programs designed to provide a means for sites to earn advertising fees by advertising and linking to akc.org. If you purchase a product through this article, we may receive a portion of the sale.\n\nFair warning: the soggy towels will probably stink, but it’s a good thing. Smelly towels mean you’re drawing out as much urine and odor as possible.\n\nOnce you have blotted up most of the liquid, the next step is to remove the odor. A dog urine stain remover can help remove stains and odors from accidents. It sometimes contains ingredients you’d find at home, like vinegar, baking soda, or hydrogen peroxide.\n\nFor hardwood, you should try to act fast. Place a thick wad of paper towels or dish towels on the puddle. You can stand on the towels for a few minutes to speed up absorption. Use fresh towels to soak up the urine until a towel comes up dry. You can also use a specific hardwood urine stain remover. These specifically target hardwood floors or hard surfaces, which can help ensure there’s no mark on your floor.\n\nAKC is a participant in affiliate advertising programs designed to provide a means for sites to earn advertising fees by advertising and linking to akc.org. If you purchase a product through this article, we may receive a portion of the sale.\n\nIf your dog pees in your home, they may not limit themselves to the carpet or hardwood floor. Your dog could have accidents in the car, on their dog bed, or on other furniture. Some of these dog pee stain removers will also work on these surfaces. Others might require a deeper clean. If your dog’s bed has a removable cover or if they have an accident in their crate, you could wash the cover with hot water and detergent.\n\n', 'Removing Dried Dog Urine Stains': 'Your dog isn’t always going to pee in front of you. Your dog also could’ve had an accident in another room or when you’re not home without you realizing. How do you clean a spot you didn’t notice until it’s dried out? While it’s harder to remove the smell from dried urine stains, there are several effective methods to try.\n\nStart by rinsing the area thoroughly with plain water. Use a wet-dry vacuum cleaner and keep saturating and vacuuming the area until it’s clean. Do not use a steam cleaner, since the heat will permanently set the odor and the stain. If you don’t own a wet-dry vacuum, you can try wetting and blotting the spot repeatedly, using warm water and clean towels.\n\nIf this doesn’t get the smell out, use an enzymatic cleanser. These bio-based cleansers work on a molecular level to break down and remove odors and stains. Be sure to choose an enzyme-based cleanser made specifically for pet stains.\n\nAKC is a participant in affiliate advertising programs designed to provide a means for sites to earn advertising fees by advertising and linking to akc.org. If you purchase a product through this article, we may receive a portion of the sale.\n\nRemoving odors from hardwood floors can be difficult because urine can saturate the wood. However, there are a few methods you can try. There are specific dog urine stain removers for hard surfaces, which can get soaked-in urine out of the wood.\n\n', 'DIY Dog Pee Cleaning Solutions': 'If you’re in a pinch and aren’t sure if the cleaning products you have on hand are safe to use around your dog, a few common household products can get the job done. Here are some of our favorite DIY pet-safe cleaning solutions.\n\nAKC is a participant in affiliate advertising programs designed to provide a means for sites to earn advertising fees by advertising and linking to akc.org. If you purchase a product through this article, we may receive a portion of the sale.\n\nIf you’re in a pinch and don’t have any dog stain remover, you can spread baking soda thinly and evenly across the damp spot. Be careful not to overdo it: about 1/4 cup or less is enough for most stains. Let the baking soda sit overnight, and then vacuum thoroughly. You may have to go over the area several times to vacuum up all the powder until the area feels clean to the touch.\n\nAnother method adds one more household staple: vinegar. In a clean spray bottle, mix 1 cup of distilled white vinegar with 1 cup of water and 2 teaspoons of baking soda. Shake the bottle to mix the ingredients, and then spray on the stain. Let it sit for a few minutes, then blot with towels until clean.\n\nThe first is similar to what you’d use on carpet. Mix a one-to-one solution of white vinegar and water. Using a sponge, rub the solution onto the stain. Let it sit for 5-10 minutes, then wipe it up with a clean, dry towel. Some experts advise using a more diluted formulation of 1/2-cup of vinegar to one gallon of warm water. If you’re nervous about the effects of vinegar on your floors, try this more diluted version. Either way, test the solution on a small inconspicuous section of floor first.\n\nIf the odor lingers, sprinkle baking soda on the floor while it’s still damp, and let it sit for at least several hours or overnight. Then, vacuum it up with the soft brush attachment on your vacuum cleaner. As a final step, use an enzyme-based stain remover that’s safe for hardwood floors. Test it in a small area first, and then follow the directions on the product’s package. Once you completely remove the urine and its odor, clean the floor with whatever you usually use.\n\n', 'Finding Urine Spots': 'Sometimes dogs will pee in more secluded or hidden parts of the home, so it may not always be easy to locate where your dog peed if you didn’t see them do it. But oftentimes, you’ll be able to smell it, even if you don’t see it.\n\nAKC is a participant in affiliate advertising programs designed to provide a means for sites to earn advertising fees by advertising and linking to akc.org. If you purchase a product through this article, we may receive a portion of the sale.\n\nYou may want to use a urine stain detector to help you find which areas need cleaning. Urine stain detectors help identify spots where your dog has peed, even if they’re not wet anymore. Most use LED UV light to detect urine stains on different surfaces, allowing you to clean more efficiently.\n\n', 'When to Call a Professional': 'If you have multiple dogs or frequent accidents, you might consider hiring a professional cleaner to do a deep clean of your carpet or floor. If you’ve moved to a new place and discovered that the carpet smells of dog urine, you may consider using a cleaning service.\n\nAKC is a participant in affiliate advertising programs designed to provide a means for sites to earn advertising fees by advertising and linking to akc.org. If you purchase a product through this article, we may receive a portion of the sale.\n\nIf your dog has peed in the car, this could also be a good option to remove the deeper urine stains and odors from the fabric. If you want to do it yourself, consider using a steam cleaner to deep clean your car’s upholstery.\n\n', 'Preventing Future Accidents': 'Accidents happen, no matter how old your dog is. Sometimes, they just can’t hold it. It’s important to potty train your puppy, so they know how to control their bladder and alert you when they need to go outside. When potty training, things like dog crates and puppy pee pads can be helpful in creating a schedule. Puppy pee pads can also help dogs go when they need to, with much easier cleanup.\n\nIf your dog is housetrained, they could also be marking instead of peeing. Dog marking is not the same as peeing. It’s smaller amounts of urine, used to mark their territory for other dogs, or due to anxiety. If you think your dog is marking around the house, consider working with an animal behaviorist to troubleshoot the issue.\n\nIf your dog can’t control their bladder after being housetrained, it could also be a sign of a medical condition. If the problem persists, talk to your veterinarian.\n\n\xa0\n\n', 'We use cookies': '', 'Privacy Preference Center': ''}",[]
https://www.akc.org/expert-advice/home-living/how-to-clean-up-after-a-dirty-dog/,Yearly Home Cleaning Guide for Pet Owners,"Dec 05, 2025","['safety', 'poison', 'hazards']",Saige Driver,"This year, while you’re airing bedding, flinging open the windows, mopping the floors, and dusting everything in sight, don’t forget to include your dog’s living space too. It’s important to take a yearly audit of your pet’s supplies and sanitize any items that they use often.

Make your annual cleaning ritual more dog-friendly by adding these tasks to your checklist — and remember to always use pet-safe cleaning products!

","{'Pick Up Your Yard': 'If you live in a colder climate, you likely already know why you need to clean your yard. When the snow melts, it reveals everything you neglected to pick up during the colder months, including your dog’s droppings.\n\nWhen the warm weather hits, your dog will likely want to indulge in the sunshine, so make sure your yard is a safe place for them to hang out and play. Along with picking up your dog’s poop, walk around your yard and pick up sticks, stones, branches, or anything else your dog may try to play with and chew.\n\n', 'Refresh Your Kitchen': 'Annual cleaning isn’t complete until you give your kitchen a good deep clean — and that includes your dog’s supplies as well. When did you last clean or replace your dog’s food dish or water bowl? While you don’t need to replace bowls regularly, consider purchasing new dishes if the bowls have been chewed or are too dirty to save.\n\nAKC is a participant in affiliate advertising programs designed to provide a means for sites to earn advertising fees by advertising and linking to akc.org. If you purchase a product through this article, we may receive a portion of the sale.\n\nYou should clean your dog’s bowls out at least every day, but it is always a good idea to give them a deep cleaning every so often.\xa0If your dog has a rug or mat under their dishes, clean that too.\n\n', 'Check Expiration Dates': 'While many of us remember to go through our pantries regularly to get rid of expired food, we don’t always remember to do the same for our dogs! Make sure to check your dog’s food, treats, and medications, and dispose of anything that’s expired.\n\n', 'Get Rid of the Dog Hair': 'If your dog sheds often, you likely know that stray strands and dander are among the biggest house-cleaning challenges. You’ll want to go over every corner and surface of your house with a pet hair vacuum.\n\nYou can also take preparatory steps to improve your chances of making a clean sweep. On carpets and upholstery, for example, a light misting with water and fabric softener, followed by a once-over with a stiff-bristled brush, can loosen and pull up embedded hairs. You can also go over surfaces with a lint roller or pet-hair remover\xa0after vacuuming. Once all your surfaces are free of pet hair, go over your fabrics and carpets with a fabric spray to finish the job.\n\n', 'Clean and Discard Old Toys': 'Decluttering is a crucial part of any cleaning. Along with organizing your closet, take a look at your dog’s toy basket. If the toys are dirty, give them a good clean with soap and water. Be sure to toss out any broken or potentially dangerous ones. Once you’re finished cleaning them, don’t forget to have fun replacing any toys you discarded.\n\nAKC is a participant in affiliate advertising programs designed to provide a means for sites to earn advertising fees by advertising and linking to akc.org. If you purchase a product through this article, we may receive a portion of the sale.\n\n', 'Wash Bedding, Blankets, and Collars': 'While you should wash your dog’s bedding and blankets on a regular basis, you can also give them an extra-thorough cleaning occasionally. Consider also cleaning the baseboards, carpet, and walls near areas where your dog sleeps or eats. Be sure to also give all your windows a good polish to wipe away nose and paw prints.\n\nThis is also a good time to thoroughly clean crates, carriers, collars, and leashes with a mild soap, like dishwashing detergent, and a highly diluted disinfectant. Many people do a final wipe-down with water, to reduce the chance of pets coming in contact with chemicals.\n\nAKC is a participant in affiliate advertising programs designed to provide a means for sites to earn advertising fees by advertising and linking to akc.org. If you purchase a product through this article, we may receive a portion of the sale.\n\n', 'Don’t Forget Grooming': 'Don’t forget the most important part: keeping your dog clean! Your dog should already have a regular grooming routine. But, after a long winter, their thick coat will begin to shed, which often requires special care. To refresh your grooming knowledge, take time to read our spring grooming tips\xa0and invest in safe, quality grooming products.\n\n', 'We use cookies': '', 'Privacy Preference Center': ''}",[]
https://www.akc.org/expert-advice/home-living/heated-beds-safe-dog/,Are Heated Beds Safe for Your Dog?,"Jan 20, 2026","['sleep', 'winter weather', 'dog beds', 'heated dog beds']",Nandini Maharaj,"As the temperature begins to drop, you might be looking for ways to keep your dog warm. A winter coat and waterproof booties can help with navigating icy sidewalks. But what about when your dog is indoors? Some dogs have thick fur coats but others including toy breeds, senior dogs, short-coated breeds, and dogs with certain medical conditions may need extra help with regulating their body temperature.

In This Article

One option is to purchase a heated dog bed or pet heating pad. Depending on your dog’s age and needs, there are plenty of heated dog beds to choose from. Understandably, you may have concerns about whether heated beds are safe for dogs and if they’re worth the investment. Before purchasing a heated dog bed, it’s a good idea to consult with your veterinarian. Read on about which dogs can benefit from heated beds, types of heated dog beds, and how to keep them clean.

","{'Which Dogs Should Use a Heated Bed?': '“Heated dog beds can benefit some dogs and for others, they’re not as necessary,” says Dr. Jerry Klein, DVM, Chief Veterinarian for the American Kennel Club. Some dog breeds have fluffy coats that are made to withstand cold-weather climates. These include the Alaskan Malamute, Bernese Mountain Dog, German Shepherd, Newfoundland, and Siberian Husky. If your dog doesn’t belong to one of these breeds or is getting older, they’re likely to be affected during the winter months.\n\nA heated dog bed can be helpful for senior dogs, particularly if they suffer from arthritis, hip dysplasia, circulation issues, spinal injuries, or other conditions that affect their joints, he says. The heat from the bed can help alleviate pain from sore muscles and stiff joints. However, your dog could be at risk of overheating or getting burned if they have mobility issues and can’t get up easily. Heated beds can also be a concern if kept inside a crate where your dog doesn’t have much room to maneuver.\n\nIt’s important to supervise your dog any time they’re using a heated dog bed or pet heating pad. In such cases, you may consider purchasing a heated orthopedic bed to provide an extra layer of comfort for your dog. Orthopedic dog beds contain memory foam, which tends to sag less and provides pressure relief for dogs with joint pain and inflammation.\n\nAKC is a participant in affiliate advertising programs designed to provide a means for sites to earn advertising fees by advertising and linking to akc.org. If you purchase a product through this article, we may receive a portion of the sale.\n\nAnother instance when dogs may benefit from a heated bed is if they have a thin coat or no fur. Small breeds and those with short and fine hair like a Boxer or Greyhound are good candidates for heated dog beds. These dogs tend to lose heat more quickly compared to dogs with thick and fluffy coats like a Saint Bernard.\n\n', 'Types of Heated Dog Beds': 'Heated beds come in a variety of styles, shapes, and materials, allowing you to pick one that’s suitable for your dog. If you decide to invest in a heated bed, you’ll need to consider your dog’s age, breed, and health. Here are some product features to keep in mind as you’re shopping for heated dog beds.\n\nAKC is a participant in affiliate advertising programs designed to provide a means for sites to earn advertising fees by advertising and linking to akc.org. If you purchase a product through this article, we may receive a portion of the sale.\n\nSome heated dog beds have an electrical cord that needs to be plugged into an outlet. If you’re looking for a bed to fit inside your dog’s crate or pen, make sure there’s enough space for your dog to move away from the bed if they get too hot. The product description can tell you if the bed is safe for indoor or outdoor use.\n\nElectric beds have adjustable temperature settings or a digital timer, so you can program the heat to go off at a specific time. These beds may also have a thermostat that adapts to your dog’s body temperature and prevents them from overheating. If you’re concerned about electrical cords and burns, another option is a heating pad that you can warm in the microwave and place under your dog’s bed or a blanket to keep them warm.\n\nIf your dog has a habit of chewing, a safer and low-tech alternative to electric beds is wireless or self-warming beds. The self-warming technology refers to the way these beds warm up to your dog’s body temperature. Since there are no cords or power sources, you don’t have to worry as much about your dog overheating, and you can use them 24 hours a day.\n\nAKC is a participant in affiliate advertising programs designed to provide a means for sites to earn advertising fees by advertising and linking to akc.org. If you purchase a product through this article, we may receive a portion of the sale.\n\nOne option for dogs who like to curl up when they sleep is a bolster or donut-shaped bed. Look for one with a cozy lining like faux shearling, shag fur, or microfleece. Your dog can use the walls of a donut bed to rest their head or elevate achy joints. If you’re using a self-warming bed inside a crate, make sure there’s enough room for your dog to move around and regulate their body temperature.\n\n', 'Safety Precautions for Heated Beds': 'Chances are, you may already have an electric blanket or heating pad designed for humans. While it might be tempting to share it with your dog, this isn’t a good idea. “Instead, you’ll want to get them their own heated dog bed since there are differences in our body temperatures,” Dr. Klein says. “Heated dog beds heat up to a safe temperature for a dog’s needs, and work on low voltage, making them safe for dogs.”\n\nWhen buying a heated dog bed, look for a chew-resistant cord and keep the cord out of your dog’s reach to avoid injury. Other safety features include an automatic power shutoff and a non-skid bottom to keep your dog from slipping and falling. If you’re using a heated dog bed for a puppy or senior dog, be extra careful and always supervise their use. Self-warming beds can be a safer option if your dog has a habit of chewing or has difficulty getting up or changing their position.\n\nAKC is a participant in affiliate advertising programs designed to provide a means for sites to earn advertising fees by advertising and linking to akc.org. If you purchase a product through this article, we may receive a portion of the sale.\n\n“Supervised use of heated dog beds is always the best way to go, and regular dog beds should be the go-to for overnight sleeping,” Dr. Klein says. “As always, follow any safety directions on the product to avoid possible injuries.” Even if your dog is in good health and has a fluffy coat, be mindful about letting them out in temperatures below 50 degrees. They should have a comfortable space to rest that offers protection from the wind and rain.\n\n', 'Cleaning and Maintaining Heated Dog Beds': 'Heated dog beds can be a welcome addition to homes with senior dogs, hairless or short-coated breeds, dogs with a medical condition, or those who enjoy being outside in the winter. To keep the bed in good condition, make sure to read the manufacturer’s instructions. Some heated dog beds come in a waterproof material, making it easier to clean up leaks and accidents. This material can also protect any electrical parts inside the bed.\n\nSelf-warming beds can be laundered in the same way as a regular dog bed. In the case of electric dog beds and heating pads, wait until the bed cools completely before folding or washing it. See if the electrical cord is detachable and whether it’s safe to submerge the bed in water. If the bed has a removable cover, check to see if it’s machine washable or requires handwashing.\n\n', 'We use cookies': '', 'Privacy Preference Center': ''}",[]
https://www.akc.org/expert-advice/home-living/choosing-right-dog-bed/,Choosing the Right Dog Bed for Your Dog,"Mar 04, 2026","['sleep', 'dog beds', 'heated dog beds']",AKC Staff,"There’s nothing more relaxing and rejuvenating than a good night’s sleep. This is true not just for people, but for dogs, too. Dogs sleep between 12 to 18 hours a day, depending on age. They deserve a comfy dog bed to snooze on just like you do.

Although you might find your pup snuggled at your side during the night, dogs should have a bed of their own. Then, even when you’re not there, they can relax in a spot that’s dedicated to them. If you don’t let your dog in your bed, it’s even more important for your pooch to have a cozy spot to sleep that isn’t the floor.

A great dog bed provides your pup a space that’s not only comfortable but also supportive and soft. Think about how you sleep best. Don’t you feel better on a comfy bed with your head supported by a soft, cloud-like pillow? There are a variety of features that make for a good dog bed, and they should come into consideration when shopping for one for your furry friend.

","{'A Good Dog Bed Supports Joints': 'As dogs age, they may develop problems like arthritis, hip dysplasia, and other joint issues. To help with these issues, a supportive dog bed is imperative to cushion your dog’s body and provide relief from the pain associated with age-related health problems. A comfy dog bed also supports the joints of developing puppies too, ensuring a good night’s rest.\n\nBeds that contain special interlocking fill materials ensure that the bed provides soft, supportive comfort for your dog’s body, especially the joints. This keeps pain for older dogs with arthritis to a minimum at night and during naps throughout the day.\n\n\n\nAKC is a participant in affiliate advertising programs designed to provide a means for sites to earn advertising fees by advertising and linking to akc.org. If you purchase a product through this article, we may receive a portion of the sale.\n\nDogs, like people, need good quality sleep to stay healthy. Not only that, but a good night’s rest improves your dog’s memory and can even make your pooch smarter, according to a study published in a 2017 edition of Scientific Reports. That’s because when dogs learn new training cues, they tend to do better in repeating those cues when they sleep properly. After all, when pups are well-rested, they have more energy to devote to learning.\n\nLike people, dogs also need a good night’s rest to stay healthy. This is especially important for older dogs and larger breeds who need a bit more sleep than their younger, smaller counterparts. A cozy bed that cushions their bodies encourages pups to go to sleep and to stay asleep throughout the night.\n\nA cozy dog bed should be an oasis for your dog, away from the hustle and bustle of your home. Dogs are den animals so they appreciate having a spot where they can relax.\n\nYou’ll want to choose a good dog bed that is an appropriate size for your pup. Naturally, large dogs need bigger beds than small ones.\xa0This ensures that your canine companion has more than enough space to stretch out and snooze. You can even place the bed within your pup’s crate. That way, it gives your pooch a cozy hide-a-way to hang out when they’re feeling stressed.\n\nAKC is a participant in affiliate advertising programs designed to provide a means for sites to earn advertising fees by advertising and linking to akc.org. If you purchase a product through this article, we may receive a portion of the sale.\n\nDogs can track in a lot of dirt and pests like fleas so it’s important that you can easily clean their dog bed. Look for a good dog bed with a removable cover that you can easily toss in the wash weekly. This helps keep dog hair, dander, and germs to a minimum.\n\nYou’ll also want a bed that itself is machine washable and dryable. This is especially important for older dogs who may have incontinence issues and young pups who are still potty training.\n\nLet’s face it- you love the feel of freshly washed bedding, and so does your dog. Having a clean spot to sleep is important. If the bed itself is simple to care for, it will make it snap to keep fresh for your pup.\n\nSometimes it’s comforting to have your dog sleep on your bed with you. But often, it can disturb your sleep if your pup is tossing and turning. Or, worse yet, your dog is a large breed who takes up most of your sleeping space.\n\nIt’s great to have your pup share your room but it’s best if your pooch has a cozy bed to sleep on away from your own bed. In fact, a study published in the 2017 edition of the Mayo Clinic Proceedings showed that having a dog sleep in your room improves your sleep, but having that pup sleep in the bed with you does not.\n\nThe way to make your bed and your own comfy pillows seem less appealing dogs is to get them a cozy bed of their own.\xa0You can even get your pup more than one bed to snooze on. Consider placing several around your home. This encourages your dog to hang out on these beds rather than on your furniture. It also means you’ll clean less dog hair off of your couches and chairs.\n\nAKC is a participant in affiliate advertising programs designed to provide a means for sites to earn advertising fees by advertising and linking to akc.org. If you purchase a product through this article, we may receive a portion of the sale.\n\n', 'Different Types of Dog Beds': 'Many different dogs, not just senior dogs, can benefit from orthopedic dog beds. While orthopedic dog beds can provide relief to senior dogs and dogs suffering from joint or hip pain, orthopedic beds are also great for dogs of all ages. Orthopedic dog beds can offer preventative care to younger dogs. When you’re searching for an orthopedic dog bed, it’s best to find one that’s durable and easy to clean. You may find ones made from egg-crate style foam or even memory foam dog beds. Both senior dogs and puppies have accidents, so finding a bed that is machine washable or has a waterproof removable cover is ideal.\n\nIf your dog loves to snuggle up next to you in bed, chances are they’ll also adore a pillow dog bed. These soft and plush dog beds are great for dogs who love to feel like they’re sleeping on a cloud. If they can’t curl up with you, a pillow dog bed is the next best thing!\n\nAKC is a participant in affiliate advertising programs designed to provide a means for sites to earn advertising fees by advertising and linking to akc.org. If you purchase a product through this article, we may receive a portion of the sale.\n\nElevated dog beds are perfect for dogs on the go and for so much more. These cot-style dog beds can help keep dogs cool and help support their joints. It’s important to find one one that’s durable, breathable, and easy to keep clean. Plus, they can be good options if you’re looking for an outdoor dog bed for hanging out in the yard.\n\nCovered dog beds are great options for dogs who get anxious and nervous. Burrowing beds are also great for small dogs who love to burrow under blankets and feel cozy. They’ll feel snug and secure in covered dog beds, like they’re in a small cave. It appeals to the same senses that prompts your dog to crawl under the covers in your bed.\n\nSome small dogs, puppies, or dogs with single coats can seek out warmth at any time of the year. You may look for a self-warming dog bed that helps these dogs feel more comfortable by reflecting their own body heat back at them while they sleep without the need for electricity. Other warming beds may plug in like an electric blanket you might use for yourself. Always use caution and supervision if choosing this kind of electric warming bed, especially if your dog is known to chew.\n\nWith a good dog bed, your dog will sleep more comfortably and generally feel better. Let your dog settle down for a sweet dream-filled snooze in comfort.\n\n', 'We use cookies': '', 'Privacy Preference Center': ''}",[]
https://www.akc.org/expert-advice/home-living/vacuums-for-dog-owners/,Shedding and Pet Hair: Benefits of Vacuuming Dog Hair,"Mar 17, 2026","['shedding', 'potty training', 'grooming']",Colt Dodd,"There’s no greater joy in life than having a dog. There’s also no task more daunting than continuously vacuuming their hair. Still, you don’t have to live with fur clinging to your floors, couch, and clothes. Instead, you can purchase a pet vacuum that’s designed to suck up those hairballs and reduce indoor allergens.

Not all vacuums are created equally. For example, did you know that upright vacuums have more powerful filtration than stick vacuums? Or that relying on a robot vacuum can save hours of cleaning time?

While you can’t stop your dog from shedding, an efficient vacuum can make it more manageable. Here, we break down the different types of pet vacuums, highlighting the features that are guaranteed to leave your house spotless.

","{'Pet Hair Vacuums Are Specially Designed for Dog Hair': 'Having a reliable pet vacuum is a must, whether you have a heavily-shedding Siberian Husky or a smooth-coated Dachshund. These devices do more than remove hair; they rely on powerful filtration systems to trap debris and ultimately promote good air quality.\n\nSome other advantages pet vacuums have include:\n\nAKC is a participant in affiliate advertising programs designed to provide a means for sites to earn advertising fees by advertising and linking to akc.org. If you purchase a product through this article, we may receive a portion of the sale.\n\nWhat’s more, pet vacuums are designed with durability in mind. They’re made for daily use and processing materials that would overwhelm your standard vacuum cleaner. As noted, they also have mechanisms that prevent above-average wear and tear from shortening the device’s lifespan.\n\n', 'Features of Pet Vacuums Offer Different Benefits': 'It’s understandable to feel overwhelmed by the number (and types) of pet vacuums available. The important thing to know is that there isn’t a runaway winner for “best pet vacuum.” The ideal product depends on your home and dog’s shedding level. Still, when making a decision, you may look for a pet vacuum that:\n\nAKC is a participant in affiliate advertising programs designed to provide a means for sites to earn advertising fees by advertising and linking to akc.org. If you purchase a product through this article, we may receive a portion of the sale.\n\nDepending on how often and heavily your dog sheds, you may opt to purchase multiple devices and use them alongside each other. For example, you may purchase a handheld vacuum to keep your car spotless but rely on an upright vacuum to clean your home’s rugs and carpet.\n\nAKC is a participant in affiliate advertising programs designed to provide a means for sites to earn advertising fees by advertising and linking to akc.org. If you purchase a product through this article, we may receive a portion of the sale.\n\n', 'Vacuum Filtration Systems': 'Filtration is equally as important as suction when purchasing a pet vacuum. That’s because you want more than a device to get rid of unwanted dog hair; you want a vacuum that promotes good air quality. After all, you don’t want a vacuum to expel tiny particulates and contaminate the air you breathe. You want to protect your dog from poor air quality and keep their respiratory system healthy.\n\nA powerful pet vacuum will have a high-efficiency particulate absorbing (HEPA) filter that removes 99.7% of dust, bacteria, and other airborne particles between 0.3 and 10 microns. For reference, a red blood cell measures six to eight microns, so very little gets past these filters. A HEPA-grade pet vacuum will capture everything from pet dander to dust mites, promoting both your home’s indoor “breathability” and overall health.\n\n', 'Robot Vacuums for Pet Hair: What to Know': 'Ever fantasize about having a robot maid, like from “The Jetsons”? With a robot pet vacuum, that can be a reality. Relying on a network of sensors, these automated assistants map out your home’s floorplan, then get to work sucking up dog hair. Some even come with apps that allow you to “zone off” certain areas and set daily schedules.\n\nWhen looking for a robotic pet vacuum that suits your lifestyle, consider the unit’s shape. For example, if you’re looking for a robot to keep an open-concept area clean (such as your living room), look for an O-shaped vacuum. If dog hair collects in the corners of your home, get a D-shaped vacuum for those angular areas.\n\nAKC is a participant in affiliate advertising programs designed to provide a means for sites to earn advertising fees by advertising and linking to akc.org. If you purchase a product through this article, we may receive a portion of the sale.\n\nAdditionally, you may look for a robotic vacuum that self-empties debris. With this level of autonomy, you don’t even have to worry about emptying it out, reducing your exposure to dust, pollen, and mold.\n\n', 'Common Concerns With Pet Vacuums': 'Even with all the benefits of owning a pet vacuum, these products can periodically experience certain issues – many of which you can address.\n\nAKC is a participant in affiliate advertising programs designed to provide a means for sites to earn advertising fees by advertising and linking to akc.org. If you purchase a product through this article, we may receive a portion of the sale.\n\nFor example, dog hair can get tightly wrapped around the brush rollers, reducing the vacuum’s overall efficiency. While admittedly frustrating, you can generally pop out these rollers and cut away the hair using scissors. If your dog sheds heavily, you may make this process part of your vacuum’s regular maintenance routine.\n\nTwo other addressable concerns with pet vacuums include:\n\nMany warranties cover factory-specific problems, such as faulty circuit boards and defective batteries. Check your product’s user manual to ensure you understand the terms and conditions. Some require that you register the product upon purchase to access the warranty’s coverage.\n\n', 'Maintaining Your Pet Vacuum Prevents Common Problems': 'Just like your dog, your pet vacuum requires a bit of maintenance to thrive. This isn’t regular grooming sessions and cuddles, though; it generally involves cleaning the filter, emptying the canister, and ensuring the roller brushes spin properly. If you have a robot pet vacuum, you may need to regularly update the software, making sure it’s on the latest version. Recalibrating the sensors is also advised.\n\nAKC is a participant in affiliate advertising programs designed to provide a means for sites to earn advertising fees by advertising and linking to akc.org. If you purchase a product through this article, we may receive a portion of the sale.\n\nWith periodic maintenance, you do more than get the most out of your pet vacuum. You also put your and your dog’s health first. Regularly vacuuming dog hair reduces airborne particulates and promotes good indoor air quality. Within just a few uses, you could see a marked improvement in your dog’s breathing, energy levels, and quality of life.\n\n', 'We use cookies': '', 'Privacy Preference Center': ''}",[]
https://www.akc.org/expert-advice/home-living/id-tags-enough-importance-identifying-dog/,Are ID Tags Enough? The Importance of Identifying Your Dog,"Mar 10, 2026","['safety', 'microchipping', 'lost dog', 'identification']","Stephanie Gibeault, MSc, CPDT","It happens every day. Dogs escape from the yard, slip their leash, or in some way go missing. There are steps you can take to find your lost dog, but part of being a responsible dog owner is ensuring your dog can be identified and returned to you if you ever get separated. In fact, it’s important the person who finds your lost dog can get in touch with you as easily as possible. The harder it is for people to identify you and your dog, the less likely your dog will make it home. A dog ID tag is essential, but it’s not enough on its own. Read on for more information about the various ways of identifying your dog, how they work, and what they cost.

","{'Collars and ID Tags': 'They might be low tech, but a collar and ID tag are your first line of defense against losing your dog. They’re the universal symbol that your dog has a home and family. The person who finds your dog might not even be aware of the other forms of ID like microchips for dogs or tattoos. Therefore, your dog should always be wearing a collar with ID whenever it’s safe to do so.\n\nSpace on an ID tag is usually limited to two to four lines of text, so choose your information carefully. For example, if your dog has a serious health condition, that might be more important to include than your dog’s name. Some key items to consider including are:\n\nAnother option is a personalized collar that has your phone number or other information embroidered into the fabric.\n\n', 'High Tech ID Tags': 'The benefit of a dog tag is that it can be read without needing special equipment. But technology hasn’t ignored the dog market. For a few bucks more than a regular ID tag, you can purchase a USB dog tag. There are also tags with QR codes. When somebody reads the code with their phone, they’re taken to a website with a profile containing your dog’s information. Such a service will likely require a monthly subscription fee. You can also attach a device like a Tile or AirTag to your dog’s collar.\n\nAKC is a participant in affiliate advertising programs designed to provide a means for sites to earn advertising fees by advertising and linking to akc.org. If you purchase a product through this article, we may receive a portion of the sale.\n\nFinally, there are GPS smart collars that allow you to track your dog’s location with an app on your phone. They cost under $150 but do require an additional fee for the monthly service plan. However, other people can’t read the collar and battery life is a factor.\n\n', 'Microchips': 'Collars can fall off and tags can break, leaving your dog without ID. That’s why your dog should have permanent backup identification as well. A microchip is a fantastic option. Although they sound like something from a science fiction movie, microchips are safe and reliable. They’re quite small, about the size of a grain of rice, and are implanted between your dog’s shoulder blades. The procedure is much like a vaccine injection – quick and nearly painless. Once the chip is in place, your dog has a lifelong and internationally recognized method of identification.\n\nAKC is a participant in affiliate advertising programs designed to provide a means for sites to earn advertising fees by advertising and linking to akc.org. If you purchase a product through this article, we may receive a portion of the sale.\n\nHowever, the microchip doesn’t contain any information about you or your dog. It simply has a unique ID number that you have to link to your information. That means you’ll need to register the number with a pet registration service and provide them with all your contact details.\n\nYou can’t track your dog using the microchip. It isn’t a GPS device. But whenever your pet is scanned with a handheld microchip scanner, such as at the vet or an animal shelter, the ID number will come up. Then the person scanning your dog can look up the number in the associated pet registration service. The scanner doesn’t hurt your dog. It simply reads the microchip and your dog won’t even notice.\n\n', 'Tattoos': 'Another way to permanently ID your dog is a tattoo, usually applied under the ear or on the belly or inner thigh. The tattoo is a code of numbers and letters that’s then registered with a pet registration service. It generally costs under $100 for the application of the tattoo plus the registration fee. Unlike a microchip, the tattoo can be read without special equipment. It’s there for anybody to see. At least if they know to look for one.\n\nAKC is a participant in affiliate advertising programs designed to provide a means for sites to earn advertising fees by advertising and linking to akc.org. If you purchase a product through this article, we may receive a portion of the sale.\n\nHowever, a vet or specialist must apply the tattoo, and your dog may need to be sedated. In addition, the tattoo can fade over time or become overgrown with fur. It may also be more difficult to ensure the tattoo code is unique to your dog. It also isn’t an internationally traceable form of ID like a microchip. Finally, thieves can easily alter the tattoo. With the ease and safety of microchips, they’re often considered a preferable option over tattooing.\n\n', 'Pet Registries': 'Both tattoos and microchips rely on registering your pet with a pet registration service like AKC Reunite. The registry maintains a database of your information, so if you move or change phone numbers it’s essential that you update your info with the registry. However, your pet won’t need a new microchip or tattoo. When your pet’s ID number is entered into the database, your contact information will pop up and your pet can be returned to you.\n\nAKC Reunite links all your dog’s ID information like a tattoo code or microchip number under your dog’s AKC registration number. They also provide you with a custom collar tag that’s printed with your dog’s registration number and their toll-free pet recovery service phone number. When anybody calls the number to report finding your dog, the service will call, email, and text you immediately. Plus, they enroll any brand of microchip and don’t charge annual fees.\n\nAKC is a participant in affiliate advertising programs designed to provide a means for sites to earn advertising fees by advertising and linking to akc.org. If you purchase a product through this article, we may receive a portion of the sale.\n\n', 'We use cookies': '', 'Privacy Preference Center': ''}",[]
https://www.akc.org/expert-advice/home-living/how-to-help-an-adult-dog-adjust-to-a-new-home/,How to Help an Adult Dog Adjust to a New Home,"Feb 23, 2023","['anxiety', 'aging', 'multi-dog household', 'rescued dogs']",Harriet Meyers,"You’re bringing home a new dog. You’ve searched for the right adult dog to become a member of your family. After careful thought and planning, the day has come.

It’s important to recognize that, although you had a chance to think this through, your new dog has no idea that an unknown family, strange household, and different expectations are about to become his new reality. The dog will need at least a few months to develop trust, feel comfortable, and learn his role.

Here are a few suggestions to help you make your new canine pal feel at home.

","{'Plan Ahead': 'A dog with big brown eyes who lies quietly in the corner may pluck at your heartstrings, but try to resist until you’ve asked yourself these questions:\n\n\n\nAKC is a participant in affiliate advertising programs designed to provide a means for sites to earn advertising fees by advertising and linking to akc.org. If you purchase a product through this article, we may receive a portion of the sale.\n\n', 'Day One': 'You won’t know how your dog will act in the car, so confining him with a crate or a seatbelt harness is a good idea. Take someone else along to allow you to ride near the dog.\n\nAKC is a participant in affiliate advertising programs designed to provide a means for sites to earn advertising fees by advertising and linking to akc.org. If you purchase a product through this article, we may receive a portion of the sale.\n\n', 'Orientation Period': 'Continue a daily routine. Dogs are creatures of habit, and they’re most relaxed when they know what to expect of you and what you expect of them.\n\n\n\nAKC is a participant in affiliate advertising programs designed to provide a means for sites to earn advertising fees by advertising and linking to akc.org. If you purchase a product through this article, we may receive a portion of the sale.\n\n', 'Getting Onboard': 'Stay calm and patient, warm and welcoming. A dog who’s anxious and insecure in a new environment can take months to show trust and affection.\n\n', 'Bottom Line': 'Patricia McConnell, animal behaviorist, ethologist, and author of Love Has No Age Limit: Welcoming an Adopted Dog into Your Home, says many dog trainers and behaviorists, when welcoming a new adult dog into their household, believe in the magic of threes.\n\n“For the first three days, dogs are often in a bit of shock, and don’t show you too much about who they are until they’ve been there a few days. After three weeks, many dogs have settled and behave as though they feel like they are home now, but they really don’t fit into your routine until about three months have gone by.”\n\nAKC is a participant in affiliate advertising programs designed to provide a means for sites to earn advertising fees by advertising and linking to akc.org. If you purchase a product through this article, we may receive a portion of the sale.\n\nGive it time. Remember, even if you’re doing everything right, a new adult dog may take a while to feel at home. But it’s worth the wait.\n\n', 'We use cookies': '', 'Privacy Preference Center': ''}",[]
https://www.akc.org/expert-advice/home-living/carpet-cleaning-with-dog/,How To Keep Your Carpet Clean With a Dog,"May 12, 2026","['allergies', 'carpet', 'house training']",Shaw Floors,"Paid Advertisement

Dog owners often find themselves choosing between a home that’s decorated for their own comfort and style, and one that can withstand life with dogs. How many of us throw an old blanket on our beautiful sofa, so the dog can watch TV with us, and then pull it off when company comes?

The question of balancing style and practicality often comes up when you are remodeling, renovating, or decorating your home. One of the more important decisions you’ll make as a dog owner will involve flooring. Luckily, there are ways to keep your carpets clean (and yourself sane) even with the messiest pets.

","{'Advantages of Carpet for Dogs': 'The choice is easier in rooms that naturally get a lot of wear and tear, such as kitchens, mudrooms, and bathrooms. But what about rooms where you dream of having some plush carpeting under your feet, but hesitate because you have dogs? There actually are some advantages to carpet when it comes to dogs.\n\nUnlike hard-surface floors, dogs won’t slip and slide on it, especially puppies that have not yet found their grown-up balance. Unlike hardwood, laminate, vinyl, or tile, carpets won’t accumulate scratches and scuff marks, so there’s no more worrying about damage from pets’ paws and claws. Carpeting is also noise-muffling, which is especially nice in upstairs rooms or apartments. You can choose the color and style you want. Plus, your dog will appreciate having a soft, warm place to snooze.\n\n', 'Types of Carpeting for Homes With Dogs': 'Once you’ve decided that carpeting is right for you, select one that can withstand the usual dirt and occasional accidents that come with living with dogs. You’ll want:\n\nAKC is a participant in affiliate advertising programs designed to provide a means for sites to earn advertising fees by advertising and linking to akc.org. If you purchase a product through this article, we may receive a portion of the sale.\n\nOnce you find the perfect carpeting, invest in regular a carpet cleaning service\xa0to prevent long-term wear and tear on carpet fibers. The longer you wait to clean for things like spots or traffic patterns, the more likely your carpet is beyond repair.\n\nRemember that all carpets are different — that’s why professional services have expert technicians to make sure your carpet is cleaned to its specific needs.\n\n', 'How to Keep Carpets Clean With Dogs': 'You’ll never keep all the dirt and mud off of your dog. However, you can follow a few tips to help keep your carpets clean when you live with dogs.\n\nAKC is a participant in affiliate advertising programs designed to provide a means for sites to earn advertising fees by advertising and linking to akc.org. If you purchase a product through this article, we may receive a portion of the sale.\n\nAKC is a participant in affiliate advertising programs designed to provide a means for sites to earn advertising fees by advertising and linking to akc.org. If you purchase a product through this article, we may receive a portion of the sale.\n\nNo matter how careful you are, all dogs make messes or have accidents at some point. Finding a professional, pet-safe cleaning service is key to keeping your home clean and your pet healthy. Some cleaning services are EPA Safer Choice recognized, meaning they are safe for both you and your pets. Some carpet cleaning services also offer upholstery cleaning, odor removal, and professional spot/urine removal as add-ons.\n\nIf you’re concerned about allergens that come with having a dog, professional carpet cleaning can remove common household allergens from carpet. Take the fear away from letting your dog on the carpet or furniture by using a pet-safe professional cleaning service.\n\nWe all make some compromises when we share our home with a dog, whether that means never leaving food on the counter, making room in the bed, or designating one armchair as “the dog’s chair.” But you don’t have to compromise when it comes to flooring. Your family can enjoy the comfort of a soft carpet, and you won’t have to gate off a room for fear of what your dog will do to the carpeting. Your dog can come in and enjoy family life with you, worry-free.\n\n', 'We use cookies': '', 'Privacy Preference Center': ''}",[]
