url,title,updated_date,tag_list,author,intro,full_content,faq
https://www.akc.org/expert-advice/lifestyle/evaluate-gps-dog-fence/,How to Evaluate a GPS Dog Fence: What Actually Matters for Your Dog’s Safety,"Apr 27, 2026",[],SpotOn,"Paid Advertisement

GPS dog fences, sometimes called wireless dog fences or virtual dog fences, are becoming a popular option for dog owners who want a flexible way to create boundaries without installing a traditional physical fence. But as more products enter the market, it can be difficult to know what matters most when choosing a system that is accurate, reliable, and fair for your dog.

When comparing GPS dog fence systems, the most important thing to understand is that features aren’t everything. It’s about consistency. A containment system only works when it is predictable for your dog and dependable for you.

Below is a practical framework to help you compare GPS dog fences and choose the right option for your home, your property, and your dog.

","{'What Is a GPS Dog Fence?': 'A\xa0GPS dog fence uses satellite signals to create a virtual boundary on a map. Instead of burying a wire underground (as with a traditional wired “invisible fence”), a GPS fence lets you draw a boundary using a smartphone app. When a dog approaches the boundary, the collar sends audible alerts designed to teach the dog where the boundary is.\n\nBecause GPS dog fences don’t require digging or permanent installation, they can be especially appealing for large properties, rural homes, and owners who want flexibility.\n\n', 'How to Decide on a GPS Dog Fence': 'When comparing GPS dog fence systems, focus on five core areas:\n\n“Accuracy” means the\xa0virtual\xa0fence line\xa0stays where you put it.\n\nAll GPS devices experience\xa0a\xa0degree of\xa0GPS drift. Drift can occur because satellite signals are affected by things like tree canopy, tall buildings, and the angle of satellites in the sky. If you’ve ever used GPS directions in a city and noticed your phone thinks you’re across the street, you’ve experienced\xa0GPS\xa0drift.\n\nAKC is a participant in affiliate advertising programs designed to provide a means for sites to earn advertising fees by advertising and linking to akc.org. If you purchase a product through this article, we may receive a portion of the sale.\n\nYou can think about\xa0GPS drift\xa0like the ocean’s tides. The tide rises and falls in predictable patterns based on the moon’s position. GPS signals behave similarly: as satellites move in orbit, signal positions may shift slightly. Just as high tide and low tide stay within a reasonable range along the shoreline, GPS drift typically stays within a defined tolerance range. On some days the “waterline” may sit a bit further out than others, but it should never unexpectedly surge far beyond its expected limits.\n\nFor a GPS dog fence, drift matters because the boundary needs to remain stable. The less drift, the more predictable the system is for your dog.\n\nQuestions to ask:\n\n\n\nAKC is a participant in affiliate advertising programs designed to provide a means for sites to earn advertising fees by advertising and linking to akc.org. If you purchase a product through this article, we may receive a portion of the sale.\n\nReliability is\xa0different than\xa0accuracy. A fence can be\xa0accurate\xa0on a\xa0map, but still be unreliable in real life if\xa0the\xa0alerts\xa0don’t\xa0trigger consistently.\n\nIt’s also important to understand how a system structures\xa0what’s\xa0called\xa0“warning zones.” Some GPS dog fences are designed with multiple warning zones ahead of the boundary line, giving a dog multiple opportunities to respond before reaching the edge. Other systems may use narrower warning zones that offer less time for a dog to react. From a training perspective, clear and proactive warning zones can give a dog more opportunity to make the right choice before reaching the boundary.\n\nA reliable GPS dog fence should provide warnings\xa0at\xa0the right place\xa0and\xa0time, every time. This consistency teaches\xa0your dog to learn the boundary through repetition. If alerts trigger inconsistently, it can\xa0be confusing during training. Inconsistent alerts can also lead to unfair experiences for a dog, because the system may feel unpredictable.\n\nQuestions to ask:\n\n\n\nAKC is a participant in affiliate advertising programs designed to provide a means for sites to earn advertising fees by advertising and linking to akc.org. If you purchase a product through this article, we may receive a portion of the sale.\n\nMany owners worry that GPS dog fences\xa0won’t\xa0work in wooded areas.\xa0In some cases, this could be an issue.\xa0GPS performance varies by product and\xa0by\xa0environment.\n\nTree canopy, terrain changes, and nearby buildings can affect GPS signal quality. Some systems handle these conditions better than others,\xa0depending on their GPS hardware and how the system filters GPS drift.\n\nIf you live in a rural area, have heavy tree cover, or want a fence that works across varied terrain, environmental performance should be a priority\xa0when looking for a GPS fence.\n\nAKC is a participant in affiliate advertising programs designed to provide a means for sites to earn advertising fees by advertising and linking to akc.org. If you purchase a product through this article, we may receive a portion of the sale.\n\nQuestions to ask:\n\n\n\nA GPS dog fence should support humane learning. Dogs learn boundaries through consistency, repetition, and clear expectations. The most important training factor is predictability. A system that provides consistent warnings and clear boundaries\xa0helps a dog\xa0get the hang of boundaries\xa0more quickly and reduces confusion.\n\nAKC is a participant in affiliate advertising programs designed to provide a means for sites to earn advertising fees by advertising and linking to akc.org. If you purchase a product through this article, we may receive a portion of the sale.\n\nTraining is just as much of a learning experience for you as the dog owner as it is for your dog. Think about what you\xa0will need to feel supported and confident. For most GPS dog collars, much of the training content is delivered through the app with written training instructions as a supplement. Some companies offer more personalized support with one-on-one sessions with certified dog trainers, but these options will vary greatly depending on which GPS dog fence you choose. Access to individualized training guidance can make a meaningful difference, especially for first-time users.\n\nOwners should look for systems that emphasize training support and clear guidance on how to introduce boundaries safely.\n\nQuestions to ask:\n\n\n\nAKC is a participant in affiliate advertising programs designed to provide a means for sites to earn advertising fees by advertising and linking to akc.org. If you purchase a product through this article, we may receive a portion of the sale.\n\nA GPS dog fence is only as good as its setup. A system should make it easy to map a boundary accurately and manage daily use. While GPS fences should work well for dogs, they also need to work well for dog owners. Unclear processes for owners can lead to confusion in dogs, and\xa0could create a greater learning curve for the dog.\n\nOwners should look for a system with:\n\nQuestions to ask:\n\n', 'Why Independent Testing Matters': 'One of the\xa0best ways to feel confident about your GPS fencing\xa0is independent, third-party testing.\xa0Testing conducted across multiple real-world environments\xa0is ideal. Independent testing can help\xa0confirm\xa0whether\xa0the fence remains\xa0consistent in conditions like tree canopies\xa0and near buildings.\n\nAKC is a participant in affiliate advertising programs designed to provide a means for sites to earn advertising fees by advertising and linking to akc.org. If you purchase a product through this article, we may receive a portion of the sale.\n\nSome\xa0GPS fence\xa0companies have begun publishing independent testing results to provide greater transparency around how their systems perform. SpotOn GPS Fence\xa0has released\xa0third-party testing conducted in multiple environments to help illustrate how its virtual boundary performs under real-world conditions. For owners researching GPS dog fences, access to this kind of data can make it easier to decide which GPS fence is right for them.\n\nWhen reviewing testing claims, look for:\n\nBefore choosing a GPS dog fence, ask:\n\n', 'Choose Your GPS Dog Fence with Confidence': 'A GPS dog fence can be a safe and effective containment\xa0option\xa0when it’s accurate, reliable, and predictable for your dog.\xa0The best choice is the one that matches your property, supports humane training, and performs consistently in the environments where you will use it. When evaluating systems, prioritize stability and reliability — because for dogs, consistency is what builds confidence and safety.\n\nAKC is a participant in affiliate advertising programs designed to provide a means for sites to earn advertising fees by advertising and linking to akc.org. If you purchase a product through this article, we may receive a portion of the sale.\n\nAs GPS fencing technology continues to evolve, some systems are beginning to reflect the evaluation principles outlined above more fully than others. SpotOn GPS Fence\xa0was developed with a strong emphasis on boundary accuracy, consistent warning behavior, and environmental performance across different terrains. With structured training guidance, this GPS dog fence system can provide flexibility for owners and clarity for dogs learning the boundaries.\n\n', 'We use cookies': '', 'Privacy Preference Center': ''}",[]
https://www.akc.org/expert-advice/lifestyle/common-questions-gps-dog-fences/,Common Questions About GPS Dog Fences and What Dog Owners Should Know,"Apr 27, 2026","['fence', 'gps fence', 'home safety']",SpotOn,"Paid Advertisement

GPS dog fences, sometimes called wireless dog fences or virtual dog fences, are becoming more common. This also means that curiosity — and questions — around them have increased. Because GPS dog fence systems are newer than traditional fencing and wired boundary systems, it’s natural for dog owners to wonder how they compare. Where do GPS dog fences fall in terms of accuracy, reliability, cost, and overall effectiveness when compared to physical fencing?

Many questions show up repeatedly in search queries. When looking for a fencing solution for your dog, the answers to these questions can influence your decision. Learn more about these common questions and how each fencing type works.

","{'Are Traditional Fences the Most Secure Option?': 'You might think that a physical fence automatically provides the highest level of security, but no containment method is completely escape-proof.\n\nA study published in the Journal of the American Veterinary Medical Association examined escape rates among dogs using various containment methods. Researchers found that 23% of dogs confined by traditional fencing had escaped at some point.\n\nWhile physical fences are effective, they aren’t completely foolproof. Physical fences can fail for several reasons:\n\nPhysical fencing isn’t ineffective, but escape risk exists across methods. What matters most for dog owners is how consistently a boundary holds and how predictable it is for the dog.\n\n', 'How Accurate Are GPS Dog Fences?': 'Accuracy is one of the most common concerns surrounding GPS dog fences. It helps to understand the two different factors involved: accuracy and reliability.\n\nAKC is a participant in affiliate advertising programs designed to provide a means for sites to earn advertising fees by advertising and linking to akc.org. If you purchase a product through this article, we may receive a portion of the sale.\n\nAccuracy means the boundary shows up where you put it on the map. Because GPS relies on satellite signals, all systems experience minor signal variation, sometimes called “GPS drift.” Modern GPS dog fence systems are designed to manage that variation within predictable tolerance ranges so the boundary stays close to where it was drawn.\n\nReliability is a separate and equally important factor. Reliability refers to whether the system’s alerts and boundary signals when and where they are supposed to. Even if a boundary is accurately mapped, the system must consistently deliver its warnings and cues at the right time so the dog can understand and anticipate the boundary.\n\nAKC is a participant in affiliate advertising programs designed to provide a means for sites to earn advertising fees by advertising and linking to akc.org. If you purchase a product through this article, we may receive a portion of the sale.\n\nBoth accuracy and reliability matter. Dogs learn boundaries through repetition and predictability. A system that keeps the boundary stable and consistently delivers its corrections helps dogs learn the limits more quickly and reduces confusion.\n\nWhen evaluating a GPS dog fence, look for:\n\n', 'How Reliable Are Wired Underground Fence Systems?': 'Buried-wire fence systems have been widely used for decades. But that doesn’t mean they’re completely secure, either. The same JAVMA study also found that 44% of dogs in buried-wire systems had escaped at some point.\n\nAKC is a participant in affiliate advertising programs designed to provide a means for sites to earn advertising fees by advertising and linking to akc.org. If you purchase a product through this article, we may receive a portion of the sale.\n\nUnderground wire systems can be affected by:\n\nReliability of a fencing system should be evaluated based on measurable performance. Whether a system uses wire or GPS, consistency and transparency are key to indicate effectiveness.\n\n', 'Do GPS Fences Work in Wooded Areas?': 'High-quality GPS dog fences are engineered to handle these environments more reliably, while the lower-quality systems are better suited for open areas. Lower-quality GPS fences often use less advanced components, which makes it harder for them to maintain accuracy in areas where GPS signals are challenged, like wooded areas.\n\nGPS dog fences are engineered to perform in more challenging environments. Other fencing may be better suited for open areas.\n\nOwners who live in rural or wooded locations should ask:\n\nAKC is a participant in affiliate advertising programs designed to provide a means for sites to earn advertising fees by advertising and linking to akc.org. If you purchase a product through this article, we may receive a portion of the sale.\n\nReal-world testing of fencing types in different environments is one of the strongest indicators of effective fencing and can help you make the right choice for you and your dog.\n\n', 'Are GPS Fences Expensive?': 'With any type of fencing, cost is an important consideration. But comparing different containment solutions isn’t always as straightforward as one price versus another.\n\nAKC is a participant in affiliate advertising programs designed to provide a means for sites to earn advertising fees by advertising and linking to akc.org. If you purchase a product through this article, we may receive a portion of the sale.\n\nTraditional fencing costs can vary widely depending on materials, terrain, installation, and region. Industry guides often estimate wood fencing in the several-thousand-dollar range, with chain-link fencing also varying by project size and location. Rocky soil or large acreage can also significantly increase costs. In most cases, you’ll also need to pay a professional to install the fence.\n\nBuried-wire systems may involve equipment costs plus professional installation, which can vary by property size.\n\nGPS dog fences typically involve an upfront hardware cost. Some systems include optional subscription plans for tracking features, while others require ongoing service plans to operate the system at all.\n\nRather than focusing only on upfront price, it can be helpful to consider what you need for what you have:\n\nThe best fencing option for you depends on the specific property and long-term needs.\n\n', 'Evaluating GPS Dog Fences with Clarity and Confidence': 'It’s natural to have questions about new technology, like GPS dog fences. But asking the right questions can help you choose the right fencing type for you.\n\nWhen evaluating a containment method, focus on:\n\nAKC is a participant in affiliate advertising programs designed to provide a means for sites to earn advertising fees by advertising and linking to akc.org. If you purchase a product through this article, we may receive a portion of the sale.\n\nSpotOn GPS Fence seeks to raise the bar for transparency and performance. SpotOn was developed with input from experienced dog trainers and supported by independent testing and published performance data. The system is designed to help owners understand how virtual boundaries perform in real-world environments. For dog owners comparing options, this level of transparency can make it easier to evaluate GPS fence accuracy, reliability, and training support when choosing a containment solution.\n\nNo system can eliminate escape risk of escape entirely. What matters most is predictability, transparency, and alignment with your property and your dog’s behavior.\n\nBy understanding the each fencing type and looking at the data and design behind each system, dog owners can make informed decisions about the containment method that best fits their home.\n\n', 'We use cookies': '', 'Privacy Preference Center': ''}",[]
https://www.akc.org/expert-advice/lifestyle/snoopy-facts-you-may-not-know/,Snoopy Facts You May Not Know,"Oct 06, 2025","['beagle', 'snoopy']",Melanie Haid,"Snoopy and Peanuts are turning 75 in 2025! This famous cartoon dog is one of the most iconic members of the Peanuts gang. But there’s some things you may not know about this character. Read on for some Snoopy fun facts!

","{'Snoopy was the First Fictional AKC-Registered Dog': 'For Snoopy, the AKC made an exception to its rule that dogs must be real to be registered. The AKC gave him the honorary number of Beagle-1. He was, and remains, the first AKC-registered fictional dog.\n\nSnoopy no doubt played a large role in bringing the Beagle to the top of the AKC charts in 1953, after trailing behind the Cocker Spaniel for six years.\n\n', 'Snoopy is a Beagle!': 'If you’ve ever wondered what breed the famous cartoon dog was, you have your answer! While Snoopy may not look like your typical Beagle, he was confirmed as a member of the breed about a decade after he made his first appearance in the comic strip.\n\nAKC is a participant in affiliate advertising programs designed to provide a means for sites to earn advertising fees by advertising and linking to akc.org. If you purchase a product through this article, we may receive a portion of the sale.\n\n', 'Snoopy’s Breed Wasn’t Confirmed for a Decade': 'Snoopy wasn’t specifically designated as a member of any breed when Charles Schulz debuted him in the comics. In fact, Snoopy was actually just based on Schulz’ childhood dog, “Spike,” who he modeled Snoopy’s character after.\n\n“Spike, however, was not really a Beagle when the strip first began,” Schulz says in in his book, “Around the World in 45 Years: Charlie Brown’s Anniversary Celebration,” published in 1994. ” think it took Snoopy almost the better part of 10 years before he was labeled a Beagle, simply because I think the word Beagle is a good word.” And that, we’d say, it is.\n\n', 'Snoopy Had a Previous Owner': 'Snoopy wasn’t only Charlie Brown’s dog – something that was actually not confirmed until September 1, 1958, eight years after the comic strip debuted. Later, in the 1972 movie “Snoopy Come Home,” Snoopy is depicted as a dog that Charlie Brown got with his parents from the Daisy Hill Puppy Farm.\n\nAKC is a participant in affiliate advertising programs designed to provide a means for sites to earn advertising fees by advertising and linking to akc.org. If you purchase a product through this article, we may receive a portion of the sale.\n\nIn “Snoopy Come Home,” he visits his previous home, and reconnects with Lila, his previous owner. In the film, he weighs whether to stay with her, or go back home to Charlie Brown. He is conflicted, but goes with her to her new apartment, where he sees a sign that says “NO DOGS ALLOWED,” and returns home to Charlie Brown, relieved.\n\n', 'Snoopy Has Seven Siblings': 'Though in a 1959 comic strip, Snoopy referred to himself as an “only dog” (like an only child), it was later revealed that he had siblings. And not just any number of siblings – Snoopy was one of eight! His siblings include Spike, Bella, Olaf (or “Ugly Olaf”), Marbles, Andy, Molly, and Rover.\n\nThis is not uncommon for Beagle litters in real life either. Most Beagle litters are between 1 to 10 puppies, but usually average about six. The largest known Beagle litter was 13 puppies!\n\n', 'Snoopy Wasn’t in the First Peanuts Strip': 'While Snoopy was one of the original four members of the Peanuts comic strip, he wasn’t in the first two comics. He made his debut on October 4, 1950, two days after the first Peanuts strip on October 2. The other original Peanuts characters include, of course, Charlie Brown, as well as Patty and Shermy.\n\nAKC is a participant in affiliate advertising programs designed to provide a means for sites to earn advertising fees by advertising and linking to akc.org. If you purchase a product through this article, we may receive a portion of the sale.\n\nBut he wasn’t named Snoopy right away either. It wasn’t until November 10, 1950, that Snoopy was named in the comic strip, and not until 1952 that his thought bubbles began to voice his inner monologue in the comics.\n\n', 'Snoopy Has a Star on the Hollywood Walk of Fame': 'Snoopy may have been around for over 75 years, but he actually got his star on the Hollywood Walk of Fame just over a decade ago. Snoopy’s Hollywood Walk of Fame Star was presented in 2015, right next to Schulz’s star, which he received in 1996.\n\nSnoopy’s star is the 2,563rd star on the Hollywood Walk of Fame, which now has over just over 2,800 stars. His star depicts him in the comic book strip backyard, and he is the first Beagle to receive a star on the Walk of Fame.\n\nAKC is a participant in affiliate advertising programs designed to provide a means for sites to earn advertising fees by advertising and linking to akc.org. If you purchase a product through this article, we may receive a portion of the sale.\n\n', 'Snoopy Has Many Different Personas': 'Snoopy is known for his imagination. He has many different aliases, some, like the World War I Flying Ace, more popular than others. Creator Charles Schulz has said, “he can win or lose, be a disaster, a hero, or anything, and yet it all works out. I like the fact that when he’s in real trouble, he can retreat into a fantasy.”\n\nAKC is a participant in affiliate advertising programs designed to provide a means for sites to earn advertising fees by advertising and linking to akc.org. If you purchase a product through this article, we may receive a portion of the sale.\n\nOther alter egos of Snoopy’s include Joe Cool, World Famous Author, Masked Marvel, Flashbeagle, Joe Motocross, and more. He considers himself, in his vivid imagination, often “world famous” in many regards.\n\n', 'Snoopy is a NASA Mascot': 'Snoopy became, among his other alter egos, a mascot for NASA in 1968. He joined as the mascot for the Manned Flight Awareness program, which began five years prior. It is now called the Space Flight Awareness Program, and aimed to boost morale after three astronauts were killed in the Apollo I fire. There was a new and strict emphasis on safety, and after NASA had seen Snoopy’s chops as an Olympic skier and World War I Flying Ace, they knew he’d be up to the challenge.\n\nSchulz was so flattered by the proposal that he accepted and donated all of the strips depicting Snoopy’s astronaut adventures free of charge. Snoopy is even presented as an award in the form of the Silver Snoopy, which began in 1968, to recognize those who made valuable contributions to safety and mission assurance programs.\n\n', 'Snoopy is Not a Standard Colored Beagle': 'While the original comic is in black and white, colorized versions of the Peanuts characters also exist. Charlie Brown’s iconic yellow shirt and Snoopy’s red collar, are both now synonymous with their characters. But even before the comic strip was reimagined in color, Snoopy was always black and white.\n\nStandard Beagle colors recognized by the AKC are Black Red & White, Blue Tan & White, Black & Tan, Black Tan & Bluetick, Black Tan & White, Black White & Tan, Brown & White, Brown White & Tan, Lemon & White, Tan & White, and Red & White.\n\n', 'Snoopy Was Voted Top Dog in Pop Culture': 'In 2009, as part of the American Kennel Club’s 125th anniversary celebration, a vote was cast to determine the No. 1 dog in pop culture. Snoopy, to no surprise, took home the crown.\n\nAKC is a participant in affiliate advertising programs designed to provide a means for sites to earn advertising fees by advertising and linking to akc.org. If you purchase a product through this article, we may receive a portion of the sale.\n\nHe was voted top dog, rightfully so, as his cultural significance spans decades and continues to remain at the forefront of pop culture. Whether you’re in the United States or Japan, you’re sure to find some sort of Snoopy memorabilia.\n\nIn second place was Texas A&M’s “Reveille,” followed by Scooby Doo. Other popular fictional dogs that made the list were the dogs in the painting “Dogs Playing Poker,” and “Brian Griffin” from the TV show Family Guy.\n\nSnoopy was voted number one dog in pop culture in 2009, as part of the American Kennel Club’s 125th anniversary.\n\n', 'We use cookies': '', 'Privacy Preference Center': ''}",[]
https://www.akc.org/expert-advice/lifestyle/dog-gps-trackers-vs-bluetooth-trackers/,Dog GPS Trackers vs. Bluetooth Trackers: Which Is Right for You?,"Oct 10, 2025","['collars', 'gps tracker', 'bluetooth tracker']","Tractive, Inc.","Paid Advertisement

GPS dog trackers truly go the distance when monitoring pets’ activity and offering real-time updates. Although Bluetooth trackers — the small devices often marketed for finding keys, wallets, or luggage — are helpful in finding close-range objects, they don’t measure up to GPS’ precision, versatility, and features.

Tractive, a palm-sized GPS tracking device, is engineered with dogs’ safety in mind. Simply attach the tracker to your dog’s collar or harness and get minute-by-minute updates about your dog’s exact location through the app. The device operates on a global scale by connecting to your phone’s mobile network and using GPS satellites to keep tabs on your dog.

Bluetooth-enabled trackers are sometimes repurposed for pets. But unlike pet GPS trackers such as Tractive, they don’t provide real-time location data and have several limitations, making them inadvisable for pets.

With Tractive, you’ll never find yourself endlessly calling your dog’s name at the park or worrying about what they’re doing while you’re at work. With its real-time escape alerts, health monitoring, and location history, Tractive offers security with each step your dog takes.

","{'GPS Trackers Have No Limits': 'GPS and Bluetooth trackers use different technologies to send and receive data.\n\nAKC is a participant in affiliate advertising programs designed to provide a means for sites to earn advertising fees by advertising and linking to akc.org. If you purchase a product through this article, we may receive a portion of the sale.\n\nBluetooth-enabled trackers emit short-wavelength UHF radio waves to transmit information over short distances. Since most indoor devices have a maximum range of 33 feet, a Bluetooth tracker may work in small spaces, like an apartment or condo. However, once your dog is “out of range,” you’ll lose connectivity. You often may see a “Last seen…” notification that shows the time the connection was lost, rather than the precise time your dog ventured off.\n\nIt’s important to note that Bluetooth-enabled trackers don’t know their locations, as they have no GPS. Instead, they relay the positions of compatible smartphones within a 30-foot range.\n\nGPS technology has no boundaries. They work globally using GPS satellites and transmitting data using LTE, the same innovation that gives your cellphone “signal.” Inside your Tractive device is a SIM card that links to all major networks, ensuring a strong 24/7 connection.\n\nWhat makes Tractive unique is that it works in almost 200 countries, is compatible with hundreds of cellular networks, and will connect to the strongest cellular provider in any given area. Other dog tracker brands often work with a single cellular network in comparison, meaning that coverage is likely to be spottier in certain areas where that network is less active. Tractive works across county lines, states, and in more than 175 countries with over 500 cellphone providers.\n\nAKC is a participant in affiliate advertising programs designed to provide a means for sites to earn advertising fees by advertising and linking to akc.org. If you purchase a product through this article, we may receive a portion of the sale.\n\n', 'Pros and Cons of GPS and Bluetooth Dog Trackers': 'Bluetooth-enabled item tracking devices — commonly sold by various brands to be used for keeping tabs on valuable possessions like car keys or a backpack — may not be a reliable solution for pet safety compared to dedicated, pet-specific GPS trackers. In fact, the manufacturers of these kinds of item trackers note that they aren’t designed to track living things, whether they be pets, children, or adults.\n\nAKC is a participant in affiliate advertising programs designed to provide a means for sites to earn advertising fees by advertising and linking to akc.org. If you purchase a product through this article, we may receive a portion of the sale.\n\nAdditionally, Bluetooth trackers can be cost-effective for finding misplaced household items, but when it comes to tracking pets or anything in motion, many users report frustrating limitations. By contrast, pet GPS trackers are purpose-built for pets and are typically more reliable, accurate, and versatile\n\nConsider the following about GPS dog trackers versus Bluetooth trackers:\n\nSearch-and-rescue dogs, commercial herding dogs, and K9 units are all tracked with the same GPS technology utilized by Tractive. In fact, many organizations work with Tractive, which provides free GPS trackers to pet welfare groups.\n\n', 'GPS Trackers Make Setting Multiple Boundaries Possible': 'The world is a different place for every dog, and you want to offer as much freedom as possible without risking their safety. If you want to keep certain parts of your home off-limits (such as the basement), Bluetooth tracking devices may prove beneficial. They’re fairly simple, short-range devices that rely on a paired connection.\n\nAKC is a participant in affiliate advertising programs designed to provide a means for sites to earn advertising fees by advertising and linking to akc.org. If you purchase a product through this article, we may receive a portion of the sale.\n\nGPS trackers offer the most precision. Tractive offers comprehensive coverage because its trackers triangulate data from multiple sources. This allows you to create multiple boundaries both inside and outside of your home. It also allows you to take a more active role in reinforcing off-limit zones inside your home during your dog’s training phase. When your dog enters or exits one of these zones, you will immediately receive a notification to your phone.\n\n', 'GPS Doesn’t Rely on Paired Devices': 'In the Tractive app, you can get tons of information about your dog’s location, where they’ve been, and how far they’ve traveled. While your phone is technically connected to the tracker, this isn’t the same as when a Bluetooth tracker is paired with another device.\n\nAKC is a participant in affiliate advertising programs designed to provide a means for sites to earn advertising fees by advertising and linking to akc.org. If you purchase a product through this article, we may receive a portion of the sale.\n\nYou must be within distance of a Bluetooth-enabled device for it to work. In theory, if you lose your phone while it’s connected to your dog’s Bluetooth tracker, you would have a hard time viewing that data — and by extension, your dog’s location. The same doesn’t apply to GPS because it’s connected to multiple satellites and pinging off nearby cellphone towers.\n\nYou can log into your Tractive account on any device, at any time, to check your dog’s location. With the basic subscription, you can access unlimited live tracking and real-time GPS updates, as well as health updates, including your dog’s heart rate, respiratory, and sleep data. With the premium subscription, you get those features, along with family sharing options, 365-day location history, and GPS data reports.\n\n', 'GPS Dog Trackers Overshadow Bluetooth': 'Bluetooth-enabled trackers are popular tracking devices because they’re small, boast a long battery life, and compatible with various smartphones. While useful for stationary objects, they’re not necessarily the best choice for monitoring dogs’ activity and location due to a range of factors, such as:\n\nAKC is a participant in affiliate advertising programs designed to provide a means for sites to earn advertising fees by advertising and linking to akc.org. If you purchase a product through this article, we may receive a portion of the sale.\n\nTractive uses a lot of data from satellites and LTE to track your dog’s real-time location without the risk of disruptions, interference, and outdated coordinates.\n\n', 'Is Tractive Right for Your Dog?': 'Waterproof, bite-proof, and small enough to fit in your pocket, Tractive sets the gold standard for monitoring your dog’s location and allowing for a speedy recovery if you get separated. But, make no mistake: these are more than tracking devices. They share many similarities to smartwatches, offering insight into your dog’s heart rate, respiratory function, and even any changes to their bark!\n\nWhile you’ll need to activate your tracker with a subscription due to its integrated SIM card, Tractive offers extremely competitive pricing, with plans ranging from $5 to $10 per month.\n\nAKC is a participant in affiliate advertising programs designed to provide a means for sites to earn advertising fees by advertising and linking to akc.org. If you purchase a product through this article, we may receive a portion of the sale.\n\n', 'We use cookies': '', 'Privacy Preference Center': ''}",[]
https://www.akc.org/expert-advice/lifestyle/fun-facts-australian-kelpie/,Facts About the Australian Kelpie You May Not Know,"Jul 11, 2025","['foundation stock service', 'herding', 'Australian kelpie']",Micaela Erickson,"The Australian Kelpie is a herding dog believed to have Scottish origins dating back to around 1870. These dogs played a huge role in the development of the sheep and wool industry in Australia, and descended from “working Collies”.

The Australian Kelpie was bred to handle shepherding sheep in vast areas of New South Wales and Victoria. Prior to the Kelpie’s introduction, convicts led the region’s herding efforts. The convicts’ role as shepherds became increasingly unsustainable as the sheep populations grew and took over more land. There was an urgent need for a herding dog that could handle the rough terrain and extreme heat and dust in the region. A seemingly tireless breed, the Kelpie took to its role with ease.

Today, Australian Kelpies are still known for being devoted workers, and are intelligent, active, and loyal dogs. While best known for their unwavering work ethic and energetic disposition, there is more to this breed than meets the eye.

","{'The Kelpie’s Energy Knows No Bounds': 'Bred to be workers, the Australian Kelpie is a dog that cannot lead a sedentary lifestyle. Apartment living isn’t for a Kelpie — they need plenty of open space and an active family.\n\nTo be their happiest selves, Kelpies require a lot of exercise. Both mental and physical exercise are key. A Kelpie is a breed that’s most fulfilled when they have a job to do. When given the ability to exercise their limitless energy and stimulate their brains with obedience exercises, an Australian Kelpie will thrive.\n\n', 'Australian Kelpies Aren’t Too Common in the U.S.': 'Kelpies were bred for the hot, dry conditions in Australia. These workers aren’t often seen as typical house dogs, especially since they require a lot of exercise. While they aren’t a very popular breed in the United States, they do have a presence across the country and have easily adapted to the climate.\n\nAKC is a participant in affiliate advertising programs designed to provide a means for sites to earn advertising fees by advertising and linking to akc.org. If you purchase a product through this article, we may receive a portion of the sale.\n\n', 'They Can Succeed in Dog Sports': 'These smart workers make great candidates for dog sports like agility, obedience, and AKC Rally. Not only are these great forms of exercise and training for a Kelpie, but the dog will be happy to feel like there is a job to complete by competing.\n\n', 'Kelpies Are Highly Trainable': 'Thanks to the Australian Kelpie’s intelligence and eagerness to please, they prove to be a breed that is relatively easy to please. The breed does have a tendency to skew towards independence, but they’re excited to please their owners, and respond best to positive reinforcement in training.\n\n', 'A Kelpie’s Hollywood Moment': 'An Australian Kelpie had his turn as a star on the big screen in the 2020 movie “Love and Monsters.” The sci-fi adventure movie starring Dylan O’Brien gave “Hero,” the canine actor, an opportunity to steal scenes and hearts. O’Brien even shared that he and Hero quickly formed an “incredibly intense bond” on set.\n\nAKC is a participant in affiliate advertising programs designed to provide a means for sites to earn advertising fees by advertising and linking to akc.org. If you purchase a product through this article, we may receive a portion of the sale.\n\n', 'The Breed’s Name Has Gaelic Roots': 'Like many breeds, the Australian Kelpie’s origins are disputed. They’re thought to have roots in Scotland, and their name is Gaelic. “Kelpie” translates to “water sprite.” While most known for herding, Kelpies enjoy swimming and a variety of other activities.\n\n', 'A Surfing Star': 'These smart dogs can even learn how to hang-ten. In August 2017, an Australian Kelpie named “Abbie Girl” won the World Dog Surfing Championship for the second year in a row. During the competition, Abbie Girl stayed on the board and surfed for 20 feet before landing on the beach.\n\n', 'Kelpies Make Excellent Companions': 'Australian Kelpies are extremely loyal and are known to form strong bonds with their owners and loved ones. A Kelpie is most likely to thrive in a home where they not only can get the activity and exercise they need, but ample affection, too.\n\nAKC is a participant in affiliate advertising programs designed to provide a means for sites to earn advertising fees by advertising and linking to akc.org. If you purchase a product through this article, we may receive a portion of the sale.\n\n', 'Grooming a Kelpie Is No Sweat': 'When it comes to grooming, Australian Kelpies are relatively low maintenance. Their short double coat is weather-resistant requires minimal grooming. Kelpies require brushing once a week, and the occasional bath. Like any breed, it is important to keep their ears clean and free of debris, trim their nails, and brush their teeth when necessary.\n\n', 'Working Wonders': 'There is no doubt that Australian Kelpies thrive when they have jobs. Not only have they found repeated success as herding dogs, but they’ve proven to be great therapy dogs, service animals, and detectives. The Australian Kelpie’s intelligence and loyalty allows them to be up for almost any task.\n\n', 'We use cookies': '', 'Privacy Preference Center': ''}",[]
https://www.akc.org/expert-advice/lifestyle/dog-pride-parade/,What to Know If You’re Bringing Your Dog to a Pride Parade,"Jun 11, 2025","['heat', 'lgbtqia', 'pride parade', 'parade']","Sassafras Patterdale, CPDT-KA, CTDI","Pride parades and festivals can be fun, dog-friendly events. They can offer dog owners who want to celebrate a great way to spend time in the community with their dogs. Pride parades and festivals are often annual events that take place around the world to celebrate the LGBTQ+ community. Pride events honor and celebrate the diversity and achievements of the LGBTQ+ community and are a place for people from all walks of life to come together in celebration. It’s common for Pride events to take place in dog-friendly public parks or city centers. If you’d like to bring your dog to a Pride parade, how can you best prepare to participate?

","{'Will Your Dog Have Fun at Pride?': 'Many Pride events are dog-friendly, and it’s common to see people enjoying the day with their dogs. But not every dog enjoys attending any event with lots of people. Not every Pride event is a good fit for every dog. Smaller, community Pride festivals might be easier for dogs to navigate. Bigger Pride events can be more overwhelming with large crowds.\n\nBethany Spencer and Lee Thorpe of Western North Carolina love bringing their dogs, “Stinson,” an All-American Dog, and “Sally,” a Labrador Retriever, to Pride. Even though the dogs are working service dogs and go everywhere with them, Stinson believes there’s something extra special about having them at Pride. “We dress them up, and everyone loves to see them,” says Thorpe. “We let folks take photos, and we just really enjoy the extra connection the dogs foster.”\n\nIt’s important to consider your dog’s personality, level of training in crowds, and temperament when deciding if you want to bring your dog to a Pride event with you. Natalie Yates, who often attends Pride events with their Shetland Sheepdog, “Ruthee,” notes that it’s essential to ensure your dog is set up for success before bringing them to such a busy environment. “I attribute Ruthee’s enthusiasm to responsible breeding and appropriate socialization,” says Yates. “My favorite Pride memory was taking Ruthee as a 9-month-old to ‘Twin Cities Pride,’ and watching her actively want to meet every drag queen we came across. It was fantastic.”\n\nAKC is a participant in affiliate advertising programs designed to provide a means for sites to earn advertising fees by advertising and linking to akc.org. If you purchase a product through this article, we may receive a portion of the sale.\n\n', 'Check the Forecast to Protect Your Dog': 'With Pride celebrations taking place during June, summer temperatures are a concern for your dogs’ comfort and safety. Check the forecast before heading to any outdoor events and make sure the temperature is safe for your dog. Adam Skandarani’s Boston Terrier “Wibble” enjoys crowds and the attention he gets from kids at Pride. Skandarani recommends a backpack carrier for small dogs, so it’s easy to carry them if the ground gets too hot. You can also condition your dog to wear protective dog boots, which can come in handy all summer (and winter) long to protect their paws.\n\nDo your research about what the Pride location will be like, especially on warm days. Some Pride events are located in parks and on grass, which may help keep things cooler. Others are on asphalt or concrete streets, which can be dangerously hot and burn your dog’s feet. If the day is going to be hot, or you have a dog prone to heatstroke or other heat-related issues, it may be a good idea to leave your dog at home or plan to only attend for a short period of time.\n\nAKC is a participant in affiliate advertising programs designed to provide a means for sites to earn advertising fees by advertising and linking to akc.org. If you purchase a product through this article, we may receive a portion of the sale.\n\n', 'Dog Training Considerations Before You Go': 'While many Pride events are welcoming to dogs, not all are dog-friendly. Before planning any Pride outings, think carefully about if the event will be enjoyable for your dog. For example, if your dog is often uncomfortable in busy areas, a parade could be stressful for them or even set their training back. It’s completely OK to decide that an event isn’t appropriate for your dog. While you might feel disappointed you can’t bring your dog, it’s often the responsible decision to keep your dog safe and help ensure that others can enjoy the day.\n\nAttending a Pride event can be stressful for your dog or provide challenges for others if they aren’t behaviorally prepared. Rebecca-Eli Long of Lafayette, Indiana, remembers bringing their service dog “Tizzy” to a local Pride event. Tizzy is used to attending busy events, but other dogs’ behavior was concerning to Long. “I ended up deciding to leave early because someone had a dog that was continually barking and lunging at Tizzy. After it happened a couple of times, I decided that it was in our best interest to go home.”\n\nAKC is a participant in affiliate advertising programs designed to provide a means for sites to earn advertising fees by advertising and linking to akc.org. If you purchase a product through this article, we may receive a portion of the sale.\n\nThis was especially disappointing for Long, who looked forward to attending Pride with their service dog. “As a disabled queer person, I felt like I couldn’t fully enjoy Pride because of other people not realizing how they were creating an unwelcoming environment with their dogs.”\n\n', 'Prioritizing Your Dog’s Comfort': 'If you decide to bring your dog to a Pride event, you’ll want to be prepared with everything your dog might need. Consider which supplies you might need to help your dog navigate summer temperatures, like dog boots, a collapsible water bowl, and plenty of fresh water. Pride events often involve stage performances, which can be very loud, so dog ear protection may be useful if you expect you’ll be in a noisy area. Just be sure to acclimate your dog to any protective gear ahead of the event.\n\nWhile at Pride, be sure to focus on your dog’s comfort. You are your dog’s advocate, and just because your dog is attending the festival with you doesn’t mean they have to be social with others. It’s OK to say “no” if someone asks to pet your dog or if their dog can greet yours. Big, crowded outdoor events can be overwhelming for dogs, so planning for a shorter day may be a good idea. If at any point the event becomes stressful for your dog, take a step away from the festivities and get your dog somewhere cooler and quieter for a break, or head home early if needed.\n\nAKC is a participant in affiliate advertising programs designed to provide a means for sites to earn advertising fees by advertising and linking to akc.org. If you purchase a product through this article, we may receive a portion of the sale.\n\n', 'Celebrating at Home': 'If you think your local Pride event will be too hot, crowded, or overwhelming for your dog, there is no shame in leaving your dog at home while you go to Pride. Another way to get into the Pride spirit with your dog can even be going for a walk in your neighborhood. You could also join other dog walkers for a mini “parade” of your own.\n\nAKC is a participant in affiliate advertising programs designed to provide a means for sites to earn advertising fees by advertising and linking to akc.org. If you purchase a product through this article, we may receive a portion of the sale.\n\nMistie Melver of Coralville, Iowa, got creative and set up an entire Pride-themed photoshoot for her dogs, “Miley Rae,” a Dachshund, and “Daisy Mae,” an All-American Dog. “Miley does not do well with other dogs, so we can’t take her to many places.”\n\nFor Melver, the dogs’ Pride photoshoot was a fun way for her to show allyship with the LGBTQ+ community. You could also encourage your local breed or training club to host a Pride-specific gathering or event.\n\n', 'We use cookies': '', 'Privacy Preference Center': ''}",[]
https://www.akc.org/expert-advice/lifestyle/fun-facts-danish-swedish-farmdog/,Danish-Swedish Farmdog Facts You May Not Know,"Jan 15, 2025","['working group', 'danish-swedish farmdog', 'farm dogs']",Micaela Erickson,"Originally known as the Danish Pinscher, Danish-Swedish Farmdogs were commonly found across rural Denmark and Sweden up until a few decades ago. These dedicated working dogs had to evolve as lifestyles changed, and family farms became less prevalent. The Danish-Swedish Farmdog was recognized as an official breed in its native countries in 1987, and was brought to the United States a little over a decade after.

In 2011, the Danish-Swedish Farmdog was accepted into the AKC’s Foundation Stock Service (FSS®) program. Now, the DSF has officially become an AKC-recognized breed. Here are some facts about the newest member of the Working Group.

","{'They’re One of the Newest AKC-Recognized Breeds': 'This “Little Big Dog” is the American Kennel Club’s 202nd recognized breed. The Danish-Swedish Farmdog has been assigned the Working Group designation and is eligible to begin competing in AKC events on January 1, 2025.\n\n', 'Danish-Swedish Farmdogs Excel as Working Dogs': 'Danish-Swedish Farmdogs are bred workers. They love to have jobs and are eager to please. Back in their days on farms in rural parts of Denmark and Sweden, DSFs were expert mousers, livestock herders, hunters, and watchdogs. While being a faithful companion may be the Danish-Swedish Farmdog’s favorite role today, they still love to hunt and keep a watchful eye. They can make for excellent companion and therapy dogs, and find success in dog sports. These dogs are highly attentive and intelligent.\n\n', 'They’re Great With Kids': 'The Danish-Swedish Farmdog is well-known for being gentle and patient with children. They love their humans and are endlessly eager to please them. The DSF can be a great choice for families, and tend to be happy in almost any home.\n\nAKC is a participant in affiliate advertising programs designed to provide a means for sites to earn advertising fees by advertising and linking to akc.org. If you purchase a product through this article, we may receive a portion of the sale.\n\n', 'Danish-Swedish Farmdogs Shine in Dog Sports': 'The Danish-Swedish Farmdog can be a great candidate for dog sports and other activities. DSFs are always up for a challenge, and take to training quickly. The Danish-Swedish Farmdog has particularly excelled in obedience, agility, flyball, AKC Scent Work, AKC Lure Coursing, and tracking.\n\n', 'They Can Be Slow to Mature': 'The DSF’s puppy phase lasts much longer than most dogs. While the Danish-Swedish Farmdog may be slow to mature, they are still an easier breed to train. Their attentive, curious nature primes them for fast learning. Short, regular training sessions and positive reinforcement are the best methods for training a Danish-Swedish Farmdog.\n\nAKC is a participant in affiliate advertising programs designed to provide a means for sites to earn advertising fees by advertising and linking to akc.org. If you purchase a product through this article, we may receive a portion of the sale.\n\n', 'Their Grooming Needs Are Low Maintenance': 'This breed does not require any intense grooming regimens, making them an easier dog to care for. Occasional brushing and bathing is all the Danish-Swedish Farmdog needs to look their best.\n\n', 'The Danish-Swedish Farmdog Is a Healthy Breed': 'Danish-Swedish Farmdogs have been thought to be an overall healthy breed. They are not prone to common recurring health problems, genetic or otherwise. Reputable breeders utilize genetic testing to ensure their DSFs (or any breed for that matter) are free from disease, and no health problems have been found consistent to the breed.\n\nAKC is a participant in affiliate advertising programs designed to provide a means for sites to earn advertising fees by advertising and linking to akc.org. If you purchase a product through this article, we may receive a portion of the sale.\n\n', 'They Love Joining In On Activities': 'A true companion, a Danish-Swedish Farmdog would be ecstatic to join their owners in different activities. They make excellent company when hiking, walking, or swimming. The DSF is an active breed, and is happiest when they have something to engage in—especially when it involves their favorite humans. They have a lot of energy to expend in those little bodies, so daily exercise and enrichment is key in keeping the Danish-Swedish Farmdog both content and well-behaved.\n\n', 'DSFs Are Social Butterflies': 'The Danish-Swedish Farmdog thrives with human attention, but can be equally happy to be around other dogs. With proper training and early socialization, the Danish-Swedish Farmdog can be very open and easygoing with both humans and dogs, whether they are familiar or not.\n\nAKC is a participant in affiliate advertising programs designed to provide a means for sites to earn advertising fees by advertising and linking to akc.org. If you purchase a product through this article, we may receive a portion of the sale.\n\n', 'They’re Still a Rarer Breed': 'The Danish-Swedish Farmdog’s true origins are still uncertain. Despite their resemblance to Terriers, they are closest in relation to Pinschers. The breed could be found across different parts of Europe dating back as far as the 1700s, but their most notable roots lead back to (you guessed it) farms in Denmark and Sweden. Industrialization led to the dwindling of family farms in the region, making the Danish-Swedish Farmdog’s roles as mousers, herders, and watchdogs less pertinent. People were breeding Farmdogs less and less, and the DSF was close to becoming extinct.\n\nMembers of the Danish Kennel Club helped save the breed, officially recognizing the DSF in Denmark and Sweden in 1987. The first DSFs were bred in the United States in 1998. Today, the Danish-Swedish Farmdog is best known as a devoted, loving companion to all who are lucky enough to encounter them.\n\n', 'We use cookies': '', 'Privacy Preference Center': ''}",[]
https://www.akc.org/expert-advice/lifestyle/fun-facts-bichon-frise/,Facts About the Bichon Frise You May Not Know,"Jan 13, 2025","['non-sporting group', 'bichon frise']",Micaela Erickson,"The Bichon Frise has origins in the Tenerife, and has lived many lives through its ancient lineage. Bichons are part of a group of dogs formally known as Barbichon types. Other dogs in this category include the Maltese, Bolognese, and Havanese.

The breed initially gained its prominence as companions of European nobles starting around the 13th century. The French Revolution cut the breed’s elegant reign short. This led to Bichons finding roles as entertainers. These smart little dogs are quick learners, and brought their skills and charm to the circus. The Bichon Frise first came to the United States in 1956. In 1973, the breed was officially recognized by the American Kennel Club as a member of the non-sporting group.

The Bichon Frise has been around for centuries, acting as a beloved companion and performer for people from all walks of life. This little breed has no lack of character, and would be happy in any home.

","{'What the Bichon Frise Lacks in Size They Make Up for in Personality': 'The Bichon Frise is known for being a true personality dog. They are charming, curious, energetic, and endlessly intelligent. They love attention and prefer to being around people. While they’re loyal to their loved ones, they’re excited to make friends of strangers, too.\n\nAKC is a participant in affiliate advertising programs designed to provide a means for sites to earn advertising fees by advertising and linking to akc.org. If you purchase a product through this article, we may receive a portion of the sale.\n\n', 'Bichons Frises Are a Good Option for People With Allergies': 'While there are no 100% hypoallergenic breeds, the Bichon can be a great pick for potential owners with animal allergies. They shed minimally, and any hair they do shed gets caught in their undercoats.\n\n', 'Bichons Can Find Success in Dog Sports': 'This highly intelligent breed learns quickly. Bichons Frises are eager to please their owners and respond particularly well to positive reinforcement. Born performers, Bichons love to do tricks. They’re a somewhat active breed, and their energetic, peppy nature can bode well for sports such as obedience, agility, and AKC Rally.\n\n', 'They’re Great for Small Spaces': 'Thanks to their size and temperament, Bichons Frises make for excellent companions for city dwellers. Bichons are adaptable and would be happy in almost any environment, but are perfect for people living in smaller spaces.\n\n', 'The Bichon’s Coat Requires Regular Attention': 'A Bichon Frise should be brushed every day to keep them looking their best. They also need to be bathed and have their coats trimmed once a week. They shed minimally, but the Bichon’s plush coat will look and feel best when regularly maintained.\n\nAKC is a participant in affiliate advertising programs designed to provide a means for sites to earn advertising fees by advertising and linking to akc.org. If you purchase a product through this article, we may receive a portion of the sale.\n\n', 'Good for Families': 'Even with their small size, Bichons make for good family dogs. Bichons Frises tend to get along well with young children too. Early socialization and training will help ensure a Bichon Frise is well adjusted and well behaved, but the breed tends to be excited to be with people regardless of age.\n\n', 'Bichons Aren’t a Super Vocal Breed': 'Smaller dogs often have a reputation for being yappy. The Bichon Frise doesn’t fit this category. They’re a very alert, attentive breed, but incessant barking isn’t a regular occurrence for them. However, since Bichons are quite social, they may begin to bark or whine if they’re left alone for too long. Otherwise, they tend to bark to alert their owners when needed.\n\nAKC is a participant in affiliate advertising programs designed to provide a means for sites to earn advertising fees by advertising and linking to akc.org. If you purchase a product through this article, we may receive a portion of the sale.\n\n', 'The Bichon Frise Doesn’t Require Much Exercise': 'Despite their energetic personalities, Bichons don’t need vigorous exercise from day to day. They enjoy daily play sessions with their owners and should be walked every day. Bichons are unexpectedly speedy and can be hard to catch should they make a break for it. When playing outside, it’s best to keep them contained in a fenced area or on a leash.\n\nAKC is a participant in affiliate advertising programs designed to provide a means for sites to earn advertising fees by advertising and linking to akc.org. If you purchase a product through this article, we may receive a portion of the sale.\n\n', 'The Bichon Frise Is Highly Trainable': 'Above all else, the Bichon Frise lives to please their owners. Their loving, curious, and excited nature combined with their intelligence make them an easier breed to train. Bichons pick up on commands and tricks quickly. They respond best to positive training techniques, and don’t perform well when scolded. Training a Bichon with a firm, but gentle hand is the best way to ensure smooth sailing as they learn.\n\n', 'Bichons Can Make Great Therapy Dogs': 'This sweet, affectionate breed can be excellent therapy dogs. They are compassionate, comforting companions, and are particularly well-suited for older owners. This breed is highly empathetic and can help relieve feelings of loneliness and isolation. They can also be a good source of support and calm. Even though Bichons Frises are quite energetic, they are very patient and gentle.\n\n', 'We use cookies': '', 'Privacy Preference Center': ''}",[]
https://www.akc.org/expert-advice/lifestyle/eye-protection-for-dogs/,"Eye Protection for Dogs: Goggles, Sunglasses, and More","Mar 03, 2026","['eye care', 'eye health', 'goggles']",Nandini Maharaj,"Healthy eyes in a dog look clear, bright, and free of redness or discharge. To help keep them that way, you might be wondering if your dog needs eye protection. Protective eyewear can help with managing certain health conditions like cataracts. Since not all dogs will tolerate goggles and might even pull them off and chew on them, it’s important to be informed before purchasing eye protection.

Read on for advice from veterinarians about the different types of eye protection for dogs, when dogs need to use them, and how to ensure they fit properly.

","{'Types of Eye Protection for Dogs': 'Eye protection shields a dog’s eyes in “situations where they might be exposed to ultraviolet (UV) rays, dirt, debris, or other environmental hazards,” says Bethany Hsia, DVM, veterinarian at CodaPet. Examples are outdoor activities, water sports, or being in dusty environments. If you’re unsure whether your dog needs eye protection, it’s a good idea to consult with your veterinarian.\n\nThe most common type of eye protection for dogs is goggles which can be clear or tinted. Another option is a sun visor or hat.\n\n“If your dog spends a lot of time outdoors in sunny conditions, goggles or sunglasses can help protect their eyes from UV radiation, strong winds, dirt, and debris,” Dr. Hsia says. They’re beneficial for dogs riding on a bicycle or motorcycle, hanging their head out of the car window, or running or jogging with their owner. Another reason to use goggles is during foxtail season when these seeds can become embedded in their eyes or skin, says Sara Adelman, DVM, MS, Associate Veterinarian at Vet Vision Center.\n\nGoggles come in a variety of designs and colors and are relatively inexpensive. For dogs who swim regularly or participate in dock diving, goggles can prevent water from splashing in their eyes, limit the glare coming off the water, and reduce chlorine or saltwater irritation, Dr. Hsia says. In addition, goggles can be helpful for dogs prone to eye injuries including those who are blind, spend much of the day outside, or work in harsh conditions such as K-9s in law enforcement, the military, or search and rescue, Dr. Adelman says.\n\nAnother option for outdoor sun protection is dog visors and hats. Visors have a round brim like a baseball cap while hats fit over a dog’s head with cutouts for their ears. Visors and hats provide shade from direct sunlight, but they won’t prevent debris from entering a dog’s eyes.\n\nAKC is a participant in affiliate advertising programs designed to provide a means for sites to earn advertising fees by advertising and linking to akc.org. If you purchase a product through this article, we may receive a portion of the sale.\n\nWhile visors can offer some sun protection, they don’t provide UV protection, says Marnie Ford, BSC, PhD, DVM, DACVO, a board-certified veterinary ophthalmologist. “Sometimes a visor helps keep the glare out of their eyes, so it’s not so overwhelmingly bright for them.” Another use for visors is for an eye condition that requires blocking light and your dog won’t tolerate goggles, she adds.\n\nAKC is a participant in affiliate advertising programs designed to provide a means for sites to earn advertising fees by advertising and linking to akc.org. If you purchase a product through this article, we may receive a portion of the sale.\n\n', 'When to Use Eye Protection': 'Any dog breed can develop conditions like glaucoma, cataracts, and uveitis. If your dog spends a lot of time on the water or ski slopes, there’s an increased risk of damage from UV light because they have greater exposure over a shorter amount of time, Dr. Ford explains. “So, we aren’t talking about the amount of UV,” she says. “We’re talking about the cumulative effect of UV light.”\n\nThere are several reasons to consider using eye protection for your dog including the following.\n\nPink eye or conjunctivitis in dogs is a common condition that occurs when the tissue inside the eyelid or covering the eyeball becomes inflamed. It can be caused by allergies, bacteria, viruses, eyelid abnormalities, and trauma to the eye. “Often, we want to use goggles because they have a little bit of a tighter fit around their face, so they don’t get wind and air moving in which brings in allergens or particulates that bug the dog,” Dr. Ford says.\n\nGoggles can also be helpful for glaucoma, a disease where there is increased pressure within the eye. “When dogs have glaucoma, they have a really dilated pupil and this increases the amount of light that gets in their eyes, so they can suffer from the glare,” Dr. Ford explains. Along with prompt veterinary care, using tinted goggles or a visor can help if your dog has a sensitivity to light.\n\nWhen a dog develops a cataract, the lens which is normally clear becomes cloudy or opaque. This can block light from reaching the retina and impair a dog’s vision. “When dogs don’t have complete mature cataracts, the light will go in and scatter, and it’s really irritating and can overwhelm them,” Dr. Ford says. Wearing tinted goggles can reduce the amount of light going in, as well as the glare and scatter.\n\n“Dogs who live in places with a lot of snow can get actinic cataracts,” Dr. Ford says. These cataracts are the result of long-term exposure to UV light. “In fact, human teenagers are getting cataracts from snow glare or UV light exposure which never used to happen, and dogs too will get actinic cataracts,” she says.\n\nAKC is a participant in affiliate advertising programs designed to provide a means for sites to earn advertising fees by advertising and linking to akc.org. If you purchase a product through this article, we may receive a portion of the sale.\n\n“Since older dogs often experience degenerative eye diseases, they can benefit from protection against environmental factors,” Dr. Hsia says. For instance, some dogs can develop iris atrophy which occurs when “the pupillary margin starts to break down,” Dr. Ford says. “This is a normal part of aging, but the consequence is that the pupils don’t close fully which allows more light to enter the eye.” Wearing goggles can reduce the amount of bright glare during the day.\n\nAKC is a participant in affiliate advertising programs designed to provide a means for sites to earn advertising fees by advertising and linking to akc.org. If you purchase a product through this article, we may receive a portion of the sale.\n\nCertain breeds like German Shepherds and Greyhounds can develop a condition called Pannus that is linked to UV exposure and high altitudes, Dr. Adelman says. She explains that Pannus is an “immune-mediated process” involving inflammation of the cornea. “Normally, it starts at the outer corners of the cornea and can cause vision loss through long-term changes or generalized inflammation, making the cornea cloudy,” she says. Pannus can cause pain and needs lifelong management. “Having UV protection on these dogs is required, especially when you have dogs who work outside all day,” Dr. Ford says.\n\nSome dogs develop uveitis which means “inflammation of the uveal tract or inflammation inside of the eye,” Dr. Ford says. When a dog has uveitis, one of the problems that happens is the pupil becomes miotic, meaning small and constricted, which is quite painful. If it’s sunny outside, the pupil can become “almost hyper-miotic, so when you have tinted goggles, they’ll reduce the amount of light going in the eye, which reduces pain,” she adds.\n\nSome dogs don’t produce enough tears resulting in a condition called dry eye. “Having goggles on their eyes that are a bit fitted, but not tight, means less airflow around their eyes,” Dr. Ford says. Less air means the tear film doesn’t dry out as much which is helpful in hot, dry weather.\n\nAll three experts recommend an e-collar or cone if your dog is recovering from eye surgery or an injury to the eye. “However, if you need goggles or your dog won’t wear a cone, because some dogs absolutely hate cones, goggles made for dogs are really helpful,” Dr. Ford says. “Postoperatively, a lot of dogs have reduced blinking and reduced tear production, so they’re much more vulnerable to trauma.”\n\nWhen you have a surgical site, you don’t want them causing further trauma to the eye from rubbing or pulling at their stitches. “Ideally, you’re going to use a cone or a goggle,” Dr. Ford says. You do have to be careful though since your dog could pull off the goggles and cause further damage to their eyes.\n\nAKC is a participant in affiliate advertising programs designed to provide a means for sites to earn advertising fees by advertising and linking to akc.org. If you purchase a product through this article, we may receive a portion of the sale.\n\n', 'What to Look for When Purchasing Protective Eyewear': 'Goggles have individual eye lenses or a single lens that goes over the whole front of the eye. The single-lens goggles “are usually better for wider fields of view,” Dr. Ford says. Lenses can also be clear or tinted and both kinds may come with UV protection. “The tinted lenses are needed in sunny conditions,” she says. But tinted goggles wouldn’t be a good choice on evening walks or doing search and rescue in the dark.\n\nAKC is a participant in affiliate advertising programs designed to provide a means for sites to earn advertising fees by advertising and linking to akc.org. If you purchase a product through this article, we may receive a portion of the sale.\n\n“The clear lenses would be good for dogs who swim underwater,” Dr. Ford says. “It doesn’t keep water out of the goggles because dogs have hair, and you don’t get a tight seal like you do with human goggles.” Although dogs can open their eyes underwater, you wouldn’t want to use a tinted goggle because they won’t be able to see anything.\n\nEnsure the product you purchase offers 100% UV protection, Dr. Hsia says. She also recommends avoiding materials that irritate your dog’s skin or eyes. Choose goggles made of lightweight yet durable materials such as polycarbonate lenses.\n\nIf your dog is wearing goggles for an extended period, make sure to monitor them. “I wouldn’t leave them overnight with goggles,” Dr. Ford says. “Any dog that you’re going to be leaving for a length of time with goggles on, I would be more inclined to put an e-collar on them, so it’s safer and just in case they did move them around and get them in the wrong location.”\n\nDr. Adelman agrees, saying “a hard plastic e-collar that goes out in front of the nose is the only protection I use after any surgery or a deep corneal ulcer.” Another option is an Optivizor which goes over the head and eyes and can be clear or tinted depending on how much UV protection your dog needs. This may be a good choice if your dog is very anxious about the e-collar or tries to get it off immediately, she adds.\n\n“Choosing the correct size for your dog’s eye protection is crucial for comfort and effectiveness,” Dr. Hsia says. If the eyewear is too loose, it can allow debris to enter the eye and cause irritation. But if it’s too tight, it can be uncomfortable for your dog, she says. Companies that make goggles often have sizing charts on their website to help you choose the right size for your dog.\n\nAKC is a participant in affiliate advertising programs designed to provide a means for sites to earn advertising fees by advertising and linking to akc.org. If you purchase a product through this article, we may receive a portion of the sale.\n\nGoggles have adjustable straps that go behind the head and below the chin, so you can customize the fit. When fitting goggles on your dog, “make sure there’s no point at which the goggle is touching the eye, which is why the ski goggles are great because they’re pretty wide around the eye,” Dr. Adelman says.\n\nDog visors and hats usually have a Velcro, hook and loop closure, or buckle, so you can adjust the size. Look for a hat with a drawstring that goes under the chin to keep it securely on your dog’s head.\n\nYou might be wondering if you can use baby goggles for your dog. The simple answer is no. “Using human eye protection is generally not recommended due to fit issues,” Dr. Hsia says. Dr. Ford agrees saying that the ones used for children aren’t fitted for dogs and don’t have the adjustable strap that goes below a dog’s chin.\n\nAKC is a participant in affiliate advertising programs designed to provide a means for sites to earn advertising fees by advertising and linking to akc.org. If you purchase a product through this article, we may receive a portion of the sale.\n\n', 'How to Get Your Dog Accustomed to Eye Protection': 'Introducing your dog to protective eyewear is a gradual process. You want them to associate wearing goggles with positive experiences like getting a treat or playing. “Start by letting your dog sniff and explore the goggles without putting them on,” Dr. Hsia says. “This helps reduce anxiety about new objects.”\n\nOnce your dog seems comfortable, she suggests placing the goggles on them briefly while rewarding them with treats and praise. Patience is key to encouraging acceptance. “If your dog shows signs of distress, remove the eye protection immediately and try again later,” she says. “Some dogs adapt quickly while others take longer.”\n\nKeep in mind that eyewear shouldn’t interfere with a dog’s ability to do regular activities like walking or drinking, Dr. Adelman says. Dr. Ford agrees, adding that “while eye protection is a good idea in many situations, I wouldn’t force goggles on them because the dog will try to get them off and can displace them, and that can cause more damage.” If your dog doesn’t tolerate goggles, she recommends taking precautions like using a visor, walking your dog on the shady side of the street, keeping them out of the sun from 10 am to 2 pm when UV radiation levels are highest, and providing more shade in the backyard.\n\n', 'We use cookies': '', 'Privacy Preference Center': ''}",[]
https://www.akc.org/expert-advice/lifestyle/cyber-monday-dog-deals/,The Best Cyber Monday Dog Deals to Save Big,"Dec 01, 2025","['vacuums', 'cyber monday', 'cameras']",Melanie Haid,"Cyber Monday deals are here! There’s no better time of year to save up on electronics for your pet. From vacuums to pet cameras and everything in between, check out the best Cyber Monday dog deals. Whether you want to upgrade tech that you already have, or are stocking up for the holidays, this is a great time to shop pet tech.

","{'Pet Tech Deals': 'Looking for deals in pet tech for your dog? Look no further. Many retailers have Cyber Monday deals not only on Monday, but even the weekend leading up or a few days after.\n\nIf you need a new pet hair vacuum, this is when brands like Dyson and Shark have great sales going on. Upgrading your vacuum to get the best pet hair clean-up is an important part of keeping your home clean quickly, especially if you have visitors during the holidays.\n\nPet cameras are another item that’re often on sale during Cyber Monday. If you’ve never owned a pet camera before, there are plenty of options to choose from, and they’re all on sale! There are indoor cameras, outdoor cameras, even voice-activated cameras and pet cameras that can dispense treats.\n\nOther deals in pet tech often include grooming machines, but even go as “small” as electric nail grinders and clippers. These innovations in dog grooming make it much easier to get your dog looking fabulous, especially if you’re in a time crunch over the holidays but still want your dog looking their best.\n\nAKC is a participant in affiliate advertising programs designed to provide a means for sites to earn advertising fees by advertising and linking to akc.org. If you purchase a product through this article, we may receive a portion of the sale.\n\n', 'Convenient Online Shopping': 'Most Cyber Monday deals are, as the name implies, online. Cyber Monday deals are often the best sales of the year on things like tech. When you’re looking to upgrade what you have, or splurge a bit on something new for your dog, online is the place to do it. Some sites offer free shipping, bundles, or deals that make saving your shopping until today worth it.\n\nAKC is a participant in affiliate advertising programs designed to provide a means for sites to earn advertising fees by advertising and linking to akc.org. If you purchase a product through this article, we may receive a portion of the sale.\n\n', 'Gifts for the Holidays': 'Whether you’ve got a new puppy or a senior dog you love to spoil, there’s something for every dog owner and their pet on Cyber Monday. If someone you know has a dog or a new puppy, it can also be a great opportunity to get holiday gifts for them.\n\n', 'We use cookies': '', 'Privacy Preference Center': ''}",[]
https://www.akc.org/expert-advice/lifestyle/black-friday-dog-deals/,The Best Black Friday Dog Deals to Save Big,"Nov 20, 2025","['dog beds', 'vacuums', 'black friday']",Melanie Haid,"It’s that time of the year: the biggest savings in dog gear is quickly approaching! Retailers like Chewy will have all-things pet ready to get you and your loved ones everything you need for your dogs for the holidays.

On top of regular Black Friday dog deals, Amazon is hosting a Black Friday Week, with deals spanning from November 20-29. Regular Black Friday deals will be in place all day on November 29, but some places may have early or extended sales.

There’s plenty of time to get your Black Friday deals in before the holidays, but you’ll want to act fast to avoid things selling out.

","{'What’s On Sale': 'You and your dog deserve the best, and Black Friday sales are a great time to upgrade your dog gear for less, or stock up for a new puppy.\n\nOne of the big things that are always discounted during Black Friday are electronics! If you’re looking for cameras to set up to watch your pet when you’re away, pet monitoring cameras are definitely a great place to save money this season. These cameras could be indoor or\xa0outdoor cameras, and some are even equipped with voice controls and the option to throw treats out to your dog! Cameras are a great way to keep an extra eye on your dog, whether you’re away from home or just in the other room.\n\nAKC is a participant in affiliate advertising programs designed to provide a means for sites to earn advertising fees by advertising and linking to akc.org. If you purchase a product through this article, we may receive a portion of the sale.\n\nOne of the most important things for a dog owner to have is a good pet vacuum. There’s no better time to get vacuums for dog hair than Black Friday. Major brands like BISSELL and Shark often have sales on vacuums around these holidays. If you need a new vacuum or need to upgrade your current one, this is a great time to do it.\n\nWhen you’re stocking up for holiday gifts, don’t forget about something just for your dog. Dog toys are a great tool for mental stimulation and just plain fun. Get your dog some stocking stuffers or holiday presents with toys they’ll love, from teething toys for your puppy to chew toys and plush toys.\n\nAKC is a participant in affiliate advertising programs designed to provide a means for sites to earn advertising fees by advertising and linking to akc.org. If you purchase a product through this article, we may receive a portion of the sale.\n\nMaking sure that you’re properly taking care of your dog’s grooming needs is important year-round. If you need more\xa0grooming supplies, Black Friday sales are a great time to stock up. Things like nail clippers and brushes are important tools for taking care of your dog, but things like dog dryers are also frequently on sale. Help your dog feel their healthiest and cleanest without breaking the bank!\n\nYour dog will always need good collars and leashes, so if you’re in need of an upgrade or want to try something new, consider checking out Black Friday deals on dog collars and leashes. From harnesses, reflective collars, running leashes, or retractable leashes, stock up with sale items from great brands for you and your dog’s adventures.\n\nAKC is a participant in affiliate advertising programs designed to provide a means for sites to earn advertising fees by advertising and linking to akc.org. If you purchase a product through this article, we may receive a portion of the sale.\n\nDog beds need to be replaced every so often, whether it’s from your dog scratching them or just years of wear and tear. If you’re in the market for a new dog bed, Black Friday deals can help you get your dog a comfortable new place to rest. You can choose a standard soft dog bed, or expand your dog’s horizons with an elevated or self-warming dog bed.\n\n', 'Where to Shop Dog Deals': 'Many stores offer in-store Black Friday deals on all kinds of dog merchandise and pet products. If you’re choosing online, check out reviews and product ratings before making a purchase, and do research on brands and products before buying, especially if you’re getting something for the first time. For example, some dog toys may not be right for your dog, and heated dog beds may not be an ideal choice for every dog. If you have questions on what products are good for your dog based on their age, breed, and size, ask your veterinarian or a trusted dog trainer.\n\nAKC is a participant in affiliate advertising programs designed to provide a means for sites to earn advertising fees by advertising and linking to akc.org. If you purchase a product through this article, we may receive a portion of the sale.\n\nAside from Amazon’s Black Friday Week, many retailers often expand their Black Friday deals, either before the day or into Cyber Monday through the weekend. Some deals may only last on Black Friday. Shopping in-store can allow you to feel and test products, but depending on the retailer, there may be more options of certain products online. Some stores may have exclusive discounts, so make sure to compare different products to make sure you’re not only getting the best deal, but the best product for your dog.\n\n', 'We use cookies': '', 'Privacy Preference Center': ''}",[]
https://www.akc.org/expert-advice/lifestyle/dog-water-fountain/,Could Your Dog Benefit From Using a Pet Water Fountain?,"Nov 18, 2024","['hydration', 'water', 'water fountain']",Gemma Johnstone,"Do you have a dog that shows little interest in their water bowl but will enthusiastically drink from the toilet if given the opportunity? Maybe you want to encourage them to take on more fluids to prevent the risk of dehydration on hot days or to help manage a medical condition.

Pet water fountains use a motorized pump and filter to provide a continually circulating, consistently cool stream of running water. They’re a popular option for cats who regularly lap from the faucet. But is it worth getting one of these devices for dogs, or is it better to stick with a traditional dog bowl?

","{'Will A Pet Fountain Encourage My Dog to Drink More?': 'The most common praise for pet fountains is that running water encourages dogs and cats to drink more. However, don’t buy one of these bowls expecting your dog to instantly start lapping up more liquids. The anecdotal evidence supporting this hypothesis relates to cats, who drink from faucets more often.\n\n“I’m unaware of evidence supporting the theory that dogs prefer running water,” says Carlo Siracusa, DVM, an Associate Professor of Clinical Animal Behavior and Welfare in the School of Veterinary Medicine at the University of Pennsylvania. It’s also worth noting that even the limited studies on cats don’t prove that using circulating water bowls significantly affects water intake.\n\nDr. Siracusa says various factors influence dog water drinking habits, including early experiences, diet, temperament, and environmental factors, such as health conditions and climate. This means all dogs have their own preferences, and some are drawn to running water. If your dog enjoys drinking from a garden hose, an outside tap or a park water feature, then a pet fountain may encourage them to drink more.\n\nAKC is a participant in affiliate advertising programs designed to provide a means for sites to earn advertising fees by advertising and linking to akc.org. If you purchase a product through this article, we may receive a portion of the sale.\n\nResearch does suggest that dogs prefer drinking cool water. While it’s possible to add ice cubes to your dog’s bowl or regularly refresh tepid water, a pet water fountain could be a convenient option. It’s continual water circulation helps maintain a consistent temperature.\n\nThen there’s the fact that pet fountains filter the water. While they might not remove contaminants the way under-sink, faucet-mounted or countertop filters will, they still get rid of food particles, hair and other larger debris that could make water less appealing to your dog.\n\n', 'Is a Pet Water Fountain Right For Your Dog?': 'A pet water fountain isn’t an essential purchase for your pet. If your dog already drinks enthusiastically from their bowl, it could just be a costly item cluttering your kitchen floor. However, if they prefer running water sources, or you just want to allow your dog to make their own choices, investing in one of these devices could be worth it.\n\nDr. Siracusa suggests making different water sources available in multiple locations to see what your dog plumps for. “This is even more important in a multi-dog household, where dogs may compete for access to resources,” he says.\n\nAKC is a participant in affiliate advertising programs designed to provide a means for sites to earn advertising fees by advertising and linking to akc.org. If you purchase a product through this article, we may receive a portion of the sale.\n\nHowever, be aware that some dogs won’t be fans of pet fountains. They are bulky, and the pump generates noise, which might be off-putting—especially for fearful dogs. Pet water fountains also cost significantly more than traditional water bowls, their complex construction means cleaning is more of a chore, and you’ll have to change the filter regularly.\n\nEven if your dog is a fan of pet water fountains, don’t ditch their old bowl. As well as giving your dog options, keeping this clean and topped up with fresh water means it acts as a backup if you experience a power outage or the pump breaks down on the fountain.\n\n', 'What To Consider If You’re Purchasing a Pet Water Fountain?': 'If you’re planning on giving a pet water fountain a whirl, consider the following features:\n\nAKC is a participant in affiliate advertising programs designed to provide a means for sites to earn advertising fees by advertising and linking to akc.org. If you purchase a product through this article, we may receive a portion of the sale.\n\n', 'See Your Vet If Your Dog Isn’t Drinking Enough': '“A healthy dog with consistent access to multiple sources of fresh water should be able to self-regulate,” Dr. Siracusa says. However, if you’re concerned your dog isn’t drinking enough water, regardless of whether they’re using a pet water fountain or not, consult with a veterinarian.\n\nAKC is a participant in affiliate advertising programs designed to provide a means for sites to earn advertising fees by advertising and linking to akc.org. If you purchase a product through this article, we may receive a portion of the sale.\n\n“A veterinarian can help determine what should be expected of a dog with specific characteristics and diet,” Dr. Siracusa says. “If a dog is showing atypical drinking patterns, either drinking more or less water than expected, I will suspect an underlying behavioral or physical problem.”\n\nDehydration in dogs can be a serious health risk, and it’s not something to ignore. “It will cause an electrolyte imbalance, negatively affecting the urinary and cardiocirculatory systems,” Dr. Siracusa says. “Kidney disease, urinary tract disease, hypovolemic shock, and heatstroke can be dangerous consequences.”\n\n', 'Other Ways to Help Your Hound Stay Hydrated': 'A pet fountain might encourage your dog to drink more water, but there are easier, less expensive ways to keep your pet hydrated. Encouraging your dog to increase their water intake is especially helpful if they have a medical condition putting them more at risk of dehydration, they’re a breed more prone to heatstroke, or you live in a hot climate.\n\nAKC is a participant in affiliate advertising programs designed to provide a means for sites to earn advertising fees by advertising and linking to akc.org. If you purchase a product through this article, we may receive a portion of the sale.\n\nIf your veterinarian rules out anything concerning, consider these additional ways to help keep your hound hydrated:\n\nWhatever bowl you choose, ensure your dog always has access to fresh water. Research suggests the dog bowl is one of the dirtiest household items. Replacing water and cleaning the bowl or pet fountain daily helps prevent a buildup of bad tastes, debris and bacteria.\n\n', 'We use cookies': '', 'Privacy Preference Center': ''}",[]
https://www.akc.org/expert-advice/lifestyle/snuffle-mats-for-dogs/,Everything You Need to Know Snuffle Mats for Dogs,"Mar 10, 2026","['treats', 'enrichment', 'snuffle mat']",Nandini Maharaj,"Like us, dogs need mental enrichment to keep their brains active. You may have heard about using a snuffle mat to give your dog’s nose a fun workout. A snuffle mat is a pad that’s covered in pieces of fabric where you can hide treats for your dog to find. Like other puzzle toys, snuffle mats respond to your dog’s instinct to sniff and forage. Read on to learn about the benefits of snuffle mats for dogs and whether you should purchase one for your pet.

","{'What Are Snuffle Mats, and How Do You Use Them?': 'The idea behind a snuffle mat is to encourage your dog to use their nose as they “snuffle” through fabric to find treats. We know from research and anecdotal experience that dogs have an exceptional sense of smell. In fact, a 2022 study found that areas of the brain responsible for sight and smell are connected in dogs, suggesting that they rely on scent to figure out where things are.\n\nA snuffle mat has strips of fabric attached to it which are arranged into folds, flaps, cups, and pockets. You can tuck treats or kibble into these crevices and put your dog’s foraging skills to the test. Snuffle mats are “great for keeping your dog’s mind entertained and mentally stimulated,” says Dr. Kelly Hood, DVM, in-house veterinary expert at PetPortraits.com. “Think of them as playtime for your dog with a purpose.”\n\nHere are some tips on using a snuffle mat:\n\nAKC is a participant in affiliate advertising programs designed to provide a means for sites to earn advertising fees by advertising and linking to akc.org. If you purchase a product through this article, we may receive a portion of the sale.\n\nShe recommends monitoring your dog if they have a history of chewing or swallowing objects. Snuffle mats aren’t a good choice if your dog is an aggressive chewer, treats everything like a chew toy, or isn’t motivated by treats.\n\n', 'What Are the Benefits of Using Snuffle Mats?': 'There are several reasons to consider using a snuffle mat. “They’re a lifesaver for dogs who devour their food in seconds,” Dr. Hood says. Dogs can get sick and throw up if they eat too fast. Snuffle mats work similarly to slow feeder dog bowls that have raised areas. With snuffle mats, it takes more effort to scoop up each piece of food which slows down your dog and helps them digest food better.\n\nAKC is a participant in affiliate advertising programs designed to provide a means for sites to earn advertising fees by advertising and linking to akc.org. If you purchase a product through this article, we may receive a portion of the sale.\n\nAs with the sport of AKC Scent Work where a dog has to find a target odor, snuffle mats turn your dog’s enjoyment of sniffing into a rewarding game. These mats provide a fun distraction, helping to relieve boredom and anxiety. Senior dogs who are at risk of cognitive decline as they get older can particularly benefit from having a puzzle to solve.\n\nSnuffle mats can help keep your dog active when extreme temperatures limit outdoor activities. This is especially helpful for dogs who need a lot of exercise or become restless when they don’t have a job, like working dogs. Plus, you can use this as a mini-training session, requiring your dog to wait for a specific command to start snuffling.\n\n', 'Which Foods or Treats Are Suitable for Snuffle Mats?': 'When you’re filling a snuffle mat, Dr. Hood suggests using treats that are small and dry. She recommends avoiding wet treats or food unless you plan to wash your snuffle mat after each use. If you have wet treats, it’s better to use another type of puzzle toy called a lick mat.\n\nAKC is a participant in affiliate advertising programs designed to provide a means for sites to earn advertising fees by advertising and linking to akc.org. If you purchase a product through this article, we may receive a portion of the sale.\n\n“Treats should have a strong but pleasant smell to keep your dog excited,” she says. You can use training treats or your dog’s regular kibble, especially when you’re using the mat during mealtimes. If your dog is a picky eater, turning mealtime into a game may help stimulate their appetite and inclination to forage for food.\n\n', 'What Design Features Should You Look For?': 'There is a wide variety of snuffle mats available to provide mental stimulation for your dog. Here are a few design features to consider when purchasing one:\n\nSome snuffle mats have one type of texture such as the ones that resemble a shag carpet. Other mats offer more of a challenge for your dog like this interactive snuffle mat which has numerous pockets and different textures. Deciding on the difficulty level depends on your dog’s size and temperament. A mat with a simple design can keep a small dog occupied but may not work as well for a larger dog.\n\nSnuffle mats come in different sizes and shapes. Consider how much space you have on your floor. A larger mat will take longer for your dog to find hidden treats. Look for one that rolls up and can be stored easily.\n\nAlternatively, if you have less room or wish to travel, consider a mat with a portable and compact design. For example, there are snuffle balls or products that combine a plush toy with a snuffle mat. Snuffle balls are a good option for dogs who enjoy chasing after treats, but they can get dirty more quickly.\n\nThis bowl-shaped snuffle mat has a drawstring, so you can adjust the size of the mat or tie it to a chair to keep it in place. Having a bowl shape works well if you’re using the mat at mealtimes. If you have a larger or more active dog, a smaller mat may not keep them occupied for long.\n\nAKC is a participant in affiliate advertising programs designed to provide a means for sites to earn advertising fees by advertising and linking to akc.org. If you purchase a product through this article, we may receive a portion of the sale.\n\nSnuffle mats are usually made with soft felt or fleece to be gentle on your dog’s nose and mouth. Look for a mat that’s machine washable. It’s wise to choose a mat with an anti-slip backing to keep your dog from sliding and falling.\n\nAKC is a participant in affiliate advertising programs designed to provide a means for sites to earn advertising fees by advertising and linking to akc.org. If you purchase a product through this article, we may receive a portion of the sale.\n\n', 'How Do You Clean and Maintain Snuffle Mats?': 'Dogs tend to drool and slobber a lot when snuffling. The combination of saliva and food particles makes regular cleaning a necessity, so it can help to have more than one mat. Some snuffle mats require special care and attention to keep them in good shape. Make sure to read the manufacturer’s instructions before laundering the mat.\n\n“Use a pet-friendly detergent and warm water on a gentle cycle machine wash,” Dr. Hood says. “Air drying is usually the best option to maintain its quality.” She also recommends using a damp cloth with mild soap for spot-cleaning areas or wiping up messes quickly. Depending on whether you’re handy with crafting or sewing, you may wish to make your own snuffle mat or purchase one online.\n\n', 'We use cookies': '', 'Privacy Preference Center': ''}",[]
https://www.akc.org/expert-advice/lifestyle/dog-raincoats/,Does Your Dog Need a Raincoat? Why Some Dogs Benefit From Raincoats,"Mar 03, 2026","['wet dog', 'jackets', 'rain', 'raincoat']",Colt Dodd,"Having your dog wear a raincoat does more than make a fashion statement. It plays a critical role in protecting them from nature’s elements. Even if you have a double-coated breed, like a Siberian Husky, who seemingly never gets soaked, water-resistant apparel can go a long way in preventing illnesses, offering warmth, and promoting comfort.

To help you choose the right raincoat for your dog, we discuss the different benefits, how to find the right fit, and what goes into maintaining these clothing items.

","{'Raincoats for Dogs Offer Many Benefits': 'Here’s a scenario that many dog owners are familiar with: their wet dog comes in from the outdoors and immediately shakes themselves off. Instantly, flecks of dirt and water droplets are everywhere. Raincoats for dogs offer a simple solution to keep both your pet and your home cleaner. In the long run, they can help reduce how often you must mop your floors and bathe your dog.\n\nEven if your dog has a thick coat, it’s a good idea to keep them protected from the elements during any rainy weather. Here are a few of the benefits of raincoats for dogs:\n\nAKC is a participant in affiliate advertising programs designed to provide a means for sites to earn advertising fees by advertising and linking to akc.org. If you purchase a product through this article, we may receive a portion of the sale.\n\n', 'Materials and Features of Dog Raincoats': 'Many raincoats for dogs look similar at first glance. However, there are various features and materials that offer unique benefits. For example, some raincoats rely on Velcro straps rather than plastic buckles. While Velcro offers on-the-go convenience, raincoats with plastic buckles ensure a tighter fit for dogs who may pull on walks or generally engage in a lot of movement.\n\nA raincoat’s fabric or material can also make a huge difference in its effectiveness. Avoid raincoats with a fleece or flannel exterior. These materials don’t repel water in the same way that polyester or duck canvas does. Look for a raincoat made of a reflective material lined with nylon. Even if the nylon interior gets wet, the coat will dry quicker compared to more absorbent materials.\n\nFinally, you may also consider getting a raincoat with a detachable hood. These can be particularly useful in preventing water from getting in your dog’s ears and causing infections. The hood may attach to the raincoat with either buttons or Velcro, allowing for easy removal or addition, depending on how heavily it’s raining.\n\n', 'How to Ensure a Raincoat Fits ‘Just Right’': 'A raincoat that’s too tight will restrict your dog’s movement and deter them from wearing it again. Yet, a raincoat that’s too loose will allow rain to seep through and soak your dog’s fur. So how do you ensure your dog’s raincoat fits properly? Use a soft measuring tape to assess the circumference of your dog’s neck, chest, and stomach. Also measure the length from your dog’s neck to the base of their tail.\n\nAKC is a participant in affiliate advertising programs designed to provide a means for sites to earn advertising fees by advertising and linking to akc.org. If you purchase a product through this article, we may receive a portion of the sale.\n\nSome raincoat sizes rely on dogs’ weight rather than bodies’ measurements. To get your dog’s weight, first weigh yourself solo, then weigh yourself again holding your dog. Subtract the two numbers, and you’ll learn how much your dog weighs. Keep in mind that using weight to buy well-fitting clothes for your dog doesn’t always work. After all, a 30-pound French Bulldog will have very different measurements than a 30-pound Basset Hound.\n\nHere’s a tried-and-true method of ensuring a raincoat fits your dog: the two-finger slide test. First, put the raincoat on your dog. Then, see if you can slide two fingers under the straps. If you can’t, the raincoat is too tight. If you can fit more than three fingers, then it’s too loose.\n\nAKC is a participant in affiliate advertising programs designed to provide a means for sites to earn advertising fees by advertising and linking to akc.org. If you purchase a product through this article, we may receive a portion of the sale.\n\nIt takes some time to find that “just right” fit for your dog. But with time, patience, and a basic understanding of your dog’s body type, you can find a raincoat that promotes their health, comfort, and overall well-being.\n\n', 'Get Your Dog Used to Wearing a Raincoat': 'Some dogs happily wear raincoats and other apparel without question. But others may need more convincing. Thankfully, with the power of positive reinforcement methods, many things are possible. This training modality relies on associating a desired behavior with a positive outcome. Here’s how you would use this method to accustom your dog to wearing a raincoat:\n\nIt takes time and patience for a dog to grow familiar with wearing a raincoat. But by associating positive experiences with its use, you can expedite the process.\n\n', 'Cleaning and Maintaining Your Dog’s Raincoat': 'To promote a dog raincoat’s effectiveness and longevity, it’s essential to wash it from time to time. The good news is that many of these products are machine-washable, so you can toss them in with your own laundry. But watch out for any special requirements to avoid holes, tears, and other degradation. For instance, some raincoats may require the delicate wash cycle rather than the standard one. Others may do better in cold water instead of hot water.\n\nDepending on the raincoat’s material, hand-washing the item may be best. Using a solution of dish soap and warm water, you may need to spot-clean stains or remove shed fur by hand. Reading the label inside your dog’s raincoat can offer information about the best way to keep it clean.\n\nAKC is a participant in affiliate advertising programs designed to provide a means for sites to earn advertising fees by advertising and linking to akc.org. If you purchase a product through this article, we may receive a portion of the sale.\n\n', 'Other Rainy-Day Apparel for Dogs': 'Raincoats are great for dog owners looking to keep their pets’ skin, fur, and the insides of their ears dry. But did you know that these items are just one type of clothing to protect your pet on rainy days? Other related items include:\n\nAKC is a participant in affiliate advertising programs designed to provide a means for sites to earn advertising fees by advertising and linking to akc.org. If you purchase a product through this article, we may receive a portion of the sale.\n\nRegardless of your dog’s age, size, or breed, they can benefit from wearing a raincoat. Keeping their skin and fur dry goes a long way in preventing adverse health conditions and prioritizing their comfort.\n\n', 'We use cookies': '', 'Privacy Preference Center': ''}",[]
https://www.akc.org/expert-advice/lifestyle/sweaters-for-dogs/,Does Your Dog Need a Sweater? Why Some Dogs Benefit From Sweaters,"Mar 03, 2026","['winter', 'cold', 'sweater']","Sassafras Patterdale, CPDT-KA, CTDI","From holiday sweaters to hoodies, there are a variety of dog sweaters available on the market. But aside from looking cute, does your dog really need one? For some dogs, the answer is yes.

As the weather outside starts to get cold, it’s important to ensure that your dog is warm and comfortable. While some breeds of dogs naturally have a dense fur coat that keeps them warm in cold weather, that isn’t the case for all dogs. Many dogs could benefit from wearing sweaters during the cooler seasons.

","{'Benefits of Dog Sweaters': 'Although you may think dog sweaters are just a way to dress your dog up, most sweaters serve the practical purpose of keeping dogs warm. Because they’re soft and don’t restrict movement, many dogs can adjust quickly to wearing them. Sweaters are also usually less warm than dog jackets, so they can be more comfortable for dogs to wear inside the house.\n\nSweaters can also be useful to help reduce shedding fur in environments that need to be kept clean. Dog sweaters can also help protect healing and irritated skin from being scratched while your dog is healing from an injury. While outside, sweaters can even help protect that sensitive skin from being scratched by branches and can help to keep your dog clean.\n\n', 'Do Dogs Need Sweaters?': 'Not every dog is going to need or benefit from wearing a sweater. Large breeds of dogs who are healthy and have a thick coat of fur generally don’t need to wear sweaters and could even overheat in them.\n\nAKC is a participant in affiliate advertising programs designed to provide a means for sites to earn advertising fees by advertising and linking to akc.org. If you purchase a product through this article, we may receive a portion of the sale.\n\nDogs that can become cold easily are some of the main candidates for sweaters. Dogs that most frequently struggle in colder temperatures are small dogs, especially toy breeds, and dogs without thick fur. Lean dogs with short fur, such as Azawakhs, Whippets, and Greyhounds, also frequently benefit from sweaters during cold weather since they don’t have a lot of fur or body fat to insulate them.\n\nHairless breeds, including the Xoloitzcuintli, American Hairless Terrier, Peruvian Inca Orchid, and Chinese Crested Dog, may need sweaters during cool and cold weather as they can become cold quickly. Other dogs who benefit from sweaters include dogs whose fur has been shaved, young puppies, and senior dogs.\n\n', 'Dog Sweater Size and Fit': 'When selecting sweaters for your dog it’s important to ensure you pick the right size and fit. A properly fitting dog sweater will fit your dog without being too big or too tight. A baggy sweater can result in your dog getting caught or tangled in the sweater. Not only is this uncomfortable, but it can also be scary or cause your dog to trip and get injured. On the other hand, a sweater that is too tight can restrict movement, which is uncomfortable and can also lead to injuries. A properly fitted sweater should allow your dog to move normally and not restrict their movement while they walk, run, or play.\n\nAKC is a participant in affiliate advertising programs designed to provide a means for sites to earn advertising fees by advertising and linking to akc.org. If you purchase a product through this article, we may receive a portion of the sale.\n\nTo properly measure your dog for a sweater you’ll need a soft measuring tape. This will allow you to easily measure different areas of your dog’s body. Sweater measurements usually include the length of your dog’s back, around their chest, and the size of your dog’s neck. Before purchasing a sweater for your dog, make sure to check the measurements to ensure the sweater will appropriately fit your dog. Just like with human clothing, the same size in different brands will likely fit differently. For example, your dog might be a size small in one brand, but a medium or extra-small in another. This is why it’s so important to check the measurements for a sweater before purchasing.\n\nAKC is a participant in affiliate advertising programs designed to provide a means for sites to earn advertising fees by advertising and linking to akc.org. If you purchase a product through this article, we may receive a portion of the sale.\n\n', 'Picking the Right Sweater': 'In addition to selecting a sweater that is the right size for your dog, you’ll also want to pick the right kind of sweater. Dog sweaters come in different styles and weights. For extra cold weather, your dog will want to wear a thicker sweater to keep them warm. For weather that is cool but not cold, a lighter sweater will keep your dog cozy.\n\nIf you’re putting a sweater on your dog to help prevent shedding, pick a full-body sweater that covers your dog’s body and legs. Full-body sweaters are also great for dogs who are recovering from surgery or have itchy skin that you’re trying to protect.\n\nAnother feature to look for when purchasing sweaters is a built-in hole for a leash or harness attachment to go through. This will make it easy to put your dog’s sweater on over their harness before walking. Sweaters that have legs also are ideal for especially cold weather as they help insulate more of your dog’s body.\n\n', 'How to Clean and Maintain Dog Sweaters': 'One mistake that dog owners will often make with dog sweaters is to not wash them frequently. Just like our clothes, when our dog wears a sweater they get dirty. Dog sweaters need to be washed regularly to keep them clean and sanitary. Sweaters can take on the oil from your dog’s skin and coat, as well as dirt, and mud they might pick up while on a walk, or playing in your yard. This can lead to sweaters being smelly, or even cause skin irritations for your dog.\n\nIt can be helpful to have enough sweaters that you can wash them each time your dog wears one. Be sure to follow the washing and drying instructions on each of your dog’s sweaters. While most dog sweaters are machine-washable, some may require handwashing and need to be air dried. Following washing instructions will help keep your dog’s sweaters from shrinking and will help them stay looking their best for as long as possible.\n\n', 'How to Get Your Dog Comfortable Wearing a Sweater': 'The key to making sure your dog is comfortable wearing sweaters is to intentionally introduce them to wearing clothes. First, let your dog explore the sweater with it lying on the floor or held in your hand. Praise your dog for sniffing and exploring the sweater. When your dog is comfortable with the sweater being near them, put the sweater on your dog.\n\nAKC is a participant in affiliate advertising programs designed to provide a means for sites to earn advertising fees by advertising and linking to akc.org. If you purchase a product through this article, we may receive a portion of the sale.\n\nBe sure to give your dog lots of praise and small treats. By pairing wearing the sweater with praise and treats, you’re helping your dog to develop positive associations with wearing a sweater. At this stage, keep the sweater on for a very short period, then remove the sweater. Each practice session slowly increases the amount of time your dog is wearing their sweater.\n\nWhile your dog has the sweater on, engage your dog in activities that they enjoy, such as playing with toys. Not only does this help create a positive association with wearing the sweater, but it also helps provide a positive distraction to your dog, so they’ll forget they’re wearing the sweater. The more familiar your dog becomes with wearing their sweater, the longer they can comfortably wear one.\n\nAKC is a participant in affiliate advertising programs designed to provide a means for sites to earn advertising fees by advertising and linking to akc.org. If you purchase a product through this article, we may receive a portion of the sale.\n\n', 'Supervise Dogs in Sweaters': 'Avoid leaving your dog unattended while they’re wearing a sweater. Dogs who are unsupervised can become entangled in their sweaters, which could lead to injuries. Even dogs who are comfortable and like wearing sweaters can accidentally become tangled. If you’re going to leave your dog unattended at home or in a crate, it’s best to remove the sweater first.\n\n', 'We use cookies': '', 'Privacy Preference Center': ''}",[]
https://www.akc.org/expert-advice/lifestyle/double-dog-leashes/,Double Dog Leashes: When and How to Use Them Safely,"Mar 03, 2026","['multi-dog household', 'leash walking', 'leashes', 'double leash']","Stephanie Gibeault, MSc, CPDT","Have you ever tried to walk two dogs at once? The leashes often tangle as the dogs cross paths, you have two handles to juggle, and you can feel like you’re being pulled all over the place. Perhaps a double dog leash is the answer for you.

Although there’s no substitute for teaching your dogs to walk politely on leash, under the right circumstances, a double dog leash can simplify the situation. Read on to learn about double dog leashes and whether they’re right for your dogs.

","{'What Is a Double Dog Leash?': 'Double dog leashes, also known as couplers, are devices that allow you to walk two dogs at once. Although you only hold one handle, the leash splits into two at the bottom so each dog has their own section. Double leashes can make walking two dogs at once more accessible, since you don’t have two entirely separate leashes tangling, or have to hold two separate leash handles.\n\nThere are many types of double leashes on the market, and they feature different options like reflective tape, swiveling connectors, and bungee cord ends to minimize strain on your arm. Some allow the length to be adjusted on each side in case your dogs are of different heights. Plus, there are thick, heavy-duty versions for larger breeds as well as lighter ones for small dogs. Consider which features are most important for your dogs’ size and walking style.\n\n', 'Which Dogs Are Good Candidates for a Double Dog Leash?': 'While there are a wide variety of double leashes, this doesn’t mean the tool is the right choice for walking your pets. According to Rachel Lane, dog trainer, certified behavior consultant, and owner of Leash & Learn, double leashes are not a good fit for all dogs. “Double leashes are most appropriate for dogs who are already well-trained, can walk on a loose leash, do not react aggressively to anything in their environment, and get along with each other without any history of conflict between them,” she says.\n\nAKC is a participant in affiliate advertising programs designed to provide a means for sites to earn advertising fees by advertising and linking to akc.org. If you purchase a product through this article, we may receive a portion of the sale.\n\nConsider each of your dog’s walking styles. Every dog has a unique personality and they don’t all behave the same on walks. For example, do you have one dog who likes to zip around and another who meanders? Lane says these two dogs wouldn’t be good candidates for a coupler. She recommends only walking two dogs together if they enjoy the same walking activities. For example, two dogs who like to take their time and sniff every blade of grass would be a good match.\n\nTrying to walk two mismatched dogs can be frustrating and won’t be made any less so by the double leash. It’s also frustrating for the dogs. Lane says dogs have goals for their walks, and if those goals are in opposition to one another, neither dog is getting their needs met. “They would not benefit from a double leash because their behavior is incompatible with one another in terms of how they like to spend their time on a walk,” she explains.\n\n', 'Which Dogs Shouldn’t Use a Double Dog Leash?': 'Double leashes aren’t appropriate for dogs who haven’t learned leash manners. Until your dogs understand polite walking behavior, you’re better walking them individually and making each walk a training session. Lane says double leashes should also be used with extreme caution with dogs who pull on leash, even if they’re small in size. It’s a safety issue that could result in you getting hurt. Just consider if one dog pulls in one direction and the other dog pulls in the other direction.\n\nAKC is a participant in affiliate advertising programs designed to provide a means for sites to earn advertising fees by advertising and linking to akc.org. If you purchase a product through this article, we may receive a portion of the sale.\n\nLane points out that dog walking injuries aren’t uncommon and frequently involve the dog’s handler tripping on the dog, tripping on the leash, or getting tangled in the leash. In fact, a recent study in the Journal of the American Veterinary Medical Association found that the most common cause of injuries is dog-pulling behavior. Although it appears that the level of training, the dog’s behavior, and the handler’s skill level are more important than the leash and attachment used, Lane advises that even more precautions for handler safety should be considered when two dogs are walked with a double leash.\n\nAKC is a participant in affiliate advertising programs designed to provide a means for sites to earn advertising fees by advertising and linking to akc.org. If you purchase a product through this article, we may receive a portion of the sale.\n\nThe relationship between the two dogs is another factor to consider. It can be challenging to walk two dogs on a coupler when they try to play with each other for the entire walk. Plus, one dog can rile the other up. For example, if one dog gets overexcited or overstimulated, that can cause the other dog to join in. The same is true if one dog reacts aggressively to something in the environment. Or worse, the overstimulated dog can redirect their frustration or discomfort on the second dog. If either of your dogs shows any reactive behavior while out on walks, such as barking, lunging, growling, staring, or snarling, avoid the use of double leashes.\n\nIt’s also important to avoid double leashes with dogs who don’t get along or only tolerate each other. Lane emphasizes that space plays an important role in dog behavior, particularly in instances of conflict. “When on a double leash, the two dogs have no way to move themselves away from the other dog. This can cause the dogs to fight when they normally would not, because their option to move away is no longer available,” she notes.\n\n', 'Training Tips for Using a Double Dog Leash': 'Before using a double leash, Lane urges people to teach each dog a strong foundation in loose leash walking. “They should walk cooperatively in any direction the handler chooses, respond to their owner’s cues the first time they are asked, focus on their handler in any situation or environment, and they should be able to walk on a loose leash at a variety of paces/pace changes,” she explains.\n\nAKC is a participant in affiliate advertising programs designed to provide a means for sites to earn advertising fees by advertising and linking to akc.org. If you purchase a product through this article, we may receive a portion of the sale.\n\nEven if you have two dogs who enjoy walking on a double leash, Lane suggests you don’t forget to take them for one-on-one walks on a regular basis. These individual walks can help you notice any changes in each dog’s posture, movement, or behavior, which is an important part of monitoring their health, especially as they age. You can also use those one-on-one walks to brush up on training. Plus, you can give your dog undivided attention and quality interactions to help strengthen your relationship.\n\n', 'We use cookies': '', 'Privacy Preference Center': ''}",[]
https://www.akc.org/expert-advice/lifestyle/choose-your-dogs-name/,How to Choose Your Dog’s Name,"Sep 10, 2024","['call name', 'dog name']","Stephanie Gibeault, MSc, CPDT","Although your name is part of your identity, that likely isn’t the case with dogs. Dogs may have a sense of self-awareness, but their name is really a verbal cue that means the next thing you do or say will be relevant to them. But your dog’s name is still important. It affects how you think of your dog, reflects their personality to others, and helps you effectively communicate with them. So, how do you choose the perfect name for your pet? There’s more to think about than you might realize.

","{'Call Name Versus Registered Name': 'If you’ve ever watched a dog show, you’ve heard incredibly long and fancy-sounding dog names like “Ramblin’ Red Slamdunk Buckpasser,” the Irish Setter who came second in the Sporting Group at the 2023 AKC National Championship. Those complicated monikers are the dogs’ registered names rather than what they’re called on a day-to-day basis.\n\nA dog’s everyday name is known as their call name. Call names are typically much shorter and easier to say than registered names, not to mention easier for the dog to understand. Whether you register your dog with the AKC or not, feel free to have a long and fancy or funny name for use among your human friends and family. But be sure to give your dog a shorter, snappier call name for everyday use.\n\n', 'Think Beyond the Obvious': 'But how do you choose a call name? You can always pick from a list of the most popular dog names. But it might be wise to avoid the more common names. You don’t want your dog to be the twelfth “Max” at the vet’s office or for another “Luna” to come running when you call your dog at the dog park. Instead, think of a name that is uniquely your dog’s.\n\nAKC is a participant in affiliate advertising programs designed to provide a means for sites to earn advertising fees by advertising and linking to akc.org. If you purchase a product through this article, we may receive a portion of the sale.\n\nLook at your hobbies and interests for inspiration. Perhaps you love superheroes or knitting. In that case, “Thor” or “Purl” might be worth considering. Or look for lists of unusual dog names or online name generators like the AKC name finder. If you look beyond the obvious, you can come up with something that sets your dog apart from the others in the neighborhood.\n\n', 'Say the Name Out Loud': 'Before you choose, think about the connotation of potential names or the feelings they evoke. It might seem funny to name your gentle Rottweiler “Beast” or “Killer,” but consider how strangers might respond when you introduce your pet. Some names can create assumptions about your dog’s personality. If strangers feel anxious around your dog, that can rub off on your pet and cause your dog anxiety.\n\nAlso, consider how you’ll feel calling out your dog’s name in public. If you have to ask for a recall or get your dog’s attention, will you be comfortable saying something that could be considered crass or ridiculous? Be sure to avoid naming your dog anything that could offend or insult others. Dogs can be a great way to socialize and meet new people. But, an introduction could end abruptly if you choose a name that raises eyebrows or hurts feelings.\n\n', 'Pick A Short and Snappy Name for Your Dog': 'It’s also important to consider how your dog will respond to their name. Pick something easy to recognize amid the constant background of human speech. Think short and snappy rather than long, soothing, or singsong. If you need to call your dog in an emergency, you don’t want a mouthful of words. Plus, you’ll likely quickly tire of a tongue twister. Remember, you’ll be saying this name for at least a decade, so make sure it’s practical for fast and efficient communication with your dog.\n\nAKC is a participant in affiliate advertising programs designed to provide a means for sites to earn advertising fees by advertising and linking to akc.org. If you purchase a product through this article, we may receive a portion of the sale.\n\nCommon advice for choosing a dog name is to start with or include a hard consonant like “D” or “K.” The thought is that these sounds are easier for their ears to distinguish compared to softer sounds like “S” or “F.” However, recent research has shown that the average dog doesn’t differentiate between similar-sounding human speech sounds. So, a nonsense word like “shay” will likely get the same response as the cue “stay.” Dogs may not attend to speech sounds the way we do — they might not notice the difference between “Josie” and “Cody,” for example. But, it can’t hurt to consider which name may be easier to notice in a noisy environment.\n\nIt can also help to choose a two-syllable name, preferably one that ends in a vowel. For example, “Daisy” or “Rocky.” These names are great for varying stress and intonation, which, as good dog trainers know, are integral to communicating with your dog. fMRI brain scan research shows that dogs use the way we say words to fully understand what we mean. So, if your dog’s name has two syllables, you can change your tone as you speak it, such as starting at a lower pitch, then raising your pitch toward the end when you’re serious, or doing the reverse if you feel playful.\n\nAKC is a participant in affiliate advertising programs designed to provide a means for sites to earn advertising fees by advertising and linking to akc.org. If you purchase a product through this article, we may receive a portion of the sale.\n\n', 'Don’t Choose a Confusing Name': 'Dogs don’t always distinguish human speech sounds, so it’s important to choose a name that doesn’t sound similar to other words your dog may hear often, such as cues. “Kit” sounds too much like “sit,” for example. You also don’t want a name like “Moe” or “Joe” that sounds like the word “no.” Although positive reinforcement is the best way to interact with your dog, you don’t want your dog to think you’re scolding when you’re calling their name. Finally, don’t pick a name that’s similar to that of another pet or person in the household. You don’t want your dog to tune you out because they think you’re speaking to someone else.\n\nAKC is a participant in affiliate advertising programs designed to provide a means for sites to earn advertising fees by advertising and linking to akc.org. If you purchase a product through this article, we may receive a portion of the sale.\n\n', 'Choose a Name That Suits Your Dog': 'One last consideration is whether the name suits your dog. Think about your pet’s personality, appearance, or breed heritage. Remember: you don’t have to name your new pet the first day they come home. Take your time to choose something the whole family can agree on. Then, try it out for a day or two and see how your dog responds. Does their tail wag, or do their ears perk up? Then you’ve probably found a winner. Once you’ve made your choice, teach your dog to recognize their name by playing the name game. Say their name in a happy tone of voice, and when they look at you, mark and reward the moment, so they learn to look forward to hearing that word.\n\nAnd don’t worry, it’s possible to change your dog’s name if necessary. For example, if you bring a dog home from the shelter, and you don’t like the name the shelter staff assigned. With a few simple steps, you can rename your dog, so their name perfectly reflects their personality.\n\n', 'We use cookies': '', 'Privacy Preference Center': ''}",[]
https://www.akc.org/expert-advice/lifestyle/bull-terrier-fun-facts/,Facts About the Bull Terrier You May Not Know,"Aug 27, 2024","['bulldog', 'terrier group', 'bull terrier']",Micaela Erickson,"The playful, charming Bull Terrier has come a long way since its less-than-glamorous origins. Originally from the UK, the breed was bred for dogfighting– a once popular spectacle in Britain that was banned in 1835. Following the ban on dogfighting, the Bull Terrier’s image was revamped as they became popular with upper-class men in the 1860s.

Despite their bloody roots, the Bull Terrier is known today as a devoted, lovable companion. The AKC officially recognized the breed as a member of the Terrier Group in 1885.

The breed is most recognizable for their hallmark long, egg-shaped head and pointed ears. But there’s more to the goofy, sweet Bull Terrier than meets the eye.

","{'Bull Terriers Are Entertainers': 'This breed is goofy and mischievous by nature. The Bull Terrier is exceptionally playful and can have a tendency to get into trouble. Like other members of the Terrier Group, they’re known for their feisty, energetic temperaments. There is rarely a dull moment with this silly breed.\n\n', 'Bull Terriers Thrive With Exercise': 'The Bull Terrier was initially bred for sport and excels in strength and agility. Daily exercise helps the breed stay sharp mentally and physically, and their joyful, energetic nature can help them succeed in dog sports.\n\nAKC is a participant in affiliate advertising programs designed to provide a means for sites to earn advertising fees by advertising and linking to akc.org. If you purchase a product through this article, we may receive a portion of the sale.\n\n', 'They’re a Beloved Icon': 'One well-known representative for the Bull Terrier might be “Bullseye,” the Target mascot. Bullseye made his debut in 1999 and has been the big box store’s iconic poster-dog ever since.\n\nAnother celebrity Bull Terrier is “Spuds Mackenzie,” a true “party animal” who had a brief star turn as Bud Light’s mascot in the late 1980s.\n\n', 'They’re a Somewhat Low Maintenance Breed': 'The Bull Terrier’s short, flat, glossy coat doesn’t require too much attention. Weekly brushing will help keep their coat clean and healthy looking. The Bull Terrier sheds minimally, making them easier to care for on the grooming front.\n\n', 'Bull Terriers Are Free Thinkers': 'Like most breeds, it’s important to socialize and train them early in their lives. Bull Terriers are an intelligent, free-thinking breed, which can make them a bit stubborn, especially in training. Puppy training classes may be a good fit for this breed.\n\nBull Terriers require firm yet fun and consistent training to help ensure the breed’s best qualities shine through. Positive reinforcement with food or toys can best help motivate the breed to engage with and listen to their owners.\n\n', 'The Bull Terrier Is a Quiet Watchdog': 'While the Bull Terrier is known for being highly energetic, the breed is not particularly vocal. The Bull Terrier is very loyal to its family, keeping an alert, watchful eye. The Bull Terrier is said to bark only when there’s reason to. If a Bull Terrier is barking, it’s good to pay attention.\n\nAKC is a participant in affiliate advertising programs designed to provide a means for sites to earn advertising fees by advertising and linking to akc.org. If you purchase a product through this article, we may receive a portion of the sale.\n\n', 'Dogs With Jobs': 'With the right amount of patience and training, the Bull Terrier can excel in a number of jobs. Bull Terriers can be great candidates for roles like bomb detection, search-and-rescue, and therapy dogs.\n\n', 'The Bull Terrier Is Different Than the Mini Bull': 'The Bull Terrier may sound familiar to the Miniature Bull Terrier, but the two are separate breeds. Both breeds are part of the Terrier Group, and tend to be equally mischievous.\n\n', 'Bull Terriers Are Competitive': 'The Bull Terrier is a highly active breed, and their work ethic tends to prioritize fun and games. This element of their nature makes them well-equipped to compete in dog sports. Bull Terriers tend to find particular success in obedience, tracking, agility, flyball, weight pull, and carting.\n\nAKC is a participant in affiliate advertising programs designed to provide a means for sites to earn advertising fees by advertising and linking to akc.org. If you purchase a product through this article, we may receive a portion of the sale.\n\n', 'Bull Terriers Are Good Family Dogs': 'Bull Terriers are loyal, affectionate, and gentle with their owners. BTs require a good amount of training and are a good fit for families who know the challenges and responsibilities of dog ownership. While the Bull Terrier is kind by nature, the breed may not be the best choice for novice dog owners, especially those with other pets or young children. The high-energy Bull Terrier may be too rambunctious for young children if they’re not properly trained or socialized.\n\nAKC is a participant in affiliate advertising programs designed to provide a means for sites to earn advertising fees by advertising and linking to akc.org. If you purchase a product through this article, we may receive a portion of the sale.\n\nThe Bull Terrier has had quite the evolution since its days of bloody brawls in the 1830s. The sweet, goofy, instantly recognizable breed will remain a beloved pet for years to come.\n\n', 'We use cookies': '', 'Privacy Preference Center': ''}",[]
https://www.akc.org/expert-advice/lifestyle/ear-muffs-for-dogs/,Ear Muffs for Dogs: When and Why Your Dog Might Need Them,"Sep 30, 2025","['anxiety', 'hearing loss', 'noise sensitivity', 'ear muffs']",Harriet Meyers,"You may have noticed that your dog often reacts to sounds you can’t detect, especially those at high frequencies. The average dog’s hearing is approximately four times stronger than the average person’s. The canine ear canal is much deeper than the human ear and serves as a better funnel of sound to the eardrum. In the days before canines became domesticated, detecting high-frequency sounds, like the squeaks made by small animals, was critical for survival.

Because of their hearing acuity, dogs are more vulnerable to pain, damage, and anxiety that intense, high-decibel sounds can cause. Recently, a variety of ear muffs designed for dogs are helping to protect canine hearing.

","{'When Are Dog Ear Muffs Useful?': 'Gradual weakness in hearing is common in senior dogs, as it is in aging humans. When my Curly-Coated Retriever reached 10 years old, if I called his name, he often responded by running in the wrong direction. Hearing loss is a safety issue for dogs who can no longer identify exactly where sounds are coming from.\n\nIf you’re worried about your dog’s exposure to noise and can’t remove your dog from the situation or moderate the volume, dog ear muffs may be a good investment. Here are some situations where they can help:\n\nAKC is a participant in affiliate advertising programs designed to provide a means for sites to earn advertising fees by advertising and linking to akc.org. If you purchase a product through this article, we may receive a portion of the sale.\n\nHunting dogs and police dogs are exposed, as are their humans, to the sudden explosive noise of a gun. Research has shown that hunting dogs may experience injury to their inner ear that eventually causes hearing damage. Similarly, fireworks at near proximity may damage a dog’s hearing. Well-fitted, noise-reducing ear muffs can offer some protection.\n\nIf you live in a city with constant traffic noise, your walks can be irrepressibly noisy to your dog. If you board your dog at a kennel, the barking of other dogs can be very stressful and cause hearing impairment. Dogs may also react to noises while traveling in cars, on public transportation, or on airplanes. In any of these situations, ear muffs can provide some relief.\n\nMany dogs are noise-sensitive and suffer anxiety over an assortment of noises, including thunder, vacuum cleaners, smoke detectors, clothes dryers, or car alarms. Muffling those noises with ear muffs can calm your dog but should be coupled with behavior modification. Your dog is hearing the noise as well as feeling vibrations and sound waves, so ear muffs aren’t a one-shot solution, but they can help.\n\nAKC is a participant in affiliate advertising programs designed to provide a means for sites to earn advertising fees by advertising and linking to akc.org. If you purchase a product through this article, we may receive a portion of the sale.\n\nResearchers did a study of industrial blow dryers used by some dog groomers. They found that the average noise level during several hours of low intensity had the potential to damage the hearing of the dogs and the groomer. Ear muffs could potentially protect dogs exposed to the noise for hours at a time.\n\n', 'Features to Consider When Purchasing Ear Muffs': 'There are numerous factors to consider when purchasing ear muffs for your dog. Here are a few things to think about when trying to determine which ear muffs are right for your dog’s needs:\n\nIf your dog isn’t comfortable wearing the ear muffs you buy, they won’t be useful. Ear muffs come in different shapes with a choice of padding. Certain dog’s head shapes do better with rounded ear muffs. Some ear muffs have thicker padding than others, while some models are less intimidating to put on your dog’s head. If your dog is small, you’ll likely need lightweight ear muffs to make them feel comfortable.\n\nA Bulldog and a Papillon have vastly different head shapes and sizes. That’s why ear muffs are available in a variety of sizes, and some have straps to make them easily adjustable. Follow the manufacturer’s instructions and measure your dog carefully before you order. If ear muffs don’t fit right, they won’t cancel out the noise.\n\nAKC is a participant in affiliate advertising programs designed to provide a means for sites to earn advertising fees by advertising and linking to akc.org. If you purchase a product through this article, we may receive a portion of the sale.\n\nThe loudness and intensity of a sound are measured in decibel (dB) units. The human ear registers discomfort at around 120 dB and pain when noise reaches about 140 dB, while a dog’s hearing discomfort starts as low as 90 dB. Read what the manufacturers say about estimated decibel noise reduction based on testing. Advertised brands claim reductions from 21 to 29 decibels. Remember, you don’t want your dog’s ear muffs to cancel out all noise since this could be dangerous for them.\n\nDogs often shake their heads and bend down to sniff, so look for ear muffs made of non-breakable, lightweight materials, such as ABS plastic. If you try to introduce ear muffs, but your dog is too uncomfortable with their bulk, a stretchy soft material hood or snood might be calming in instances of noise anxiety. However, note that these options may not be as effective at reducing the noise level.\n\n', 'How to Introduce a Dog to Earmuffs': 'Teaching your dog to wear ear muffs in gradual, calm, and positive steps is critical if you want them to wear something so foreign. Remember to introduce your dog to wearing ear muffs in a familiar environment before any situation when they’ll need them, such as fireworks.\n\nAKC is a participant in affiliate advertising programs designed to provide a means for sites to earn advertising fees by advertising and linking to akc.org. If you purchase a product through this article, we may receive a portion of the sale.\n\n', 'We use cookies': '', 'Privacy Preference Center': ''}",[]
https://www.akc.org/expert-advice/lifestyle/amazon-prime-day-dog-deals/,Save on Dog Essentials With These Amazon Prime Day Dog Deals,"Oct 07, 2025","['collars', 'crate', 'amazon prime day', 'vacuums']",AKC Staff,"Amazon’s Prime Big Deal Days are here! Whether you’re a first-time puppy owner, a seasoned dog lover, or a breeder, there’s always something that you need for your dog, and there’s no better time to buy it. With Amazon Prime dog deals, you can get that new dog collar that you’ve been eyeing for less, or save big on pet cameras to watch your dog while you’re not at home. These Amazon Prime Day dog deals are not to miss!

In This Article

","{'Dog Electronics Prime Day Deals': 'One of the most popular items on sale during Amazon Prime Day dog deals are dog monitoring cameras. These cameras can be set up around your house to watch your dog while you’re not able to. Whether you’re at work or just in the other room, these cameras can help give you peace of mind that your dog isn’t getting into anything they’re not supposed to. Dog monitoring cameras can be singular, or come in packs of cameras that you can place in multiple rooms.\n\nThere are even outdoor-specific pet cameras to watch your dog in the yard! But cameras don’t stop at giving you an inside view of what your dog’s getting into. There are also pet monitoring cameras with voice options, so you can speak to your dog from anywhere. There are even cameras that can give your dog treats, so you can reward good behavior and let them know you’re thinking of them, even when you can’t physically be there.\n\n', 'Prime Day Deals on Pet Vacuums': 'While dog grooming vacuums often go on sale during Amazon Prime Day dog deals, vacuums for dog owners are also a popular item. Vacuums for pet hair range from different floors to types of pet hair, but these pet vacuums can be lifesavers if you have a dog that sheds a lot.\n\nAKC is a participant in affiliate advertising programs designed to provide a means for sites to earn advertising fees by advertising and linking to akc.org. If you purchase a product through this article, we may receive a portion of the sale.\n\nEspecially during peak shedding seasons, you may be vacuuming more than once a day, so you need a pet vacuum that can handle the hair. Some dogs don’t like vacuums, but there are ways that you can get your dog used to vacuum cleaners. Unless you have a hairless breed, you’ll probably be using vacuum cleaners a lot, so you’ll want to get a vacuum with powerful suction and lots of storage. Check out popular dog shedding vacuums to see if the one you’ve been eyeing has gone on sale!\n\n', 'Dog Toys Prime Day Deals': 'Can your dog ever have enough toys? Their answer: probably not. Whether you’re stocking up on dog toys or you just want to treat your dog, Amazon Prime Day dog deals on toys are not to be missed. Whether you have a puppy, an adult dog, or a senior who still loves to play, there are plenty of dog toys on sale for you to choose from.\n\nAKC is a participant in affiliate advertising programs designed to provide a means for sites to earn advertising fees by advertising and linking to akc.org. If you purchase a product through this article, we may receive a portion of the sale.\n\nYou can get teething toys for your puppy, or toy bundles that include many different kinds of toys. When you’re looking for puppy toys, make sure you’re choosing durable puppy toys that are specific to their stage of life.\n\nThe best dog toys are the ones that your dog loves. If your dog’s favorite toy is looking a little run down, Amazon Prime Day sales might just be the perfect time to restock their toy for less. There’s also no better time to treat your dog to a new dog toy. We love to spoil our dogs, and a new toy is the perfect way to get them excited.\n\nToys are fantastic for mental stimulation. If you need something to keep your dog busy, consider puzzle toys for dogs. These cognitive dog toys, which often include treats, stimulate your dog’s mind and can keep them busy for hours. Puzzle toys are also great if you have to leave your dog home for a few hours. Instead of getting into things they’re not supposed to out of boredom, they’ll have puzzle toys to occupy them.\n\n', 'Dog Apparel and Gear Prime Day Deals': 'No matter the season, it’s important to have proper gear for your dog. This includes the right dog leash, dog collar, and dog harness, but doesn’t stop there. Dog raincoats, dog boots for various types of weather, and all kinds of other dog gear is important to keep your dog safe.\n\nAKC is a participant in affiliate advertising programs designed to provide a means for sites to earn advertising fees by advertising and linking to akc.org. If you purchase a product through this article, we may receive a portion of the sale.\n\nFor collars, it’s important to be able to identify your dog if they were ever to get lost. Some dog collars are even personalized to include the dog’s name with your information right on the side. Otherwise, dog tags on solid-fitting dog collars are always a good way to go. There are even dog tags that can be tracked with GPS devices, so you always know where your dog is!\n\nSince there are many different types of dog collars, make sure you do your research before choosing the right dog collar. If you’re walking early in the morning or late into the evening, a reflective dog collar is a good choice for low-light conditions.\n\nWhether you’re taking your dog out for a quick walk or just to go potty, having the right dog leash for your dog is incredibly important. Aside from the collar your dog wears every day, your leash might be your most-used gear.\n\nAKC is a participant in affiliate advertising programs designed to provide a means for sites to earn advertising fees by advertising and linking to akc.org. If you purchase a product through this article, we may receive a portion of the sale.\n\nDepending on your breed and your dog’s size, some dog leashes might be more suitable than others. Retractable dog leashes might be great for some dogs, whereas other dogs might benefit from training leashes or even a hands-free leash. But you can never go wrong with a standard dog leash to start!\n\nIf you’re looking for a dog harness, there’s no better time to get one! When choosing the right dog harness for your dog, make sure you take into consideration their age, breed, and what you’ll be using it for. Some harnesses are great for puppies, while others are better suited for adult dogs.\n\nAKC is a participant in affiliate advertising programs designed to provide a means for sites to earn advertising fees by advertising and linking to akc.org. If you purchase a product through this article, we may receive a portion of the sale.\n\nDepending on whether you’re walking, running, or hiking with your dog, you may also want to consider different dog harnesses. Reflective dog harnesses are great for mornings and evenings, and there are no-pull harnesses, front-clip harnesses, and back-clip harnesses, depending on use. Make sure your dog’s harness is properly fitted before you head out.\n\nWhether you need a dog winter coat for the colder winter months, or dog sunscreen for blazing summer days, Amazon Prime Day dog deals is a great time to stock up. For colder months, a winter coat, as well as dog rain jackets, are good options. Colder weather might also lend to dog sweaters, which are as effective as they are cute.\n\nKeeping your dog warm and safe during colder months is important, especially if you have a breed with shorter fur, or a hairless breed. Consider a dog jacket as those temperatures go down, or a reflective dog raincoat for walks in the rain. If you’re taking your dog swimming, you may also want to consider a dog life jacket!\n\nDog boots aren’t just for the cold. You can also get dog boots or dog shoes for summer weather to help protect your dog’s paw pads from the hot pavement. It may take your dog awhile to get comfortable wearing dog boots, but dog shoes are great to help keep your dog’s paws cut and infection free. Dog boots are especially great for walks in the woods or on gravel.\n\nIn the winter, dog boots can also help protect your dog from getting antifreeze poisoning by licking sidewalk defrosting salt off of their paws.\n\n', 'Dog Care and Grooming Prime Day Deals': 'No matter what kind of dog you have, grooming is an essential part of their routine. Whether you’re brushing your dog once a day or once a week, dog grooming care is not only important, but a great bonding experience. Tools for grooming your dog are on sale as part of Amazon Prime Day dog deals, so check out popular products like dog dryers and dog nail clippers before the sale is over!\n\nAKC is a participant in affiliate advertising programs designed to provide a means for sites to earn advertising fees by advertising and linking to akc.org. If you purchase a product through this article, we may receive a portion of the sale.\n\nIt’s important to keep your dog’s nails trimmed. There are many different ways that you can go about trimming your dog’s nails, from traditional nail clippers to dog nail grinders. Some dogs don’t like their paws being touched, so it’s important to be patient when trimming your dog’s nails. Sometimes, all it takes is the right dog nail clippers to get the job done quickly and painlessly.\n\nAKC is a participant in affiliate advertising programs designed to provide a means for sites to earn advertising fees by advertising and linking to akc.org. If you purchase a product through this article, we may receive a portion of the sale.\n\nYou can take your dog to professional groomers, but if you’re washing your dog at home, you’ll need an arsenal of dog bath products to get the job done. How often you should wash your dog depends on their breed and hair type, or how dirty they get. If your dog jumped into a muddy puddle, or got sprayed by a skunk, you may need to add an additional bath to their schedule. Make sure you use\xa0dog-specific shampoo, not human soap, to bathe your dog.\n\nIt’s important to dry your dog properly to get the most out of the bath that you gave them. Microfiber towels and other dog towels are effective for patting down your dog and reducing tangles after baths. You can also get dog hair dryers and dog-specific grooming machines that help dry your dog so that they’re looking their best after they’ve gotten clean. Grooming dog dryers also often come with multiple nozzles that help their coat shine!\n\nBrushing your dog helps reduce shedding, and helps keep them cool in the summer. For many breeds, it’s a good aim to brush your dog between once a day or once a week. Dog brushes range in material, from rubber dog brushes to metal dog brushes.\n\nAKC is a participant in affiliate advertising programs designed to provide a means for sites to earn advertising fees by advertising and linking to akc.org. If you purchase a product through this article, we may receive a portion of the sale.\n\nYou can also get dog brushes that catch fur in them as you’re brushing. For the conformation competitors or creative groomers, you can also get dog combs to help them look their best.\n\nDo you brush your dog’s teeth? Even if you’re not equipped with a dog toothbrush and dog toothpaste, there are many ways you can get your dog’s dental care checked off your list. Dog dental treats are a delicious and effective way to help remove plaque.\n\nDog dental additives can be added to your dog’s food or water to help keep their teeth clean and reduce gum disease. Simple things like giving your dog a dental treat every day can help prevent bad breath and diseases like periodontal disease.\n\n', 'Dog Treats Prime Day Deals': 'There’s no better reward for your dog than a delicious dog treat. But choosing the right dog treat for your dog and the occasion can be difficult. It’s good to have a range of treats for different reasons, so that you can keep incentivizing good behavior from your dog.\n\nFor example, you may want to give them dog biscuits as an everyday option as they’re easy to break in half. You could give your dog moist, soft treats when you’re learning new things with them. Using special, tasty dog training treats can help motivate your dog to want to learn more.\n\nBut make sure you don’t give your dog too many treats. How many treats your dog can have depends on their breed, size, and age, but if you’re worried about weight gain, you could always opt for low-calorie dog treats.\n\nAKC is a participant in affiliate advertising programs designed to provide a means for sites to earn advertising fees by advertising and linking to akc.org. If you purchase a product through this article, we may receive a portion of the sale.\n\n', 'We use cookies': '', 'Privacy Preference Center': ''}",[]
https://www.akc.org/expert-advice/lifestyle/choosing-right-dog-leash/,Dog Leashes 101: These Leashes Were Made for Walking,"Mar 04, 2026","['leash walking', 'leashes', 'leash lunging']",Harriet Meyers,"A leash is one of the most basic, yet critical pieces of equipment you use with your dog. It can make the difference between a relaxing, enjoyable outing and a frantic tug-of-war. The proper leash for you and your dog should be strong and well-made, but doesn’t need to be expensive. Consider the size and training level of your dog, the activities you’ll be sharing, and the comfort of dog and handler.

","{'Types of Dog Leashes': 'Since leashes are so important, it’s a good idea to keep more than one. That way you’ll be prepared for whatever environment, activity, or training stage you and your dog experience. Plus, leashes get wet, dirty, chewed on, and worn out. No matter what type of leashes you choose, be sure they have a sturdy metal clip to attach to the collar or harness.\n\nStandard flat leashes are the kind you see most often. They’re usually made of a tough nylon weave and are 4-to-6-feet long. Plus, most of these leashes are inexpensive, strong, waterproof, and washable. Standard leashes with an extra handle closer to the dog are useful when you’re walking in traffic or areas crowded with people and other dogs.\n\nA chain leash has a nylon or leather handle and a chain that comes in a variety of thicknesses. Dogs who are chewers shouldn’t be able to destroy a chain leash.\n\nAKC is a participant in affiliate advertising programs designed to provide a means for sites to earn advertising fees by advertising and linking to akc.org. If you purchase a product through this article, we may receive a portion of the sale.\n\nThe retractable leash contains a nylon tape or cord and will allow you to extend the length — sometimes up to 30 feet — and then retract it. The plastic handle usually has a lock, so you can control the length of the extension.\n\nSimilar to a retractable leash, a nylon long line gives your dog more room to move. However, it doesn’t extend based on the pull of the dog. The handler lets out the leash and loops it back in.\n\nHands-free leashes come with an adjustable loop that’s worn around the handler’s waist, while the other end is clipped to the dog’s collar or harness.\n\nAdjustable leashes can be used as a hand-held or hands-free leash. You can adjust the length and clip the leash around something stationary, such as the leg of a picnic table or playground bench.\n\nIf you’re walking two dogs and don’t want to juggle two separate leashes, the double leash is a good option. There is one leash for the handler to hold and a coupler with two separate sections to attach to the dogs’ collars.\n\nAKC is a participant in affiliate advertising programs designed to provide a means for sites to earn advertising fees by advertising and linking to akc.org. If you purchase a product through this article, we may receive a portion of the sale.\n\nA martingale leash is handy for reducing pulling. The leash combines a martingale collar with a standard nylon leash.\n\nThis is a loop collar combined with a leash. The slip leash or “lead” is handy in lots of situations. It’s easy to slip on and off the dog and should only be used with well-trained dogs who aren’t likely to duck out of them. You can also use a slip lead as a doubled-up “backup” leash for a dog who has a history of slipping its collar. It’s a good idea to keep a spare slip lead in your car just in case you ever need it in an emergency—whether for your own dog or someone else’s.\n\nAKC is a participant in affiliate advertising programs designed to provide a means for sites to earn advertising fees by advertising and linking to akc.org. If you purchase a product through this article, we may receive a portion of the sale.\n\n', 'Matching the Leash to the Dog': 'There are many factors to consider when determining which dog leash would be best for your dog’s particular needs:\n\nIf you have a toy breed, you’ll find it difficult to use a very short leash. However, a narrow-width, light-weight leash will be strong enough to hold a small dog. Big dogs and those who aren’t yet leash trained will require a thicker, wider, and heavier leash with a padded handle to prevent you from getting injuries, such as leash burn.\n\nDog trainers recommend beginning leash training with a 4-6-foot nylon leash. A long line is useful when you’re teaching recall and to give your puppy a chance to explore. If your dog isn’t leash trained, avoid using a retractable leash because they’ll quickly learn that pulling is the right thing to do if they want more space.\n\nDuring activities like running or hiking, when you may need to use two hands, hands-free leashes are helpful. Long lines also give you and your dog more freedom during hikes and in uncrowded areas.\n\nAKC is a participant in affiliate advertising programs designed to provide a means for sites to earn advertising fees by advertising and linking to akc.org. If you purchase a product through this article, we may receive a portion of the sale.\n\nDogs who provide animal-assisted therapy in schools, libraries, or healthcare institutions are best walked on short nylon or leather leashes that always keep the dog under the handler’s control.\n\nIf you walk your dog at night close to a road, a leash with reflective material is a safer option. Thin retractable cords are difficult to see in the dark.\n\nSome people believe that leather is the most comfortable type of leash to handle, while others prefer the padded nylon or neoprene grip versions. Retractable leashes can allow the dog to move while the handler is stationary but can cause rope burn if you try to hold onto the cord or tape.\n\n', 'Keeping Leashes Clean': 'Leashes get dirty and smelly and eventually need to be washed. Some nylon leashes can be placed in a mesh laundry bag and put in the washing machine, but only if the manufacturer’s tag says so. The safest way to wash nylon leashes is in a bowl of hot water with a little dog shampoo. Soak it, scrub off any especially dirty spots, rinse thoroughly, and air dry.\n\nAKC is a participant in affiliate advertising programs designed to provide a means for sites to earn advertising fees by advertising and linking to akc.org. If you purchase a product through this article, we may receive a portion of the sale.\n\nLeather does not benefit from a water bath. If your leash is leather, wipe dirt of with a damp, soft sponge. You can soften the leash with a leather cream, but make sure it’s a cream that’s safe for dogs.\n\n', 'Benefits of Leashed Walks with Your Dog': 'How does your dog react when you pick up a leash and ask, “Do you want to go for a walk?”\n\nAKC is a participant in affiliate advertising programs designed to provide a means for sites to earn advertising fees by advertising and linking to akc.org. If you purchase a product through this article, we may receive a portion of the sale.\n\nMost dogs love to get the physical and mental stimulation of the outdoors, especially when they can experience it with you. Leashes help us train our dogs, keep them safe, and prevent interactions with unfriendly dogs.\n\nLeashes benefit dog owners, as well. Being connected to our dogs makes us more aware of their reactions to the environment and strengthens our bond. Research shows that regular physical activity such as dog walking has health benefits for humans, makes us happy, and increases socialization and our sense of community.\n\n', 'We use cookies': '', 'Privacy Preference Center': ''}",[]
https://www.akc.org/expert-advice/lifestyle/choosing-the-right-dog-harness/,Choosing the Right Harness for Your Dog,"Apr 23, 2026","['leash walking', 'harness', 'leash lunging']",Nandini Maharaj,"Dog harnesses have loops that go around a dog’s torso and the widest part of their neck. In addition to keeping dogs secure, a harness applies less pressure to their neck, compared to a dog collar. Using a harness can be helpful for senior dogs and puppies that are still growing, as well as any dog with a broad head and neck.

In This Article

Even if your dog doesn’t fit into one of these categories, there are several reasons to consider purchasing a dog harness. But with so many options available, you might wonder how to choose the best dog harness. Read on to learn more about the different types of dog harnesses, how to properly fit a harness, and tips for keeping them clean.

","{'Which Dogs Should Wear a Harness?': 'The idea behind a dog harness is that it “secures the dog with multiple contact points which helps distribute pressure around the chest and shoulders,” says Dr. Amy Attas, VMD of New York-based practice City Pets. She recommends a harness for breeds like the Bulldog, French Bulldog, and Pug. Since their neck is almost as wide as their head, it’s easy for dogs with this shape to slip out of a collar.\n\nShe also recommends harnesses for older dogs and dogs with neck pain, breathing issues, and heart disease. Harnesses are a good option for puppies so long as you adjust the size or purchase a bigger harness as your puppy grows. Moreover, if your dog has a habit of pulling on the leash, a harness can help prevent them from straining or injuring their neck if they tug too hard.\n\n', 'How to Properly Fit a Harness': 'It’s important to choose a harness that fits properly so there’s no chance of the dog wiggling out of it, Dr. Attas says. If possible, she suggests bringing your dog to the pet store so they can try on the harness. A knowledgeable sales associate can also help you adjust the harness to make sure it fits securely.\n\nAKC is a participant in affiliate advertising programs designed to provide a means for sites to earn advertising fees by advertising and linking to akc.org. If you purchase a product through this article, we may receive a portion of the sale.\n\nIf visiting the store isn’t an option, there are two key measurements you need to take. The first is the area at the base of the neck where it meets the shoulders. The second is the widest part of the chest, which is usually behind the front legs, she explains. You can take your dog’s measurements with a cloth measuring tape. You can also use a piece of string and place it against a ruler or tape measure to determine the length in inches or centimeters.\n\nTypically, harnesses have more than one closure, making them more secure and allowing you to make size adjustments as needed. Dr. Attas recommends putting the harness on your dog at the approximate size you think it would be, erring on the side of making it loose. “Once it’s on, you can tighten it so that it fits snugly, but not too tight,” she says.\n\nAKC is a participant in affiliate advertising programs designed to provide a means for sites to earn advertising fees by advertising and linking to akc.org. If you purchase a product through this article, we may receive a portion of the sale.\n\nYou may have heard that a good rule of thumb is to see if you can fit two fingers between a dog collar or harness and your dog’s body. “I think that might be just slightly too much,” notes Dr. Attas. “Instead, it should be that you have to squeeze two fingers underneath, but not so tight that it’s uncomfortable.” If your dog has a long or fluffy coat, you may need to tighten the straps a bit more to keep your dog from slipping out of the harness.\n\nHere are some additional tips for keeping your dog safe in a harness:\n\n', 'Types of Dog Harnesses': 'Harnesses come in various styles, materials, and closure types, each with advantages and disadvantages. Below we get into these features to help you decide on the best dog harness.\n\nThere are different materials to choose from to maximize comfort and durability, including the following:\n\nAKC is a participant in affiliate advertising programs designed to provide a means for sites to earn advertising fees by advertising and linking to akc.org. If you purchase a product through this article, we may receive a portion of the sale.\n\nSome harnesses have reflective stitching or material that can be seen in low light. If your dog’s harness doesn’t have reflective material, Dr. Attas suggests buying high-visibility reflective tape. You can cut this into strips and stick them onto the harness. Another option is reflective harnesses that come with LED lights. These can help increase your dog’s visibility on nighttime or early morning walks.\n\nAKC is a participant in affiliate advertising programs designed to provide a means for sites to earn advertising fees by advertising and linking to akc.org. If you purchase a product through this article, we may receive a portion of the sale.\n\nThere are pluses and minuses to where a harness clips, Dr. Attas says. Front-clip harnesses are helpful if your dog tends to pull. As the dog moves forward, the harness pulls them back to the person holding the leash. But, if your dog already has the harness on, it may be harder to attach the leash in front because the clip is under their chest.\n\nShe recommends back-clip harnesses for well-trained dogs. When the harness is on, the clip is close to the middle of a dog’s shoulder blades. One advantage of back-clip harnesses is that you can easily clip the leash on and go.\n\nA third type is a dual-clip harness, which has two clips, one underneath and one on top. “These are nice when you’re teaching your dog to use a harness,” adds Dr. Attas. You can start by clipping the leash to the front for better control of your dog. As they improve with regular walks, you can switch to using the rear clip.\n\nThe no-pull harness is a variation of the front-clip harness. But instead of having a clip, the no-pull harness has a D-shaped ring at the front. “When the dog starts to pull, the D ring will constrict the harness a little bit and stop the dog from pulling,” explains Dr. Attas. “These harnesses are helpful for dogs that are larger than the person walking them, a person wheeling a stroller, or someone with a mobility issue.”\n\nSome harnesses slip over the head and neck and attach underneath or on top of the torso. Another style is a step-in harness, which resembles a figure eight. You can help your dog step in and clip the harness at the back. Similar to an over-the-head harness, a step-in harness goes around your dog’s neck and torso.\n\nBut the difference is that you don’t have to slip the harness over their head, which can be helpful for dogs who have headaches or pain in their ears or neck or have a sensitivity to anything touching their head, Dr. Attas says. Step-in harnesses also work well for “dogs that are escape artists, because they’re harder to get out of if they fit properly,” she says.\n\nAKC is a participant in affiliate advertising programs designed to provide a means for sites to earn advertising fees by advertising and linking to akc.org. If you purchase a product through this article, we may receive a portion of the sale.\n\n', 'How to Clean and Maintain Dog Harnesses': 'Whether the closures are made of Velcro, plastic, or metal, it’s a good idea to inspect and clean them regularly. Check the hardware for cracks or areas where the fabric may be frayed or damaged. Make sure the Velcro fastens properly since fur and other materials can get stuck in the hooks and loops, making the harness less secure.\n\nHarnesses can get dirty and smelly with use, so it’s important to keep them clean, especially if your dog goes swimming or rolls in the mud. The cleaning method depends on the material. You can wipe the leather with a damp cloth to loosen dirt. For an inexpensive cleaning solution, create a mixture of water, vinegar, and baby soap to clean and condition the leather. Mesh harnesses can be gently hand-washed to remove dirt.\n\nAKC is a participant in affiliate advertising programs designed to provide a means for sites to earn advertising fees by advertising and linking to akc.org. If you purchase a product through this article, we may receive a portion of the sale.\n\nTo clean harnesses made of nylon or neoprene, use a mild detergent, such as the kind for handwashing clothing. Dilute the detergent in warm water. Soak the harness, rinse it well, and let it air dry to keep it in good condition.\n\n', 'We use cookies': '', 'Privacy Preference Center': ''}",[]
https://www.akc.org/expert-advice/lifestyle/fun-facts-german-spitz/,German Spitz Facts You May Not Know,"Jul 03, 2024","['spitz breeds', 'pomeranian', 'Miscellaneous', 'german spitz']",Micaela Erickson,"One of the oldest breeds from Central Europe, the German Spitz has a rich history in Europe and served as the progenitor of many breeds in the region. The term Spitz is derived from Old Dutch, and translates directly to “pointed peaks,” alluding to the breed’s distinctive, pointed ears.

The German Spitz was a common breed in medieval times and worked hard as a watchdog, vermin wrangler, and guardian of both livestock and vineyards. Today, the breed still maintains its reputation of having a watchful eye and lively spirit. There is much more to the German Spitz than meets the eye.

","{'The German Spitz Has Many Variations': 'The German Spitz comes in toy, medium, and large sizes, with a variety of color variations. The large German Spitz comes in brown, black, or white, while the toy and medium German Spitz come in a wider range of colors. This breed can weigh anywhere from 10 to 50 pounds, depending on its size.\n\nAKC is a participant in affiliate advertising programs designed to provide a means for sites to earn advertising fees by advertising and linking to akc.org. If you purchase a product through this article, we may receive a portion of the sale.\n\n', 'They’re Highly Intelligent': 'The German Spitz is a very intelligent breed and learns quickly. They are eager to please their owners and respond well to various motivators. Their intelligence mixed with their devotion towards their owners make them easy to train. They can be highly independent, so consistent socialization and training are key.\n\n', 'German Spitz Can Make Great Watchdogs': 'The German Spitz is naturally a very vocal breed. Bred to be an alert watchdog, their natural reaction is to bark at just about anything. They can also be uneasy around strangers and lack hunting instincts. These traits make them effective guard dogs.\n\n', 'They’re an Active Breed': 'This breed requires plenty of mental and physical stimulation. They were bred to do field jobs, so they fare best when given regular exercise and activities like ball chasing and learning tricks. Neglecting to give the German Spitz a proper outlet for their energy may lead to excessive barking or destructive behavior.\n\nAKC is a participant in affiliate advertising programs designed to provide a means for sites to earn advertising fees by advertising and linking to akc.org. If you purchase a product through this article, we may receive a portion of the sale.\n\n', 'Regular Coat Maintenance Is Key': 'The German Spitz has a thick, fluffy double coat that requires regular grooming. They need to be brushed every few days and require thorough grooming about once a week. Their profuse coats naturally repel dirt and require baths less frequently than brushing. Regular grooming habits should keep their lush coat intact, preventing knots and matting.\n\n', 'The German Spitz Was Bred For Colder Climates': 'The German Spitz is considered a northern breed and was initially bred for frigid temperatures. The thick double coat keeps the breed warm and allows them to deal with harsher conditions when doing herding or hunting tasks.\n\n', 'A Popular Breed Is Thought to Be Linked to the German Spitz': 'The Pomeranian is a breed thought to be linked to the German Spitz, specifically the toy version. The two breeds look alike and have similar temperaments, but the Pomeranian was bred for companionship while the German Spitz was bred for working.\n\nAKC is a participant in affiliate advertising programs designed to provide a means for sites to earn advertising fees by advertising and linking to akc.org. If you purchase a product through this article, we may receive a portion of the sale.\n\n', 'Their Coloring Worked for Their Benefit in the Past': 'In medieval times, when the German Spitz primarily worked as a herding dog, its color was key in distinguishing it. Large, white German Spitz acted as typical farm guardians, protecting and herding sheep. Their white coat helped distinguish the breed from wolves in the dark. While white German Spitz watched over sheep, black German Spitz were more widespread across German wine regions. Large, black German Spitz would guard yards during the day and vineyards at night.\n\nAKC is a participant in affiliate advertising programs designed to provide a means for sites to earn advertising fees by advertising and linking to akc.org. If you purchase a product through this article, we may receive a portion of the sale.\n\n', 'The German Spitz Is a Good Family Dog': 'A devoted breed, the German Spitz can be a great addition to a family. They tend to be good with older children and other pets, especially when socialized early. Plus, they bond strongly with their owners and can be quite affectionate with those they love. Families prepared to give this spunky breed all the attention and exercise they need may consider bringing a German Spitz into their home.\n\n', 'The German Spitz Is Resilient': 'Bred for colder climates, the German Spitz is ready to handle difficult conditions. They tend to be indifferent to the weather, and their endurance, energy, and attentiveness set them apart from other breeds. Pomeranians are also far more common in the U.S. than the German Spitz.\n\nThe highly intelligent, devoted German Spitz is a breed deserving of wider spread recognition. They have a legacy across generations, dating back to medieval times. Its close cousins and descendants represent a wide lineage of working dogs, with responsibilities in pastures and vineyards. Their alert, watchful nature serves just as much of a purpose for their owners today as it did in the past.\n\n', 'We use cookies': '', 'Privacy Preference Center': ''}",[]
https://www.akc.org/expert-advice/lifestyle/benefits-of-group-activities/,How Group Activities Can Benefit You and Your Dog,"Feb 21, 2025","['dog sports', 'breed clubs', 'health']",Elaine Waldorf Gewirtz,"Walking your dog and participating in dog sports is healthy for you and your pet. A bonus is meeting and spending time with people who enjoy the same doggy activities that you do.

People are more likely to meet their weekly minimum exercise requirements when they walk their dogs. Involvement in AKC performance sports with your dog benefits both of you. These include improving heart health, easing stress, adding confidence, and boosting mental well-being.

","{'Good for You and Your Dog': 'There’s nothing better than spending time with your dog. It’s a bonding experience between you, and also has positive benefits for your health. Plus, it’s good for your dog! Whether you’re exercising with your dog or just spending time with them, it’s good for your mental health and fitness as well as your dog’s.\n\nSo why not get the best of both worlds? Participating in group activities with your dog, like dog sports, dog walks, group training classes, or dog clubs, can help you connect with others, exercise your dog, and more.\n\n', 'Physical and Mental Benefits of Dog Groups': 'Joining an AKC all-breed, national breed, local breed club, or performance group offers many physical and mental health benefits. Group membership allows you to spend time with friends who share your affinity for your breed and helps you build a social network. Many studies show that social networks improve physical and mental health. Connecting with people in a dog club can lead to a longer life span, reduced cardiovascular disease and cancer incidence, and enhanced immune function.\n\nResearch shows that building strong social ties in a group expands your social ties, which is vital to brain health. For example, numerous studies show that volunteering can help reduce levels of anxiety, depressive symptoms, and the risk of cognitive impairment.\n\nBelonging to an AKC dog club and working with others to help dogs can give you a sense of belonging and security. The participation with others of like mind helps elevate your self-esteem, which can enable you to handle anxiety and stress more easily. It makes it easier to call or email a dog friend you’ve met in an AKC group to talk. When you need a little help from a dog friend, the network helps to support you.\n\nAKC is a participant in affiliate advertising programs designed to provide a means for sites to earn advertising fees by advertising and linking to akc.org. If you purchase a product through this article, we may receive a portion of the sale.\n\n', 'Dog Activities You Can Do in a Group': 'There are many different AKC dog sports that offer opportunities to participate, whether in an individual, team, or group format. Whether it’s conformation events or companion sports, there are so many different ways for dogs and owners at different experience levels. Consider trying these activities that are especially great for building community with other dog owners:\n\nIf you and your dog are in good shape and walk with your dog regularly, this program is an excellent choice. You’re already out there walking your dog, and this program lets you earn titles for your efforts. You can participate alone or join a regularly scheduled canine fitness or conditioning group that offers AKC FIT DOG. With four AKC titles, the beginning level involves walking at least 30 minutes five times a week for at least 150 minutes per week for at least three months. AKC FIT DOG clubs are a great way to meet other people who enjoy walking their dogs, plus experience all of the physical and mental benefits that come from time spent outside with your dog.\n\nAKC is a participant in affiliate advertising programs designed to provide a means for sites to earn advertising fees by advertising and linking to akc.org. If you purchase a product through this article, we may receive a portion of the sale.\n\nObedience is a practical dog sport that has rules and regulations and requires training and conditioning. While accuracy and precision are essential, the dog’s willingness to follow basic skills such as sit, stay, down, and heeling on and off the leash is also important. Your local AKC training club may offer Obedience classes that may inspire you to enter an Obedience trial with your dog. Along the way, you will build a network of other Obedience participants who you can learn from and cheer for.\n\nIn this event, you and your dog compete as a team. You steer your dog through a course of 10 to 20 signs. These provide instructions on a skill your dog needs to perform. AKC Rally is a timed routine, although your dog’s talents and the teamwork count. AKC Rally is another sport that an AKC training club may offer both as a class and by hosting trials. AKC Rally is another sport where the friends you make will be an essential part of learning and building a network of support.\n\nAKC Scent Work takes advantage of a dog’s greatest sense: the sense of smell. As a sport, AKC Scent Work teaches dogs how to communicate to their handler when they’ve recognized and located a specific scent. Many dog clubs offer AKC Scent Work, or you can train a dog to use its nose in the comfort of your home. And if you feel like your dog is ready to compete, you can meet others who enjoy the fascinating sport by entering an AKC Scent Work trial.\n\nIn AKC Fast CAT, your dog runs alone on a 100-yard course to chase a lure. This is one of the newest AKC sports, and it’s an excellent way to start your dog off on the fun of competing. Plus, AKC Fast CAT events are an opportunity to meet other people who may also be newer to the world of AKC sports and competing for the first time. (And it’s just really fun to come and watch, even if you aren’t competing!)\n\nAKC is a participant in affiliate advertising programs designed to provide a means for sites to earn advertising fees by advertising and linking to akc.org. If you purchase a product through this article, we may receive a portion of the sale.\n\nAKC Therapy Dog is a program which recognizes the work of therapy dog and handler teams. These teams work through accepted organizations to bring joy, comfort, and calm to people who can use a furry hug. Owners and their dogs schedule visits with patients in facilities such as classrooms, libraries, assisted living centers, hospitals, shelters, and courtrooms. Sharing your dog with lonely seniors or stressed-out students connects you with other people and gives you the opportunity to give back to your community with a real sense of purpose.\n\n', 'Benefits of Group Activities for Seniors': 'It can be hard to find ways to connect with people who share common interests and community, especially when you’re 65 or older. It’s not just socially beneficial to be part of a group, but can also be helpful for your long-term health. Loneliness in seniors can be detrimental, so it’s important to stay active with others. Plus, everything’s more fun with like-minded people!\n\nAKC is a participant in affiliate advertising programs designed to provide a means for sites to earn advertising fees by advertising and linking to akc.org. If you purchase a product through this article, we may receive a portion of the sale.\n\nIt can also benefit your health to maintain friendships. A study at the University College London found that people in their 50s and 60s were less likely to develop dementia when they saw friends once a day. Health benefits like these are part of the reason that it’s important to maintain relationships throughout all stages of life. And dogs can be our partners in maintaining and building these relationships every step of the way.\n\n', 'We use cookies': '', 'Privacy Preference Center': ''}",[]
https://www.akc.org/expert-advice/lifestyle/choosing-right-dog-collar/,Choosing the Right Collar for Your Dog,"Jun 01, 2026","['leash walking', 'collars', 'leashes', 'harness']",Colt Dodd,"At first glance, many dog collars seem like nothing more than cute and colorful accessories. But not all dog collars are created equally. For instance, some collars help with training your dog to walk on a leash and avoid pulling. Others could help with finding your dog if they get lost. But which collar is right for your dog?

In This Article

","{'Purposes of Different Dog Collars': 'Most dog owners are familiar with the tried and true flat-clip or buckle collars. These are the most widely available and for good reason: they’re convenient and hold a dog’s name tag. You may consider other options based on your dog’s lifestyle, age, and how active they are.\n\nCalming dog collars have only been on the market for a short while, but many owners of anxious dogs swear by them. These fabric collars are generally filled with dried herbs and offer a soothing aroma. Be sure to check these collars’ ingredients and materials to ensure they’re safe for your dog. Some plants, like cloves, are toxic to dogs.\n\nAKC is a participant in affiliate advertising programs designed to provide a means for sites to earn advertising fees by advertising and linking to akc.org. If you purchase a product through this article, we may receive a portion of the sale.\n\nAnother level of protection during flea and tick season could be your dog’s collar. Flea and tick collars slowly release active ingredients that provide topical protection from external parasites.\n\nMartingale collars have two loops; one that slides around the dog’s neck, and another that tightens when the dog pulls while on a leash. The loop doesn’t obstruct the dog’s airway, instead, the slight tightening discourages a dog from pulling while walking.\n\nRather than get a dangling tag, you could get a personalized collar with your contact information and dog’s name embroidered on the fabric. This promotes your dog’s safety if they get lost.\n\nIncreasingly common for dog collars are wearable tech collars. The same way humans have smart watches and fitness trackers, dog collars can now also boast similar features. Some tech collars focus on location and GPS tracking, while others can track your dog’s health. This can include their heart rate, sleep, respiratory rate, and more, which can help flag a health problem early.\n\nAKC is a participant in affiliate advertising programs designed to provide a means for sites to earn advertising fees by advertising and linking to akc.org. If you purchase a product through this article, we may receive a portion of the sale.\n\nWhile not necessarily for everyday use, recovery collars are designed for dogs recuperating from surgery or dealing with an open wound, like a hot spot. Some recovery collars are made of soft, flexible fabric, while others are inflatable. Your veterinarian can advise you on what recovery collar promotes your dog’s healing after an injury or surgical procedure.\n\nAKC is a participant in affiliate advertising programs designed to provide a means for sites to earn advertising fees by advertising and linking to akc.org. If you purchase a product through this article, we may receive a portion of the sale.\n\nDo you walk with your dog at night or live in an area with heavy traffic? A reflective dog collar helps both you and your pet remain visible in dim lighting.\n\n', 'Materials Used for Dog Collars': 'The best material for your dog’s collar depends on a few factors. For example, if you have a growing puppy, you may purchase a nylon collar due to their inexpensive price point. A puppy grows rapidly during their first year, and you may need to purchase multiple collars to keep up with growth spurts. It might not be worth it to invest in a pricier material, like leather, if you’re only going to use a collar for a few weeks.\n\nOnce your puppy has reached maturity (or remains relatively the same size), you may opt for a more durable material that can withstand water, heat, and scuffs from play sessions. As noted, leather is one such material, but lightweight aluminum is another great option. This material wipes off clean, and some models can withstand up to 350 pounds of pull force.\n\nYou may also opt for a neoprene collar. Neoprene is the same material used in wetsuits and resists dirt and debris. These collars are ideal for dogs with longer hair that mats easily. Ultimately, the ideal material for your dog’s collar depends on their fur, size, and whether they have skin sensitivities or allergies.\n\nAKC is a participant in affiliate advertising programs designed to provide a means for sites to earn advertising fees by advertising and linking to akc.org. If you purchase a product through this article, we may receive a portion of the sale.\n\n', 'Understanding the Features of Dog Collars': 'A basic dog collar is a circle of fabric that clips or buckles around your dog’s neck. For many owners, this meets their needs. There are many subtle “bells and whistles” of dog collars that offer unique benefits. Some include:\n\nWhen considering collars with decorative elements, such as studs or sewn-on bow ties, think about your dog’s safety. Some decorations could cause skin irritation or get snagged on something while your dog plays. Aim to choose a collar that’s safe first, and stylish second.\n\nAKC is a participant in affiliate advertising programs designed to provide a means for sites to earn advertising fees by advertising and linking to akc.org. If you purchase a product through this article, we may receive a portion of the sale.\n\n', 'Making Sure Your Dog’s Collar Fits Correctly': 'Many dog collars come in standard sizes, such as small, medium, and large. You should rely on a dog’s exact measurements rather than estimations on product labels. The good news is that ensuring that “just right” fit is easy. Here are some tips.\n\nFirst, wrap a soft measuring tape around your dog’s neck. Play around with how tight the tape is to get a measurement range. Once the tape is looped around your dog’s neck, see whether it could slip over their head. If it does, tighten the tape, and note the measurements.\n\nAKC is a participant in affiliate advertising programs designed to provide a means for sites to earn advertising fees by advertising and linking to akc.org. If you purchase a product through this article, we may receive a portion of the sale.\n\nMany pet stores allow owners to bring their dogs inside. Here, you can experiment with different lengths and sizes to get the right fit. During this process, attempt to slide two fingers underneath the collar. If you can’t, the collar is too tight – but if you can slide more fingers, it’s too loose.\n\n', 'Cleaning and Maintaining Your Dog’s Collar': 'As a rule of thumb, you should always wash your dog’s collar when they have a bath. If your dog is dirty, chances are, so is their collar. Keeping their collar clean does more than make it look nice; it can also prevent skin irritation, fur loss, and chafing.\n\nHow to clean and maintain your dog’s collar largely depends on the material. For example, use dish soap and warm water to clean a chain-link collar. You can simply use warm water to wipe off mud and dirt from smooth materials, such as neoprene and biothane (a polyester blend of polyvinyl or polyurethane).\n\nCleaning a leather dog collar is a bit more involved. Avoid using leather cleaners that you’d use on a piece of furniture or shoes, as the chemicals can be toxic for your dog. Instead, mix a solution of baking soda and vinegar, then, using a toothbrush, spot-clean the collar.\n\nAKC is a participant in affiliate advertising programs designed to provide a means for sites to earn advertising fees by advertising and linking to akc.org. If you purchase a product through this article, we may receive a portion of the sale.\n\nA dog collar’s packaging should offer the appropriate instructions for keeping the product clean. This information can be especially useful if you purchase a collar that comes with special care requirements.\n\n', 'Consider Your Dog’s Needs When Getting a Collar': 'Just like how there isn’t a breed for every person, there isn’t a collar for every dog. In the end, selecting the ideal dog collar comes down to your dog’s breed, size, and age. A small dog, like a Chihuahua, will have different collar requirements than a slightly larger Maltese. A rapidly growing Great Dane puppy could outgrow collars on a near-weekly basis.\n\nDo your research, measure your dog’s proportions, and consider your own preferences when choosing that Goldilocks collar: not too loose, not too tight, but just right. Soon, you’ll be able to outfit your dog with a collar that’s fashionable, comfortable, and safe.\n\n', 'We use cookies': '', 'Privacy Preference Center': ''}",[]
https://www.akc.org/expert-advice/lifestyle/fun-facts-berger-picard/,Berger Picard Facts You May Not Know,"Feb 25, 2026","['herding group', 'berger picard']",Micaela Erickson,"Thought to be one of the oldest herding dogs bred in France, the Berger Picard (pronounced bare-zhay-pee-carr) has a rich history. Originating in the Picardy region of France, the Picard was a breed highly valued for its stamina and intelligence. The breed has close family ties to other French herding breeds, the Briard and Beauceron.

The breed was showcased in France’s first dog show in 1863, and nearly went extinct amid WWI and WWII. War ravaged Picardy, decimating the pastures the breed had once thrived in. The resilient, spirited Picard overcame the odds and now is a rare icon among the range different breeds. Something of a herding legend, there is more to this rare breed than meets the eye.

","{'Picards Are Intelligent and Loyal': 'The Picard is a highly intelligent, eager-to-please breed, making them easy to train. The breed has a tendency to be stubborn, but with the right reinforcements they are ready to work with their owners. Berger Picards respond well to praise and affection from their owners, and don’t tend to be highly motivated by food.\n\n', 'An Intrinsically Independent Breed': 'Bred as herding dogs, Berger Picards have a longstanding history as an independent, problem-solving breed. Socializing a Picard early may limit this hyper-independence and reinforce good behavior in their puppy years. Picards have a bit of a reputation for being stubborn, so consistent socialization and training is key in maintaining their temperament. With the right level of patience, care, and activity, a Picard can be trained to be an excellent companion.\n\nAKC is a participant in affiliate advertising programs designed to provide a means for sites to earn advertising fees by advertising and linking to akc.org. If you purchase a product through this article, we may receive a portion of the sale.\n\n', 'This Breed Is Easy to Groom': 'The Picard’s shaggy, wiry double coat is highly manageable. Throughout most of the year, the breed only needs to be brushed once a month. During shedding season, their coats should be brushed every day or two. The Picard’s bathing regimen is also low maintenance, only requiring occasional baths.\n\n', 'Berger Picards Are a Loving Breed': 'Picards are more reserved around strangers, but have lots of love for their families. The affectionate, loyal breed tends to build a strong bond with its owners. They are good with children and thrive off of time with their owners.\n\nAKC is a participant in affiliate advertising programs designed to provide a means for sites to earn advertising fees by advertising and linking to akc.org. If you purchase a product through this article, we may receive a portion of the sale.\n\n', 'They’ve Been Featured on the Big Screen': 'The Picard has had its own star turn in a few different movies. The breed was featured in “Because of Winn-Dixie,” “Daniel and the Superdogs,” and “Are We Done Yet?”. The breed’s Hollywood moment made Americans fall in love with the Berger Picard, putting them on the map in the United States.\n\n', 'Berger Picards Make for Good Watchdogs': 'This breed’s herding instincts make them quite watchful and protective. Berger Picards can be a barky breed, equipping them to alert their owners when someone enters their home. Families hoping to bring a guard dog into their lives may look to consider the diligent Picard.\n\nAKC is a participant in affiliate advertising programs designed to provide a means for sites to earn advertising fees by advertising and linking to akc.org. If you purchase a product through this article, we may receive a portion of the sale.\n\n', 'Minimal Health Problems': 'Most Berger Picards can live long, happy, healthy lives. Picards have a life expectancy of 12-13 years, and don’t tend to deal with a lot of health issues. The most common issues Berger Picards tend to face are hereditary problems such as hip dysplasia and eye problems like retinal atrophy.\n\n', 'They’re Natural Athletes': 'Exercise is key to for a happy, healthy Picard. Neglecting to keep them active will lead to destructive behavior. The Berger Picard’s agility and boundless energy make them an excellent fit for athletic owners. Picards are great companions for long walks, running, cycling, and hiking.\n\n', 'Berger Picards Perform Well in Dog Sports': 'The smart, agile breed is a natural fit for competing in dog sports. Picards require a lot of mental and physical stimulation. Participation in herding, tracking, agility, or obedience competitions can help keep the Picard sharp, happy, and healthy.\n\nAKC is a participant in affiliate advertising programs designed to provide a means for sites to earn advertising fees by advertising and linking to akc.org. If you purchase a product through this article, we may receive a portion of the sale.\n\n', 'They’re a Newer Breed': 'The Berger Picard was first showcased at France’s inaugural dog show in 1863, but was not recognized as an official breed in the country until 1925. Establishing the breed in North America has proven to be a challenge. The Internet has played a major role in raising the Picard’s profile by connecting European breeders and American buyers. The first Berger Picard litter in the U.S. was whelped in 1978. The breed was officially recognized by the American Kennel Club in 2015. Despite their increasing prevalence, Berger Picards remain a rare breed.\n\nAs the Berger Picard continues to gain recognition in the US and beyond, its resilience is something to marvel. Its deep history as an indigenous French herding dog that overcame extinction makes the breed’s mark on the world all the more interesting.\n\nAKC is a participant in affiliate advertising programs designed to provide a means for sites to earn advertising fees by advertising and linking to akc.org. If you purchase a product through this article, we may receive a portion of the sale.\n\n', 'We use cookies': '', 'Privacy Preference Center': ''}",[]
https://www.akc.org/expert-advice/lifestyle/fun-facts-german-shepherd/,German Shepherd Dog Facts You May Not Know,"Apr 02, 2025","['k-9s', 'service dogs', 'herding group', 'german shepherd dog']",Elaine Waldorf Gewirtz,"Captain Max Emil Friedrich von Stephanitz and his friend Artur Meyer developed the German Shepherd Dog in the mid-19th century. The creators wanted a sheepdog of German heritage who possessed superior working ability.

Today, the large, confident, and super-intelligent German Shepherd Dog is a loyal herding dog and beloved family companion who is well-known throughout the world. To add to this description, here are ten German Shepherd Dog facts you may not know.

","{'The ‘First’ GSD Had a Noble Name': 'When Stephanitz and Meyer saw a 4-year-old dog with a wolf-like appearance at a German dog show in 1899, they bought it for 200 German gold marks. Naming it “Horand von Grafrath,” the dog became the foundation of the German Shepherd Dog. The “von” in a GSD’s name suggests German noble ancestry.\n\n', 'They’re a Top 10 Favorite': 'Unsurprisingly, the German Shepherd Dog has remained in the top 10 of the most popular breeds in the U.S. for decades. A brilliant breed, count on the GSD as a steadfast family guardian. They’re reserved with people they don’t know but friendly to those they’ve met before.\n\n', 'Flowing Outline, Head Tilt, and Erect Ears': 'The GSD’s overall look is a picture of smooth, graceful curves. They look adorable when their ears point skyward and are squeezed together like eyebrows. And who could resist seeing that cute head leaning to one side? But these positions mean something. This breed is intelligent. When they hear a noise or are trying to understand what you’re saying, this head carriage helps them track the sound and comprehend your words.\n\nAKC is a participant in affiliate advertising programs designed to provide a means for sites to earn advertising fees by advertising and linking to akc.org. If you purchase a product through this article, we may receive a portion of the sale.\n\n', 'German Shepherd Dogs Are Excellent Herders': 'A member of the Herding Group, GSDs were initially bred to tend to large flocks of sheep — as many as 1,000, by acting as a moving fence. They run along an invisible line and instinctively know how to keep the flock in a defined area away from danger. Watching a GSD’s smooth, flowing, and efficient gait is a sight. The breed can cover a maximum amount of ground with a minimum number of steps.\n\n', 'Plan On Enrolling Your GSD in Training Classes': 'With energy and endurance to spare combined with an active mind, GSDs need a lot of activity to keep them occupied. They are quick learners who are eager to please and enjoy conformation, AKC Herding, Dock Diving, Flyball, AKC Rally, obedience, therapy, tracking, and agility. Once at home, the German Shepherd Dog is happyherdin to relax but always keeps a watchful eye on the door for any intruders.\n\n', 'A GSD was the First Service Dog': 'When “Buddy,” a German Shepherd Dog, became a Seeing Eye Dog for Morris Frank in 1928, the dog helped establish the service dog movement in the U.S.\n\nAKC is a participant in affiliate advertising programs designed to provide a means for sites to earn advertising fees by advertising and linking to akc.org. If you purchase a product through this article, we may receive a portion of the sale.\n\n', 'GSDs Are Adept at Multi-tasking': 'Willing to put their lives on the line to defend their loved ones, they’re eager workers in police and military operations. They can go after a bad guy one day and perform search-and-rescue, bomb detection, and drug-sniffing duties the next.\n\nAKC is a participant in affiliate advertising programs designed to provide a means for sites to earn advertising fees by advertising and linking to akc.org. If you purchase a product through this article, we may receive a portion of the sale.\n\n', 'Their Double Coat Sheds': 'This breed’s thick, coarse double coat helps insulate the dog, keeping it cool in summer and warm in winter. To properly maintain it, never shave or cut your GSD’s coat. Brush it or use a de-shedding tool every other day to remove loose hair easily.\n\n', 'GSDs Were Notable War Heroes': 'The German army used German Shepherd Dogs in World War I and II as guard, attack, and messenger dogs. Fearless on the battlefield, the breed protected troops and carried medical supplies.\n\nAKC is a participant in affiliate advertising programs designed to provide a means for sites to earn advertising fees by advertising and linking to akc.org. If you purchase a product through this article, we may receive a portion of the sale.\n\n', 'They’re a Showbiz Favorite': 'When an American soldier, Lee Duncan, found a GSD puppy in France during World War I, he called it “Rin Tin Tin” and brought it home after the war. The dog’s athleticism and intelligence earned him starring roles in 23 silent Warner Bros. films, and he became Hollywood’s number-one star.\n\n', 'We use cookies': '', 'Privacy Preference Center': ''}",[]
https://www.akc.org/expert-advice/lifestyle/fun-facts-miniature-american-shepherd/,Miniature American Shepherd Facts You May Not Know,"Feb 06, 2024","['herding group', 'herding', 'miniature american shepherd']",Elaine Waldorf Gewirtz,"Are you looking for a colorful, lively breed, almost the spitting image of an Australian Shepherd, but in a scaled-down model? If so, the Miniature American Shepherd (MAS) fits the bill. Despite its smaller size, this breed has enough strength and stamina to keep pace with any active lifestyle. As a bonus, the Miniature American Shepherd’s splashy coat guarantees to turn heads. Affectionate and loyal, this distinctive dog excels in other attributes that will definitely win you over.

","{'They’re a Made in America Breed': 'The breed developed in California during the late 1960s from small Australian Shepherds. Initially, the breed’s name was Miniature Australian Shepherds, but it later changed to Miniature American Shepherd to reflect the MAS American heritage.\n\n', 'Miniature American Shepherds Like Horses': 'Equestrians brought small Miniature American Shepherds to horse shows as the breed’s intelligence, loyalty, and portable size made them ideal companions.\n\n', 'They’re a Colorful Breed': 'The Miniature American Shepherd comes in four colors: black, blue merle, red, and red merle. Their merle coat is an eye-popping kaleidoscope of marbled, darker colors against a lighter background. No two Merle MAS coats are alike.\n\nAKC is a participant in affiliate advertising programs designed to provide a means for sites to earn advertising fees by advertising and linking to akc.org. If you purchase a product through this article, we may receive a portion of the sale.\n\n', 'Their Eye Color Is Unique': 'Their eyes can be the same or different colors—brown, blue, hazel, amber, or any combination, including flecks.\n\n', 'They’re Lively, Intelligent, and Eager to Please': 'Miniature American Shepherds are self-motivated dogs that can thrive if given appropriate mental and physical stimulation daily. They catch on quickly to new ideas, and accompanying you on a walk is a real treat for this breed.\n\n', 'They Herd Animals': 'With some nipping at heels, this breed herds small flocks of goats, sheep, and ducks. When it comes to larger animals like cows, Miniature American Shepherds will take them on, too.\n\nAKC is a participant in affiliate advertising programs designed to provide a means for sites to earn advertising fees by advertising and linking to akc.org. If you purchase a product through this article, we may receive a portion of the sale.\n\n', 'They’re Reasonable Guardians': 'Miniature American Shepherds have strong guardian instincts. Sure, they’ll bark to announce strangers at the door and to protect their families. But plenty of socialization and training can help deter them.\n\n', 'They Love All Dog Sports': 'It’s important for Miniature American Shepherds to get plenty of physical and mental exercise, making them a perfect match for a variety of dog sports. They’re versatile dogs that excel at obedience, agility, tracking, hiking, AKC Rally, and AKC Scent Work. Offer up a good game, and they’ll quickly join in. They want to do anything you do.\n\n', 'They Know How to Relax': 'This breed requires more than average exercise but can still be adaptable to their family’s way of life. After a busy day, they’re content to settle down and be a lapdog indoors at night. With family members, Miniature American Shepherds are affectionate, loving, and sometimes cuddly, but with strangers? Not so much.\n\nAKC is a participant in affiliate advertising programs designed to provide a means for sites to earn advertising fees by advertising and linking to akc.org. If you purchase a product through this article, we may receive a portion of the sale.\n\n', 'No Fussy Grooming Required': 'Their weather-resistant double coat is medium-length. The outer coat is longer than the soft undercoat. Give them a monthly bath and brush out their dense coat once a week or daily, if they’re shedding, and they’re good to go.\n\n', 'We use cookies': '', 'Privacy Preference Center': ''}",[]
https://www.akc.org/expert-advice/lifestyle/most-popular-dog-names/,The Most Popular Dog Names of 2025,"Nov 13, 2025","['names', 'most popular names', 'boy names', 'girl names']",AKC Staff,,"{'Top 10 Girl Dog Names of 2025': '', 'Top 10 Boy Dog Names of 2025': '', 'We use cookies': '', 'Privacy Preference Center': ''}",[]
https://www.akc.org/expert-advice/lifestyle/top-100-boy-dog-names/,Most Popular Boy Dog Names,"Apr 30, 2026","['most popular names', 'dog name', 'boy names']",AKC Staff,"Choosing your boy dog’s name is essential, as it’s a name you and your new puppy will be living with for a long time, so it deserves some thought. The right name can actually enhance your dog’s responsiveness and improve communication between you over a lifetime. We’ve compiled the top 100+ most popular boy dog names from the American Kennel Club’s purebred registration and mixed-breed enrollment data to help you get inspired.

In This Article

","{'How to Choose the Right Male Dog Name': 'Dogs have an easier time hearing hard consonants and long vowels, so a name like “Lucky” or “Benny” will be easier for them to distinguish from other sounds. Most dog training experts recommend a one or two-syllable name that you can say quickly. It’s also commonly recommended that you avoid male dog names that sound like commands, for example, “Kit,” which sounds like “sit.”\n\nPick a name for your boy dog that you like to say (and that you won’t be embarrassed to yell across the park or put on a dog ID tag). You’ll be saying your boy puppy’s name a lot over time, as a quick attention grabber or just as part of their overall training and socialization.\n\n', 'Most Popular Boy Dog Names': 'Just like baby boy names, boy dog names rise and fall in popularity. For example, the number of dogs named after Frozen characters rose 900% the year after the movie came out — so it’s likely you met more than one “Olaf” at dog daycare.\n\nAKC is a participant in affiliate advertising programs designed to provide a means for sites to earn advertising fees by advertising and linking to akc.org. If you purchase a product through this article, we may receive a portion of the sale.\n\nAt least 20% of dogs have traditionally human names, which consistently rank high on name lists:\n\nAKC is a participant in affiliate advertising programs designed to provide a means for sites to earn advertising fees by advertising and linking to akc.org. If you purchase a product through this article, we may receive a portion of the sale.\n\nNames from streaming series, TV, movies, books, and current events are always popular. Top picks include:\n\nAKC is a participant in affiliate advertising programs designed to provide a means for sites to earn advertising fees by advertising and linking to akc.org. If you purchase a product through this article, we may receive a portion of the sale.\n\nMusic icons also inspire dog names:\n\nAKC is a participant in affiliate advertising programs designed to provide a means for sites to earn advertising fees by advertising and linking to akc.org. If you purchase a product through this article, we may receive a portion of the sale.\n\nOutdoor and nature-inspired names reflect a love of adventure and the environment. Popular choices include:\n\nAKC is a participant in affiliate advertising programs designed to provide a means for sites to earn advertising fees by advertising and linking to akc.org. If you purchase a product through this article, we may receive a portion of the sale.\n\nFood and drink-themed names also fall into this category:\n\nSports figures are a perennial source of inspiration. For example, when Derek Jeter retired from the New York Yankees, “Jeter” became one of the top 10 male dog names.\n\nOther sports-related names include:\n\n', 'Trending Male Dog Names': '', 'We use cookies': '', 'Privacy Preference Center': ''}",[]
https://www.akc.org/expert-advice/lifestyle/top-100-girl-dog-names/,Most Popular Girl Dog Names,"Apr 30, 2026","['most popular names', 'new puppy', 'new dog']",AKC Staff,"Choosing a name for your girl dog requires some creative inspiration and plenty of thought. After all, this is a name that you’ll be saying to your new puppy every day for many happy years ahead.

In This Article

Like human baby girl names, female dog names rise and fall in popularity. It’s unlikely you’re meeting a lot of human toddlers named “Ethel” at preschool today, and similarly, you probably don’t meet many female puppy dogs named “Lassie” at the dog park anymore.

We’ve compiled the most popular girl dog names from the American Kennel Club’s purebred registration and mixed-breed enrollment data to help you make the best choice.

","{'How to Choose a Girl Dog’s Name': 'It’s not all about a cute or clever name when you’re naming your girl dog. A female puppy’s name can also make all the difference when it comes to training and socialization. Here are a few tips to consider:\n\n', 'Most Popular Girl Dog Names': 'Take a little time to get to know your new pet. Sometimes, her looks or behavior will inspire the perfect name. But, if you’re still stuck, this list of our top 100 girl dog names may help you decide.\n\nAKC is a participant in affiliate advertising programs designed to provide a means for sites to earn advertising fees by advertising and linking to akc.org. If you purchase a product through this article, we may receive a portion of the sale.\n\nIf you’re looking for a more original name for your girl dog and want to steer clear of popular female dog names, try out these unique dog names. (We’ve got boy dog names, too.)\n\nAKC is a participant in affiliate advertising programs designed to provide a means for sites to earn advertising fees by advertising and linking to akc.org. If you purchase a product through this article, we may receive a portion of the sale.\n\n', 'Trending Girl Dog Name Themes': 'Just like baby names, dog names rise and fall in popularity. For example, when the movie “Frozen” came out, there was a 900% rise in dogs named after the film’s characters, so there were plenty of “Elsa” girl puppies for a while.\xa0\xa0\n\nAKC is a participant in affiliate advertising programs designed to provide a means for sites to earn advertising fees by advertising and linking to akc.org. If you purchase a product through this article, we may receive a portion of the sale.\n\nPopular culture is always a trending theme for female dog names. Names from movies, books, TV or streaming series, and music are always coming in and out of style, such as:\n\nAKC is a participant in affiliate advertising programs designed to provide a means for sites to earn advertising fees by advertising and linking to akc.org. If you purchase a product through this article, we may receive a portion of the sale.\n\nNature-themed girl dog names continue to be popular, with names like “Daisy” or “River.” The night sky is extremely popular, with dog names like “Luna,” “Nova,” or “Stella” all high on the list.\n\nFood- and drink-themed names are also a favorite, with female puppy names like “Ginger,” “Honey,” and “Pepper” making the list.\n\nAKC is a participant in affiliate advertising programs designed to provide a means for sites to earn advertising fees by advertising and linking to akc.org. If you purchase a product through this article, we may receive a portion of the sale.\n\nMythology is popular for girl dog names, too, with “Freya,” and “Athena” making appearances.\n\n', 'We use cookies': '', 'Privacy Preference Center': ''}",[]
https://www.akc.org/expert-advice/lifestyle/ways-to-spoil-your-dog-and-enrich-their-life/,Ways to Spoil Your Dog and Enrich Their Life,"Aug 01, 2023","['treats', 'grooming', 'dog daycare']",Melanie Haid,"This is a Paid Advertisement for PetSmart

We all want to give our dogs the best lives possible, from the best food to the most comfortable beds. Our dogs deserve the best, and part of the joys of being a dog owner is being able to spoil them. If you’re looking for creative ways to spoil your dog, you may be considering alternatives or additions to things like their favorite treats or an extra-long walk.

You already know that PetSmart is a place you can go to cover all of your dog’s everyday needs, but PetSmart offers lots of ways to enrich your dog’s life beyond the basics, and—dare we say it—downright spoil your dog. Whether you’re looking to spend more time with your dog through training and activities, give your dog play time with other dogs, or even find your dog a trusted home-away-from-home while you’re away, PetSmart offers services to make your dog’s life feel even more luxurious.

","{'Special Grooming or Spa Days for Your Dog': 'If you’re used to giving your dog a bath or brushing out their coat at home, kicking up your dog’s lifestyle with professional grooming is a great place to start. Having your dog professionally groomed can be a relaxing experience for them and leave your dog feeling refreshed and pampered. A professional grooming will make sure your dog’s nails are trimmed to a comfortable length, ears are clean and fresh, fur around their eyes is safely trimmed if needed, their coat is shampooed and conditioned according to type, plus other essential professional grooming services. Their professional groomers have experience and training with all of the right tools to get the job done right for your dog, and knows how to take care of your dog during their groom to make them more comfortable. Even if your dog doesn’t love being groomed, a professional groomer will know ways to help them feel more comfortable.\n\nNot all dogs enjoy being groomed at first if they aren’t familiar with it, but building up to more regular grooming sessions and treating the experience like a special spa day treat for your dog can help your dog feel more comfortable and familiar with the process. Regular grooming, even just brushing your dog at home, helps reduce shedding\xa0and will help keep your dog’s skin and coat in good condition. PetSmart offers grooming packages for dogs and puppies at the Grooming Salon that will have your dog feeling like royalty. PetSmart Grooming Salons offer a range of professional grooming packages for your dog’s special day of pampering. From the essential Bath & Brush package to the full-service Bath & Full Haircut with FURminator® package, which includes a bath, full haircut, FURminator deShedding shampoo & solution, nail trim, ear cleaning, extra brushing, sanitary trim and more. For your dog’s special spa day at PetSmart, you can choose what best suits your dog’s needs.\n\nAKC is a participant in affiliate advertising programs designed to provide a means for sites to earn advertising fees by advertising and linking to akc.org. If you purchase a product through this article, we may receive a portion of the sale.\n\n', 'Try Training Classes with Your Dog': 'If you’re looking to spend more time with your dog to elevate your everyday playtime or walks, taking training classes together is a great way to do just that. Whether it’s jumping into basic obedience classes or training your dog to do fun tricks, learning something new together is a great way to bond with your dog.\n\nAKC is a participant in affiliate advertising programs designed to provide a means for sites to earn advertising fees by advertising and linking to akc.org. If you purchase a product through this article, we may receive a portion of the sale.\n\nAt PetSmart, dog training classes are available for your dog or puppy at different paces from dog trainers. Dive in to a six-week training program specifically for puppies, which focuses on foundations for good behavior like working on communication, going potty, chewing, and barking. There is also Beginner, Intermediate, and Advanced Training, which your dog can do in succession to sharpen their obedience skills.\n\nIf you’re looking to do a longer-term training routine, PetSmart also offers multiple classes in bundle packages: the Fundamental, Advanced, and Premium Packages. These consist of multiple six-week classes and focus on different aspects of dog obedience and training, and you can pick and choose which classes you want to add to the bundle.\n\nAKC is a participant in affiliate advertising programs designed to provide a means for sites to earn advertising fees by advertising and linking to akc.org. If you purchase a product through this article, we may receive a portion of the sale.\n\n', 'Enrolling Your Dog in Dog Daycare': 'Whether you work remotely, hybrid, on-site, or are even just busy throughout the day, it’s hard to give your dog as much attention as you’d like when you also need to focus on other things. Day Camp is a great option for pups to get supervised play and exercise.\n\nDog day cares can include all sorts of enrichment for your dog, and amenities and programming can vary. Games, toys, supervised play with other dogs, and even practicing skills and listening are among the things you can often find at dog day cares to occupy and enrich your dog throughout the day.\n\nWhether you’re looking for a half day or a full day of dog day care for your dog, PetSmart’s Doggie Day Camp offers both and more. A half-day of Day Camp includes up to four hours of play and socialization, with hourly activities, while a full day of Day Camp bumps that to up to eight hours. PetSmart also offers full-day Day Stays that include 30 minutes of supervised socialization or one-on-one play for senior or shy dogs.\n\nPetSmart’s special offers can help you save on day care costs, especially if it’s your dog’s first time. New dogs can take advantage of the New Camper Special and save 50% on their first Day Camp session.\n\nPremium Playdates at Doggie Day Camp are fun activity for your pup to attend a themed playdate that includes a digital image in front of a custom backdrop, dog-friendly treats, take home toy and more.\n\n', 'Boarding Your Dog While You’re Away': 'Going away on vacation can be stressful if you need somewhere to board your dog while you’re traveling. New environments and experiences can be stressful for your dog, and you want to make sure that the place you chose is a good fit for your dog.\n\nAKC is a participant in affiliate advertising programs designed to provide a means for sites to earn advertising fees by advertising and linking to akc.org. If you purchase a product through this article, we may receive a portion of the sale.\n\nPetSmart offers PetsHotel, a service where you can board your dog while you’re away. There are different packages available for dogs, both of which have access to overnight stay accommodations. The Standard package provides secure individual accommodations and calming pheromones to help your dog adjust when they arrive. PetsHotel also offers Private Suites, which are larger and more private than Standard, and feature white noise machines, calming pheromone diffusers, and PetSmart’s Superb Sleeper bed.\n\nAll packages include convenient drop-off and pick-up times, unlimited relief walks, calming pheromones for dogs, a day of play, and medical attention if and when it is needed. You can even add upgrades to their stay, like the Bedtime Bliss package, that includes a bedtime story for your dog and a special photo.\n\n', 'Becoming a Treats Member': 'These dog-spoiling services are available to everyone, but the PetSmart Treats Rewards™ Program gets you a little extra to further pamper your dog. This program is full of different perks, like earning points on purchases and getting exclusive deals at PetSmart!\n\nTreats Members earn points for every $1 spent in store and online, including pet services like the Grooming Salon, PetsHotel, Doggie Day Camp and Dog Training. So while your pet is getting extra love, you’re also getting points towards future PetSmart purchases. You even earn points for donating to PetSmart Charities at checkout in-store!\n\nTo celebrate the dogs in your life, Treats Members get a free surprise on your dog’s birthday, free shipping on orders over $49, and a free Doggie Day Camp session when you buy 10! Perks also include exclusive deals and discounts, including member-only offers, exclusive email offers, advanced notice of sales and in-store events, and bonus point offers.\n\nYou can redeem any points you earn at checkout online and in store. With the free mobile app, it’s even easier to redeem your points for discounts on any product or pet service.\n\n\xa0\n\nYour dog loves you just as much as you love them, so doing things that spoil them are a great way to show them your love. Going the extra mile to spend time with your dog is just as appreciated by them as their favorite treats. When you’re not there to spend time with them, supervised care like dog day cares and boarding from PetSmart allow them to feel energized and safe during their time away from home. Visit PetSmart to learn more about how they make anything for dogs possible for you and your best friend.\n\nAKC is a participant in affiliate advertising programs designed to provide a means for sites to earn advertising fees by advertising and linking to akc.org. If you purchase a product through this article, we may receive a portion of the sale.\n\n', 'We use cookies': '', 'Privacy Preference Center': ''}",[]
https://www.akc.org/expert-advice/lifestyle/why-does-my-dog-roll-on-their-back/,Why Does My Dog Roll on Their Back?,"Jul 25, 2023","['body language', 'behavior', 'belly rub', 'roll', 'backs']","Stephanie Gibeault, MSc, CPDT","Dogs roll on their backs all the time. And it’s adorable. But why do they do it?

You might think your dog is rolling on their back to ask for a belly rub, but the behavior is far more complicated than that. A large part of dog communication is done through body language, and rolling on the back is a complicated signal that can mean many things—or sometimes nothing at all. Read on to learn why your dog is rolling on their back and when it could be cause for concern.

","{'Your Dog Wants a Belly Rub': 'Although it’s a myth that belly rubs are universally adored, many dogs love having their stomachs scratched. And rolling on their back is a great way for your dog to show you what they want. But before you assume rolling on their back is an invitation, look at the rest of your dog’s body.\n\nIf their mouth is hanging open, their tongue is lolling out, and their eyes are open and relaxed, chances are they want nothing more than a good belly rub. Just to be sure, give a few gentle scratches, then reassess. If your dog is at ease, keep going. But if they stiffen or look uncomfortable, you’ve misread the signs.\n\nAKC is a participant in affiliate advertising programs designed to provide a means for sites to earn advertising fees by advertising and linking to akc.org. If you purchase a product through this article, we may receive a portion of the sale.\n\n', 'Your Dog Wants to Play': 'Dogs will also roll onto their backs as an invitation to play, particularly when they are interacting with smaller dogs or puppies. It’s a friendly posture that invites the other dog to jump in and roughhouse—a type of self-handicapping.\n\nYour dog might also invite play with you in the same manner. Look for a loose, wiggly body and an open mouth. You might also see play bows beforehand that indicate everything that follows is all in good fun.\n\n', 'Your Dog Is Gaining a (Playful) Tactical Advantage': 'Just because a dog rolls on their back during play doesn’t mean they’re waving the white flag. Although it’s often considered a submissive gesture, rolling on the back gives a dog a tactical advantage during a wrestling session. A scientific study that looked at dogs rolling on their backs, specifically during play, found that the rollers used the posture to launch their own playful attacks or to escape a play bite to the neck.\n\n', 'Your Dog Is Showing They Mean No Harm': 'Dogs also roll on their backs to show they come in peace. You might see your dog greet you this way when they are excited to see you. The posture would be accompanied by a loose, squirmy body and an open mouth.\n\nAKC is a participant in affiliate advertising programs designed to provide a means for sites to earn advertising fees by advertising and linking to akc.org. If you purchase a product through this article, we may receive a portion of the sale.\n\nYour dog might also adopt this posture if you raise your voice at them. They are asking you to calm down by telling you they mean no harm—even if they did destroy your pillow.\n\n', 'Your Dog Is Expressing Fear or Anxiety': 'If a happy greeting is the positive end of the emotional scale, dogs at the other end roll on their backs, too. When dogs are scared or anxious, they use that position to diffuse or prevent aggression. For example, a dog who has not had enough socialization might become overwhelmed around a bunch of strange dogs and roll on their back to keep the others at bay.\n\nA nervous dog will be stiff and tense or trembling, and they might urinate while they lie on their back. These are all signs your dog is uncomfortable with the current situation. Consider it a cry for help and remove them from the environment as quickly as you can. Then, you can begin a training program to help your dog feel more comfortable with that situation in the future. That might mean building your dog’s confidence or using desensitization and counterconditioning to change your dog’s emotional response.\n\n', 'Your Dog Is Itchy': 'A far simpler explanation for your dog rolling on their back is to scratch an itch. A dog’s paws simply can’t reach behind them, so rolling on grass or the carpet is a great way to deal with irritated skin.\n\nAKC is a participant in affiliate advertising programs designed to provide a means for sites to earn advertising fees by advertising and linking to akc.org. If you purchase a product through this article, we may receive a portion of the sale.\n\nBut be sure your dog isn’t scratching too much. If your pet seems to be rolling around all the time, look at their skin for signs of rash or inflammation. Excessive itching can also be caused by external parasites like fleas. If left unchecked, excessive itching can lead to painful hot spots. Bring your dog to the vet for an examination to determine the underlying cause of the rolling and itching.\n\n', 'Your Dog Is Hot': 'Dogs also roll on their backs to help regulate their temperature when they’re too hot. Although dogs sweat from their paw pads, they mostly pant to cool down. But because a dog’s belly has less fur than the rest of their body, exposing it to the breeze on a steamy day can help keep them at a comfortable temperature.\n\n', 'Your Dog Wants to Roll in Stinky Stuff': 'Dogs love to roll in stinky things like dead animal carcasses, and a good back roll is a great way to get covered in the stench. Nobody is exactly sure why dogs want to coat themselves in strong scents, but there are several theories. It may be a predatory strategy left over from their wolf ancestors. By disguising their own scent from potential prey, wolves can increase their hunting success.\n\nHowever, dogs may also do this to take the smell back to their pack members, a “look what I found” behavior. And finally, dogs might roll in stinky stuff just because they like the smell and want to carry it around on themselves, like canine cologne.\n\n', 'How to Know Why Your Dog Is Rolling on Their Back': 'As you can see, many of the reasons dogs roll on their backs are situation-specific. But context isn’t the whole story. Read your dog’s body language as well. If they are loose and wiggly, have an open mouth, or their eyes and ears are relaxed, the back rolling is likely associated with a happy emotion. If your dog is stiff, trembling, looking away, or has pinned back ears, the back rolling is likely associated with fear. And although a tucked tail is a sure sign of anxiety, a wagging tail could mean many things. You have to read the entire body language package and learn to understand your dog. Then you will have far greater insight into all the reasons your pet rolls on their back.\n\nAKC is a participant in affiliate advertising programs designed to provide a means for sites to earn advertising fees by advertising and linking to akc.org. If you purchase a product through this article, we may receive a portion of the sale.\n\n', 'We use cookies': '', 'Privacy Preference Center': ''}",[]
https://www.akc.org/expert-advice/lifestyle/5-reasons-choose-daycare-adult-dog/,5 Reasons to Choose Daycare for Your Adult Dog,"Jul 13, 2023","['training', 'senior dog', 'dog daycare']",Dogtopia,"This Is a Paid Advertisement for Dogtopia

Dog daycare can help many puppies grow up to become well-balanced dogs, but adult dogs who are new to the social scene can benefit, too.

Regularly attending daycare can help your dog live their happiest, healthiest life, and who doesn’t want more joy-filled years with their best friend? Here are five reasons to consider daycare for your adult dog.

","{'1. Consistency': 'Having a consistent routine for your dog can help them thrive. Routines help dogs better understand what is expected of them, which can in turn help reinforce good behavior, reduce anxiety, and increase your dog’s confidence. To make a routine easy for you and your dog, Dogtopia offers a variety of weekly daycare plans, which allows you to choose what best suits your and your pup’s needs.\n\n', '2. Socialization': 'Socialization is one of the most important parts of helping your dog become a well-adjusted adult. Open play in a safe, controlled environment can help your dog become more confident when encountering new experiences. At Dogtopia, every dog goes through a Meet & Greet to evaluate whether they are ready to socialize in open play, and playrooms are grouped by size, personality, and play style to help make sure that your dog is safe and comfortable.\n\n', '3. Exercise': 'Dogs need to get their daily activity in, just like people do. Getting more daily exercise helps keep dogs in good body condition—and dogs at Dogtopia get upwards of 60,000 “steps” a day. Plenty of playtime also helps dogs maintain a healthy weight, a happy mind, and get a good night’s sleep.\n\n', '4. Education': 'Dogs are always learning, and daycare can help them learn the right behaviors. Dogtopia’s certified Canine Coaches add enrichment activities to their open-play time to improve behavior and manners and keep dogs engaged. This can look like training simple commands (like sit, stay, and name recall), Follow the Leader, and positive encouragement to reward excellent social skills.\n\nAKC is a participant in affiliate advertising programs designed to provide a means for sites to earn advertising fees by advertising and linking to akc.org. If you purchase a product through this article, we may receive a portion of the sale.\n\n', '5. Fun': 'We’ve all seen our dogs get the “zoomies.” Dogs love to run and play, and daycare lets dogs be dogs in a safe, supervised environment. Dogtopia daycares often host themed parties and arts and craft days to raise money for the Dogtopia Foundation, which enables dog owners to give back to three worthy causes. As a dog owner, you can also check out all the fun your pets are having throughout the day via live webcams.\n\nAKC is a participant in affiliate advertising programs designed to provide a means for sites to earn advertising fees by advertising and linking to akc.org. If you purchase a product through this article, we may receive a portion of the sale.\n\nTo find a Dogtopia location near you and learn more about the benefits of daycare, visit dogtopia.com/locations.\n\n', 'We use cookies': '', 'Privacy Preference Center': ''}",[]
https://www.akc.org/expert-advice/lifestyle/dogue-de-bordeaux-facts/,7 Facts About the Dogue de Bordeaux,"Jul 21, 2023","['working group', 'dogue de bordeaux']",Jan Reisen,"With a serious expression, muscular build, and massive head, the Dogue de Bordeaux is an impressive breed. But the DDB also makes a loving and devoted companion. Here’s what to know about this breed.

","{'1. The DDB Is a Devoted Companion': 'This dog makes an excellent companion, deeply devoted to their owners. They’re calm, affectionate, docile, and steady. They also have a protective instinct and guard their family with courage.\n\n\n\n', '2. They Can Also Be Stubborn': 'Along with that calm temperament comes stubbornness and self-confidence. Socialization, patience, and positive-reinforcement training are very helpful.\n\nIt’s recommended that you start working with your dog early. After all, it’s easier to train a puppy than a grown DDB who may be bigger (and certainly stronger) than you are.\n\n', '3. They Drool': 'No, they really, really drool! Anyone who lives with a Dogue de Bordeaux quickly becomes familiar with strings of drool covering furniture, floors, and walls. But to know them is to love them, drool and all.\n\nAKC is a participant in affiliate advertising programs designed to provide a means for sites to earn advertising fees by advertising and linking to akc.org. If you purchase a product through this article, we may receive a portion of the sale.\n\n', '4. Dogues de Bordeaux Aren’t Small': 'According to the AKC breed standard, male dogs should measure 23-1/2 to 27 inches at the withers and weigh at least 110 pounds, while female dogs should measure 23 to 26 inches at the withers and weigh at least 99 pounds.\n\n', '5. DDBs Have Starred in Film and TV': 'A DDB starred alongside Tom Hanks in the 1989 comedy “Turner & Hooch.” In the 2021 Disney+ series of the same name, five Dogues de Bordeaux (Arnie, Hammer, Obi, Cyd, and Mya) took on starring roles of their own.\n\nAKC is a participant in affiliate advertising programs designed to provide a means for sites to earn advertising fees by advertising and linking to akc.org. If you purchase a product through this article, we may receive a portion of the sale.\n\n', '6. A French Teacher Helped Resurrect the Breed': 'In the 20th century, a French teacher named Raymond Triquet fell in love with the Dogue de Bordeaux. He noticed the dog’s resemblance to a lion and decided to help revive the rare breed. Among the dogs he bred was the influential Mowgli de la Maison des Arbres. He also helped define the breed standard.\n\n', '7. The AKC Recognized the Breed in 2008': 'The Dogue de Bordeaux received AKC recognition in 2008. This member of the Working Group became the 158th breed to join those ranks.\n\nAKC is a participant in affiliate advertising programs designed to provide a means for sites to earn advertising fees by advertising and linking to akc.org. If you purchase a product through this article, we may receive a portion of the sale.\n\n', 'We use cookies': '', 'Privacy Preference Center': ''}",[]
https://www.akc.org/expert-advice/lifestyle/springtime-plastic-egg-hunts-for-dogs/,Create a Springtime Egg Hunt Your Dog Will Love,"Feb 23, 2026","['children', 'holidays', 'scent work', 'games', 'family']",Anna Burke,"Egg hunts are a memorable springtime tradition for kids, but children aren’t the only ones who like hunting for treats. Setting up a dog-friendly “egg hunt” is a great way to test your pup’s sense of smell and scent game skills. Best of all, egg hunts can be assembled in your own yard, or even inside your home if you get creative. Egg hunts with your dog are a fun activity for the whole family, so long as safety remains a top priority. Here are some tips to help get your own canine egg hunt rolling this spring.

","{'Assemble Your Dog-Friendly “Egg Hunt”': 'Any good plastic egg hunt needs at least two things – treat-filled eggs and willing participants. Plastic eggs are an ideal option for hiding little snacks for your dog. They can, however, pose some risks for dogs that you can avoid with some planning. Choose plastic eggs that are large enough to ensure that your dog cannot swallow them whole. If your dog insists on\xa0chewing\xa0on the plastic eggs, simply hide the\xa0Easter treats\xa0around your home or yard without using them. You could also use an alternative, such as a\xa0Kong toy. The idea is the same, and the game is still just as fun and enriching.\n\n', 'Choose Your Dog Treats': 'Your dog relies on their nose\xa0to find rewards, so choose\xa0treats\xa0with an enticing smell that you know your dog enjoys. As you progress throughout the hunt,\xa0reward\xa0your dog for discovering new “eggs” or treats with an excited voice to keep them motivated.\n\nAKC is a participant in affiliate advertising programs designed to provide a means for sites to earn advertising fees by advertising and linking to akc.org. If you purchase a product through this article, we may receive a portion of the sale.\n\nYou may also want to select smaller-sized snacks, so your pet isn’t eating\xa0too many treats\xa0in a short amount of time. Small, chewy treats that your dog can sniff out are a great egg hunt option. If your dog has a foundation in\xa0AKC Scent Work\xa0already, you can always have your dog hunt for scent instead of treats, and reward them accordingly when they find what the “egg” hides.\n\n', 'Watch and Manage Your Dog During the Hunt': 'If you’re doing your own “egg hunt” at home, and have your dog safely contained, then a\xa0leash\xa0is optional. For a publicly-organized dog “egg hunt,” participants will likely have leash rules they must adhere to. Keeping your dog on a leash is usually required by law, but it’ll also help reduce the risk of accidental plastic egg ingestion.\n\nIt also helps reduce the risk of unwanted interactions with other participants (human or canine) at a public event. Leashing your dog also allows you to help guide your dog toward hard-to-find eggs or treats. If you have your own fenced-in yard, off-leash egg hunts are OK. Just be sure to watch your dog to prevent them from ingesting anything you don’t want them to.\n\nAKC is a participant in affiliate advertising programs designed to provide a means for sites to earn advertising fees by advertising and linking to akc.org. If you purchase a product through this article, we may receive a portion of the sale.\n\nNot all dogs enjoy hunting for eggs with other dogs around. Dogs with\xa0resource guarding\xa0behaviors, or who don’t get along well with other dogs in general, would do better with an individual egg hunt that gives them more space to enjoy the activity. Just set up individual “egg hunts” with each dog’s favorite treats and create plenty of space between each participant. Take turns if you have multiple dogs participating.\n\n', 'Not All Egg Hunts Are Created Equal': '“Egg hunts” can be a fun activity for the whole family, but just be certain you don’t mix up the\xa0chocolate\xa0you use for children’s egg hunts with your dog-treat “eggs.” Keep dogs inside and safely away from egg hunts when candy is involved so your dog doesn’t unintentionally ingest any\xa0human treat that could be toxic to them, or doesn’t sneak away with a plastic egg that a child may have dropped. You may also want to count your dog hunt “eggs” to make sure your dog has found them all. Doing this will ensure they don’t discover any later and chew up or swallow the plastic.\n\nNow that you’re set with all the knowledge you need about egg hunts, it’s time to get started. Happy hunting!\n\n', 'We use cookies': '', 'Privacy Preference Center': ''}",[]
https://www.akc.org/expert-advice/lifestyle/dog-easter-safety-activities/,Easter Safety and Activities for Dogs,"Feb 23, 2026","['holidays', 'safety', 'people food', 'chocolate', 'eggs']","Sassafras Patterdale, CPDT-KA, CTDI","As you’re getting ready for the arrival of the Easter Bunny, don’t forget to plan for how your dog will be involved in the holiday. Many of our favorite Easter treats and traditions can be dangerous for our dogs, but with some preparation, you’ll be able to enjoy your family traditions and keep your dog safe at the same time. You can even find ways to safely involve your pet in the day’s festivities.

","{'Don’t Share Your Meal': 'Unfortunately, most of our favorite Easter treats are dangerous for our dogs. Some of these foods, like\xa0chocolate\xa0bunnies,\xa0are toxic for dogs. Other Easter foods may be dangerous because they’re usually prepared with ingredients that are toxic for dogs, like\xa0onions,\xa0garlic, or\xa0xylitol. Other Easter snacks have\xa0high levels of salt\xa0or sugar, which can upset your dog’s stomach and aren’t healthy for them to eat.\n\nSome common Easter foods you should keep away from dogs include:\n\nIf you’re going to have guests over for Easter brunch or dinner, be sure to keep an eye on your dog, as well as where people put plates to make sure they aren’t left unaccompanied in a location where\xa0your dog can reach.\n\n', 'Watch Your Glass': 'Many families enjoy having a drink at Easter but it’s important to not let your dog have a sip.\xa0Alcohol\xa0is toxic to dogs. Make sure that you and your guests don’t leave glasses containing alcohol on low coffee tables, on the floor, or anywhere else your dog can access it.\n\nAKC is a participant in affiliate advertising programs designed to provide a means for sites to earn advertising fees by advertising and linking to akc.org. If you purchase a product through this article, we may receive a portion of the sale.\n\n', 'Egg Hunt Dangers': 'Easter egg hunts are fun for kids and families. But it’s a good idea to prevent your dog from getting involved. The energy of children running, laughing, yelling, and racing to grab eggs can be\xa0overstimulating for many dogs,\xa0who could begin to chase Easter egg hunters. Dogs may also grab eggs themselves. The excitement of the hunt could trigger\xa0resource guarding\xa0from dogs that might not want to relinquish the eggs they find.\n\nThe primary safety issue of Easter egg hunts for dogs is the plastic eggs, and everything put inside them. Dogs can grab and open the eggs, possibly\xa0chewing\xa0or swallowing the plastic, which could cut their mouth or cause an\xa0obstruction. Hidden chocolate and candy in Easter eggs can be especially harmful. Easter eggs also often come with small plastic and rubber toys which, if ingested, could be hazardous to your dog. It’s best to keep your dog away from any egg hunts by keeping them on a leash or in another area of your home.\n\nAKC is a participant in affiliate advertising programs designed to provide a means for sites to earn advertising fees by advertising and linking to akc.org. If you purchase a product through this article, we may receive a portion of the sale.\n\nIf you’re hosting an Easter egg hunt, keep track of all the places where the eggs are hidden. Once the event is over, be sure to double-check that all the eggs have been found. Ensure that none have been left where your dog can find them or sitting out at a level where your dog can reach. Before letting out your dog, check your yard for any candy wrappers that may have accidentally been discarded. Foil from around chocolate bunnies and plastic candy wrappers may attractive to dogs, but it isn’t digestible.\n\n', 'Avoid Easter Lilies': 'Easter Lilies\xa0are beautiful but they shouldn’t be brought into homes with pets. Lilies are very popular gifts during the Easter season. But they’re highly toxic to cats and dogs and can lead to kidney failure.\n\nAKC is a participant in affiliate advertising programs designed to provide a means for sites to earn advertising fees by advertising and linking to akc.org. If you purchase a product through this article, we may receive a portion of the sale.\n\n', 'Supervise Easter Baskets': 'If you’re going to be creating and gifting Easter baskets, keep the baskets in a location where your dog cannot reach them. Easter baskets may contain plastic grass, which, if eaten by dogs, can lead to an obstruction and require emergency veterinary care.\n\nA safer alternative is to purchase\xa0decorative Easter basket grass made from recycled paper. Consider making your dog their own\xa0festive dog-friendly Easter basket!\n\n', 'Dog Easter Baskets': 'There are safe and enjoyable ways to involve your dog in the Easter festivities. You can make your dog their own Easter basket to open on Easter morning (with help and supervision). Easter basket treats perfect for dogs include\xa0festive toys\xa0and\xa0treats, as well as\xa0bandanas or outfits\xa0for the day.\n\n', 'Dog-Safe Easter Egg Hunt': 'Creating your dog’s own\xa0Easter egg hunt\xa0is a fun way to include them in the holiday. Hide small pieces of your dog’s favorite treats or toys around a room in your house, or in a fenced yard. Once you’ve hidden toys and treats, encourage them to start searching. Then, praise your dog as they find each hidden treat or toy. You can also use plastic Easter eggs to hide treats or scents (if you train in the sport of\xa0scent work) that your dog will search for.\n\nAKC is a participant in affiliate advertising programs designed to provide a means for sites to earn advertising fees by advertising and linking to akc.org. If you purchase a product through this article, we may receive a portion of the sale.\n\nIf you’re going to hide treats or scents in plastic eggs, keep track of where all the eggs are hidden. Closely monitor your dog while they’re searching. Once they find the egg, you can open the eggs and give them the treats inside or reward them if they find the scent inside.\n\nIf you have multiple dogs, it’s best to set up separate Easter “egg” hunts for each dog. Having each dog search separately will prevent any conflict,\xa0resource guarding, or bullying between dogs as they search for their treats and toys. Not only is this fun for your dog, but it’s also a great way to start training toward earning a\xa0Virtual Scent Work Title\xa0through AKC with your dog.\n\n', 'Create Space and Supervise': 'If you’re having guests over for a celebration, it’s important to supervise your dog to make sure they’re comfortable, especially\xa0around children. If your dog gets overwhelmed with people in the house, it’s a good idea to have them leashed. This allows you to support your dog in making good decisions.\n\nAKC is a participant in affiliate advertising programs designed to provide a means for sites to earn advertising fees by advertising and linking to akc.org. If you purchase a product through this article, we may receive a portion of the sale.\n\nAlternately, you can give your dog a\xa0treat-stuffed toy\xa0or\xa0dog-safe chew\xa0in their crate, or a quiet area of the house behind a door or\xa0dog gate. This can help dogs to relax while visitors are in the house, or while you’re occupied with Easter festivities and can’t pay attention to them.\n\n', 'We use cookies': '', 'Privacy Preference Center': ''}",[]
https://www.akc.org/expert-advice/lifestyle/french-bulldog-names/,What Should You Name Your French Bulldog? 10 Names to Consider,"Apr 23, 2026","['french bulldog', 'names']",Carly Silver,"In recent years, the French Bulldog has blossomed in popularity, becoming one of America’s most sought-after breeds. With their bat-like ears and compact frames, the Frenchie is instantly recognizable and absolutely adorable.

As with any pet, read up on their specific needs and traits to make sure that a French Bulldog is the right dog for you. Bringing home a dog is a massive commitment, so it’s vital that you make the most informed decision possible. When you decide you’re ready to add a Frenchie to your family, check our list of perfect names below!

","{'Adeline': 'Adeline is a classic French name that derives from “Adèle,” which means “noble.” A diminutive name, Adeline would work well for this petite yet proud breed.\n\n', 'Crème Brûlée': 'Frenchies are downright sweet, so why not channel a French dessert when naming your dog? Crème brûlée is a delicious custard treat topped by hard, caramelized sugar. The food’s color even matches the cream coloring of some French Bulldogs.\n\n', 'French Toast': 'Spoiler alert: the French probably didn’t invent this delightful breakfast. Regardless, this sweet dish would make a perfect name for a French Bulldog.\n\nAKC is a participant in affiliate advertising programs designed to provide a means for sites to earn advertising fees by advertising and linking to akc.org. If you purchase a product through this article, we may receive a portion of the sale.\n\n', 'Louie': 'Eighteen different French kings bore the regal name of Louis. So whether your puppy has their own throne-like bed or just rules the roost with an iron paw, try out this kingly moniker.\n\n', 'Merlin': 'In the 19th century, breeders began to develop the French Bulldog from the original Bulldog. Consider paying origins to the Frenchie’s British origins by naming your puppy after the legendary wizard Merlin.\n\n', 'Pippa': 'This bright, energetic name springs off the tongue, just like a Frenchie on a walk. Plus, it’s a nickname for “Philippa,” which derives, in part, from the Greek word for love. And Frenchies are deeply affectionate canines.\n\nAKC is a participant in affiliate advertising programs designed to provide a means for sites to earn advertising fees by advertising and linking to akc.org. If you purchase a product through this article, we may receive a portion of the sale.\n\n', 'Popeye': 'Frenchies are little but strong. These qualities are reminiscent of the beloved cartoon “Popeye the Sailor Man”…once he eats his spinach, that is!\n\n', 'Prince Charming': 'One quality used to describe a Frenchie is “charming.” So this prince of dogs surely deserves a moniker worthy of their winsome appeal, straight out of a (furry) fairy tale.\n\nAKC is a participant in affiliate advertising programs designed to provide a means for sites to earn advertising fees by advertising and linking to akc.org. If you purchase a product through this article, we may receive a portion of the sale.\n\n', 'Puck': 'In addition to being charming, Frenchies are often playful. One of the most impish characters in literature is the sprite “Puck” from William Shakespeare’s A Midsummer Night’s Dream.\xa0Surely the dog and this otherworldly fairy would have a lot to chat about!\n\n', 'Winston': 'British Prime Minister Winston Churchill was nicknamed “the British Bulldog” for his determination. Since Frenchies are descendants of Bulldogs, too, Winston makes a great name for this breed.\n\n', 'We use cookies': '', 'Privacy Preference Center': ''}",[]
https://www.akc.org/expert-advice/lifestyle/the-queens-royal-corgis/,Queen Elizabeth II’s Royal Pembroke Welsh Corgis,"Apr 21, 2023","['pembroke welsh corgi', 'AKC History']",Randa Kriss,"It all started with Susan. The Pembroke Welsh Corgi was a gift to the then-Princess Elizabeth, eldest daughter of King George VI, for her 18th birthday. Registered as “Hickathrift Pippa,” the dog at first went by Sue, which evolved into Susan. Susan and Elizabeth became so attached to one another that Susan accompanied the princess on her honeymoon with Prince Philip, hidden under blankets in the royal carriage. 

As Queen, Elizabeth II became perhaps the most famous Pembroke Welsh Corgi owner in history. She owned more than 30 of the dogs in her lifetime. On that birthday in 1944, a love affair was born, for both the future monarch and the world.

","{'The Royal Pembroke Welsh Corgi History': 'Susan, however, was not Elizabeth’s first exposure to the breed. In fact, Pembroke Welsh Corgis had been a part of the royal family before. In 1933, breeder Thelma Gray brought a litter of puppies to show the then-Duke of York, the future George VI, and his family. The family chose a dog and named him Dookie. A few years later, Gray gave the royal family another Pembroke Welsh Corgi called Jane. And thus, there were two.\n\nAKC is a participant in affiliate advertising programs designed to provide a means for sites to earn advertising fees by advertising and linking to akc.org. If you purchase a product through this article, we may receive a portion of the sale.\n\nAt the start of World War II, Dookie passed away, but Jane gave birth to a puppy called Crackers, and there were two royal Pembrokes again. When Jane was accidentally run over and killed in 1944, Princess Elizabeth was heartbroken but wrote to the driver to tell him that she was sure it wasn’t his fault, according to Michael Joseph Gross in Vanity Fair. Susan then became the first Pembroke Welsh Corgi to belong solely to Elizabeth and also became the foundation of a royal breeding program.\n\n', 'The Queen’s Breeding Program': 'The Queen personally oversaw a program of Pembroke Welsh Corgi breeding at Windsor Castle. Purebred puppies bred by Her Majesty incorporated the affix, or kennel name, of Windsor into their monikers. It wasn’t until recently that much of this information was known, as “according to a set of unwritten but strictly observed conventions, the breeders who took part in the Queen’s program never discussed their experience in public, and rarely even with one another,” Gross notes.\n\nAKC is a participant in affiliate advertising programs designed to provide a means for sites to earn advertising fees by advertising and linking to akc.org. If you purchase a product through this article, we may receive a portion of the sale.\n\nBut now, we know that Susan is the common ancestor of all Queen Elizabeth’s Pembrokes, an incredible genetic legacy. Two of her final pups, Holly and Willow, appear to have been the 14th generation of Susan’s descendants. Over the years, the Queen called on prominent breeders, such as Gray, Maureen Johnston, Ally Boughton, and others, to help her continue her lines. \n\nHow did she care for all those dogs? The answer: Bill and Nancy Fenwick. Bill Fenwick became Windsor’s head gamekeeper, and in doing so, he and his wife also became the caretakers of the Pembrokes. Nancy trained the dogs to go up the stairs, fed and looked after them, and assisted with finding matches to mate with Queen Elizabeth’s canines. When Nancy Fenwick died, Prince Andrew, Duke of York, attended the memorial service, accompanied by the Queen. By royal protocol, the monarch does not attend staff funerals, but it seems here an exception was made. \n\n', 'The End of an Era': 'When Queen Elizabeth The Queen Mother died in 2002, people in the community began to realize that the breeding program had stopped. In 2012, Monty Roberts, the Queen’s equine advisor, asked her about the breeding of her Pembroke Welsh Corgis. Queen Elizabeth reportedly said that she “didn’t want to have any more young dogs. She didn’t want to leave any young dog behind.” \n\nAKC is a participant in affiliate advertising programs designed to provide a means for sites to earn advertising fees by advertising and linking to akc.org. If you purchase a product through this article, we may receive a portion of the sale.\n\nThe Queen has also owned numerous mixed-breed dogs. While officially, the palace has kept quiet on matters involving the dogs, The Washington Post reported that the Queen was hit particularly hard by Willow’s death in 2018. After all, she was the last real tie to the dog that started it all, Susan.\n\n', 'The Royal Pembroke Today': 'However, the Queen has revived her love of the animal. According to an excerpt from The Other Side of the Coin, The Queen, the Dresser and the Wardrobe,\xa0written by Her Majesty’s dresser Angela Kelly, Queen Elizabeth received two puppies in February 2021: a mixed-breed dog named Fergus and a Pembroke Welsh Corgi named Muick. Three months later, Fergus died, but Prince Andrew and his family gifted her a new Pembroke Welsh Corgi puppy, Sandy; they gave her another Pembroke pup named Muick.\n\nAKC is a participant in affiliate advertising programs designed to provide a means for sites to earn advertising fees by advertising and linking to akc.org. If you purchase a product through this article, we may receive a portion of the sale.\n\nDuring her years on the throne, the Queen used her love for her dogs to make the monarchy friendly and put people at ease. The late Diana, Princess of Wales, once quipped that the dog resemble “a moving carpet,” noted biographer Sally Bedell Smith in Diana in Search of Herself: Portrait of a Troubled Princess.\n\nAKC is a participant in affiliate advertising programs designed to provide a means for sites to earn advertising fees by advertising and linking to akc.org. If you purchase a product through this article, we may receive a portion of the sale.\n\nThe Pembrokes have often helped to break the ice with strangers, even at one point providing therapy for a war surgeon suffering a post-traumatic stress disorder attack. Now, in pop culture, the Pembrokes have been featured in productions like The King’s Speech and The Crown, and the UK Kennel Club cites these instances as producing new interest in the breed.\n\n\n\nElizabeth II died at 96 years old on September 8, 2022, making her the longest-lived British monarch thus far. At the time of the Queen’s death, she still owned Muick and Sandy, among other dogs.\xa0Muick and Sandy went to live with the Duke of York and his former wife, Sarah Ferguson; the former Duchess of York selected the dogs and the Duke gifted them to the late monarch. This continues the legacy of one of the most prolific and dedicated Pembroke Welsh Corgi breeders and ambassadors that the world has ever seen.[jwplayer SJqEXzYR-ghYUzubw]\n\n', 'We use cookies': '', 'Privacy Preference Center': ''}",[]
