url,title,updated_date,tag_list,author,intro,full_content,faq
https://www.akc.org/expert-advice/news/larger-than-life-corgis/,Larger Than Life: Corgis Impact Owners and Online Fans,"May 12, 2026","['cancer', 'pembroke welsh corgi', 'youtube']",Jen Reeder,"This article originally appeared in AKC Family Dog. Subscribe now!

Everywhere Ryen Lung goes, people tell him, “I got a Corgi because of you.” That’s because the Bay Area resident loves to create YouTube videos of his Pembroke Welsh Corgi, Gatsby—and they’ve amassed a huge online following.

Back in 2014 when Lung brought the little puppy home, his friends and family were surprised by his breed choice, sometimes even calling it a little “weird.” Like Lung, they were previously unfamiliar with the breed.

Lung had always considered himself a “big dog” person, but he was renting an apartment with weight restrictions on pets. So he started researching smaller dog breeds and grew intrigued by Corgis.

“They always describe Corgis as a big dog trapped in a small dog’s body, in the sense that their personalities were so big that they match more of a big dog,” he says. “Then I watched a few videos on YouTube and I’m like, ‘Oh, I do see the appeal.’ I feel like they’re really magical.”

During his first year with spirited pup Gatsby, Lung “vlogged” on YouTube, posting on his Great Gatsby Corgi channel every single day. The intelligent, happy dog charmed viewers with his upbeat antics—like popping under his round dog bed and then scooting around the room with it on his back like a flying saucer.

AKC is a participant in affiliate advertising programs designed to provide a means for sites to earn advertising fees by advertising and linking to akc.org. If you purchase a product through this article, we may receive a portion of the sale.

After a year together, Lung made a 46-minute compilation video with the best snippets from each day—and it went viral.

“You could see him grow up in one year from the day I got him to one year later,” he says. “It has 25 million views … people say that’s what convinced them to get a Corgi.”

","{'Living Life to the Fullest': 'Now they’ve shared 12 years of adventures with their fans, from rollicking road trips to Gatsby’s treatments for nasal cancer following a 2022 diagnosis.\n\nThe past several years have involved intense treatments, including radiation that caused dental issues, and a separate diagnosis of adrenal cancer that required surgery. But Gatsby beat the odds.\n\n“After his cancer diagnosis, they said that he had one year, that the median survival rate for nasal cancer is about one year after treatment before it comes back. So I think the first year, I just spent the whole year just being sad and waiting around for the year to end, which was really bad,” Lung says. “I felt very frustrated about that. Last year was the year when I was just like, ‘He’s actually still doing really well, and it is three years after the treatment. He’s lasted way longer than the median.’ So we have to take advantage of all the time that we have together.”\n\nThat’s why in 2025, they took three epic road trips. Springtime saw a jaunt to Las Vegas. In summer, they drove to visit a friend in Vancouver, Canada, stopping at scenic spots like Oregon’s Crater Lake National Park along the way. In fall, they make the trek to Fort Collins, Colorado, for the annual Tour de Corgi, a meetup that brings thousands of Corgis and their people to the Centennial State.\n\nAlong the way, Lung shared updates on social media, to the delight of Gatsby’s legions of followers. Gatsby himself seemed delighted to be adventuring, and particularly loved heading to a Major League Baseball game to cheer for the Seattle Mariners at a dog-friendly “Bark at the Park” event. Lung thinks it was the highlight of his beloved dog’s year.\n\nAKC is a participant in affiliate advertising programs designed to provide a means for sites to earn advertising fees by advertising and linking to akc.org. If you purchase a product through this article, we may receive a portion of the sale.\n\n“He was so excited to walk with all the dogs and all his peers. He was definitely acting like a puppy again,” he says. “I saw his eyes were super lit up with life.”\n\nThanks to their adventures together over the years, Gatsby has taught Lung valuable life lessons. For instance, when Gatsby went sledding in Lake Tahoe, or ran on an open beach along the Oregon coastline, the Corgi showed him how to live.\n\n“Both of those times I just spent my time watching him and his face and seeing how he was living his life in that moment,” he recalls. “Nothing really mattered except for whatever was in front of him—the sledding and the snow and the sand—and he was just running and enjoying his time. So I think the main thing that he really taught me is to just look through his eyes and appreciate the moment and just to be present.”\n\nAKC is a participant in affiliate advertising programs designed to provide a means for sites to earn advertising fees by advertising and linking to akc.org. If you purchase a product through this article, we may receive a portion of the sale.\n\nLung loves sharing his amazing dog with others. He’s created numerous calendars of Gatsby with eye-popping photos by photographer Kohki Yamaguchi, and sends an upbeat photo and story about Gatsby each month to members of the Corgi on Fleek “Ray of Sunshine” Club.\n\n', 'Going Viral': 'Lung’s not surprised that Corgis have become so popular in the age of social media. It’s notable that the Pembroke Welsh Corgi has been in the top 20 most registered AKC breeds over the last decade or so—but 30 years ago, the breed was barely breaking into the top 40.\n\nCardigan Welsh Corgis have also seen their popularity rise over time. The breed was the 65th-most popular AKC breed in 2025, while in the 1990s it was found in the low-80s to high-90s portion of the list.\n\nAKC is a participant in affiliate advertising programs designed to provide a means for sites to earn advertising fees by advertising and linking to akc.org. If you purchase a product through this article, we may receive a portion of the sale.\n\nFor Lung, getting to see Corgis in action online changed everything.\n\n“So many of them are so sassy. They have these strong, funny personalities. As I mentioned, that was one of the reasons why I was attracted to them. They’re very expressive dogs. It’s very loud the way that it comes through,” Lung says. “And also, of course, their bodies are so cute and magic.”\n\nJosephine Zosa agrees that there is something special about Corgis that helps make them so wildly popular on social media and in real life, from their intellect to special skills like herding sheep. Her own famous Corgi, Jojo, has defied expectations of the breed and garnered an outsized online following thanks in part to his surfing prowess.\n\nAKC is a participant in affiliate advertising programs designed to provide a means for sites to earn advertising fees by advertising and linking to akc.org. If you purchase a product through this article, we may receive a portion of the sale.\n\n“Jojo did so many things when he was younger,” she says. “With Corgis, people think they can’t hike because of their short legs, but they can. And they love hiking.”\n\nJojo, now 16, loved outdoor adventures like hiking, kayaking, and surfing. He learned to surf as part of his rehabilitation after being attacked by two dogs near his home in San Diego, California. He nearly lost his life but rebounded and proved a natural at balancing on a surfboard.\n\nWearing his signature life vest with a little shark fin, Jojo—known to his fans on social media as Super Corgi Jojo—placed first in his very first canine surf competition and raised $1,000 for the nonprofit Helen Woodward Animal Center. He went on to win surf competitions in Hawaii, Florida, and Costa Rica—raising money for good causes along the way.\n\nBack at home, Jojo volunteered in surfing classes for children with disabilities. He also became a therapy dog in school “Read to a Dog” literacy programs, for patients in hospice care, and for members of the military and their families through the USO.\n\nAKC is a participant in affiliate advertising programs designed to provide a means for sites to earn advertising fees by advertising and linking to akc.org. If you purchase a product through this article, we may receive a portion of the sale.\n\n“Jojo taught me, ‘Just be kind, be patient, do things with the kindness of your heart,’” Zosa says. “We just love volunteer work.”\n\nShe also loves receiving messages from Jojo’s fans about when he’s helped them through a hard time or welcomed home a Corgi because of Jojo. Sometimes she receives children’s drawings of Jojo, or even photos of graduation cakes featuring Jojo from kids who grew up following his adventures on social media. (Jojo is also the subject of the picture book A Tale of Two Corgis: Kilo and Jojo Go to Hawaii.)\n\nThat online community rallied to support Jojo in August 2023 when he was diagnosed with degenerative myelopathy (DM), a spinal cord disease that can lead to paralysis. Zosa broke the news in a tearful social media post and was soon flooded with messages of support—and advice, such as ways to make him comfortable and a tip to get him a canine wheelchair.\n\n“Without that support, I wouldn’t have known what to do,” she says. “That’s why I’m so thankful for his friends.”\n\nWhile it can be upsetting to see Jojo frustrated when he can’t play with other dogs as he’d like, or to be unable to take his “wheels” on sand, she can’t imagine getting rid of her beloved dog. She’s deeply dismayed when she sees people trying to rehome senior pets on social media because they’re “old” and can no longer do past activities.\n\nAKC is a participant in affiliate advertising programs designed to provide a means for sites to earn advertising fees by advertising and linking to akc.org. If you purchase a product through this article, we may receive a portion of the sale.\n\nInstead, she feels a deep commitment to finding ways to make Jojo happy every single day. He still loves to swim in a pool in their backyard.\n\nUltimately, she’s grateful for the oversized impact her dog has made in the lives of other Corgis, his online fans, and her own life.\n\n“I’ve never liked to go out of my comfort zone. I don’t really like the beach. I don’t really like to kayak. I don’t like to do things. But with Jojo, he made me do everything,” she says. “He’s my best friend.”\n\n', 'We use cookies': '', 'Privacy Preference Center': ''}",[]
https://www.akc.org/expert-advice/news/breeder-spotlight-gaelic-dalmatians/,Meet Dalmatian Breeder Karen Rowan of Gaelic Dalmatians,"May 11, 2026","['socialization', 'dalmatian', 'deafness']",Tracey Ford,"For Karen Rowan, a lifelong love of dogs became a decades-long commitment to one breed in particular: the Dalmatian. Alongside her husband, Paul, Rowan has spent more than 30 years developing Gaelic Dalmatians in North Carolina. Their program reflects careful planning, respect for the breed’s history and purpose, and a deep commitment to responsible breeding.

","{'Discovering the Breed': 'Rowan’s fascination with dogs began early. Growing up, she often flipped through the dog section of the family’s encyclopedia, circling her favorite breeds. Dalmatians were always among them.\n\n“I was obsessed with dogs,” Rowan says. “I always loved Dalmatians, and I loved large breeds in general.”\n\nAlthough her family had dogs, including her brother’s Alaskan Malamutes, Rowan’s passion for animals stood out. Even as a child, she knew dogs would play an important role in her life. That commitment followed her into adulthood. When she met her future husband in college, the topic came up quickly.\n\n“His first question to me was how many kids I wanted someday,” Rowan recalls. “My question to him was, ‘How many dogs do you want to own?’” Fortunately, the answer was “many.” The two soon discovered they also shared a love for Dalmatians.\n\nBefore bringing a puppy home, Rowan spent years researching the breed and learning about responsible breeding practices. When the couple purchased their first home in 1992, they welcomed their first Dalmatian from an experienced breeder in Detroit.\n\nThe experience proved educational. “We did everything wrong with that first dog,” Rowan says with a laugh. “He had separation anxiety, and we learned so much from him about what not to do.”\n\nTheir second Dalmatian came from another respected breeder and became Rowan’s first show dog. Soon after, a female from that same program became Rowan’s first champion and the foundation of Gaelic Dalmatians.\n\n', 'Building the Gaelic Dalmatians Program': 'Rowan and her husband produced their first litter in 1997. Over the next three decades, Gaelic Dalmatians grew into a respected breeding program known for producing quality dogs and dedicated owners.\n\nAKC is a participant in affiliate advertising programs designed to provide a means for sites to earn advertising fees by advertising and linking to akc.org. If you purchase a product through this article, we may receive a portion of the sale.\n\nIn that time, the Rowans have bred just 13 litters. From those litters, they’ve produced 40 champions — many of them earning titles from the competitive Bred-By-Exhibitor class.\n\n“We’ve always shown our own dogs,” Rowan says. “We’ve never special-ed a dog or used a professional handler. This has always been something my husband and I have done together.”\n\nAKC is a participant in affiliate advertising programs designed to provide a means for sites to earn advertising fees by advertising and linking to akc.org. If you purchase a product through this article, we may receive a portion of the sale.\n\nFor Rowan, breeding decisions always start with structure and function. Dalmatians are historically carriage dogs that ran alongside horses for miles at a time, and that athletic heritage still shapes the breed today.\n\n“A Dalmatian is a movement dog,” Rowan explains. “They’re long-distance runners.”\n\n', 'Dalmatians From the Paws Up': 'Because of that history, Rowan pays particular attention to the physical traits that support sound movement. “You start with the feet,” she says. “Feet are the foundation. If you have strong, correct feet, everything else has a better chance of falling into place.”\n\nFrom there, she evaluates shoulder assembly, topline, and overall balance. A Dalmatian’s topline, she notes, is closely connected to tail-carriage because the tail extends from the spine.\n\nWhen planning a breeding, Rowan looks for dogs that complement each other — strengthening areas that may be weaker in the other.\n\n“It’s like putting together a puzzle,” she says. “People sometimes think you just put a male and female together and have puppies. Responsible breeding doesn’t work that way.”\n\nHealth testing is another critical part of the process. At Gaelic Dalmatians, breeding dogs undergo BAER hearing tests as well as OFA evaluations for thyroid, hips, and elbows. “Hearing testing has been done in Dalmatians for decades,” Rowan says. “It’s incredibly important for the breed.”\n\n', 'Raising Confident, Well-Socialized Puppies': 'While careful breeding decisions are essential, Rowan believes the way they raise their puppies is just as important.\n\nAKC is a participant in affiliate advertising programs designed to provide a means for sites to earn advertising fees by advertising and linking to akc.org. If you purchase a product through this article, we may receive a portion of the sale.\n\nOne of the most distinctive aspects of the Gaelic Dalmatians program is that puppies remain with Rowan until they’re 12 weeks old. Many breeders place puppies at eight weeks, but Rowan prefers to use the extra time to focus on socialization and early training.\n\n“In their first\xa0100 days, my puppies meet 100 people,” she says.\xa0\n\nFriends regularly visit so the puppies can interact with a variety of people. Rowan also introduces the puppies to dogs of different breeds — such as Golden Retrievers, Labrador Retrievers, Beagles, and Russell Terriers — after they reach 8 weeks of age.\n\nThe goal is to help the puppies become comfortable in different environments and situations before they go to their new homes. “I want them to be confident,” Rowan says. “If they see a different dog out in the world, it’s not something new or scary.”\n\nAKC is a participant in affiliate advertising programs designed to provide a means for sites to earn advertising fees by advertising and linking to akc.org. If you purchase a product through this article, we may receive a portion of the sale.\n\n', 'Integrating Dog Sports Basics': 'Rowan also incorporates early environmental enrichment into the puppies’ daily routine. Having previously participated in agility, she still has training equipment at home and uses it to help puppies build coordination and confidence.\n\nBy the time a Gaelic Dalmatian puppy goes home, Rowan says the puppy’s already crate trained, well-socialized, and comfortable exploring new situations.\n\nOver the years, Rowan has also learned valuable lessons through unexpected experiences. In one litter, she encountered her first deaf puppy — something that once posed difficult decisions for Dalmatian breeders.\n\nThe puppy, “Jack,” became one of Rowan’s most memorable dogs.\n\n“I learned sign language so I could communicate with him,” she says. “He taught me so much about how dogs communicate.”\n\nJack eventually went to a loving home with a longtime Gaelic Dalmatians owner, but Rowan still remembers him fondly.\n\n', 'A Community Built Around the Breed': 'Beyond breeding and showing, Rowan has also played an active role in the Dalmatian community. In 2024, she served as show chair for the Dalmatian Club of America. The experience gave her a deeper appreciation for the work that goes into preserving and celebrating the breed.\n\nAKC is a participant in affiliate advertising programs designed to provide a means for sites to earn advertising fees by advertising and linking to akc.org. If you purchase a product through this article, we may receive a portion of the sale.\n\n“Breed clubs are the heartbeat of the breed,” Rowan says. “They’re what keep everything going.”\n\nThe Dalmatian Club of America highlights the breed’s versatility by offering events beyond conformation, including agility, obedience, AKC Rally, AKC Scent Work, tracking, and road trials. “It shows everything a Dalmatian can do,” Rowan says. “And it brings people together from all over the country.”\n\n', 'An Extensive Extended Family': 'For Rowan, the most meaningful part of breeding has been the relationships she forms with the families who bring Gaelic Dalmatian puppies into their homes.\n\n“When someone takes home one of my puppies, they become family,” she says. Rowan keeps in touch with many of her puppy owners throughout the dogs’ lives. Some families return years later for a second or even third Dalmatian.\n\nAKC is a participant in affiliate advertising programs designed to provide a means for sites to earn advertising fees by advertising and linking to akc.org. If you purchase a product through this article, we may receive a portion of the sale.\n\n“I know where all my dogs are,” she says. “I know when they’ve passed. We stay connected.”\n\nAfter more than 30 years with the breed, Rowan remains passionate about continuing the work she and her husband began decades ago.\n\n“They’re loyal dogs,” she says. “They love to be loved, and they want to be part of your life.”\n\nFor Rowan, that connection is exactly what makes the Dalmatian such a special breed — and why Gaelic Dalmatians continues to thrive today.\n\n', 'We use cookies': '', 'Privacy Preference Center': ''}",[]
https://www.akc.org/expert-advice/news/diving-dogs-premier-cup-winners-2026/,Meet the 2026 AKC Diving Dogs Premier Cup Winners,"May 04, 2026","['diving dogs', 'dog sports', 'dock diving', 'diving dogs premier cup']",Theresa Robinson,"The 2026 AKC Diving Dogs Premier Cup was held in collaboration with North American Diving Dogs on March 20 in Temecula, CA. Dogs competed in Distance and Air Retrieve, with a winner crowned in each subdivision.  

The competition aired on ESPN2, and champions were announced for each discipline. See the 2026 AKC Diving Dogs Premier Cup winners below! 

","{'AKC Diving Dogs Premier Cup Divisions': 'Dogs competed in the Distance and Air Retrieve categories to crown winners. Distance was separated into three subdivisions: Distance Lap, Distance Supreme\xa0(Open 24+),\xa0and Distance\xa0Marquee\xa0(Open 16′-23’11”). This year, Air Retrieve included three divisions: Lap,\xa0Marquee (Open 12′-17′), and Supreme (Open 18+).\xa0\n\nIn Distance, dogs competed for the farthest jump, which is measured from the end of the dock to the base of the dog’s tail when it breaks water.\n\nIn Air Retrieve, each dog tries to jump off the dock and knock a bumper off an apparatus. The bumper is suspended above the water and centered across the width of the dock, at a set distance from the edge. After a successful attempt, the apparatus is moved one foot farther. Each dog has two chances at\xa0each\xa0distance.\xa0\xa0\n\n', 'Distance Division – Lap Winners': 'Call name:\xa0“Electra”\n\nAKC is a participant in affiliate advertising programs designed to provide a means for sites to earn advertising fees by advertising and linking to akc.org. If you purchase a product through this article, we may receive a portion of the sale.\n\nBreed:\xa0Staffordshire Bull Terrier\n\nHandler:\xa0Ursula Kinley\n\nAge: 3 years old\n\nCall name:\xa0“Uncorked”\n\nBreed:\xa0Parson Russell Terrier\n\nHandler:\xa0Michelle Rocha\n\nAge:\xa06 years old\n\nCall name:\xa0“Smidgen”\n\nAKC is a participant in affiliate advertising programs designed to provide a means for sites to earn advertising fees by advertising and linking to akc.org. If you purchase a product through this article, we may receive a portion of the sale.\n\nBreed:\xa0Boston Terrier\n\nHandler:\xa0Kevin Bottoms\n\nAge: 3 years old\n\n', 'Distance Division – Supreme Winners': 'Call name:\xa0“Ella”\xa0\n\nAKC is a participant in affiliate advertising programs designed to provide a means for sites to earn advertising fees by advertising and linking to akc.org. If you purchase a product through this article, we may receive a portion of the sale.\n\nBreed:\xa0Labrador Retriever\xa0\n\nHandler:\xa0Lacey Craig\xa0\n\nAge:\xa02 years old\n\nCall name:\xa0“Anise”\xa0\n\nBreed:\xa0Belgian Malinois\xa0\n\nHandler:\xa0Rychelle Velasquez\xa0\n\nAge:\xa03 year old\n\nCall name:\xa0“Griffin”\xa0\n\nBreed:\xa0Chesapeake\xa0Bay Retriever\n\nHandler:\xa0Dan Myers\xa0\n\nAge:\xa03 years old\n\n', 'Distance Division – Marquee Winners': 'Call name:\xa0“Flynn”\xa0\n\nAKC is a participant in affiliate advertising programs designed to provide a means for sites to earn advertising fees by advertising and linking to akc.org. If you purchase a product through this article, we may receive a portion of the sale.\n\nBreed:\xa0Dalmatian\xa0\n\nHandler:\xa0Jane Watkins\xa0\n\nAge:\xa06 years old\n\nCall name:\xa0“Fawkes”\xa0\n\nBreed:\xa0Border Collie\xa0\n\nHandler:\xa0Rob\xa0LaCalle\xa0\n\nAKC is a participant in affiliate advertising programs designed to provide a means for sites to earn advertising fees by advertising and linking to akc.org. If you purchase a product through this article, we may receive a portion of the sale.\n\nAge:\xa08 years old\n\nCall name:\xa0“London”\xa0\n\nBreed:\xa0Cane Corso\xa0\n\nHandler:\xa0Zoe Lipe\xa0\n\nAge: 4 years old\n\n', 'Air Retrieve Division – Lap Winners': 'Call name:\xa0“Floyd”\xa0\n\nAKC is a participant in affiliate advertising programs designed to provide a means for sites to earn advertising fees by advertising and linking to akc.org. If you purchase a product through this article, we may receive a portion of the sale.\n\nBreed: All-American Dog\n\nHandler: Kari Herron\xa0\n\nAge: 3 years old\n\nCall name:\xa0“Bash”\xa0\n\nBreed:\xa0All-American Dog\xa0\n\nHandler:\xa0Katelyn Spooner\xa0\n\nAge:\xa06 years old\n\nCall name:\xa0“Bolt”\xa0\n\nBreed:\xa0Parson Russell Terrier\xa0\n\nHandler:\xa0Karen Woods\xa0\n\nAge:\xa06 years old\n\n', 'Air Retrieve Division – Marquee Winners': 'Call name: “Ricky Bobby”\xa0\n\nAKC is a participant in affiliate advertising programs designed to provide a means for sites to earn advertising fees by advertising and linking to akc.org. If you purchase a product through this article, we may receive a portion of the sale.\n\nBreed:\xa0Labrador Retriever\xa0\n\nHandler: Shelby\xa0Saemann\xa0\n\nAge:\xa03 years old\n\nAKC is a participant in affiliate advertising programs designed to provide a means for sites to earn advertising fees by advertising and linking to akc.org. If you purchase a product through this article, we may receive a portion of the sale.\n\nCall name:\xa0“Kaiser”\xa0\n\nBreed:\xa0German Shepherd Dog\xa0\n\nHandler:\xa0Kaitlyn Leasure\xa0\n\nAge:\xa04 years old\n\nCall name:\xa0“Sawyer”\xa0\n\nBreed:\xa0German Shepherd Dog\xa0\n\nHandler:\xa0Brianna Orozco\xa0\n\nAge:\xa04 years old\n\n', 'Air Retrieve Division – Supreme Winners': 'Call name: “RyeLee”\xa0\n\nAKC is a participant in affiliate advertising programs designed to provide a means for sites to earn advertising fees by advertising and linking to akc.org. If you purchase a product through this article, we may receive a portion of the sale.\n\nBreed: German Shorthaired Pointer\xa0\n\nHandler:\xa0Donna Hart-Miller\xa0\n\nAge:\xa03 years old\n\nCall name: “Fizz”\xa0\n\nBreed: All-American Dog\xa0\n\nHandler:\xa0Sam Mo\xa0\n\nAge:\xa01 year old\n\nCall name: “Rysin”\n\nAKC is a participant in affiliate advertising programs designed to provide a means for sites to earn advertising fees by advertising and linking to akc.org. If you purchase a product through this article, we may receive a portion of the sale.\n\nBreed:\xa0Dutch Shepherd\n\nHandler:\xa0Whitney Lightner\n\nAge: 5 years old\n\n', 'Get Started in Dock Diving': 'If the AKC Diving Dogs Premier Cup seems intriguing and you have a dog that loves water,\xa0you’re\xa0already close to competing.\xa0\n\nLike many dog sports, all dogs over 6 months\xa0old, including mixed breeds, are eligible to compete in Diving Dogs (except\xa0females in season).\xa0Titles earned through\xa0North America Diving Dogs (NADD)\xa0will be recognized by The American Kennel Club. To apply, simply complete the\xa0Title Application.\xa0\n\n', 'We use cookies': '', 'Privacy Preference Center': ''}",[]
https://www.akc.org/expert-advice/news/meet-junior-handler-kole-brown/,Meet Junior Handler Kole Brown,"Apr 20, 2026","['bull terrier', 'junior showmanship', 'miniature bull terrier']",Lindsey Dobruck,"Eggheaded and muscular, the Bull Terrier is “full of fire but of sweet disposition,” according to its breed standard — and it takes a handler who truly understands the breed to show one at its best.

“They are ornery, and they are clownish,” says 14-year-old Kole Brown, who shows his family’s Bull Terriers and Miniature Bull Terrier in conformation and AKC Junior Showmanship. They’re robust dogs with silly, unpredictable antics, and an unconventional choice for the Juniors ring. But Kole’s got some terrier traits in him too — fun-loving, a little stubborn, and not one to shy away from a challenge.

“He’s a terrier dude,” says Samantha Brown, Kole’s mom. Bull Terriers are not a fit for everyone, but Kole has a lifetime of experience and a keen sensitivity for these tough but comical companions.

“I think that’s a strength I would say I have — being able to really have a good relationship and know exactly what the dog needs, what makes them feel comfortable when being shown, and how to present the dog,” Kole says.

","{'Growing Up in the Dog Fancy': 'Samantha and Kurtis Brown started breeding and showing Bull Terriers just a few years before Kole was born. As a military family, the Browns have lived in several states, and Kole says they’ve been surrounded by a supportive dog community wherever they land.\n\nAKC is a participant in affiliate advertising programs designed to provide a means for sites to earn advertising fees by advertising and linking to akc.org. If you purchase a product through this article, we may receive a portion of the sale.\n\n“Every once in a while, there will be people that are like, ‘I held you as a baby!’ And I’m like, ‘Yep, I remember you too,’” he jokes. Samantha says these “extra grandparents” would dote on young Kole with candy and treats as he watched from his stroller ringside.\n\nAt about 5 years old, Kole started helping his mom show their Bull Terriers while Kurtis stayed home with Margaret, Kole’s little sister. “Literally, my helper would come in a car seat, and then I just taught him to hold onto the leash and just follow me back in,” Samantha says. He continued to develop his handling skills by showing in Pee Wee, breed classes, specialties, and eventually Juniors when he turned 9.\n\n', '‘The Bull Terrier Kid With the Bow Tie’': 'Kole was building a reputation, and a personal style, too. “I would always have lucky bow ties,” he says. “They were kind of like a trademark — it’s, ‘Oh, hey, that’s the Bull Terrier kid with the bow tie!’”\n\nAKC is a participant in affiliate advertising programs designed to provide a means for sites to earn advertising fees by advertising and linking to akc.org. If you purchase a product through this article, we may receive a portion of the sale.\n\nHe developed a strong partnership with “Rylee” (GCHB CH Delicious Galway Girl TKN BROM), a biddable, patient, “training wheels dog” who was shaping Kole as a Bull Terrier handler. “She loved to be in the show ring — she had her own little vibe going on,” he says.\n\nThe team found success in the breed ring, even taking group placements and a Best in Specialty win. But Bull Terriers can be a tough breed for Junior Showmanship — managing their clownish behavior requires mental stamina and creativity, along with the physical strength to handle their sturdy, muscular body. With Rylee, Kole learned how to present a Bull Terrier in a way that honors the breed while also demonstrating some handling skills to stand out.\n\n', 'A Turning Point in His Show Career': 'Then, in 2021, Kole had a significant win. The Kennel Club of Greater Victoria show was wrapping up for the day, with just Juniors judging remaining. Samantha sprinted to the ring — still in her military fatigues from work — just in time to see Kole awarded his very first Best Junior with Rylee under judge Johnny Shoemaker.\n\nAKC is a participant in affiliate advertising programs designed to provide a means for sites to earn advertising fees by advertising and linking to akc.org. If you purchase a product through this article, we may receive a portion of the sale.\n\nThe win was validating to the Brown family as proof that Kole could succeed in Juniors with a Bull Terrier. “That was a very special moment for me,” Kole says. “I didn’t know it at the time, but that was the start of my whole career, pretty much going forward.”\n\nHe showed Rylee for a few years before teaming with her sister, “Austin” (GCH CH Delicious Hollaback Girl TKN). Though littermates, Austin was “more of a handful,” Kole says — the embodiment of a Bull Terrier in size and spirit. But Austin was exactly what Kole needed to become a more tactful, intuitive handler.\n\n“I just had a ton of fun showing her … having to react to her and see what she wants,” he says. “The difficulty scale was there, but that’s all the more rewarding when you win.”\n\n', '‘Winning’ at Westminster': 'Recently, Kole has been showing “Lexi” (CH Rnr’s Breakfast At Tiffany’S), a sassy Miniature Bull Terrier who lives for the limelight. “Whenever I’m trying to leave the ring, or if I’m going to do a down and back and I do a courtesy turn even anywhere near the ring gate, she’ll be like, ‘Wait a second, we’re not leaving yet!’” Kole laughs.\n\nAKC is a participant in affiliate advertising programs designed to provide a means for sites to earn advertising fees by advertising and linking to akc.org. If you purchase a product through this article, we may receive a portion of the sale.\n\nIn 2025, Kole set out to qualify for Westminster Juniors by exclusively handling a Bull Terrier — and he did. While at the prestigious show, Kole and a handful of juniors were invited to Madison Square Garden to serve as stand-ins for the crew while they set lighting and camera angles.\n\nKole and Lexi were invigorated by the green carpet, bright lights, and cavernous arena. When the mock judge pointed to Kole and Lexi for Best in Show, he knew it was all pretend, but it gave him a taste. What if it had been real?\n\nAKC is a participant in affiliate advertising programs designed to provide a means for sites to earn advertising fees by advertising and linking to akc.org. If you purchase a product through this article, we may receive a portion of the sale.\n\n“Even though I didn’t win anything, that felt like, ‘Wow, I have to come back and win the real thing,’” he says. As for Lexi: “She doesn’t know that it’s fake. So, she thinks that we went and won Westminster!”\n\n', 'We use cookies': '', 'Privacy Preference Center': ''}",[]
https://www.akc.org/expert-advice/news/junior-handler-spotlight-gemma-eldridge/,"Meet St. Petersburg, Florida Junior Handler Gemma Eldridge","Apr 06, 2026","['miniature american shepherd', 'conformation', 'dog breeder']",Lindsey Dobruck,"In Florida’s competitive Junior Showmanship scene, where just making the cut can feel like a victory, young handlers must be exceptional to be noticed. Take Gemma Eldridge, of St. Petersburg, Florida — a first-generation fancier who’s learning to stand out among the fierce competition.

“Juniors is hard because I don’t just have to make my dog look good — I also have to make myself stand out more and work on being more showy,” Eldridge says.

The 15-year-old has already bred her first litter of Miniature American Shepherds and produced a group-placing Bronze Grand Champion. She’s titled her dogs in conformation, AKC Rally, obedience, agility, Fast CAT, and more. She finished 2025 as Canine Chronicle’s Top Junior in Miniature American Shepherds, and at the time of writing, holds the No. 4 spot in the AKC National Owner-Handled Series with a dog of her breeding.

But it’s her subtlety that sets her apart. In the ring, Eldridge has a soft, understated handling style — a warm smile, gentle hands, and a relaxed lead — that highlights the special bond she’s built with her Minis.

","{'A Foundation in 4-H': 'Eldridge doesn’t come from a dog show background: “We’re just people who love dogs and learned a whole heck of a lot in the last eight years,” her mother, Joan, laughs.\n\nAKC is a participant in affiliate advertising programs designed to provide a means for sites to earn advertising fees by advertising and linking to akc.org. If you purchase a product through this article, we may receive a portion of the sale.\n\nEldridge was 8 years old when her family got their first Mini, “Shadow” (DazIn Southerncharm’s Shadow BN RI NAJ BCAT TKN). One day, at the Dog Training Club of St. Pete, where Shadow took puppy classes, Eldridge noticed a flyer for the Crazy 4 Canines 4-H Club.\n\nIn 4-H, kids learn the basics of responsible dog ownership, such as nutrition, veterinary care, grooming, and training. Crazy 4 Canines meets once a week to practice showmanship, obedience, and AKC Rally. They show off their skills at the Florida State Fair, where they compete in dog sports and test their dog knowledge in the Champion of Champions “dog skillathon.”\n\nEldridge wasn’t in 4-H for the ribbons, initially; she simply enjoyed spending time with Shadow, learning about dogs, and making new friends. But when her 4-H leader, Liz Piquet, and former junior handler Jupiter Piquet encouraged Eldridge to try AKC Junior Showmanship, she was game. “I was just kind of going with the flow, I didn’t know a lot about AKC at the time,” she recalls. “I was just there to have fun with my dog.”\n\nBut Shadow had some opinions on the matter. “He didn’t like Juniors very much,” Eldridge laughs. “He didn’t understand why we were all standing around in a ring, so he would get very bored, and then he would bark.”\n\nSo, Liz Piquet loaned Eldridge a Beagle named “Gwen” to help her develop her showmanship skills, and Shadow found his groove in obedience, rally, and agility.\n\nAKC is a participant in affiliate advertising programs designed to provide a means for sites to earn advertising fees by advertising and linking to akc.org. If you purchase a product through this article, we may receive a portion of the sale.\n\n', 'Becoming a Breeder-Owner-Handler': 'As the saying goes, Eldridge was “bit by the bug.” She continued to compete with Shadow in companion events but wanted a dog she could show in conformation and Juniors. Fortunately, her parents were supportive of her newfound passion.\n\n“It took a little while, but … [they] eventually let me get a dog, after a lot of convincing,” Eldridge says.\n\nThe Eldridge family got “Phoenix,” a female Mini, from breeder-handler Billy Huntington. Exclusively handled by Eldridge, Phoenix earned both her Championship and Grand Championship, among several other titles (GCH CH Flawlessly Rising From The Ashes BN RI FDC CGC TKN ATT).\n\nAKC is a participant in affiliate advertising programs designed to provide a means for sites to earn advertising fees by advertising and linking to akc.org. If you purchase a product through this article, we may receive a portion of the sale.\n\nBut Eldridge encountered two speed bumps in pursuit of her dreams. First, as an intact female, Phoenix could not be shown during her heat cycle, so Eldridge had to borrow dogs to show in Juniors. Second: “She’s obsessed with my mom,” she laughs.\n\nEldridge had studied breeding, whelping, and puppy development in 4-H, and was inspired to breed a litter of her own and join the ranks of those who are the backbone of the sport. Her goal was to produce structurally sound puppies with great temperaments who could excel in multiple sports — and ideally, at least one outstanding male to show.\n\nWith the support of her parents, her 4-H club, and her breeder, she bred Phoenix to Huntington’s Platinum Grand Champion Mini, “Legend” (BIS MRBIS MBISS GCHP CH Blue Elk Beginning of an Icon). Eldridge carefully timed the litter for the summer, while she wouldn’t be in school, so she could totally focus on raising the puppies. Phoenix delivered seven beautiful puppies with no complications.\n\nAKC is a participant in affiliate advertising programs designed to provide a means for sites to earn advertising fees by advertising and linking to akc.org. If you purchase a product through this article, we may receive a portion of the sale.\n\n“Me and my parents kind of took shifts watching them … I usually stayed up with them at night to make sure that they’re all fine,” Eldridge says.\n\nIn the first few weeks of the puppies’ lives, Eldridge did Early Neurological Stimulation exercises and followed the Puppy Culture protocol for puppy development. The puppies received plenty of socialization from Eldridge’s 4-H friends and the community.\n\n“All of our neighbors wanted to come over and see the puppies,” Eldridge says. “We had old ladies knocking on our door!”\n\n', 'A Bright Future Ahead': 'Eldridge kept two puppies from the litter — “Bear” (GCHB CH Flawlessly Teddy Bear ATT FDC) and “Ruby” (Flawlessly Gemstone Ruby RN). As with Shadow and Phoenix, Eldridge has trained, handled, and titled her puppies exclusively herself in multiple disciplines.\n\nAKC is a participant in affiliate advertising programs designed to provide a means for sites to earn advertising fees by advertising and linking to akc.org. If you purchase a product through this article, we may receive a portion of the sale.\n\n“When you have a high-energy dog, it’s really good to be able to do different sports with them, because it’s fun for them, too,” Eldridge says. “It gives them a job to do, instead of something naughty.”\n\nShe’s especially proud of Bear — her first Bred-by-Exhibitor Champion, who just recently earned his Bronze Grand Championship. Together, they’ve won multiple Bests of Breed and NOHS Group Firsts. AKC Rally has been Ruby’s focus, but she’s major-pointed toward her Bred-by-Exhibitor Championship as well.\n\nLast December, Eldridge brought Phoenix, Bear, and Ruby to Orlando to compete at the AKC National Championship, presented by Royal Canin. First, Eldridge showed off Phoenix and Ruby’s obedience skills at the 14th AKC Obedience and Rally Junior Showcase, sponsored by Eukanuba.\n\nThen, against nearly 160 of the nation’s most talented young handlers, Eldridge showed Bear in the Junior Showmanship competition. Glimmers of their experience in companion sports shined in their performance: a relaxed lead, engaging tricks as they waited for their turn, and a stunning free stack. While the team didn’t advance to the finals, they did make the first two cuts.\n\nAKC is a participant in affiliate advertising programs designed to provide a means for sites to earn advertising fees by advertising and linking to akc.org. If you purchase a product through this article, we may receive a portion of the sale.\n\n“I was pretty happy about that,” Eldridge says, “because I’ve only gone to [the AKC National Championship] for two years, and this is the farthest I’ve made it.”\n\nIn the coming year, Eldridge hopes to earn Best Junior with Bear, qualify for Westminster, and win an Owner-Handled Best in Show. She continues to compete in 4-H events with all her dogs, too, taking top placements in multiple disciplines.\n\nEldridge says, “I’m always just happy that I’m able to show my dogs … and I get to walk away knowing that I have what I think is the best dog in the ring.”\n\n', 'We use cookies': '', 'Privacy Preference Center': ''}",[]
https://www.akc.org/expert-advice/news/national-agility-championship-winners-2026/,Meet the Winners of the 2026 National Agility Championship,"Mar 24, 2026","['pembroke welsh corgi', 'poodle', 'icelandic sheepdog', 'national agility championship']",Melanie Haid,"From March 20 through March 22, dogs and handlers gathered at Galway Downs in Temecula, California, for the 2026 AKC National Agility Championship. Champions were crowned within the Regular and Preferred Class. Dog-and-handler agility teams competed in the 8″, 12″, 16″, 20″, and 24″ divisions in the Regular Class, and 4″, 8″, 12″, 16″, and 20″ in the Preferred Class.

","{'AKC National Agility Championship Regular Class Winners': 'Champions were announced in each of the five height divisions: 8″, 12″, 16″, 20″, and 24″.\n\nCall Name: Welly\n\nRegistered Name: MACH Welly MXB MJB XF T2B CGC\n\nBreed: Pembroke Welsh Corgi\n\nOwner/Handler: Peter Wirth\n\nAKC is a participant in affiliate advertising programs designed to provide a means for sites to earn advertising fees by advertising and linking to akc.org. If you purchase a product through this article, we may receive a portion of the sale.\n\nFrom: Longmont, Colorado\n\nTime: 35.137 seconds\n\nCall Name: Skye\n\nRegistered Name: MACH6 Safranne’s Have No Fear MXS2 PAD MJG2 PJS NF\n\nBreed: Poodle\n\nOwner/Handler: Han Yu\n\nFrom: Glenville, Illinois\n\nTime: 33.246 seconds\n\nCall Name: Luke\n\nRegistered Name: Five-Gait Luke RA MX MXJ MXF BCAT TKP\n\nBreed: Icelandic Sheepdog\n\nOwner/Handler: Leslie Ems-Walker\n\nFrom: Salem, Oregon\n\nTime: 41.425 seconds\n\nCall Name: Brink\n\nAKC is a participant in affiliate advertising programs designed to provide a means for sites to earn advertising fees by advertising and linking to akc.org. If you purchase a product through this article, we may receive a portion of the sale.\n\nRegistered Name: On The Brink MX MXJ MXF T2B\n\nBreed: Border Collie\n\nHandler: Kaitlin Rohr\n\nOwner:\xa0Russell Rohr\n\nFrom: Loma, Colorado\n\nTime: 31.998 seconds\n\nCall Name: Cosmo\n\nRegistered Name: Sokoldalu’s Power Of The Sun And Stars RI AX MXJ XF NFP\n\nBreed: Vizsla\n\nOwner/Handler: Sam Chew\n\nFrom: Edmonds, Washington\n\nTime: 39.387 seconds\n\n', 'AKC National Agility Championship Preferred Class Winners': 'AKC Preferred Agility is a great program for senior dogs or dogs that have suffered injuries. It allows dogs to jump at one height division lower than the regular course, as well as giving them five extra seconds to complete the course.\n\nBelow are this year’s Preferred Champions. The full results can be found at the AKC Companion Events page.\n\nAKC is a participant in affiliate advertising programs designed to provide a means for sites to earn advertising fees by advertising and linking to akc.org. If you purchase a product through this article, we may receive a portion of the sale.\n\nCall Name: Kailani\n\nRegistered Name: M\n\nBreed: American Eskimo Dog\n\nOwner/Handler: Jennifer Crisman\n\nFrom: Harpersville, Alabama\n\nTime: 44.414 seconds\n\nCall Name: BET\n\nRegistered Name: MACH2 Betterlatethannever MXG MJC PJD MXP2 MJP XF T2B\n\nBreed: Shetland Sheepdog\n\nHandler: Marco Giavoni\n\nFrom: Midland, Michigan\n\nTime: 35.396 seconds\n\nCall Name: Dazzle\n\nRegistered Name: MACH2 PACH Dazzle Them With Brilliance MXS MJS MXPB MJPB PAX T2B TKI\n\nAKC is a participant in affiliate advertising programs designed to provide a means for sites to earn advertising fees by advertising and linking to akc.org. If you purchase a product through this article, we may receive a portion of the sale.\n\nBreed: Australian Cattle Dog\n\nOwner/Handler: Michele Smith\n\nFrom: Norco, Califonia\n\nTime: 50.125 seconds\n\nCall Name:\xa0Ego\n\nRegistered Name: PNAC MACH2 PACH On Target’s Narcissist BN RA MXS MJS MXP3 MXPB MJP3 MJPB PAX MXF T2B CGC TKP\n\nBreed: Border Collie\n\nOwner/Handler: Sydney Ryan\n\nFrom: Troutdale, Oregon\n\nTime: 32.452 seconds\n\nCall Name: Howie\n\nRegistered Name: GCH CH MACH8 PACH Lazydaze How’D Ewe Like My Darkside MXC2 PAD MJC2 MXPB MJP3 MJPB PAX BCAT DMA DSA\n\nBreed: Border Collie\n\nHandler: Amber McCune\n\nOwner:\xa0Celeste Maurer\n\nAKC is a participant in affiliate advertising programs designed to provide a means for sites to earn advertising fees by advertising and linking to akc.org. If you purchase a product through this article, we may receive a portion of the sale.\n\nFrom: Bedford, New Hampshire\n\nTime: 35.834 seconds\n\n', 'Want More AKC National Agility Championship?': 'Relive all the action on AKC.tv or on the AKC.tv app. Stay tuned for the ESPN broadcast!\n\nRead about other dogs that competed this year, like Afghan Hound, “Dazzle,” Labrador Retrievers “Gus” and “Luka,” and All-American Dog “Tully.”\n\n', 'Getting Started in Agility': 'Any dog that is registered with the AKC can participate, including All-American dogs registered as Canine Partners.\n\nA great first step to getting involved in agility is working toward your Agility Course Test (ACT) title. The ACT is an entry-level agility event designed to introduce beginner dogs and their handlers to the sport. Any dog that is at least 15 months old can participate, and the title can be earned virtually.\n\n', 'We use cookies': '', 'Privacy Preference Center': ''}",[]
https://www.akc.org/expert-advice/news/diving-dogs-premier-cup-weimaraner-gauge/,"Weimaraner ‘Gauge’ Overcomes Illness, Proves Dog Sport Success Is Never Too Late","Mar 23, 2026","['weimaraner', 'dock diving', 'valley fever', 'diving dogs premier cup']",Nandini Maharaj,"At 7 months old, Weimaraner “Gauge,” a Weimaraner, launched herself off the front of a pontoon boat into the water below. She jumped without hesitation, much to the delight of her owners, Anna and Chris Brown. “My husband always wanted a dog so he could jump off the boat and have the dog follow, and she did,” Anna says.  

It wasn’t long before they started taking Gauge to dock diving events in Southern California. “She was bred to be a field dog and has a strong prey drive,” she says. “We discovered with dock diving that if anything moves, she has to get it.”  

After a difficult battle with Valley fever, Gauge has made an incredible comeback. At 8 years old, she doesn’t seem keen on slowing down. Gauge, and remains the #1 Weimaraner in Air Retrieve. You can see her competing at the AKC 2026 Diving Dogs Premier Cup in Temecula, California. 

","{'A\xa0Fondness for the Weimaraner Breed': 'Before welcoming Gauge,\xa0Anna and Chris the Browns had lost their previous Weimaraner to cancer at just six years old. “We were looking into fostering, because we weren’t really ready to get another dog,” she says. That’s when they found\xa0a breeder in Arizona who had a seven-month-old Weimaraner puppy available. “It just seemed like the perfect fit for us,” she adds.\n\nAKC is a participant in affiliate advertising programs designed to provide a means for sites to earn advertising fees by advertising and linking to akc.org. If you purchase a product through this article, we may receive a portion of the sale.\n\nAs it turns out,\xa0Gauge is the\xa0couple’s\xa0third Weimaraner. “I had one growing up,\xa0and she was the best dog. Very loyal, protective, and family-oriented to us kids,” she says. “As an adult, you kind of want the same dog you had when you were a child.” After they got married, she\xa0they\xa0decided it was time for a dog.\xa0\n\nThe\xa0Weimaraner\xa0appealed to\xa0Anna and Chris\xa0the couple\xa0because of their beauty and temperament. Plus, they don’t shed much. “They call them the dog with the human brain,”\xa0Chris\xa0says. “They’re almost more like a child than a dog.”\xa0\n\nOf\xa0the\xa0their\xa0three\xa0Weimaraners,\xa0they’ve had,\xa0Gauge stands out.\xa0for her athleticism. “She’s the most athletic, high drive dog we’ve ever had,” she says. “She loves to fly through the air,” he adds. In 2020, she won the Dueling Dogs in her division and the Fred Hall Ultimate Air Dogs “Chase It.” That same year, she earned her Air Retrieve Master title.\xa0\n\nGauge\xa0gives\xa0it her all\xa0when she’s\xa0dock diving. “If she doesn’t go far enough on the first trial, the next time she’ll hit it hard and just about fly over the top of it,” says\xa0Chris.\xa0“It’s fun to watch,\xa0and she’s just a nut.”\xa0\xa0\n\n', 'Gauge’s Journey: A Scare\xa0with Valley Fever': 'When Gauge turned three, they were at a dock diving event where she refused to jump. “I could tell she wasn’t feeling good,” Anna says. “She got extremely sick and basically had no energy.” Along with running high fevers, Gauge developed a sore on the back of her leg, which continued to get bigger.\xa0\n\nAKC is a participant in affiliate advertising programs designed to provide a means for sites to earn advertising fees by advertising and linking to akc.org. If you purchase a product through this article, we may receive a portion of the sale.\n\nThey took Gauge to a veterinarian in Southern California. She wasn’t eating and had lost more than ten pounds. Despite being on three antibiotics, she kept getting sicker. The wound on her leg grew, requiring surgery. At first, she tested negative for Valley\xa0fever, a dust-borne fungal infection that\xa0can lead to severe illness\xa0in dogs.\xa0\xa0\n\nFollowing the surgery on her leg, they discovered that her lymph node was necrotic and tested positive for Valley fever. After months of not knowing what was wrong, Anna and Chris were relieved to have an answer. “We were trying all sorts of medicine, and it was just heartbreaking,” she says. “This is a dog who I would run 10 to 12 miles with, and now she could barely walk around the house.”\xa0\n\n', 'A Road to Healing': 'She had painful sores on her paws and had to be hand-fed. It took about six months for her leg wound to heal and for her to start feeling better. At first, it seemed like Gauge was heading in the right direction until a blood test revealed that her liver enzyme\xa0levels were very high. “The vet said let’s just take her off the meds, rest her, and see how she does,” she says. “She’ll have Valley fever the rest of her life and could have a flare-up at any time.” \xa0\n\nIt’s been almost two years since Gauge has been off her medications. “She’s like a little miracle dog,” Anna says.\xa0Gauge is part of the Valley fever project and gets bloodwork done every three months. She still struggles with ear infections\xa0and\xa0vestibular disease, including a noticeable head tilt.\xa0\xa0\n\n“When she’s doing air retrieve, she’ll look at the\xa0bumper and tilt her head,” she says. She tilts her head the same way when she’s begging for a\xa0biscuit in the coffee-shop drive-thru. “She always gets two biscuits because they think it’s so cute,” he says.\xa0\n\nAKC is a participant in affiliate advertising programs designed to provide a means for sites to earn advertising fees by advertising and linking to akc.org. If you purchase a product through this article, we may receive a portion of the sale.\n\n', 'Gauge’s\xa0Return to Dock Diving': 'Gauge’s dock diving career came to a halt\xa0during her illness.\xa0“We\xa0have a pool,\xa0and we would throw her toys, and she had no interest in diving for about two years,” Anna recalls. “She’s playing catch-up now on those years she lost.” Chris calls her a “ball of fire” because of her love of speed and excitement.\xa0\n\nIn 2025,\xa0Gauge received her\xa0Dock Master title with 22 feet. In addition, she was the #1 Weimaraner in Air Retrieve for 2025. Her average is 18 feet.\xa0\xa0\n\n“Dock\xa0diving\xa0was what helped save her life,” she says.\xa0“She\xa0could\xa0have died several times with this\xa0Valley\xa0fever. With\xa0the\xa0right medication and doctors,\xa0she’s\xa0thriving now.” Any time they’re approaching a dock, Gauge can’t hide her excitement. She’s just rearing to go. \xa0\n\nOne of the reasons she likes air retrieve is that\xa0the toy is suspended, so\xa0and\xa0that\xa0she can get it. There’s no human error in throwing the toy. “It’s just her against the toy,”\xa0Chris\xa0explains.\xa0\n\nAKC is a participant in affiliate advertising programs designed to provide a means for sites to earn advertising fees by advertising and linking to akc.org. If you purchase a product through this article, we may receive a portion of the sale.\n\n', 'Weimaraners\xa0Need\xa0to Have a\xa0Job': '“Weimaraners\xa0are great dogs, but\xa0they’re\xa0not for everybody,”\xa0Chris\xa0says.\xa0“Any breeder will tell you that\xa0they\xa0need a job, and that’s really true.” He adds that they’re a high-energy dog and need some type of daily physical activity, or they can get a bit stir crazy. “Gauge is always running around with the ball in her mouth, inside or outside,” she adds. \xa0\n\nThey especially enjoy taking Gauge for runs and bike rides in the trails. “I’m a runner, so we might do 8 to 10 miles,\xa0and she’ll probably do\xa014 miles when we mountain\xa0bike.”\xa0Another favorite is\xa0Frisbee the\xa0flying disc. Gauge belongs to a nationwide Frisbee league Disc Dog\xa0league and was the number one dog in her group for the year with the highest point total. \xa0\n\nIn addition, they\xa0participate\xa0in\xa0AKC\xa0Fast\xa0CAT. Gauge was the #9 Weimaraner in 2022 with a speed of\xa0\xa027.05 mph, and #8 in 2023 with a speed of 27 mph. In 2024, Gauge earned her DCAT. \xa0\n\n', 'Caring for a Senior Dog': 'Whether\xa0she’s\xa0playing\xa0Frisbee\xa0disc\xa0or leaping off a dock, Gauge always needs to be doing something. In fact, Anna and Chris\xa0often\xa0have to\xa0remind themselves that Gauge is\xa0really\xa08 years old.\xa0\xa0\n\nAKC is a participant in affiliate advertising programs designed to provide a means for sites to earn advertising fees by advertising and linking to akc.org. If you purchase a product through this article, we may receive a portion of the sale.\n\nThe couple does everything they can to keep her in shape.\xa0Anna makes all of Gauge’s food\xa0at home\xa0and gives her a supplement\xa0to keep her joints healthy. They also make sure\xa0not to overexercise\xa0her.\xa0\xa0\n\n“It’s so hard to think of her as older, and people still think she’s a puppy or a younger dog,” she says. “We’ll play shorter games of Frisbee or go for a shorter walk with her to rest her in between.”\xa0\n\n', 'Gauge Always Has a Soft Landing': 'Without a doubt, dock diving is Gauge’s favorite sport. “When we get close to a dock diving event, she just starts howling in the back of the car,” she says. It’s like she’s saying, “My turn.”\xa0\xa0\n\nAs for the Diving Dogs Premier Cup, Anna and Chris are thrilled to see Gauge do what she loves. “People think Weimaraners are just hunting dogs, but they’re very fast and powerful,” he says. “Whenever we show people videos of her jumps, they say, ‘Oh my gosh, I’ve never seen anything like that.’” The event is also an opportunity to see their diving dog\xa0friends and meet new people.\xa0\xa0\n\nWherever the Browns go,\xa0Gauge is never far behind. They take her everywhere, whether they’re camping or dining at a restaurant or dog-friendly patio. “She’s a really fun dog,” Chris says. He adds that having a dog is such a great addition to your life and retirement.\xa0“We’re very blessed to have her,” Anna says. “What she’s been through, it’s just amazing.”\xa0\n\n', 'We use cookies': '', 'Privacy Preference Center': ''}",[]
https://www.akc.org/expert-advice/news/diving-dogs-premier-cup-dachshund-lambert/,Dachshund on the Dock: Meet ‘Lambert’ and Mother-Son Team Cassandra and Jack Kotwica,"Mar 19, 2026","['diving dogs', 'dachshund', 'dock diving', 'diving dogs premier cup']",Lindsey Dobruck,"With his scruffy beard, stubby legs, and a fierce look of determination, wirehaired Dachshund “Lambert” commands attention when he’s on the diving dock. Spectators surround the pool with their phones raised to record, excited to see the little dog jump. When 11-year-old Jack Kotwica gives his cue — “Are you ready? Are you ready? Get it!” — Lambert bolts to the end of the dock, takes a flying leap, and plunges into the pool after the bumper. Cheers erupt as Lambert happily paddles toward his toy. 

Jack and his mom, Cassandra Kotwica, are excited to show off Lambert’s aquatic abilities at the 2026 AKC Diving Dogs Premier Cup on March 20, in Temecula, California, and televised by AKC.tv and ESPN2. Lambert will compete in the Distance event, which scores the horizontal length of a dog’s jump off the dock and into the pool. 

AKC is a participant in affiliate advertising programs designed to provide a means for sites to earn advertising fees by advertising and linking to akc.org. If you purchase a product through this article, we may receive a portion of the sale.

Standing just 10 inches tall at the withers, Lambert is a breed that isn’t commonly seen on the diving docks — but, Jack says confidently, “This Dachshund is good.” 

","{'Taking the Plunge': 'From Colorado Springs, Colorado, 4-year-old Lambert (GCH CH Nouvelle’s Made\xa0To\xa0Kill Monsters SW JE BCAT DS RATO) is a jack of all trades, with titles in\xa0Earthdog,\xa0Fast CAT,\xa0Barn Hunt, and\xa0Diving Dogs.\xa0He’s\xa0also pointed in\xa0field trials\xa0for rabbit tracking.\xa0\n\n“Lambert’s a very high-energy, drive–y dog,” Cassandra says. “He has his Grand Championship, but Championship but\xa0conformation\xa0is not where Lambert’s heart is. He would much prefer to do the sports.”\xa0\n\nJack has tagged along to dog shows with his mom since he was 6 years old, volunteering to take video ringside. He started showing two of their other Dachshunds, “Sage” and “Ticket,” in breed and\xa0Junior Showmanship\xa0when he was old enough.\xa0\n\nAKC is a participant in affiliate advertising programs designed to provide a means for sites to earn advertising fees by advertising and linking to akc.org. If you purchase a product through this article, we may receive a portion of the sale.\n\nIn 2023, Cassandra and Jack were at a conformation show that offered a Diving Dogs “Try It” session, where owners can gently\xa0introduce their dogs to the pool\xa0and dock. Despite never swimming before, Lambert showed no hesitation and ran straight down the ramp after his toy.\xa0\n\n“I am telling you, this dog will jump off the dock,” Cassandra remembers the judge telling her, and he urged them to enter a competition. A few weeks later, they competed in their first North America Diving Dogs\xa0event, with Cassandra tossing the\xa0bumper, Jack releasing Lambert, and Lambert making a splash.\xa0\n\n“Lambert got his first dock title that weekend,” Cassandra says. “It was really a hoot!”\xa0\n\n', 'Timing\xa0Is Everything': 'As soon as Jack grabs Lambert’s\xa0life vest\xa0and bumper for their weekly lesson, the Dachshund knows\xa0what’s\xa0coming and expresses his excitement — loudly. “He screams all the way there,” Jack laughs. The facility is an hour from their home, Cassandra adds, “so you can imagine screaming for an hour.”\xa0\n\nAKC is a participant in affiliate advertising programs designed to provide a means for sites to earn advertising fees by advertising and linking to akc.org. If you purchase a product through this article, we may receive a portion of the sale.\n\nAt practice, Jack is perfecting his bumper toss, which requires precise timing and teamwork with his mom. He gives his cue — saying “Are you ready?” twice — and Cassandra releases Lambert on “Get it.” Jack waits until Lambert is about 2 feet from the edge and throws the bumper low, in the Dachshund’s line of sight.\xa0\n\n“You don’t want to throw it too soon,” Cassandra explains. “When your dog is running up and you drop it, you want your dog basically sailing through the air after the bumper.” Distance matters, too.\xa0 Jack aims to have\xa0the bumper\xa0land in the water at the same place each time.\xa0\n\nLambert competes in the “Lap” division for dogs standing less than 16 inches at the withers\xa0—\xa0which means\xa0he’s\xa0up against\xa0much taller\xa0dogs\xa0who are much taller. His best jump is 10 feet 6 inches, measured where the base of his tail hits the water.\xa0\n\n“His challenge is that he has very short legs,” Jack laughs. But what Lambert lacks in stature, he makes up for in moxie. “Lambert never gives up, and he loves toys so much that he goes flying off the dock.”\xa0\n\n', 'Jumping for Juniors': 'Whichever role Jack chooses for the AKC Diving Dogs Premier Cup — throwing the bumper\xa0or releasing Lambert — he hopes his presence on the dock inspires other juniors to try the sport. He recently received a scholarship from\xa0The Trooper and Betty Fund, which aims to make dock diving more accessible to young handlers through financial support.\xa0\n\nAKC is a participant in affiliate advertising programs designed to provide a means for sites to earn advertising fees by advertising and linking to akc.org. If you purchase a product through this article, we may receive a portion of the sale.\n\nCassandra says that the Diving Dogs community has been incredibly supportive and inclusive of Jack, as a junior, and\xa0especially of Lambert, as a Dachshund. “It’s just us and our dogs doing something we love,” she says. “That’s what all of us are there to do.”\xa0\n\nJack’s primary goal for the 2026 AKC Diving Dogs Premier Cup is to enjoy the experience with Lambert and\xa0possibly set\xa0a personal best.\xa0\n\n“I’m a little nervous, but I know I’m good at this, so I think I’ll do well,” Jack says, adding that\xa0he’ll\xa0try not to think about how “there’s so many cameras.”\xa0\n\nAs for Lambert? “I think he won’t even notice them.”\xa0\n\n', 'We use cookies': '', 'Privacy Preference Center': ''}",[]
https://www.akc.org/expert-advice/news/national-agility-championship-gus-luka/,Changing Course: Guide Dog Prospects ‘Gus’ and ‘Luka’ Become Agility Champions,"Mar 19, 2026","['golden retriever', 'labrador retriever', 'guide dog']",Lindsey Dobruck,"After a year of training and socialization, the time had come for “Luka,” a black Labrador Retriever, to go “off to college.” Puppy raisers Holly Sjogren and her husband, Bob, brought Luka to the Guide Dogs of America headquarters for his formal training turn-in, also known as “puppy college.” In his next phase, he’d learn the skills to become a supportive companion to someone with visual impairment.

They walked Luka down to the kennel and said their goodbyes. “It is very emotional,” Sjogren says. “And you just wonder, are they going to be OK? Are they going to make it?”

But despite his stellar foundational training, Luka couldn’t get used to wearing a guide dog harness — and after three months, he was released from the program and officially joined the Sjogren family. “I thought, OK, here’s my next agility dog,” Sjogren says.

From guide dog prospect to agility champion, Luka (PACH Sjogren’s Luka RI MXP4 MXPB MJP4 MJPB PAX OFP) will compete at the 2026 AKC National Agility Championship on March 19–22, 2026 in Temecula, California. Sjogren is also running her Golden Retriever, “Gus” (MACH Groovy Gus RI MXB MJB MXF T2B2 THD CGC TKI), another guide dog trainee whose career changed course.

AKC is a participant in affiliate advertising programs designed to provide a means for sites to earn advertising fees by advertising and linking to akc.org. If you purchase a product through this article, we may receive a portion of the sale.

","{'Bringing Her Love of Dogs to the Classroom': 'Sjogren has been involved in dog sports for more than 30 years, and she’s taught elementary school for even longer. In her fifth-grade class at Hope View Elementary School, Sjogren’s students delight in seeing ribbons and videos from a weekend trial. She’s a founding member of DASH, an agility club in Huntington Beach, California, and several of her students help set jumps and run leashes at their events.\n\nSjogren frequently invites puppy raisers from Guide Dogs of America to speak at school assemblies, and Hope View students have fundraised over the years to support the organization. She had long considered volunteering as a puppy raiser herself, but was hesitant — with two teenage daughters, other dogs at home, and a full-time job, she wasn’t sure if she could handle the commitment.\n\n', 'From Guide Dog Prospect to Teacher’s Pet': 'In 2017, she took the leap. 3-month-old Luka was placed with the Sjogren family as their first guide dog in training. With the Ocean View School District’s enthusiastic support, Sjogren brought Luka to school every day, where he observed the sights and sounds of her classroom.\n\nThough Luka wouldn’t go on to become a guide dog, the Sjogrens were thrilled to have him back. Luka took no time adjusting to life as a family pet — when he returned home, he went straight for his favorite red ball that he had left before turn-in. She remembers thinking, “OK, here you are. You’re supposed to be here.”\n\nSjogren has always been active with her dogs, so agility was a natural next step for the team. But Luka had some old habits to break from his guide dog training — running on her right side and working at a distance took some practice.\n\n“He’s not the fastest guy out there, but he just has so much fun. He’s always smiling, and he’s just happy to do it,” Sjogren says. “He’s a career-change dog that was supposed to be a guide dog for someone, and now he’s just living his best life.”\n\n', 'Another Dog Meant for a Different Path': 'Sjogren’s Golden Retriever, Gus, brings the same joy on his runs, but with speed and stamina: “He’s an Energizer bunny,” she says. Gus, too, was released from the guide dog program before starting formal training because he didn’t pass his eye exam. Sjogren had brought Gus to agility trials as a puppy for socialization, but she’ll never forget his expression the first time he got to do the \xa0 himself.\n\nAKC is a participant in affiliate advertising programs designed to provide a means for sites to earn advertising fees by advertising and linking to akc.org. If you purchase a product through this article, we may receive a portion of the sale.\n\n“He looked at me and he said, ‘Oh my gosh, I get to do this now!’” she recalls. “It was so cute … And I have to tell you, he’s probably the best agility dog I’ve ever had.”\n\nGus and Luka are Sjogren’s first dogs to earn their Master Agility Champion and Preferred Agility Champion titles — dogs she never intended to keep, trained for a different life entirely.\n\n“That was the best part,” Sjogren says. “Getting a PACH and a MACH on these dogs that started out as something else, that’s what I think is cool.”\n\n', 'Setting a New Course': 'While Sjogren is proud that Luka and Gus qualified for the AKC National Agility Championship, she’s going to focus on enjoying the overall experience with her dogs and her friends at DASH. “If I can have one qualifying ribbon, I’m great,” she says. “My class will love it.”\n\nLuka and Gus didn’t work out as guide dogs, but they are part of something significant. Sjogren is currently raising her eighth guide dog, and she’s inspired other teachers in the district to become puppy raisers. On Fridays, Gus visits the school library to support children learning to read.\n\nIn June, Hope View Elementary hosts its annual Service Dog Day, where students meet puppy raisers and working service teams — including a guide dog who was raised at the school several years ago. The students raise thousands of dollars each year to sponsor a new guide dog puppy, and the whole school votes on its name.\n\nHaving the experience of raising a service dog helps teach the kids empathy and compassion, Sjogren says. “Your job in life is to give back to others and to do good things for people, and this is a great way to do it, because we love dogs,” she says. “Sure, it’s sad when you have to give them back, but you just can see the difference it makes in someone’s life.”\n\nAKC is a participant in affiliate advertising programs designed to provide a means for sites to earn advertising fees by advertising and linking to akc.org. If you purchase a product through this article, we may receive a portion of the sale.\n\n', 'We use cookies': '', 'Privacy Preference Center': ''}",[]
https://www.akc.org/expert-advice/news/most-popular-dog-breeds-by-city-2025/,2025’s Most Popular Dog Breeds by City,"Mar 23, 2026","['registration', 'labrador retriever', 'french bulldog', 'most popular breeds']",Melanie Haid,"The American Kennel Club announced 2025’s most popular dog breeds based on AKC registration numbers. For the fourth year in a row, the French Bulldog is the No. 1 most popular dog in the United States. Before 2022, the Labrador Retriever held the No. 1 spot for 31 years.

These may be the top breeds overall, but when you look at major cities in the United States, the rankings aren’t always the same. In some cities, the Frenchie has been No. 1 long before the rest of the U.S. caught on – in other places, they aren’t even in the top five.

Scroll through to see the most popular breeds in these major U.S. cities, and check out the 2024 most popular breed by city rankings to compare!

","{'Most Popular Dog Breeds in Albany, New York': '', '©Patryk Kosmider - stock.adobe.com': '', 'Most Popular Dog Breeds in Atlanta, Georgia': 'AKC is a participant in affiliate advertising programs designed to provide a means for sites to earn advertising fees by advertising and linking to akc.org. If you purchase a product through this article, we may receive a portion of the sale.\n\n', 'Most Popular Dog Breeds in Austin, Texas': '', 'Most Popular Dog Breeds in Baltimore, Maryland': '', 'Most Popular Dog Breeds in Boston, Massachusetts': 'AKC is a participant in affiliate advertising programs designed to provide a means for sites to earn advertising fees by advertising and linking to akc.org. If you purchase a product through this article, we may receive a portion of the sale.\n\n', '©Africa Studio - stock.adobe.com': '', 'Most Popular Dog Breeds in Buffalo, New York': '', 'Most Popular Dog Breeds in Charlotte, North Carolina': 'AKC is a participant in affiliate advertising programs designed to provide a means for sites to earn advertising fees by advertising and linking to akc.org. If you purchase a product through this article, we may receive a portion of the sale.\n\n', 'Most Popular Dog Breeds in Chicago, Illinois': '', '©Grigorita Ko - stock.adobe.com': '', 'Most Popular Dog Breeds in Cincinnati, Ohio': 'AKC is a participant in affiliate advertising programs designed to provide a means for sites to earn advertising fees by advertising and linking to akc.org. If you purchase a product through this article, we may receive a portion of the sale.\n\n', 'Most Popular Dog Breeds in Cleveland, Ohio': '', 'Most Popular Dog Breeds in Columbus, Ohio': '', 'Most Popular Dog Breeds in Dallas, Texas': 'AKC is a participant in affiliate advertising programs designed to provide a means for sites to earn advertising fees by advertising and linking to akc.org. If you purchase a product through this article, we may receive a portion of the sale.\n\n', 'Most Popular Dog Breeds in Denver, Colorado': '', 'Most Popular Dog Breeds in Detroit, Michigan': '', 'Most Popular Dog Breeds in Fort Worth, Texas': '', '©Grigory Bruev - stock.adobe.com': '', 'Most Popular Dog Breeds in Hartford, Connecticut': 'AKC is a participant in affiliate advertising programs designed to provide a means for sites to earn advertising fees by advertising and linking to akc.org. If you purchase a product through this article, we may receive a portion of the sale.\n\n', 'Most Popular Dog Breeds in Honolulu, Hawaii': 'AKC is a participant in affiliate advertising programs designed to provide a means for sites to earn advertising fees by advertising and linking to akc.org. If you purchase a product through this article, we may receive a portion of the sale.\n\n', 'Most Popular Dog Breeds in Houston, Texas': '', 'Most Popular Dog Breeds in Indianapolis, Indiana': '', 'Most Popular Dog Breeds in Jacksonville, Florida': '', '©annaav - stock.adobe.com': '', 'Most Popular Dog Breeds in Kansas City, Missouri': 'AKC is a participant in affiliate advertising programs designed to provide a means for sites to earn advertising fees by advertising and linking to akc.org. If you purchase a product through this article, we may receive a portion of the sale.\n\n', 'Most Popular Dog Breeds in Las Vegas, Nevada': '', 'Most Popular Dog Breeds in Long Island, New York': 'AKC is a participant in affiliate advertising programs designed to provide a means for sites to earn advertising fees by advertising and linking to akc.org. If you purchase a product through this article, we may receive a portion of the sale.\n\n', '©papound@gmail.com - stock.adobe.com': '', 'Most Popular Dog Breeds in Los Angeles, California': 'AKC is a participant in affiliate advertising programs designed to provide a means for sites to earn advertising fees by advertising and linking to akc.org. If you purchase a product through this article, we may receive a portion of the sale.\n\n', 'Most Popular Dog Breeds in Miami, Florida': '', 'Most Popular Dog Breeds in Milwaukee, Wisconsin': '', 'Most Popular Dog Breeds in Nashville, Tennessee': 'AKC is a participant in affiliate advertising programs designed to provide a means for sites to earn advertising fees by advertising and linking to akc.org. If you purchase a product through this article, we may receive a portion of the sale.\n\n', 'Most Popular Dog Breeds in New York City, New York': '', 'Most Popular Dog Breeds in Newark, New Jersey': '', 'Most Popular Dog Breeds in Oakland, California': 'AKC is a participant in affiliate advertising programs designed to provide a means for sites to earn advertising fees by advertising and linking to akc.org. If you purchase a product through this article, we may receive a portion of the sale.\n\n', 'Most Popular Dog Breeds in Orlando, Florida': '', 'Most Popular Dog Breeds in Philadelphia, Pennsylvania': 'AKC is a participant in affiliate advertising programs designed to provide a means for sites to earn advertising fees by advertising and linking to akc.org. If you purchase a product through this article, we may receive a portion of the sale.\n\n', 'Most Popular Dog Breeds in Pittsburgh, Pennsylvania': '', 'Most Popular Dog Breeds in Portland, Oregon': '', 'Most Popular Dog Breeds in Raleigh, North Carolina': '', 'Most Popular Dog Breeds in Richmond, Virginia': 'AKC is a participant in affiliate advertising programs designed to provide a means for sites to earn advertising fees by advertising and linking to akc.org. If you purchase a product through this article, we may receive a portion of the sale.\n\n', 'Most Popular Dog Breeds in Sacramento, California': '', 'Most Popular Dog Breeds in Saint Louis, Missouri': '', 'Most Popular Dog Breeds in Salt Lake City, Utah': '', '©Stefan Werner - stock.adobe.com': '', 'Most Popular Dog Breeds in San Antonio, Texas': 'AKC is a participant in affiliate advertising programs designed to provide a means for sites to earn advertising fees by advertising and linking to akc.org. If you purchase a product through this article, we may receive a portion of the sale.\n\n', 'Most Popular Dog Breeds in San Diego, California': 'AKC is a participant in affiliate advertising programs designed to provide a means for sites to earn advertising fees by advertising and linking to akc.org. If you purchase a product through this article, we may receive a portion of the sale.\n\n', 'Most Popular Dog Breeds in San Francisco, California': '', 'Most Popular Dog Breeds in Seattle, Washington': '', '©Yana - stock.adobe.com': '', 'Most Popular Dog Breeds in Tampa, Florida': 'AKC is a participant in affiliate advertising programs designed to provide a means for sites to earn advertising fees by advertising and linking to akc.org. If you purchase a product through this article, we may receive a portion of the sale.\n\n', 'Most Popular Dog Breeds in Tucson, Arizona': '', 'Most Popular Dog Breeds in Washington, D.C.': 'AKC is a participant in affiliate advertising programs designed to provide a means for sites to earn advertising fees by advertising and linking to akc.org. If you purchase a product through this article, we may receive a portion of the sale.\n\n', 'Most Popular Dog Breeds in West Palm Beach, Florida': '', 'We use cookies': '', 'Privacy Preference Center': ''}",[]
https://www.akc.org/expert-advice/news/diving-dogs-premier-cup-sully-saint-bernard/,‘Sully’ the Senior Dock Diving Saint Bernard Makes a Super-Sized Splash,"Mar 12, 2026","['large breeds', 'saint bernard', 'dock diving', 'diving dogs premier cup']",Gemma Johnstone,"If you’re watching the coverage of the 2026 AKC Diving Dogs Premier Cup, one competitor that will stand out from the crowd is ten-year-old “Sully” the Saint Bernard. The veteran competitor continues to defy expectations, demonstrating that giant breeds can thrive in sports often dominated by leaner, faster dogs.

Sully has already cemented his place in dock diving history. So, for his owner and handler, Kim Goodwin of New Hampshire, attending this prestigious event is all about having fun together and showcasing the potential of this unconventional dock diving breed.

","{'A Lifelong Love of Giant Breeds': 'Goodwin’s passion for big breeds began in early childhood. “I grew up with a Great Pyrenees named Buddy,” she says. “I was three or four when we got him, and when you grow up with a big fluffy dog, it’s hard to go smaller after that.”\n\nWhen Goodwin was 21 and ready to get her own dog, she drove five hours to Maine to meet a litter of puppies and came home with Sully and his brother, Daryl. “I picked Sully immediately. Or really, Sully picked my brother and sat at his feet,” she explains with a smile. “But on the drive home, we kept thinking about Daryl, so I went back and got him too.”\n\nAKC is a participant in affiliate advertising programs designed to provide a means for sites to earn advertising fees by advertising and linking to akc.org. If you purchase a product through this article, we may receive a portion of the sale.\n\nRaising two big pups together was more challenging than expected. Sully and Daryl experienced littermate syndrome. Luckily, Goodwin was dedicated to managing their relationship and sought advice from a reputable Saint Bernard breeder and trainer. When Sully and Daryl were a year old, the breeder had a litter of puppies, and Dino joined the family.\n\nGoodwin’s introduction to dock diving came unexpectedly while spectating at a dog show. “The breed ring was cool, but dock diving was the main attraction, and there was this huge crowd watching,” she explains.\n\nOne competitor had a Rottweiler jumping over 20 feet and this immediately caught her attention. “He said they wanted to see a Saint Bernard do it,” she says. “And I thought, ‘Well, I have three of them. Let’s see what happens.’”\n\n', 'A Dock Diver That Was Learning How to Swim': 'Although Sully loved the water from the start, the 100-pound dog couldn’t swim yet. Fortunately, a nearby pet care facility and show event center, American K9 Country, had a pool where Goodwin could practice. She spent hours in the water helping her dogs build confidence and body awareness.\n\n“Sully didn’t have a toy drive at first,” she explains. “But he had a really strong prey drive.” To motivate him, Goodwin tied real feathers to the toy being thrown into the pool. “He thought he was chasing an animal,” she says. “Every session, I removed a few feathers until eventually it was just the toy.”\n\nHer creative strategy worked, and Sully’s skills and enthusiasm for dock diving soared. “When we first started, he was jumping five or six feet, and I thought that was amazing,” Goodwin says. “Now his personal best is 19 feet, 1 inch.” Even now, at nearly 10 years old, he’s still jumping 15 to 16 feet and loves being in the water.\n\nGoodwin’s passion for dog sports eventually led to a job offer at American K9 Country, where she still works. This gives her the opportunity to train at a world-class facility with experienced competitors and trainers.\n\nAKC is a participant in affiliate advertising programs designed to provide a means for sites to earn advertising fees by advertising and linking to akc.org. If you purchase a product through this article, we may receive a portion of the sale.\n\n', 'Challenging the Saint Bernard Stereotype': 'Saint Bernards often have a reputation for being stubborn or lazy. But Goodwin says that in her experience, they’re anything but. Training giant breeds may require adjusting your expectations and techniques, but they’re still full of potential and respond well to praise.\n\n“You can’t expect them to be like a Border Collie or you’ll be disappointed,” she says. “Saints will do anything you ask of them. They might do it slower than most breeds, but they’ll try.”\n\nDaryl, Dino, and Sully all took part and excelled in dog sports. “I just kept trying all the sports to see which ones they liked more,” Goodwin says.\n\nDino became the most titled breed champion in history. “I think he ended his career with about 45 AKC titles,” Goodwin says proudly.\n\nDaryl, who she describes as a “nervous Nellie,” took longer to gain confidence traveling to shows, but he ended up loving Fast CAT and lure coursing.\n\n“However, Sully is my boy who will do anything you ask of him, not just dock diving,” she says.\n\n', 'Hall of Fame Induction': 'Sully is the most AKC-titled Saint Bernard in breed history and is approaching 100 titles across multiple disciplines. As well as dock diving, he has competed in agility, Barn Hunt, Fast CAT, Rally, lure coursing, and tried scent work.\n\n“He loves the crazy sports,” Goodwin says. “The sports people don’t expect Saint Bernards to do, those are all his favorites.”\n\nOne of Goodwin’s proudest moments came when Sully was inducted into the North American Diving Dogs Hall of Fame last year. Only three dogs receive the honor each year, and applicants need to meet strict criteria, including at least 300 jumps. Sully exceeded those requirements with ease, recording more than 600 splashes and nearly 40 NADD titles, and his dock diving career is still going strong.\n\nAKC is a participant in affiliate advertising programs designed to provide a means for sites to earn advertising fees by advertising and linking to akc.org. If you purchase a product through this article, we may receive a portion of the sale.\n\nGoodwin feels especially lucky because she lost both Dino and Daryl when they were seven years old. Sully also experienced a bloat scare when he was younger, but at his most recent veterinary checkup, all was looking good.\n\n“His blood work was phenomenal,” Goodwin says. “He does have some tumors in his mouth and ears, but other than being unsightly, they don’t bother him.”\n\nShe says he still enjoys tugging on toys, eats well, and loves to compete. “The fact that he’s turning almost 10 years old is incredible,” Goodwin says. “The St Bernard Club actually offers a Lifetime Achievement Award for any St Bernard that turns 10 years old, because that’s how rare it is.”\n\n', 'Giving Big Breeds the Opportunity to Explore Their Potential': 'As Sully heads to the AKC Diving Dogs Premier Cup, Goodwin says she never imagined her journey with giant breeds would lead to opportunities like this. However, winning isn’t what motivates her most. “At the end of the day, it’s really about the memories,” Goodwin says. “Seeing your dog happy doing something they love, that’s the best part.”\n\nShe hopes Sully’s accomplishments will inspire more owners of large breeds to explore dog sports. “I see so many Saint Bernards with so much potential,” she says. “People assume they’re just couch potatoes, but they’re a working breed.”\n\nHer advice to owners is to get out there with your dog. “Their lives are short, and their world is only as big as you make it,” she says.\n\nGoing forward, Goodwin plans to continue competing with her Great Pyrenees, Appa, and hopes to welcome another Saint Bernard puppy in the future. But there will only ever be one Sully.\n\n', 'We use cookies': '', 'Privacy Preference Center': ''}",[]
https://www.akc.org/expert-advice/news/nation-agility-championship-afghan-hound-dazzle/,Afghan Hound ‘Dazzle’ Uses Speed and Wit to Make a Name for Agility Afghans,"Mar 11, 2026","['border collie', 'papillon', 'national agility championship', 'afghan hound']",Rylee Johnston,"On a typical agility course, the most common breeds you’ll spot are Shetland Sheepdogs, Border Collies, Australian Shepherds, Golden Retrievers, and Papillons. But, Robin Kletke, an AKC Agility judge and handler, and his wife Robin Cohen are challenging the norm with their 8-year-old Afghan Hound “Dazzle.”

The 2026 AKC National Agility Championship is slated to take place on March 19-22 in Temecula, California, and will see these breeds display their speed and wits — and Kletke hopes to be there with Dazzle to further prove that Afghan Hounds are worthy competitors.

","{'Starting Out in Agility with Afghans': 'Cohen is an agility trial secretary, and has always been a fan of Afghan Hounds. This led the couple to bringing home “Coco” and “Star” in 1995. Both demonstrated a restless energy that the couple decided needed to be released beyond walks outside.\n\nAKC is a participant in affiliate advertising programs designed to provide a means for sites to earn advertising fees by advertising and linking to akc.org. If you purchase a product through this article, we may receive a portion of the sale.\n\n“My wife was watching one of our dogs jump up on the bathroom counter and walk across the counter, turn the corner, and walk across the other edge of the counter, [and] not knock anything over,” Kletke says. “So we thought, well, we’ll try agility.”\n\nThe breed is known for being loyal, but also aloof which proved to be a challenge in the beginning stages of agility training.\n\n“We almost got kicked out because Afghans didn’t really know how to come when they were called,” he says.\n\nWith patience and persistence, Kletke was able to help Coco and Star become the first two Afghans in the American Kennel Club to get agility titles. From then on, he’s competed with the breed and used his past experiences to guide his training.\n\n', 'Discovering the Right Motivation': 'Having owned Papillons, Border Collies, and Afghans all at the same time, Kletke’s no stranger to switching up his training methods depending on the breed. “There are a million different ways to motivate a dog, there’s a million different ways to reward a dog, and a million different ways to train them,” Kletke says.\n\nWith the latter two breeds, he could give them food, toys, and praise to help them. Repetition was also key to mastering skills needed for the sport. For Dazzle, it’s running.\n\n“We learned to treat the running back to the house, running back to the back door to go back inside, that was the reward,” Kletke says. His other breeds could stand training sessions where skills were drilled and repeated, but with Dazzle, that only risked messing it up. “An Afghan looks at [a skill] and says look, I did it once correctly, well now I’ll do it again and [since] you didn’t like it the first time, I’ll do something else,” Kletke says.\n\nRunning a course requires a different tactic, too. Keltke’s Papillons and Border Collies are what he describes as “point-and-shoot” breeds, but with Dazzle, he has to stay within her eyesight at all times.\n\nAKC is a participant in affiliate advertising programs designed to provide a means for sites to earn advertising fees by advertising and linking to akc.org. If you purchase a product through this article, we may receive a portion of the sale.\n\n“If you’re behind [Afghans] calling directions and commands, it’s way more difficult. And [Dazzle] is so much faster than I could ever be … so I just try to stay in her line of sight and direct her where she’s supposed to go,” he says.\n\n', 'Gaining a New Perspective as an Agility Judge': 'Eight years after he started competing with his dogs, Kletke took his love for the sport to the next level. In 2003, he became an AKC agility judge.\xa0This experience has brought him around the country and allowed him to see how other handlers navigate their dogs on the course. What’s been the most helpful for him though? Learning from the novice sessions.\n\nAKC is a participant in affiliate advertising programs designed to provide a means for sites to earn advertising fees by advertising and linking to akc.org. If you purchase a product through this article, we may receive a portion of the sale.\n\n“I get to see exactly what dogs see instead of what handlers tell them to see because the handlers are new,” he says. “They’re not trying to handle and haven’t been trained as tightly as an excellent masters … It gives me a different perspective of, you know, timing for commands and what other people are doing.”\n\n', 'Making History for Afghans': 'Dazzle wasn’t the first Afghan Hound that Kletke took into the ring, but she’s the the first one in the history of the breed to earn the Agility Grand Championship (AGCH). She got the title at the Evergreen Afghan Hound Club Trial in February 2025.\n\nEven though her training may not be traditional, Kletke has found success reframing his philosophy around agility. Through it, he and Dazzle haven’t just grown as a team, but bonded in a way that goes deeper than a traditional pet-and-owner relationship.\n\n“[I’ve been] the most proud of Dazzle when she and I, together, whether we qualify or not, leave the ring having had a good time, and are happy with each other.\n\n', 'Any Dog Could Do It': 'With years of experience with the breed and as an agility judge on his resume, Kletke has proved a great deal. Just because a breed hasn’t competed in a dog sport category, doesn’t mean they can’t step into the ring.\n\nNot every run will be perfect though. “There are times that I will stand in the middle of the ring with Dazzle, and she’s gone crazy and she’s running the rings,” Kletke says. “I’m just like, ‘OK, this is what we’re doing now,’ and [I] just go with it and laugh.”\n\nBoth friends and strangers he encourages to get involved with Afghans or other sighthounds, but not without adding that patience is key, as well as making practice the most fun place for them to be.\n\n“If you can make them happy in the ring, and you can keep it short and sweet and train them that way, you can get a lot out of them,” he says.\n\nAKC is a participant in affiliate advertising programs designed to provide a means for sites to earn advertising fees by advertising and linking to akc.org. If you purchase a product through this article, we may receive a portion of the sale.\n\n', 'We use cookies': '', 'Privacy Preference Center': ''}",[]
https://www.akc.org/expert-advice/news/national-agility-championship-tully-all-american-dog/,How ‘Tully’ the All-American Dog’s Second Chance Led to the National Agility Championship,"Mar 13, 2026","['canine partners', 'all-american dog']",Courtney Campbell,"Haley Berman never expected that a dog she spotted online would be an agility star. But on March 19, 2026, she and her All-American Dog, “Tully” MACH Star Fox MXB MJS OF T2B3 TKI, will be competing in their second AKC National Agility Championship (NAC) at Galway Downs in Temecula, California.

Tully will be competing in the regular division, and the pair plans on taking things easy until the trial before the NAC. “That’ll be when I’m really homing in on things,” Berman says.

","{'Finding Tully': 'Coming from the horse world, Berman was interested in competing in dog sports like agility, which has parallels to show jumping. At the time, she had “Wiley,” a mixed-breed that she rescued while she was in college. While he was “the perfect little companion,” he wasn’t exactly the best partner for high-energy sports.\xa0 “He was very independent and had his own agenda, and that was fine, and that worked for him,” she says. “So, I set out to get a sports dog.”\n\nBerman was hoping to get a more biddable dog to compete with, maybe an Australian Shepherd, or a Border Collie. Her best friend, who she calls a “dog matchmaker,” stumbled upon an online listing for Tully, who needed to be rehomed because her current owner could no longer care for her.\n\nAKC is a participant in affiliate advertising programs designed to provide a means for sites to earn advertising fees by advertising and linking to akc.org. If you purchase a product through this article, we may receive a portion of the sale.\n\nAfter meeting Tully, Berman was initially having second thoughts. She had driven from Northern California to Los Angeles to meet her, and found Tully was much more energetic than Wiley. She’d go from being interested in Berman to being interested in her ball to running around all over the place. So she got another opinion.\n\n“I called my best friend up, and she was like, ‘Just do it. I think she’s gonna be a great dog for you,’” Berman says. “The next day, I went to go pick [Tully] up. I brought her home, [and] she was a terror for the first month that I had her. So, I decided I needed to give her a job.”\n\n', 'Getting Into the Groove': 'Shortly after, Berman enrolled Tully in classes at Zoom Room, a dog training gym. Here, they had their first taste of agility. “She got exposed to some of the equipment, and I realized she really enjoyed it,” Berman says. “She was really good at it.”\n\nThe pair even tried their hand at Disc Dog with the Disc Dog Club in Southern California. However, while Tully loves catching the flying discs, Berman admits she’s not the best thrower. Luckily, Tully is pretty much happy with whatever activity she’s thrown into. Tully will even run beside Berman while she rides horses. “She’s just a really special dog,” Berman says.\n\nThen, the COVID-19 pandemic hit, and they weren’t able to further their training until 2021. They joined group agility classes at Jump City. “She took to it immediately, and I was like, ‘This is what I want to do with this dog.’” Berman says.\n\n', 'Tully and Tizzy Take to Agility': 'From there, they found a serious trainer and began formally competing in agility in 2022. Tully was 4 years old at that point, and despite a later start, she’s been able to excel very quickly. In June 2025, Tully received her Master Agility Champion (MACH) title.\n\nAKC is a participant in affiliate advertising programs designed to provide a means for sites to earn advertising fees by advertising and linking to akc.org. If you purchase a product through this article, we may receive a portion of the sale.\n\n“Just the fact that we were able to get that was pretty exciting for us, especially with the dog that isn’t bred for it,” Berman says. “She’s just been the greatest teacher. She’s just naturally good at it. She reads my body language really well, and she’s a great sports partner.\n\nAfter her success with Tully, Berman decided to get “Tizzy” (MACH Tizzy Fit MXB MJB OF T2B2 TKN), an All-American Dog who also received her MACH last year. However, Berman chose to pull her from competing at the NAC this year, as the trial environment \xa0can be a bit overwhelming for her.\n\n“I’m hoping that we can get back to it after she takes a little break and we kind of figure out what’s going on in terms of confidence levels,” Berman says. “I just decided I wanted to focus on Tully for this year.”\n\nAKC is a participant in affiliate advertising programs designed to provide a means for sites to earn advertising fees by advertising and linking to akc.org. If you purchase a product through this article, we may receive a portion of the sale.\n\n', 'Second Times the Charm': 'In terms of their performance at this year’s NAC, the pair hopes to have fun and run a little faster than they did last year. “She’s just a joy to run,” says Berman. “So I just want to enjoy my dog.”\n\nOver the past year, Tully has been getting faster at home and at trials. Shaving off some time on her run would be a rewarding enough experience for Berman, especially since she feels they had a later start in the agility world.\n\n“She’s the greatest Novice A dog for me at least,” Berman says. “She’s not the fastest, and she’s not the flashiest, but she’s really consistent. She does her best, and she just wants to please. That’s all she cares about.”\n\n', 'We use cookies': '', 'Privacy Preference Center': ''}",[]
https://www.akc.org/expert-advice/news/dalmatian-jardine-scentwork/,Dalmatian ‘Jardine’ Holds the Most Scent Work Titles at 12 Years Old,"Mar 09, 2026","['scent work', 'dalmatian', 'senior dog']",Elaine Waldorf Gewirtz,"“Jardine,” a 12-year-old male Dalmatian, is the Sherlock Holmes of scent spots. CH. Hot2spot Rocked My World sniffed out 59 AKC Scent Work titles, the most ever achieved by any dog as of 2026. These include 32 Element titles and 27 Level titles.

In AKC Scent Work, dogs begin by searching for cotton swabs saturated with the essential oils of Birch, Anise, Clove, and Cypress, completely hidden from both the handler and the canine. Dogs search elements, which include Container, Interior, Exterior, Buried, and Handler Discrimination, across four levels: Novice, Advanced, Excellent, and Master, plus Detective. When the dog locates the scent, it alerts the handler.

Jardine also earned qualifying and advanced titles in Diving Dogs, agility, AKC Rally, AKC Urban Canine Good Citizen (CGCU), and AKC Community Canine (CGCA) for a total of 156 titles. These include CC FCAT5 SWD2 CZ8P SWME2 SHDME2 NJP NAP NFP RA BN VXA AMX6 DMX3 DE ORT NW3 UJJ JD RATI RATO CAX TDI TT TKP CGCA CGCU.

","{'Building Sensory Success': 'How did this spotted dog nose his way to the top?\n\nJardine’s journey began when his breeder and owner, Laurie Isaacson of Castro Valley, California, capitalized on her dog’s innate sense of smell. Dogs have over 200 million scent receptors, while humans possess only five million.\n\nAKC is a participant in affiliate advertising programs designed to provide a means for sites to earn advertising fees by advertising and linking to akc.org. If you purchase a product through this article, we may receive a portion of the sale.\n\nWhile some Herding, Hound, and Sporting breeds are known for their superior scent skills in finding explosives for the military or helping police search for missing people, Dalmatians aren’t commonly a choice for this line of work. But as a member of the Non-Sporting Group, the Dalmatian’s spirited determination, curiosity, and stamina make the breed a formidable odor chaser. “Many Dalmatians are enjoying this sport,” says Isaacson. “It’s great for all breeds, especially senior dogs with limited or declining mobility who can’t participate in more active sports like Dock Diving or agility.” Participating in Scent Work is low-impact and keeps minds engaged.\n\n', 'Positive Training Is Key': 'At first, Jardine loves the challenge of searching, but for him, the best part is receiving an instant reward when he makes a find. “He pulls me to the start line, and as soon as I say, ‘Let’s go,’ he sniffs the air and begins searching the area,” Isaacson says. Highly food-motivated, the Dal’s smug look, bouncing body, and fast wagging tail certainly convey, “I found it, Mom, I’m ready for a treat, and let’s have a party.”\n\nAKC is a participant in affiliate advertising programs designed to provide a means for sites to earn advertising fees by advertising and linking to akc.org. If you purchase a product through this article, we may receive a portion of the sale.\n\n“My dog loves doing anything with me because I try to make our training and going to trials a lot of fun,” Isaacson says.\n\nIn a way, Scent Work mimics the Dalmatian’s original purpose of trotting alongside a coach and staying close to its owner. “The Dal had to make decisions on its own, guard its person, and not lose focus on the job all at the same time,” Isaacson says.\n\n', 'The Learning Curve': 'After completing his conformation championship at 18 months old, Jardine’s search for scents began in 2019, at 5 years old. Isaacson wanted to compete in Conformation at the Dalmatian Club of America’s National Specialty in Huron, Ohio, which was the first year of AKC Scent Work trials. “When I learned that the club was holding a Scent Work trial, I decided to introduce Jardine to the aromas and prepare to enter him,” Isaacson says.\n\nAKC is a participant in affiliate advertising programs designed to provide a means for sites to earn advertising fees by advertising and linking to akc.org. If you purchase a product through this article, we may receive a portion of the sale.\n\nJardine’s passion for Scent Work came naturally. His dam, “Miley” BISS GCH Sweet Spot Hot2spot Best of Both Worlds\xa0, was the first Dalmatian to earn upper-level AKC Scent Work titles, including the challenging Detective title.\n\n“Jardine has a different learning style than his mother’s,” Isaacson says. “It can be a challenge sometimes because if he sees a squirrel or a lizard when we’re doing a search, he’d prefer chasing after them and forget the essence he’s looking for.”\n\nIn addition to participating in numerous sports, Jardine has also earned the Dalmatian Club of America Coaching Certificate. “It doesn’t seem to matter what sport he’s involved in because he’s consistent and methodical in everything he does,” Isaacson recalls. “When we competed in Dock Diving at the AKC Invitational in Orlando, he stared at the bumper for the longest time and does that the same way every time he’s at the pool.” The first Dalmatian to complete an air retrieve in Dock Diving, he’s also the first Dalmatian with the AKC Dock Diving title of Air Retrieve Master Excellent 6 (AMX6).\n\nAKC is a participant in affiliate advertising programs designed to provide a means for sites to earn advertising fees by advertising and linking to akc.org. If you purchase a product through this article, we may receive a portion of the sale.\n\n“We’re always learning new things as much as we can,” Isaacson says. “Despite dips in the road with a squirrel or a lizard to distract him here and there, getting out there and having fun is what it’s all about for both of us.”\n\nDespite their long experience in dog sports, Isaacson admits to occasional handler error. On one Scent Work search, Jardine couldn’t find the odor, and Isaacson couldn’t figure out why. “I kept hitting my head on something hanging from the ceiling, and I thought it was part of the house,” Isaacson recalls. “It turned out the odor was inside a ball hung from the ceiling.”\n\nAKC is a participant in affiliate advertising programs designed to provide a means for sites to earn advertising fees by advertising and linking to akc.org. If you purchase a product through this article, we may receive a portion of the sale.\n\nWhen the team isn’t in a class or at a trial, they’re relaxing at home. “When I chose this breed, I wanted a breed that was sweet, cuddly, would go with the flow, and easy to live with,” Isaacson says. “When I bred Jardine’s litter, he was the thinker of the group and had great structure to hold up and participate in dog sports.” Working for cookies is always a bonus.\n\n', 'We use cookies': '', 'Privacy Preference Center': ''}",[]
https://www.akc.org/expert-advice/news/junior-spotlight-olivia-betancourt/,Meet Junior Handler Olivia Betancourt,"Mar 09, 2026","['great dane', 'junior handler', 'pointer']",Lindsey Dobruck,"She’s just inches taller than the tips of her dog’s ears, but in the ring, she’s larger than life.

10-year-old Olivia Betancourt and her Great Dane, “Lexus,” glided onto the blue carpet with the grace and harmony of two ballroom dancers, despite their size disparity. Olivia’s shoulders are level with Lexus’s forehead, and when she bent down to hand-stack him, she nearly disappeared behind his towering silhouette.

","{'Competing for Best Junior': 'Olivia was one of nearly 160 young handlers vying for the coveted title of Best Junior at the 2025 AKC National Championship, presented by Royal Canin. These talented juniors qualified for the show through their achievements in the ring and the classroom.\n\n“[It was] very exciting, and at the same time, I was also a bit nervous,” Olivia says. “I figured that there were going to be lots of kids in my class, because it’s a very competitive place for Juniors.”\n\nBut Olivia’s determined expression masked any nerves she might have felt that day. Although she’d only recently aged into Juniors — and this was her first year showing at the ANC — her poise and performance come from a lifetime of experience.\n\nAKC is a participant in affiliate advertising programs designed to provide a means for sites to earn advertising fees by advertising and linking to akc.org. If you purchase a product through this article, we may receive a portion of the sale.\n\n', 'From the Womb to the Ring': 'A third-generation fancier, Olivia is the daughter of Rosario Piñeiro Betancourt and Elyadas Betancourt, breeder-owner-handlers of Great Danes and Smooth Fox Terriers in Brooksville, Florida. When Rosario was Olivia’s age, she started showing her mother’s Danes in Argentina, where she grew up. Elyadas showed Danes as a young adult in Cuba, where he lived. The couple met at a dog show in Florida, and before long, they were married and had Olivia.\n\nAKC is a participant in affiliate advertising programs designed to provide a means for sites to earn advertising fees by advertising and linking to akc.org. If you purchase a product through this article, we may receive a portion of the sale.\n\n“We would have her stroller, and we would put it ringside,” Rosario says. “If my husband was showing, or I was showing, she was there and always watching.”\n\n', 'Watching and Learning': ""Even as a toddler, Olivia was observant. When her parents evaluated litters and practiced stacking puppies, Olivia asked questions and gave her own input. Rosario recalls one day when young Olivia took the leash of a 4-month-old puppy and confidently started walking her. “She was doing exactly the same things that I do — you know, stacking the dog and freestacking. I was like, ‘Wow!'”\n\nOlivia first stepped into the ring at 3 years old to help her dad show a client dog, and hasn’t slowed down since. She started showing her family’s Smooth Fox Terriers, often going up against her parents in Best of Breed competition — and winning.\n\n“It’s fun to beat my mom and dad,” Olivia quips. “They’re proud of me.”\n\nAs handlers themselves, Rosario and Elyadas sometimes give Olivia guidance on handling, but Rosario says Olivia is a perceptive learner on her own. When she’s not showing, Olivia likes to stand ringside and watch other handlers show their dogs, so she can learn from their technique.\n\nAKC is a participant in affiliate advertising programs designed to provide a means for sites to earn advertising fees by advertising and linking to akc.org. If you purchase a product through this article, we may receive a portion of the sale.\n\nShe’s also got a natural, intuitive way with animals, Rosario says. “She is that kind of person that has the touch — that you can handle any dog, and they will be good with you. It’s something special that I think that you have to be born with. It’s not something that you learn.”\n\n"", 'Going Big': 'When she turned 9, Olivia was finally eligible to compete in AKC Junior Showmanship, although she didn’t start right away. There were new considerations she’d have to learn for Juniors — like different gaiting patterns and entering the ring according to your dog’s size instead of armband number.\n\nShe earned a few Reserve Best Junior awards with her family’s terriers, but Olivia enjoys a challenge. Her dad suggested Olivia try 5-year-old Lexus (GCHP EB The Relentless Pursuit Of Perfection), their top-winning Great Dane special.\n\n“It’s not a breed that most Juniors use, because they’re pretty hard to show,” Olivia says. “They’re strong and big, and you need to have a bit of strength in order to control them and stuff. And I like showing them, because they’re kind of fun.”\n\n', 'Learning With Lexus': 'Olivia and Lexus took Best Junior on their first day as a team — and several more after that. Of the 11 Best Junior awards Olivia’s earned, 10 have been with Lexus.\n\nAKC is a participant in affiliate advertising programs designed to provide a means for sites to earn advertising fees by advertising and linking to akc.org. If you purchase a product through this article, we may receive a portion of the sale.\n\n“He is a very fun dog to show, and he is very experienced in showing, and I feel like we have a bond together,” Olivia says. “He’s pretty easy, he listens to me, and he’s sweet and always happy.”\n\nAt 10 years old, Olivia has a bright future ahead. She loves to challenge herself by branching out with different breeds — like her Pointer, “Nellie,” and a client’s Afghan Hound. She hopes to one day show at Westminster for Juniors (she’s already won an Award of Merit there on one of her terriers) and return to Orlando for a chance to show in the Juniors finals.\n\nUntil then, Olivia continues to watch, observe, and learn: “I get better and better every year.”\n\n', 'We use cookies': '', 'Privacy Preference Center': ''}",[]
https://www.akc.org/expert-advice/news/breeder-spotlight-karen-justin/,Meet Great Pyrenees Breeder Karen Justin of Impyrial Pyrenees,"Mar 06, 2026","['Breeder Spotlight', 'great pyrenees']",Tracey Ford,"Karen Justin’s journey with the Great Pyrenees began not in a show ring or whelping box, but on her honeymoon at a mountain resort town in British Columbia.

It was there that she encountered her first Pyrenees, and something about the breed immediately resonated. When she and her husband later decided to add a dog to their home, the choice felt inevitable. After careful research, they brought home a 4-month-old male named “Gimlet” as a family companion. It wasn’t long before Gimlet’s breeder recognized something special in him and asked Justin if she would consider showing him.

At the time, Justin had never even heard of a dog show. She said yes anyway.

That decision changed her life. Gimlet became the top-winning Great Pyrenees of all time. Justin became immersed in the breed — a passion that endured for more than three decades.

“I fell in love with the breed,” she says. “That would have happened regardless of any records.”

","{'From First Encounter to Lifelong Commitment': 'Justin joined the Great Pyrenees Club of America in 1991 and participated in national specialties and club events. After years of observation, study, and hands-on experience, she was ready to breed.\n\nAKC is a participant in affiliate advertising programs designed to provide a means for sites to earn advertising fees by advertising and linking to akc.org. If you purchase a product through this article, we may receive a portion of the sale.\n\nA new direction emerged for her kennel through Gimlet. When he was bred to a Canadian-bred female known for her beautiful type, Justin received a puppy named “Darcy” as her stud fee. Darcy became the cornerstone of the Impyrial breeding program.\n\n', 'Health As a Priority, Not an Afterthought': 'Health testing has always been a non-negotiable part of that mission. Justin tested Gimlet for all available screenings at the time and submitted results to the Orthopedic Foundation for Animals. As testing protocols expanded and the OFA established the CHIC program, she incorporated additional screenings as standard practice.\n\nToday, she evaluates her breeding dogs for hip, knee, and elbow dysplasia; heart disease; CMR1; dwarfism; neurodegenerative diseases; and Glanzmann’s thrombasthenia. At the height of her program, Justin maintained four generations on her property, enabling close monitoring and responsible adjustment if issues arose.\n\nAKC is a participant in affiliate advertising programs designed to provide a means for sites to earn advertising fees by advertising and linking to akc.org. If you purchase a product through this article, we may receive a portion of the sale.\n\nTwo of her dogs have earned the OFA Champion of Health Award, recognized both for their own clearances and for producing offspring with outstanding health results.\n\n“I believe health testing is an important part of producing dogs that can live a long, healthy life,” Justin says.\n\nIn the ring and at home, she looks for the same essential qualities. Temperament, correct breed type, and proper structure are foundational. Many of her puppies go to families with children, making stable, predictable temperaments essential, not optional.\n\n', 'Champion Offspring and Lasting Influence': '“Fame” became one of her most recognized dogs, with 23 Best in Show wins, a National Specialty victory, and status as the only Great Pyrenees to win the Working Group at Westminster. “Devon” is special because Justin showed him herself, earning seven Best in Show wins as breeder-owner-handler and building lasting friendships.\n\nAKC is a participant in affiliate advertising programs designed to provide a means for sites to earn advertising fees by advertising and linking to akc.org. If you purchase a product through this article, we may receive a portion of the sale.\n\nMore recently, “Dino,” at nearly 10 years old, has become both a standout in the ring and a beloved companion at home with multiple specialty wins, Top Twenty honors, National Specialty Sweepstakes success, Platinum Owner-Handled status, Gold Grand Championship, and a growing list of champion offspring.\n\n“He sleeps with me,” she says.\n\nThat closeness reflects Justin’s approach to raising puppies. Litters are whelped and raised inside her home alongside their dam and the household cat. As puppies grow, they transition outdoors to play and learn from their mother and littermates. She also introduces them to grooming, handling, bathing, and crate exposure early, ensuring puppies are comfortable with routine care and human interaction.\n\n“It’s much easier to teach a 15-pound puppy what’s expected than a 100-pound adult,” Justin notes.\n\n', 'Staying Involved With the Breed Club': 'Beyond breeding, service has always shaped her work. Justin has served the Great Pyrenees Club of America in many roles, including Board member, National Specialty chair, financial manager, judges’ education contributor, and AKC Delegate. She is President and Show Chair of the Garden State Great Pyrenees Club and stays active in regional clubs, rescue, fundraising, and judges’ education.\n\nFor newcomers interested in the breed, Justin’s advice is straightforward: do your research. Responsible breeders perform health clearances, offer contracts, maintain club involvement, and welcome questions. While purchasing from a reputable breeder may cost more initially, she says, the long-term value far outweighs the expense.\n\nAKC is a participant in affiliate advertising programs designed to provide a means for sites to earn advertising fees by advertising and linking to akc.org. If you purchase a product through this article, we may receive a portion of the sale.\n\nLooking ahead, Justin acknowledges that a new era has its challenges. These include declining breed numbers, fewer new breeders, and competition from unregulated “farm” litters. Still, she remains hopeful. A small but dedicated group of newer breeders is stepping forward, committed to education, health testing, and stewardship.\n\nAfter more than 30 years, what keeps her going is simple: “My love and passion for the breed,” she says. “I hope people remember me as a positive advocate for our beloved Pyrenees.”\n\n', 'We use cookies': '', 'Privacy Preference Center': ''}",[]
https://www.akc.org/expert-advice/news/disc-dog-finn-proctor/,Meet 16-Year-Old Disc Dog Athlete Finn Proctor,"Mar 06, 2026","['border collie', 'whippet', 'disc dog', 'disc']",Lindsey Dobruck,"Twirling a disc in his right hand, 16-year-old Finn Proctor casually approached the start line at the 2025 AKC UpDog Invitational. He stooped down to pluck a few blades of grass, then stretched his arm outward to release them, observing how the grass drifted downwind. This event, unbeknownst to him, would be one of many giving his name — and disc dog skills — recognition.

Border Collie “Figment” eagerly watched the ritual, held at the ready by Proctor’s dad, Kevin. The sun was in a bad spot for Figment, who is deaf and has bilateral vision impairment — Proctor would need to throw the disc far enough left that it was out of the sun yet still visible to Figment’s better eye. On top of that, a stiff headwind threatened to knock any disc off course.

AKC is a participant in affiliate advertising programs designed to provide a means for sites to earn advertising fees by advertising and linking to akc.org. If you purchase a product through this article, we may receive a portion of the sale.

Quickly strategizing for these conditions, Proctor stepped toward the throwing line, twisted his body, and sent the bright orange disc soaring. Figment bolted across the field, glanced side to side to spot the disc, and caught it at an impressive 85.5 yards.

With a cumulative score of 242 points, the team took first place in the Men’s Far Out division of the AKC UpDog Invitational on November 8 and 9, 2025, in St. Petersburg, Florida. The teen from Troy, Virginia beat every adult, and also nabbed third place in the same event with “Amadeus,” his Whippet.

These are just two wins in Proctor’s already lengthy and growing list of Disc Dog achievements. In the six years he’s played disc games, he’s set several world records for distance throws, swept international events, and been crowned champion in multiple organizations.

He’s got the athletic chops to throw far and accurately, and the analytical skills to adapt to wind and field conditions. But Proctor’s not the only player in this game.

AKC is a participant in affiliate advertising programs designed to provide a means for sites to earn advertising fees by advertising and linking to akc.org. If you purchase a product through this article, we may receive a portion of the sale.

“It’s not about just throwing far,” he says. “It’s about getting the catch.”

","{'Playing Disc With Sensory Impaired Dogs': 'All but one of Proctor’s disc partners are rescues with vision or hearing impairment. His family runs\xa0Green Dogs Unleashed, a nonprofit organization that rescues and rehabilitates dogs with special needs. Many of the dogs also receive training for\xa0therapy\xa0and\xa0service\xa0work.\n\n“He has an incredible relationship with the dogs he plays with, whether they can hear him or not,” says Proctor’s mom, Erika. “That relationship is kind of that pivotal piece, where he can tell the dog — again, verbally or just with his body language — what they need to do.”\n\nAKC is a participant in affiliate advertising programs designed to provide a means for sites to earn advertising fees by advertising and linking to akc.org. If you purchase a product through this article, we may receive a portion of the sale.\n\nThere’s Figment — “the best boy,” Proctor says, who will give the side-eye when he doesn’t get to play his favorite game (Distance). “Norbert” is in it for the joy of the game, especially\xa0Freestyle: “He plays fully with his heart, gives his all for everything, even when he jumps 3 feet early and misses discs by even more than that.”\n\nProctor’s first Disc Dog partner, “Rumor,” is “a bossy little girl” who may abandon the disc to sit on a judge’s lap. And Whippet-mix “Neverland” rounds out the pack, a “mischief-maker” with a repertoire of Freestyle tricks.\n\n“They can do everything a hearing or full-vision dog can do — they’re just as capable,” Proctor says. He’s won competitions and set records with all of them, though special considerations are taken for their needs. For example, the Proctors use fewer verbal cues and more hand signals with their deaf dogs. For their vision-impaired dogs, Proctor thoughtfully selects discs by color and opacity.\n\n“You have to be very deliberate and careful, along with the type of the throw, the placement of the disc in the air, how fast you throw it,” he says. “Because if they don’t see it, then they’re not going to be able to catch it.”\n\n', 'A Natural Competitor': 'Calling Proctor a “standout” would be an understatement. Few kids play disc overall, and even fewer play Distance, a game in which players amass as many points as possible by totaling the distances of three catches.\n\nAKC is a participant in affiliate advertising programs designed to provide a means for sites to earn advertising fees by advertising and linking to akc.org. If you purchase a product through this article, we may receive a portion of the sale.\n\nAt 10, when Proctor started playing Toss & Fetch through\xa0K9 Frisbee, his scores were so high that the league owner required video proof. At his first\xa0Quadruped\xa0event in 2023 — his second-ever Distance competition — Proctor dominated the men’s division as a 13-year-old.\n\nHis secret? Practice. Research. Proctor considers every detail for a successful catch: the disc’s weight, the type of plastic, and the curve of the rim.\n\n“Finn’s spectacular,” Erika Proctor says. “He has this hyper-intelligence, that he is able to take the speed and the direction of the wind and somehow figure out exactly what his body needs to do in order to get the disc to do exactly what he wants.”\n\nAnd the Disc Dog community rallies behind him — whether they’re cheering him from the sidelines, attending his throwing seminars, or buying his\xa0custom-dyed discs, which he makes to help offset the expenses of the sport.\n\n“Overall, especially in\xa0UpDog, everyone has been very supportive and encouraging,” Proctor says. “I think a lot of people love seeing me succeed just as much as I do.”\n\nAKC is a participant in affiliate advertising programs designed to provide a means for sites to earn advertising fees by advertising and linking to akc.org. If you purchase a product through this article, we may receive a portion of the sale.\n\n', 'Playing for Keeps': ""Impressed by his throwing abilities, fellow disc doggers approach Proctor to throw for their dogs to see what they’re capable of. (He’s even broken a few world records with “borrowed” dogs.)\n\n“He loves — fully and deeply and with 100% of his soul — every dog he works with,” Erika Proctor says. “It doesn’t matter if it’s his dog or not. They just want very badly to also have this relationship with him.”\n\nOne of those borrowed dogs was Amadeus (CH All’Aria Symphony No. 1 RI FDC BCAT DM AM AS HDM DDUE VHMP). The multitalented Whippet’s owner, Lynn Mitchell, had tried for a year to get in touch with Proctor, so he could throw for Amadeus. At last, they were able to play at an event.\n\n“I loved him from the first time I saw him,” Proctor says. “And on my first round, I broke the\xa0light plastic world record” — the first of many for the duo.\n\nAKC is a participant in affiliate advertising programs designed to provide a means for sites to earn advertising fees by advertising and linking to akc.org. If you purchase a product through this article, we may receive a portion of the sale.\n\nMitchell trusted Proctor and allowed his relationship with Amadeus to bloom on and off the field — from traveling to competitions to snuggling on the couch at home. After more than a year of winning events and breaking records together, Amadeus officially joined Proctor’s pack.\n\n“[Mitchell] said, ‘I want you to co-own him. That way, you don’t have to say he’s a borrowed dog. You can say he’s yours,'” Proctor says.\n\n"", 'Going Further Together': 'Proctor hopes to inspire more kids and teens to try Disc Dog — an inclusive, welcoming sport with a low barrier to entry. To start, Proctor says, kids should find a local disc club, where they can take classes and learn how to throw and many different disc games.\n\n“Nine times out of 10, they’re going to be very supportive to new players, and to young people especially,” Proctor says. “Then just to practice and try, because you’re never going to know what you like until you try it.”\n\nAKC is a participant in affiliate advertising programs designed to provide a means for sites to earn advertising fees by advertising and linking to akc.org. If you purchase a product through this article, we may receive a portion of the sale.\n\nToss & Fetch is a good place to start, Proctor says, and UpDog Challenge offers dozens of fun disc games for teams to pursue their own path.\n\n“It’s not as hard as you might think to accomplish things that you want in disc, because you just need to put in the effort and to put in the time,” Proctor says. “But at the entry level, there are plenty of things you can do to get started and build your own goals in disc.”\n\nAs the oldest of four kids, Proctor is building up the next generation of Disc Dog phenoms, starting at home with his own siblings.\n\n“When the little ones are up on the line, normally the parent stands there coaching them. But it’s Finn that’s coaching,” Erika Proctor says. “And I think those moments are amazing for Finn to see the kids doing well with his instruction. But for me, as the mom, and for my husband, it’s kind of amazing to watch him stand there on the line and then cheer when the little ones do really well.”\n\n', 'We use cookies': '', 'Privacy Preference Center': ''}",[]
https://www.akc.org/expert-advice/news/russian-tsvetnaya-bolonka-breeder-elizabeth-melzer/,Meet Russian Tsvetnaya Bolonka Breeder Elizabeth Melzer,"Feb 18, 2026","['west highland white terrier', 'Russian Tsvetnaya Bolonka']",Tracey Ford,"January 1, 2026, marked a defining moment for the Russian Tsvetnaya Bolonka, as the breed officially earned full recognition from the American Kennel Club. The milestone capped years of steady progress for a breed that, until recently, remained unfamiliar to much of the American dog world. Its recognition reflects not only the breed’s growing presence in the show ring but also the sustained efforts of breeders, handlers, and advocates who worked to introduce the Russian Tsvetnaya Bolonka to judges, exhibitors, and prospective owners nationwide.

One of those advocates is Elizabeth Melzer, a Pennsylvania-based breeder and professional handler who has spent the past several years helping bring the breed into the spotlight. As a handler who competes nearly every weekend, Melzer has played a hands-on role in the breed’s journey, frequently presenting Bolonkas to judges encountering them for the first time as the breed moved through the Miscellaneous Class and toward full recognition.

","{'What Sets the Breed Apart': 'Melzer’s introduction to the Russian Tsvetnaya Bolonka came just over four years ago, when she began showing her first dog of the breed for a client. Already an experienced breeder of\xa0West Highland White Terriers, she was immediately intrigued by the Bolonka’s\xa0temperament, noting a familiar spark she recognized from her own breeding program. That personality quickly became one of the breed’s defining traits. “They want to please 100% of the time,” Melzer explains. “They are constantly happy and outgoing.”\n\nAKC is a participant in affiliate advertising programs designed to provide a means for sites to earn advertising fees by advertising and linking to akc.org. If you purchase a product through this article, we may receive a portion of the sale.\n\nThat temperament is a large part of what Melzer believes makes the Russian Tsvetnaya Bolonka stand out among small companion breeds. Bred to be engaging and social, the Bolonka consistently wins people over — both inside and outside the ring.\n\nVisually, the breed is equally distinctive. The Russian Tsvetnaya Bolonka’s coat sets it apart, giving it a look that Melzer affectionately describes as “disheveled.” She often jokes that the dogs resemble an unmade bed. “The covers are all over the place, and the pretty pillow is up top,” she says. While the coat may appear carefree, its presentation requires intention and\xa0upkeep\xa0to meet the\xa0breed standard.\n\nAKC is a participant in affiliate advertising programs designed to provide a means for sites to earn advertising fees by advertising and linking to akc.org. If you purchase a product through this article, we may receive a portion of the sale.\n\n', 'Health As a Top Priority': 'Melzer began breeding Russian Tsvetnaya Bolonkas three years ago, co-breeding her first litter with a clear focus on maintaining correct size and coat presentation. From the start, she approached the breed with the same thoughtful stewardship she applies to all her breeding work.\n\nAKC is a participant in affiliate advertising programs designed to provide a means for sites to earn advertising fees by advertising and linking to akc.org. If you purchase a product through this article, we may receive a portion of the sale.\n\nHealth, however, remains the foundation of Melzer’s breeding program. “Their health comes first as a breeder,” she says. She prioritizes\xa0comprehensive health evaluations, including the heart, eyes, and patellas, and works to ensure her dogs are free of known genetic concerns. For Melzer, responsible breeding is inseparable from the breed’s long-term success, particularly as interest grows following AKC recognition.\n\n', 'The Honor of Being Recognized': 'That recognition was deeply meaningful on a personal level. After four years of actively promoting the Russian Tsvetnaya Bolonka, Melzer says seeing the breed officially recognized by the AKC was incredibly rewarding. “I have worked so hard these last four years promoting them,” she says. As a professional handler, her commitment often meant spending long weekends on the road, presenting Bolonkas in the Miscellaneous Class and helping judges become familiar with the breed’s structure and temperament.\n\nAKC is a participant in affiliate advertising programs designed to provide a means for sites to earn advertising fees by advertising and linking to akc.org. If you purchase a product through this article, we may receive a portion of the sale.\n\nOne of her favorite parts of that process has been hearing judges’ reactions after their first experience with the breed. “Lots of times it is their first time seeing one,” Melzer explains. “I love hearing from the judges what they think about them.” More often than not, the feedback centers on personality. “The number one comment is that they have amazing personalities,” she says.\n\n', 'The Breed’s Bright Future': 'With full AKC recognition now secured, Melzer is optimistic about what lies ahead. She believes increased exposure will naturally lead to greater appreciation for the breed, both in the show ring and in homes across the country. “Now that we are fully recognized, I see the breed taking off,” she says. “The more exposure we can get, the more people will fall in love with the ultimate house pet.”\n\nAKC is a participant in affiliate advertising programs designed to provide a means for sites to earn advertising fees by advertising and linking to akc.org. If you purchase a product through this article, we may receive a portion of the sale.\n\nFor prospective owners, Melzer encourages education and realistic expectations. While the Russian Tsvetnaya Bolonka’s coat may appear effortlessly tousled, it requires regular maintenance, including weekly\xa0bathing\xa0and\xa0brushing, to stay healthy and presentable. Grooming aside, she says the breed fits easily into many households thanks to its affectionate nature. Melzer recommends that prospective owners “be prepared for snuggles.”\n\nLooking ahead, Melzer is most excited about the opportunity to showcase the Russian Tsvetnaya Bolonka on a larger stage. With the breed now eligible to compete fully, she looks forward to seeing how far it can go. “I am so excited to be able to present these pups on the main stage now,” she says. “And see how far we can go.”\n\n', 'We use cookies': '', 'Privacy Preference Center': ''}",[]
https://www.akc.org/expert-advice/news/greater-swiss-mountain-dogs-bakery/,"These Greater Swiss Mountain Dogs Mean Business, Both in AKC Rally and Their Bakery Jobs","Feb 18, 2026","['treats', 'greater swiss mountain dog', 'bakery']",Elaine Waldorf Gewirtz,"Many owners like giving their dogs a cookie or two, or even three, but when Melissa Bryant doles out cookies to her three Greater Swiss Mountain Dogs, “Hinckley,” “Macallan,” and “Bristol,” it means business.

For the past 10 years, Bryant and her husband Jon have operated the Mountain Dog Cookie Bakery, their home-based business in Scarborough, Maine. They bake custom celebration cookies for dogs.

When the male Swissies aren’t on the job as cookie tasters, they’re busy participating in performance sports. 6-year-old Hinckley GCHB CH. Shadetree’s Every Sailor’s Dream CGC TKN is working on his therapy dog certification and carting and has dabbled in AKC Rally. “Hinckley stacks himself during Rally because he thinks people are clapping for him like they did in conformation, so out of 15 attempts, he’s only passed one leg out of the three we need for a title,” Bryant says.

3-year-old Macallan GCH CH Wildest Dream It’s 5’O Clock Somewhere RN, CGCU STR TKN VHMA is training in carting, preparing for his therapy dog certification, and enjoying AKC Rally. “Macallan is still working on making those turns with the cart,” Bryant says. “He loves Rally, and we attend class once a week and practice 20 to 25 minutes a day because he loves to work.”

AKC is a participant in affiliate advertising programs designed to provide a means for sites to earn advertising fees by advertising and linking to akc.org. If you purchase a product through this article, we may receive a portion of the sale.

11-month-old Bristol Suma’s Not All Treasure Is Silver and Gold STR is working on his AKC Trick Dog title.

","{'A Sweet Side Job': '“The dogs work as quality control analysts, and they take their job of sampling every batch of cookies seriously,” says Melissa Bryant. Other than getting goodies after they’ve performed due diligence of tasting, the cookie connection doubles as a training exercise.\n\nAlways following the kitchen obedience rules of\xa0sitting\xa0or\xa0lying down\xa0outside the kitchen when Bryant mixes the dough, the 130-pound\xa0Working breeds\xa0have a sweet gig. They’ve figured out that once the tray goes into the oven, they can cross the kitchen threshold to perform their highly detail-oriented work and begin their up-close inspection.\n\nAlways in perfect position to maintain their security clearance during baking time, the dogs stare at the oven window in total surveillance. When the timer goes off and the cookies are ready to come out, their real job begins.\n\nAKC is a participant in affiliate advertising programs designed to provide a means for sites to earn advertising fees by advertising and linking to akc.org. If you purchase a product through this article, we may receive a portion of the sale.\n\n“From the oven, the cookie trays go into the dining room to cool, and the dogs aren’t allowed in there,” Bryant says. “The boys are good about remaining in a down stay until I give them permission to stand.”\n\nWhen the Bryants first began baking cookies, “Oliver,” their first Swissie, developed the habit of getting underfoot when the bakers moved from the kitchen to the dining room to cool and decorate the trays of cookies. “He was our first dog and not as well-trained as the three we have now,” Bryant says. “We’re not sure if he did this accidentally or had a master plan since his interference would usually send the tray of cookies flying all over the floor.”\n\nBryant always bakes some leftover pieces of dough just for the canine trio. After the tidbits cool, she breaks off a piece of cookie and gives them a nibble or two. “They each get a bite, and surprisingly, they’re satisfied with one little bite,” Bryant says. If the Swissies perform well, licking\xa0peanut butter\xa0off the spoon may count as an extra.\n\nThe couple makes cut-out cookies, and the dough consists of human-grade dog ingredients. “Our cookies contain peanut butter,\xa0pumpkin,\xa0cinnamon, wheat flour, baking powder, and water, and we don’t use eggs, sugar, or tapioca starch.”\n\n', 'Their Birthday Business Begins': 'Hinckley, Macallan, and Bristol aren’t the Bryants’ first Swisses. Oliver, Oliver’s Riding Solo, “Bowdoin,” CH. Swiss Run’s Burke Mountain Bandit CGC TKA, and “Clay” GCH CH. Swiss Run’s Float Like A Butterfly, Sting Like A Bee, RN FDC CGCA TKA, were the couple’s first trio of Greater Swiss Mountain Dogs.\n\nAKC is a participant in affiliate advertising programs designed to provide a means for sites to earn advertising fees by advertising and linking to akc.org. If you purchase a product through this article, we may receive a portion of the sale.\n\n“At one point, we had five Greater Swiss Mountain Dogs in our house at the same time,” Bryant says. In 2012, Oliver was the Bryants’ first Swissie. They wanted a breed that liked being with them and could take them anywhere and do anything, from hanging out on the couch to\xa0hiking\xa0in the snow or walking\xa0on the beach.\n\nThe Bryant’s Mountain Dog Cookie Bakery began with a gift. “For Oliver’s first birthday, we invited a few friends to bring their dogs over for a party,” Bryant recalls. “For party favors, we made large dog cookies and gave them to everyone to take home. People loved the idea and the cookies, and through word of mouth, our business took off.”\n\nAKC is a participant in affiliate advertising programs designed to provide a means for sites to earn advertising fees by advertising and linking to akc.org. If you purchase a product through this article, we may receive a portion of the sale.\n\n', 'Club Involvement Pays Off': 'Members of the\xa0Greater Swiss Dog Club of America\xa0and the\xa0York County Kennel Club of Maine, the Bryants received an order from the\xa0Trap Falls Kennel Club\xa0in Shelton, Connecticut, six years ago to make large 9-l/2-inch-long cookies in the shape and color of traditional dog show rosettes. Rather than hand out traditional ribbons to their main winners at the show, the kennel club presents them with the Mountain Dog cookies. In the beginning, the couple baked 20 to 25 cookies for a show, but that number has grown to as many as 35.\n\nThe Bryants and the Swissies work as a team. Jon handles the baking, while Melissa does all the decorating. “We start two weeks before the show because rosettes can take a week or more to complete, plus there’s drying time,” Bryant says. “I’ve never taken formal baking or decorating classes, but I found that I can do things in icing that I can’t do with a pen and paper.”\n\nBranching out from baking rosettes, the Bryants also offer treat bites for sale by the ounce that people can use for dog training. The bakery takes custom orders, too. Big dog-bone birthday gifts featuring a photo of a beloved dog are popular. They’ve also added 125 cookie cutters, including 30 dog breeds and holiday shapes such as snowmen and reindeer. “Watermelon-shaped cookies during the summer are always in demand,” Bryant says.\n\nAKC is a participant in affiliate advertising programs designed to provide a means for sites to earn advertising fees by advertising and linking to akc.org. If you purchase a product through this article, we may receive a portion of the sale.\n\nFor the Bryants, getting involved with their Greater Swiss Mountain Dogs from Oliver’s first birthday to the six they’ve owned has not only brought them a canine circle of friends and activities, but also a tasty side business that brings joy and happiness to those around them.\n\n', 'We use cookies': '', 'Privacy Preference Center': ''}",[]
https://www.akc.org/expert-advice/news/miniature-schnauzer-baby-joe/,Miniature Schnauzer ‘Baby Joe’ Reaches 100 Best in Show Wins,"Feb 25, 2026","['miniature schnauzer', 'best in show']",Elaine Waldorf Gewirtz,"A spirited Miniature Schnauzer with a salt and pepper coat captured the coveted top Terrier Group honor at the 25th AKC National Championship, presented by Royal Canin. This marked the popular Schnauzer’s 185th Group win, among several other achievements. As of Valentine’s Day weekend 2026, “Baby Joe” has over 100 Best in Show wins under his belt.

GCHP2 CH. Carmel Mr. Joe Adamis CGC, affectionately known as Baby Joe, is the top-winning Miniature Schnauzer in breed history. Presented by professional handler Jorge Olivera, the three-year-old terrier’s impressive achievements also include winning the 2024 Roving National Specialty of the American Miniature Schnauzer Club.

Baby Joe won his 100th Best in Show win on Friday, February 13, 2026 under Judge Linda Clark at the Sun Maid Kennel Club of Fresno, California. He exceeded the milestone the next day, winning two more Best in Show titles on February 14 and 15, for a final total of 102 lifetime wins. After this phenomenal achievement, Baby Joe has entered retirement with his owner.

If these honors weren’t enough, Baby Joe’s owners, Marilyn Lande, Marilyn Jacobs, John and Lloyd Constantine-Amodei, are thrilled that their spunky Schnauzer has made history. Baby Joe now has 102 Bests in Show, which include 88 in 2025, and 40 Reserve Bests in Show. The smallest of the three Schnauzers has not only reached the rare accomplishment of 100 Bests in Show, but surpassed it.

AKC is a participant in affiliate advertising programs designed to provide a means for sites to earn advertising fees by advertising and linking to akc.org. If you purchase a product through this article, we may receive a portion of the sale.

“The number of Bests in Show Baby Joe has won in one year is some kind of an unofficial record I can’t even imagine,” says John Constantine-Amodei, Judges’ Education Chair of the American Miniature Schnauzer Club and a licensed AKC judge.

","{'The Road to Record Setting': 'Getting to the final round of the Best in Show competition begins with winning the breed and then the group. At the AKC National Championship, Ms. Patricia Anne Keenan judged Miniature Schnauzers at the breed level, and selected Baby Joe to advance to the group.\n\nAt the\xa0Terrier Group, Baby Joe faced the 31 other terrier breed winners. Judge Ms. Beth Sweigart gave Baby Joe first place, with GCHB CH Random Riders Up (Wire Fox Terrier) in second, GCHS CH Pegfield Tintern Tickled Pink (Sealyham Terrier) in third, and GCHS CH Bloodrock’s Bam He’s Hot CGC TKN (Staffordshire Bull Terrier) taking fourth place.\n\nThe Miniature Schnauzer advanced to the Best in Show round, already a high honor. To have already beaten every dog in their breed and group is an incredible feat that all dogs aspire to, especially on such a large national stage. In 2025, the GCHP CH Ta Sen Westgate Jingle Juice (Lhasa Apso) from the\xa0Non-Sporting Group\xa0won Best in Show, and GCHG CH Tamarack Valley View River Of Dreams (Gordon Setter) from the\xa0Sporting Group\xa0won Reserve Best in Show.\n\nAKC is a participant in affiliate advertising programs designed to provide a means for sites to earn advertising fees by advertising and linking to akc.org. If you purchase a product through this article, we may receive a portion of the sale.\n\n', 'The Unofficial 100 BIS Club': 'Now 2 wins over the milestone of 100 BIS wins, Baby Joe has joined an exclusive group of champions who have earned 100 or more AKC Conformation Bests in Show. There are only a few breeds making up this list, including Wire Fox Terriers, German Shepherd Dogs, and\xa0Boxers.\xa0Giant Schnauzers,\xa0English Setters,\xa0Pekingese,\xa0Cocker Spaniels, and\xa0Scottish Terriers.\n\nAmong this elite group, more\xa0Standard Poodles\xa0have reached the 100 Club than any other breed. “Matisse,” GCH. Claircreek Impression de Matisse, a\xa0Portuguese Water Dog, is the only dog to earn over 200 BIS wins.\n\nAKC is a participant in affiliate advertising programs designed to provide a means for sites to earn advertising fees by advertising and linking to akc.org. If you purchase a product through this article, we may receive a portion of the sale.\n\n', 'The Right Breeding': ""How does a sporty Schnauzer with a bushy beard and over-the-top eyebrows achieve all this success? For Baby Joe, it began with a phone call between friends.\n\n“Baby Joe’s breeder, Carma Ewer of Carmel’s Miniature Schnauzers, and I have been friends for 40 years,” Constantine-Amodei recalls. She was looking to breed top-winning\n\n“When she asked me for advice on the right stud dog to breed to her bitch, ‘Twink,'” GCHP Carmel Sky High Wish Upon A Star, who was the top-winning Miniature Schnauzer of all time before Baby Joe, it was Twink’s last breeding and an important decision.”\n\nConstantine-Amodei suggested frozen semen collected from his dog, GCHB CH Joker Land’s Glacyka FCI, and Ewer agreed. “Twink produced two puppies,” Constantine-Amodei says. “Carma offered me one of the puppies, and I took it because I wanted a dog to show again.”\n\nAKC is a participant in affiliate advertising programs designed to provide a means for sites to earn advertising fees by advertising and linking to akc.org. If you purchase a product through this article, we may receive a portion of the sale.\n\nFinding a name to suit the new puppy came easily to Constantine-Amodei. “I began saying, ‘He’s my baby,’ and when people told me he wasn’t a baby, I always said, ‘He’ll always be my baby,’ so the name ‘Baby Joe’ stuck,” Constantine-Amodei says. “It was a good decision because everyone remembers it instead of just ‘Joe’ and there weren’t any other Baby Joes, so it worked.”\n\nOozing personality and a need for his owner’s affection, Baby Joe’s name suited him perfectly. At home, he’s an active dog and likes to be with Constantine-Amodei. “When he’s with Jorge or me, that’s when he’s happiest, but in the show ring he’s always looking at the other dogs,” Constantine-Amodei says. “He’s great around other males, which is great.”\n\n"", 'Retiring a Star': ""At around 4 months old, Constantine-Amodei thought Baby Joe showed promise as a show dog. The owner waited until the dog was 15 months old and in good condition to show him. The Miniature Schnauzer finished his championship with three five-point majors on the Florida circuit.\n\nAKC is a participant in affiliate advertising programs designed to provide a means for sites to earn advertising fees by advertising and linking to akc.org. If you purchase a product through this article, we may receive a portion of the sale.\n\nKeeping the Miniature Schnauzer’s coat in condition proved to be a challenge. “They’re one of the hardest terriers to maintain because there’s an undercoat,” Constantine-Amodei says. “You begin at 6 months old and follow weekly on the legs and rolling the coat to keep it looking in good shape.”\n\nConstantine-Amodei draws on his years of experience in the breed to manage Baby Joe’s career. He chose the Miniature Schnauzer as his first dog in 1979 because he liked the breed’s appearance. The square body measuring 12 to 14 inches tall, a\xa0double coat\xa0with a wiry exterior and soft undercoat, and distinctive facial furnishings set the breed apart from other terriers. Constantine-Amodei was also drawn to the breed’s stable, fun-loving personality.\n\n“Baby Joe is what we call ‘The perfect blend of terrier and Schnauzer, with a working dog-type body and terrier attitude,'” Constantine-Amodei says. “In the house, he’ll alert you if someone enters, but otherwise, he’s a carefree, happy dog who loves to play, especially with tickling your feet.”\n\nAKC is a participant in affiliate advertising programs designed to provide a means for sites to earn advertising fees by advertising and linking to akc.org. If you purchase a product through this article, we may receive a portion of the sale.\n\nAfter reaching the high of 102 Best in Show wins, Baby Joe is retiring home with Constantine-Amodei. Living the life of a champion for many years, his history-making career will not soon be forgotten.\n\n"", 'We use cookies': '', 'Privacy Preference Center': ''}",[]
https://www.akc.org/expert-advice/news/breed-selection-human-communication/,Does Breed Influence How Dogs Communicate With Humans?,"Feb 18, 2026","['communication', 'independent', 'breed selection']","Stephanie Gibeault, MSc, CPDT","Dogs are renowned for their ability to read humans. They can hear your emotions in your tone of voice, read human facial expressions, and even distinguish between different languages. And they do all this far better than their closest relatives: wolves. But just because dogs can understand us, does that mean they are interested in what we have to say? And can they learn from what we tell them? New research shows that it all depends on the breed.

","{'Dogs Are Sensitive to Attention-Getting Speech': 'Petra Dobos, a graduate student at Eötvös Loránd University, and\xa0Dr. Péter Pongrácz, associate professor in the Department of Ethology, wanted to explore how different dog breeds respond to attention-getting speech known as ostensive communication. That would be phrases like “hey, pup” or “watch me” that indicate to the dog your words are directed at them. Dobos says we also talk directly to dogs with higher intonation, just as we would with human infants.\n\nAccording to Dr. Pongrácz, ever since a 2009 research study by Dr. József Topál et al. on\xa0dogs’ sensitivity to human communication, it’s been accepted that one of the main differences between a tame wolf and a dog is that dogs are sensitive to ostensive communication, just like infants and adult humans. “This was the basic thinking among scientists. That dogs in general are sensitive to ostensive communication and this is adaptive to them because they will know when we want something from them.”\n\nAKC is a participant in affiliate advertising programs designed to provide a means for sites to earn advertising fees by advertising and linking to akc.org. If you purchase a product through this article, we may receive a portion of the sale.\n\n', 'Cooperative Versus Independent Dog Breeds': 'But there is such a huge variety across dog breeds, not just in physical size but in behavior too. So, in a study published in\xa0BMC Biology, Dobos and Dr. Pongrácz looked at whether all dogs were equally sensitive to verbal instructions. They decided to test two different categories of dogs – cooperative breeds and independent breeds. They included only those breeds that were developed for a specific task, and they considered whether that task involved relying on human guidance, visual or vocal, or not. But Dobos says, “There are also breeds that cannot be categorized because they weren’t selected for any kind of work, or they were selected for multiple works and that are a mixture of cooperative and independent. So we only worked with those breeds that could be categorized precisely.”\n\nThe breeds that rely on human guidance included\xa0herding dogs, like\xa0Border Collies\xa0and\xa0Australian Shepherds, and gun dogs, like\xa0Labrador Retrievers\xa0and\xa0Irish Setters. On the other hand, the independent breeds included\xa0sled dogs, like\xa0Siberian Huskies\xa0or\xa0Alaskan Malamutes, hunting dogs that were developed to be sent away from the owner, such as\xa0Dachshunds\xa0and\xa0Whippets, and\xa0terriers, like the Fox Terrier.\n\n', 'Navigating Around a Detour': 'To test the two breed groups, Dobos set up a detour task which consisted of a V-shaped fence with a reward placed at the inside intersection of the two sides. The dogs needed to detour around the fence to reach the reward inside. Although this may seem obvious to people, it’s a task that can flummox dogs. For the first trial, Dobos simply got the dog’s attention then dropped a reward behind the fence. Then the dogs were given 60 seconds to retrieve the reward by detouring around the fence.\n\nAKC is a participant in affiliate advertising programs designed to provide a means for sites to earn advertising fees by advertising and linking to akc.org. If you purchase a product through this article, we may receive a portion of the sale.\n\nNext Dobos demonstrated to each dog how to navigate the obstacle. For one group of subjects, she used ostensive communication to grab the dog’s attention as she walked around the fence, saying the dog’s name as well as phrases like “look” and “here I go” in a high-pitched voice. She did this twice alternating which side of the fence she detoured around each time. For the other group of subjects, Dobos again demonstrated the detour, but this time she recited a poem in a monotone voice. After her demonstrations, the dogs were again given 60 seconds to retrieve the reward.\n\n', 'Cooperative Breeds Outperform Independent Breeds': 'In the first trial, both groups of dogs showed similar times to complete the detour task. But as the dogs got a second and third try, the independent breeds’ performance didn’t improve. The cooperative breeds got faster at the detour after Dobos’ demonstrations. In fact, the cooperative breeds got faster both with the ostensive communication and the monotone poem. It seems that any kind of speech was enough to grab those dogs’ attention. This way, they could learn from the demonstrations.\n\nAKC is a participant in affiliate advertising programs designed to provide a means for sites to earn advertising fees by advertising and linking to akc.org. If you purchase a product through this article, we may receive a portion of the sale.\n\nDr. Pongrácz and Dobos were surprised by that result. Previously, there was a central belief that dogs need ostensive communication to learn from humans. But even a monotonous poem was enough for the cooperative dogs. Dr. Pongrácz says, “We think that most probably cooperative dogs are much more interested in general in human activity and, if you give the minimal acoustic cue, like just talking while you do something, they will pay attention to you.”\n\nThey also found that the dogs, in general, watched Dobos longer when she used ostensive speech. But the cooperative breeds spent more time watching her in both conditions. And those dogs that watched the demonstration longer, were more likely to successfully perform the task. Dobos believes even though the cooperative dogs didn’t always know what she was saying, such as with the poem, they wanted to watch her because she was doing something. She says, “I think they are in general more interested. This leads to their ability to be better in social learning from us. Because independent dogs might be better in learning from other dogs, but that’s another story.”\n\n', 'Should Dog Owners Use Ostensive Communication?': 'Dobos believes their research has applications for\xa0dog trainers and owners as well. She says it’s important to be aware of how sensitive different breeds are to ostensive communication. You can’t deal with them in the same way. “I think that an independent dog can be trained to be more reliable on ostensive cues,” Dobos says. “It’s just important to know that some breeds might need more effort to pay attention to us.”\n\nAKC is a participant in affiliate advertising programs designed to provide a means for sites to earn advertising fees by advertising and linking to akc.org. If you purchase a product through this article, we may receive a portion of the sale.\n\nDr. Pongrácz adds that you should plan your\xa0reinforcement\xa0based on your dog’s heritage. For cooperative dogs, it’s easy to gain their attention, even with a boring poem. But for independent dogs, he thinks you would need to do something really drastic to make them watch you. “I think\xa0verbal praise can be a very good reinforcer most of the time. Meanwhile, if you want to use some kind of food reward, for independent dogs that might do the trick better.”\n\n', 'We use cookies': '', 'Privacy Preference Center': ''}",[]
https://www.akc.org/expert-advice/news/saz-chowder-game-ads/,Belgian Laekenois ‘Saz’ and English Cocker Spaniel ‘Chowder’ Score in 2026 Super Bowl Ads,"Feb 06, 2026","['english cocker spaniel', 'belgian laekenois']",Elaine Waldorf Gewirtz,"Every year, football fans look forward to seeing the year’s Super Bowl commercials. But when dogs join the most significant sports event of the season, the clever canines always blitz the views. For this big-time contest, two breeds will appear for the first time in a major pigskin promotion.

“Saz” Ch de Rafale Reve de Debut RN CGCA CGCU TKE, a Belgian Laekenois and rare breed, and her housemate, “Chowder” Feathertale’s Not Your Boyfriend, an English Cocker Spaniel, are set to steal scenes in two separate spots sometime during the game.

","{'Two Perfect Plays': '“If you see a scruffy dog with a beard sitting in the back of a parked car at a gas station while a man wearing a tiger suit walks by, that’s Saz,” says Katie Doomy, the dog’s owner and trainer.\n\n8-year-old Chowder had two scenes, in which he acted in ways that come naturally to dogs. “His head is down an automatic food dispenser, and on cue, abruptly pulls his head out facing the camera,” Doomy says. “Chowder’s other scene was his favorite. He stands next to a family gathered on a patio while the child keeps giving him popcorn.” Both scenes took four days to shoot.\n\nAKC is a participant in affiliate advertising programs designed to provide a means for sites to earn advertising fees by advertising and linking to akc.org. If you purchase a product through this article, we may receive a portion of the sale.\n\nWhile Doomy of Jacksonville, Alabama, can’t reveal the identity of either ad sponsor ahead of the big game, she did share that Saz worked in an ad for an up-and-coming tech company.\n\n', 'Why a Belgian Laekenois?': 'When Doomy received a call that producers were looking for a Golden Retriever or a breed that could tilt its head on cue while sitting in a car, she knew 5-year-old, 50-pound Saz would be perfect for the role. Upon arriving on set, the director and crew thought the 5-year-old Laekenois looked cool and hired her on the spot. “A few times they called her a Muppet, and everyone fell in love with her,” Doomy says.\n\nAKC is a participant in affiliate advertising programs designed to provide a means for sites to earn advertising fees by advertising and linking to akc.org. If you purchase a product through this article, we may receive a portion of the sale.\n\nA member of the Herding Group, the Belgian Laekenois (pronounced “Lak-in-wah”) or “Laeken” for short, is named after the town of Laeken in Belgium. One of four Belgian breeds recognized by the AKC, the intelligent breed has a fawn, rough, and curly-tousled coat and is naturally reserved around strangers.\n\nDoomy originally went looking for a Belgian Malinois but was drawn to the Laekenois’ scruffy look and soon brought home a 10-week-old Saz. The owner began socializing her puppy right away. “I spent a lot of time introducing her to strangers and training her to ‘Go say hi and come back to me,’ because I knew an outgoing personality would come in handy on a film shoot,” Doomy says.\n\nParticipating in performance sports also helped Saz relax in noisy environments and new settings. The Laeken earned her AKC Canine Good Citizen Community Canine (CGCA), AKC Canine Good Citizen Urban Canine Good Citizen (CGCU), and an AKC Rally Novice title. They are continuing to work on their Advanced title. “Saz was the first Belgian Laekenois to earn a Trick Elite title,” Doomy adds.\n\nWhen they go out, she says people always ask, “What kind of dog is that?” Or, if Saz is a Poodle or the dog from the movie “Because of Winn-Dixie,” which starred a Berger Picard. One person was sure she was either a Irish Wolfhound-mix or a terrier. “All the attention helps to socialize her,” Doomy says.\n\n', 'Getting the Money Shot': 'While their acting schedule can range from a half-day to a movie lasting multiple weeks, Doomy says her dogs like going to film shoots mostly because they like the snacks and because they’re happy to go to another incredible place with Doomy.\n\nAKC is a participant in affiliate advertising programs designed to provide a means for sites to earn advertising fees by advertising and linking to akc.org. If you purchase a product through this article, we may receive a portion of the sale.\n\nWorking as a mobile groomer on her off-days gives Doomy the flexibility to report to shoots and prepare her dogs for their close-ups. “I work with my own dogs,” she says. “Becoming a professional movie dog trainer happened accidentally.”\n\nIn 2019, Doomy began training dogs for screen and print after a friend told her about a casting call for dogs to act in a commercial. At the time, Doomy was a corporate dog trainer at a pet store and had submitted impressive obedience training videos of “Alfredo,” her 11-year-old Poodle. “He was cast as ‘Jacque in the movie, ‘Charming the Hearts of Men,’ and that was our start. “They were looking for a dog who could keep long, solid stays, and he did.”\n\nIn December 2020, Saz landed her first acting gig, stealing food and money from her companion, an unhoused man, in a movie starring Sylvester Stallone. “Unfortunately, they cut her scene,” Doomy says.\n\nThe professional dog trainer prepped both dogs for their Super Bowl spots. Saz didn’t manage the head-tilt action, so Doomy first suggested to the director that Saz could bark, but the director didn’t want a bark. Doomy’s next suggestion was for Saz to turn her head to watch the man dressed in the tiger suit walking past the car.\n\nAKC is a participant in affiliate advertising programs designed to provide a means for sites to earn advertising fees by advertising and linking to akc.org. If you purchase a product through this article, we may receive a portion of the sale.\n\nThe director agreed, and Doomy trained Saz in the car to sit, stay, and watch her. Then, Doomy slowly matched the man’s walking pattern, but made sure Saz could see Doomy outside the camera’s angle.\n\n“As a trainer, sometimes when I’m on a shoot with my dogs, I have to think outside the box because the director doesn’t always know what a dog can pull off, and I do,” Doomy says.\n\n', 'Acting Credits Extend Past Games': 'While these Super Bowl ads are Saz and Chowder’s first major roles, the Belgian Laekenois and English Cocker Spaniel are experienced animal actors with multiple roles to their names.\n\nSaz’s previous role was as a rescue dog in “Teen Wolf: The Movie,” released in 2023. “No one knows a Belgian Laekenois is a real breed, but this was one time I didn’t mind,” Doomy says. “It was my favorite movie as a teenager, and when I met my favorite actors in it, I squealed,” Doomy recalls. “It was just the best job we had.”\n\nAKC is a participant in affiliate advertising programs designed to provide a means for sites to earn advertising fees by advertising and linking to akc.org. If you purchase a product through this article, we may receive a portion of the sale.\n\nWhat do canine celebs do when they’re not camera-ready? Chowder loves chasing a disc and participating in Diving Dogs. “His personal best is 16 feet, which is not too shabby for an English Cocker Spaniel,” Doomy says. “At home, my dogs have an off switch, but as soon as they see me put my shoes on, they’re down for anything.”\n\n', 'We use cookies': '', 'Privacy Preference Center': ''}",[]
https://www.akc.org/expert-advice/news/best-in-show-westminster-2026/,Doberman Pinscher ‘Penny’ Wins 2026 Best in Show at Westminster,"Feb 11, 2026","['westminster kennel club', 'doberman pinscher', 'best in show']",Melanie Haid,"The Westminster Kennel Club has crowned its 150th winner. After two days of competitive breed and group judging with over 2,500 entries, “Penny” the Doberman Pinscher has won 2026 Best in Show at Westminster. Penny, who is 4 years old, was named Best in Show during judging on Tuesday, February 3 at Madison Square Garden. Mr. David Fitzpatrick of East Berlin, PA, was the Best in Show judge.

","{'Back at BIS After 37 Years': 'Penny GCHP CH Connquest Best Of Both Worlds, of Reseda, CA, was handled by Andy Linton, and is owned by Francis Sparagna, Diana Sparagna, Theresa Connors-Chan, and Gregory Chan.\n\nLinton is no stranger to the Best in Show stage at Westminster: he also handled Doberman “Indy” CH Royal Tudor’s Wild As The Wind in 1989. Returning 37 years later, and then winning, was an incredible feeling.\n\n“You can’t attribute it to one thing, but she is as great a Doberman as I’ve seen,” Linton said after Penny’s win. “As the judge said, this is maybe the best lineup I could ever imagine, so it’s truly a great honor to win under that judge, who is so renowned and well-thought-of.”\n\nLinton was asked about his health issues, prompting tears of gratitude as well as happiness from those around him. “I had some goals,” he said, “and this was one of them.”\xa0\n\nAKC is a participant in affiliate advertising programs designed to provide a means for sites to earn advertising fees by advertising and linking to akc.org. If you purchase a product through this article, we may receive a portion of the sale.\n\n', 'Two Days of Steep Competition': 'After two days of benched breed judging to determine Best in Breed at the Jacob K. Javits Center, those winning dogs moved on to represent their breeds in Group Judging at Madison Square Garden on Monday and Tuesday night. From there, the seven Group Winners were judged to determine Best in Show.\n\nOn Monday night, the Hound Group winner was crowned first: Afghan Hound “Zaida” GCHG CH Zaida Bint Muti Von Haussman, handled by Wilmer Santiago. The Toy Group was judged next, crowning Maltese “Cookie” GCHB CH Ta-Jon’s Made From Scratch the winner.\n\nThe Non-Sporting Group winner, Lhasa Apso “JJ” GCHP CH Ta Sen Westgate Jingle Juice, won Best in Show at the 2025 AKC National Championship. The final group of the night was the Herding Group. Old English Sheepdog “Graham” GCHB CH Bugaboo’s Give Me Smore’ was the winner.\n\nOn Tuesday night, the Sporting Group kicked off by crowning Chesapeake Bay Retriever “Cota” GCHP CH Next Generation’s Accelerate its winner. Doberman Pinscher “Penny” GCHP CH Connquest Best Of Both Worlds won the Working Group. Finally, the Terrier Group closed out Group Judging, crowning Smooth Fox Terrier “Wager” GCHB CH Aimhi Side Bet its winner.\n\n', 'Smaller Than a One-in-Seven Chance': 'Many of the stunning dogs competing on the Best in Show judging floor on Tuesday night were familiar to those of the dog world. Mr. Fitzpatrick judged Best in Show, choosing one winner and one Reserve Best in Show winner from the seven group winners.\n\nAKC is a participant in affiliate advertising programs designed to provide a means for sites to earn advertising fees by advertising and linking to akc.org. If you purchase a product through this article, we may receive a portion of the sale.\n\n“It’s very exciting just to be a part of the 150th anniversary show, but to judge Best in Show really makes it a full circle moment,” Mr. Fitzpatrick says. Fitzpatrick has won Best in Show at Westminster himself twice. “I know what the Best in Show winner is going to feel, and it’s going to change their life.”\n\nAKC is a participant in affiliate advertising programs designed to provide a means for sites to earn advertising fees by advertising and linking to akc.org. If you purchase a product through this article, we may receive a portion of the sale.\n\nAfter his group win, Linton joked that he his chances of winning were one-in-seven. But actually, after competing against 2,600 dogs over two days, the chance of any specific dog winning was incredibly small. The Working Group was judged by Mrs. Sioux Forsyth-Green of Pinehurst, NC.\n\n', 'Making Best in Show History': 'The Westminster Kennel Club Dog Show is the second-longest, continuously-held sporting event in America, second only to the Kentucky Derby. Westminster has held their show since 1877, and the original shows were also held in Madison Square Garden. This is the second year since the COVID-19 pandemic that the show has returned to the famous arena.\n\nAKC is a participant in affiliate advertising programs designed to provide a means for sites to earn advertising fees by advertising and linking to akc.org. If you purchase a product through this article, we may receive a portion of the sale.\n\nPenny joins the 150 other Best in Show winners in Westminster history, including her predecessor, “Monty” the Giant Schnauzer who won in 2025. This is the second year in a row that a member of the Working Group has taken home the Best in Show at Westminster win. The Doberman has won Best in Show at Westminster a total of five times: in 1939, back-to-back in 1952 and 1953, in 1989 with Linton, and now in 2026 with Linton again.\n\n', 'Westminster Reserve Best in Show Winner': 'Along with Best in Show, Reserve Best in Show was also awarded. Chesapeake Bay Retriever “Cota” GCHP CH Next Generation’s Accelerate won Reserve Best in Show, handled by Devon Kipp Levy. Cota, who is 5 years old, is owned by Melissa Schumann, Dana Bleifer DVM, Dr. Katherine Scribnet, Adam Levy, and Dr. Trevor Gerardi-Miller. Cota won the Sporting Group on Tuesday night to represent their breed, beating out the other dogs in the group to make it to Best in Show judging on Tuesday.\n\nAKC is a participant in affiliate advertising programs designed to provide a means for sites to earn advertising fees by advertising and linking to akc.org. If you purchase a product through this article, we may receive a portion of the sale.\n\nThe Chessie has never won Best in Show at Westminster, and Cota made history as the first Chesapeake Bay Retriever to ever win Reserve Best in Show at Westminster.\n\n', 'We use cookies': '', 'Privacy Preference Center': ''}",[]
https://www.akc.org/expert-advice/news/westminster-group-winners-2026/,Meet the 2026 Westminster Group Winners,"Feb 06, 2026","['westminster kennel club', 'group winners']",Melanie Haid,"The 2026 Westminster group winners have been crowned at the 150th Westminster Kennel Club Dog Show, presented by Purina Pro Plan. In its second year back at Madison Square Garden, group judging took place on Monday February 2 and Tuesday February 3.

Monday night featured conformation judging for the Hound, Toy, Non-Sporting, and Herding Groups, while the Sporting, Working, and Terrier Groups competed for Best in Group on Tuesday night. The Best in Show winner was crowned Tuesday night after all group winners were chosen.

Dogs competed to determine Best in Breed at the Jacob K. Javits Convention Center, before each breed’s winner moved on to Group Judging at Madison Square Garden. 

Meet the 2026 Westminster Group Winners from the Herding, Hound, Non-Sporting, Sporting, Terrier, Toy, and Working Groups.

","{'Hound Group': 'The winner of the Hound Group, the first group to be judged, was Afghan Hound “Zaida” GCHG CH Zaida Bint Muti Von Haussman of Ingleside, IL. Zaida, who is 6 years old, was handled by Wilmer Santiago, and is owned by Ramon Podesta, D. Scott Pfeil, James Donahue, and Armando Sobrado. Zaida beat out the other 35 dogs in the Hound Group. This year’s winner received the first-ever Vin-Melca Trophy, named in honor of breeder-owner-handler Pat Trotter’s Vin-Melca Norwegian Elkhounds.\n\nThe Hound Group was judged by Mr. Michael Canalizo of Mill Neck, NY. In second place in the group was Ibizan Hound “The Zit” GCHP DC Abbaio Bushbaby MC ATT. Bloodhound “Hottie” GCHS CH Quiet Creek’s Hot Toddy came in third place in the Hound Group, and Saluki “Kaspian” GCHS CH Haefen Phaeton Kaspian came in fourth.\n\n', 'Toy Group': 'The winner of the Toy Group was “Cookie” GCHB CH Ta-Jon’s Made From Scratch, a 4-year-old Maltese from Hastings-on-Hudson, NY. Cookie was handled by Tim Lehman, and owned by Tammy Simon and Dr. Diana Egnor. Cookie came out as the winner of the 25 dogs entered in the group.\n\nMs. Charlotte Patterson of Destin, FL, judged the Toy Group on Monday night. In second place in the Toy Group was Pomeranian “Asla” GCHG CH Artistry’s Aslan All That Is Good. “Rip” GCHB CH Rose’s Rip Tide the Pug came in third place, and Shih Tzu “Comet” GCHP2 CH Hallmark Jolei Out Of This World, who won the Toy Group in 2025, came in fourth place.\n\nAKC is a participant in affiliate advertising programs designed to provide a means for sites to earn advertising fees by advertising and linking to akc.org. If you purchase a product through this article, we may receive a portion of the sale.\n\n', 'Non-Sporting Group': 'The Non-Sporting Group winner at Westminster also won the group (and Best in Show)\xa0at the 2025 AKC National Championship. Lhasa Apso “JJ” GCHP CH Ta Sen Westgate Jingle Juice, owned and handled by Susan Giles of Manakin Sabot, VA, won the group.\n\n“It’s probably my 40th or 50th Westminster I’ve attended,” Giles says. “I love this show, the prestige of it for 150 years, and to win it? It’s incredible.” JJ bested 21 other dogs in the Non-Sporting Group to take home the group win. JJ is now 5 years old, and owned by Giles, Cindy Sehnert, and Muriel Wolverton.\n\nThe Non-Sporting Group was judged by Mr. Eugene Blake of Tulsa, OK. In second place in the group was Schipperke “Elle” GCHG CH Delamer Summer Sand Elle. Chinese Shar-Pei “Joy” GCHS CH Good Fortune Jump For Joy came in third place, and Xoloitzcuintli “Calaco” GCHG CH Master Rock Calaco (Alonso Tojo) placed fourth in the Non-Sporting Group.\n\n', 'Herding Group': 'Old English Sheepdog “Graham” GCHB CH Bugaboo’s Give Me Smore’, handled by Colton Johnson, won the Herding Group, the final group of Monday night. Graham is owned by C. Heather, Michaelanne, Douglas Johnson and Ron & Christine Perry.\n\nGraham, who is 4 years old, bested the other 34 dogs in the Herding Group. “They’re happy, they’re social, they’re confident,” Johnson said of the breed after his Monday night win. “They’re a lot of fun to live with.”\xa0\n\nThe Herding Group was judged by Mrs. Sheree Moses Combs of Wardensville, WV. In second place was Miniature American Shepherd “Sawyer” GCHS CH Flying M’s Modern Day Warrior. German Shepherd Dog “Juice” CH Kenlyn Marquis’ Queen of Hearts came in third, and Bouvier Des Flandres “Farrah” GCHB CH Quiche’s Vogue Covergirl CGC TKN came in fourth in the Herding Group.\n\nAKC is a participant in affiliate advertising programs designed to provide a means for sites to earn advertising fees by advertising and linking to akc.org. If you purchase a product through this article, we may receive a portion of the sale.\n\n', 'Sporting Group': 'The winner of the Sporting Group was Chesapeake Bay Retriever “Cota” GCHP CH Next Generation’s Accelerate. Cota, who is 5 years old, was handled by Devon Kipp Levy, and is owned by Melissa Schumann, Dana Bleifer DVM, Dr. Katherine Scribnet, Adam Levy, and Dr. Trevor Gerardi-Miller.\n\n\xa0“This is something I’ve always dreamt about,” Kipp Levy says. She was asked if Cota can feel the energy of the crowd. “He feeds off of this, he loves all of this.”\n\nThe Sporting Group was judged by Mr. Douglas Johnson of Bloomington, IN. Cota, of Vashon, WA, bested 36 other dogs in the group. In second place in the Sporting Group was Pointer GCHG CH Aspyre Cat Got Ur Tongue. Nova Scotia Duck Tolling Retriever “Luca” GCHS CH Roaneden’s Shorelander came in third, and Wirehaired Pointing Griffon “Loretta” GCHG CH Overton’s Get Back Your Independence JH took fourth in the group.\n\n', 'Working Group': 'The winner of the Working Group at Westminster was Doberman Pinscher “Penny” GCHP CH Connquest Best Of Both Worlds, handled by Andy Linton. Penny is owned by Francis Sparagna, Diana Sparagna, Theresa Connors-Chan, and Gregory Chan.\n\n“It’s been a long time, 37 years,” says Linton, who last won the group with a Doberman Pinscher named “Indy.” “I think it was ’89 when we won with Indy, and to be here at the 150th Westminster Dog show is just incredible.” Penny bested the other 32 dogs in the group to move on to Best in Show.\xa0\n\nThe Working Group was judged by Mrs. Sioux Forsyth-Green of Pinehurst, NC. In second place was Saint Bernard “Bodacious” GCHS CH Herat Mountain’s Bodacious At Sapphire Mountain BCAT. “Sonny” the Portuguese Water Dog GCHP CH Odysea It’s Always Sonny At Surfari took home third in the group, and Samoyed “Maverick” GCHS CH Vanderbilt’s Lucky Shot FDC took fourth.\n\n', 'Terrier Group': 'The Terrier Group Winner was 2-year-old Smooth Fox Terrier “Wager” GCHB CH Aimhi Side Bet, owned, bred and handled by Amy Rutherford. Wager, of Elverta, CA, is owned by Rutherford, Barbara Miller, and Peter Holson. Wager took top honors among the 28 dogs in the group.\n\nAKC is a participant in affiliate advertising programs designed to provide a means for sites to earn advertising fees by advertising and linking to akc.org. If you purchase a product through this article, we may receive a portion of the sale.\n\n“This dog is my heart dog, he’s 8 generations of my breeding,” Rutherford said after her group win. “He goes back to the first Smooth Fox Terrier I had when I was 8, so he means the world to me.”\n\nThe Terrier Group was judged by Ms. Polly Smith of Pinehurst, NC. In second place was American Staffordshire Terrier “Storm” GCH CH Maison Vannbert Storm For Norrstar. “Joe,” affectionately known as “Baby Joe” GCHP CH Carmel Mr. Joe Adamis CGC took home third in the group, and Norfolk Terrier “Rambler” GCHB CH Yarrow Venerie Rambling Man came in fourth in the group.\n\n', 'We use cookies': '', 'Privacy Preference Center': ''}",[]
https://www.akc.org/expert-advice/news/westminster-agility-winners-2026/,Meet the Winners of the 2026 Westminster Kennel Club Masters Agility Championship,"Feb 06, 2026","['westminster kennel club', 'masters agility championship']",Melanie Haid,"The Westminster Kennel Club Dog Show, presented by Purina Pro Plan, kicked off its week of 2026 Westminster events on Saturday, January 31. Among the events was the 2026 Westminster Masters Agility Championship, which crowned its winners in each division, with “Prove-It” the Border Collie, handled by Amber McCune, taking home the top prize in the competition’s 13th year.

The Westminster Kennel Club donates $5,000 to honor the winner of the Masters Agility Championship to the AKC training club of the winner’s choice, or the AKC Humane Fund. A donation of $1,000 will also be made in the names of the Highest Scoring All-American Dog and the four remaining first-place dogs in their height classes.

","{'2026 Westminster Masters Agility Champion': 'Call Name: Prove-It\n\nDog Breed: Border Collie\n\nHandler: Amber McCune\n\nAKC is a participant in affiliate advertising programs designed to provide a means for sites to earn advertising fees by advertising and linking to akc.org. If you purchase a product through this article, we may receive a portion of the sale.\n\nBest Time: 29.81 seconds\n\n', 'Masters Agility All-American Dog Winner': 'Call Name: Iron Man\n\nDog Breed: All-American Dog\n\nHandler: Merritt Speagle\n\nBest Time: 29.6 seconds\n\n', 'Masters Agility 8-Inch Division': 'Call Name: Gabby\n\nDog Breed: Papillon\n\nHandler: Andrea Samuels\n\nBest Time: 33.42 seconds\n\nCall Name: Welly\n\nDog Breed: Pembroke Welsh Corgi\n\nHandler: Peter Wirth\n\nBest Time: 36.34 seconds\n\nCall Name: Saga\n\nAKC is a participant in affiliate advertising programs designed to provide a means for sites to earn advertising fees by advertising and linking to akc.org. If you purchase a product through this article, we may receive a portion of the sale.\n\nDog Breed: Swedish Vallhund\n\nHandler: Madison LeRoy\n\nBest Time: 39.36 seconds\n\nCall Name: Meiko\n\nDog Breed: French Bulldog\n\nHandler: Malari Howell\n\nBest Time: 40.41 seconds\n\n', 'Masters Agility 12-Inch Division': 'Call Name: Nimble\n\nDog Breed: All-American Dog\n\nHandler: Cynthia Horner\n\nBest Time: 29.19 seconds\n\nCall Name: Swindle\n\nDog Breed: Shetland Sheepdog\n\nHandler: Abigail Beasley\n\nAKC is a participant in affiliate advertising programs designed to provide a means for sites to earn advertising fees by advertising and linking to akc.org. If you purchase a product through this article, we may receive a portion of the sale.\n\nBest Time: 30.4 seconds\n\nCall Name: Wendy\n\nDog Breed: English Cocker Spaniel\n\nHandler: Julia Ashley\n\nBest Time: 35.8 seconds\n\nCall Name: Primo\n\nDog Breed: Papillon\n\nHandler: Sarah Rutland\n\nBest Time: 37.51 seconds\n\n', 'Masters Agility 16-Inch Division': 'Call Name: Iron Man\n\nDog Breed: All-American Dog\n\nHandler: Merritt Speagle\n\nBest Time: 29.6 seconds\n\nCall Name: Bee\n\nAKC is a participant in affiliate advertising programs designed to provide a means for sites to earn advertising fees by advertising and linking to akc.org. If you purchase a product through this article, we may receive a portion of the sale.\n\nDog Breed: Shetland Sheepdog\n\nHandler: Jennifer Crank\n\nBest Time: 30.66 seconds\n\nCall Name: KittyHawk\n\nDog Breed: Border Collie\n\nHandler: Gloria Krueger\n\nBest Time: 31.56 seconds\n\nCall Name: Indi\n\nDog Breed: Pumi\n\nHandler: Christine Brew\n\nBest Time: 32.37 seconds\n\n', 'Masters Agility 20-Inch Division': 'Call Name: Prove-It\n\nDog Breed: Border Collie\n\nHandler: Amber McCune\n\nAKC is a participant in affiliate advertising programs designed to provide a means for sites to earn advertising fees by advertising and linking to akc.org. If you purchase a product through this article, we may receive a portion of the sale.\n\nBest Time: 29.81 seconds\n\nCall Name: Shelby Cobra\n\nDog Breed: Border Collie\n\nHandler: Amber McCune\n\nBest Time: 31.4 seconds\n\nCall Name: Lina\n\nDog Breed: All-American Dog\n\nHandler: Tessa Trusner\n\nBest Time: 33.54 seconds\n\nCall Name: Bandit\n\nDog Breed: Shetland Sheepdog\n\nHandler: Catherine Magyera\n\nBest Time: 36.13 seconds\n\n', 'Masters Agility 24-Inch Division': 'Call Name: Gerard\n\nAKC is a participant in affiliate advertising programs designed to provide a means for sites to earn advertising fees by advertising and linking to akc.org. If you purchase a product through this article, we may receive a portion of the sale.\n\nDog Breed: Poodle\n\nHandler: John Pittman\n\nBest Time: 36.55 seconds\n\nCall Name: Rodeo\n\nDog Breed: Border Collie\n\nHandler: Donna Staivecki\n\nBest Time: 38.77 seconds\n\nCall Name: Nolan\n\nDog Breed: Labrador Retriever\n\nHandler: Bridget Kennedy\n\nBest Time: 41.22 seconds\n\nCall Name: Journey\n\nDog Breed: Gordon Setter\n\nHandler: Candie Gelis\n\nBest Time: 44.76 seconds\n\nAKC is a participant in affiliate advertising programs designed to provide a means for sites to earn advertising fees by advertising and linking to akc.org. If you purchase a product through this article, we may receive a portion of the sale.\n\n', 'We use cookies': '', 'Privacy Preference Center': ''}",[]
https://www.akc.org/expert-advice/news/westminster-flyball-winners-2026/,Winners Crowned at Second Annual Westminster Flyball Competition,"Mar 13, 2026","['westminster kennel club', 'canine partners', 'flyball', 'all-american dog']",Melanie Haid,"For the second year in a row, Flyball has graced the Westminster Kennel Club week as a special event along with the world-renowned conformation show. Flyball has been gaining popularity as a sport since its start in the 1960s, so as the Westminster Kennel Club returned to the Jacob K. Javits Center and Madison Square Garden in 2025, so did an inaugural Westminster Flyball competition.

The second annual Flyball at Westminster took place on January 31, 2026 at the Javits Center, and winners were crowned in each division. Read below to see who won the Regular Division 1, Regular Division 2, Multi-Breed Division 1, and Multi-Breed Division 2.

","{'Regular Division One Winners': 'The winners of the Regular Division 1 was team The Plastics from club That’s So Fetch from Columbia, SC. Their fastest race was 16.343 seconds.\n\nThe team of six is made up of four All-American Dogs: “Jyn Erso,” handled by Alex Nolte, “Nimona,” handled by Adriana Nottestad, “Tetris” handled by Morgan Nolte, and “Captain EO,” handled by Emily Allred. Border Collie\xa0“Asher” was handled by Erin Jenkins, and Whippet “Wasabi” was handled by Flora Martin.\n\nAKC is a participant in affiliate advertising programs designed to provide a means for sites to earn advertising fees by advertising and linking to akc.org. If you purchase a product through this article, we may receive a portion of the sale.\n\n', 'Regular Division 2 Winners': 'The winners of the Regular Division 2 was team Wicked Runners from club Boston Strong located in Massachusetts. Their fastest race time was 18.991 seconds.\n\nThe team of six is made up of two Border Collies: “Mace in the Face,” handled by Judy Lamont, and “Mine,” handled by Sarah Holmes. Four All-American Dogs made up the team: “Cedar,” handled by Judy Lamont, “Quinn,” handled by Renee and Peyton Perry, “Violet,” handled by Kathy Allen, and “Loki,” handled by Chantay Sewell.\n\n', 'Multi-Breed Division 1 Winners': 'The winning team from the Multi-Breed Division 1 was team Mass Chaos from club Butterfly Effect, from Central Massachusetts. Their fastest time was 18.505 seconds.\n\nThe team is comprised of six dogs: two All-American Dogs, a Pyrenean Shepherd, a Border Collie, a Belgian Malinois, and a Labrador Retriever. Their fastest time was 18.505 seconds. “Be’, a Pyrenean Shepherd, was handled by Amanda Haldeman, and Border Collie “Sol” was handled by Ben Shryock. Rachael Bell handled Belgian Malinois “Evita” and Labrador Retriever “Enzo.” Kristine Rich handled two All-American Dogs: “Orzo” and “Oakley.”\n\n', 'Division Two Winners': 'The winning team of the Multi-Breed Division 2 was team MultiFin Crew from Jersey Shore Runners club, a team from Hammonton, NJ. Their team was comprised of\xa0 three All-American Dogs, a Border Collie, a Border Terrier, a Jack Russell Terrier, and a Miniature American Shepherd. Their best time was 19.779 seconds.\n\nKatherine Nieves handled All-American Dogs “Danny Zuko” and “Ender.” The third All-American Dog, “Phred,” was handled by Sue Ericson. Sue Ericson and James Jr. Ericson handled “Alfie,” the Jack Russell Terrier, and Annamarie Pagano handed Miniature American Shepherd “Wicked.” Border Collie “Madison” was handled by Christina Dessin, and Border Terrier “Higgins” was handled by Joanne Newfield.\n\n', 'Inspired to Try Flyball?': 'If Westminster Flyball has you thinking about trying the sport with your dog, there are many ways to get involved with a team and start training. A Flyball relay race has lights and plenty of action. Dogs race down a set of lanes over jumps towards a spring-loaded box that releases a ball, which they catch, and then they race back to their handler. Whichever team gets the fastest time, wins the race.\n\nAKC is a participant in affiliate advertising programs designed to provide a means for sites to earn advertising fees by advertising and linking to akc.org. If you purchase a product through this article, we may receive a portion of the sale.\n\nThe AKC recognizes titles in Flyball in partnership with the North American Flyball Association (NAFA): FDCH (Flyball Dog Champion), FM (Flyball Master), and ONYX.\n\n', 'We use cookies': '', 'Privacy Preference Center': ''}",[]
https://www.akc.org/expert-advice/news/junior-handler-spotlight-evelyn-cunningham/,Meet Michigan Junior Handler Evelyn Cunningham,"Jan 28, 2026","['scent work', 'bulldog', 'junior handler']",Lindsey Dobruck,"“Guppy” may be a Bulldog, but in AKC Scent Work, she’s got the nose of a Bloodhound. She pulls to the starting line, and at the judge’s go-ahead, she methodically zigzags between rows of small boxes in search of odor. Guppy’s handler, Evelyn Cunningham, follows behind, coolly observing her stout little dog’s behavior.

Guppy smooshes her muzzle on the top of a box, inhales deeply, then glances up at Cunningham with doe eyes.

“Alert!” Cunningham casually calls to the judge, then rewards Guppy with a treat. Cued to “Find another,” Guppy drops her nose again in pursuit of the next scent.

Just 11 years old, Cunningham was the youngest competitor at the inaugural AKC Scent Work Master National, held October 12–14, 2025, in Wilmington, Ohio. Guppy was a standout too, as one of only three Bulldogs competing at the event.

“She’s a spicy little potato,” Cunningham says of her 10-year-old Scent Work partner. She also competes with 2-year-old Bulldog “Maui,” her “squishy pig,” in Scent Work, conformation, Junior Showmanship, and AKC Rally.

AKC is a participant in affiliate advertising programs designed to provide a means for sites to earn advertising fees by advertising and linking to akc.org. If you purchase a product through this article, we may receive a portion of the sale.

Cunningham is unflappable, even at the highest levels of competition. She was recently named 2025’s Top Junior in AKC Scent Work. For the junior and her Bulldogs, the focus is fun — no matter the sport, no matter the outcome.

“We just go have a party with our doggos,” Cunningham says, “and then a week or two later, we practice a little bit again.”

","{'The Sweet Smell of Success': 'Cunningham was just a year old when Guppy joined her family. Unable to say the word “puppy,” as a baby she would call the Bulldog “gup-pup,” and the name Guppy stuck.\n\nCunningham’s mom, Amanda, ran Guppy in agility for several years. She was the top Bulldog at the AKC Agility Invitational twice and a two-time inductee into the Bulldog Club of America Performance Hall of Fame. Today, Guppy’s full name is Guppy RA MXP MJP2 MJPB OFP SWEE SWM SCME SEME SHDME CGC TKP.\n\n“We’ve grown up together, and we’ve just known each other forever,” she says. Even as a toddler, Cunningham would run Guppy through agility courses in their yard, tossing treats over each jump as Guppy faithfully obliged.\n\nAKC is a participant in affiliate advertising programs designed to provide a means for sites to earn advertising fees by advertising and linking to akc.org. If you purchase a product through this article, we may receive a portion of the sale.\n\nDuring the COVID-19 pandemic, Amanda started training Guppy in Scent Work through online courses. Cunningham would help her mom hide odors and video each run. At 8 years old, she began attending trials with her mom, where she gained a better understanding of the game and an appreciation for the canine nose.\n\n“Judges hide odors — like birch, cypress, anise, clove, and all that sort of stuff — in little containers, and they put them in boxes or under chairs, outside or inside, under a bed,” Cunningham explains. “So, then your dog has to go find that.”\n\nBefore long, Cunningham was running their Border Collie, “Hootie,” at Scent Work trials, and eventually Guppy too. Her mom says that the Scent Work community immediately embraced her. Judges and competitors gave patient advice, and the local Golden Retriever club even awarded Cunningham the “Top Performance Junior” prize (despite running an entirely different breed). Scent Work quickly became her favorite dog sport.\n\n“The dogs have a lot of fun doing that, and they don’t care what the ribbons are,” Cunningham says. “They just want to have fun, find the boxes, and get cookies.”\n\n', 'Showing Maui, the Demi-Dog': 'On New Year’s Day 2024, the Cunninghams brought home 10-week-old Maui (Dickey’s Demigod Of The Wind And Sea SCNE SIN SBN TKN) as Cunningham’s next teammate. She started Maui on Scent Work right away by having him seek out cheese puffs (his favorite treat) in a box. Gradually, they added odor and more boxes — and now, at 2 years old, Maui has earned his Novice Scent Work titles.\n\nAKC is a participant in affiliate advertising programs designed to provide a means for sites to earn advertising fees by advertising and linking to akc.org. If you purchase a product through this article, we may receive a portion of the sale.\n\nCunningham also shows Maui in Junior Showmanship and conformation, and last November, the team debuted in AKC Rally at the Bulldog Club of America national specialty.\n\n“He’s pretty stubborn sometimes,” she says. “When he’s tired, he’s snuggly and sometimes a lazy potato when he doesn’t want to get up. When he’s happier, or when we’re playing a game with him, he gets a little spicy sometimes.” And when he gets really excited, he’ll nibble on her arm like it’s a corn cob.\n\n', 'Bulldogs in the Juniors’ Ring': 'The breed ring is newer territory for Evelyn’s family, but they found tremendous support through the Western Michigan Bulldog Club. Members taught Evelyn how to hold the lead, present Maui on a ramp, and stack a Bulldog correctly (with the front legs wider than the rear). Bulldogs can be less common in the Juniors ring, but Evelyn doesn’t mind — she enjoys standing out and showing off her comical dogs.\n\nAKC is a participant in affiliate advertising programs designed to provide a means for sites to earn advertising fees by advertising and linking to akc.org. If you purchase a product through this article, we may receive a portion of the sale.\n\n“It’s interesting seeing all the other doggos, and it’s fun because people don’t see a Bulldog,” she says. “So they get to watch the only Bulldog run around and slob the judges.”\n\nAKC is a participant in affiliate advertising programs designed to provide a means for sites to earn advertising fees by advertising and linking to akc.org. If you purchase a product through this article, we may receive a portion of the sale.\n\nShe’s also enjoyed the opportunity to learn about and show other breeds. She regularly handles “Sprinkles,” a Samoyed, and even showed her at the Samoyed national specialty. At a recent show circuit in Marquette, friends recruited Cunningham to help with a variety of different breeds, from Samoyeds to Pomeranians to Poodles.\n\nShe keeps her cool demeanor in the face of any and all competition, whether she’s up against kids her own age, showing with seasoned handlers, or taking the lead of a new breed.\n\n“It’s not really that different. It’s just showing a dog,” Cunningham says. “And if you win, you win. If you don’t, you don’t.”\n\n', 'We use cookies': '', 'Privacy Preference Center': ''}",[]
https://www.akc.org/expert-advice/news/couple-conformation-wedding/,Couple Stops at Nothing to Compete in Dog Shows – Not Even Their Wedding,"Jan 27, 2026","['dog shows', 'morris & essex', 'wedding']",Rylee Johnston,"Every five years, the Morris & Essex Kennel Club Dog Show takes place in October, and Meghann and Calan Terrien weren’t going to miss it — even at the risk of missing their wedding day.

Getting married is a momentous occasion, but this particular dog show isn’t like most. It’s a revival of Mrs. Geraldine Rockefeller Dodge‘s opulent events, making it one of the most prestigious dog shows in the United States. Instead of focusing solely on their wedding weekend, the two entered their four dogs, Chinese Crested “Currency” and three English Toy Spaniels “Cedric,” “Lupin,” and “Tonks,” a mere three days before their big day.

The couple made it down the aisle, but the journey to say “I do” left them feeling a type of pressure that only competing with their pets could have prepared them for.

","{'Love at First Competition': 'When you enter the world of dog sports, you find a sense of community and oftentimes friendships. But for Meghann and Calan, they found romance. It wasn’t exactly love at first sight, though. Meghann says the two of them were actually more like “rivals” when they first met through competing against each other.\n\nAKC is a participant in affiliate advertising programs designed to provide a means for sites to earn advertising fees by advertising and linking to akc.org. If you purchase a product through this article, we may receive a portion of the sale.\n\n“He’ll even admit he was a bit intimidated by me — probably because I wasn’t the friendliest after he kept beating me in the group ring,” she says.\n\nHowever, that wasn’t a deterrent for Calan. During the 2024 Westminster Kennel Club Dog Show, he approached Meghann and struck up a conversation at her grooming setup. Not long after, they went on their first date, and according to Meghann, they haven’t spent more than 24 hours apart since.\n\nTheir shared love of dogs made integrating their lives together seamless, and the two have since attended competitions together as a couple. During their first two shows, Calan won Best in Show Owner-Handled, and weeks later Meghann followed with a Best in Show Owner-Handled prize.\n\nAKC is a participant in affiliate advertising programs designed to provide a means for sites to earn advertising fees by advertising and linking to akc.org. If you purchase a product through this article, we may receive a portion of the sale.\n\n“It was a beautiful reflection of how much we support each other — not just in life, but in the sport we both love. Dog shows aren’t just part of our relationship — they’re part of the foundation of our journey together,” she says.\n\n', 'Prioritizing Their Passion': 'When the opportunity to attend Morris & Essex presented itself, it was a no-brainer for the couple. Meghann had last exhibited there back in 2021, where she showed Cedric and won Best of Variety.\n\n“As an owner-handler, this was an incredibly meaningful achievement, and it also completed his Grand Championship,” she says.\n\nWith Cedric now a veteran, the 2025 show allowed Meghann to take him back, celebrate his career, and share the moment with the vibrant Morris & Essex community. She also wanted to share the rewarding experience with Calan, who had never been before, so they used it as an opportunity to enter their other dogs.\n\nAKC is a participant in affiliate advertising programs designed to provide a means for sites to earn advertising fees by advertising and linking to akc.org. If you purchase a product through this article, we may receive a portion of the sale.\n\n“With him having young and upcoming dogs, it was a great opportunity to socialize, have fun, and immerse ourselves in the unique atmosphere of the show. The camaraderie and shared passion among breeders and exhibitors from across the country made it an especially memorable experience for both of us,” she adds.\n\nOnce they arrived at their venue, they celebrated their wedding day surrounded by those they love most: friends, family, fellow dog enthusiasts, and their pets. Cedric even served as the ring bearer and was walked down the aisle by the couple’s daughter, Olivia.\n\nAKC is a participant in affiliate advertising programs designed to provide a means for sites to earn advertising fees by advertising and linking to akc.org. If you purchase a product through this article, we may receive a portion of the sale.\n\n“It truly felt like a storybook moment,” Meghann says. “Our journey together, both in life and in dogs, is something we hold close.\n\n', 'Feeling the Pressure': 'Meghann admits that entering a competition only three days before her wedding was a “bold decision.” But during that moment, she felt calm and in control. She spent hours and nights meticulously planning their wedding to ensure everything went smoothly on the day of both events.\n\n“I even packed the car for Morris & Essex a full week in advance to make sure we were fully prepared,” she explains.\n\nOn the day of the show, the wedding left both of their minds, competing was their focus. It was only after they began the drive back to their home in New Hampshire that the pressure started to settle in.\n\n“Unpacking from a major dog show and then immediately repacking for our wedding left us feeling completely overwhelmed — but it was all worth it,” she says.\n\nAKC is a participant in affiliate advertising programs designed to provide a means for sites to earn advertising fees by advertising and linking to akc.org. If you purchase a product through this article, we may receive a portion of the sale.\n\nHaving nearly 10 years of dog competitions under their belt, though, has left them with the necessary skill set to adapt to stressful situations. The two also work with animals outside of competitions, with Calan spending his days as a groomer and Meghann working in veterinary medicine. She also runs her own business as a designer and photographer specializing in canine and equine clients.\n\n“Calan and I have had the privilege of piloting our English Toy Spaniels and Chinese Cresteds to incredible achievements: Owner-Handled Best in Show, Best of Variety Specialty Show, group placements and wins across both the U.S.A. and Canada, and even placements at prestigious events like Westminster and Royal Canin. Adding our shared success in dogs to our personal love story is truly the icing on the cake,” she says.\n\n', 'We use cookies': '', 'Privacy Preference Center': ''}",[]
https://www.akc.org/expert-advice/news/meet-the-breeds-nyc-tibetan-spaniel-tashi/,AKC Meet the Breeds NYC Hosts Resilient Regulars Like Tibetan Spaniel ‘Tashi’,"Feb 05, 2026","['akc meet the breeds', 'paralysis', 'tibetan spaniel']",Melanie Haid,"When you attend an AKC Meet the Breeds event, you’ll meet (and pet) hundreds of dogs. If you’re a repeat attender, you may even recognize a familiar face when passing by the Tibetan Spaniel Booth: eight-year-old ‘Tashi’ (Kan Sing’s Yarlung Tsangpo). Tashi has been a staple at the New York City AKC Meet the Breeds event for over six years now, and if he’s ever shown you his belly to pet, you couldn’t forget him.

But he’s not just a friendly face and a great representation for his breed: Tashi is also a conformation star who overcame a shocking and sudden injury that nearly left him paralyzed.

","{'Meet Tashi at AKC Meet the Breeds': ""Lindsay has been with the breed for a decade now. She started off with Miniature Schnauzers, and was in the breed for 37 years, and did Meet the Breeds with them as well. Then, she discovered what would eventually lead to Tashi: the Tibetan Spaniel.\n\nShe got Tashi and joined the parent club, who were looking for members to go to Meet the Breeds in New York City. There weren’t many people from the club in the area doing it, so when the club asked Lindsey, who lives in Connecticut, she agreed. Tashi was a little over a year old at that point, and he immediately fell in love.\n\nAKC is a participant in affiliate advertising programs designed to provide a means for sites to earn advertising fees by advertising and linking to akc.org. If you purchase a product through this article, we may receive a portion of the sale.\n\n“It’s literally what he lives for,” Lindsay says. “I have some people that have taken a photo of him every single year and come back just to see him.” After two full days of getting pets and attention, a lot of dogs understandably get tired and worn out. But not Tashi. “He just loves meeting everyone. The parent club calls him their ‘little breed ambassador,'” Lindsay says. “They know he’s the one who loves Meet the Breeds, so they send me every year.”\n\n"", 'A Life-Changing Injury': 'At six and a half years old, Tashi — and Lindsay’s — lives changed forever. Tashi was playing with another of Lindsay’s dogs when they collided. “When he was hit, he didn’t even make a sound,” she recalls. “All of a sudden, his back right leg was just collapsing.” She thought he had a knee injury, and into the night, it wasn’t getting better. She took him to the vet, who quickly advised that they go to an emergency clinic. The doctor discovered that Tashi couldn’t feel where his feet were.\n\nIn less than 48 hours, Lindsay was able to bring him to a neurologist who’d treated one of her other dogs. Dr. Hammond did the MRI and put him right into surgery. At that point, Tashi wasn’t able to feel his back legs at all — he couldn’t walk, he couldn’t bear weight. “I was hysterical,” Lindsay says.\n\nHe had not one, but two ruptured discs, according to the results of the MRI. He had to stay and rest for five days, and Lindsay wasn’t able to see him during that time. When he was able to come home, he was in a sling, because he couldn’t hold himself on his front legs, and couldn’t feel his back legs at all. “He took it all in stride, he never cried,” Lindsay says. “It was remarkable, if he needed to get somewhere, he would bark and I would put his sling under him and we’d go outside.”\n\nAKC is a participant in affiliate advertising programs designed to provide a means for sites to earn advertising fees by advertising and linking to akc.org. If you purchase a product through this article, we may receive a portion of the sale.\n\nWhen he first came home, Tashi’s legs were so stiff that they wouldn’t move. After awhile, they were able to do some exercises with him, trying to do range of motion and massaging him. Eventually his legs were able to bend again. “I had to try to get him to stand, to get his spinal cord to start sending signals down to see about standing and knowing where his legs are.”\n\nThis injury came after his huge win at the Westminster Kennel Club Dog Show, where he won Best in Opposite. “It was a once in a lifetime win,” Lindsay says. “Especially for someone who is owner-handled, showing their dog as someone who doesn’t show him that often. It was a thrill.”\n\n', 'A Miracle Recovery': 'Only three weeks after his injury, Lindsay was shocked to find Tashi greeting her with a wagging tail — one that had previously been dragging with his hind legs. “This is good,” she remembers saying, and then came even more. “It was like these little progressions to the point where he didn’t need a sling, but his legs were still very all over the place. He just kept getting better.”\n\nAKC is a participant in affiliate advertising programs designed to provide a means for sites to earn advertising fees by advertising and linking to akc.org. If you purchase a product through this article, we may receive a portion of the sale.\n\nShe was shocked by his progress, not only how quick it was, but that there was progress at all. “The part that’s always scary is when they say, if their spinal cord doesn’t regain use that they can actually start dying off, everything starts shutting down,” she says. “But his came back, and people couldn’t believe how well he was actually doing.”\n\nTashi had been doing conformation since he was a puppy, but after his injury, Lindsay wasn’t sure if he’d ever show again. “When this first happened, my only wish was that he could still go to Meet the Breeds,” Lindsay says. “That was really the only thing, if that last win at Westminster was it for him.” But Lindsay emphasizes that first and foremost, Tashi is her pet, and she wanted to make sure that he was comfortable and supported.\n\nNow, he’s not only able to walk again, but he’s back doing conformation as well as other sports. “What he really enjoys is the attention in the show ring, especially since I don’t do it a whole lot.” Lindsay says. “So it’s fun when he’s in it — he just lights up.” He’s also back doing AKC Rally, Obedience, Trick Dog, and working on CGC titles, and best of all, will add another year to his AKC Meet the Breeds streak.\n\n', 'A Once in a Lifetime Connection': 'Tashi may love attention, but he’s also a great example of the breed to showcase at an event like Meet the Breeds. “This breed is extremely intelligent, extremely intuitive,” Lindsay says. “If you’re having a bad day, they’ll come right over, they pick that up.”\n\nAKC is a participant in affiliate advertising programs designed to provide a means for sites to earn advertising fees by advertising and linking to akc.org. If you purchase a product through this article, we may receive a portion of the sale.\n\nSince his injury, people were asking if he would be back at Meet the Breeds events. His first big event after his injury was the Tibetan Festival in New Jersey, which had one of all the Tibetan breeds.\n\nEven though he was back to participating, Lindsay still worried that his condition could worsen again and things wouldn’t be the same for him. “Before, if he’s not getting any attention, he would do something silly like roll on his back so people would come running over. He did that this year too, which I was happy about because I was so worried that he wasn’t going to be able to do it anymore.”\n\nOut of her six current dogs, three Tibetan Spaniels, two Miniature Schnauzers, and one Tibetan Mastiff, Lindsay says that Tashi is like no dog she’s ever met. “Tashi is probably a once in a lifetime dog, and he healed so well.” she says. “People have told me they gravitate to him, he just wins them over, and that’s so special.”\n\n', 'We use cookies': '', 'Privacy Preference Center': ''}",[]
https://www.akc.org/expert-advice/news/super-sloan-labrador-retriever/,‘Super Sloan:’ Companion Dog Uplifts a Young Girl With Vision Loss,"Jan 14, 2026","['labrador retriever', 'vision loss', 'companion dog']",Jen Reeder,"This article originally appeared in the award-winning AKC Family Dog magazine. Subscribe now!

Sometimes when 10-year-old Emma Brown walks her Labrador Retriever, “Sloan,” passersby will comment on what a beautiful dog she has — to which Emma likes to reply, “He’s my special dog.”

He certainly is. Sloan was bred, raised, and trained by the nonprofit Dogs Inc for the skilled companion dog program for children with vision loss. Emma partnered with her new dog in February 2025 after experiencing sudden vision loss in her right eye when she was 8 years old due to a rare condition called permanent amblyopia vision loss. It affected her depth perception, which can cause her to trip or drop things. It led to kids picking on her at school, according to her mom, Alexis Brown.

She and her husband, Brandon Brown, grew concerned to see their outgoing daughter become quiet and withdrawn. The little girl even asked them, “Why did God choose me to have this?”

AKC is a participant in affiliate advertising programs designed to provide a means for sites to earn advertising fees by advertising and linking to akc.org. If you purchase a product through this article, we may receive a portion of the sale.

“We were like, ‘What are we going to do? How can we get our beautiful daughter back to the person that she was?’ Because Emma is very outspoken and very sweet, very gentle, very kind,” Alexis says. “And when she was going through this hardship, she was very shut down.”

","{'Entering the Sloan Zone': 'Learning about the Dogs Inc program proved to be a “game changer.” A trainer from Dogs Inc flew with Sloan from Florida to the family’s home in Dayton, Ohio, to introduce Emma to her new dog — who walked straight to her.\n\n“I was happy and excited,” Emma recalls.\n\nAKC is a participant in affiliate advertising programs designed to provide a means for sites to earn advertising fees by advertising and linking to akc.org. If you purchase a product through this article, we may receive a portion of the sale.\n\nSloan turned out to be a beloved addition to the family, which includes Emma’s twin brother, Bentley; younger sister, Payton; and dogs Rosie and Taco. The black Lab loves swimming with Emma in a nearby lake, playing with his toys, reading books together — Clifford the Big Red Dog books are a favorite — and generally spending time with his girl.\n\n“He cuddles with me, and we say our prayers together,” Emma says. “He’s my best friend. He doesn’t judge me for my eye condition, and he loves me for me.”\n\nHer mom has been delighted to see Sloan’s positive impact happen so quickly.\n\n“Emma’s happy,” she says. “She’s herself again.”\n\nLike all Dogs Inc skilled companion dogs, Sloan is well-trained in basic obedience cues like sit, stay, come and heel — a must for working with children—and knows additional cues like chin to rest his chin on Emma’s hand or lap, hug to lay his front legs across her lap for a hug, and close to get under her legs to avoid someone tripping over him in public.\n\nAKC is a participant in affiliate advertising programs designed to provide a means for sites to earn advertising fees by advertising and linking to akc.org. If you purchase a product through this article, we may receive a portion of the sale.\n\nBut Sloan’s top skill is simply being a trusted friend.\n\n“If I have a bad day, he always cheers me up,” Emma says. “He’s really silly. And when I struggle on my homework, I sit down and he helps me calm down.”\n\nShe tries to be a good friend, too.\n\n“I brush him every single day,” she says. “That’s one of his favorite things.”\n\n', 'Skilled Companions': 'Sloan is one of 60 currently active skilled companion dogs from Dogs Inc, a nonprofit guide dog school based in Palmetto, Florida, according to Amanda Ronning, skilled companion program lead at Dogs Inc.\n\n“It was initially launched with the idea of getting children accustomed to a large dog in the home and getting used to caring for a large dog with the hope of preparing them for a guide dog in the future,” she says. “And the dogs provide unwavering emotional support.”\n\nKids learn initial skills for caring for a big dog, such as walking, bathing, feeding, and grooming, as well as playing. Skilled companion dogs are available — free of charge — to children ages 5 to 17 with vision loss.\n\nSkilled companion dogs are not service dogs, so they don’t have the special access to public places that guide dogs do. However, they are trained to have impeccable house manners and almost perfect leash manners, Ronning notes.\n\n“The biggest thing we’re looking for in skilled companion dogs for children is being easy on leash — they have to be easy enough on leash for that child to be able to handle them safely,” she says. “Because again, we want the kids to be building the skills eventually to hopefully be ready for a guide dog at some point in the future.”\n\nAKC is a participant in affiliate advertising programs designed to provide a means for sites to earn advertising fees by advertising and linking to akc.org. If you purchase a product through this article, we may receive a portion of the sale.\n\nBut even if children don’t go on to partner with a guide dog, the benefits that skilled companion dogs can bring to their young lives are invaluable after they experience vision loss, as Sloan has shown with Emma.\n\n“It’s a big life change for them, going from having full vision to not — the changes in depth perception and just the change in perception of your peers can be challenging,” Ronning says. “It’s not uncommon for us to hear from them that they had a complete change in personality, and it just kind of brings out the sunshine in their lives again to have the dog there. You’re never going to question your dog’s loyalty. They’re always going to be there to support you.”\n\nThe program proved so popular with children and teens that Dogs Inc expanded to offer skilled companion dogs to adults with vision loss who don’t yet need a guide dog, as well as military veterans, military families, and Gold Star families who lost a family member who served in the military.\n\nAKC is a participant in affiliate advertising programs designed to provide a means for sites to earn advertising fees by advertising and linking to akc.org. If you purchase a product through this article, we may receive a portion of the sale.\n\nDogs Inc works entirely with Labrador Retrievers and crosses of Labs and Golden Retrievers for all guide dog and skilled companion programs, according to Ronning.\n\n“They’re just extremely trainable dogs,” she says. “They also tend to just be very stable, temperament-wise. The big goofy Labs, they’ve got very good food drive, so they’re willing to do whatever you ask them for food. The Labrador, just overall, they’re lovely dogs. You really need a dog that has strong independent thinking skills.”\n\nTo help families integrate a new skilled companion dog into their home, Dogs Inc provides an “online university” about the dogs before sending a staff member to the home with the dog to go over all training cues, discuss crate training, and generally make sure the family feels comfortable with the new dog.\n\nDogs Inc then provides ongoing support whenever questions arise and provides five years of dog food as a free service, Ronning notes.\n\n', 'Positive Change': 'She’s thrilled that Sloan has made such a positive impact on Emma’s life.\n\nAKC is a participant in affiliate advertising programs designed to provide a means for sites to earn advertising fees by advertising and linking to akc.org. If you purchase a product through this article, we may receive a portion of the sale.\n\n“Sloan makes Emma so much happier and brings so much joy to her life,” she said. “Who can ask for more than that?”\n\nIn fact, Sloan has brought joy not just to Emma but the entire family, according to Alexis.\n\n“He’s definitely been a big addition to our family,” she says. “He’s our big, gentle giant. Emma’s twin does have autism, and Payton has some developmental disabilities of her own. Sloan is our big teddy bear that the kids can just love on, play with and enjoy. And he kind of clears up the bad days and makes them into good. We couldn’t imagine our life without him now.”\n\nUltimately, she is grateful that Sloan has been such a fantastic addition to her family and hopes other children with vision loss will consider partnering with a skilled companion dog from Dogs Inc.\n\n“Without Sloan, I don’t know where Emma would be,” she says. “He has definitely been that light in her life that she needs.”\n\n', 'We use cookies': '', 'Privacy Preference Center': ''}",[]
https://www.akc.org/expert-advice/news/bracco-italiano-pawsar-unit/,“Stevie” Is the Sole Bracco Italiano in the Pennsylvania Wilderness Search and Rescue Unit,"Jan 14, 2026","['search and rescue', 'bracco italiano', 'wilderness search and rescue']",Rylee Johnston,,"{'We use cookies': '', 'Privacy Preference Center': ''}",[]
https://www.akc.org/expert-advice/news/akc-national-championship-best-in-show-2025/,Lhasa Apso ‘JJ’ Wins Best in Show at 2025 AKC National Championship,"Dec 29, 2025","['AKC National Championship', 'non-sporting group', 'lhasa apso', 'best in show']",Melanie Haid,"The 2025 AKC National Championship, presented by Royal Canin, has crowned its 25th champion! The nation’s biggest dog show took place on December 13-14 at the Orange County Convention Center in Orlando, Florida. Lhasa Apso “JJ” GCHP CH Ta Sen Westgate Jingle Juice took home the title of Best in Show. The five-year-old Lhasa, handled by Susan Giles, won the Non-Sporting Group. JJ bested six other group winners to become America’s National Champion on December 14.

JJ is owned by Susan Giles, Cindy Sehnery, and Muriel Wolverton, and was bred by Susan Giles, Cindy Sehnert, and Ellen Lonigro.

The Reserve Best in Show winner was GCHG CH Tamarack Valley View River Of Dreams, a Gordon Setter known as “River.”  River is owned by Dr. Ellen Shanahan and Stacy Threlfall of Great Barrington, MA, and was bred by Brian Hubbard, Matthew McGillivray, and JoAnne Van Aller.

AKC is a participant in affiliate advertising programs designed to provide a means for sites to earn advertising fees by advertising and linking to akc.org. If you purchase a product through this article, we may receive a portion of the sale.

","{'From Hounds to Non-Sporting Dogs': 'Giles grew up with dogs, but they weren’t quite Lhasas. She would bring home hunting dogs for her dad: these would be any dog they could get their hands on, usually hounds. She thought she would continue with hounds into her adulthood, but when she lived in a city with a very tiny yard, suddenly her idea of owning something like an Irish Wolfhound didn’t seem as realistic.\n\nShe had previously met a Lhasa Apso, and really liked their personality. Giles got herself a Lhasa puppy in 1973. Shortly after, a Shih Tzu handler she met suggested she go to the conformation match, and that was her first introduction to dog shows. “I drove six and a half hours to my first conformation point show the day he turned six months old,” she said. “And he won his class the first time.”\n\nThrough this, she met so many people in the Lhasa community, and learned everything she could about the breed. “We’d go over every do we could possibly get our hands on. I learned a great deal of conformation, structure, and skeletal structure of the dog, that kind of stuff,” she says. She sought out a conformation bitch from Ellen Lonigro, Kinderland Lhasa Apsos, who she co-bred and co-owned with for 25 years until Lonigro’s retirement. “It was a very successful and easy relationship.”\n\n', 'JJ: A Born Show Dog': 'JJ, at five years old, is unlike any dog Giles has ever had. “He started off when he was just a puppy, and went Winner’s Dog at the National Specialty,” she says. He’s already won over 25 best in shows and reserve best in shows, as well as three national specialty wins and a host of local specialty wins.\n\n“JJ’s probably the absolute best show dog I’ve had,” she says. “He really enjoys doing it, gets out there, always on, always ready to go.” He’s a little atypical of the breed, who Giles says can sometimes be a little stubborn. It’s the first time she’s won something of this scale with JJ or any of her dogs, but she’s not stranger to the big stage. She’s been to every AKC National Championship, and won the Non-Sporting Group with a Lhasa Apso in 2002.\n\nAKC is a participant in affiliate advertising programs designed to provide a means for sites to earn advertising fees by advertising and linking to akc.org. If you purchase a product through this article, we may receive a portion of the sale.\n\n“JJ has won more best in shows than any of my others, maybe even combined,” Giles says. “Part of that is the fact that he’s well put together, and that he likes to show.”\n\n', 'Half a Century of Lhasa Breeding': 'At nearly 80 years old, Giles has been breeding Lhasa Apsos for 50 years. She started in 1975, two years after she got her first Lhasa. Her dedication to the breed also earned her 2025 AKC Breeder of the Year for her program, Ta Sen Lhasa Apsos.\n\nAKC is a participant in affiliate advertising programs designed to provide a means for sites to earn advertising fees by advertising and linking to akc.org. If you purchase a product through this article, we may receive a portion of the sale.\n\n“I remember sitting in the trailer of a husband-and-wife breeding team one night in Pennsylvania until three o’clock in the morning discussing structure,” she laughs. “I was like a little sponge, and I enjoyed learning and I enjoyed watching professional handlers.”\n\nThe best in show at the American Kennel Club National Championship is something Giles is incredibly proud of. “It’s the icing on the cake. The breeding program is the cake: you have to have all the ingredients to come up with a well put-together dog that fits your standard and has the type and style,” she says. “Then the showmanship that allows you to get out there and win groups and best in shows is, like I said, the icing. It’s really nice to be recognized like that.”\n\nAKC is a participant in affiliate advertising programs designed to provide a means for sites to earn advertising fees by advertising and linking to akc.org. If you purchase a product through this article, we may receive a portion of the sale.\n\n', 'A Happy Dog': 'What’s next for Giles and JJ? With so many wins already under their belt, they’re hoping to perform well at Westminster in 2026. “I’ve always enjoyed showing, and I enjoy competing.”\n\nShe loves Lhasas because of the similarities she sees in them. “I really enjoy their personalities – they’re a bit stubborn and independent, and there are things about them that kind of remind me of myself.”\n\nWestminster will likely be his retirement. “His swan song,” she says. “But I’ll continue showing dogs. We’ve got another Lhasa coming up behind him, but I don’t know that he’ll have the same success rate as JJ.”\n\n“He’s just a super happy dog,” she says. “For a breed that’s supposed to be wary of strangers and aloof, he’s just a sweet, happy dog.”\n\n', 'We use cookies': '', 'Privacy Preference Center': ''}",[]
https://www.akc.org/expert-advice/news/akc-national-championship-group-winners-2025/,Group Winners Crowned at the 2025 AKC National Championship,"Dec 29, 2025","['conformation', 'best in show']",Melanie Haid,"The highest prize in the world of conformation dog shows is Best in Show at the AKC National Championship, presented by Royal Canin. Out of the 5,500 dogs that competed in the competition’s 25th year, only one was crowed Best in Show. After an intense weekend of breed, group, and Best in Show competition on December 13 and 14 at the Orlando County Convention Center. The winners were announced in a special ABC broadcast on December 28.

Group winners in each category competed first among the dogs in their breeds to determine Best in Breed. Then, dogs in each breed went on to compete against all other dogs in their group: the Herding Group, Hound Group, Non-Sporting Group, Sporting Group, Terrier Group, Toy Group, and Working Group. Out of the winners of each group, the Best in Show winner and Reserve Best in Show winner were chosen on Sunday night, judged by Mrs. Rosalind Kramer. See the 2025 AKC National Championship group winners below.

","{'Best in Group': 'Each AKC-recognized dog breed falls into one of seven group classifications:\n\n', 'Herding Group Winner': 'The winner of the Herding Group at the 2025 AKC National Championship was Old English Sheepdog “Graham.” Graham, GCHB CH Bugaboo’s Give Me Smore’, is owned by Colten & H & M & D Johnson, and Ron & Christine Perry. Graham of Colorado Springs, CO, was bred by Mr. Milan Lint, Heather Johnson, Mr. Douglas Johnson, Michaelanne Johnson, Colton Johnson, and Cameron Johnson.\xa0\n\nAKC is a participant in affiliate advertising programs designed to provide a means for sites to earn advertising fees by advertising and linking to akc.org. If you purchase a product through this article, we may receive a portion of the sale.\n\n', 'Hound Group Winner': 'The Hound Group winner at the 2025 AKC National Championship was Afghan Hound “Zaida,” owned by Ramon Podesta, Scott Pfeil, J. Donahue, A. Sobrado. Zaida, GCHG CH Zaida Bint Muti Von Haussman, of Ingleside, IL, was bred by Ramon Podesta Valenzuela.\n\nAKC is a participant in affiliate advertising programs designed to provide a means for sites to earn advertising fees by advertising and linking to akc.org. If you purchase a product through this article, we may receive a portion of the sale.\n\n', 'Non-Sporting Group Winner': 'The winner of the Non-Sporting Group at the 2025 AKC National Championship was was Lhasa Apso, “JJ,” owned by Susan Giles, Cindy Sehnery, and Muriel Wolverton. JJ, GCHP CH Ta Sen Westgate Jingle Juice, of Manakin-Sabot, VA, was bred by Susan Giles, Cindy Sehnert, and Ellen Lonigro.\xa0\n\nAKC is a participant in affiliate advertising programs designed to provide a means for sites to earn advertising fees by advertising and linking to akc.org. If you purchase a product through this article, we may receive a portion of the sale.\n\n', 'Sporting Group Winner': 'The winner of the Sporting Group at the 2025 AKC National Championship was Gordon Setter “River” GCHB CH Tamarack Valley View River Of Dreams. River is owned by Dr. Ellen Shanahan and Stacy Threlfall of Great Barrington, MA. River was bred by Brian Hubbard, Matthew McGillivray, and JoAnne Van Aller.\n\nAKC is a participant in affiliate advertising programs designed to provide a means for sites to earn advertising fees by advertising and linking to akc.org. If you purchase a product through this article, we may receive a portion of the sale.\n\nRiver also won the Sporting Group at the AKC National Championship in 2024.\n\n', 'Terrier Group Winner': 'The Terrier Group winner at the 2025 AKC National Championship was Miniature Schnauzer “Baby Joe” of Mesa, AZ. Baby Joe, GCHP CH Carmel Mr. Joe Adamis CGC, is owned by Marilyn Lande, M. Jacobs, and J & L Constantine-Amodei. Baby Joe was bred by Carma Ewer, Marilyn Lande, Marilyn Jacobs, Silvia Soos-Kazel, and Susan Coulter.\n\nAKC is a participant in affiliate advertising programs designed to provide a means for sites to earn advertising fees by advertising and linking to akc.org. If you purchase a product through this article, we may receive a portion of the sale.\n\n', 'Toy Group Winner': 'The winner of the Toy Group at the 2025 AKC National Championship was Pomeranian “Aslan” of Alpharetta, GA. Aslan,\xa0GCHG CH Artistry’s Aslan All That Is Good, is owned by Marina Persic and MinSoo Jung, and bred by Marina Persic.\xa0\n\nAKC is a participant in affiliate advertising programs designed to provide a means for sites to earn advertising fees by advertising and linking to akc.org. If you purchase a product through this article, we may receive a portion of the sale.\n\n', 'Working Group Winner': 'The winner of the Working Group at the 2025 AKC National Championship was Doberman Pinscher “Penny” of Reseda, CA. Penny, GCHP CH Connquest\xa0Best\xa0Of Both Worlds, is owned by Francis & Diana Sparagna, T. Connors-Chan, and G. Chan, and bred by Theresa Connors-Chan and Gregory Chan.\n\nAKC is a participant in affiliate advertising programs designed to provide a means for sites to earn advertising fees by advertising and linking to akc.org. If you purchase a product through this article, we may receive a portion of the sale.\n\n', 'We use cookies': '', 'Privacy Preference Center': ''}",[]
https://www.akc.org/expert-advice/news/akc-breeder-of-the-year-2025/,Susan Giles and Ta Sen Lhasa Apsos Awarded 2025 AKC Breeder of the Year,"Dec 29, 2025","['lhasa apso', 'breeder of the year']",Colt Dodd,"Top dog breeders gathered on December 13th at the 25th annual AKC National Championship, presented by Royal Canin, to crown the 2025 AKC Breeder of the Year. One breeding program represents each of the seven breed groups, and out of those, one honoree is awarded breeder of the year. Susan Giles, of Ta Sen Lhasa Apsos, was awarded 2025 AKC Breeder of the Year.

","{'Honoring the Breeding Program': 'For more than 50 years, Giles has dedicated her life to preserving, bettering, and enriching her beloved breed: the Lhasa Apso, a small but hardy dog hailing from the Himalayas.\n\n“There were a lot of good breeders with good programs that were nominated, so to be the one that got the top award was just very special,” she says. “It’s just really cool to have been chosen.”\n\n“We are proud to honor Susan S. Giles with the 2025 AKC Breeder of the Year award,” said Gina M. DiNardo, the AKC’s President and CEO during the ceremony. “Ta Sen has been associated with top quality, healthy Lhasa Apsos in the United States and [Giles] impact on the breed will be seen for many more years to come.”\n\nAKC is a participant in affiliate advertising programs designed to provide a means for sites to earn advertising fees by advertising and linking to akc.org. If you purchase a product through this article, we may receive a portion of the sale.\n\n', 'Giles’ Love of Lhasa Apsos Spans Decades': 'Giles love of Lhasa Apsos started in over 50 years ago. She met one, liked the breed’s personality, and the in 1975, purchased a puppy herself. What happened next, however, would take her from being a casual lover of Apsos to one of the most influential American breeders.\n\n“[My puppy] had kennel cough the first week I had it, so I took it to the vet’s, and the reception at the vet’s had a professional handler showing their Shih Tzu,” recalls Giles. “She told me that they were having a match that weekend and I should bring my puppy. He was too sick to go, but I went, I looked around, and I said, ‘I could do this,’ and that’s how it got started.”\n\nFast-forward a few decades, and dogs from Giles’ kennel have won countless awards, including (but not limited to) Best in Show, National Specialty Best of Breed, and even Farm and Trick Dog titles. While Giles has many guiding principles that empower her to uphold and maintain the Lhasa Apso breed standard, one that shines through is her love of these dogs.\n\n', 'The Key to Breeding Healthy, Well-Tempered Puppies': 'Giles says prospective breeders should begin by outlining their goals. She recalls that years ago, the average Lhasa Apso was too tall to meet the breed standard. A male, for example, would have stood taller than the suggested 10 to 11 inches at the withers. So, she focused on breeding Apsos that were shorter and conformed closer to the standard.\n\nGiles also emphasizes breeding well-mannered, even-tempered dogs who can readily adjust to home life.\n\n“I have made it a real personal campaign to make sure that I only breed dogs that have good temperaments,” she says. “These are very smart dogs. If you have a dog that’s a sharp-tempered dog, and he may figure out that by growling and biting, he can take control. If you send a well-tempered dog into a home, it easily figures how to wrap you around its paw by being cute and sweet. They accomplish the same thing, just in two different ways.”\n\nAKC is a participant in affiliate advertising programs designed to provide a means for sites to earn advertising fees by advertising and linking to akc.org. If you purchase a product through this article, we may receive a portion of the sale.\n\nFor Giles, the breed standard is most important, no matter what dog you’re looking to breed. “First you need to learn structure, then you need to learn your breed standard,” she says. “There are a lot of people that breed and don’t even know what the breed standards say. Those two things are very important. You have to know what the skeletal structure is, [and] you have to know what you’re aspiring to.”\n\n', 'Commemorating One of Her Top Dogs': 'As part of being recognized as the 2025 Breeder of the Year, Giles will have the honor of having her name inscribed on a trophy displayed at the AKC’s headquarters in New York City. There’s another honor: a commissioned portrait memorializing a prominent dog from Ta Sen Lhasa Apsos, Giles’ kennel in Manakin-Sabot, Virginia.\n\nAKC is a participant in affiliate advertising programs designed to provide a means for sites to earn advertising fees by advertising and linking to akc.org. If you purchase a product through this article, we may receive a portion of the sale.\n\nGiles has an idea of who she will choose to commemorate.\n\n“It should be JJ (“GCHP CH Ta Sen Westgate Jingle Juice”) since he’s done the most winning with 26 Best in Shows and 27 runner-up Best in Shows and three National Specialties,” she says. “This has been an extraordinarily successful year for JJ and a bitch that I co-bred that is the number two Non-Sporting dog. He’s number one Non-Sporting, she’s number two Non-Sporting. It’s very, very cool. Between the two of them, they have 61 Best in Shows.”\n\nLike the inscribed trophy, JJ’s portrait will also be hung at the AKC’s headquarters in NYC. Currently, this accomplished dog is ranked the All-Time Top Winning Lhasa male in the AKC’s history with 294 GCH points.\n\n', 'Seeing the “Absolute Truth”': 'Giles acknowledges that none of her dogs are perfect, but in a way, that’s a good thing.\n\n“My guiding principle is to produce, healthy, well-tempered dogs,” she says. “That’s probably the most important goal. Nobody is going to get the perfect dog. If they do, then I have to retire because I went kennel blind. Kennel blind generally means that you think all your dogs are perfect, so basically, it’s saying that you are no longer able to see the absolute truth.”\n\nA discerning, objective eye is what Giles says empowers her to produce quality litters. But it doesn’t take a lifelong breeder to see Giles’ genuine love and connection to Lhasa Apsos.\n\n“I love that they’re a little independent, a little bit stubborn,” she says. “They’re very regal, but they can be a clown — they’re not going to make themselves look foolish. Just you.”\n\n', 'We use cookies': '', 'Privacy Preference Center': ''}",[]
https://www.akc.org/expert-advice/news/nohs-2025-gwp-greta/,Alexis Chism and “Greta” Win 2025 National-Owner Handled Series Best in Show,"Dec 18, 2025","['german wirehaired pointer', 'nohs', 'handler']",Tracey Ford,"Part of the exciting AKC National Championship, presented by Royal Canin, are the special events. This includes the National Owner-Handled Series (NOHS), which has crowned its Best in Show winner after fierce competition on December 14 at the Orange Country Convention Center in Orlando, Florida.

","{'NOHS Best in Show': 'Owner-handler Alexis Chism and her German Wirehaired Pointer “Greta” earned top honors at the 2025 AKC National Championship, capturing the National Owner-Handled Series (NOHS) Best in Show title and rising above a competitive field of the nation’s top owner-handled dogs.\n\nGreta, officially known as GCHG CH Wirewick Afterhours Feels Like A Regret BN RN JH FDC CGCA CGCU TKA ATT VHMA VSWB, is owned and handled by Chism and was bred by Robert Wickes, Marion Hancock, and Alexis Chism. Her NOHS win highlights the dedication, skill, and partnership that define success within the owner-handled community.\n\nThe National Owner-Handled Series celebrates exhibitors who present and campaign their own dogs, recognizing excellence in breed type, conditioning, and ring presence. Competing at the AKC National Championship — one of the sport’s most prestigious events — Greta rose to the top of a highly competitive field.\n\nAKC is a participant in affiliate advertising programs designed to provide a means for sites to earn advertising fees by advertising and linking to akc.org. If you purchase a product through this article, we may receive a portion of the sale.\n\nGerman Wirehaired Pointers are known for their versatility, intelligence, and athleticism, qualities Greta has demonstrated throughout her career both in and out of the conformation ring. Her accomplishments reflect not only her quality as a dog, but also the commitment behind her training, preparation, and presentation.\n\nGreta’s NOHS victory marks another milestone in her career and underscores the strength of owner-handlers competing at the highest levels of the sport.\n\n', 'NOHS Reserve Best in Show': 'Reserve Best in Show in the National Owner Handler Series was Bichon Frise “Barbie.” Barbie, GCHB CH Hallmark You Can Be Anything, is owned by Carol Fellbaum, Marleen Greif, and Joanne Rubin. Barbie was bred by Joseph Bernier, Maria Bernier, Kathie Vogel, and Danielle Ardagna.\n\nAKC is a participant in affiliate advertising programs designed to provide a means for sites to earn advertising fees by advertising and linking to akc.org. If you purchase a product through this article, we may receive a portion of the sale.\n\n', 'We use cookies': '', 'Privacy Preference Center': ''}",[]
https://www.akc.org/expert-advice/news/best-junior-handler-tatum-bartlett/,Meet AKC National Championship Best Junior Handler Tatum Bartlett,"Dec 31, 2025","['petit basset griffon vendeen', 'pbgv', 'junior showmanship', 'best junior']",Lindsey Dobruck,"As 17-year-old Tatum Bartlett stepped onto the red carpet with her Petit Basset Griffon Vendéen at the AKC National Championship Presented by Royal Canin, she focused on what she could control.

“This is not a show where you can go in and expect to win anything,” Bartlett says. “I felt confident in what I could control, and that was having a good performance with my dog and having a fun time.” Anything beyond that, she says, was up to the judge.

On December 13, 2025, at the ANC’s 25th Junior Showmanship competition in Orlando, Florida, Bartlett was awarded Best Junior Handler and a $5,000 scholarship, showing “Spotify” (GCHS CH M & M Stellar Spotify). The San Francisco teen was among 160 talented young handlers from across the nation who vied for the prestigious title.

“It’s such a high-stakes competition, and to come out on top was unbelievable for me,” Bartlett says. Junior handlers (ages 9 to 18) qualify for this event by their success in the ring and in academics — and at the ANC, Bartlett says the handlers were at the top of their game.

“It actually just made the win more special, because I know how talented they are,” she says. “Everyone in that ring rose to the occasion. It could have gone to anyone, and I would not have been surprised.”

AKC is a participant in affiliate advertising programs designed to provide a means for sites to earn advertising fees by advertising and linking to akc.org. If you purchase a product through this article, we may receive a portion of the sale.

","{'A Family Legacy in Purebred Dogs': 'Bartlett is upholding her family’s four-generation legacy in the fancy, which started with her great-grandmother, Janet Souza, who had American Staffordshire Terriers. Her grandmother, Linda Souza, bred Old English Sheepdogs before falling in love with Irish Wolfhounds; today, her family has bred Irish Wolfhounds (and other breeds) for more than 50 years under the “Limerick” kennel prefix.\n\n“I guess I could say it’s in my blood,” Bartlett says. Growing up with dogs and attending shows at a young age, she developed a deep respect and admiration for the sport. By the time she was 5 years old, she was helping out in the breed ring.\n\n“I’d watch as my grandma wrangled some wild Irish Wolfhounds,” Bartlett laughs. “And then one day, that was me. I got thrown in there because of my ‘young knees,’ as she would like to say, and that’s where it took off.”\n\nBartlett started competing in Junior Showmanship as soon as she was eligible, starting with her mom’s Whippet. She fell in love with Beagles when a couple at a local dog show asked her to help walk their litter of puppies. After two years of begging for a Beagle of her own, in 2019, Bartlett got “Disney” (GCHB Karakush In a Land Far, Far Away) as her Juniors dog.\n\n“She was probably one of the most pivotal dogs in my Juniors career, because she knew how to give me a hard time, and she taught me a lot from that,” Bartlett says. “That kind of sparked my love for scent hounds, which led to PBGVs and Spotify.”\n\n', 'The Most Perfect Pairing': 'Right before the 2024 Kennel Club of Palm Springs show, Disney came into season, and Bartlett couldn’t show her. She didn’t want to miss the first major show of the year, so she reached out to her family friend, professional handler Janice Hayes, to borrow a dog for the weekend.\n\n“She so quickly offered Spotify to me,” she says. Bartlett had long admired Hayes’ previous PBGV special, “Calamity Jane,” and was drawn to the breed’s cheery, affectionate demeanor. Spotify already had an accomplished show career, so Bartlett was honored to be trusted to show him. “I was like, there’s no way that Janice is going to let me show this dog. And she did.”\n\nAKC is a participant in affiliate advertising programs designed to provide a means for sites to earn advertising fees by advertising and linking to akc.org. If you purchase a product through this article, we may receive a portion of the sale.\n\nThe connection was instant. On their first weekend as a team, Bartlett took home two Best Junior rosettes. It was the beginning of many milestone wins and a deep relationship — while Spotify belongs to Hayes, Bartlett considers herself his “fun auntie” who gets to play with him on weekends.\n\n“It’s just beyond words. For me, it’s just pure love. We both love each other so much,” Bartlett says. “My most important goal every time I go in the ring is to have fun, and he loves to have fun. So it’s just the most perfect pairing, because we’re both feeding off of each other’s good energy. And when we’re in that groove together, it’s electric for both of us.”\n\n', 'Wrapping Up Juniors With Spotify': ""On Monday morning, following the ANC, Bartlett was back at home, studying for finals. “I don’t think this has completely sunk in yet,” Bartlett says. “I’m looking right now — I have my ribbons sitting on my dresser, and I’m like, ‘There’s no way that this actually happened.'”\n\nBartlett is honored and grateful to have been awarded ANC Best Junior under “two incredible dog women,” judges Angela Lloyd and Patty Keenan. “They are pillars of our sport,” she says. “To have them recognize me and compliment me and give me this honor, it was honestly the best moment of my life.”\n\nAt 17, Bartlett will soon age out of Junior Showmanship, but she has no plans to leave the world of purebred dogs. On weekends, she assists Hayes with bathing, grooming, exercising, and handling multiple breeds. After high school, she hopes to go to college to study veterinary medicine. She also recently added a PBGV puppy to her family: “Niall” (Stellar Secret Sauce at Limerick), Spotify’s son.\n\n“I want to stay involved with this for the rest of my life and pass it down,” Bartlett says. “So for me, that just means having fun with it, coming on the weekends when I can, and supporting this through breeding, because that is ultimately the backbone of what the sport is.”\n\nAKC is a participant in affiliate advertising programs designed to provide a means for sites to earn advertising fees by advertising and linking to akc.org. If you purchase a product through this article, we may receive a portion of the sale.\n\n"", 'We use cookies': '', 'Privacy Preference Center': ''}",[]
https://www.akc.org/expert-advice/news/agility-invitational-winners-2025/,Meet the Winners of the 2025 AKC Agility Invitational,"Dec 18, 2025","['AKC National Championship', 'cavalier king charles spaniel', 'shetland sheepdog', 'AKC Agility Invitational']",Melanie Haid,"The 20th annual AKC Agility Invitational saw some of the most agile dogs in the country. The competition took place at the Orange County Convention Center in Orlando, Florida on December 13 and 14 as part of the 25th annual AKC National Championship week, presented by Royal Canin

Agility winners were crowned in different height divisions: 8 inch, 12 inch, 16 inch, 20 inch, and 24 inch. A total of 718 dogs raced around predetermined obstacle courses and work with their handler to navigate the course the fastest without fault. The dogs with the fastest, cleanest runs, were the winners in their height divisions.

","{'8-Inch Regular/Preferred Division Winners': 'The 8-inch division in the lowest height division in agility. This year, 11-year-old Cavalier King Charles Spaniel “Dot” and handler Antonia Rotelle took home first place. Dot, AGCH MACH32 PACH5 Kayangee Dorothy Parker MXB9 PDS MJG10 PJS MXP15 MXPS2 MJP19 MJPG2 PAX5 MFG TQX T2B6 CGC, and Rotelle of Dover, PA, scored a total of 100 points with a time of 37.163 seconds.\n\nAKC is a participant in affiliate advertising programs designed to provide a means for sites to earn advertising fees by advertising and linking to akc.org. If you purchase a product through this article, we may receive a portion of the sale.\n\nThis is Dot’s third time winning the 8-inch division. “It feels amazing to win. She’s almost 12 years old,” Rotelle says. “As long as she wants to run, she will run.”\n\nIn second place in the 8-inch division was nine-year-old Chihuahua\xa0 “Zoot” handled by Brenda Landis. Landis and Zoot, MACH3 PACH3 Rossmoyne’s Little Red Zoot RN MXC MJB2 PJD MXP10 MXPC MJP10 MJPC PAX3 MFS TQX T2B3 TKN, are from Lewisberry, PA. The team scored 100 points and ran a time of 38.189 seconds.\n\n“Epi” (MACH6 Epi’s Rapid Response MXS2 PDS MJS2 PJS MFS TQX T2B5 SWE) the six-year-old Miniature American Shepherd and handler Terri Wyman took home third in the 8-inch division. The Dayton, OH team scored a total of 100 points, and ran the course in 38.765 seconds.\n\nWest Highland White Terrier “Mellow” and Susan Chapman came in fourth place. Six-year-old Mellow, GCH CH AGCH MACH5 Celestial Blue Peace And Harmony BN RA MXG2 PDS MJG2 PJG MFC TQX T2B7 MXE SXE2 EE FCAT2 SWN SCE SIA SBA CGC TKI, and Chapman are from Oak Lawn, Illinois. The team ran a clean run in the 8-inch division with a score of 100 and a time of 39.279 seconds.\n\n', '12-Inch Regular/Preferred Division Winners': 'Coming in first place in the 12-inch division was three-year-old Shetland Sheepdog “SuperStar” and Abigail Beasley. Superstar, MACH Apex Dream Impossible Things MXS MJS and Beasley are from Centerburg, OH. The team scored a total of 100 points and ran a time of 29.736 seconds.\n\nAKC is a participant in affiliate advertising programs designed to provide a means for sites to earn advertising fees by advertising and linking to akc.org. If you purchase a product through this article, we may receive a portion of the sale.\n\n“I never thought I would come to this event – it’s so hard to qualify for it. But this year, I decided to try,” Beasley says. SuperStar is fairly new to the sport, but Beasley has been competing since she was eight years old. “[SuperStar]’s incredible and we made it, and to make it to the finals is just the icing on top. But to win? It’s just a dream come true.”\n\nMiniature American Shepherd “Rose” and Jeri Frye came in second place in the 12-inch division. Four-year-old Rose (MACH3 Crimson’s Run for the Roses RI MXC MJC XF BCAT TKN) and Frye are from Warrenton, MO. The team ran a clean run with a score of 100 and a time of 33.378 seconds.\n\nIn third place in the 12-inch division was seven-year-old Poodle “Benni” and Sandra Mainardi. Benni (CH MACH5 Logos Benecio Joie De Vivre CDX BN MXB2 MJS2 NF BCAT CGC TKA) and Mainardi are from Lincoln Park, NJ. They ran a clean run with a score of 100 and a time of 34.473 seconds.\n\nCavalier King Charles Spaniel “Dutch” and Antonia Rotelle came in fourth place in the 12-inch division. Five-year-old Dutch (AGCH MACH13 Daisylane American Pie MXG4 PDS MJC4 PJS MFG TQX T2B5 BCAT) and Rotelle are from Dover, PA. The team ran a clean run with a score of 100 and a time of 35.361. Rotelle also took home first place in the 8-inch division.\n\nAKC is a participant in affiliate advertising programs designed to provide a means for sites to earn advertising fees by advertising and linking to akc.org. If you purchase a product through this article, we may receive a portion of the sale.\n\n', '16-Inch Regular/Preferred Division Winners': 'The dog and handler team that came in first place in the 16-Inch division at the 2025 AKC Agility Invitational was Pumi “Xuby” AGCH MACH7 Abiqua Pompas MXS3 PDS MJB3 PJS MFC TQX T2B8 ACT2 TKN, and handler Kathie Ogden. The San Marcos, CA team ran a clean run with a score of 100 and a time of 34.794 seconds.\n\nThe team competed last year, coming in fourth place in the 16-inch division. Xuby has been doing agility with Ogden for seven years. “I’ve been doing it for 15 years,” Ogden says. “I’ve made it to finals, but I’ve never won first. The people are wonderful, and it’s awesome to be in this community.”\n\nAKC is a participant in affiliate advertising programs designed to provide a means for sites to earn advertising fees by advertising and linking to akc.org. If you purchase a product through this article, we may receive a portion of the sale.\n\nIn second place in the 16-inch division was English Springer Spaniel “Fern” and handler Jenny Kroll. Fern (AGCH MACH18 Merfey’s Meadow of Ferns CD RA MXS5 PDS MJS5 PJS MFG TQX T2B5 BCAT RATO CGC) is eight years old. The Lawrenceburg, IN team ran a clean run with a score of 100 and a time of 37.861 seconds.\n\nManchester Terrier “Kipsey” and Inez Pennington came in third place in the 16-inch division. Kipsey (MACH4 Mosaic’s Whirlaway CD BN RI MXC MJC MXF T2B BCAT CGC TKA) is eight years old. The Lees Summit, MO team ran a clean run with a score of 100 and a time of 38.114 seconds.\n\nSix-year-old Brittany “Cadi” (CD BN RI MXC MJC MXF T2B BCAT CGC TKA MXC2 MJS3 XF T2B2 DCAT DS) and Terry Santelli came in fourth place. The West Chicago, IL team ran a clean run with a score of 100 and a time of 38.378 seconds.\n\n', '20-Inch Regular/Preferred Division Winners': 'In first place in the 20-Inch division at the 2025 AKC Agility Invitational was Working Kelpie “Nunee” MACH Moohollow Nunee (Australia) MXB MJS PJD MXF, handled by Diane Bauman. The Chuckey, TN team ran a clean run with a score of 100 and a time of 35.859 seconds.\n\nAKC is a participant in affiliate advertising programs designed to provide a means for sites to earn advertising fees by advertising and linking to akc.org. If you purchase a product through this article, we may receive a portion of the sale.\n\n“We’re quite excited and very surprised,” Bauman says. “I’ve been doing agility about 30 years. It’s a lot of fun and it really proves that your training technics are holding up under pressure.”\n\nIn second place in the 20-inch division was Australian Cattle Dog “Cady” and Helen Springut. Cady (MXC2 MJS3 XF T2B2 DCAT DS UD OM1 BN RE HT MXB3 PDS MJB3 PJS MFG TQX T2B5 BCAT SWE SCM SEM SBM SHDM CGC) is eight years old. The North Salem, NY team ran a clean run with a score of 100 and a time of 36.547 seconds.\n\nGolden Retriever “Bounce” and Lois Williams came in third place in the 20-inch division. Bounce (AGCH2 MACH32 PACH2 Watermark’s Good Vibrations MXC8 PDC MJC9 PJC MXP5 MXPS MJP6 MJPS PAX2 MFB3 TQX T2B11) is 12 years old. The Houston, TX team ran a clean run with a score of 100 and a time of 41.337 seconds.\n\nAustralian Shepherd “Kaiden” and Christine Armbrust came in fourth place. Kaiden (AGCH2 MACH8 Mtn Mist Courageous Kaiden FDC MXG3 PDC MJS3 PJC MFG2 TQX T2B11 CGCA) is eight years old. The Galena, OH team ran scored a total of 95 points with a time of 34.277 seconds.\n\n', '24-Inch Regular/Preferred Division Winners': 'The winner of the 24-Inch division at the 2025 AKC Agility Invitational was six-year-old German Shepherd Dog “Cinder” AGCH2 PACH19 Dark Side Cinderella MXP45 MXPS5 PDBP2 MJP46 MJPS5 PJBP2 PAX19 MFPG2 TQXP T2BP12, handled by Joe Sheridan. The Overland Park, KS team ran a clean run with a score of 100 and a time of 37.771 seconds.\n\nAKC is a participant in affiliate advertising programs designed to provide a means for sites to earn advertising fees by advertising and linking to akc.org. If you purchase a product through this article, we may receive a portion of the sale.\n\nSheridan and Cinder came in third place in the 24-inch division in 2024. “This is the third time we’ve been here, and it feels good to come home a winner,” Sheridan says.\n\nIn second place in the 24-inch division was Chesapeake Bay Retriever “Leonidas” and Thomas Martin. Leonidas (GCH CH PACH8 Curly’s One For Sparta BN RN MH MXP17 MXPG2 PADP MJP18 MJPG2 PAX8 OFP T2BP BCAT DS CGC TKN) is nine years old. The Davison, MI team scored a total of 100 points with a time of 47.876 seconds.\n\nDalmatian “Mark” and Mary Moore placed third in the 24-inch division. Mark (CH PACH7 Fiacre N Proctor Marks the Nu Spot MXP20 MXPC2 MJP20 MJPC2 PAX7 SWA SCM SIE SEE) is six years old. The Vallejo, CA team ran a clean run with a score of 100 and a time of 48.769 seconds.\n\nAKC is a participant in affiliate advertising programs designed to provide a means for sites to earn advertising fees by advertising and linking to akc.org. If you purchase a product through this article, we may receive a portion of the sale.\n\nFlat-Coated Retriever “Zimmy” and Ann Decker came in fourth place. Zimmy (AGCH MACH11 Wingmaster Viking MN Miracle CDX SH MXG3 PDS MJG3 PJG MFC TQX T2B6) is eight years old. The Hampton, MN team ran a clean run with a score of 100 and a time of 48.971 seconds.\n\n', 'We use cookies': '', 'Privacy Preference Center': ''}",[]
https://www.akc.org/expert-advice/news/obedience-classic-winners-2025/,Golden Retriever ‘Squeeze’ Wins 2025 AKC Obedience Classic for Second Year,"Dec 16, 2025",['AKC Obedience Classic'],Melanie Haid,"Good dogs from all over the United States collected in Florida for the AKC National Championship, Presented by Royal Canin. Among the events of the week was the 12th annual AKC Obedience Classic, which took place Saturday and Sunday, Dec. 13 and 14, at the Orange County Convention Center.

For two action-packed days of competition, dogs and their handlers competed in Novice, Open, Utility, and Masters Obedience classes across three rounds of competition. The winners of each division are crowned in a ceremony based on the number of points earned.

","{'Masters Obedience': 'The Masters Obedience Class is the highest of the obedience levels, where handlers and their dogs participate in six classes: three Open and three Utility.\n\nThe winner of the 2025 AKC Obedience Classic in the Masters obedience class is Golden Retriever “Squeeze” OTCH4 High Times Squeeze The Day UDX3 OM5 SH, owned and handled by Sharri Sibert. The Schoolcraft, Michigan team also won the Classic in 2024. “She won last year too,” Sibert says. “She started out as a very insecure dog, so this is a big deal for her.”\xa0\n\nAKC is a participant in affiliate advertising programs designed to provide a means for sites to earn advertising fees by advertising and linking to akc.org. If you purchase a product through this article, we may receive a portion of the sale.\n\nSibert and Squeeze scored the highest total points, with a total of 1194 to take home the Masters class win.\n\nComing in second place in the Masters class is Golden Retriever “Swift” OTCH3 Surefire Up To Speed UDX2 OM3 MH, and Mara Wacker. Swift and Wacker received a score of 1192 total points.\n\nIn third place in the Masters class is Labrador Retriever “Zesty” NOC OTCH2 Maranatha’s Like A Man Possessed UDX2 OM4, owned and handled by Petra Ford. Ford and Zesty scored a total of 1191.5 points, and also won the 2025 AKC National Obedience Championship this past July in Missouri.\n\n', 'Utility Obedience Winner': 'The Utility Obedience class is for dogs that have surpassed Novice and Open exercises.\n\nThe winner of the 2025 AKC Obedience Classic in the Utility class is Golden Retriever “Solo” RACH Southfork’s Let’s Have A Party UDX OM1 BN GN GO VER RM3 RAE3 RC FDC MX AXJ XF T2B BCAT RATCH DM DS AS CGCA CGCU TKN ATT VHMA VHMP FITB FTN. The team scored a total of 580 points to take home first place in the Utility class.\n\nComing in second place in the Utility class is Border Collie “Howie” Chf This Is How Ewe Do It UD VER RE CGC TKN, owned by Pamela O’Saile. The team received a total score of 566.5 points.\n\nIn third place in the Utility class is Labrador Retriever RACH2 Downtown Beautiful Blessing UDX4 PUTD OM1 BN GO VER RM5 RAE5 OA OF and Cathleen Caballero. The team scored a total of 563.5 points.\n\nAKC is a participant in affiliate advertising programs designed to provide a means for sites to earn advertising fees by advertising and linking to akc.org. If you purchase a product through this article, we may receive a portion of the sale.\n\n', 'Open Obedience Winner': 'The Open Obedience Class is for dogs that have mastered Novice exercises to include more complicated tasks. The dog should be able to do a variety of tasks at this level, and follow commands by voice or signal.\n\nThis year’s 2025 AKC Obedience Classic Winner in the Open Class is Golden Retriever High Times Soups On UD NAP, handled by Kathy Rasinowich. The team scored a total of 597.5 points.\n\nComing in second place in the Open class is Pumi CH RACH Karizma Fizika UD OM1 BN RM2 RAE2 FDC BCAT CGC TKA FTN, handled by Samantha Miyamoto. The team scored a total of 593.5 points.\n\nIn third place in the Open class was Border Collie Poquatuck’s Comes With A Warning Label UD PCD BN GO RN HSAds TKN, handled by Rachel Flatley. The team scored a total o 592.5 points.\n\n', 'Novice Obedience Winner': 'The Novice Obedience class is for dogs that are getting started in the sport of obedience and can work on- and off-leash.\n\nThis year’s 2025 AKC Obedience Classic Winner in the Novice Class is Border Collie Rising Star’s A Split More CDX, handled by Lara Avery. The team received a total of 535 points to take home the Novice win.\n\nAKC is a participant in affiliate advertising programs designed to provide a means for sites to earn advertising fees by advertising and linking to akc.org. If you purchase a product through this article, we may receive a portion of the sale.\n\nComing in second place in the Novice class is Papillon “Kip” Spotlight Arnos Kip CDX BN, handled by Susan Nagel. Kip is owned by Nagel and Kim Babolini. The team scored a total of 534 points to secure second place.\n\nIn third place in the Novice class is Border Collie Jumpstart Just CD PCDX, owned and handled by Linda Koutsky. The team scored a total of 532.5 points.\n\n', 'Want to Get Involved in Obedience?': 'Developed in the 1930s, the sport of obedience is one of the AKC’s oldest events and a great fit for dogs of all ages. While it’s best to start training your dog early, it’s never too late to teach establish good communication skills between you and your dog! Most AKC clubs hold a variety of classes in different dog sports, often instructed by award-winning trainers who have handled dogs in the sports themselves.\n\nLearn more about getting involved in obedience.\n\n', 'We use cookies': '', 'Privacy Preference Center': ''}",[]
https://www.akc.org/expert-advice/news/rach-invitational-winners-2025/,Meet the Winners of the 2025 AKC RACH Invitational,"Dec 16, 2025","['german shorthaired pointer', 'akc rach invitational']",Melanie Haid,"The 25th annual AKC National Championship, Presented by Royal Canin, holds additional special events, including the second AKC Rally Champion (RACH) Invitational. The AKC Rally competition, held on December 11-12 at the Orange County Convention Center, crowned the top AKC Rally dog out of 132 top teams from across the country.

Over the two-day event, teams competed in three rings to determine the top 50 teams that would move on to the Semi-Finals on day two. From there, the top 20 teams were announced after competing in another three rings. These 20 teams competed in one ring to determined the 2025 AKC RACH Invitational Champion and top 10 teams.

","{'Winner of the AKC RACH Invitational': 'Taking home the title of 2025 AKC RACH Invitational Champion was German Shorthaired Pointer “Wyatt,” GCHG CH OTCH10 RACH2 Voyager’s Perfect PartnerVCD2 UDX11 PUTD OGM BN GN GO VER RM4 RAE4 MH AX NF BCAT THD CGC TKA.\n\nAKC is a participant in affiliate advertising programs designed to provide a means for sites to earn advertising fees by advertising and linking to akc.org. If you purchase a product through this article, we may receive a portion of the sale.\n\nThe GSP, handled by Belinda Venner of Saline, MI, won the competition at 10.5 years old.\n\n', 'AKC RACH Invitational Final Placings': 'Belinda Venner and her\xa0 German Shorthaired Pointer “Wyatt” (GCHG CH OTCH10 RACH2 Voyager’s Perfect PartnerVCD2 UDX11 PUTD OGM BN GN GO VER RM4 RAE4 MH AX NF BCAT THD CGC TKA) took home first place.\n\nAKC is a participant in affiliate advertising programs designed to provide a means for sites to earn advertising fees by advertising and linking to akc.org. If you purchase a product through this article, we may receive a portion of the sale.\n\nTopeka, Kansas team Daniela Flores and Nova Scotia Duck Tolling Retriever “Dizzy” took home second place. Dizzy, CH MACH2 RACH2 Dochara Spun A Royal FlowerUD OM1 RM4 RAE4 MXS MJS MXF T2B DCAT CGC TKI, and Flores won the 2024 AKC RACH Invitational.\n\nAKC is a participant in affiliate advertising programs designed to provide a means for sites to earn advertising fees by advertising and linking to akc.org. If you purchase a product through this article, we may receive a portion of the sale.\n\nBeth Mangus Roberts and “Arrow” the Shetland Sheepdog placed third overall. Arrow, RACH2 Aberdale’s Straight Thru My HeartCD PCD RM5 RAE4 RC3 FDC CGCA CGCU TKI, and Roberts are from Kernersville, NC.\n\nVizsla “Sequoia” came in fourth place. Sequoia (RACH2 Nosam’s Aspen Fall ForestVCD1 CDX PCDX BN GN RM5 RAE5 RC JH FCAT DN CGCA CGCU TKN ATT FITG FTA), is handled by Chris McKelvey of Aspen, CO.\n\nAKC is a participant in affiliate advertising programs designed to provide a means for sites to earn advertising fees by advertising and linking to akc.org. If you purchase a product through this article, we may receive a portion of the sale.\n\nKim Berkley and English Springer Spaniel, “Dolly,” came in fifth place. Berkley and Dolly, CH OTCH3 RACH Polesitter Here You Come AgainUDX8 OGM RM3 RAE4 DS, are from Caseyville, IL.\n\nAKC is a participant in affiliate advertising programs designed to provide a means for sites to earn advertising fees by advertising and linking to akc.org. If you purchase a product through this article, we may receive a portion of the sale.\n\nIsaiah Scepanski and “Buck” the Pembroke Welsh Corgi came in sixth place. Buck, CH RACH Sandfox I’M Gonna Be A Big StarCDX PCD BN GN RM3 RAE2 RC FDC CA FCAT2 SWA SINE SCE SIE CGCA CGCU TKA BN-V VHMA VHMP FITB FTN, and Scepanski are from Sussex, WI.\n\nAKC is a participant in affiliate advertising programs designed to provide a means for sites to earn advertising fees by advertising and linking to akc.org. If you purchase a product through this article, we may receive a portion of the sale.\n\nJen Klang and Miniature American Shepherd “Bam” won seventh place. Bam, PACH RACH Harvest Wind Boom Goes The DynamiteCDX BN RM2 RAE2 FDC MXP4 MXPB MJP3 MJPB PAX XFP T2BP2 CA FCAT SCA SIN SEN CGCA CGCU TKE ATT FITB FTN, and Klang are from Kalamazoo, MI.\n\nAKC is a participant in affiliate advertising programs designed to provide a means for sites to earn advertising fees by advertising and linking to akc.org. If you purchase a product through this article, we may receive a portion of the sale.\n\nCardigan Welsh Corgi “Rev” and Kerry Tesch came in eighth place. Rev, PACH RACH2 Aramoras Rev It UpCD BN RM5 RAE4 MXP4 MXPB MJP5 MJPS PAX, and Tesch are from Green Bay, WI.\n\nAKC is a participant in affiliate advertising programs designed to provide a means for sites to earn advertising fees by advertising and linking to akc.org. If you purchase a product through this article, we may receive a portion of the sale.\n\nBorder Collie “Vinny” came in ninth place. Vinny, GCH CH RACH3 Bb’s It’s Not Personal It’s Strictly BusinessCDX PCDX BN GO RM8 RAE7 RC HSAd MX MXJ MXF BCAT SWA SCNE SENE SBNE SHDNE SCM SHDA CGCA CGCU TKP ATT FITG, is handled by Connie Brown of Brynes Mill, MO.\n\nAKC is a participant in affiliate advertising programs designed to provide a means for sites to earn advertising fees by advertising and linking to akc.org. If you purchase a product through this article, we may receive a portion of the sale.\n\nRounding out the top 10 was Golden Retriever “Redford.” Redford, RACH3 Remarkable RedfordCD PCD BN RM7 RAE8 SCN SIN SEN DN CGC TKA FITB FTN, is handled by Rebecca Ruby of Lexington, KY.\n\nAKC is a participant in affiliate advertising programs designed to provide a means for sites to earn advertising fees by advertising and linking to akc.org. If you purchase a product through this article, we may receive a portion of the sale.\n\n', 'Get Involved in AKC Rally': 'Looking to get involved in a team-driven dog sport that anyone can do? If the AKC RACH Invitational has inspired you to try the sport with you dog, there’s no better time to get started. Started in 2005 AKC Rally is a fun family sport that all dogs, purebred or mixed-breed, can compete in.\n\nIt’s a great place for people and dogs who are new to dog sports to start, and will help strengthen your bond as a team while challenging you and your dog. You and your dog navigate a course of 10-20 different signs which give instructions for a skill that is to be performed. Check out an AKC Rally course near you to get started!\n\n', 'We use cookies': '', 'Privacy Preference Center': ''}",[]
https://www.akc.org/expert-advice/news/akc-royal-canin-puppy-junior-stakes-winner-2025/,Meet the Winner of the 2025 AKC/Royal Canin National All-Breed Puppy & Junior Stakes,"Dec 18, 2025","['puppy stakes', 'border terrier', 'junior stakes']",Melanie Haid,"Ever wonder how dogs look so natural in the conformation ring? Some get an early start, competing in Puppy and Junior conformation events, like the annual AKC/Royal Canin National All-Breed Puppy & Junior Stakes, held on December 12 in Orlando, FL. This event is part of the larger AKC National Championship week, presented by Royal Canin.

At the end of the breed and group competitions, one puppy is crowned Best in Stakes. These conformation shows specifically showcase puppies (dogs aged 6-12 months) and juniors (dogs 12-18 months), displaying breeding programs and future purebred conformation stars. There were 1,602 dogs starting out in their breed rings to crown Best of Breed. The dog crowned Best of Breed then moves on to Groups, where the winner of each breed competes to be crowned the group winner. Groups include the Herding Group, Hound Group, Non-Sporting Group, Sporting Group, Terrier Group, Toy Group, and Working Groups.

One each of the seven group winners are decided, those winners will move on to the final round of judging to determine that year’s Best in Stakes.

","{'Best in Stakes Winner': 'The Puppy of the Year and Best in Stakes Winner at the AKC/Royal Canin Puppy & Junior Stakes was Border Terrier “Brighty” CH Meadowlake No More Cloudy Days handled by Karen Fitzpatrick from Kankakee, Illinois. Brighty is owned and bred Fitzpatrick and crowned “Puppy of the Year” by judges Mrs. Rosalind Kramer, Mr. Thomas Coen, and Ms. Pluis Davern after a day of competition.\n\nAKC is a participant in affiliate advertising programs designed to provide a means for sites to earn advertising fees by advertising and linking to akc.org. If you purchase a product through this article, we may receive a portion of the sale.\n\n', 'Group Winners': 'The Herding Group was won by Miniature American Shepherd “Pharrell” GCHS CH Timeless Go Be Happy, owned by Krista Keel, Karen Keller-Ross, and Shaye Denman. Pharrell, of Bernice LA, was bred by Karen Keller-Ross.\n\nBloodhound “Dunkin” Flessner’s Been There Brewed That, owned by J. Chisopoulos, M. Michalis, C. Flessner, and H. Buehner, won the Hound Group. Dunkin of Macomb, MI, was bred by Kathleen Drennan, Heather Buehner, Chris Flessner, and Jessica Edwards-Chrisopoulos.\n\n\xa0\n\nThe Non-Sporting Group was won by Miniature Poodle “Farrah” Canterbury’s Farrah Of Crystalline, who is owned by Jennifer Rodgers, Adam Loiselle, and Kevin Smyth. Farrah, of Orleans, ON, was bred by Kevin Smyth and Jason Rodger.\n\n\xa0\n\nAKC is a participant in affiliate advertising programs designed to provide a means for sites to earn advertising fees by advertising and linking to akc.org. If you purchase a product through this article, we may receive a portion of the sale.\n\nBarbet “Epee” CH Ginkgo Epee Olympic Gold BCAT, owned by Stacy Able, Caleb Krieg, and Bekah Kreig won the Sporting Group. Epee, of Indianapolis, IN, was bred by Stacey Able and Denise Katz.\n\nThe Terrier Group was won by Border Terrier “Brighty” CH Meadowlake No More Cloudy Days. Brighty is owned and bred by Karen Fitzpatrick of Kankakee, IL.\n\nAKC is a participant in affiliate advertising programs designed to provide a means for sites to earn advertising fees by advertising and linking to akc.org. If you purchase a product through this article, we may receive a portion of the sale.\n\nThe Toy Group winner was Havanese “Miles” Zona Rosa’s It Never Entered My Mind, owned by Maria Elena Pereira, Suzanne Peck, and David Stout. Miles, of North Port, FL, was bred by Maria Elena Pereira, David Stout, and Suzanne Peck.\n\nThe winner of the Working Group was Portuguese Water Dog “Phantom” CH Salt Heirs Monster In My Closet, owned by Lynn Green of Sudbury, MA. Phantom was bred by Victoria Gifford and Lynn Green.\n\nIf you missed the livestream of the AKC/Royal Canin National All-Breed Puppy & Junior Stakes, you can catch all of the action on AKC.tv.\n\n', 'We use cookies': '', 'Privacy Preference Center': ''}",[]
https://www.akc.org/expert-advice/news/agility-invitational-silky-terrier-dash/,‘Dash’ Balances Lifesaving Work and Agility Dreams at the AKC Agility Invitational,"Dec 13, 2025","['silky terrier', 'AKC Agility Invitational']",Tracey Ford,"When Peyton Paterson first brought home “Dash,” a 10-pound Silky Terrier, her family didn’t know much about the breed. They thought they were adding a small companion dog to a household full of Doberman Pinschers.

They didn’t know that the little terrier would grow into both a lifesaving cardiac alert dog for Peyton, who lives with a rare, terminal mitochondrial disease, and a MACH-titled agility dog heading to the 20th AKC Agility Invitational at the Orange County Convention Center in Orlando, Florida, on December 13 and 14.

This year, 10-year-old Dash will step to the line among hundreds of the country’s top canine athletes. For Peyton and her mom, handler Susan Paterson of Plainfield, Illinois, every run in Orlando is about far more than times and placements. It represents years of teamwork, resilience, and a small dog who refuses to be defined by his size.

","{'From Companion Dog to Cardiac Alert Partner': 'Dash came into the Paterson home as “just” a companion. Peyton, who had already faced heart issues and surgeries as a teenager, lived with unexplained symptoms for years before finally being diagnosed with a complex form of mitochondrial disease. This rare genetic condition deprives the body of energy needed for vital organ function.\n\nAKC is a participant in affiliate advertising programs designed to provide a means for sites to earn advertising fees by advertising and linking to akc.org. If you purchase a product through this article, we may receive a portion of the sale.\n\nIn those early days, no one set out to train Dash as a medical alert dog. He figured it out himself. At first, Susan noticed that Dash would suddenly get up and go to Peyton, tapping her with his paw. Sometimes she was sitting, sometimes lying down, sometimes asleep. Over time, a pattern emerged: every time he tapped, it was to alert them that Peyton’s heart rate had dropped dangerously low.\n\n“I would love to take credit for training that,” Susan says, “but I can’t. He just understood something was wrong and started telling us.” Once they realized what he was doing, the family began rewarding the behavior, and Dash’s natural instinct turned into a reliable cardiac alert.\n\nPeyton wears a watch that alarms when her heart rate dips, but she can sometimes sleep through it. Dash doesn’t. If she doesn’t respond, he’ll find an adult or caregiver, paw at them, and lead them back to her. In Susan’s words, Dash has “saved her life many times.”\n\nHis duties don’t stop there. When Peyton has a seizure, Dash lies across her. When she’s especially unwell and takes long showers to manage pain, he leans his front paws on the tub and rests his chin on the edge, watching her until she is safely out. At night, he often lies awake on her bed, quietly watching her sleep.\n\nAKC is a participant in affiliate advertising programs designed to provide a means for sites to earn advertising fees by advertising and linking to akc.org. If you purchase a product through this article, we may receive a portion of the sale.\n\n“These are behaviors that are hard to teach,” Susan says. “He feels it. He knows her in a way that no one else does.”\n\n', 'Adding Agility to Dash’s Resume': ""Before Dash, Susan was already deeply involved in dog sports, competing with her Dobermans. At home, she built a small training space in the basement with jumps and weave poles. Each dog took turns working with her, lining up by the basement door.\n\nAKC is a participant in affiliate advertising programs designed to provide a means for sites to earn advertising fees by advertising and linking to akc.org. If you purchase a product through this article, we may receive a portion of the sale.\n\nDash noticed.\n\n“He would sit there with the big dogs, waiting his turn,” Susan recalls. “Peyton finally said, ‘Why aren’t you including him? He should get a chance, too.'”\n\nAt first, Dash just joined the fun, so he wouldn’t be left out. But once Susan started working him over jumps and through the weaves, it became clear that he had real aptitude. He’s small, but sturdy and athletic — what Susan calls “a very hearty little dog.”\n\nHe also picked up some quirks, including one that still makes Susan laugh: “Dash can only weave with me on one side. I worked that same side for years in the basement. Now he’s 10, and my trainer says, ‘Don’t try to fix it now.'”\n\n“The first few months in AKC, I thought, ‘I don’t know if this is going to work,'” she says. “He didn’t look unhappy, but I wasn’t sure he loved it.”\n\nThen, week after week, weekend after weekend, something shifted.\n\n"", 'Finding Their Stride in the Ring': ""About six months into their AKC trialing schedule, Dash and Susan started to feel like a team. She would review trial photos and see Dash flying over jumps with what she calls a “smiling face.” His runs might not be the fastest in the ring, but they were joyful and steady.\n\nAKC is a participant in affiliate advertising programs designed to provide a means for sites to earn advertising fees by advertising and linking to akc.org. If you purchase a product through this article, we may receive a portion of the sale.\n\n“I started to realize that he absolutely loved it,” Susan says. “He may not look like the fastest dog out there, but he gives me everything he has.”\n\nThat reliability shows on the scoresheet. Dash is not a blisteringly fast dog, but he’s very consistent. He has earned plenty of double Qs, even if piling up points has taken longer. Earlier this year, he celebrated a major milestone by earning his first MACH title, and he’s already more than halfway to his second.\n\nFor Susan, those achievements belong to both of them — but she never forgets that she is borrowing Peyton’s dog.\n\n“I told her, ‘If he makes Invitationals, I’ll retire him from most of his extra activities, and he can just be with you,'” Susan says. “She wants him with her when she’s really sick, and that always comes first.”\n\nTheir goal for Orlando this year is simple: Dash and Susan aren’t chasing a podium so much as they’re chasing an experience.\n\nAKC is a participant in affiliate advertising programs designed to provide a means for sites to earn advertising fees by advertising and linking to akc.org. If you purchase a product through this article, we may receive a portion of the sale.\n\n“We’re realistic,” she says. “He’s 10 years old. We’re going because he earned the right to be there, and because it means so much to Peyton.”\n\n"", 'Two Roles, Two Bonds': 'Dash has two jobs and, in many ways, two different lives. With Peyton, he is a full-time service dog and constant companion. He walks off-leash for her in perfect heel position. He focuses on her, waits for direction, and rarely leaves her side unless she tells him it’s alright.\n\nWhen he’s with Susan downstairs, life looks a little different. Peyton jokingly calls it “Gen Pop” — general population — because Dash has to be just “one of the dogs” when he’s with the rest of the pack.\n\n\xa0\n\n“With me, he’s still very responsive and very well-trained,” Susan says, “but he’s more of a regular dog. He’ll jump up and nip at my fingers when he’s excited. If I took him off-leash, he’d probably wander a bit. He wouldn’t dare do that with her.”\n\nAKC is a participant in affiliate advertising programs designed to provide a means for sites to earn advertising fees by advertising and linking to akc.org. If you purchase a product through this article, we may receive a portion of the sale.\n\nThe moment they return home from a trial, Dash sprints upstairs to check on Peyton. If he has been away overnight, he races back into her room as soon as he can, as if to make sure she’s alright.\n\n\xa0\n\n“He loves both of us,” Susan says, “but it’s in different ways. With me, he’s my teammate in the ring. With her, he’s her lifeline.”\n\n', 'A Bucket List Trip to Orlando': 'For Peyton, a trip to California to watch the AKC National Agility Championship has long been on her bucket list. When Dash started earning more titles, she added another goal: seeing him qualify for the AKC Agility Invitationals.\n\nBecause her health can change quickly, planning for major events is complicated. Peyton lives with complex IV mitochondrial disease, which can affect multiple organs and cause severe pain, lactic acid buildup, seizures, and fatigue. Some weeks, she can walk short distances and appear outwardly “fine.” Other weeks, simply getting out of bed is a struggle.\n\nThat uncertainty made Orlando a big question mark. Susan waited as long as she reasonably could before finalizing plans, wanting to be sure Peyton would be stable enough to travel. Right now, they’re cautiously optimistic.\n\nFor both of them, walking into the Orange County Convention Center with Dash, even just for one run, will feel like a culmination of years of effort, sacrifice, and the small moments that never make it to a results sheet.\n\nAKC is a participant in affiliate advertising programs designed to provide a means for sites to earn advertising fees by advertising and linking to akc.org. If you purchase a product through this article, we may receive a portion of the sale.\n\nAs Dash and Susan head to Orlando for their first AKC Agility Invitational, they carry with them Peyton’s bucket list and a powerful reminder that teamwork can take many forms. In the ring, Dash is steady and reliable. At home, he is vigilant and devoted.\n\nIn both places, he’s earned every bit of the spotlight coming his way.\n\n', 'We use cookies': '', 'Privacy Preference Center': ''}",[]
https://www.akc.org/expert-advice/news/obedience-classic-portuguese-podengo-pequeno/,‘Spike’ is the Only Portuguese Podengo Pequeno at the 2025 AKC Obedience Classic,"Dec 11, 2025","['AKC Obedience Classic', 'Portuguese Podengo Pequeno']",Lindsey Dobruck,"When Kathleen Walker steps into the obedience ring with her dogs, she feels like time stops.

“It’s just me and my dog,” she says. “I don’t care about the audience. I hear the judge for the commands, but that’s all. Time stops, and it’s just me and my dog enjoying our time.”

For “Spike,” her 5-year-old Portuguese Podengo Pequeno, the feeling appears to be mutual. As he prances through the heel pattern, Spike gazes adoringly at Walker, wagging his tail like the pendulum of a metronome.

Spike (CH Happy Hobbits House Party CD BN TKN) is heading to Orlando, Florida, on December 13 and 14 as the only Pequeno to compete in the 12th AKC Obedience Classic, sponsored by Eukanuba and held in conjunction with the 2025 AKC National Championship, presented by Royal Canin.

AKC is a participant in affiliate advertising programs designed to provide a means for sites to earn advertising fees by advertising and linking to akc.org. If you purchase a product through this article, we may receive a portion of the sale.

Walker, of Bushnell, Florida, is an accomplished dog trainer and AKC obedience judge. While she’s competed in every AKC Obedience Classic since 2014, Spike is new to the game. Equal parts charm and mischief, the scruffy little hound is one of only three Pequenos to earn a Companion Dog title.

While Walker will compete at the highest levels with her other dogs at the event, she’s running Spike in Novice for a chance to showcase her unique breed and celebrate their bond through the sport she loves most.

","{'Finding Her Pint-Sized Partner': ""In addition to competition obedience, Walker does therapy work with her Border Collies at hospitals, behavioral health centers, and hospice care facilities. The Border Collies are too large to sit on a bed with a patient and too short to be pet on the ground, so she trained her dogs to jump up on a chair to interact with patients.\n\nAKC is a participant in affiliate advertising programs designed to provide a means for sites to earn advertising fees by advertising and linking to akc.org. If you purchase a product through this article, we may receive a portion of the sale.\n\n“I always said my next therapy dog would either be super tall, like an Irish Wolfhound, or something little. But I hadn’t decided what ‘little,'” Walker says.\n\nWalker was in a hotel elevator for a dog show when the doors opened to reveal the “most adorable, little fluffy puppy,” she says. The breeder told her it was a wirehaired Portuguese Podengo Pequeno.\n\nWalker imagined how pediatric patients would enjoy seeing that sandy, scruffy face, and began researching the breed to determine if it was a good fit for therapy work. Five years later, in 2020, she brought home Spike, a son of that first Pequeno she met at the dog show.\n\n"", 'Life With Spike, the Little Rascal': 'The Portuguese Podengo Pequeno is a lively, intelligent hound bred to hunt rabbits in their native Portugal. Among the smallest in the Hound Group, the Pequeno stands between 8 and 12 inches tall and weighs up to 13 pounds. Their buff-colored coat comes in two varieties (smooth and rough, like Spike).\n\nAKC is a participant in affiliate advertising programs designed to provide a means for sites to earn advertising fees by advertising and linking to akc.org. If you purchase a product through this article, we may receive a portion of the sale.\n\n“Most people think Spike is a terrier mix,” Walker says. “When I tell them his breed — and that he is a hound, not a terrier — they can’t believe it.”\n\nSpike’s a bit of a clown, Walker says — sweet with children, very bright, and a little mischievous. He loves to lie upside down on his back (a quirky trait of the breed, she says), but will have intense, 10-minute bursts of energy before crashing for a nap.\n\n“He needs a ton of exercise,” Walker says. “Thank God he’s little, because sometimes the zoomies in the house are just unbelievable!”\n\nSpike’s rabbit-hunting instincts are often on full display, with Walker’s very tolerant 8-year-old Border Collie standing in as quarry. “He gets down and stalks, where his front is down, his butt’s up a little bit, just waiting,” she says. He watches for his “rabbit” — the Border Collie — to jump out, then he rushes to bite her hocks. “She just runs, and he’s attached to her, and she does nothing to him.”\n\n', 'The Accidental Obedience Dog': 'When Walker first got Spike, she never imagined that he’d compete in obedience.\n\nAKC is a participant in affiliate advertising programs designed to provide a means for sites to earn advertising fees by advertising and linking to akc.org. If you purchase a product through this article, we may receive a portion of the sale.\n\n“It was totally unexpected,” Walker says. She promised Spike’s breeder she’d finish his AKC Championship, but beyond that, therapy work was her only focus.\n\nWalker has nearly five decades of experience in dog training — as a competitor, a judge, an instructor, and in rescue work — so naturally, every dog in her care receives foundational obedience training. Spike learned the basics for therapy work and passed the certification test to begin visits.\n\nThen, during the benched portion of the National Dog Show, a spectator bent down to pet Spike, and her purse swung forward and hit him in the face. The sturdy little dog handled it well at the moment, but he developed an understandable skepticism of bags, lanyards, or anything dangling from a person.\n\nWalker took a step back to help him overcome this apprehension, and shifted her focus to tightening up some of his obedience skills — just for fun.\n\n“I always played around with teaching him heeling and that, because that’s just what I end up doing,” Walker says. “And he enjoys it! He actually prances when he heels, with his head up.”\n\nSpike earned his Beginner Novice title, and Walker continued to advance his training. When she introduced off-lead heelwork, Spike didn’t seem to notice a difference. “I’ll let him do some spins and touches and things like that as we’re heeling, and he just stays engaged. He really enjoys it,” Walker says.\n\nAKC is a participant in affiliate advertising programs designed to provide a means for sites to earn advertising fees by advertising and linking to akc.org. If you purchase a product through this article, we may receive a portion of the sale.\n\n', 'A Slow Game of Precision': 'In a world that craves instant gratification, Walker appreciates that obedience takes time. It can take years before a team is ready to trial, as they learn the precise moves and build a strong, solid relationship. “I love the technical part of it,” she says, “and then watching the dogs’ brains working while they’re in the ring. That’s the fun part of the judging, too.”\n\nWalker loves a tournament, and Spike, with his experience in conformation, is unfazed by the commotion of large events. Walker is excited to showcase her rare breed on a broad stage. But more than anything, she looks forward to that special, almost magical moment of being in the ring with her cheerful little dog.\n\n“I can do really well, or I can come in last place — This is my time for just me and this dog,” Walker says. “And at that moment, I don’t have to worry about anything else in the world.”\n\n', 'We use cookies': '', 'Privacy Preference Center': ''}",[]
https://www.akc.org/expert-advice/news/akc-obedience-classic-treeing-walker-coonhound-gabby/,Retired Police Officer Takes TWC ‘Gabby’ to the 2025 AKC Obedience Classic,"Dec 11, 2025","['AKC Obedience Classic', 'treeing walker coonhound']",Nandini Maharaj,"Cathy Kennedy wouldn’t trade “Gabby,” a 6-year-old Treeing Walker Coonhound (Treeing Walker), for anything in the world. But she has gotten offers while they’re out shopping or checking into a pet-friendly hotel. “I’ll take your dog if you take my teenagers,” is something Gabby’s owners, Kennedy and her wife, Mary Menard, of Tallahassee, Florida, are used to hearing when they travel with Gabby (“Gabby” Gabriella of Rustlewood Farm CD BN RE CGC) and her littermate, “Teagan.”

In fact, the couple first got into obedience training because they wanted to travel with their dogs. Kennedy, a retired police officer, and Menard, a retired registered nurse, hadn’t planned on entering competitions. They just wanted well-behaved travel companions. Since then, Gabby and Kennedy have taken their skills to the ring, competing in obedience, AKC Rally, and Barn Hunt.

AKC is a participant in affiliate advertising programs designed to provide a means for sites to earn advertising fees by advertising and linking to akc.org. If you purchase a product through this article, we may receive a portion of the sale.

Now, they’re set to compete at the 12th AKC Obedience Classic on December 13 and 14, as part of the AKC National Championship week, presented by Royal Canin. Aside from being the only Treeing Walker Coonhound among more than 250 competitors, Gabby is sure to deliver a memorable performance with her impressive stride and lovable personality.

","{'From Last Pick of the Litter to Furry Soulmate': 'Before welcoming Gabby into the family, they had a Treeing Walker named Tucker. “He died at the old age of 15, and we had one dog left that was a rescue and also 15, his name was Levi,” Kennedy says.\n\nAfter Kennedy retired in 2019, the couple thought it was time for a puppy. They initially planned to get a Labrador Retriever, but changed their minds when they saw an advertisement for a Treeing Walker puppy. They contacted the breeder and arranged to meet Gabby, who was the last puppy in the litter. “When I went to meet her, she ran under some shelving,” she says. “So, I sat down, and as soon as I called her, she came over to me and sat in my lap.”\n\nAKC is a participant in affiliate advertising programs designed to provide a means for sites to earn advertising fees by advertising and linking to akc.org. If you purchase a product through this article, we may receive a portion of the sale.\n\nAt 14 weeks, Gabby was ready to come home. Since they didn’t want to spring a puppy on Levi, they decided to check into a dog-friendly resort. “It was probably the best socialization she could get because there were kids and people in the lobby, and they all wanted to see the puppy,” she says.\n\nWhen they arrived home, their concerns quickly faded. “Levi loved Gabby from the moment he saw her,” she says. “But we realized that we needed to get Gabby a growing-up friend because Levi was not going to be around for long.” That’s when they learned that Gabby’s littermate, Teagan, needed a new home after being in an unsafe environment. They called the breeder and offered to take Teagan. “We took Gabby with us, and she got to see her mom and Teagan, and remembered everybody,” she says.\n\nThese sisters have their own unique personalities. Gabby is an old soul, and Teagan is an athlete. “If one of us is sick, Gabby will lie in bed with us all day, and Teagan will come in and do a run-through like, okay, you’re not dead yet,” she says. “Gabby is my next furry soulmate, and when Tucker died, the powers that be led me to Gabby and Teagan.”\n\nAKC is a participant in affiliate advertising programs designed to provide a means for sites to earn advertising fees by advertising and linking to akc.org. If you purchase a product through this article, we may receive a portion of the sale.\n\n', 'It Takes a Village to Train a Treeing Walker Coonhound': 'Kennedy and Menard began by teaching Gabby and Teagan to sit and stay. Soon, they realized that teaching obedience skills to a Treeing Walker puppy wasn’t going to be the same as training Labrador puppies, which are keen to please their owners. So, they turned to one of their best friends, Kelly Norred, who owns “Lundi,” the Beauceron.\n\nNorred suggested joining the Tallahassee Dog Obedience Club and coming out to the park on Sunday mornings to train. “We would watch while they were training,” Kennedy says. Then Norred and the other trainers would turn their attention to helping them work with Gabby and Teagan.\n\nEven now, Kennedy and Menard still train with them every day. For instance, they might work on a Rally sign or an obedience command. If they’re getting ready for a competition, other dog club members are sure to get involved, whether that means setting up rings at their home or practicing their skills in a round-robin tournament.\n\nAKC is a participant in affiliate advertising programs designed to provide a means for sites to earn advertising fees by advertising and linking to akc.org. If you purchase a product through this article, we may receive a portion of the sale.\n\n“We are so fortunate to have magnificent trainers who have trained a lot of dogs,” she says. “They help fine-tune what we’re doing, and train us as handlers even more so than the dogs.” She adds that, in dog sports, training the handler and polishing what they do with their dog are what help them win competitions.\n\n', 'Using a Softer Approach With Gabby': 'Treeing Walkers closely bond with their owners. But they’re also very smart and independent, which can make them challenging to train. Kennedy, who had been accustomed to teaching defensive tactics to other police officers, realized she needed to adjust her training methods for Gabby.\n\nAKC is a participant in affiliate advertising programs designed to provide a means for sites to earn advertising fees by advertising and linking to akc.org. If you purchase a product through this article, we may receive a portion of the sale.\n\n“I’m used to wanting to drill something repeatedly, and you can’t do that with these dogs,” she explains. “I cannot really raise my voice or get stern with Gabby in the ring or when we’re training because she will shut down.” To keep her engaged, Kennedy has to make training seem like a game.\n\nThat said, her police officer skills do come in handy. For instance, one of the Rally signs requires the dog to back up three steps. “I would get Gabby next to a wall and put my hand down and try to back her up,” she says. “Even with the linear wall, I was still having problems.”\n\nAKC is a participant in affiliate advertising programs designed to provide a means for sites to earn advertising fees by advertising and linking to akc.org. If you purchase a product through this article, we may receive a portion of the sale.\n\nThen, one of the trainers suggested that Kennedy change her body language, something she’s very familiar with in police work. “So, I started accentuating my shoulder turn, pushing her back, and that seemed to work,” she says. “That’s what Gabby needed, and she will do it 8 times out of 10.”\n\n', 'A Nose as Strong as Her Opinions': 'Sometimes, Gabby struggles because she thinks she can anticipate the next sign in Rally. “I have to be careful because Gabby will start making up her own stuff,” Kennedy says. As for obedience, their biggest challenge is when Gabby tries to get vocal during a trial. “It’s like, you can’t talk to me, and I can’t talk to you,” she says. “Gabby has an opinion about everything, and she’s not afraid to tell you her opinion.”\n\nNot surprisingly, as hounds, Gabby and Teagan are naturals at Barn Hunt, having competed in the sport since they were a year and a half old. More recently, Kennedy has put their hunting skills to the test by participating in North American Sport Dog Association (NASDA) scent games and AKC Scent Work. Their next goal is to compete in Scent Work.\n\nAKC is a participant in affiliate advertising programs designed to provide a means for sites to earn advertising fees by advertising and linking to akc.org. If you purchase a product through this article, we may receive a portion of the sale.\n\nGabby seems most upbeat during AKC Rally and Scent Work. When they’re training, she’ll give a tell on the rat. But when Gabby is competing in Barn Hunt, she tends to do “drive-bys,” meaning that she’ll look at the rat and keep going. “It was such a subtle tell that I couldn’t read it,” she says.\n\nAt home, it’s a different story. “If Gabby smells a mouse in our barn, she goes crazy,” she says. “And I’m thinking, why can’t you do that on the course?” The issue seems to be that although she can smell the rat, she knows she can’t chase it.\n\n', 'Their Journey to the AKC Obedience Classic': 'Gabby began competing in obedience when she was a year old. The following year, she received her Canine Good Citizen (CGC) certification. At 5 years old, she received her Beginner Novice (BN) and Companion Dog (CD) titles in obedience. “It’s kind of a big deal for a Treeing Walker,” Kennedy says.\n\nAKC is a participant in affiliate advertising programs designed to provide a means for sites to earn advertising fees by advertising and linking to akc.org. If you purchase a product through this article, we may receive a portion of the sale.\n\nAlong with Teagan, Gabby started competing in Rally when she was 3 years old. Recently, they both qualified for their AKC Rally Advanced Excellent (RAE) title. It was a full-circle moment because the judge they showed under is the same one from their very first Rally trial. In addition, Gabby has qualified to compete in the AKC Rally National Championship for the past three years.\n\nKennedy is excited to showcase their skills at the 2nd AKC RACH Invitational, followed by the 12th AKC Obedience Classic. “I’m grateful we did well enough to get the invitation,” she says. “There are quite a few of us from the (Tallahassee Dog Obedience Club) club that are going.”\n\nThe last time they attended the AKC Rally National Championship, they made T-shirts with all the club’s dogs’ names. “We’re doing the same thing with the Obedience Classic,” she says. This time, their T-shirts say “moving together as one team” and feature the yin-yang symbol with a paw print and human handprint.\n\n“It’s been an incredible journey, not only with the girls, but with the people who have helped us train them,” she says. “They aren’t an easy breed to train, but they’re worth it.” Many experienced trainers have told them how remarkable it is to compete at this level with a Treeing Walker.\n\nAKC is a participant in affiliate advertising programs designed to provide a means for sites to earn advertising fees by advertising and linking to akc.org. If you purchase a product through this article, we may receive a portion of the sale.\n\nAnd it doesn’t hurt that they’re wonderful travel companions. Whenever they call to make a reservation at one of their favorite hotels, the staff always asks if Gabby and Teagan are coming. “If Gabby can’t go with me, or Teagan can’t go with Mary, we just don’t go,” she says. “They’re always with us.”\n\n', 'We use cookies': '', 'Privacy Preference Center': ''}",[]
https://www.akc.org/expert-advice/news/obedience-classic-ziggy-poodle/,"At 11 Years Old, ‘Ziggy’ Is Still Shining in the Obedience Ring","Dec 11, 2025","['cancer', 'AKC Obedience Classic', 'senior dog', 'standard poodle']",Tracey Ford,"When “Ziggy,” a Standard Poodle, trots into the AKC Obedience Classic ring in Orlando on December 13-14, spectators may first notice his bright expression and springy gait alongside owner and handler Kim Sanders. It might take a moment, if at all, to realize he’s the oldest dog in the competition. At 11 years old, Ziggy has faced medical challenges that might have ended many dogs’ performance careers, but he is still eager to work, still learning, and still holding his family together in ways that go far beyond the ring.

","{'From Mom’s Dog to Teammate': 'Ziggy originally belonged to Sanders’ mother, who brought him home as a puppy while she and Sanders’ father were traveling seasonally between Pennsylvania and Florida. That changed when Sander’s father became ill. As she stepped in to help more, she began spending real time with Ziggy and quickly saw how much foundation work her mother had put in.\n\n“He knew a lot of the basics, like heeling and had a good recall,” she explains. “I had trained and shown my Bullmastiffs before, so I started seeing what he knew and what my mom had done with him.”\n\nAKC is a participant in affiliate advertising programs designed to provide a means for sites to earn advertising fees by advertising and linking to akc.org. If you purchase a product through this article, we may receive a portion of the sale.\n\nAfter Sanders’ father’s passing, the family sold their Pennsylvania farm and moved to Florida full-time. Her mother was later hospitalized, and from there she went to rehabilitation and then into assisted living, where she remains today.\n\nThat’s when Ziggy’s role in Sanders’ life changed forever.\n\n“He came to stay with me full-time,” she says. “I wasn’t planning to get another dog because I like to travel, but he was my parents’ dog — I wasn’t going to let him go anywhere else. And he’s wonderful. He really is. He’s held our family together the last couple of years just by being here for all of us.”\n\nAfter years of working with Bullmastiffs, Ziggy felt like a revelation.\n\n“With the Bullmastiffs, they never really liked obedience, so it was always a struggle, and it got to the point where it wasn’t any fun,” Sanders says. “Ziggy is like, ‘What can I do for you?’ He’s just so eager, and it makes everything a lot of fun for me.”\n\n', 'Beating Cancer and Bouncing Back': 'Ziggy’s sunny attitude has carried him through some very serious health issues. The first was a “funky toenail” that didn’t seem to bother him at first. Slowly, it worsened.\n\nAKC is a participant in affiliate advertising programs designed to provide a means for sites to earn advertising fees by advertising and linking to akc.org. If you purchase a product through this article, we may receive a portion of the sale.\n\n“I took him to the vet, and they did some imaging and discovered it was cancer:\xa0squamous cell carcinoma,” Sanders says. “They recommended amputation, so I did that.”\n\nThat alone would be an impressive comeback. But Ziggy still had another hurdle ahead: a long-standing ear problem that became severe after the move to Florida.\n\n“He had ear problems on and off all his life,” Sanders says. “By the time we got to Florida, it got really bad. He had a horrible head tilt, and I realized it was starting to hurt him to chew, so he wasn’t eating.” Her veterinarian referred Ziggy to a specialist, where imaging revealed a tumor deep in the ear. By then, the options were limited.\n\n“The only options we had were euthanasia or to try surgery,” Sanders says. “They did tell me with the surgery there was a 50% chance the tumor would grow back, but we decided he was worth giving it a try.”\n\nThe tumor is gone, but Ziggy still has a slight head tilt and sometimes has trouble with stairs, but the ring is another story.\n\n“Surprisingly, he doesn’t seem to have any problem with the obedience jumps,” Sanders says.\n\n', 'Finding Joy in Obedience Again': 'Even while navigating surgeries and recovery, Ziggy’s obedience career continued to grow. He earned his Companion Dog (CD) title and went on to compete at a previous AKC Obedience Classic, where he placed 14th out of roughly 100 entries.\n\nAKC is a participant in affiliate advertising programs designed to provide a means for sites to earn advertising fees by advertising and linking to akc.org. If you purchase a product through this article, we may receive a portion of the sale.\n\n“I was thrilled,” Sanders says. “He wasn’t in the ribbons, but you know what? I don’t care. We had a great time. To be there in that atmosphere with all the other dogs that qualified — it was a lot of fun. For him to do that well after everything he’d been through that year, I thought it was incredible.”\n\nThis year, Ziggy and Sanders are entered in a more advanced level, with exercises that demand even more precision and teamwork. Sanders’ goals, though, are less about scores and more about performance and attitude.\n\n“I know there’s no qualifying or disqualifying at the Classic because it’s more like a tournament,” she says. “But I would like to see him perform like he would have qualified at a normal show. I know he’s capable of doing everything — he got his CD — but some shows he has disqualified, and it’s been something different every time.”\n\nIf that happens in Orlando, Sanders won’t be disappointed in her dog.\n\nAKC is a participant in affiliate advertising programs designed to provide a means for sites to earn advertising fees by advertising and linking to akc.org. If you purchase a product through this article, we may receive a portion of the sale.\n\n“If he doesn’t, he doesn’t,” she says. “I’m not going to be upset with him. I feel like I’m getting extra time out of him, so I can’t be upset with whatever happens.”\n\nShe also admits that, like many handlers, she sometimes shares in the blame.\n\n“A lot of times it’s been my mistake when we mess up,” she says, laughing. “Half the time it’s a bad throw, and it goes off to the side, and then he goes around the jump. So half the time it’s been my fault.”\n\nAfter years of pushing for precision with dogs who didn’t enjoy the work, Sander’s whole approach has shifted.\n\n“I swear I was never going to get back into doing this again,” she says. “With Ziggy, I try not to nitpick. He’s not perfect, and I’m not perfect, and because I want it to be fun for both of us, I’m not trying to get perfect straight fronts. Sometimes they’re straight, sometimes they aren’t — but I just want to go out and have fun. I think that’s what really matters.”\n\n', 'The Dog Holding a Family Together': 'Away from the showgrounds, Ziggy’s most important job doesn’t involve jumps, fronts, or heeling patterns. He is the bridge between Sanders and her mother.\n\nAKC is a participant in affiliate advertising programs designed to provide a means for sites to earn advertising fees by advertising and linking to akc.org. If you purchase a product through this article, we may receive a portion of the sale.\n\nZiggy visits Sanders’ mother several times a week and has become a familiar face at the assisted living facility. “They love him there,” she says. “Everybody knows him. He knows exactly where to find her and goes right to her.”\n\nOn the tough days, when conversations feel heavy, or her mother isn’t feeling well, Ziggy quietly takes over.\n\n“If she’s not feeling well, we don’t even have to talk,” Sanders says. “We can both brush the dog a little bit, or he’ll just curl up with her, and she’ll cuddle with him for a while. It helps so much having him there. It takes the pressure off sometimes.”\n\n“He makes me smile every single day,” she adds. “Whatever happens at the Classic, I already feel like we’ve won.”\n\n', 'We use cookies': '', 'Privacy Preference Center': ''}",[]
https://www.akc.org/expert-advice/news/akc-agility-invitational-scottish-terrier-pickles/,‘Pickles’ the Scottish Terrier Takes On Eighth Agility Invitational,"Dec 11, 2025","['therapy dogs', 'scottish terrier', 'AKC Agility Invitational', 'senior dog']",Micaela Erickson,"Scottish Terrier “Pickles,” who is 11 years old, is no stranger to the AKC Agility Invitational Now in its 20th year, the Invitational will be held on December 13th and 14th as part of the AKC National Championship presented by Royal Canin. Out of those 20 years, eight of them have seen Pickles and his owner-handler Pat Speas, grace the ring, continuously returning as one of the top three Scottish Terriers in agility to compete on this stage.

Pickles is one of over 700 dog and handler teams that will come together to at the Orange County Convention Center in Orlando, Florida to compete in a variety of agility trials. Dogs will race around predetermined obstacle courses with their handlers to quickly navigate the course without fault. The dogs with the fastest, cleanest runs will receive accolades in their respective height divisions.

","{'Showing Promise From Puppyhood': 'Speas, from Cumberland, Virginia, has been training and competing alongside her dogs for decades. She brought Pickles home 12 years ago, who has been a steadfast companion ever since. Pickles accompanied Speas on visits to the nursing home while her mother was ill and was a beacon of support following her passing. Pickles’ early acclimation to nursing homes and rehabilitation centers helped her when training to become a certified therapy and service dog. Her mellow, yet highly attentive, disposition has also allowed her to excel in agility.\n\nAKC is a participant in affiliate advertising programs designed to provide a means for sites to earn advertising fees by advertising and linking to akc.org. If you purchase a product through this article, we may receive a portion of the sale.\n\n“She just catches on to everything,” says Speas. Despite the rumored “Terrier ‘tude,” Speas says she never had trouble training Pickles. “[She] has the personality [where] she doesn’t get too excited over anything. She just sort of goes along with the flow.”\n\nAfter obtaining her Canine Good Citizen (CGC) certification, Speas began introducing Pickles to agility trials. Between agility classes, at-home training sessions, and observing Speas’ other dog, a German Shepherd Dog, practice agility, Pickles quickly understood the ins and outs of the sport. Speas also worked with Pickles to get her RAE title in AKC Rally, but the event didn’t excite her as much as agility.\n\n', 'A Highly Resilient Scottie': 'Speas and Pickles were off to the races with agility training before things suddenly came to a halt.\n\nWhen Pickles was just a year old, she had to get a double patella surgery due to a luxating patella. This occurs in about 7% of Scottie puppies. The surgery immediately put their training on pause, which Speas says was a challenge.\n\n“I had a hard time that first month,” she says. “She was so full of energy and was bouncing [around], wanting to do agility.”\n\nAfter a few months of recovery and a green light from their vet, Pickles and Speas were back at it. Speas says Pickles only excelled following her surgery.\n\n“[When] we went back into training, it didn’t slow her down a bit,” she says. “She bounced back. Her recovery time was very quick.”\n\n', 'Pickles’ Success Over the Years': 'In the 11 years Speas has had Pickles, the pair has found a lot of success in agility trials. Over their career, Pickles has received 10 MACHs and is close to receiving her MACH 11. Speas is certain that if the pandemic didn’t happen during her “prime,” Pickles would hold even more titles.\n\nAKC is a participant in affiliate advertising programs designed to provide a means for sites to earn advertising fees by advertising and linking to akc.org. If you purchase a product through this article, we may receive a portion of the sale.\n\nBack in 2020, just before COVID-19 hit, Pickles competed in the agility competition at the 144th Annual Westminster Kennel Club Dog Show. Though Pickles didn’t place, she was the first Scottish Terrier in history to make it to the finals. Pickles and Speas have attended Westminster six times since.\n\nIn 2023, Pickles became the first wheaten Scottish Terrier to earn the title of Agility Grand Champion. Now going into her eighth AKC Agility Invitational, Speas hopes Pickles will only continue to shine.\n\nAKC is a participant in affiliate advertising programs designed to provide a means for sites to earn advertising fees by advertising and linking to akc.org. If you purchase a product through this article, we may receive a portion of the sale.\n\n', 'Undoubtedly an Agility Dog': ""As fun as it is to watch Pickles do an agility run, Speas says her favorite part is watching Pickles complete a course.\n\n“At the end of the run, she is so proud and excited that she’s done good,” she says. “She’s leaping and jumping, and she’s the happiest dog in the world when she gets to run that course. She’s just ecstatic.”\n\nSpeas has even had people comment on Pickles’ post-run jubilance.\n\n“I’ve had more people come up to me afterwards and say, ‘Your dog really likes this! She’s so happy!’ And I was like, ‘Yeah, she’s just as happy to be doing it as anything,'” she explains. “It’s fun to watch that. I love seeing her at the end.”\n\n"", 'A Good Life In and Outside of Agility': 'Pickles is Speas’ “very best friend.” Not only is she great in a competition setting, but the pair loves participating in a variety of activities outside of conformation, especially anything outdoors.\n\nAKC is a participant in affiliate advertising programs designed to provide a means for sites to earn advertising fees by advertising and linking to akc.org. If you purchase a product through this article, we may receive a portion of the sale.\n\nIn the summer, they take some time off of agility training to canoe down the James River, Virginia’s largest river. Pickles loves the water, and it’s a great way for the pair to bond even further.\n\n“She’s exceeded my every expectation,” says Speas. “I couldn’t ask for a better dog.”\n\n', 'We use cookies': '', 'Privacy Preference Center': ''}",[]
https://www.akc.org/expert-advice/news/akc-rach-invitational-french-bulldog-abbey/,French Bulldog ‘Abbey’ Brings Big Attitude to the AKC RACH Invitational,"Dec 05, 2025","['french bulldog', 'agility', 'akc rach invitational']",Tracey Ford,"When French Bulldog “Abbey” steps into an AKC Rally ring, she has a way of making people look twice. The 5-year-old is the only French Bulldog invited to the 2nd annual AKC RACH Invitational, held December 11 and 12, as part of the AKC National Championship Week, presented by Royal Canin at the Orange County Convention Center in Orlando.

Owned and handled by Renee Morris of Seaford, Delaware, Abbey arrives as the top-ranked French Bulldog in the country in both AKC Rally and agility, and she’s also qualified for the AKC Agility Invitational and Obedience Classic the same week. For a breed many still think of as a couch companion, Abbey is a powerful reminder that French Bulldogs can be serious performance dogs.

","{'Big Personality, Tiny Package': ""Abbey’s registered name, Clearbrooke Downton Abbey, is a nod to the television series of the same name, and Morris says the dog lives up to it. “She has a very big personality,” Morris says. “She’s full of sass and spice and vinegar, all in a very fun way. She’s 110% in on anything I ask her to do.”\n\nAt home, Abbey may be the youngest of Morris’ three dogs, but she still rules the household. “She’s like, ‘This is my castle, this is my kingdom, and you all work for me,'” Morris says with a laugh, adding that Abbey is also a “mommy’s girl” who always wants to be touching her when she settles down.\n\nAKC is a participant in affiliate advertising programs designed to provide a means for sites to earn advertising fees by advertising and linking to akc.org. If you purchase a product through this article, we may receive a portion of the sale.\n\nThat mix of confidence and affection shows up in the ring. Whether she’s working in Rally, racing around an agility course, or competing in other sports like AKC Scent Work and Barn Hunt, Abbey carries herself like she knows she belongs there. Even as a puppy, Morris says, Abbey “had that fun, spicy attitude” that made her stand out.\n\n"", 'Locked-In Focus': ""If there’s one thing that came to Abbey naturally in Rally, it was her engagement with her handler. “She is always completely tuned in,” Morris says. “When she’s in the ring, she’s watching me the entire time, like, ‘What are we doing, Mom?’ I’ve never had to convince her to work.”\n\nAKC is a participant in affiliate advertising programs designed to provide a means for sites to earn advertising fees by advertising and linking to akc.org. If you purchase a product through this article, we may receive a portion of the sale.\n\nThe challenge has been channeling Abbey’s enthusiasm. “I’m always telling her, ‘You don’t have to go 110 miles an hour all the time,'” Morris says. Abbey reacts so quickly to Morris’ movement that even a slight hand or body cue can turn into an extra jump or spin. On recalls, Morris warns judges that Abbey will come “like she’s been shot out of a cannon,” and they often tell her afterward they still weren’t prepared for just how fast the little dog is.\n\n"", 'Defying Breed Expectations': ""French Bulldogs may not be the first dogs people picture competing in a performance ring, but Abbey has been challenging those expectations since she was young. She went to the AKC Rally National Championship at about 2 years old, competing in the Novice division, and finished seventh in the country. Then, she returned the following year and finished ninth, making the top 10 in back-to-back years.\n\nAKC is a participant in affiliate advertising programs designed to provide a means for sites to earn advertising fees by advertising and linking to akc.org. If you purchase a product through this article, we may receive a portion of the sale.\n\n“At those events, she was the littlest dog in the whole top 10 lineup,” Morris says. “You look around at all these big working dogs, and there’s Abbey in the middle of them, saying, ‘Let’s go.'”\n\nAbbey is just as impressive in agility. She jumps 12 inches in Masters-level competition and is currently the number-one French Bulldog in the sport. Her speed and independence mean Morris sometimes has to work at a distance to keep up, and spectators often comment that there is “no slow in her go.”\n\n"", 'An Impressive Resume': 'Abbey’s achievements more than back up the impression she makes in the ring. She already holds three RACH titles, more than any French Bulldog before her. She has earned multiple High Triple and High Combined awards in Rally, consistently posting scores near or at 100.\n\nWithin her parent club, Abbey has won the French Bulldog Club of America’s Outstanding Rally Dog award for the past three years. She has been inducted into the club’s Rally Hall of Fame, winning the Joy Award for Outstanding Achievement in Obedience and/or Rally, a prize for dogs who “have exceptional accomplishments.” She has also twice earned their “Super Dog” award, given to the top dog combining performance and conformation points at the national specialty.\n\n', 'Proud to Represent Her Breed': 'The AKC RACH Invitational is open only to dogs that have earned the RACH title and ranked among the top teams in their breed based on triple qualifying scores, making it one of the most selective AKC Rally events of the year. Morris is proud that Abbey is attending as the only French Bulldog on the roster.\n\nAKC is a participant in affiliate advertising programs designed to provide a means for sites to earn advertising fees by advertising and linking to akc.org. If you purchase a product through this article, we may receive a portion of the sale.\n\n“It’s a privilege and an honor,” she says. “I take a lot of responsibility in how she represents the breed. I want people to see what these dogs are capable of doing.”\n\n', 'Fine-Tuning for Orlando': 'In the weeks leading up to Orlando, Morris doesn’t plan to teach Abbey anything new. Abbey already knows every sign and skill she’ll need, so training is about polishing connection and confidence. “For her, it’s about keeping that sharpness of focus between us,” she explains. “When she’s heeling, even with that short body and short neck, she’s looking straight up at me like, ‘Okay, Mom, what’s next?’ I want to keep it fun and make sure she’s enjoying every minute.”\n\nAbbey also has a natural “on-off switch” that serves her well on busy trial days. “When she goes into the ring, she’s 110% on,” Morris says. “But when she comes out and goes back in her crate between classes, she can settle and nap. She knows how to reset herself.”\n\nAKC is a participant in affiliate advertising programs designed to provide a means for sites to earn advertising fees by advertising and linking to akc.org. If you purchase a product through this article, we may receive a portion of the sale.\n\n', 'A Partner in and Out of the Ring': ""Recently, Abbey helped Morris reach a personal milestone: becoming an AKC Rally judge. One of the final requirements Morris needed was a Companion Dog Excellent (CDX) title in obedience with one of her dogs, and she turned to Abbey to finish it. “I said, ‘Okay, Abbey, I need you to do this for me,'” Morris says. “Because of her, I was able to complete that title and become a judge.”\n\nAt home, Abbey is as happy racing through the house doing zoomies with Morris’ other French Bulldog and Labrador Retriever as she is stepping into a championship ring. For Morris, that joyful attitude matters more than any ribbon.\n\nAKC is a participant in affiliate advertising programs designed to provide a means for sites to earn advertising fees by advertising and linking to akc.org. If you purchase a product through this article, we may receive a portion of the sale.\n\n“She has brought so much joy and entertainment into our lives,” Morris says. “More than anything, I want my dogs to do these sports because they want to, not because they’re being made to. Abbey loves it. As long as she’s enjoying it, we’ll keep going. She truly is a once-in-a-lifetime dog.”\n\n"", 'We use cookies': '', 'Privacy Preference Center': ''}",[]
https://www.akc.org/expert-advice/news/akc-rach-invitational-american-foxhound-dooley/,"Meet ‘Dooley’ the American Foxhound, One of the Oldest Dogs at the 2025 AKC RACH Invitational","Dec 05, 2025","['american foxhound', 'akc rach invitational']",Lindsey Dobruck,"He’s 15 years old, but “Dooley,” the American Foxhound, is far from retirement.

White hairs dust his gentle face and his soft, caramel ears. He moves a little slower in AKC Rally competitions with owner Amanda Stipe, though his tail never stops wagging, and he often runs clean. Sometimes he’s cranky with the younger Beagle and Foxhound members of Stipe’s crew, but he’s happy to be their pillow when it’s time to rest. And he can be a bit demanding when he barks for his favorite treats (freshly baked crescent rolls with smoked salmon).

Despite his age, Dooley is still the fun-loving guy he’s always been, and “such a willing participant with a lot of what I ask to do,” says owner Amanda Stipe, of Chapel Hill, North Carolina.

AKC is a participant in affiliate advertising programs designed to provide a means for sites to earn advertising fees by advertising and linking to akc.org. If you purchase a product through this article, we may receive a portion of the sale.

On December 11-14, Dooley will be one of the oldest dogs — and one of the rarest breeds — to compete at the second AKC RACH Invitational and the 20th AKC Agility Invitational in Orlando, Florida. Both events are held in conjunction with the 2025 AKC National Championship, presented by Royal Canin.

This year marks a decade of Stipe and Dooley representing American Foxhounds in Orlando. But Dooley has nothing to prove: His registered name (MACH3 RACH3 Mama’s Lil’ Major Dooley CD BN RM11 RAE7 FDC MXB2 MJB2 MXPB MJP3 MJPB PAX MFB TQX MFPB T2B5 SWNE SWA SEE TKA) is a testament to his versatility and his devotion to Stipe.

“I always talked about running him like running a comfortable old shoe,” Stipe says. “It just felt, at times, really, really good and really right.”

","{'A Heart for Hounds': 'Stipe has an affinity for scenthounds, particularly rescues. She and her husband, Fred, got their first one in 1998: a Beagle named “Barkley,” who was Stipe’s first teammate in competitive obedience and AKC Rally. A few years later, they rescued “Weaver,” an American Foxhound, on the day he was scheduled to be euthanized.\n\nAKC is a participant in affiliate advertising programs designed to provide a means for sites to earn advertising fees by advertising and linking to akc.org. If you purchase a product through this article, we may receive a portion of the sale.\n\n“So that was actually my ‘Novice A dog,’ in agility and pretty much life and everything,” Stipe says. Weaver and Stipe excelled in the sport from the start, placing fifth in the 20-inch jump height division at the 2007 AKC Agility Invitational in Long Beach, California.\n\nWeaver showed Stipe that American Foxhounds can be wonderful companions. Plus, they’re eager to please, even if they prefer following their nose over following instructions.\n\nAKC is a participant in affiliate advertising programs designed to provide a means for sites to earn advertising fees by advertising and linking to akc.org. If you purchase a product through this article, we may receive a portion of the sale.\n\n“I thought the breed was very biddable once you figure out what their interest is, which is basically sniffing,” she says. “You have to be more interesting than a bunny, or bunny poop, or all of the sniffy things.”\n\nSmitten with the breed and totally hooked on agility, Stipe started searching for her next performance prospect. “Matisse,” a rescue foxhound, joined their pack, but she chose the roles of “cushion smoosher” and “ruler of the house” over competing in dog sports.\n\n“I secretly told Weaver that, before he passed away, he needed to find me a dog that was equally as good as him, if not better,” Stipe says. “He found me Dooley — and Dooley is, incredibly, much better.”\n\nAKC is a participant in affiliate advertising programs designed to provide a means for sites to earn advertising fees by advertising and linking to akc.org. If you purchase a product through this article, we may receive a portion of the sale.\n\n', 'Finding Dooley': ""In 2010, Stipe received an email from her friend Marie Tripton, who worked at the Richmond SPCA. “I think this would be a nice dog for you,” Tripton said, and attached a video of a goofy, lanky, 6-month-old Dooley clambering on agility equipment.\n\nStipe and her husband drove up to Richmond to meet Dooley the weekend before Thanksgiving. “He seemed to be outgoing and very happy and excited,” she recalls. His rock-solid temperament was evident: When an ex-pen blocking the doorway fell over, Dooley was unfazed, even walking on top of the fallen pen.\n\nAt first, the puppy didn’t pay much attention to Stipe — he was much more taken with her husband. “I was a little bit more hesitant and tentative, but my husband looked at Marie and said, ‘So where’s the paperwork?'” she laughs.\n\nStipe enrolled Dooley in basic obedience classes at Pet Behavior Help, a training facility where she also teaches. In those early training sessions, Stipe’s objective was to capture â€” and hold â€” Dooley’s attention.\n\nAKC is a participant in affiliate advertising programs designed to provide a means for sites to earn advertising fees by advertising and linking to akc.org. If you purchase a product through this article, we may receive a portion of the sale.\n\n“He was still very outwardly focused, like most scent-work dogs are,” Stipe says. “He’s like, ‘Let me explore the environment! What’s that? Is that running? Is that moving?'”\n\nHer strategy? “Becoming the bunny,” she laughs. In other words, she channeled his natural behaviors by tossing treats for him to sniff out, running away, so he has to chase his reward, and spitting treats at him for an element of surprise.\n\n“Basically, forging a bond with that particular dog is the biggest thing,” Stipe says. “It’s creating value for you versus value for the environment.”\n\n"", 'Following Dooley’s Lead': ""In his heyday, Dooley was nicknamed “the Border Collie of the hound dogs,” as he’d regularly score in the high 90s in AKC Rally and placed 12th at the 2019 AKC Agility Invitational finals. “As his mental acuity has dropped,” Stipe says, “he’s kind of in it for the fun — and definitely treats.”\n\nBut Stipe feels it’s important to continue representing hounds, particularly American Foxhounds, at these major events. “They’re wonderful companions, and they sometimes don’t get the attention that I think they do deserve.”\n\nAKC is a participant in affiliate advertising programs designed to provide a means for sites to earn advertising fees by advertising and linking to akc.org. If you purchase a product through this article, we may receive a portion of the sale.\n\nShe adds the caveat: “Hounds are very humbling, and if anyone has an ego that they need to have soothed, they’re not the breed for them.”\n\nTake last year’s AKC RACH Invitational, for example. On their first run, Stipe cued Dooley to sit at the starting sign, removed his leash, and handed it to the ring steward. The judge told them to go when ready, and the team moved toward the first sign.\n\nBut Dooley forged ahead, blowing through the sign. “Honestly,” Stipe laughs, “he looked for the agility equipment.” After nine years of competing in agility in Orlando, Dooley was making his preference known. “Each one of [the runs] got slightly better, but his whole thing is, ‘Where’s the agility equipment, and where are the cookies? Because I’m too old for this.'”\n\nStipe hopes this year’s AKC RACH Invitational performance will be a redemption story. But regardless, she’s following Dooley’s lead on what he wants to do.\n\nAKC is a participant in affiliate advertising programs designed to provide a means for sites to earn advertising fees by advertising and linking to akc.org. If you purchase a product through this article, we may receive a portion of the sale.\n\n“This may actually be his last big event. I’m hoping not,” Stipe says. As long as Dooley’s alive and up for the trip, she says, she’ll continue representing American Foxhounds at the Invitational. She always cherishes the time they spend together as a team.\n\n“Even if I walk him in the ring, and we wave at everybody, and then I walk right back out, I would do that.”\n\n"", 'We use cookies': '', 'Privacy Preference Center': ''}",[]
https://www.akc.org/expert-advice/news/poodle-rudy-ace-therapy-dog/,Poodle ‘Rudy’ Wins 2025 Therapy Dog Award for Canine Excellence,"Dec 01, 2025","['therapy dogs', 'ACE Awards', 'poodle', 'standard poodle', 'award']",Nandini Maharaj,"When “Rudy,” a black and white Standard Poodle, leans against you for a hug, it’s a rare moment of respite. The 6-year-old therapy dog from Chatsworth, California, offers comfort to people facing physical and emotional challenges. His certifications are through Blue Line Dogs (Therapy Dog), the Los Angeles Police Department (Therapy Dog), and the American Kennel Club (Canine Good Citizen, Urban Canine Good Citizen, AKC Trick Dog, and Therapy Dog Distinguished).

Rudy works alongside his owner and handler, Steven Zonis, in various settings, including at schools, hospitals, police patrols, and disaster sites. After his previous dog passed away, Zonis was reluctant to get another dog. But from the moment they met, he knew that Rudy would make the perfect companion and began the process of getting him certified as a therapy dog through Children’s Hospital in LA. “I almost died when I was a child, and they saved my life,” he says. “I always wanted to pay them back in some way.”

On Mondays and Wednesdays, you can find this hardworking duo visiting hospitals, while Thursdays and Fridays are dedicated to police work. “I do my best to juggle my schedule,” he says. “My wife and I work as a team. I couldn’t do this without her.”

Along with weekly therapy dog visits, Rudy and Zonis routinely provide assistance during emergencies and major disasters. During the 2025 Southern California fires, they provided comfort and relief to staff, leadership, and fire crews, as well as individuals and families affected by the fires. “Meeting Rudy felt like they were petting their own dog back at home,” he says. “It gave them renewed energy to continue their work.”

AKC is a participant in affiliate advertising programs designed to provide a means for sites to earn advertising fees by advertising and linking to akc.org. If you purchase a product through this article, we may receive a portion of the sale.

Rudy’s dedication and winning spirit earned him the 2025 Award for Canine Excellence in the Therapy Dog category. Each year, the AKC Humane Fund awards five dogs who do extraordinary things in the service of humankind in different categories: Service Dog, Search and Rescue Dog, Uniformed Service K-9s, Exemplary Companions, and Therapy Dogs, like Rudy. Dogs in this category are certified therapy dogs working in hospitals, schools, disaster sites, war zones, and wherever else the affection of a loyal dog can provide comfort.

","{'Rudy Puts People at Ease In the Most Trying Circumstances': 'There was little question that Rudy would excel as a therapy dog. At just 4 weeks old, “he was Mr. Personality and got our attention,” Zonis says. “Now, Rudy is one of the superstars of Blue Line Dogs, and I’m a senior therapy dog handler, and that’s from experience and certifications.”\n\nAKC is a participant in affiliate advertising programs designed to provide a means for sites to earn advertising fees by advertising and linking to akc.org. If you purchase a product through this article, we may receive a portion of the sale.\n\nAs part of their training, therapy dogs need to be comfortable interacting with unfamiliar people. “The training is constant, and we have supervisors who observe and correct our behavior,” he says. This training is necessary because distractions consistently surround them, whether it’s noise from sirens or heavy equipment, or food on the ground.\n\nTherapy dogs need to be desensitized to different working conditions and situations. Sometimes, they’re supporting people who use mobility aids. Other times, they encounter people crying or arguing, so they need to be prepared to handle intense emotions.\n\nThat’s where Rudy shines. He puts people at ease by capturing their attention and shifting their focus to something positive. He’ll come up and extend his paw or make eye contact and lean against a person. It’s his way of giving a hug. Plus, he’s a whiz at reading people’s facial expressions and body language.\n\n', 'Keeping Rudy Safe and Letting Him Do His Job': 'Throughout his life, Zonis has been volunteering in hospitals and community activities. “It gave me the patience and aptitude to relate to people in difficult circumstances,” he says. Before retiring, he worked as an engineer, gaining valuable project management and people skills that he says have made him a better dog handler.\n\nAKC is a participant in affiliate advertising programs designed to provide a means for sites to earn advertising fees by advertising and linking to akc.org. If you purchase a product through this article, we may receive a portion of the sale.\n\n“My job is to monitor the interaction between the dog and the individual and make sure the dog gets the support they need to continue their work,” he says. Another one of his responsibilities is becoming familiar with institutional policies, procedures, and codes of conduct, to work safely and professionally. Aside from answering questions, Zonis tries to limit his involvement during visits and only intervenes if the dog’s health or safety is at risk.\n\nUsually, Rudy can work for two or three hours, at which point another dog will take his place. In fact, Zonis has a second therapy dog, an 8-year-old Poodle named “Ella,” who will step in for Rudy when he gets tired, and vice versa. “Therapy dogs act like negative energy sponges,” he says. “But when they’ve had enough, they need a break, and they get rid of that negative energy by sleeping it off.”\n\nWhen Rudy isn’t training or working, he loves to go to the beach. Sometimes, he’ll chase birds, but balls are more his speed. When Zonis throws the ball for him, he loves running through the surf to retrieve it. “It’s just a delight to see him having a good time,” he adds.\n\n', 'Therapy Dog Visits Make a Real Difference': 'When people are in crisis, they can become overwhelmed or withdrawn. Being in a dog’s presence can help people feel calm and think more clearly. “Dogs are really good at giving and receiving love,” Zonis says. “They have no secret agenda. When they give love, it’s from the heart, and people respond to that.”\n\nAKC is a participant in affiliate advertising programs designed to provide a means for sites to earn advertising fees by advertising and linking to akc.org. If you purchase a product through this article, we may receive a portion of the sale.\n\nRudy and Zonis visit healthcare staff and patients in several hospital units, from pediatrics to intensive care. When they work in physical therapy, for example, they’ll stand beside the patient, helping them feel less alone and more independent while walking or learning to operate a wheelchair. “Sometimes, people have been in the hospital for many days, and they’ve stopped communicating,” he says. “We’ll come in and work with them, and suddenly they’ll perk up and start petting the dog.”\n\nOnce, when they were in labor and delivery, the head nurse asked them to visit a patient. “We don’t go into the delivery rooms normally, but this was a unique situation,” he says. The patient needed to be on medication for hypertension and preeclampsia, but the doctors had their hands full as they responded to an emergency. “When I asked Rudy to get up on the bed, she put her arm around him, and within 15 minutes, her blood pressure dropped from well above 200 down to 140,” he says. “I was just in awe watching them.”\n\nOn another occasion, they had just gotten off the elevator when a nurse asked them to visit a young patient who was screaming at the staff. As soon as he started petting Rudy and focusing his attention on him, the boy’s demeanor changed. Later, Zonis learned that the staff had been trying for more than an hour to gain the boy’s cooperation, and just 15 minutes with Rudy made him calm enough for the doctors and nurses to do their job.\n\nAKC is a participant in affiliate advertising programs designed to provide a means for sites to earn advertising fees by advertising and linking to akc.org. If you purchase a product through this article, we may receive a portion of the sale.\n\nZonis and Rudy have to be very mindful when working at 911 communication centers and command posts. “The dispatchers love to pet the dogs,” he says. “Sometimes they’re on a break, or they’re listening and multitasking, so we have to be aware of what they’re doing before we approach them,” he says. They have a policy of “ask and acknowledge” to make sure the dispatchers are ready to meet Rudy and aren’t busy with an emergency.\n\nWhile waiting for hospital visits to resume following the COVID-19 pandemic, Zonis and Rudy started volunteering with the Los Angeles Police Department’s (LAPD) bike patrol, car patrol, and emergency callout team. Through the LAPD, they connected with the Community Emergency Response Team, the Community Police Academy, and Blue Line Dogs, which oversees the training and certification of therapy dogs for the police, fire, and sheriff’s departments. He and Rudy also work with the state highway patrol and federal agencies.\n\nAKC is a participant in affiliate advertising programs designed to provide a means for sites to earn advertising fees by advertising and linking to akc.org. If you purchase a product through this article, we may receive a portion of the sale.\n\nOccasionally, police work involves attending a public ceremony where patrol dogs, drug detection dogs, or scent detection dogs are receiving a commendation. “People will bring their children, or they’ll want to pet the dogs,” he says. “But, since these dogs aren’t trained to interact with the public, we act as a buffer, and they can interact with our dogs.”\n\nIn the lead-up to final exams, Zonis and Rudy will visit universities like UCLA and Pepperdine to help students de-stress. Other times, they’ll work in educational facilities, visiting children with ADHD or children who are on the autism spectrum. “Some children respond extremely well to the dogs,” he says. “And Rudy is very good with children and adolescents.”\n\n', 'Providing Comfort During the Southern California Fires': 'In early 2025, Rudy and Zonis were called out to the emergency command centers, 911 communication centers, and emergency evacuation centers to assist at the Pacific Palisades and Eaton fires. For nine days straight, they provided support to fire crews and evacuees. “Some people had lost their homes, while others had lost relatives or pets,” he says. “Especially for young children, who were so afraid, dogs really provided a protective atmosphere.”\n\nAKC is a participant in affiliate advertising programs designed to provide a means for sites to earn advertising fees by advertising and linking to akc.org. If you purchase a product through this article, we may receive a portion of the sale.\n\nHe and Rudy woke up at 4 a.m. to make it on time to the 6 a.m. briefing sessions. Later in the day, they were standing in the chow lines, greeting firefighters and emergency personnel. “Some of these people were just coming off the line, and they were covered in ash and soot,” he says. “You could tell they were absolutely exhausted and needed a few moments to just be a human being, petting a dog and having the dog smile at them.”\n\nThe therapy dog teams worked various shifts from early morning to late at night. Among the groups they supported were the California State Fire Department, county fire departments, the Los Angeles Fire Department, emergency medical technicians, public utilities, and lifeguards, as well as fire crews from all over the U.S., Canada, and Mexico. “We were thanking everybody for coming to Southern California and putting their lives on the line in this very dangerous situation,” he says.\n\nThe beauty of what they do is offering warmth and comfort during periods of unimaginable stress. “When I think of Rudy and me, as a therapy dog team, it astounds me sometimes just what we can accomplish,” he says. “I love getting out with the dogs and meeting all these interesting people and trying to make their life a little bit easier.”\n\n', 'We use cookies': '', 'Privacy Preference Center': ''}",[]
https://www.akc.org/expert-advice/news/labrador-retriever-bea-ace-service-dog/,Labrador Retriever ‘Bea’ Wins 2025 Service Dog Award for Canine Excellence,"Dec 01, 2025","['service dogs', 'labrador retriever', 'firefighters']",Lindsey Dobruck,"Buddy Niner had seen how a service dog could change a veteran’s life — but he wasn’t convinced one could do the same for him.

The U.S. Marine and Air National Guard veteran had watched videos and read articles about incredible dogs who helped their owners navigate life with physical injuries sustained in combat. But Niner’s wounds are less visible — for years after his deployment, he struggled with night terrors, post-traumatic stress disorder, and anxiety.

Niner, a firefighter at the Letterkenny Army Depot in Pennsylvania, felt like he wasn’t living, but merely surviving. Everything changed when he was paired with a black Labrador Retriever named “Bea,” a service dog from Warrior Canine Connection (WCC).

Always by his side, 5-year-old Bea redirects Niner when he’s feeling anxious or dysregulated with a nudge of her muzzle or resting her head in his lap. She interrupts his night terrors and provides comfort as he falls back asleep. At the firehouse, Bea has expanded her role to support the other firefighters, boosting morale after stressful calls and seeking out firefighters who need an emotional lift.

“She’ll go through thick or thin,” Niner says. Now, thanks to Bea, Niner is not just surviving, but thriving. Bea’s dedication to Niner and the firefighters at the Letterkenny Army Depot earned her the 2025 AKC Award for Canine Excellence in the Service Dog category. Each year, the AKC Humane Fund awards dogs who do extraordinary things in the service of humankind in different categories: Uniformed Service K-9s, Therapy Dogs, Exemplary Companions, Search and Rescue (SAR) for Disaster Response and Human Remains Detection, Teams, and Service Dogs, like Bea. Dogs in this category are dogs who enrich the lives of physically or mentally disabled owners, including, but not limited to, guide dogs for the blind, seizure-alert dogs, hearing dogs, balance dogs.

AKC is a participant in affiliate advertising programs designed to provide a means for sites to earn advertising fees by advertising and linking to akc.org. If you purchase a product through this article, we may receive a portion of the sale.

","{'Struggling in Civilian Life': 'The third generation of a proud military family, Niner enlisted in the Marines at 18. Shortly after marrying his high school sweetheart, he was deployed to Afghanistan, where he was attached to a Light Armored Reconnaissance Battalion.\n\nAKC is a participant in affiliate advertising programs designed to provide a means for sites to earn advertising fees by advertising and linking to akc.org. If you purchase a product through this article, we may receive a portion of the sale.\n\n“It was pretty intense all the time,” Niner says. “The big turning point was when we had a suicide bomber kill a lot of our guys.” When they returned home, several of the Marines had trauma from what they experienced, and some even decided to end their lives.\n\nNiner came home in 2010 and struggled to adjust to civilian life. Anxiety, anger, and withdrawal eclipsed his outgoing, sociable, life-of-the-party persona. People looked at him differently; they asked crude, callous questions about his time in combat. Finding work was difficult, and he says he applied for “really just anything that would take me. A lot of people just thought I was weird, different, distant.”\n\nHe eventually enlisted in the Air National Guard and, after completing the fire academy, secured a position as a Department of Defense firefighter at the U.S. Army War College. Niner felt slightly more at ease working on a military base, but his internal struggles persisted. As a firefighter, he could perform at his peak in even the most intense situations — but at the station, he’d go “back to being my miserable self.”\n\nHis fellow firefighters urged him to get help. Niner sought support from several therapists, Veterans Affairs, and his former command, but still felt isolated and alone — like his pain was too much for even the professionals to shoulder.\n\nAfter an especially discouraging group therapy session, Niner sat in his car feeling “super defeated” and pretty much done with the lack of support and resources. He scrolled through Facebook to get his mind off things when a post stopped him in his tracks.\n\n', 'Finding Friends and Purpose with Warrior Canine Connection': ""WCC, the service dog organization, had shared a photo of a puppy called “Smitty,” named for Sgt. David Smith, who led the third platoon in Afghanistan and died in the suicide bombing. WCC names all their puppies in honor of military servicemen and women.\n\nAKC is a participant in affiliate advertising programs designed to provide a means for sites to earn advertising fees by advertising and linking to akc.org. If you purchase a product through this article, we may receive a portion of the sale.\n\nNiner immediately reached out to WCC. “I sent a message saying, ‘Hey, I served with this guy in Afghanistan. I hope this puppy does great things, because he has big shoes to fill.'”\n\nWCC responded by inviting Niner and his family to visit their facility in Maryland. Curious, he looked up the organization and was impressed by their “Mission-Based Trauma Recovery” model: The nonprofit enlists veterans who are healing from the scars of combat to raise and train service dogs that will support other veterans with varying needs.\n\nNiner brought his family to tour the facility and was “blown away” by the welcoming atmosphere. “Everybody was kind of in the same boat,” he says. He was finally among veterans who truly understood his pain, because they were experiencing it themselves — and through WCC, they’d found purpose. Niner wanted to be a part of it.\n\n"", '‘This Is Him. This Is My Guy.’': ""Niner started volunteering with WCC, first doing maintenance work and, over the course of a year or two, training and exercising the dogs. After getting to know Niner and observing his interactions with the dogs, the trainers told him he’s a perfect candidate for a service dog.\n\nAKC is a participant in affiliate advertising programs designed to provide a means for sites to earn advertising fees by advertising and linking to akc.org. If you purchase a product through this article, we may receive a portion of the sale.\n\nBut Niner was skeptical. He wondered whether a service dog was really capable of supporting his needs when even the therapists couldn’t. “I was kind of like, well, maybe this is the answer,” he says, “but I obviously didn’t want to get my hopes up.”\n\nHe was also familiar with the process, having seen many pairings as a volunteer. “The dog really does choose you and how they interact with you,” he says. Sometimes a veteran clicks with a dog instantly, and others might meet several dogs before finding a match.\n\nAKC is a participant in affiliate advertising programs designed to provide a means for sites to earn advertising fees by advertising and linking to akc.org. If you purchase a product through this article, we may receive a portion of the sale.\n\nWaiting to meet the dogs WCC arranged as potential partners, Niner watched a handler walk a black Lab across a large patch of grass at the facility.\n\n“As soon as she saw me, this dog just made a beeline straight for me,” Niner says. It was Bea — and she wasn’t one of the dogs WCC had intended for Niner to meet that day. But the trainers trusted Bea’s instincts and encouraged Niner to take her for a walk to bond together.\n\n“She was just so attentive … just watching and looking, and watching and looking,” Niner says. “When I went to leave, you could tell she was like, ‘I don’t want this guy to leave. This is him. This is my guy.'”\n\n"", 'An Instant Connection': ""On her first night home, Bea sensed Niner was having a night terror. As Niner tossed and moaned in his sleep, Bea got up from the floor and started licking his face. Niner awoke, confused, to his wife sitting up and Bea standing bedside, wagging her tail. She then lay down beside him, resting her head on his chest.\n\nAKC is a participant in affiliate advertising programs designed to provide a means for sites to earn advertising fees by advertising and linking to akc.org. If you purchase a product through this article, we may receive a portion of the sale.\n\nNiner lay in bed, amazed. It typically takes some time for service dogs to learn the rhythms and routines of their new owners, but Bea picked up on Niner’s right away. “I was lying there for a couple of hours after that, like, ‘Holy crap. This dog was on point.'”\n\nBea instinctively responds to Niner’s anxious behaviors. He paces a lot — and as soon as he stands up, Bea is on her feet, pacing alongside him. If he’s sitting and bouncing his leg nervously, Bea will rest her head on his lap to help him settle. When Niner fidgets with his hands, sometimes to the point of making his fingers bleed, Bea will nuzzle her nose between his fingers to make him stop.\n\nGradually, Bea helped Niner feel secure enough to start attending his kids’ soccer games and cheer practices — overwhelming events that are highly triggering for Niner. Large crowds, loud noise, and strangers crowding his personal space amplify Niner’s anxiety. In these chaotic environments, Bea will lean up against Niner’s leg, providing calming pressure while also creating a buffer to give him space.\n\nBut Bea doesn’t let Niner ignore the crowd. Instead, other parents have seen her service vest and approached Niner to share that they, too, are veterans, with the same struggles. “You just connect on a different level with somebody else that you never thought of,” Niner says. “I thought I was all alone, but come to find out, there are a lot of other people.”\n\n"", 'From Service Dog to Firehouse Dog': 'Niner transferred to the Letterkenny Army Depot’s Fire and Emergency Services, where the crew welcomed Bea with wide-open arms, as if she was one of them. When Niner arrives at work, Bea heads straight to the fire chief’s office to say hello, then continues down the hallway to greet everyone on shift.\n\nAKC is a participant in affiliate advertising programs designed to provide a means for sites to earn advertising fees by advertising and linking to akc.org. If you purchase a product through this article, we may receive a portion of the sale.\n\nShe seamlessly adapted to life at the firehouse, unfazed by the loud sirens or fire bells, and provides the same comfort and support to the other firefighters as she does for Niner. “If those guys are having a hard day, it’s funny, because she’ll go there and do the same thing — rest her head on their laps, or if they’re in a recliner having a hard day from a call, she’ll jump up in the recliner and lie across them,” Niner says.\n\nOne day, Niner and his crew were showing off their truck to a group of kids when they were alerted to a house fire. Bea typically stays at the station on emergencies, but that day she had tagged along for the community outreach. There was no time to waste, so Bea dutifully jumped in the fire truck as Niner and his team headed to the blaze.\n\nAKC is a participant in affiliate advertising programs designed to provide a means for sites to earn advertising fees by advertising and linking to akc.org. If you purchase a product through this article, we may receive a portion of the sale.\n\nWhen they arrived, the firefighters piled out and began pulling hose lines in the front of the rig as Niner pumped the line on the opposite side. And Bea, ever loyal to Niner and the squad, was ready to join them in the face of danger as they rushed inside to fight the flames.\n\n“I walk around just to check on her. Well, here you see her little black, fuzzy butt just going in the door, following the guys on the hose lines,” he laughs. “I’m screaming, ‘Bea!’ She turns around, like, ‘What?’ And she comes walking back, like, ‘OK,’ and got right back in the fire truck.”\n\nAnd when she’s not on a call, Bea is waiting for the unit when they get back home. Exhausted, hot, and emotionally taxed, the firefighters light up when they see Bea, who greets them with licks and tail wags.\n\nNiner says Bea keeps him looking forward — she doesn’t dwell on his past or what he’s been through. “She’s just focused on her job and me. It’s like no matter what, in her eyes, you can never do anything wrong.”\n\nAKC is a participant in affiliate advertising programs designed to provide a means for sites to earn advertising fees by advertising and linking to akc.org. If you purchase a product through this article, we may receive a portion of the sale.\n\n', 'We use cookies': '', 'Privacy Preference Center': ''}",[]
