url,title,updated_date,tag_list,author,intro,full_content,faq
https://www.akc.org/expert-advice/puppy-information/dog-ownership-right-for-you/,Is Dog Ownership Right for You?,"May 29, 2025","['responsible dog ownership', 'cost', 'daycare', 'puppy blues']","Stephanie Gibeault, MSc, CPDT","Dogs make fabulous companions and there are many benefits to dog ownership, from better physical fitness to increased social interaction. Plus, the media presents dogs as fun, lovable, and low maintenance — maybe with the exception of dogs in horror movies.

Getting a dog may seem like the perfect way to enhance your life. But there can be potential drawbacks to having a dog, too. Before bringing a dog into your life, it’s important to know all the pros and cons of dog ownership. It’s important to make a fully informed decision that will be best for you and for the dog.","{'The Whole Picture of Dog Ownership': 'Having a dog in your home can be a wonderful experience, but it’s not always sunshine and rainbows. There are financial costs, time commitments, and even emotional burdens to consider. For example, owning a dog with behavioral issues, like reactivity or aggression, can be stressful and lead to feelings like shame and anxiety. Even a new puppy can cause frustration and exhaustion, a condition commonly known as the “puppy blues.”\n\nPeople don’t often talk about these negative sides to dog ownership. But, you can’t be prepared to be a responsible dog owner if you don’t know the whole story before committing to a life with a pet. To help prospective owners make more conscientious decisions, a team of scientists including Laura Gillet, a psychologist and PhD student in the Department of Ethology at Eötvös Loránd University in Hungary, decided to look at which parts of dog ownership are considered the most beneficial and which parts are most costly.\n\nThe researchers presented 246 dog owners with a list of 33 statements related to pet dogs. They asked the owners to rate the statements on a scale from big advantage (+3) to big disadvantage (-3). The statements included phrases like “Having a dog can help people to learn responsibility,” “Dogs need their owners to take care of them,” and “Dogs need to be trained and educated.”', 'The Pros Often Outweigh the Cons': 'Dog owners rated positive statements (those given a rating above zero) much higher than negative statements (those rated below zero). On average, positive statements rated 2.06 on the scale whereas the negative statements only rated -0.66. In other words, dog owners rated the pros quite high on the scale, while most cons were barely negative at all.\n\nThe five benefits of dog ownership that the participants rated the most positive were the following:\n\nBased on these results, Gillet says for the majority of dog owners, dog ownership likely provides more pros than cons. “This doesn’t mean that they never experience any issues with their dogs. But overall, having a dog brings more benefits than costs.”', 'So, What Are the Cons of Dog Ownership?': 'Conversely, the five greatest disadvantages of dog ownership as perceived by the study participants include the following:\n\nDespite the low rankings, considering millions of dogs enter shelters each year, there are obviously people for whom these disadvantages are impossible to manage. Gillet found that the average score of negatively rated statements was not as negative as she anticipated. She presumes this is due to surveying a specific group of dog owners who were interested in canine science and likely invested in dog training and care.\n\nMost of those surveyed owned adult dogs that they acquired as puppies. “Future directions of our work could be to focus on those people who relinquished their dogs or decided not to have another one after a bad experience. We also acknowledge that experiencing difficulties with a companion dog can be hard to admit, even in an online, anonymous questionnaire.”', 'Different Benefits of Having a Dog': 'Based on the study results, the researchers identified three components of dog ownership. The first is the emotional, physical, and social benefits of having a dog. The second is the negative emotions and practical challenges of dog ownership. And the third involves the commitment and responsibilities that come with having a dog in the long term. For example, the time needed for the dog’s daily care and training or the dog’s impact on the owner’s routine and quality of the dog owner’s sleep. Some owners saw the third component as positive, while others saw it as negative.', 'The Commitment of Dog Ownership': 'Commitment and responsibility are important. But the perception of these depends on a person’s circumstances and individual characteristics. For example, some people love having an animal to care for and teach, while others may not. Gillet cautions this component is the main aspect of dog ownership that people should probably consider before getting a dog. It’s important to think about what will happen to your dog if you take a trip or have to go into the hospital. Will you have enough time and energy to devote to your dog after a long day at work? “Before getting a dog, it’s important to be aware of what you can offer to a dog, and to choose a dog accordingly,” she says. “Or, to choose not to have one, which, in some cases, is also the responsible thing to do.”\n\nGillet says dog owners should realize that the quality of the dog/human relationship determines how beneficial the overall experience can be. Share activities and quality time together, invest in your dog’s training education, and learn how to communicate with your dog. Be willing to build an emotional bond over time. However, she warns that any potential relationship also depends on the needs and expectations of the future owner. “Reflect on why you want a dog, and what kind of relationship you wish to share with it. The second is to choose a dog that is most likely to be a good match. Keep in mind that dogs are individuals with their own needs and desires, which may sometimes contradict ours.”'}",[]
https://www.akc.org/expert-advice/puppy-information/how-do-puppies-minds-develop/,Duke University Studied 101 Puppies to See How Their Minds Developed,"Oct 08, 2024","['labrador retriever', 'cognition', 'development']","Stephanie Gibeault, MSc, CPDT","There’s no question that puppies are adorable, but what’s going on inside their heads? Do they all learn the same way and at the same pace? Or does every puppy have their own strengths and timeline of cognitive milestones? Vanessa Woods, a research scientist at Duke University, and Dr. Brian Hare, a professor at Duke University, explored these questions in their new book Puppy Kindergarten. Their research followed 101 puppies to see just how puppy minds develop, and what they discovered might surprise you.","{'Why Raise 101 Puppies?': 'Woods and Dr. Hare enrolled 101 Labrador Retriever puppies in Duke Puppy Kindergarten to help discover why some dogs make great service dogs and others fail to graduate from their rigorous training programs. The goal was to develop a standardized set of tests to assess untrained puppies for which careers they would be best suited for, from drug detection to service dog to family pet. All of the puppies were bred by Canine Companions, one of the world’s largest service dog organizations.\n\nFifty-two of the puppies were raised on the Duke University campus. Volunteers with Canine Companions raised the remaining dogs in their homes. All the puppies underwent a series of cognitive tests every two weeks between the ages of 8 and 20 weeks – their final period of rapid brain development. The tests were really games, such as fetch or find the hidden treat, designed to look at various cognitive abilities and how they develop.', 'How Do Puppies’ Brains Develop?': 'As Dr. Hare and Woods explain in Puppy Kindergarten, the traditional idea of intelligence is “something you have more or less of, like coffee in a cup.” If a dog can solve one kind of problem, they can likely solve all kinds of problems. But a different way of looking at intelligence is to see it as a selection of cognitive abilities that vary across individuals. This way of thinking is known as multiple intelligence theory. So, for example, just because a specific dog is good at navigation, that doesn’t mean they have a good memory, too.\n\nIn their earlier work with adult dogs, Dr. Hare and Woods found that the multiple intelligence theory fit dogs best. And the same was true with the puppies. According to Woods, their main discovery was when these intelligences, or cognitive abilities, appear in a puppy’s mind. “Like us, puppies are not born with all the bulbs in the box; these different cognitive abilities appear at different times. For example, their self-control develops slowly from 10 to 14 weeks old – so accidents in the house, tearing up everything in sight, and acting out every thought in their heads are pretty common before the four-month mark.”', 'What Are the Different Types of Dog Intelligence?': 'Puppy intelligence isn’t like a lightbulb that switches on at a certain age; instead, it’s a suite of lights that all turn on at different times. Some show up early and burn bright right away, whereas others come later and are slower to reach maximum brightness. The order in which the puppies acquired different abilities wasn’t what you might expect. For example, understanding basic human gestures like pointing arose before the puppies learned to understand the physical world or developed self-control. Woods says, “It was extraordinary to watch these 8-week-old puppies, who could barely walk across the room without falling asleep, who couldn’t navigate their way around a door, reading our communicative gestures better than any other species, including our closest living relatives, chimpanzees, and bonobos. Interestingly, just as it is the first intelligence to develop in puppies, it is also the first to develop in us.”\n\nIt wasn’t until the puppies reached 10 weeks of age that self-control began to emerge. They were between 12 and 14 weeks when they achieved adult-like abilities with self-control problems. One such problem involved putting a treat in a transparent tube with the open ends turned away from the puppy. Since the tube was see-through, the puppies’ eyes said the treat was right in front of them. But they had to resist the urge to go straight ahead and instead detour around the tube to one of the open ends.\n\nOnce they were between 12 and 14 weeks, the puppies could understand basic physics problems, such as understanding if two towels are lying on the floor, the one lying flat isn’t covering anything, whereas the towel with the bowl shape underneath is the one hiding the bowl. The puppies began making eye contact at this age. They also achieved adult levels of mastery in simple memory problems like remembering after 20 seconds which of two overturned bowls was hiding a treat.\n\nBut these are generalities. Not every puppy showed the exact same pattern of development. One puppy mastered all the problems before she was 13 weeks old, while some puppies struggled with tests designed for pigeons. Other puppies shone bright in one area, like communication, while they struggled with another, like physics.', 'How Does Puppy Brain Development Influence Training?': 'How does this new information impact how you train and interact with a puppy? Woods says it helps you modify your expectations of what your puppy can do at a given age with the reality of what they’re capable of. For example, the slow development of self-control makes puppy-proofing essential. “A 10-week-old puppy running around and tearing up the house is not intentionally misbehaving. They don’t have the self-control to inhibit one behavior over another. This is what training is. You’re asking a puppy or a dog to do something when they would prefer to do something else. Understanding that self-control comes online at a certain period helps you decide when to train your puppies to do various commands.”\n\nAlso consider that puppies aren’t the strongest at understanding the physical world. They have a hard time with gravity or understanding that objects roll down or fall in a specific direction. They are also challenged by the concept of connectivity or being connected to you by a leash. Woods advises when it comes to physics, you have to do a lot of your puppy’s thinking for them.\n\nFinally, the research showed that each puppy is an individual with their own timetable and set of skills. So, it’s important to realize that no matter how many puppies you’ve raised before, there will always be something surprising and unique about your next puppy. It’s not about success or failure with these skills, but about understanding the strategy your particular puppy uses to solve problems. That might make them suitable for search and rescue work, service work, or cuddling with the family on the couch. In Woods’ opinion, “Puppies are a lot like us in that they’re going to thrive in a job that is suited to their particular skill set, and it’s up to us to figure out what that skill set is.”', 'What Is Left to Discover About Puppy Brain Development?': 'For Woods, her favorite part of the Puppy Kindergarten research was seeing the puppies matched with somebody who needed them through Canine Companions, whether that was helping a child with autism, helping a young adult navigate their way through college, or assisting a person in a wheelchair. But what makes continuing this research so important is the fact that Woods and Dr. Hare still can’t predict which puppies will make great service dogs. “We’ve had puppies we never thought would make it just from their personalities and temperaments who went on to be great service dogs and puppies who we thought were surely going to make it who didn’t. So that’s why we need the science; without a rigorous form of testing, you’ll always be guessing.”\n\nWoods says they have just barely scratched the surface when it comes to exploring the puppy mind. She looks forward to discovering even more types of intelligence in puppies because the abilities they tested in their research aren’t the only ones that exist. She also wants to expand their aptitude testing for potential service dogs. She believes because service dogs seamlessly blend into the lifestyles of their human partners, we have much to learn from them about how any puppy can become a great pet.'}",[]
https://www.akc.org/expert-advice/puppy-information/is-dog-daycare-right-for-your-puppy/,Is Dog Daycare Right For Your Puppy?,"Jul 13, 2023","['socialization', 'dog daycare', 'daycare']",Dogtopia,"This Is a Paid Advertisement for Dogtopia

Puppies can be a great addition to your family, but that doesn’t mean they can’t sometimes be a handful. They have a lot to learn and require lots of training, attention, and structure from their owner.

Part of caring for a puppy includes providing opportunities for socialization and exercise for their endless energy.

While you’re considering your options, you may come across dog daycare, and wonder whether it’s the right choice for you and your puppy. Dogtopia dog daycare centers can help take care of your puppy when you’re unable to, and allows them to get the full benefits of a loving and supportive environment away from home.","{'When Should Your Puppy Start Daycare?': 'You can start bringing your puppy to daycare as soon as they receive their important vaccines. All Dogtopia daycare centers require two doses of DHPP, Bordatella, and the rabies vaccine, and some locations also require the canine influenza vaccine. Most puppies reach these basic dog vaccine requirements between 12 and 16 weeks of age, but it’s important to consult with your veterinarian to get a specific timeline of all necessary vaccines to keep your puppy and those they interact with safe and healthy.\n\nDogtopia’s professionally trained Canine Coaches have a strong understanding of the different stages of puppy development, and can effectively guide them through these phases. Things like reading dogs’ body language and social cues are what they excel at, which allows the coaches to give your dog an experience that helps them socialize with other dogs and people in public.', 'Consistency Is Key in Your Puppy’s Routine': 'All dogs benefit from a consistent routine, especially puppies, so having a dependable day-to-day schedule is important. Dog daycare not only helps provide them structure, but it also familiarizes them with different experiences in a safe environment. They will receive positive reinforcement for the correct response, and are constantly rewarded with affection when they do things like sit patiently for a nail trim, greet a new friend with a tail wag, or come when their name is called.\n\nAs a puppy enters adolescence, consistency becomes even more important. Puppies enter this stage around six months old, and it can last until around one-and-a-half years old, but this varies by breed. In this stage of their lives, puppies are known to test boundaries and have endless amounts of energy, sometimes forgetting cues they’ve learned before. The structure of daycare allows for positively-reinforced training and reminders of what good manners should look like. They’ll also be able to get their energy out during the day, so they can be calmer for you at home. They’ll associate daycare as a place for them for run and play, leaving home time for relaxing with you.', 'What Are the Benefits of Dog Daycare?': 'Socialization, exercise, and education are all key factors in caring for a dog. Puppies need exposure to many different experiences to help prevent fearful behaviors and help them develop into well-rounded adult dogs.\n\nAt Dogtopia, early socialization for puppies includes meeting Canine Coaches, who work to increase your puppy’s confidence when being led on leash, introduced to new friends, or asked to rest in a similar crate to what they may have at home. Your puppy will practice important dog-to-dog communication skills with other dogs, including letting them know they want to play, or that they’re tired and need a break.\n\nEvery dog benefits from regular exercise, and puppies need safe outlets to burn off their excess energy. Dog daycare provides the safe environment your puppy needs for the proper amount of veterinarian-recommended exercise, which can also mean a less mischievous puppy at home.', 'A Home Away From Home': 'Dogtopia daycare isn’t just for looking after your dog. Dogtopia also hosts themed events that your dog can take part in, such as “Dog Prom,” photo parties, and bacon-flavored bubble days. There are even opportunities for you and your dog to help raise money for veterans’ service dogs.\n\nYou’ll never have to worry about them while you’re apart, as dog owners can watch Dogtopia’s various live webcams throughout the daycare facilities to see how their dog is doing while they’re at daycare.\n\nTo find a Dogtopia location near you and learn more about the benefits of daycare, visit dogtopia.com/locations.'}",[]
https://www.akc.org/expert-advice/puppy-information/puppy-proofing-tips-for-your-home-and-yard/,Puppy-Proofing Tips for Your Home And Yard,"May 24, 2023","['safety', 'puppy-safe', 'backyard']",Harriet Meyers,"Congratulations! You’ve taken the plunge and joined the exciting and sometimes chaotic world of dog ownership. By now, you’ve probably done some research and have an understanding of how to care for your new puppy. Your house is going to be the place where your dog spends the majority of their life, so it’s vitally important that you take precautions to make sure it’s a safe environment.

Puppies are extremely energetic and curious, so when puppy-proofing your home, you must be thorough. It’s amazing what one little puppy can get into. By puppy-proofing, you’re trying to keep the puppy safe and prevent them from getting access to anything dangerous.","{'Checklist for Puppy-Proofing Indoors': 'When you take your puppy outside, you need to take precautions there, too. Your backyard is going to be your puppy’s playground (and bathroom), so it’s important that it is also clear of all hazards.', 'Checklist for Puppy-Proofing Outdoors': 'Puppies are completely dependent on you for everything, and their safety should be your No. 1 priority. It’s a hefty responsibility, but most definitely worth it.'}",[]
https://www.akc.org/expert-advice/puppy-information/new-puppy-checklist/,New Puppy Checklist: Gear You’ll Need for Your New Dog,"Mar 10, 2026","['toys', 'dog food', 'potty training', 'crate training']",Kaitlyn Arford,"Before you welcome a new puppy into your home, you’ll need to make sure your space is ready for them. But raising a puppy isn’t easy. Puppies require a lot of attention and care, so making a checklist of what you’ll need is suggested, and picking up these basics for your new puppy is a great place to start.","{'Harnesses for Puppies': 'It can be helpful for puppies to use harnesses, especially if they’re learning to walk on the leash. Dog harnesses will help not tug at their neck, especially if they’re still lunging during walks. Harnesses also make it easier to control your puppy when you’re out.\n\nSome reflective harnesses also have strips that make your puppy easier to see in low light conditions. They’re perfect for walking early in the morning or in the evening.', 'Leashes for Puppies': 'Training leashes are great options for your new puppy. You’ll want to teach them how to heel and walk without tugging on the leash, so training leashes are ideal. They’re made for this stage of dog-walking.\n\nThey’re also good options for keeping your puppy close when playing in the backyard. Longer training leashes allow your dog to run around at a greater distance, but make sure that your dog is never left unsupervised.', 'Places for Puppies to Sleep': 'Just like we love our beds, puppies need a place to sleep too! Dogs all have different tastes, so it might take a few tries to figure out where your puppy is most comfortable taking naps. Dog beds are classic options, and come in many different variations. Bolster dog beds can help puppies that move a lot in their sleep stay put, and elevated dog beds are good options for beds that are off the ground, but aren’t ultra-fluffy. Other dogs might love that fluffy dog bed option — it all depends on the dog.\n\nSome dogs prefer being closer to the ground. Getting a dog blanket or a thinner dog bed might make them feel more comfortable.', 'Chew Toys for Puppies': 'Puppies are going to be teething, so aside from regular adult dog chew toys, you’ll need puppy teething toys as well. Puppy teething toys are different than regular dog toys because they help relieve pain in your puppy’s gums. It’s also a great way to keep them occupied!', 'Puppy Treats for Training': 'Your puppy is going to be learning a lot of new things early on in their life. What better way to help these stick than giving them training treats as positive reinforcement? Figuring out which treats your puppy likes is a great way to help them learn, too. Some treats even help with puppy teething!', 'Puppy Dental Care': 'Starting your dog’s dental care routine early isn’t just beneficial to their health. Brushing your puppy’s teeth early will help them get used to the feeling. Dog toothbrushes are probably the first tool you’d think of for dog dental care, but they aren’t the only one. Puppy dental water additives help with plaque, and can be added to your puppy’s water.\n\nDog dental treats are also a helpful tool to making sure your puppy’s teeth are in tip top shape. Dog dental wipes, which also come in finger brush form, are a good way to get your dog’s teeth clean and fresh.', 'Housetraining Your Puppy': 'When you’re training your puppy, housetraining is a big part! You don’t want them to have accidents, so getting started early on will help them get into a good routine. Some good things to have when you start potty training your puppy are a crate to help reinforce a schedule, puppy pads, and urine detectors.\n\nYou can’t always know when they’re going to have an accident, so when you smell it but can’t find it, urine detectors will come in handy. You’ll also want to pick up some poop bags for walks and bathroom breaks.', 'Feeding Your Puppy': 'Your puppy will inevitably grow, and for some breeds, this change is fast! While you’re giving them puppy food, they’re going to need something to eat it out of. Elevated dog bowls are a great choice for dogs to help reduce the strain in their neck. But dog bowls can also change with your dog! If your puppy is expected to grow quite a bit, try an adjustable dog bowl that will work for all stages of life.', 'Creating Boundaries for Puppies': 'When you bring your puppy home, you may consider only letting them access certain areas of your home at first, gradually increasing where they’re allowed to go. Creating boundaries for your dog is important, especially early on. This could mean crating your puppy at certain times of day, or restricting their access to certain rooms with puppy gates.\n\nIf they like to go on surfaces like your bed, you can also help make the jump easier for them with a dog ramp or dog stairs. These are create for bridging higher surfaces, including couches.'}",[]
https://www.akc.org/expert-advice/puppy-information/what-dog-is-right-for-me/,What Dog Is Right For Me? How to Choose the Perfect Breed,"Jun 02, 2025","['find a breeder', 'puppies', 'dog breeds']",AKC Staff,"Congratulations on making the exciting decision to bring a puppy or dog into your home. Whether your new addition will be your first dog or another in a long line of family pets, we’re here to guide you along the process of picking the best dog for your individual personality and lifestyle.

Getting a dog from a breeder isn’t your only option when bringing home a new pet. You can also find a purebred or rescued dog through the AKC Rescue Network, as well as older dogs in rescues.","{'Consider Your Lifestyle': 'Here are just a few questions to ask yourself when determining which dog is the best fit for your lifestyle. Keep in mind that a prospective breeder may ask you these questions when deciding if your home is right for one of their puppies, so it may be helpful to jot your answers down.', 'Consider Your Expectations': 'Now, think about what you’re looking for in a dog.\n\nOnce you’ve answered these and the above questions, you should be able to narrow down your choices significantly. For instance, if you are looking for a dog that matches your very active lifestyle and are interested in trying agility, you might select a Border Collie. If you prefer a smaller breed but have the same interests, you might instead go for a Papillon. And if you want a family-friendly dog that needs moderate exercise and little grooming (but you don’t mind shedding), you may want a Labrador Retriever. Use the AKC’s “Find a Match” feature for help selecting a breed.', 'Learn About the Breed': 'After you get an idea of what breed of dog you may be looking for, learn everything you can about that type of dog. By purchasing a puppy from a responsible breeder, you’ll have a bit of predictability in temperament, size, and grooming needs. Although each dog is different, this information can be valuable in making the best determination if a breed is right for your lifestyle and needs.\n\nBy reading the breed pages for each breed, you can learn about a dog’s history, personality, grooming and exercise needs, and more. Follow the AKC on Facebook to see featured breeds of the day and learn more about each breed from the people who know and love them best.\n\nEach breed has an AKC-affiliated club, made up of breeders and fanciers who have years of experience in a particular dog breed. Many clubs offer information on the dog breed’s personality on their website. But if you need more information, club members’ contact information is easily available, and members are always willing to answer questions about the breed they are so passionate about. The AKC breed pages will also have links to the breed’s club page.\n\nWatching a dog show on television will provide you with a wealth of information on a dog, but it’s even better if you can make it out to one in person. Visit the AKC’s events page to find upcoming dog shows in your area. To learn about a specific breed, go to a Conformation show, but if you are looking for a breed in a particular sport (like Agility), watching a competition might give you a good idea of what to look for. Just remember that no matter what type of show you’re watching, it’s best to wait until the competitors have finished in the ring before asking them for advice, and never pet a show dog without asking first.\n\nThroughout the year, cities host AKC Meet the Breeds events, with over 100 dog breeds in attendance. At these shows, you can meet, pet, and play with dogs of all kinds of breeds. You can also ask questions of breed experts and breeders, regarding the dog’s temperament, grooming, etc. You might even connect with the breeder of your future dog!\n\nNearly all of the 200 AKC-recognized breeds have a dedicated section in this 992-page hardcover book. “The New Complete Dog Book: Official Breed Standards and Profiles for Over 200 Breeds” is coined “American Kennel Club’s Bible of Dogs,” complete with full-color photos, information on grooming and exercise, breed histories, and more.', 'Picking a Purebred Puppy': 'If you’re in the market for a purebred puppy, you’ve come to the right place! You likely have a breed in mind already, but there are so many breeds recognized by the AKC, so you might want to expand your search either way. Every dog is different, so it’s necessary to do your research and pinpoint your own expectations so that you and your puppy can have a lifetime of success.\n\nIf you’re confident you’re ready for a new puppy, have selected the right breed for you, and did all of your research, the next step is finding a responsible breeder to sell you a puppy. You should be able to visit the puppies before they are ready to come home (at 8 to 12 weeks of age) and meet at least one of the parents, either in person or virtually.\n\nYou can start by visiting AKC Marketplace, which will allow you to search for trusted, responsible breeders near you and help you connect with someone who might have your future dog!\n\nOnce you’ve found your breeder, talk openly with them about your expectations for a dog. Your breeder will have experience in predicting a dog’s temperament and can help you pick the best one from the litter for your needs. Also, the breeder will give you advice on socializing and training your puppy, as well as their exercise needs, to ensure that your grown dog is exactly what you had hoped for in a family pet.', 'Picking a Rescue or Older Dog': 'One of the biggest benefits of responsibly bred dogs is that they are predictable. While many families, especially those with children, prefer to purchase a purebred puppy from a reputable breeder who has health- and temperament-tested their dogs, some prospective dog owners may decide an older dog is the best fit. When picking an older dog, it’s still important to consider your lifestyle and your expectations of a pet as outlined above, then discussing these factors with the dog’s organization.\n\nThe first step in deciding if you want to rescue a dog is to consider your circumstances. What kind of dog are you looking for? Will your dog be around children? How much time/money do you have to dedicate to training and medical expenses?\n\nIf you’re looking for a purebred rescued dog, the AKC Rescue Network is the largest network of dog rescues in the United States. Many AKC breed clubs rescue dogs of the breed and devote time and resources to doing so.\n\nMany breed clubs, like the Bulldog Club of America, handle breed rescue directly, while other clubs, like the Golden Retriever Club of America, provide resources such as coordination, online listings, fundraising, and grants to dozens of local breed rescue organizations. Be cautious of rescue organizations charging high “adoption fees” or selling rescued dogs over the Internet.\n\nMixed-breed dogs can be less predictable in terms of temperament, but by spending time visiting with the dog or speaking with the organization’s employees or those fostering the dog, you can get a better sense of how well the dog will fit into your home.'}",[]
https://www.akc.org/expert-advice/puppy-information/do-you-need-pet-insurance-for-your-puppy/,Do You Need Pet Insurance for Your Puppy?,"Apr 08, 2024","['acquiring a puppy', 'pet insurance', 'money']",AKC Staff,"Welcoming home a new puppy can be a ton of fun. Introducing your dog to friends and family, spoiling them with treats and toys, and sharing in all their “firsts” makes for an experience that’s rewarding to dogs and humans alike. Don’t forget, however, that caring for a puppy isn’t all fun and games — far from it. Puppies require consistent care and attention to ensure they grow up happy and healthy, and their boundless enthusiasm can make them susceptible to common accidents and injuries. Fortunately, pet insurance can help both first-time and veteran puppy owners better manage expenses while caring for their pets.","{'Why You Need Pet Insurance': 'Many pet insurers make filing claims as easy and convenient as possible, much like the process humans undergo for medical insurance claims. Typically, all you need to do is visit your usual vet, receive an itemized invoice, and file a claim to get reimbursed for most eligible expenses.', 'Why Buy Pet Insurance Now?': 'Pet insurance premiums vary based on a number of factors, including age and health. While you may have a healthy puppy now, they will likely encounter health issues throughout their life. There are several reasons why it’s best to be prepared with a policy for your puppy, even if it seems like you may not need one yet.', 'Which Insurance Is Right for My Puppy?': 'There are plenty of pet insurance providers and policies out there, and it can be difficult to determine which fits your needs. Knowing what coverage is included in your policy, and how much of a premium you’re willing or able to pay, are important factors when deciding.\n\nAt the end of the day, purchasing toys and treats for your puppy may be more fun, but purchasing the proper insurance can be a gamechanger over the course of your dog’s life. Therefore, it’s important to do your research and consider all possible factors to help determine the best possible pet insurance for your puppy and yourself.'}",[]
https://www.akc.org/expert-advice/puppy-information/how-many-dogs-is-the-right-number-for-you/,How Many Dogs Is the Right Number for You?,"Mar 24, 2026","['acquiring a puppy', 'multi-dog household', 'multi-pet household']",Nandini Maharaj,"Getting a dog or becoming a multi-dog household can be more complicated that expected. Individual dogs have different needs, and you also have the needs of your household to consider. When deciding what’s the right number of dogs for you, here are a few things to consider.","{'Consider the Needs of Your Current Dogs': 'Just as a puppy requires training and socialization, older dogs, dogs with special needs, and those with behavioral issues need your care and attention. It’s important to resolve issues like aggression before getting another dog. A dog that’s anxious or fearful likely won’t warm up with time.\n\nNext, consider whether you have the time, space, and money for another dog. You’ll need to budget for the added cost of food, grooming, veterinary care, and pet insurance.\n\n“Be prepared for the financial and emotional cost,” says Alice Fisher, certified professional dog trainer and training director of DOGSmart Training. The ideal scenario is having dogs that are relatively close in age. If your dog is under a year old, wait until they’re properly trained and have developed a bond with you.\n\nSince older dogs are less inclined to tolerate an unfamiliar dog, Fisher recommends holding off on getting a new dog until after your dog has passed. “When the first dog is moving towards the end of life, you owe them not to feel threatened in their home or overwhelmed,” says Fisher.\n\nWith proper training, same-sex dogs can coexist peacefully. “Make sure there’s an age break and consider spaying or neutering,” advises Fisher. Finding a good match for your dog’s temperament and energy level will give you the best chance of success.', 'Do Your Family Members Want Another Dog?': 'Before adding another dog to your household, you need to make sure the rest of your family feels comfortable with the decision. “I’ve had people get dogs when their children are scared,” says Fisher. “Kids will act inappropriately and then the dog feels threatened.”\n\nIt’s also important to consider the health needs of your family, such as if someone in you household is allergic to dogs. “People tell me they have allergies and are hoping to find the best dog that doesn’t make them allergic,” says Fisher. “I can’t think of any.” Although some dogs are less likely to induce allergy symptoms, there is no breed that is 100% hypoallergenic.\n\nFisher cautions people to closely monitor interactions between small children and toy breed dogs. “These dogs get over-handled and squished,” explains Fisher. “I tell parents to get a matching stuffed dog for the kids to carry. It’s about putting yourself in a supervisory position to help them learn manners around each other.”', 'Matching Your Lifestyle to a New Dog': 'When your dog arrives, will you be starting a new job or moving residences? If your dog has traveled a long distance or lived in a different environment (e.g. farm, rescue shelter, another country), they’ll need time to adjust.\n\nDogs also have different grooming, training, and exercise needs. For a double-coated dog, “be prepared to comb or desensitize the dog to being handled,” says Fisher. “With multiple dogs, you can start training them separately and then see how they are together.” Going on separate walks can also help with learning basic commands.\n\n“People have a certain look about the dogs they want and haven’t really considered the breed along with the personality,” explains Fisher. Getting a dog from the same breeder doesn’t guarantee the new dog will share your enthusiasm for activities like dog sports.\n\n“When I talk to people about getting a second or a third dog, they’re always on the lookout for a pet and companion,” says Fisher. “But the dog will also be required to hopefully enjoy the same things and it’s not always a match.”\n\nGet as much information as possible beforehand by researching AKC breed descriptions and talking to a breeder or trainer. For dogs of any age or breed, continue adding new sources of enrichment. Fisher suggests introducing puzzles or games, suited to your dogs’ abilities.', 'Getting a Puppy': 'Breeders often steer people away from getting more than one puppy at a time. This advice also applies to older dogs, since it’s hard to bond with them individually.\n\n“The dogs spend more time on each other than they do on the new person in their life,” explains Fisher. “Once dogs are out of puppy age, they give each other a play once a day but it isn’t for hours like we think it is.”\n\nIf you have your heart set on more than one puppy, Fisher recommends getting them from different litters and spacing them six months apart. “Give yourself a break,” says Fisher. “If you’ve had your furniture torn, save it for the next dog before you go and change your couch.”', 'Introducing the Dogs': 'When you’re introducing the dogs, watch for signs of aggression, such as stiff posture or growling. “Understand when it’s not going well, see how you can interrupt it, and teach them appropriate play,” advises Fisher.\n\nIn the case of a pair or multiple dogs, size differences aren’t necessarily a problem. Older dogs may correct younger dogs by barking or snapping. Knowing when to stay off furniture or waiting their turn for a treat helps younger dogs learn to regulate their emotions.\n\n“I send people to read breed descriptions,” says Fisher. “Can they deal with the size and energy? I say ‘I want you to get a tape measure and see how high the dog is in the shoulders,’ because the pictures look like one thing.”\n\nSize can become a concern, however, when your dogs don’t know each other well. There’s a risk of injury, for example, if you introduce a medium or large dog in a home with a 14-year old dog or a dog under ten pounds.\n\nMonitor your dogs and gradually give them time alone together. “It’s like when you’re trying to housetrain a puppy,” notes Fisher. “You’re supervising them and if not, you’re keeping them separated or contained.”\n\nAlong with training and socialization, carefully considering everyone’s needs is important for enjoying a single or multi-dog household. “This isn’t about the quick fix,” emphasizes Fisher. “This is about building a relationship just like with your first dog.”'}",[]
https://www.akc.org/expert-advice/puppy-information/puppy-for-christmas/,What to Do When Someone You Love Wants a Puppy for Christmas,"Dec 09, 2025","['acquiring a puppy', 'holidays', 'first puppy']","Sassafras Patterdale, CPDT-KA, CTDI","Has your child or someone in your family asked to get a puppy for Christmas? The fantasy we see in movies — running to the tree on Christmas morning and finding a puppy wrapped up with a bow — isn’t as fun in reality. Puppies shouldn’t be a surprise. Everyone in the family should be ready and prepared for the commitment of bringing a new dog home.

In This Article

So if someone you love asks for a dog this holiday season, here’s how to best approach the situation.","{'Puppies Don’t Make Good Christmas Gifts': 'It’s never a good idea to give a dog or puppy as a gift if the recipient hasn’t been actively involved in choosing them. Even with the best intentions, you could end up in a situation where the person receiving the puppy struggles to bond with the puppy. Or the particular dog might not be a good breed for that person’s lifestyle or personality.\n\nThe Christmas season is also a busy, exciting, and often stressful and overwhelming period for families, which doesn’t make it a good time to add a puppy into the mix. Although having time off from work and school can be great for helping with the adjustment, this is a time of year when many people’s schedules are in disarray. The joyful chaos of holiday festivities and visitors in the home makes it challenging for a puppy to get used to life in your home and family.\n\nIf you want to surprise your kids with a puppy for Christmas, consider gifting them a letter saying a puppy will be joining the family soon, rather than giving them the puppy on Christmas Day.', 'The Gift of Research': 'Get everyone in the family involved in researching the right dog breeds for you. Even young children should respect dogs and help care for them, especially if they aren’t used to having one around. Consider not just what a puppy looks like, but also their exercise needs, grooming needs, and temperament. Make sure to be honest about what your lifestyle is really like and how a dog or puppy will fit in. Instead of having a puppy under the tree, consider gifting your family member a book about different dog breeds.\n\nAnother option is to get tickets to attend a large local AKC show or plan a trip to a larger event like Westminster. Visiting dog shows together as a family is a great opportunity to meet and learn about different breeds in person. You’ll be able to see different breeds up close and meet breeders and other dog owners. This is a great way to develop a clearer sense of what breeds might be right for you.', 'Practical Gifts to Get Puppy-Ready': 'If someone in your life has asked to get a puppy for Christmas, a wonderful, helpful gift is to wrap up some of the supplies they’ll need when their puppy comes home. You can gift items like:\n\nThese supplies will come in handy when someone’s new puppy arrives. Plus, they’ll give that person a fun, tangible object they can unwrap on Christmas morning. Other thoughtful gift alternatives that will be useful when the new puppy comes home include gift certificates for puppy kindergarten or basic training classes, gift certificates for local groomers, or membership in a local breed club or an all-breed training club.', 'Finding the Right Puppy': 'Once you know what type of dog your family wants, it’s time to start the journey of finding a puppy. AKC Breed Pages and national breed clubs for your breed of choice are great places to start, both for learning more about the breed and for connecting with breeders and breed clubs in your local area. You can also find breed-specific rescues if you think an adult dog would be a better fit for your family.\n\nResponsible breeders and rescues will want to get a sense of someone’s home and lifestyle before deciding to place a puppy with them. As part of determining which puppy is the best fit, most breeders and rescues will also want to meet the entire family, including children. The goal is to make sure they find the right family for each puppy. Responsible breeders may have a waiting list for upcoming litters, so you may have to wait a little while to bring that dream puppy home.\n\nIf you already know what kind of puppy your family wants, you can start talking with breeders now about waiting lists. You can possibly even put a deposit down on a puppy in an upcoming litter. Your loved one may be disappointed to wake up to puppy supplies instead of a puppy on Christmas morning. But it will be worth it for everyone in the family to be prepared for the puppy to come home.'}",[]
https://www.akc.org/expert-advice/puppy-information/how-to-know-if-your-child-is-ready-for-a-dog/,How to Know if Your Child Is Ready for a Dog,"Nov 10, 2025","['first puppy', 'kids', 'family']",Caitlin Ultimo,"Getting a family pet is a big step — not only for children but for parents as well. A dog is a huge responsibility for an adult to take on, so things can get a little murky when trying to determine if a child is in fact ready for that kind of a commitment. If you didn’t already have a pet when your child was born and are now considering it, how do you know if it’s the right time?

“Every child is different,” says Amity Hook-Sopko, Editor in Chief of Green Child Magazine. “The sweet spot for wanting a pet seems to be between the ages of 5 and 7.” It’s true that a dog will add another layer to your daily to-dos, but the gifts they’ll give back to your family will be tenfold.

In This Article","{'Is Your Child Ready for a Pet?': 'A child can learn many things from having a pet — and caring for a dog may even aid in making them a better person overall. The work that goes into a new pet will surely be worthwhile, but don’t rush it. Make sure that your child — and the adults in the house — are ready. There are some key signals that can help determine if now is the right time.\n\nFirst, observe if your child is already physically able and mentally willing to handle some age-appropriate chores around the house. Do they show signs of empathy and understand the need to be gentle with animals? It’s helpful if you can see them practice this with young babies or other people’s pets before getting a pet of your own.\n\nDoes your child show genuine interest in the idea of caring for a pet and are curious about dogs when you encounter them outside of the house? It’s essential that your child understands what’s required for a pet to survive, including food, water, and shelter. Beyond basic needs, they should also understand what a dog needs to be happy, including socialization, toys, and exercise.\n\nFinally, they also need to understand permanence. You can say, “Once we make this dog a member of the family, he’s here for good, just like your little brother.”\n\n“Take a trial run if you can,” says Hook-Sopko. “Offer to dog-sit for a friend or family member.” Or spend a few hours at a rescue or with a local breeder to allow your child time with the type of dog you’re considering.', 'Family Pet Care Responsibilities: Expectations Vs. Reality': 'No matter what agreements are made prior to bringing home a dog, ultimately the adults will be responsible for everything. “It’s best to keep your expectations realistic from the start,” recommends Hook-Sopko. “Even if your child has begged and sworn to handle everything, you’ll still be the one scheduling and driving to vet appointments and buying things like food, bedding, and toys. And while they can certainly help with house-training a puppy, that takes a degree of consistency most kids just don’t have.”\n\nSo what pet care tasks can you realistically expect your child to help take care of on a regular basis? Here are some age-related chores that a child can actually follow through on:', 'Appropriate Age-Related Pet Care Tasks': 'Ages 3-4: Hook-Sopko believes that preschoolers can be fun little pet parents. “They should still be supervised around pets, but these little helpers can scoop food and refill water bowls. Give them a soft brush that fits in their hands, and they’ll be happy to groom their dog. They can also pick up and put away pet toys.”\n\nAges 5-9: “At this age, kids can take on a little more responsibility, like being the primary one who feeds the dog. You could also give them the job of cleaning up any spilled water or food around the pet’s bowls.” Depending on your dog’s size and your living situation, they may be able to take the dog outside to play. If your child will be picking up waste, be sure to teach them proper hygiene and make sure they wash their hands.\n\nAges 10 and up: “Tweens are typically capable of most day-to-day pet care like feeding, play, exercising, potty duty, and grooming.” Hook-Sopko suggests helping them set a schedule to be sure they meet their agreed-upon chores.\n\nAnd finally, Hook Sopko warns that as tempting as it may be when there’s an accident because your child forgot to take the dog out in time, never threaten to give your pet away. “This can be traumatic to a child. And when you threaten things you don’t follow through on, they get mixed signals on consequences and the value of your words.”'}",[]
https://www.akc.org/expert-advice/puppy-information/how-to-train-a-miniature-schnauzer-puppy-growth-timeline-milestones/,How to Train a Miniature Schnauzer Puppy: Growth Timeline & Milestones,"Nov 17, 2021","['miniature schnauzer', 'growth']",Elaine Waldorf Gewirtz,"The smallest of the three Schnauzers, the Miniature Schnauzer, turns heads wherever it goes. The breed’s bushy eyebrows and thick-fringed beard give the Mini the look of a distinguished gentleman that’s hard to miss.

Highly intelligent, muscular, and outgoing, this sturdy terrier-type dog is a fast learner. With a bit of planning, patience, and persistence on your part, your pup’s first year with you will proceed without too many mishaps. This doesn’t mean there won’t be a few training bumps along the way, but at least you’ll know what works.

For some key training milestones to aim for when your Mini Schnauzer pup comes home, we talked to John Constantine-Amodei. This longtime Miniature Schnauzer breeder is the judges’ education chair for the American Miniature Schnauzer Club.","{'Key Milestones: 8-16 Weeks': 'Your pup leaves its mother and littermates and joins your household. The transition from the breeder to your home will no doubt seem overwhelming to your Mini Schnauzer.\n\nFollow these good behavior guidelines to boost your pup’s new start.\n\nTo help your pup figure out your likes and dislikes, decide what goals you want it to meet. Your next task is communicating them to your little terrier-type. Knowing your expectations will help your dog feel secure. Schnauzers are willing workers who aim to please you.\n\nSet a schedule for waking up, feeding meals, and daytime naps. Incorporate basic training, bathroom breaks, and bedtime for the night. Don’t forget to add in plenty of cuddle sessions and playtime. You’ll also want to include designated times for meeting people and going to new places. Ensure you have all the proper supplies for a Miniature Schnauzer puppy.\n\nOnce you choose your pup’s name, begin using it whenever you want your little terrier’s attention. Your upbeat voice signals good things happen when the dog hears its name and responds by looking at you.\n\nReward the response with praise, a small food treat, or petting.\n\nThis eye contact preps your pup to come to you when you call.\n\nChances are the breeder introduced the Schnauzers to settling into the crate for naps and bedtime and going outdoors to potty. Continue reinforcing these lessons the day you bring your dog home.\n\n“Feeling comfortable inside the crate and housetraining go hand in hand,” says Constantine-Amodei.\n\nAlthough this breed doesn’t shed much, your pup’s double coat consists of a wiry topcoat and a soft undercoat. Because of this, you’ll need to provide regular care and body upkeep.\n\n“It’s important to get your dog to become accustomed to standing on a grooming table,” says Constantine-Amodei. “Begin the process a day or two after your dog comes home.”\n\nBuild a positive association with regular bathing, brushing, and clippering. Once your pup realizes that nail trimming, dental care, and beard cleaning isn’t painful, the grooming routine goes smoothly. To sweeten the practice, offer treats, praise, and petting.\n\n“Clip the coat first, then bathe,” says Constantine-Amodei. “Ask your breeder to demonstrate shaping the dog’s coat.”\n\nBrush your dog daily, Constantine-Amodei adds. “Otherwise, the coat will mat.”\n\nAdd daily beard care. Every time your Mini Schnauzer drinks water, expect dribbling onto his beard. To prevent the hair on his beard from matting, wipe it down and dry it.\n\nNo doubt your breeder exposed the litter to unique sounds, a few children with their parents, and small physical challenges, but you’ll need to continue the meet and greet sessions.\n\nAfter your Mini Schnauzer receives its first round of puppy vaccines, socialize your pup. Take your pup to visit friends and family. Add outings to public places that allow dogs, however, dog parks aren’t recommended until adulthood. Your puppy can still observe dogs without greeting them. Experiencing new people, sights, and sounds helps bolster your dog’s confidence in the world around it.\n\n“Miniature Schnauzers can become too protective if they’re not around other dogs and surroundings,” Constantine-Amodei explains.\n\nYour pup is ready to learn good manners and respond to basic skills.\n\nConstantine-Amodei recommends signing your Schnauzer up for the 6-week A.K.C. S.T.A.R. Puppy Program.\n\nThe interaction with other puppies and early training leads to teaching your Schnauzer these behaviors:\n\nMini Schnauzers are capable of learning whatever you want to teach them.\n\n“This breed figures things out quickly, but they don’t like to repeat what they already know,” says Constantine-Amodei. “That’s why it’s best to train in short, five to ten-minute sessions.”', 'Key Milestones: By 6 Months': 'At this age, your pup is eager to take on new challenges.\n\nIf you prefer greeting visitors at your home without your pup leaping at them and don’t want your dog begging from your dinner table, teach Go To Your Place.\n\nTo train your dog to lie on a mat, use a portable bed or mat. It helps if your pup knows how to lie down on cue. You can move the mat from room to room, but it is best of your dog is in the same room as you so you can supervise.\n\nReward your pup with treats or a special toy when it sniffs or stands on the mat and use a clicker. These rewards encourage your Mini Schnauzer to return to this spot when it hears the click.\n\nOnce your pup feels comfortable wearing a collar, clip on a leash. A Mini Schnauzer can start learning to walk on a leash without pulling you as early as eight weeks.\n\nApplying only light pressure on the leash, encourage your Schnauzer to follow you. Walk only a few steps and stop. Reward your pup with a treat and add praise.\n\nFor your pup’s first six months, limit walks to short distances. Save running with your dog on a leash until after 18 months old. At that time, your Schnauzer has reached his total growth and development.', 'Key Milestones: By One Year and Beyond': 'The puppy’s first birthday signals adulthood.\n\nNo longer a puppy, your Miniature Schnauzer is ready to participate in organized canine sports and games.\n\n“This breed excels in obedience, agility, Fast CAT, tricks, and Barn Hunt,” says Constantine-Amodei. “Build on the lessons you’ve spent in early training.”'}",[]
https://www.akc.org/expert-advice/puppy-information/how-to-train-a-pug-puppy-milestones-timeline/,How to Train a Pug Puppy: Milestones & Timeline,"Nov 10, 2021","['pug', 'growth']",Elaine Waldorf Gewirtz,"Once the loyal companions of Chinese royalty, today’s Pugs live to please their owners. With their friendly, fun-loving personalities, it’s no wonder that this largest member of the Toy Group makes the ideal companion.

Prepping a Pug pup to follow good behavior guidelines isn’t tricky. Forget intense training, as a little planning and consistency will go a long way.

For key training milestones when your pup comes home, we talked to Liz Sedlak, the City of Angels Pug Club president, a 20-year AKC breeder of Belaire Pugs, and Pat Kolesar Stoltz, a past president of the Pug Dog Club of America. Stoltz has bred, raised, and trained her AKC Tupelo Champion Pugs for more than 40 years.","{'Growth Stage: Between 8-16 weeks': 'A new pup comes with new experiences. Ease the transition from the breeder to your household by setting your pup up for success.\n\nChoose a name for your little one. In a happy voice, repeat it often and immediately offer a treat or a toy. Your Pug learns those good things happen when he hears his name and comes to you.\n\n“Pugs are highly motivated by tiny bits of treats they don’t get all the time, such as hot dogs, cheese, or leftover chicken,” says Stoltz. “A Pug pup takes to training with food like a fish to water.”\n\nChoose regular times for meals, sleeping, bathroom breaks, and training. Don’t forget plenty of playtimes!\n\nYour Pug may arrive with some knowledge of crate and potty training, but you’ll need to reinforce these skills as soon as your pup comes home. When a dog feels comfortable inside their crate, housetraining is easier. That’s because puppies don’t like to mess where they sleep.\n\nTo keep your Pug in tip-top shape, begin building a positive association with grooming. To make that happen, give yummy treats and praise during sessions.\n\nYour pup will need regular bathing, brushing, nasal and wrinkle cleaning around the face and body. Don’t forget nail trimming and dental care.\n\nPugs shed all the time, but a daily five-minute brushing keeps the hair in the brush rather than falling on the floor and furniture.\n\nBetween 16 and 24 weeks, 28 baby teeth will fall out, and 42 permanent teeth will erupt. Begin brushing your dog’s permanent teeth. This helps your Pug accept lifelong oral care.\n\nExpect your puppy to chew on everything. To save your possessions, provide plenty of toys and playtime. Keep precious objects picked up from the floor and out of the pup’s reach.\n\nAccording to the breed standard, Pugs are even-tempered with an outgoing, loving disposition, “These are curious creatures who want to check everything and everyone out,” explains Sedlak.\n\nThis age is an ideal time to introduce your Pugs to other people, places, and experiences. This is a great way for young dogs to feel comfortable with the world around them. To accomplish this, invite friends and family to your home to meet your Pug and take your pup to any public place that allows dogs.\n\n“Make sure the weather and pavement are cool, as Pugs can’t tolerate humidity and a hot temperature,” says Sedlak.\n\n“To get your Pug’s attention, teach your pup to Watch Me,” says Stoltz.\n\nUse a clicker. When your dog looks at you, click it and give your pup a treat, she adds.\n\n“At 16 weeks, your Pug is ready for puppy classes taught with positive reinforcement,” says Stoltz.\n\nYour Pug is ready to follow basic cues, such as sit, down, leave it, and come.\n\nPug puppies are ideal candidates for The AKC S.T.A.R. Puppy program.', 'Puppy Stage: By 6 months': 'Want to enjoy a peaceful dinner without your Pug begging for food?\n\nWant to greet visitors at your door without your puppy jumping on guests? If so, teach Go To Your Place.\n\nUse a portable mat. Give your Pug a high-value treat when your Pug goes to the mat.\n\nImagine going for a stroll with your dog without them pulling the leash.\n\n“Teach your Pug to walk without pulling by starting with a loose leash and walking a few steps,” says Stoltz. “Stop, click, say ‘good dog’ and give a treat.”', 'Growth Stage: By One Year and Beyond': '“Pugs are little sponges, and they will soak up learning tricks,” says Stoltz. “They love participating in Barn Hunt and Scent Work.”\n\nSave agility and FastCAT until your Pug is at least 18 months old. Its body needs that time to fully develop, recommends Stoltz. However, there are many foundational, low-impact agility classes that dogs can participate in prior to 18 months.\n\n“This breed makes a perfect companion for children learning to read,” says Stoltz. “Pugs will sit for hours and listen to story after story.”\n\nA busy Pug is a happy Pug. Keep yours physically and mentally active.'}",[]
https://www.akc.org/expert-advice/puppy-information/how-to-train-a-great-dane-puppy/,How to Train a Great Dane Puppy: Milestones & Timeline,"Nov 03, 2021",['great dane'],Caitlin Ultimo,"Training a new puppy does not come with a one-size-fits-all approach — especially when dealing with a very large breed like the Great Dane.

“Great Danes are considered working dogs and are intelligent dogs,” says Russell Hartstein, CDBC, CPDT-KA, Fear-Free Certified trainer and Founder of Fun Paw Cares. “Still, all [dogs] are individuals.” Hartstein points out that with any breed, a lot of their temperament or personality will really come down to the “nature versus nurture” philosophy. And this is why a foundation of positive training is so vital.

A Great Dane is considered to be fully grown between the ages of 18 months and two years of age. At this point, your pet will graduate from puppyhood. You’ll want to be sure that your new pet is set up for a lifetime of success by introducing some basic training commands early on and instilling them throughout their lifetime.","{'From 8 Weeks – 16 Weeks': 'While most puppies will come home to families between 8-10 weeks of age, Hartstein notes that there is a sensitive period to attend to between the ages of 2 and 12 weeks, as “this is a biologically predetermined growth phase for a dog’s emotion and cognition.”\n\nThese early days are critical for developing your Great Dane’s social skills. A puppy at this stage should be socialized and introduced to as many healthy life experiences as possible. Hartstein stresses the importance of seeking the guidance of a certified behaviorist at this time too, “The larger the dog, the more social training the owner should be ready to provide.” Your puppy won’t stay puppy-sized for long and will soon rival your own strength. That makes socialization with people and other pets while they are young that much more important.\n\nHartstein recommends enrolling your pet in a puppy class or training program to help them socialize with other people and pets of different breeds and sizes.\n\nCrate training can be more than just a method to aid in-house training efforts. Many experts agree that a crate can be a very positive place for a pet. “A crate is a vital tool for potty training and shouldn’t be used as a negative [form of punishment],” says Hartstein. The goal should be to positively condition a dog to look forward to going into that environment. Positive reinforcement and rewarding your Great Dane puppy with treats can help encourage a positive association with their crate. Hartstein recommends leaving an interactive toy or slow feeder in the crate to help establish a dog’s positive feelings too.\n\nPatience and consistency are two big keys to house training success. The process can be time-consuming and take up to 6 months. So, while you might start training your pet now, it could be some time before they fully grasp the concept. “The biggest mistake I see pet owners make is that they give too much space too soon,” warns Hartstein. To avoid this common pitfall, Hartstein refers back to crate training and creating those positive associations with it.', 'From 3 Months – 9 Months': 'This is a fun growth phase for puppies. They are becoming more attached to their environments and may already feel a sense of ownership over their surroundings. This makes further socialization and behavior training important.\n\nHartstein stresses that training a pet is not so much a checklist of tricks to run through as it is an introduction to life skills that every dog needs in order to thrive. Further, training a pet is about training yourself too. The Canine Good Citizen Test covers skills — like reacting to a distraction, coming when called, and walking through a crowd — that you and your pet will experience in everyday life.\n\nThe methods shared throughout the Canine Good Citizen Test guide provide “proper positive training techniques, as well as tips for how to be a respectful and appropriate owner,” says Hartstein.\n\nGreat Danes are space-intensive and require exercise; they’re not as docile as a Greyhound for example. As a good rule of thumb, Hartstein recommends that the breed take walks at dusk and dawn. Hartstein also suggests that owners look for front-attaching harnesses that form an “H” over the dog, so that it doesn’t impact their gait, as well as a martingale or flat buckle collar for their tags. Be sure to stay away from shock or prong collars as these can create fear-induced reactions. For a Great Dane puppy, a standard 6-foot leash should offer enough length.\n\nHartstein warns against going on a walk with multiple pets at a time and notes that it is important that the dog is stimulated prior to their walk. Allowing time for cognitive exercise before you head out will help keep your pet calmer while walking on a leash.\n\nThe basics, including Sit, Down, Stay, Recall, Drop it, and Mat Training are all fundamental “tricks” of the trade for your pet to master. But don’t feel like you have to rush through them so that you can get to more exciting tricks. Hartstein suggests that you slowly add more difficulty to the basic commands. “Telling your pet to sit when you are ten feet away at home vs. telling them to sit when you are in Times Square is very different.”', 'From 9 Months – 24 Months': 'The title of this section should really be labeled from 9 months and beyond, because a pet’s training is never really complete. “It takes 10,000 iterations of any behavior, that’s 27 times a day per one year, for a dog to truly know something.” says Hartstein.\n\nAt this stage, it really becomes less about learning something new and more about perfecting the basics. “The larger the dog the more important it is for them to have the basics,” says Hartstein.\n\nHartstein also points out that food can be a great tool for motivation while training a large breed dog. “Interactive feeders and toys can help provide that necessary stimulation for [your Great Dane puppy] in place of a traditional bowl.” And Hartstein notes that you should feed your Great Dane a complete and balanced large breed puppy formula that has the correct ratio of calcium and phosphorus.'}",[]
https://www.akc.org/expert-advice/puppy-information/how-to-train-a-cane-corso-puppy-milestones-timeline/,How to Train a Cane Corso Puppy: Milestones & Timeline,"Oct 25, 2021","['milestones', 'growth', 'cane corso']",Jean Bauhaus,"Cane Corso puppies melt hearts with their floppy ears, wrinkly bodies, and sweet, squishy faces. But don’t let all that cuteness fool you. Your Corso pup will quickly grow up into a very large and powerful dog, over 100 pounds of strong-willed attitude backed by solid muscle. While this breed can be an extremely loyal and loving companion, they need a lot of socialization and obedience training from a young age to help them grow up to be good citizens and keep them from becoming overbearing and overprotective.","{'Finding the Best Match': 'Cane Corsos are a challenging breed and are not generally a good fit for inexperienced dog owners. “They are not for first-time pet [owners],” says Russell Hartstein, dog trainer and behaviorist and owner of Los Angeles-based Fun Paw Care. “They require a solid background in dog training, behavior, the laws of learning and canines, in general, to succeed. It helps if you not only have a lot of dog knowledge but also are strong and fit so that you may play with and interact with a puppy or adolescent Cane Corso.”\n\nWhether you work one-on-one with a professional trainer, enroll your puppy in group classes or take a DIY approach, raising a Corso puppy means spending a lot of time and energy not only on training and socialization but also providing exercise and enrichment to help your pup burn excess energy and help them become more relaxed and compliant. “Ideally, they are getting enrichment via play, exercise, socialization, dog training, behavior modification, and nutrition daily,” says Hartstein.\n\nWhile Corsos can get along well with kids and other pets if raised alongside them, their size and power when full-grown make them a poor fit for households with very young children or small breed dogs. Older children need to be taught to treat Corsos with respect and not engage in roughhousing or rambunctious play, either with or in front of the dog, and children should always be supervised around this breed. It’s also important that all family members are comfortable and confident around dogs of this size, says the Cane Corso Association of America (CCAA).\n\nIf you’re up to the challenge of raising and training a Cane Corso puppy, find a reputable breeder. They will be able to educate you about the temperaments of both the parents and also identify personality traits apparent in each of their puppies to help match you to the pup who will be the best fit for your family and lifestyle.', 'Cane Corso Puppy Training Timeline': '“The age of two weeks to 13 weeks is a sensitive learning period,” says Hartstein. “Research shows that behaviors learned during this time frame have a tendency to stick throughout the puppy’s life more than at any other age. It is therefore critical to put your pup on the path to success and to train, educate, and socialize a puppy within this highly influential time frame.” If all of that sounds overwhelming, don’t worry. A Cane Corso puppy’s basic needs are the same as any other puppy’s. Here is a training timeline to help you know what to focus on at each stage of your puppy’s development throughout the first year.\n\nBonding With Your Puppy\n\nBy eight weeks of age, your puppy is ready to leave their mother and littermates and come live with you. Building a bond with your puppy starts from the moment you pick them up from the breeder. A natural bond will develop as you teach them, feed them and provide for their needs, while activities like playing with your puppy, petting them, training them, and other forms of engagement will help to strengthen a healthy bond that will help your puppy trust you enough to heed your commands. This is especially important when raising a Corso, an assertive breed that often thinks they know what’s best.\n\nSocialization\n\nIdeally, your puppy’s breeder will have already begun the socialization process at around four weeks. A critical socialization window lasts until a puppy is about 16 weeks of age, so it’s important to socialize your Corso pup early and often by introducing them to as many new people, animals, sights, sounds, and experiences as possible during this time frame. The goal is to eliminate a fearful response to new people, animals, or situations that could lead to inappropriate protectiveness or aggression. The best way to do this is through regular and repeated exposure while creating positive associations with treats, praise, and fun.\n\nCrate Training\n\nWhile it might be tempting to let your Corso pup sleep with you or cuddle on the sofa while they’re little and cute, it’s not the best idea thanks to a dominant streak that can make an overly-coddled Corso entitled and demanding, says the CCAA, which recommends crate training to help your pup understand their proper place in the household. A crate will also provide your pup with a quiet place where they can feel safe to relax and process all of the information they’re absorbing each day. Puppies are much like human children in that they can become overstimulated and need quiet time alone to reset and recharge. It’s best to introduce your puppy to their crate right away and begin building positive associations with food, treats, and toys.\n\nHouse Training\n\nA crate can also be an invaluable tool when it comes to potty training your pup, allowing you to keep them corralled when you’re not able to supervise them. As soon as you bring your puppy home, introduce them to a designated area in your yard where they can do their business, and then carry or walk them to that area every time you take them out of their crate. Give them treats and praise whenever they go in the correct spot. Since dogs instinctively avoid soiling the same area where they sleep, using a crate will help you get your pup on a manageable schedule.\n\nGrooming and Handling\n\nThese early weeks are also a good time to desensitize your pup to being touched and handled in ways they may not like, which can help make future visits to the vet or the groomer go much more smoothly. In addition to getting started early with things like bathing, brushing, nail trimming, and tooth brushing, you should also work on getting your pup to let you inspect their ears, teeth, and paws.\n\nObedience\n\nBecause Cane Corsos are an intelligent and willful breed, obedience training can’t start too soon. The first things you’ll want to teach your puppy are recall — that is, coming to you when you call them — as well as sit and stay, stop, and leave it, all of which are potentially lifesaving commands. Although smart, Corsos aren’t exactly known for being eager to please and they get bored quickly. So keep training sessions short, exciting and fun, reinforcing obedience and desired behavior with high-value treats and lots of praise.\n\nOnce you’ve laid a solid foundation of socialization, obedience, and building a strong bond with your puppy, the next stage in their development should focus on practicing and reinforcing their obedience skills as well as teaching them impulse control. This is also a good time to start teaching them leash skills and training them to view you as the leader when on walks so they don’t pull you — a common behavior that could get you hurt when dealing with a puppy of this size.\n\nAlthough the socialization window closes around 16 weeks of age, it’s important to keep socializing your Corso puppy. “You want to socialize your dog to as many kids, men, children, people, and pets as possible to keep them socially lubricated,” says Hartstein. A well-socialized Corso should be aloof and indifferent with strangers and strange dogs. Continued exposure to new people and other dogs will help maintain this attitude and prevent your Corso pup from developing an unhealthy wariness that could lead to aggression.\n\nAlthough they’ll still have some growing to do, your Corso pup will reach sexual maturity by about six months and enter an adolescent stage during which they may begin testing their boundaries and attempting to assert themselves as the boss. During this stage, it will be important to be firm with your pup and reinforce those boundaries as you continue to practice obedience and refine their response to commands. You’ll also want to continue socialization, and also provide your pup with plenty of daily exercise as well as mental stimulation and enrichment to help keep them calm and relaxed — activities you’ll need to continue throughout your Corso’s lifetime.'}",[]
https://www.akc.org/expert-advice/puppy-information/how-long-does-puppyhood-last/,How Long Does Puppyhood Last?,"Oct 22, 2021","['acquiring a puppy', 'golden retriever', 'yorkshire terrier', 'growth', 'bullmastiff']",Jan Reisen,"Puppyhood is a lot like human childhood. There are phases and stages, and some youngsters seem to mature faster than others. We can set some parameters for puppies. For instance, as a rule, smaller dogs tend to mature more quickly than larger breeds. Small breeds reach their adult size at about 12 months old, while larger dogs may not reach physical maturity until they’re 18 to 24 months old.

But puppyhood encompasses more than just physical growth. You may see gradual changes that make you realize that your adorable little pup is now a grown dog. So, how long is puppyhood? Let’s look at a few different ways of defining it.","{'Breeds That Take Longer to Physically Mature': 'Not surprisingly, it’s the largest breeds that take the longest to grow to their adult size.\n\nBullmastiffs, which weigh in at 100 pounds or more at their adult size, don’t reach their mature weight and size until they’re two years old or more. The females of the slow-growing breed reach physical maturity at around 18 to 20 months, while Bullmastiff males may continue to grow and fill out for as long as three years in some cases. So basically you’re living with a strong-willed, powerful teenager in the house.\n\nAnother of the large breeds, the Saint Bernard may not grow into their full adult size for two to three years. They’re considered one of the slowest breeds to physically mature. They also take longer than other breeds to mature mentally, so you can expect a super-sized puppy well into the first two years. After the first year, the big growth spurt slows down and plateaus until they reach their full size.\n\nThe Great Pyrenees, which can top out at 100 pounds or more, is another slow grower. It takes a long time for your adorable, cuddly little ball of fluff to grow into their majestic, and powerful self. Most won’t grow to their full size until they’re two years old. Keep in mind that Pyrs are an independent-minded, strong-willed breed that may not be interested in taking orders. So start consistent training early, while they’re still a growing pup.\n\nThese are just a few of the large dog breeds that physically mature slowly. Most large and giant dogs will take a while to grow into their bodies and you can expect several months and up to a few years until your pup reaches their full weight and his muscles are fully developed.', 'Breeds That Take Longer to Mentally Mature': 'You know the type, the full-grown dogs that often act more like goofy toddlers than grownups. There are some dog breeds that never seem to really grow up.\n\nWe can probably all agree that the Golden Retriever is the prototypical Peter Pan of the dog world. If they could sing, “I Won’t Grow Up” would be their theme song. These happy, playful dogs keep their silly personalities and puppyish behavior well into adulthood and even into old age.\n\nAnother retriever, the Labrador Retriever, is also known for a long puppyhood even as they grow to full physical maturity. Although they’ll reach their full height and muscle mass sometime between 12 months and two years old, their brain won’t catch up until they’re two to four years old. And, weighing in at somewhere between 55—80 pounds, that’s a lot of puppy exuberance.\n\nThen there’s the Boxer. Known as the “clown of the dog world,” their muscular, imposing physique belies a personality that’s playful, happy, and sometimes downright silly. The Boxer is always eager to play, especially with children. As smart as they are, the Boxer doesn’t always take training very seriously, which will also remind you that they’re a puppy at heart.\n\nThe Bulldog is an example of a breed that grows slowly both physically and mentally. It can take between 12 to 15 months for their body to fill out, and their bones continue to grow even up to 18 months. However, puppy behavior can last well into adulthood. Bulldogs are lifelong chewers and they’ll never turn down a good game of tug-of-war.', 'Breeds That Look Like Puppies Forever': 'Many of the toy breeds retain puppy looks their whole lives. Here are a few that both look–and sometimes act–like puppies.\n\nWeighing in at a mere seven pounds, the Yorkshire Terrier is an example of a breed that both looks and acts puppy-like well into maturity. The feisty little “tomboy toy” stays inquisitive, impish, and mischievous even as an adult. They can be both entertaining and stubborn, perhaps reminding you of toddlers you’ve known.\n\nThe sweet, wide-eyed, and trusting expression of a Shih Tzu is enough to melt any heart. The breed’s sole purpose in life is to be a companion and they’ve perfected the role. Not only do they retain their puppy appearance, but the Shih Tzu also stays playful and friendly their whole life.\n\nThe Papillon is another toy breed that seems to stay young forever. Their unmistakable butterfly ears, silky coat, and alert expression contribute to a lifelong cuteness. These athletic little dogs also retain their playfulness and remain active well into adulthood.\n\nThe tiny Japanese Chin combines adorable puppy-like looks with a charmingly big personality. Some see them as almost more like a kitten than a puppy because the Chin can be either sweet or coy, depending on their mood. But they’re also entertainers and, like a proud toddler, they enjoy showing off their tricks to an adoring audience.\n\nDo we measure puppyhood by a chart of ages and heights? By behavior and personality? By the elusive quality of staying cute? While any or all of these apply, perhaps the best measure is the day you look at your dog and realize they might just not be a puppy anymore, or that they’ll be a puppy for life.'}",[]
https://www.akc.org/expert-advice/puppy-information/puppy-first-vet-visit/,Puppy’s First Vet Visit: How to Reduce Vet Anxiety,"Jan 10, 2024","['anxiety', 'puppies', 'vet visits', 'vaccine']","Sassafras Patterdale, CPDT-KA, CTDI","Although many dogs are scared by visiting the vet, going to the vet doesn’t have to be a negative experience. If you have a new puppy, one of the first things that you do together is go to the vet. Helping your puppy to develop a positive experience at the vet is important for their development and behavior later in life.","{'Puppy’s First Vet Visit': 'One of the joys of having a puppy is being able to go through all the “firsts” together. Visiting the vet for the first time can be confusing and frightening for puppies, but it doesn’t have to be. By pairing puppy visits to the vet with treats, toys, and games, you can help your dog develop positive, life-long relationships with their vet and veterinary care in general.\n\nAs soon as your puppy comes home, you’ll want to schedule their first veterinary visit. Talk with your vet and clinic staff in advance about what the visit will look like so that you can be prepared and ready to support your puppy.', 'Fear-Free Veterinary Clinics': 'Helping a puppy to make positive associations with the vet involves supporting your puppy to make sure they are comfortable and relaxed whenever possible during the visit. Some veterinary clinics are “Fear Free” certified, which means vets and the entire clinic staff are trained to remove or reduce as many anxiety or stress triggers as possible. Many others utilize similar practices and emphasize putting a dog’s comfort first when planning visits.\n\nThe idea behind the certified Fear Free vet visits/clinics is to not force dogs to comply with exams, but rather encourage them to be active participants in their medical care. Fear Free approaches focus on helping dogs and puppies to create positive associations with all aspects of veterinary visits, including arriving at the clinic, exams, vaccinations, and more involved procedures. You can search for a Fear Free practice near you or ask your local vet how they incorporate fear free practices into their puppy visits — many clinics do!', 'Preparing for Puppy’s First Vet Visit': 'When you go to the vet for an appointment with your puppy, it’s helpful to come prepared with everything you might need to help your puppy have a positive experience — including treats and toys. Additionally, it can be useful to bring a blanket, towel, or yoga mat to put on the floor in the exam room. This will give your dog something comfortable to stand or lie on. The slippery floor of most clinics is scary for many puppies, so having a non-skid surface can help puppies feel more comfortable and confident.\n\nWhen you bring your puppy into the clinic exam room, remember it’s OK to make that experience fun for them. You don’t have to sit quietly waiting for the technician or the vet to come in. Instead of pulling out your phone to read email, bring out a puppy toy and use that time to play with your puppy in the exam room. This will help your puppy to develop positive associations with being at the clinic. When your vet enters, continue to advocate for your puppy by asking clinic staff to go at your puppy’s pace. This includes giving your puppy a chance to approach, get treats, and play before and during the exam.', 'Puppy Treats for Vaccine Time': 'Be a proactive advocate for your puppy’s comfort during all aspects of the visit. At some large clinics, veterinary technicians will take puppies to the back of the clinic for vaccinations, and you are well within your right to ask that all aspects of the exam happen with you in the room. While the puppy vaccines are getting prepared, you can play games like tug with your puppy or gently toss a toy for them to chase in the exam room.\n\nAn option for making vaccines enjoyable for your puppy is to distract them instead of restraining during injections. Spread dog-safe peanut butter or spray cheese on a silicone plate, bowl or mat. You can either put the silicone plate on the clinic floor or hold it up for your puppy to lick. As your puppy is licking the sticky treats out of the bowl/off the mat, your vet can give the vaccination, and often your puppy won’t even notice it’s happening. Not only will this process distract the puppy from the vaccination, but it will help your puppy to continue to build positive associations with being at the clinic and being handled by veterinary staff.', 'Visit Your Vet Often With Your Puppy': 'By making vet visits fun, positive, and a routine part of your puppy’s life, you can help your pup develop a life-long positive relationship with the vet. When you have a puppy, it might already feel like you spend a lot of time going to the vet, but I would encourage you to go even more — even just to say hello! Talk with your vet clinic and make sure it’s OK with them, and then plan to bring your puppy to stop by the clinic for a quick interaction.\n\nIncorporate stopping by the vet clinic on your walks or regular outings. Bring your puppy into the clinic, let the receptionist and/or vet techs give your puppy a treat, and/or ask your puppy to get onto the scale in the lobby by luring them on with treats and praise.\n\nBy making the vet clinic a fun, rewarding place you visit regularly, your puppy will develop lasting, positive associations with your vet clinic and staff.'}",[]
https://www.akc.org/expert-advice/puppy-information/best-puppy-toys/,Which Dog Toys Are Right for Your Puppy?,"Jan 22, 2026","['toys', 'play', 'teething', 'stress', 'chewing']",Colt Dodd,"Ultimately, the right dog toy for your puppy depends on, well, your puppy. If you have a dog that chews, chews, and chews some more, you may invest in some durable rubber toys that can withstand tough play sessions. If you have a puppy who is aroused by high-pitched squeaking sounds, you may purchase toys that emit that special noise.

In This Article

Still, choosing the right toy for your puppy is more than heading to the pet store and seeing what’s on sale. It’s about considering your dog’s activity level, chewing habits, and breed.","{'Benefits of Puppy Playtime': 'Puppies have a critical socialization window that begins when they’re 3 weeks old and continues until they’re roughly 14 weeks. The interactions during this timeframe play an integral role in building your puppy’s confidence and serve as the basis of their interactions throughout their lifetime.\n\nMany new dog owners learn about this window and head straight to the dog park, eager to start socialization early. However, socializing a puppy starts at home. Then, once your puppy is confident and physically mature, socialization can extend to places such as pet-friendly restaurants and daycare facilities. Even though it’s important to exercise your puppy, you don’t want to overdo it. Excessive strenuous activity can hurt a puppy’s growth plates, and even lead to injury. Targeted play sessions are better than hours of exercise.\n\nRemember, the benefits of playing with your puppy go both ways. It’s not just about boosting your dog’s confidence and shaping their character. It’s also about building the trust between you and your dog that’s key to a lifetime bond.', 'Soothing a Puppy’s Gums and Impacted Teeth With Teething Toys': 'Every puppy owner knows that there’s chewing, and then there’s teething. Chewing is a natural thing dogs do to relieve boredom and pass the time. Teething is when a puppy’s sore gums and impacted teeth nearly become too much to bear, prompting them to chew on anything from the dining room table’s legs to drywall.\n\nWhen selecting a teething toy for your puppy, look for one that will offer them both comfort and entertainment. Consider purchasing toys made of nylon or hard rubber. Toys made with these durable materials are less likely to break apart after a few play sessions, plus they can prevent your dog from taking out their growing pains elsewhere.', 'Puzzle Toys to Provide Mental Stimulation': 'Dr. Stanley Coren, the author of the landmark book “The Intelligence of Dogs,” notes that a dog’s intelligence is 51% breed, 49% environmental. This means that for their intelligence is about half based on their breed, but that isn’t everything. It also means that they can get more intelligent and mentally stimulated based on their environment. So it’s never too early (or too late) to start boosting your puppy’s brain power. Puzzle toys that rely on finding treats or locating a coveted toy can offer your dog an opportunity to explore their surroundings and build their problem-solving skills.\n\nYou may look for puzzle toys with pull-out drawers, sliders, and rotating parts that you can fill with high-value treats, offering an extra incentive to engage your puppy. There are also puzzle toys with noise-making features, such as rattlers and squeakers. Some even let you record your own voice!\n\nSince many puzzle toys come in varying stages of difficulty, you may want to purchase a toy that allows you to adjust the difficulty based on your dog’s abilities. Soon, a puzzle that once took your puppy hours to crack could be solvable in no time.', 'Soothe Puppies With Comfort Toys': 'In the days and weeks after bringing a new puppy home, it’s understandable that they miss their mother and littermates. Unfortunately, this could lead to whining, pacing, and other symptoms of stress. Thankfully, there are many toys designed to help your puppy adapt to their new home.\n\nFor example, some plush toys emit a sound similar to their mother’s heartbeat, helping them sleep through the night. Other comfort toys include plushies with beads that heat up in the microwave and offer a soothing, warm sensation.\n\nYou may choose to purchase a toy specially designed for comfort if your puppy struggles to sleep through the night, experiences separation anxiety, or needs help adjusting to a new environment. Comfort toys can also be helpful if you’re crate training your dog and hope to create a positive association.\n\nWhile these toys can offer much-needed comfort, avoid leaving them with your dog for extended periods unsupervised. So, if your dog relies on a toy with an artificial heartbeat to sleep, remove it from their bed once they start snoozing. That way, they won’t wake up and start chewing on it.', 'Dental Toys: Good for Teeth (But Not a Substitute for Brushing!)': 'Puppies can also benefit from dental toys, which can help promote good dental health and stave off dental disease.\n\nSearch for dental toys that come with ridges or uneven surfaces. These features help dislodge bits of food stuck between your young dog’s teeth, preventing decay and that dreaded puppy breath. There are also flavored dental toys that encourage your dog to chew. Some toys also allow for the insertion of dental treats, though these items are generally sold separately.\n\nAs with any toys that your dog will gnaw, be sure to choose durable materials that won’t break apart easily. If you notice rips, tears, or deep punctures, throw the toy out. You don’t want to risk your puppy ingesting any small parts.', 'Always Supervise Your Puppy During Playtime': 'Even if you’ve seen your puppy play with the same toy dozens of times, it’s always a good idea to supervise the activity. Puppies have sharp teeth, and you don’t want a day of play to turn into a night at the vet. Even a seemingly small puncture in a toy could cause foam, stuffing, and other materials to come loose, posing the threat of bowel obstructions.\n\nSupervising your puppy’s play sessions can also be a great opportunity to teach and brush up on basic commands, such as “leave it,” “drop it,” and “come here.” Plus, can you name anything cuter than watching a puppy play?'}",[]
https://www.akc.org/expert-advice/puppy-information/puppies-born-ready-communicate-people-new-study-shows/,"Puppies Are Born Ready to Communicate With People, New Study Shows","Jul 26, 2021","['socialization', 'communication']",Mary Robins,Every dog lover knows the telepathy between man and his best friend: that doggy sixth sense that has them loving on you when you’re sad and even seeming to anticipate your commands. But how did dogs get to be so excellent at communicating with people in the first place?,"{'Putting Puppies’ Communication Skills to the Test': 'A new study from the Arizona Canine Cognition Center at the University of Arizona has answers. For the study, which was funded in part by the AKC Canine Health Foundation, researchers put 375 eight-week-old puppies through four tests, designed to establish whether even such tiny pups were receptive to human communication. Crucially, these dogs had never spent a significant amount of time with humans before: in training to be Canine Companions service dogs, they had spent their two months of life cuddled up with their mothers and fellow puppies.\n\nThe hypothesis was that if dogs this young and with this little exposure to humans were able to tune in to human communication, that communication must come hardwired, instead of being learned.\n\nSo could they? In a word: yes.\n\nFirst, researchers tasked the puppies with finding a treat hidden in a cup (having made sure both cups smelled of treats, so the pups couldn’t just follow their noses). They found that the dogs were able to follow both human pointing and humans placing a yellow block near the correct cup, finding the treat an average of 67 percent of the time for both tasks—significantly more than the 50 percent you’d expect by pure chance. Each dog completed each task 12 times, and the researchers found that they did not improve over the course of the trials, further confirming that this behavior is not learned but innate.\n\nNext, researchers ran two tests to find out how likely puppies are to make eye contact with humans or gaze at their faces. Their first question: How likely are they to gaze at us when prompted? Researchers spoke to the pups in “dog-directed speech”—essentially baby voice—for 30 seconds, and found that the puppies made eye contact with them for six of those 30 seconds, suggesting that they really were interested in the researchers’ attempts to communicate with them. Earlier studies have shown that older dogs pay even more attention to dog-directed speech, suggesting that while this interest is innate, it’s also something dogs learn to engage in more as they get older.\n\nFinally, they tested how likely dogs are to engage humans of their own accord, through a test known somewhat dauntingly as the “unsolvable task.” The puppies were given a treat sealed in a transparent box, and monitored as they tried to access it. Earlier tests have shown that while wolves do not look to humans for guidance in this situation, adult dogs do. These itty bitty puppies were somewhere between those extremes: “They do make eye contact, but only for about a second, over the 30-second trial,” says Dr. Emily E. Bray, the study’s lead author. “So the tendency you could say is there, it’s present, but it’s not very strong at all.” Bray compares this tendency to human children, who are receptive to adult guidance from a very young age, but take longer to seek it out independently.', 'So: Were Dogs Bred To Converse With Humans?': 'It’s an age-old question: Just how did dogs get to be so well suited to human companionship and communication? While it’s long been reasonable to assume that earlier humans selected and bred dogs for their communicative abilities, this new research is a vital new piece in the puzzle.\n\nCrucially, the researchers didn’t stop at studying the puppies’ average abilities—they also studied each puppy’s individual abilities, using the detailed genetic history available from Canine Companions. That leg of the study revealed that any given dog’s communication skills are up to 40 percent heritable from their parents and lineage—an extremely high rate for a heritable trait.\n\nGiven all this, it’s not so hard to see how dogs became man’s best friend. “I think it definitely suggests that their receptivity to our social signals is something that probably was selected for over the course of domestication,” Dr. Bray told me. “That it’s something that has evolved over time.”', 'Canine Super-Communicators: The Dogs of the Future?': 'It seems likely that our ancestors bred highly communicative dogs partly for work roles like hunting and herding, which rely on their being highly attuned to human commands and behavior.\n\nToday, there’s less demand for hunting and herding dogs, but this research still has a highly valuable application. The puppies tested were bred by Canine Companions to be service dogs—and yet, as Dr. Bray told me, “Probably only 50 to 60 percent of them will be successful.” Since communicating with humans is at the core of service dogs’ work, being able to breed for communication skills could someday help Canine Companions and similar organizations to provide more highly communicative pups to people in need.\n\nThere’s still more research to do: having discovered that this trait is heritable, Dr. Bray and her colleagues are now trying to establish exactly how it’s inherited. Which genes is it coded into? That information will give breeders of service dogs and companion pets alike a much greater ability to select highly communicative dogs for breeding.\n\nUntil then, there’s always the old-fashioned method, which so many generations of humans seem to have used before us: befriending and breeding those pups who seem to understand what we say, as if by magic.'}",[]
https://www.akc.org/expert-advice/puppy-information/how-to-care-for-your-large-breed-dog/,How to Care for Your Large-Breed Dog,"Sep 14, 2021","['safety', 'large breeds', 'first puppy']","Yasmine Ali, M.D.","From the Labrador Retriever and the Golden Retriever, to the German Shepherd Dog and the German Shorthaired Pointer, some of America’s most popular dogs are large breeds, achieving an adult weight in the range of roughly 45 to 90 lbs.

These large dogs are different from smaller dogs and extra-large breeds in more than just size and appearance. From puppyhood through adulthood, they have special care needs and considerations.","{'Physical Activity for Large-Breed Puppies': 'AKC Breeders of Merit Karen Edwards and Jim Pearce, of Fern Hill Golden Retrievers, have been breeding field-line Golden Retrievers for 16 years, and point out that “large puppies, especially those from working lines, need plenty of exercise.” However, due to the way that bones and joints develop in large breeds, certain precautions are necessary when fulfilling these exercise needs.\n\nAs Dr. Jerry Klein, Chief Veterinary Officer for the American Kennel Club, notes, “The growth plates of the long bones of large and giant breeds fuse later than those of smaller dogs, as late as 16 to 18 months compared to 6 to 9 months in toy dogs.”\n\nIt is often recommended that, in terms of running or jumping, puppies engage only in self-regulated play until their growth plates have closed—and the timing of this comes later for large breeds. Edwards and Pearce believe that one of the best activities for puppies is playing with other well-mannered dogs, as this involves natural motion while providing needed socialization.\n\nAs Dr. Klein conveys: “Excessive, constant, percussive trauma, such as would occur in regimented running or jogging on hard surfaces such as concrete or asphalt, could affect the growth plates and are thought to cause harm to the developing joints of large dogs. Typical puppy play exercise, where no one motion is extended for a period of time, and there is twisting and turning—especially when on softer surfaces such as grass or sand—is thought preferable.”\n\nThis means that some training modifications for certain AKC sports, such as agility, should be made for large breeds until their growth plates have fused. While this is usually at 16 to 18 months for large dogs, ask your veterinarian with regard to your individual dog, particularly before engaging in sports requiring running and jumping.', 'Nutrition for Large-Breed Puppies': 'Large-breed puppies obviously have more growing to do than puppies of smaller breeds, and that has implications for feeding recommendations. According to Dr. Klein, “The major differences between regular and large-breed growth (puppy) diets are the differences in energy density (calorie) and calcium content. Large-breed growth diets are typically lower in calcium and are less energy dense to reduce the risk of overfeeding, which will lead to obesity, an all-too-common problem in today’s pets.”\n\nKeeping dogs lean throughout puppyhood as well as through adulthood is important for health and longevity, as obesity has been linked to a number of health issues, some of which can be more pronounced in large breeds, including musculoskeletal problems like arthritis, hip dysplasia, or ligament tears. Obesity has also been linked to higher risk of heart disease, cancer, and kidney damage.\n\nSo, what should you be feeding your large-breed puppy? Dr. Klein states that, in most cases, “nutritionists recommend a food that has passed the Association of American Feed Control Officials (AAFCO) feeding trials for growth and is made by a reputable pet-food company and marketed specifically for large-breed or giant-breed growth.”\n\nDr. Klein notes that it is also safe to begin joint supplements, such as glucosamine/chondroitin, “as early as possible in large-breed or giant-breed dogs or dogs predisposed to development of osteoarthritis. Joint supplements can be given to puppies as young as eight weeks of age that may be predisposed to development of osteoarthritis due to conformation or injury.” Of course, as Dr. Klein adds, you should always consult with your veterinarian before adding any new products or supplements to your dog’s regimen, especially in rapidly growing puppies.', 'Spay/Neuter Considerations in Large Breeds': 'The veterinary community is learning more and more about the consequences of spaying or neutering in large-breed dogs, and the implications for appropriate timing of these procedures when they are considered. As Dr. Klein notes, “There is some scientific data concerning the correct age to spay and neuter pets and the emerging research has affected the American Animal Hospital Association’s guidelines. In certain breeds, certain cancers, orthopedic disease, behavioral problems, endocrine disorders, obesity, and urinary incontinence may be linked to early sterilization status and the age at which the procedure is performed.”\n\nOne study in particular, Dr. Klein says, “made a stunning observation concerning spaying and neutering,”—and it was a study in one particular large breed, the Golden Retriever. In 2013, the University of California, Davis (UC Davis) released the results of this study involving 759 Golden Retrievers, concluding that, although early sterilization prevented several issues, it also appeared to increase the risk of other diseases, including cranial cruciate ligament rupture, hemangiosarcoma, mast cell tumors, lymphosarcoma, and hip dysplasia.\n\nDr. Klein adds that more research is needed, “especially with different canine breeds, to help us understand the cause and effect of sterilization and the relationship between spay/neuter status and disease prevalence. More studies on the link between sterilization age and the onset of certain diseases are also needed.”', 'Training a Large Dog': 'While all dogs should be trained to have basic manners—and training for the AKC Canine Good Citizen title is highly recommended, no matter what size or breed—there is less leeway for bad behaviors in large dogs, due to the consequences of such behaviors. A large dog, for instance, can more easily injure a person by jumping up on them. Destructive behaviors can do more damage when coming from a large dog: bigger teeth can cause greater destruction when inappropriate chewing occurs, bigger paws can dig larger holes in the yard, and longer legs make it easier to counter-surf. So be sure to pay extra attention to your large breed’s training, socialization, and mental enrichment to avoid boredom and poor manners.', 'Living With a Large Dog': 'Edwards and Pearce have noticed that “the biggest difference between having large and small dogs is most apparent in the first year or two…. Big dogs grow so fast as puppies that they are surprised at their own changing size—they crash into people and things—’whoops!’—and knock things over.”\n\nLarge dogs are slower to mature than smaller dogs, but once they do mature, they can often be even calmer and quieter than their smaller counterparts. As Edwards and Pearce put it, “It can take a number of months before puppies find that ‘off’ switch. The second year is much better, and by the time they are three they are usually calm, trustworthy pets in the home.”', 'Budgeting for a Large Dog': 'Dr. Klein’s advice to large-dog owners or prospective owners extends to your wallet: “Everything about having large dogs will cost more than having small dogs: food, beds, medicine … even the car you will need to drive them around!” So be prepared and plan accordingly in order to provide the best care for your (large) bundle of joy.\n\nYasmine S. Ali, MD, is a cardiologist and writer in Tennessee, where she lives with two AKC-registered large dogs.'}",[]
https://www.akc.org/expert-advice/puppy-information/canine-mother-separation-from-puppies/,Do Dogs Have Maternal Instincts? How Dogs Encourage Independence in Puppies,"Nov 18, 2024","['socialization', 'pregnancy', 'litters', 'breeder education']",Alexandra Anastasio,"Canine mothers are the first source of love and protection for newborn puppies. For the first three weeks after the puppies are born, the mother dog gives them her undivided attention and care.

“What you’ll see on day one is a mother who doesn’t want to be away from her pups for more than a second,” says Dr. Ann Hohenhaus, Senior Veterinarian and Director of Pet Health Information at the Schwarzman Animal Medical Center.","{'Puppies Completely Depend on Their Mother': 'Because they’re born unable to see, hear, or walk, puppies are completely dependent on their mother for the first few weeks of their lives. These weeks are extremely crucial. It’s estimated that they spend about 10% of the time eating and the other 90% sleeping. A canine mother’s job in the first 10 days of her puppies’ life, known as the neonatal period, is to meet all of their needs, from nourishment to assisting in the elimination of waste.\n\nAround the third or fourth week, the transition to solid food begins and the puppies’ drive to nurse decreases. As they become less dependent on the mother for her milk, there is a decline in her lactation. “It’s not only about the transition to solid food but also the transition to independence,” says Dr. Oppenheimer, Director of the Perla del Sur Animal Hospital in Ponce, Puerto Rico. “One of the wonders of this world is getting to watch how a canine mom separates from her puppies. Nature and its behaviors are beautiful to observe.”', 'Encouraging Socialization and Weaning': 'To further the babies’ independence, the mother will leave the whelping box more frequently and for longer periods of time. “This gives the pups optimal time for socialization and to assert some independence away from her,” says Russell Hartstein, a certified veterinary behaviorist and dog trainer in Los Angeles.\n\nWhen they are first born, puppies’ motor skills are nonexistent. But by the fourth week, they start to become ambulatory. It’s during this time they begin to transition from a helpless newborn to a playful puppy.\n\nThe weaning process is the time in a puppy’s life when critical behaviors are learned from both their mother and littermates. These behaviors are essential to the puppy’s overall development. The important benchmarks needed for separation should be met in a natural order of progression. Otherwise, problems can develop as the puppies mature into adulthood. It’s also important to the mother’s health that the weaning process be a gradual one.', 'Time for Independence': 'As the puppies’ independence increases, so does their activity level. They begin to explore their surrounding area and strengthen their social connections with humans. Dr. Hohenhaus believes it’s imperative for newborn puppies to be around people from the very beginning. “A canine mother is very protective on day one, but after a couple of days, the mamma will let other people near her babies,” she explains.\n\nDuring the first 16 weeks of their life, puppies are the most impressionable. “This social developmental period is an extremely crucial time for them,” says Dr. Hohenhaus. “They need to interact with other people and animals, as well as become accustomed to strange sights and sounds.”\n\nAs a puppy grows and becomes more independent, a canine mother’s role changes from one of support, direction, and protection to one that encourages self-reliance. By eight weeks of age, puppies can usually handle going to a new home. The mother may initially feel lost without her litter and show signs of depression that could last a few days.\n\nComplete separation from their mother and littermates might be scary for a puppy at first, and it’s natural for them to cry or whine during this period of adjustment. But with love and socialization, the puppy will soon acclimate to their new surroundings.'}",[]
https://www.akc.org/expert-advice/puppy-information/when-should-you-get-a-second-dog/,When Should You Get a Second Dog?,"Nov 15, 2024","['socialization', 'responsible dog ownership', 'multi-dog household']",Kathy Santo,"If you’re considering getting a second dog, there are questions you should answer and steps you should take to prepare for the responsibility that comes with training the new dog and helping your current dog adjust.","{'Questions to Ask Yourself': 'Before you jump into this new commitment, ask yourself these questions:', 'The Wrong Reasons to Get a Second Dog': 'If the reason for getting a new puppy is among the ones below, it’s best to wait.', 'How to Introduce the Newcomer': 'If and when you do get a second dog, here are some tips on making the transition a smooth one.\n\nFirst, introduce the dogs when they’re on-leash in a neutral place. Read up on dog body language, so you recognize what your dogs are telling you and each other. Let another adult handle one of the dogs, and make sure both dogs are on short, loose leashes. Take the dogs for a walk along a different route than your dog is used to.\n\nNext, if the dogs seem interested and fairly calm, let them walk up to each other. Let them sniff each other. Verbally praise a good interaction, and keep the leashes loose. After a few seconds, distract them with treats and redirect their attention back to you.\n\nWhen a new puppy or dog comes into the house, let the dogs interact safely with the use of a crate or pen. Alternate with one dog in and one dog out. The crate or pen makes it easy for a dog to visit, but walk away when he’s had enough. Always supervise, even with this setup.\n\nDuring this process, watch for stiff posture, lip lifting, and staring — behaviors that can precede growling and snapping. If you see these warning signs, give the dogs a break before trying again.', 'Have a SUPER Start': 'Until the dogs are acclimated to each other, which could take days, weeks, or months, try using the “SUPER” method.\n\nSupervise: Keep your eyes on both dogs at all times, whenever they are together, until the adjustment period is over. Give each dog separate food and water bowls, and don’t leave food bowls out after mealtime. Don’t give the dogs bones or toys until they prove they get along.\n\nUnderstand: The puppy was your idea, not your dog’s. In time, with help from the humans in the house, your dog will adjust. Until then, remember to shower the older dog with attention and love.\n\nPens: Crates, pens, and baby gates will be a sanity saver for you and the dogs. Everyone, including dogs, needs alone time. Also, make sure each dog gets time alone with you to bond every day.\n\nExpect: Your older dog may correct your puppy with a growl or snap from time to time. This is how adult dogs teach puppies social skills. Your job is to supervise so that things don’t get out of hand.\n\nReinforce: Reward your dog when he shows tolerance for the puppy. If your dog doesn’t move away, growl, or snap when the puppy lies down next to him, say “Yes” and reward with a treat.\n\nLike any training process, introducing, training, and socializing a new dog takes time. Remember to be patient, and if the relationship is consistently rocky, pursue professional dog-training advice.'}",[]
https://www.akc.org/expert-advice/puppy-information/difference-between-show-dogs-and-pet-puppies/,What Is ‘Pet-Quality’? The Difference Between Show Dogs & Pet Puppies,"May 24, 2023","['acquiring a puppy', 'dog shows']",Denise Flaim,"Among inexperienced dog seekers, one question looms early in the process of finding that perfect puppy. Pet or show dog? This is an inquiry often asked by breeders, but you may find yourself wondering, “how should I know?”

Of course, every puppy will fulfill that first category as a loyal companion. And hopefully, they’ll be a part of your family for many years to come. But, while breeders are gratified to see their puppies going to loving homes, that’s not the sole reason they are breeding. If they are serious about purpose-bred dogs, they’ll always be looking ahead to the new generation that will bring their family of dogs forward.

So, while you’re scrolling through lists of dog names and scheduling your first vet visit, your breeder might be sipping their morning coffee next to the whelping box, trying to divine if the next conformation champion awaits.

Pet-quality and show-quality are labels that breeders attach to their puppies, but they can be fluid. Experienced breeders spend years grading, selecting, and following puppies. This helps learn their growth patterns and develop a baseline for predicting how they will turn out. But, Mother Nature has a particular fondness for curveballs. Sometimes the most promising puppy defies his rosy predictions as an adult, while his gawky, uncoordinated littermate matures into an enviable swan.

Understanding the difference between show dogs and pet puppies – and how breeders arrive at those assessments – can significantly demystify the selection process for many new owners.","{'Screening for Show Dog Success': 'The difference between a show dog and pet puppy is the degree to which each meets the standard for the breed. Knowing the standard for the breed you are interested in – and how to interpret it – is vital. Some standards have disqualifications, which prevent such dogs from entering the show ring.\n\nCertain disqualifications result from missing traits that are considered hallmarks of the breed. Examples include the lack of a ridge in a Rhodesian Ridgeback or the presence of a smooth or wavy coat in a Spanish Water Dog. Other times, disqualifications address those traits that evoke an earlier ancestor or blur lines with another breed. For example, any white spot on the shoulder, back of neck, or back or sides of a Pharaoh Hound is a disqualification, so as not to confuse it with its heavily white-marked cousin, the Ibizan Hound. So too are blue eyes in an Alaskan Malamute, to differentiate it from the closely-related Siberian Husky.\n\nSometimes, a disqualification isn’t immediately identifiable. Some breeds, for example, mandate full dentition, which is a fancy way of saying all their teeth. With Rottweilers and Doberman Pinschers, the absence of two or four teeth, respectively, means a dog is disqualified. However, puppies often don’t have permanent teeth yet when they go to a new home. Therefore, determining show potential in those breeds can be a bit more complex.\n\nSimilarly, breeds such as Whippets and Beagles have a disqualification for size. A puppy that a breeder thinks might not grow tall enough – or, conversely, might grow too tall – also could be sold as a pet. And in males of any breed, the absence of one or both testicles is an immediate DQ.\n\nA disqualification is the most obvious reason for a puppy not being show dog material, but it is hardly the only one. Each standard lists dozens of required characteristics. Eyes alone include color, shape, size, set, and depth. But good breeders know how to prioritize faults. So, what may seem a big deal, because it’s in the standard, may not be from a showing perspective. An eye for that important but equally intangible quality – overall balance – can take years to develop. All the more reason to trust in an experienced breeder to explain why a certain puppy is destined as a show dog instead of a full-time couch guardian.', 'Picking the Proper Pup': 'Predicting how a puppy will turn out is an inexact science, but good breeders have a knack for such things. For this reason, it’s likely that your breeder will select your puppy for you. Other than show-versus-pet quality, the breeder will also take into consideration the puppy’s temperament. Also, what will work best with your lifestyle and family configuration. Naturally, a puppy suitable for young, active couples will be different from one that goes to an elderly owner.\n\nBecause puppies go through dizzying growth spurts, many breeders wait until seven or eight weeks of age or later to make final determinations about which puppies are destined for the show ring. Some have formal evaluation sessions, inviting other breeders they respect to have a look and render an opinion. Try to be patient, and as soon as the breeder has figured out who goes where, you’ll know, too.\n\nThe difference between pet-quality and show dog potential often has an impact on price, with the latter logically being costing more. But this isn’t always the case. Putting aside that once-in-a-lifetime superstar, some breeders charge the same price for both pet and show prospects. Even if there are two price tiers, the difference between them is usually not very significant.\n\nWhile people toss around the term “pick of the litter,” it’s all too often meaningless. That much-touted puppy’s only comparison is its littermates, who may not be anything to write home about. Ironically, the bottom-ranked pet puppy from an extremely high-quality litter could be a better example of the breed than the “pick puppy” from a mediocre litter.', 'Limited Registration': 'Many breeders sell their pet-quality puppies on a limited registration. This means the puppy can participate in official AKC events like Obedience, Agility, and Rally, among others, but cannot participate in conformation. The logic here is that “pet-quality” means a dog is, in the opinion of its breeder, not a candidate for breeding, and the show ring is the place for evaluating breeding stock. Similarly, if a pet-quality puppy does produce offspring, they cannot be registered with the American Kennel Club.\n\nAs you might guess, breeders will place their pet-quality puppies on limited registration in order to prevent unscrupulous individuals from breeding them anyway, against the breeder’s wishes.\n\nA dog’s breeders – but not its owners – are permitted to change a dog’s limited registration to full registration, allowing the dog to be shown and bred. Some breeders ask the owners of pet-quality puppies to see the puppy before it is spayed or neutered to make this determination.', 'Welcome to the World Of Show Dogs': 'Some puppy buyers experience trepidation about bringing home a “show dog” when they went looking for “just a pet.” While the dog show world can seem intense, having a show dog is not as demanding as it may seem.\n\nA big culture shock for first-timers is that show dogs are not spayed or neutered, as altered animals can’t be shown. Once a dog achieves its championship – a process that can take a couple of months to a year or more– the breeder might be happy to end things there. That’s because the best breeders are also the pickiest. Just because a dog is a champion doesn’t mean it has to be bred. Advances in reproductive technology also mean that a dog’s semen can be stored for years and even decades. This is an option for owners who prefer not to keep their male intact indefinitely.\n\nFemales are a significantly greater responsibility. They come into heat every six to 12 months, and whelping a litter takes a lot of time and effort. Some owners work out an arrangement. Breeders handle breeding, whelping, and placement of puppies, and the owner keeps a puppy at the end of the process. This requires a great deal of trust and communication. All details and possible scenarios should be spelled out in the contract between the owner and breeder.\n\nThe financial commitment of having a show dog can vary widely as well. Many breeders enjoy showing their own dogs themselves and will ask owners just to pay entry fees. Others will require owners to hire a professional handler, which can be a significant investment or to show the dog themselves, which can be the start of an exciting new hobby. Remember that the biggest challenge many breeders face is finding good show homes. Many will work with prospective owners who are willing to take a show puppy.', 'Honest Intentions': 'Some buyers are willing to pay top dollar for a show-quality puppy but don’t want to be involved in Conformation. Sometimes, breeders with especially large litters of high-quality puppies can accommodate such a request. If a puppy is good enough to be a champion show dog, a breeder will want them to achieve that. Therefore, they may hold out for the right home.\n\nBuyers should never pretend to want to show in order to snag a show-quality puppy. Just as you trust breeders to be honest about practices and dog quality, you should be forthright about your intentions.\n\nResponsible breeders, after all, are not in it for the money. They focus on producing healthy, sound dogs that meet the breed standard. To do that, they need to breed new generations of dogs to carry on. Maybe, just maybe, you’d like your dog to be a thread in that ever-weaving tapestry.'}",[]
https://www.akc.org/expert-advice/puppy-information/puppy-growth-timeline-transitions-puppyhood/,A Puppy Growth Timeline: Transitions in Puppyhood,"Mar 23, 2026","['socialization', 'milestones', 'new puppy']",Jan Reisen,"Puppyhood is mysterious, exciting, challenging, curious, and full of transitions. Puppies are busy developing physical, cognitive, and social skills, which follow a very general timeline. If this sounds familiar, it’s not so different from the timelines and transitions we recognize in human babies and toddlers.

As with children, understanding what happens and when helps us know what to expect and what puppies need from us in order to grow into happy, healthy, and well-adjusted adult dogs.","{'A Puppy’s Beginning: Newborn to 4 Weeks Old': 'For the first three weeks or so, a puppy’s senses haven’t started working. They don’t see, hear, or smell yet and spend most of their time asleep.\n\nA lot starts to happen between two and four weeks. Puppies begin to interact with their littermates and their mother. Their eyes open, they can see, and their other senses develop.\n\nBy four weeks, a puppy can walk and may even start to bark and wag their tail. Before the four-week mark, puppies need stimulation from their mother to eliminate; after then, they can do this by themselves. And, as anyone who’s raised a puppy knows, this is also the time those razor-sharp puppy teeth emerge.', 'Lots of Changes in Your Puppy’s Life: 4 to 8 Weeks': 'This is a busy time for a young puppy. The mother begins weaning her pups and teaching them how to behave. A puppy at this stage plays with their siblings, which is the equivalent of learning the rules of the playground. This is also the time when young puppies begin to explore and have a high fear threshold and can be gently and gradually exposed to everyday stimuli in the environment.\n\nThe eight-week mark can be an important time in a puppy’s life because this is often when they go to their permanent home. They’re matured enough to adjust to a new environment and still have a high fear threshold.', 'The “Fear Period” for Puppies: 8 to 12 Weeks': 'It seems counterintuitive that you’ve brought your puppy home at eight weeks, just when they’re becoming fearful and wary of new experiences. But they’re also at their most impressionable, and positive experiences will help them adjust to their new environment. This is your opportunity to expose your puppy to as many new people, new animals, and new situations as you think they can handle.\n\nLike a young child, a puppy at this age is like a sponge, soaking up information and experiences. But it’s important to avoid frightening or painful experiences as much as possible. And, when such things do happen, “jolly” your pup through it, heap on the praise, and generally respond positively to allay your puppy’s fears.\n\nMost rewarding of all during this period, this is the time when puppies form strong attachments to their people. You’re forging a lifetime relationship.', 'Pre-Adolescence in Puppies: 12 to 24 Weeks': 'Starting around 12 weeks, your puppy is less fearful and is becoming more curious and independent. They still have a lot to figure out, including their place in the family pecking order. Personality traits, like dominance and submissiveness emerge, as they learn more social skills.\n\nAlso emerging are their permanent teeth, which means chewing, chewing, and more chewing. It’s one of the ways that puppies explore, so chew toys will become a household necessity.\n\nBy 16 weeks, your puppy is ready for school. This is a good time to sign up for training classes, where you’ll learn how to train your puppy and they’ll start learning some social skills. Choose classes that are fun and enjoyable for you both. Your puppy is also ready for house-training and some basic commands like “come.”\n\nKeep up the socialization, exposing your puppy to new people, places, and other animals. If you observe them closely, you’ll soon start to understand their body language and the signals that they’re uncomfortable or frightened. Exposing your puppy to new things in a controlled way will help them feel confident and secure. With their newfound confidence and growing independence, they’ll start exploring further away from your side.', 'Welcome to Life With a Teenaged Dog: 6 to 12 Months': 'Remember that adorable cuddly little puppy of just a few months ago? They’re a teenager now and things could get interesting. Dogs of this age start to test boundaries and many will try to assert themselves in the pack. They may challenge their humans and other pets in the household.\n\nPuppies at this stage need a great deal of stimulation and activity; their boredom threshold is about the same as a young teenager’s. You can expect some misbehaving and disobedience during this stage, as your puppy reaches sexual maturity. Keep up the training and provide lots of opportunity for play and exercise.\n\nYour puppy will become quite the explorer during this stage. Walks around the neighborhood become an adventure for them as they use scent to learn about their environment; where other dogs live, the best spot to stop for a pee, the bushes where squirrels hide, and whose grass is the best for rolling around on. Combine teaching good leash manners with enough freedom for some neighborhood exploration.', 'Not a Puppy Anymore:\xa012 to 18 Months': 'Most dogs reach their emotional maturity between 12 and 18 months and have the temperament and personality they’ll have through adulthood. In general, smaller breeds mature sooner, while larger breeds can take longer to reach both physical and emotional maturity. You can still expect some puppy hijinks and energy and, depending on breed, that energy could last for several more years.\n\nYou’ve spent the last 18 months giving your puppy a safe environment in which to grow. You’ve been preparing them for adulthood by teaching them to be a good family member, and you’re becoming familiar with their temperament and needs. Most importantly, you’ve created a bond that will last a lifetime.'}",[]
https://www.akc.org/expert-advice/puppy-information/bond-with-puppy/,Ways to Bond With Your New Puppy,"Jun 01, 2026","['bonding', 'puppy', 'new puppy']",AKC Staff,"Bringing home a new puppy is exciting, but building a strong bond doesn’t happen overnight. It requires patience, consistency, and daily interaction. By preparing your home, establishing routines, and fully engaging with your dog, you create a foundation of trust. Over time, these efforts help your puppy feel secure and strengthen your connection.

In This Article","{'Prepare Your Space for a New Dog': 'When your puppy comes home, your space should be ready for them. In addition to stocking up on puppy toys, treats, and other playtime essentials, make sure to carefully “puppy-proof” each accessible room:', 'Help Your Puppy Explore Safely': 'Introducing your puppy to their new surroundings right away builds confidence and trust. Using a collar and leash indoors allows you to guide their exploration while keeping them safe.\n\nThis approach helps your puppy become comfortable with walking equipment and gives you an opportunity to supervise, redirect, and begin gentle training from day one.', 'Be Patient During the Adjustment Period': 'Every new puppy—and owner—needs time to adjust. Your dog is learning new rules, environments, and expectations, while you’re learning their personality and needs.\n\nConsistency and patience are key. Calmly reinforcing house rules and sticking to routines will help your puppy understand what’s expected without fear or confusion.', 'Making Careful Introductions': 'The experience of bringing home a puppy and growing into a pet care expert is always better when it’s shared with family and friends. While you don’t want to initially overwhelm your puppy with visits from strangers, you can always post photos or videos of them on social media to share these moments with the people in your life.', 'Be Fully Engaged in Your Interactions': 'When it comes to bonding with your dog, it’s important to truly commit. Try not to let your phone steal your attention during walks or games of fetch. Your dog needs to know that they’ve got your full attention and that they can rely on you to meet their needs.', 'Learn to Read Canine Body Language': 'Even without words, your puppy is constantly communicating. Paying attention to their body language helps you better understand their emotions and needs.\n\nOver time, noticing cues such as posture, movement, and energy levels will guide your training approach and strengthen your ability to respond appropriately.', 'Introduce and Reinforce a Routine': 'New experiences can overwhelm a young dog. To minimize stress and optimize the housetraining process, establish routines early and often. Better yet, teach your dog to associate these expected behaviors with positive reinforcement. Some additional affection or a training treat can help gain your dog’s trust and attention, while discouraging unwanted behaviors, such as tugging at the leash during walks or eliminating indoors.', 'Be Ready for Some Sleepless Nights': 'New puppy owners should count on having their sleep interrupted for some time after bringing their dog home. However, nighttime bathroom breaks are much simpler when dogs and their owners share a bedroom.\n\nDepending on your dog’s size and temperament, you may wish to crate them bedside, or set up a puppy-sized bed within an exercise pen nearby. Whatever your arrangement, keeping your dog close by helps reduce the risk of accidents and strengthen your bond.\n\nBuilding a bond with a new dog takes time and effort. Don’t get discouraged if you experience setbacks. With patience and persistence, your bond will grow stronger the more time you spend together.'}","[{'question': 'How long does it take to bond with a new puppy?', 'answer': 'Bonding can take weeks to months, depending on the puppy’s temperament and your consistency. Regular interaction, training, and routines help build trust over time.'}, {'question': 'Should I let my puppy sleep near me at night?', 'answer': 'Keeping your puppy nearby can reduce anxiety and accidents. A crate or bed close to you helps them feel secure while adjusting to their new home.'}, {'question': 'How can I tell if my puppy is bonding with me?', 'answer': 'Signs include following you around, making eye contact, responding to your voice, and seeking comfort or play. These behaviors show growing trust.'}, {'question': 'What if my puppy seems shy or withdrawn?', 'answer': 'Some puppies need more time to adjust. Focus on gentle interaction, consistent routines, and avoiding overwhelming situations to help build confidence.'}, {'question': 'Is training important for bonding?', 'answer': 'Yes. Training builds communication and trust. Positive reinforcement helps your puppy associate you with clear guidance and rewarding experiences.'}]"
https://www.akc.org/expert-advice/puppy-information/best-age-bring-puppy-home/,What’s the Best Age to Bring Your New Puppy Home?,"Jun 02, 2025","['acquiring a puppy', 'first puppy', 'milestones']",Harriet Meyers,"You’re getting a puppy, and you can’t wait to bring home that adorable bundle of fur. You don’t want to miss one minute of your new baby’s puppyhood.

But wait. Bringing home a puppy who is too young can affect the behaviors your dog will have for the rest of his life – and not necessarily in a good way.

So what is the ideal age for a puppy to be when you welcome him into your home? There are different opinions, as well as a variety of factors, that influence the answer to this question. However, most veterinarians and breeders would put the optimum age to bring home a puppy somewhere between 8-to-10 weeks old. Here’s why.","{'Socialization Period': 'A primary factor in choosing when to send a puppy to a new home is the socialization period. According to veterinarian and behaviorist Dr. Sally Foote, the socialization period in puppies typically lasts from between 6 and 12-to-14 weeks of age.\n\nDuring this time, puppies are learning the norms of the world around them, and they develop attitudes and behaviors they’ll keep as adult dogs. The American Veterinary Society of Animal Behavior says this is when puppies should be exposed to as many new people, animals, stimuli, and environments as can be achieved safely and without causing overstimulation.\n\nSocialization of a puppy during this period has a huge effect on the behaviors, confidence, and attachments the dog will have throughout their lifetime. It’s also the time when the puppy will form a strong bond with the humans taking care of them.', 'Learning From Littermates': 'Puppies also have what some animal behaviorists call a primary socialization period, which begins as they become more aware of the world around them at 3-to-5 weeks of age. Through their mother and littermates, puppies begin to learn appropriate play behaviors and how to communicate with and relate to other dogs.\n\nThey also learn rudimentary impulse control and bite inhibition from the feedback of their siblings and mother.\n\nResearch has shown that puppies removed from their litters very early are more likely to display problems in behavior and temperament when they’re grown, including being fearful, aggressive, or anxious; guarding their food and toys; and being highly reactive and more difficult to train.\n\nOn the other hand, puppies that stay with their littermates for too long may start to develop dominant or submissive behaviors that can also lead to problems.', 'Breeder’s Puppy Care': 'Before buying a dog, it’s important to make sure you are comfortable with the breeder‘s decisions about your puppy. Find out how the breeder plans to handle your puppy in terms of weaning, socialization, and timing for sending the pup home with you.\n\nBreeder of working Shetland Sheepdogs Claire Apple prefers to keep her puppies in her home during the socialization period. Her puppies go to their working or sport homes at 12 weeks of age. She does this so she can control the experiences her puppies have during their fear and socialization periods and can begin the focused training they need for their future homes.\n\nEarly socialization of puppies should be done thoughtfully. Good breeders slowly introduce their puppies to children and other adults, car rides, crate time, noises, surfaces, grooming tools, solid food, the outdoors, and they give them individual attention. They enable puppies to enjoy new experiences, recover from startling situations, and learn to enjoy being handled, while beginning to make connections with humans.\n\nWhen the puppies go to their new homes, breeders can coach their puppy owners on how to socialize properly and safely, without overwhelming or traumatizing them.', 'Weaning': 'Weaning is another factor in determining when a pup can leave the litter. “Most pups begin the gradual switch from their mother’s milk to solid food anywhere from 3-to-5 weeks old,” says Dr. Jerry Klein, Chief Veterinary Officer for the AKC.\n\n“This process can take a couple of weeks, and it may be a little stressful for the pups. Puppies should not be sent to their homes until they are happily eating on their own. Puppies that are prevented from suckling for food and for comfort can display insecure behaviors later in life.”', 'Legal Limitations': 'Some states have laws specifying age requirements, usually at least 8 weeks, before puppies can be sold to the public. About 15 of the 28 states make it unlawful for any person to sell an underage puppy.\n\nThe laws often exclude nonprofit animal shelters or humane societies from these limitations. For many states, the laws only apply to pet dealers, retail pet stores, or pet breeders.', 'Different Dogs, Different Situations': 'Some breeders of toy breeds may choose to keep the pups past 8 weeks because these puppies are so tiny and fragile.\n\nIf a pup will have to travel a long distance to its new home, especially on an airplane, the breeder may wait until the puppy has received most vaccinations and is better able to handle the physical and emotional stress of traveling.\n\nOne experienced dog trainer and expert on dog development suggested that the optimum age for a puppy to go to its new owner is about 8-to-9-weeks, when the pup is ready to develop a strong bond. However, the same trainer said that the puppy could also benefit from remaining with its littermates a little longer if the breeder is dedicating lots of time and energy to socializing and training the pup.\n\nBottom line: Talk to your breeder, your veterinarian, and your dog trainer. If they tell you it’s best to wait a week or two longer for the healthy development of your new companion – you’ll be all the more prepared when the big day comes.'}",[]
https://www.akc.org/expert-advice/puppy-information/first-day-new-puppy/,Your First Day at Home With a New Puppy: Tips for Day One,"Mar 10, 2026","['potty training', 'first puppy', 'crate training']",Harriet Meyers,"The day you bring your new puppy home is the day you’ve been waiting for. It’s your first day as long-term companions, and you want to begin bonding with your puppy immediately. Start off right by staying home, so you can make your puppy feel secure and enjoy every minute of this experience.

Here are some tips to make sure the first day is the best it can be for your puppy, for you, and for your family.","{'Introducing Puppy to a New Home': 'When first introducing your new puppy to your home, it’s important to keep a few things in mind in order to ensure their safety and comfort:', 'Start a Routine and Stick to It': 'Structure will help your new puppy feel secure and understand what’s expected of them. Routine makes it easier for everyone, humans included. Create a schedule and stick to it. Keep in mind:', 'Surviving the First Night': 'Some puppies sleep through the night right from the start. Others may cry for a few nights. And some may not be able to hold their pee and will need a middle of the night trip outside, but this usually ends by age 4-5 months.', 'Building Strong Bonds': 'With lots of affectionate contact with the family, consistent rules and routine, and rewards for good behavior, your puppy will quickly learn their place in this new “pack.” Most importantly, you’ll establish a bond that will endure throughout their life.'}",[]
https://www.akc.org/expert-advice/puppy-information/train-labrador-retriever-puppy-milestone-timeline/,How to Train a Labrador Retriever Puppy: Milestone Timeline,"Feb 26, 2026","['first puppy', 'milestones', 'labrador retriever', 'sporting group']",Mary Kearl,"Friendly, active, and outgoing, Labrador Retrievers regularly rank among the most popular dog breeds. There’s a lot to love, and for first-time Lab owners, there’s a lot to get to know — especially over the course of the initial months of your puppy’s first year of life.

So what are the key milestones and firsts to prepare for as you welcome your Labrador Retriever puppy into your home? We talked to Cathy Straub Benedict of Cabin Labradors and Betty Barkley of Breton Gate Labrador Retrievers, both of whom have been breeders for more than 35 years.","{'Key Milestones: 8 Weeks': 'At eight weeks, it’s safe for Lab puppies to leave their mothers and litters and become a member of your family. When welcoming a Labrador Retriever into your pack, be prepared for these first key milestones, starting right when your new puppy enters your home.\n\nSimilar to how we baby-proof our homes in anticipation of the arrival of a new baby, Lab families should plan on puppy-proofing your home, before your new dog joins the family.\n\n“Chewing is a constant concern for the first year,” says Barkley. That’s why she recommends stocking up on chew toys as a healthy alternative to other household items your puppy may decide to teethe on instead. She recommends putting items you don’t want your dogs to chew away and out of sight.\n\n“It’s also important to learn about foods and plants that are poisonous to Labs,” she added. “Some house plants need to be moved from the area where the puppy goes.”\n\n“Socialization is number one,” says Straub Benedict. “Labradors are people dogs. If you don’t want to spend a lot of time with your dog, get a cat.” Barkley says that new Labs should be carefully introduced to other dogs in the house, if applicable. (See our guide: How to introduce puppies into homes with senior dogs.)\n\nHer advice? Make sure the older dog knows they’re the top dog. “Feed them first, then the puppy, ideally in a crate,” she explains. “Supervise the two to be sure they are not too wild and that the older one is being kind to the puppy.”\n\nBarkley and Straub Benedict both recommend getting into good grooming habits right from the start.\n\nLab puppies’ nails should be kept short (see our guide to trimming your dog’s nails safely). Barkley adds that this is a good time to clean your dog’s teeth and check and clean your dog’s ears. She recommends making this combo of nail trimming, ear cleaning, and teeth brushing a weekly routine.\n\nIn terms of baths, Labs are easy to groom. You should only need to bathe your Lab puppy about once a month, she adds.\n\nIt will take some effort to help your Lab become house-trained. The good news is that Retrievers make for great students. “Labs love to please and are quick learners,” says Barkley. “They can start learning basic obedience and parlor tricks as soon as they are in their new homes.”\n\nFor potty training your puppy, she recommends taking puppies outside first thing once they wake up and then again every half hour, using treats as a reward to keep them motivated. At this point, strenuous activities — such as jogging or more advanced obedience training —should be avoided, explain both breeders.\n\n“I like to let a puppy be a puppy for the first six months, then we start basic training,” says Straub Benedict.\n\nBut now is a good time to introduce fun games like fetch for playtime and short walks on a leash. “Dog walks are fun for puppies, but they can tire quickly and might stop where you are, hoping for a ride home,” explains Barkley.\n\nShe recommends about five minutes of activity per month of age and discourages taking puppies to dog parks at this stage.', 'Key Milestone: 3–6 Months': 'These early months will be filled with plenty of learning and development.\n\nStraub Benedict teaches her Labs to swim starting at about three months. “They do have to be taught to swim, so they can’t just be thrown in a pool with no way shown to them to get out safely,” she explains.\n\nWhile your dog may be gracefully walking around inside and outside your home, Barkley doesn’t recommend having your puppy using the stairs until about four months and up.\n\nStarting at around four months — after your pet gets the first round of puppy vaccines —you can advance beyond the basic training you’ve already begun. For your puppy’s safety, Barkley recommends making sure any puppy obedience school or program you select requires all enrolled dogs to have their shots, too.\n\n“A puppy class can be valuable to socializing and learning good manners,” she says. “I suggest visiting a class before to see how it is organized and safe.”\n\nExpect your Lab’s puppy teeth to become loose and fall out around four to five months. “Checking the mouth during this time can detect a problem if a baby tooth is not being pushed out correctly by the adult teeth,” says Barkley.\n\n“Rarely, a baby tooth might need to be pulled. I have wiggled a few free too.”\n\nUntil six months, leash walks should be short — at this time they can become gradually longer, but running or jogging should still be avoided.\n\nKey Milestone: 7+ Months\n\nThis may be when your dog begins to mature sexually.\n\nThere’s no set age at which Labrador Retrievers first reach sexual maturity. Barkley says this milestone may happen as early as seven months or take until a dog is nearly two years old, at 22 months. Before this stage, you should have discussed your spaying or neutering options with your breeder and vet.\n\n“New studies encourage large dogs not to be spayed until their growth plates close,” she explains, adding that hormones play a major role in skeletal development. “This might not happen until 18 months or older.”\n\nDiapers are one option for owners to use during this time.', 'Key Milestone: 12 Months': 'Congratulations, it’s your puppy’s first birthday!\n\nAt this time, you can plan to transition your pet from puppy to adult dog food, following the feeding guidelines offered on the label.\n\nNow your Lab is finally at a stage where it’s safe to go jogging with your dog. Enjoy!'}",[]
https://www.akc.org/expert-advice/puppy-information/what-its-like-to-get-a-puppy-during-covid-19/,What It’s Really Like to Get a Puppy During COVID-19,"Jun 13, 2022","['acquiring a puppy', 'socialization', 'covid-19']",Kaitlyn Arford,"More people than ever before are opening their hearts and homes to puppies during the coronavirus pandemic. For those who are self-isolating, puppies provide welcome wagging tails and comforting cuddles. Plus, many puppy seekers are discovering they now have the crucial element needed to raise a good dog: time.

So, is now the right time to get a puppy? The answer to that question depends on each person and family. Were you prepared to get a puppy before COVID-19? Do you have the financial stability and resources? Do you have access to a vet? After you return to your normal schedule, are you prepared to continue caring for your dog? Make sure you are prepared to socialize your puppy during social distancing.

For those who are fully prepared for the responsibility puppyhood brings, it’s a perfect time to help a new pet adjust to their home and work on essential training skills. Responsible breeders have always practiced safety and cleanliness protocols and many are willing to meet potential buyers via online video chats or phone calls, then transfer the puppy while maintaining social distancing.

If you decide to get a puppy, make sure you wash your hands, clothes, and shoes before and after picking up your new dog. Stay at least 6-12 feet from any breeder or person. Do not make any stops on the way to the breeder, and complete payment and paperwork ahead of time. While dogs are not currently at risk of contracting COVID-19, it is possible an infected person could transmit it from their mouth to the dog’s fur or face, and you could pick it up from touching the dog then touching your face.

Curious about what it’s really like to get a puppy right now? We talked to three recent puppy buyers about their experiences during COVID-19.","{'Brian Goldberg, Sam Busa, and Barkley: “He brings a lot of joy to people.”': 'Brian Goldberg and his wife, Sam Busa, spoke for months before the pandemic about bringing home a puppy. But between careers and commutes, these new homeowners couldn’t get the timing right. When their jobs transitioned to remote, they realized they had a unique opportunity.\n\nThat’s when Goldberg began reaching out to breeders within a 250-mile radius in search of the perfect pup. The couple knew what they wanted: an 8- to 10-week-old male Golden Retriever puppy.\n\nGoldberg began by sorting through breeders on the AKC Marketplace. He found a breeder in Vermont, three hours away, that had one available.\n\nSince the breeder was far away, most communication was virtual. They traded questions, videos, and photos over the phone before meeting.\n\nThe couple knew they wanted to make the final decision in person. When they met the breeder, they stayed six feet apart and weren’t allowed to enter any buildings. The puppy walked toward Goldberg and Busa, and they knew this was the one they wanted. They scooped the puppy off the ground without ever coming closer to the breeder.\n\n“It felt pretty weird not to shake hands with the guy who just gave you a pup but we took all the precautions we could,” said Goldberg, “and then we brought him home.”\n\nIn the span of a week, they went from talking about puppyhood to welcoming 8-week-old Barkley to their home.\n\nEven taking Barkley to his first veterinarian visit was different during the coronavirus. Goldberg had to determine which veterinarians were open. He then did a curbside appointment with a veterinarian dressed in full PPE gear. Though Goldberg was sad he couldn’t go inside with his new puppy, he understood the importance of safety. Goldberg and Busa ordered every puppy necessity online instead of shopping for supplies.\n\nBarkley is now an honorary staff member as he entertains their colleagues during Zoom meetings.\n\n“I think he brings a lot of joy to people who are otherwise kind of down these days,” said Goldberg. “It’s wonderful to have him at home. He’s been a very pleasant distraction. Our moods have 100 percent improved since having him. Now it’s much more pleasurable to be stuck in the house.”', 'Katelyn Yannie, Alex Lichorat, and Stella: “We had been wanting a puppy for a long time.”': 'When Katelyn Yannie and her husband, Alex Lichorat, started working from home because of COVID-19, they also began searching online for a puppy.\n\nThey wanted an energetic puppy that could keep up with their active lifestyle. The couple had wanted a puppy for a long time — Lichorat, who grew up with dogs, and Yannie, who never owned one — but both were too busy with work. They planned to add a puppy to their lives eventually, but now had time and energy to bring a puppy home immediately.\n\nThat’s when they found an Australian Shepherd breeder.\n\n“It was kind of on a whim,” Yannie notes. “We found out we both were going to be working from home for a while and decided to drive up and pick her up.”\n\nWhen they met the breeder, they waved hello rather than shaking hands. Standing six feet apart, the breeder spoke to Yannie and Lichorat as they cuddled her.\n\nNow, 10-week-old Australian Shepard Stella is part of the family.\n\nStella discovers something new every day, like her love of belly rubs and pouncing Bocci balls. She’s even discovered things she shouldn’t do, like chewing a couch. Most importantly, she’s discovered how to bring happiness to her family.\n\n“We watch the news. We have an idea of what’s going on. But in general, I don’t think anyone really knows how long this will last. So she’s calming both of us down. She gives us something to take our minds off the news,” said Yannie. “She’s just a wonderful addition to the family.”', 'The Goldblatts and Finley Tuck: “It was the perfect time to bring home a puppy.”': ""When Adam Goldblatt had to cancel his family’s two-week trip to Spain this May because of the COVID-19 pandemic, they decided it was time to add another dog to the family.\n\nThe family had been grieving a deeply loved West Highland White Terrier named Tavish, who died in September, age 14, from lymphoma.\n\n“Our first Westie was one in a million. People say that about Westies in general, but he really was,” said Goldblatt. “So I knew we wouldn’t have the same experience but we wanted another Westie.”\n\nGoldblatt started the search online, looking for Westie puppies within a 300-mile radius through a Westie breed club. He contacted breeders and organizations over phone and email until he found someone with a puppy available.\n\nSince the puppy was the last of the litter, it was easy for Goldblatt to meet both puppy and breeder while social distancing. They met outside and stood far apart. Goldblatt was able to hold and play with the puppy, both parents, and a littermate.\n\nHe even learned that the puppy was born January 19, just one day after Tavish’s birthday on January 18.\n\nWhen Goldblatt took the puppy to their longtime veterinarian for his first wellness visit, he couldn’t meet the vet inside. Instead, a staffer picked up Finley Tuck curbside, and the veterinarian called later with the results.\n\nBut he did see another heart-wrenching moment: a dog going inside for his last moments and a family who couldn’t follow. It took him back to September when the family lost their beloved Westie, Tavish.\n\nNow, 10-week-old Finley Tuck is a hit with the family, including the Goldblatt’s 21- and 24-year-old children Emily and Zoli, and their 6-year-old rescue dog, Whiskey. The family named him Finley Tuck: Finley for the Carter-Finley Stadium and Tuck for the T in Tavish.\n\nThe Goldblatts have time to train their new puppy since everyone’s working from home. But having people at home 24/7 confuses Finley Tuck.\n\n“He’s like, ‘Why, why am I in the crate? because I know you’re home,'” said Goldblatt. They often have to be in different rooms than Finley Tuck to get him used to being in the crate.\n\n“I’m glad I can do this now with my family,” said Goldblatt. “It definitely has brought us all a lot of enjoyment but I would feel a lot more stressed if I wasn’t home. If we weren’t having to share some of the responsibilities, that would be a lot more challenging.”""}",[]
https://www.akc.org/expert-advice/puppy-information/introducing-puppies-to-senior-dogs/,How to Introduce Puppies Into Homes With Senior Dogs,"Apr 15, 2026","['new puppy', 'socialization', 'multi-dog household', 'boundaries', 'senior dog']",Nandini Maharaj,"Adding a new puppy to the family can be a fun and memorable experience. But not all members of your household might share your enthusiasm. Perhaps you have a senior dog at home with different needs from a younger dog. Plus, some dogs are considered a senior at 6 years old, while smaller breeds, like a Chihuahua, may not be in that category until they’re 7 to 10 years old.

Key Points

You want your dogs’ older years to be as stress-free as possible. If a new puppy is part of that plan, you can take steps to prepare your older dog and help ease the transition for your new family member. Read on for expert advice on how to introduce puppies into a home with older dogs, including how to choose a puppy, recognize signs of aggression, create a safe environment, and carefully supervise interactions.","{'What to Consider Before Bringing Home a New Puppy': 'When you imagine the first meeting between your current dog and a new puppy, you might picture the puppy emerging from a crate or cardboard box as they sniff each other and begin playing. Similar to a movie or TV commercial, you might be hoping for them to get along and be friends right away.\n\n“Just like relationships between people, relationships between two dogs take time to develop, and it’s rarely love at first sight,” says Rachel Lane, M.Sc., CBCC-KA, CPDT-KA, a dog trainer and behavior consultant.\n\nBefore deciding to bring home a puppy, she suggests asking yourself the following:\n\n“When we bring a new puppy home, we want to set both dogs up for success,” she says. “And we want to make sure that we’re picking a puppy who is a breed, temperament, or gender that might complement your current dog.” This means spending time researching dog breeds, meeting dogs, and talking to experienced breeders and owners. In addition, AKC PuppyVisor can provide personalized advice and support for puppy seekers who are new to the process or need expert advice on breed, temperament, activity level, grooming needs, and other important considerations.\n\nDr. Jerry Klein, Chief Veterinarian for the American Kennel Club, says that it’s important to consider differences in size, physical fitness, and medical history between your current dog and a new puppy. “Sometimes the puppy can be of a giant breed and tower over and threaten the senior dog who may have underlying heart or osteoarthritic back or spine issues,” he explains. “Even a small, relentless puppy can jump and tug on a larger, ailing dog, potentially causing medical issues or mental anxiety.”\n\nIn addition to researching which dogs will be a good fit for your home and lifestyle, it’s also necessary to have your puppy examined by a veterinarian. Make sure they’re up to date on vaccines, including such core vaccines as distemper, canine adenovirus type 2, parvovirus, and rabies for puppies 4 months and older. Depending on the puppy’s age, your vet may recommend additional vaccines, such as canine parainfluenza and Bordetella, to protect against kennel cough. Also, both your senior dog and puppy should be tested for parasites like heartworm, fleas, and ticks, and be up to date on preventative treatment.', 'What to Expect When Introducing Dogs': 'Unlike the movie version of dogs meeting, in real life dogs might not get along right away. Your older dog might react negatively to a new puppy. Easily identifiable signs of aggression are growling, barking, lunging, biting, snapping, and snarling.\n\nBut there are other signs to keep in mind, especially avoidance. For example, rather than seeking out the puppy or initiating interactions with them, your older dog might turn away. Or they might move away when the puppy comes over and tries to play with them.\n\n“I advise people that when their dogs are interacting together, we’re not quite sure what they’re going to do,” she says. “We want to be vigilant and alert and, at the same time, we don’t want to helicopter or add to the stress or anxiety of the situation.” Accordingly, avoid raising your voice or interrupting your dogs every few seconds to correct their behavior.', 'How to Prepare Your Older Dog': '“Make sure your older dog is comfortable spending time around other dogs and just existing,” Lane says. Your dog should be able to lie on the floor with another dog and not be playing every minute or getting in each other’s faces.\n\nSimilarly, you want your older dog to be calm and settled if they’re behind a gate or in another room with the door closed. “Maybe they don’t have access to you, and hopefully they’re fine just taking a nap on the other side of a barrier,” she says. So, it’s more about learning to read your dog’s body language and how they interact with other dogs. That said, the more obedience training your older dog has, the better your chances of success with a new puppy.\n\nAnother way to prepare your older dog is to keep their routine as intact as possible. This includes continuing to spend time with your older dog as usual. For example, if they play fetch every day, go for a 30-minute walk every morning, or enjoy sniffing walks, keep up these routines, and consider not bringing your puppy along every time. “Make sure your original dog is still getting that one-on-one time with you that they would normally have,” Lane says.\n\nKlein agrees, adding that you can show your older dog attention by greeting them first, putting on their leash first for a walk, and feeding them before you feed your younger dog. “These small gestures can make a huge difference in the attitude of your older dog,” he says. Moreover, puppies aren’t yet accustomed to these routines or their order.', 'How to Prepare Your Puppy': 'Since puppies come from different sources, they may have different experiences with socialization. Some puppies might have been more isolated and had little time with other dogs, while others might have had a good mom as a role model. “If you can get a puppy from a breeder who has done crate training, that’s amazing, but we might not be able to make that happen,” Lane says.\n\nIn addition, it’s unlikely you would have had time to train a new puppy before they’re together with your older dog. When the puppy is new to the home, treat the time they spend apart from your older dog as an opportunity for training. You can also use a dog gate or dog crate to separate your dogs and keep them safe.\n\nLane recommends rotating your dogs throughout the day. Sometimes, your puppy will be in their crate or playpen. Other times, your older dog will go into another room and chew on a toy while your puppy is exploring their new environment.', 'Guidelines for Initial Interactions': 'When you introduce your dog to your puppy, Lane recommends taking the dogs on a walk first. “Meet somewhere neutral, walk them side by side, and just let them get to know each other in a low-pressure situation,” she says. “If possible, having one handler per dog minimum is ideal.” That way, each handler can support and guide their dog, as well as create space between the dogs if there are any signs of discomfort or aggression.\n\nThe idea of a neutral meeting is to avoid putting your dogs in a situation where they have to be face-to-face or play with each other. “We want to provide some support and structure, like a common shared activity,” she says. “They can go on a walk, sniff around, get to know each other nice and slow, and then go home together.”\n\nThese guidelines apply whether you have a single or multi-dog household. Let’s say you have two dogs. When introducing the puppy to your dogs, she recommends taking dog number one with the puppy on a first-time walk. Then, you would bring dog number two out for a walk with the puppy. You still want them to meet each other one-on-one. She also recommends working with a trainer or behaviorist if you’re unsure about how your dogs are getting along.', 'Creating a Safe Environment': '“Once we get home, we want to make sure that both dogs have a safe space to retreat,” Lane says. For your older dog, their safe space might be a favorite spot on the couch. As for your puppy, you might set up a place in your office or kitchen or use a playpen to section off an area of the living room.\n\n“Interactions between the dogs should be short and sweet,” she says. “We want to make sure that they’re not alone together unsupervised at all.” She also recommends feeding your dogs separately and putting away food and toys to avoid conflict.\n\nDogs should always have access to fresh water. Keep more than one bowl out to curb territorial behavior or resource guarding. Klein recommends never leaving the dogs unattended during feeding, especially in the beginning.\n\nAnother safety tip is having your dogs work on training and remaining calm when they’re on opposite sides of a dog gate or playpen. “They can see each other and practice relaxing and coexisting and don’t have to interact all the time,” Lane says. “You can have one person with the puppy, one person with the older dog, and both dogs are practicing relaxation exercises close to each other.”', 'Carefully Supervising Interactions': '“When we’re looking at dogs who are playing nicely, we want to see balanced play,” Lane says. For example, the dogs might be jumping around back and forth. Sometimes a larger dog will lie on the ground to make themselves smaller and more similar in size to a puppy or small dog.\n\nOther signs that dogs are getting along include loose, wiggly body language from both dogs, play bows, and lots of pauses between play, she says. It’s their way of checking in with each other to see if they’d like to continue playing. Play that isn’t balanced might look like one dog crouching on the ground or lying on their back and pushing up at the other dog the whole time.\n\nSometimes, one dog is very playful and tends to initiate most of the interactions. Lane suggests having the more playful dog on a leash that is dragging on the ground. “Every couple of minutes or every minute, move that dog away. Then allow the less playful or interactive dog a break, and then let them restart the interaction,” she says. “It’s called a consent test, where you let them come back over to the other dog.” When you move the playful dog away, be sure to do this in a gentle, happy manner. That way, they learn they’re not in trouble.\n\nIf the less-playful dog comes back and plays, you can let the dogs continue playing, Lane says. But, if they don’t come back and play, consider it a sign that they’re done playing and perhaps it’s time for a walk or a nap in their crate. “Respecting the choice that the other dog is making is incredibly important,” she says.', 'Should You Let Dogs “Work Things Out” Themselves?': '“Often people will say, just let the dogs work it out themselves if there’s conflict,” Lane says. “Some dogs can correct a puppy appropriately and at the right time and intensity.” However, if your puppy is repeatedly annoying or harassing your current dog, the older dog might begin avoiding the puppy or acting aggressively toward them. In addition, your dog is learning that you’re not going to step in and help them when they want to have their space and be respected.\n\nAs for your puppy, they’re learning that it’s okay to behave inappropriately or that other dogs are scary. “If the handlers can properly supervise interactions and intervene at appropriate times, it can go a long way to creating a peaceful, harmonious household with multiple dogs versus one where there’s conflict, aggression, or fear of each other,” she says. “We do not just let our dogs work it out themselves. Both dogs deserve to live in a happy, safe home.”\n\nLastly, there are times when adding a puppy might not be the best decision for your senior dog. Perhaps your older dog is dealing with pain, arthritis, incontinence, or hearing loss, or isn’t going to enjoy having a new dog in their life. “If it takes them a couple of months to get along, that’s different than having a dog who is miserable for the last three years of their life,” Lane says. “I would recommend not bringing home a second dog if it was going to negatively impact your older dog’s quality of life.”'}",[]
https://www.akc.org/expert-advice/puppy-information/preparing-for-a-new-puppy/,Time to Get a New Puppy? Here’s What You Need to Do,"Nov 12, 2025","['socialization', 'new puppy']","Stephanie Gibeault, MSc, CPDT","Bringing home a new puppy is incredibly exciting, but many puppy seekers wonder when to get a puppy. The answer to that question differs from person to person. Do you have the financial stability and resources to supply your puppy with regular vet appointments and good quality of life? Are you able to socialize your new puppy, train them to have good manners, and teach them how to be alone, even if it’s just for a little bit each day? If you’re fully prepared for the responsibility of dog ownership, then now might be the right time for a new canine family member.

After finding your breeder, there’s so much to do to make your puppy’s transition a success. From puppy-proofing your house to purchasing puppy-safe toys, to starting potty training on the right foot, it’s easy to become overwhelmed. To put you on track and ensure a happy dog for years to come, follow this new puppy checklist:","{'Puppy Proofing': 'Puppies are unbelievably curious, but just like toddlers, they don’t understand what is safe and what is off limits. Remember, if a puppy can get something in their mouth, they’ll eat it or chew it! That’s why it’s essential to puppy-proof your home. You’ll protect your house, prevent bad habits, and most importantly, keep your puppy safe. Here are some tips for proper puppy proofing:', 'Go Shopping': 'It’s important to have all the necessities, like toys and food, before you bring your puppy home. The following things can start your shopping list:', 'Pushing Paper': 'As fun as it is to play with your new puppy, there are still some administrative tasks to take care of. Keep this paperwork in mind:', 'Making Introductions': 'It will take time for your puppy to adjust to their new environment. Plus, it’s likely they’ll miss their littermates until they get comfortable around your family. Be patient and be careful not to overwhelm your puppy. Consider the following:', 'Teaching and Training': 'Every interaction between you and your puppy has the potential to build your bond and teach something new, and there’s no reason you can’t get started right away. Here are some training considerations to keep in mind:'}",[]
https://www.akc.org/expert-advice/puppy-information/littermate-syndrome/,Navigating Littermate Syndrome: Getting Two Puppies at Once Isn’t as Easy as It Seems,"Dec 07, 2023","['acquiring a puppy', 'socialization', 'responsible dog ownership', 'littermate syndrome', 'behavior']",Hilarie Erb,"Imagine you’re getting a puppy, and you’re visiting the litter. They’re so cute when they play together, and are getting their energy out with one another. You may start to think that maybe you should get two puppies instead of just one. There are pros: they’ll keep each other company while you’re at work, the kids will each have a dog. It can’t be that much more trouble, right? Think again.

Getting two puppies at once might sound reasonable. But many dog trainers, breeders, and shelters say that it’s much better for everyone involved if you add just one puppy at a time to your family, helping you avoid a range of behavioral issues, sometimes known as “littermate syndrome.”

Littermate syndrome refers to the potential behavioral problems that can arise when puppies from the same litter are raised together. Without lots of proper individual attention, littermates may bond more closely with each other than with you. Puppies need to learn to function independently to develop into confident adult dogs.

It takes a lot of work to properly socialize and train a puppy. So when is it the right time to think about getting another? When they’re one-to-two years old, well-trained, and have a well-established relationship with you.","{'How to Best Handle Two Puppies at Once': 'You may have already taken the leap, and here you are with two adorable puppies. Caring for them will require a lot of effort, but it can, of course, be done.\n\nTo ensure that each puppy reaches their potential, everything must be done separately: walking, training, eating, and sleeping. If the pups are very young, sleeping together may be fine for a while as long as they get enough one-on-one time with you. But before long, they should sleep in their own crates.\n\nIt’s certainly good for them to play together sometimes, but each one needs time to play with you every day. Make playing with you each pup’s favorite activity. While you play with Puppy A, put Puppy B in their crate with a special toy or puppy chew reserved for this purpose only. Then, switch pups. This will help them learn that crate time is good.\n\nThe puppies must be trained individually before you can work with them as a pair. This means that all but the most urgent potty walks (like the ones that eight-week-old pups need in the middle of the night) must be taken separately. If another family member will help, they should take their puppy in a different direction. They’ll distract each other if you walk them together, just like the class clowns you knew in eighth grade. While you’re trying to teach one to walk nicely, the other one will likely be attacking your shoelaces or gobbling acorns.\n\nPuppy training classes are a good idea to help socialize them with other dogs, but it’s best to take each puppy to a separate one. It may not even work if there’s a family member to work with each puppy in the same class. They’ll have gone there together, be aware of each other’s presence, and will likely be unable to focus on training.\n\nJust like humans, puppies must learn to function as individuals. Socialize them separately. At some point, just one will need to go to the vet, and possibly even spend a night or more there. The other will need to be well adjusted enough to stay at home with you, without their sibling to depend on for knowing how to behave.', 'Bond With Each Puppy': 'Owning more than one dog is great. But if you wait at least one year before getting a second puppy, you get all the benefits of multiple dogs without the chaos of multiple puppies. Each dog gets a chance to learn and adapt to their new home and bond with their owners without sibling competition. You’ll find it easier to train one puppy at a time.\n\nDogs are social and usually enjoy playing and being together, but what they want most of all is time with their people. If you decide to get two puppies, make sure there is enough of you to go around.'}",[]
https://www.akc.org/expert-advice/puppy-information/timeline-of-puppy-teething/,A Timeline of Puppy Teething,"Feb 17, 2026","['teeth', 'play', 'teething', 'chewing']",AKC Staff,,{},[]
https://www.akc.org/expert-advice/puppy-information/how-to-convince-your-parents-to-get-a-dog/,How to Convince Your Parents to Get a Dog: Tips for a Successful Conversation,"Mar 25, 2026","['responsible dog ownership', 'kids', 'family', 'children', 'new dog']",Jan Reisen,"“The best way to get a puppy is to beg for a baby brother — and they’ll settle for a puppy every time.”

That one-liner by Winston Pendelton is one way to convince mom and dad to get a dog. However, if you really want to add a new pet to your family, there are several better strategies you can use when presenting your case to reluctant parents.

First, put yourself in their shoes. You say “dog” and they most likely hear “time, expense, disruption of schedules, a lot of extra work, and possible destruction of furniture and household goods.” You’ll want to address their concerns, while also highlighting the best parts of dog ownership. But, you can’t just talk the talk … you have to walk the walk. Here are some ways to show your folks that you’re ready for a dog.","{'Plan Out a Daily Routine': 'Whether you get a new puppy or an adult dog, they’ll need food, walks, exercise, grooming, and training. By creating a list of daily tasks, you’re showing your parents that you understand how much time and effort goes into raising a happy, healthy, well-adjusted pet.', 'Show Them How You Plan to Implement That Routine': 'Will you get up earlier to feed and walk the dog? Are you willing to give up some after-school activities in order to come home and take care of them? Will you clean up after them? Are you willing to contribute to the expense? Far too often, families get a dog “for the kids,” but mom and dad end up doing all the work. Show them that you’re eager to take on a lot of the responsibility.', 'Prove to Your Parents That You’re Responsible': 'Start by completing all of your household tasks, without being nagged to do so. Make your bed, pick up your room, take out the trash, and do the dishes. You might even get extra credit for taking on additional chores.', 'Do Your Research': 'Every breed is different, from size and appearance to temperament and exercise needs. A cute dog you saw in the park may not be the right breed for your family. For example, if your family is athletic and wants a dog to take on summer hikes, a breed in the Toy Group might not suit your needs. If you live in an apartment, a large breed could take up too much space.\n\nExplain your reasons for wanting a particular breed. If you need help deciding what kind of dog to get, check out the AKC’s breed selector tool or pick up a book to learn about different breeds.', 'Figure Out a Way to Help With Dog Ownership Expenses': 'If you’re old enough, consider getting a part-time job or offer to do odd jobs around your neighborhood. You can even save up your birthday money. If you really want to show your parents that you’re ready to take care of a dog, offer to take a neighbor’s dog on a walk or watch a relative’s pet for an afternoon.', 'Address Your Parents’ Concerns': 'Perhaps your mom or dad is allergic to dogs. While no dog is 100% hypoallergenic, you could always present them with a list of breeds that are better suited for people with allergies. If they’re worried about your grades or extracurricular activities, don’t get defensive. Hear them out and respond honestly. Then, give them time to think about your proposal.', 'Talk Up the Pros of Owning a Dog': 'Here are a few you can put on your list:', 'Draft a Family Contract': 'Specify which tasks you’ll personally take on. That could mean walking the dog twice a day or cleaning up any accidents they have in the house. This is the moment to have an open and honest conversation with your parents. Everyone can sign it to indicate how committed they are to providing the best life possible for your new pet.\n\nOwning a dog can be one of the greatest joys in life, but it comes with a lot of responsibility. If you can show your parents that you’re willing and able to take on that responsibility, you might just secure yourself a canine BFF.'}",[]
https://www.akc.org/expert-advice/puppy-information/are-you-ready-for-a-dog/,Are You Ready for a Dog?,"Jun 02, 2026",[],AKC Staff,"Bringing a dog into your life can be deeply rewarding, but it also requires planning, patience, and long-term responsibility. While many people imagine playtime, companionship, and affection, thinking about the realities of what dog ownership actually involves is the best first step you can take.

Once the right dog for your family comes along, you want to ensure you’re ready for everything that follows. Here are some factors to consider before bringing a dog home.

In This Article","{'Life With a Dog': 'When you picture life with a dog, you may think of games of fetch, peaceful walks, or relaxing together at home. Dogs can be loyal companions, family friends, protectors, or even athletic partners in dog sports. They bring joy, structure, and connection to daily life.\n\nIt’s equally important to imagine less ideal scenarios, such as dealing with accidents during housetraining, excessive barking, or unexpected veterinary visits. Understanding both the good and the bad will help you set realistic expectations and prepare for the full scope of what owning a dog entails.', 'Cost and Commitment': 'Owning a dog is a long-term commitment that affects your time, finances, and daily routine. Routine expenses include food, supplies, and preventive veterinary care. Unexpected costs, such as illness or injury, can arise at any time.\n\nBeyond finances, dogs rely on consistent care and attention throughout their lives. If your schedule or budget cannot comfortably support these needs, it may be worth reconsidering or delaying the decision.', 'Living Space Needs': 'Your home environment plays a major role in your dog’s well-being. Indoor dogs benefit from a safe, designated space, such as a crate or an enclosed area, for rest and security, especially when you’re away. You also want to be prepared with appropriate cleaning supplies in case of potty accidents during training.\n\nIf you have a backyard or other outdoor space, secure fencing or a kennel run, along with protection from weather conditions throughout the year, is crucial. Creating a safe yard may also involve safeguarding landscaping and preventing access to harmful plants.', 'Daily Care Requirements': 'Dogs depend on their owners for consistent daily care. Fresh water should always be available. You should also work with a veterinarian to determine which diet and feeding schedule is appropriate for your dog’s age, size, and health needs.\n\nExercise is equally essential. Most dogs need daily walks or active play sessions to stay physically healthy and mentally stimulated. Weather conditions may require additional gear or adjustments, particularly for smaller or more sensitive breeds.', 'Training Responsibilities': 'Training begins the moment your dog comes home. Housetraining requires patience and consistency, and mistakes are part of the process. Teaching basic manners helps your dog behave appropriately at home, with visitors, and in public settings.\n\nStructured classes can be helpful, especially for puppies or dogs with more complex behavioral needs. Be prepared to experience some setbacks along the way. Training requires ongoing effort to reinforce good habits and build a strong bond between you and your dog.', 'Health and Grooming': 'Routine veterinary care is essential for your dog’s health. This includes vaccinations, checkups, dental care, and monitoring for any signs of illness or injury. Some conditions may require long-term management, particularly as dogs age.\n\nGrooming needs vary widely by breed. While some dogs require only occasional brushing, others need regular trimming or professional grooming. Establishing a grooming routine contributes to your dog’s comfort and overall health.', 'Emotional Needs': 'Dogs are social animals that depend on human interaction and companionship. They need attention, structure, and a sense of security when you are home and when you are away.\n\nSome dogs develop separation-related behaviors if left alone for long periods. Planning ahead for pet sitters, boarding arrangements, or daily interaction is key to meeting your dog’s emotional needs. Just as importantly, owners must be patient and forgiving as dogs learn and adapt.'}","[{'question': 'How do I know if my lifestyle fits having a dog?', 'answer': 'Consider your daily schedule, activity level, and availability at home. Dogs need consistent care, including exercise, attention, and routine. If you travel often or have long workdays without support, ownership may be challenging without additional help.'}, {'question': 'What are the biggest unexpected challenges of dog ownership?', 'answer': 'Common surprises include training setbacks, behavioral issues like chewing or barking, and unplanned veterinary costs. Preparing for these in advance helps reduce stress for both you and your dog.'}, {'question': 'Do all dogs require the same level of care?', 'answer': 'No. Care requirements vary based on breed, age, health, and temperament. Some dogs need extensive grooming or exercise, while others may require specialized diets or medical attention.'}, {'question': 'Can I leave my dog alone during the day?', 'answer': 'Most adult dogs can handle some time alone, but they still need regular interaction and care. Puppies and certain breeds may require more supervision. Planning for walks, enrichment, or a pet sitter can help meet their needs.'}, {'question': 'Is training really necessary for every dog?', 'answer': 'Yes. Training helps your dog understand expectations and behave safely in different environments. It also strengthens your relationship and improves your dog’s ability to adapt to everyday situations.'}]"
https://www.akc.org/expert-advice/puppy-information/answer-5-questions-find-right-dog/,Answer These 5 Questions to Find the Right Dog For You,"Jun 02, 2025",['acquiring a puppy'],AKC Staff,"You’ve made the decision to welcome a new dog into your family. Now comes the fun part – finding the perfect dog. There’s a lot to consider. Before you commit, ask yourself these five questions.","{'What’s Your Schedule?': 'Think about your lifestyle. Do you work long hours? Struggle to get out the door in the morning? Travel every chance you get?\n\nOwning a dog is a big responsibility and a life-changing one. Are you ready to take your pet on at least two 15-minute walks every day – or more if you have an active breed? Will you be able to block out time for obedience training, house training (if your pup needs it), and epic games of fetch? Are you willing to rethink your travel plans based on whether or not you can take your dog with you?', 'Is There Room in Your Budget?': 'Your love for your dog doesn’t cost a thing, but their upkeep does. A 2017 report estimates that owners will spend an average of $27,074 to $42,545 over 10 years on caring for their dog. This includes everything from spaying/neutering, vaccinations, and other medical expenses to food, toys, grooming, beds, and okay, all those adorable pet Halloween costumes we know you won’t be able to resist buying.', 'Drawn to a Certain Breed?': 'Can’t get enough of a Golden Retriever’s sunny disposition? Have a soft spot for a Basset Hound’s big ears? Crave a snuggle buddy like the Bichon Frise? Each breed has its own personality, appearance, and energy level, so do some research. Fact is, the breeds you’re drawn to may not be the right fit for your lifestyle.', 'To Groom or Not to Groom?': 'Unlike fastidious felines, dogs leave their hair care entirely in their owner’s hands. Depending on the breed you choose, that may mean extra work on your part – and possibly an increased budget. For example, long-haired breeds like the Pekingese need daily brushing to keep mats and clumps at bay, while others, like Poodles, require regular trips to the groomer to maintain their curls.\n\nShedding may also be a consideration. If you’re okay with seeing a dusting of hair on the floor that you just cleaned yesterday, then you may be up for owning a Saint Bernard or Akita (both breeds are notorious shedders). If you’d rather give your vacuum a rest, stick with a breed that doesn’t shed, like Portuguese Water Dogs, Miniature Schnauzers, and Yorkshire Terriers. These breeds are also considered low-allergen, making them a great choice for allergy sufferers.', 'Do Your Personalities Mesh?': 'Finding the right dog is a lot like dating. The right one will share the things you’re passionate about, whether that’s cuddling on the sofa while watching Netflix, or hitting the hiking trails on the weekends. Every breed and every dog has its own unique personality so, as you’re thinking about which one to bring home, be sure to ask about:\n\nBecoming a dog owner is an exciting adventure—as well as a major commitment. After all, you’ll likely have your dog for a decade or longer.\n\nBefore taking the plunge, make sure you’re informed and fully prepared. It’ll help get you and your new best friend off on the right foot (or paw). And once you decide to look for a puppy of your own, AKC Marketplace can connect you with a responsible breeder.'}",[]
https://www.akc.org/expert-advice/puppy-information/cost-of-a-dog/,Know the True Cost of Owning a Dog,"Jun 21, 2023",['responsible dog ownership'],"Stephanie Gibeault, MSc, CPDT","Dogs provide immeasurable benefits to their owners’ lives including companionship, stress reduction, unconditional love, and more. It’s impossible to put a price on all your dog does for you. But you can put a price on what it costs you to own them. And it may be far higher than you expect. In fact, many people underestimate the expenses that come with responsible dog ownership. Particularly before you bring a dog into your life, know what you’re in for. Recent data from the American Pet Products Association (APPA) and LendEDU, a financial education website, will help you prepare a realistic budget for your pet.","{'Overall Cost Per Year': 'According to the APPA 2021-2022 National Pet Owners Survey, pets are big business. In 2020, Americans spent $103.6 billion dollars on their animal companions, and that number is expected to go up by six billion in 2021. That includes the cost of food, supplies, veterinary care, and services like pet sitting, grooming, and training.\n\nBut what can you expect as an individual? When LendEDU surveyed 1,000 people and asked the dog owners what they estimate they spend on their dogs each month, the average response was $157.39. If you add that up, that equals $1,888.68 a year. It’s likely that estimate is on the low side though, especially considering an American Kennel Club (AKC) survey from 2004 concluded the average annual cost of dog care was $2,489.00. (Although those expenses included travel and dog events.)\n\nIf your dog lives 10 years, a reasonable life span for many breeds, you’re looking at almost $19,000 dollars committed to your dog. And that doesn’t include the cost of purchasing your dog in the first place. Of course, that number will fluctuate greatly depending on factors like your dog’s size and health status. For example, a toy breed simply costs less to care for on average than a giant breed. They eat less and all their supplies are smaller. The AKC survey found that giant breeds like the Great Dane cost $3,321 a year versus $1,831 for small breeds like the Shih Tzu.', 'Break Down of Expenses': 'There are many responsibilities when you own a dog and therefore many types of expenses. Some are routine like food, treats, and annual vet exams. Others are sporadic like licensing, training classes, and toys. Still, others are one-time expenses like fencing your yard or microchipping your dog. No matter the time frame, here is a breakdown of some of the different categories:', 'Plan for the Unexpected': 'Knowing about all these expected expenses will allow you to accurately budget for dog ownership. But don’t forget about unexpected expenses too. Your dog might fall ill, need emergency dental surgery, or develop food allergies and require a special diet. You don’t want to be caught without the means to care for your furry best friend. In fact, almost one-quarter of the pet owners surveyed by LendEDU went into debt because of their pet’s medical needs to the average tune of $1,566.96. Be prepared with emergency savings just in case.\n\nAnd once you bring a dog into your life, you may want to include them in every aspect. Perhaps you’ll decide to travel with your dog and incur extra costs for their flight or your vacation home’s security deposit. Maybe you’ll take up a dog sport like agility or rally and need funds for training and competition entry fees. You never know where dog ownership will take you, so be prepared with a doggie reserve fund. Your dog is your best friend and loving companion, and their care is your responsibility. The costs can be higher than expected, but your dog will repay you in more ways than money can buy.'}",[]
https://www.akc.org/expert-advice/puppy-information/questions-to-ask-your-potential-breeder/,Questions You Can Ask Your Potential Breeder,"Aug 13, 2025","['responsible dog ownership', 'first puppy', 'find a breeder']",Randa Kriss,"Getting a puppy is a big decision that shouldn’t be taken lightly. When you’re looking for a dog, you want to ensure you get the right one for you — and that starts by talking to a responsible breeder.

But how do you find a responsible breeder? You can visit AKC Marketplace as a resource and have this list of questions handy to get to know your breeder, your breed, and your potential puppy better.","{'Understanding What to Expect From the Breed': 'One of the many benefits of purebred dogs is knowing the breed, and knowing what to expect from the breed. You can ask to see photos of the parents, but understanding the breed will help you get a good idea of how big the puppy will get, what they will look like, and what kind of temperament they should have.\n\nOne of the benefits of working with a breeder to get a purebred dog is having an understanding of what to expect from your new puppy once they’re grown. Together with your breeder, you’ll be able to learn more about the specific breed and take your own lifestyle into consideration before deciding on a puppy.', 'Have the Parents Been Health Tested?': 'Early detection is key to preventing serious health conditions. You’ll want to be sure that the breeder has tested the parents to be sure that they’re healthy and have no genetic diseases common to the breed.\n\nSpecific health tests are recommended for each breed. It’s important to work with a breeder who has an understanding of these tests and the conditions each one tests for.', 'What Is Your Experience with This Breed?': 'You’ll want to know what experience the breeder has with breeding and their specific breed. They should be knowledgeable about the breed’s strengths and weaknesses, as well as any genetic diseases that might affect the breed.\n\nAlong these lines, you might want to ask the breeder if they’re involved in any breed clubs, organizations, or dog sports.', 'How Are Their Puppies Socialized?': 'It’s very important that puppies are properly socialized so they become well-adjusted dogs. You should find out if the puppies have been around people and dogs, and if they’re comfortable with a household environment. The puppies and other dogs shouldn’t be unusually shy or scared. Early socialization will help the puppy better adjust to new surroundings and life with you after you bring them home.', 'Are the Puppies Up-to-Date on Vaccinations?': 'You should be sure that the breeder has taken the puppy to a veterinarian and knows where they’re at on their puppy vaccine schedule. This will allow you to have the proper medical information when you bring the puppy home. Plus, you’ll know what shots they’ll need next.', 'Do You Provide a Health Guarantee and Contract?': 'It’s important to find out what kind of guarantee the breeder provides with their puppies. What happens if you find the puppy has a serious health condition? If you can no longer care for the puppy, will the breeder reclaim it?', 'When Will We Be Able to Take the Puppy Home?': 'The breeder should tell you not to expect to bring home the puppy until it’s eight to 12 weeks of age. Puppies need ample time to mature and socialize with their mother and littermates.', 'How Can We Contact You After Picking Up the Puppy?': 'The breeder should be willing to give you their contact information and encourage you to contact them with any questions or concerns you may have. Breeders are an excellent resource and breed mentor for you throughout your dog’s life.', 'What Requirements Do You Have for People Looking to Get One of Your Puppies?': 'Breeders should be willing to answer any questions you have. They should ask many questions of you, as well. Breeders will want to make sure their puppies are going to good homes, with people who know what to expect and have made all the necessary preparations.\n\nPicking the right breeder is important. You want to make sure the breeder is responsible, cares for their dogs, and will be a valued resource for you throughout your dog’s life. And of course, you want to make sure that you are bringing home the best puppy possible.'}",[]
https://www.akc.org/expert-advice/puppy-information/why-you-should-keep-in-contact-with-your-breeder/,Why You Should Keep in Contact With Your Breeder,"Mar 04, 2024","['acquiring a puppy', 'first puppy', 'find a breeder']",Jan Reisen,"If you purchased your puppy from a responsible breeder, you’ve probably developed a relationship with them. After all, this person is an expert on the breed and on your puppy’s specific bloodline. They planned the litter and raised the pups for the first few weeks of their lives. Because of all this, your breeder should be a valuable resource when you have questions or problems.","{'Reaching Out With Questions': 'It’s natural to experience challenges with a new puppy and even into your dog’s later years. Who better than the breeder to answer your questions and help you come up with solutions? As a new owner, you may feel that once you’ve purchased the puppy and brought them home, the breeder has done their part and now you’re on your own. But that’s simply not the case.\n\nResponsible breeders care about the puppies and are interested in hearing what’s going on with your dog, good and bad. Not only that, but with their knowledge of the bloodline, the breed, and the puppy’s parentage, your breeder may have suggestions and solutions for pretty much everything to do with your new puppy.', 'Handling Major Life Changes': 'In rare cases, your life may change in such a way that you can no longer keep the dog. In this case, it’s essential that you contact the breeder. Any reputable breeder will be willing to take the puppy back, even in their later years.\n\nIf this happens to you, don’t be afraid to call for fear of being judged. A breeder’s first responsibility is to the dog, and they’ll likely take the dog back and do everything they can to place them in a new home.', 'Making Future Breeding Decisions': 'By staying in touch with your breeder, you’re also sharing valuable information about your dog. Your breeder will want to know about any temperament or health issues your puppy has in order to make future breeding decisions. The breeder cares about breeding the healthiest dogs possible, and input from you is important.\n\nMost of all, the breeder knows your puppy better than anyone and is more than happy to be your adviser. There’s probably very little about the breed they haven’t encountered over the years. This doesn’t end after puppyhood, try to stay in touch throughout all the years of your dog’s life. A responsible breeder will always remain a resource and a valued connection.\n\nIf you’re looking for a responsible breeder and if you have a specific dog breed in mind, check out the listings on AKC Marketplace and contact your local breed club.'}",[]
https://www.akc.org/expert-advice/puppy-information/why-i-chose-to-buy-a-puppy-using-the-akc-marketplace/,403 Forbidden,작성일 정보 없음,[],저자 정보 없음,,{},[]
