url,title,updated_date,tag_list,author,intro,full_content,faq
https://www.akc.org/expert-advice/training/dog-bark-out-the-window/,Does Your Dog Bark Out the Window? Why and What to Do About It,"Jun 01, 2026","['barking', 'fear', 'windows', 'habit']","Stephanie Gibeault, MSc, CPDT","It’s true that dogs bark to communicate and express themselves, but nuisance barking is another matter. When dogs bark at the window, it can bother your neighbors, frighten visitors, and shatter your own peace and quiet. But there are so many stimulating events happening outside. What are you to do?

In This Article

Ideally, you want to prevent your dog from ever developing this behavior in the first place. But if your dog has already established the habit, you need to know how to get them to stop barking at the window. Learn the underlying motivations for window barking so you can better manage the behavior and train alternative behaviors you would prefer to see.

","{'Why Do Dogs Bark Out the Window?': 'According to Rachel Lane, M.Sc., CPDT-KA, CBCC-KA, owner of Leash & Learn Dog Training and certified behavior consultant, dogs bark out windows for many different reasons, and those reasons can vary at different times. “They may bark because they are bored and looking for something fun to do. They may be scared, and in their mind, their barking just chased the mailman away. [Your dog] may be defending their territory or alerting you to their perception of a nearby threat. They also could be excited or startled.”\n\nNo matter why it starts, the issue is that barking at the window may become part of your dog’s routine. And the more dogs practice barking at the window, the stronger that routine becomes. Lane warns that, rather than the mail carrier, dog, or other trigger provoking the same emotional response it did initially, your dog starts barking at it simply out of habit.\n\n', 'The Problems With Window Barking': 'Barking at the window is also self-reinforcing. For example, if your dog is barking to “chase” the mail carrier away, from the dog’s point of view, that is exactly what happens. The mail carrier was already moving on to the next house, but your dog doesn’t know that. Because dogs repeat behaviors that get them what they want, they will keep barking every time.\n\nAKC is a participant in affiliate advertising programs designed to provide a means for sites to earn advertising fees by advertising and linking to akc.org. If you purchase a product through this article, we may receive a portion of the sale.\n\nBut it’s even more problematic than that. The window creates a barrier between your dog and the trigger, so your dog can’t interact with the object of their attention. This can lead to barrier frustration, leaving your dog feeling stressed, and overstimulated. Lane explains, “This frustration can be due to excitement where they really want the thing on the other side, or because they really don’t want the thing on the other side, and the window prevents them from chasing it away.”\n\nUnfortunately, every time your dog barks at the window, they are being classically conditioned to associate that trigger with frustration. And that can spill over into other aspects of their life, such as when they’re in the yard or on a leashed walk. In fact, this frustration can build until it leads to reactivity or aggression.\n\nAKC is a participant in affiliate advertising programs designed to provide a means for sites to earn advertising fees by advertising and linking to akc.org. If you purchase a product through this article, we may receive a portion of the sale.\n\n', 'Access to a Window May Not Be Enriching for Dogs': 'Perhaps you think that letting your dog look out the window is a source of enrichment and a way to provide mental stimulation. Lane says the goal of enrichment is to encourage positive interactions, increase positive emotional states, and promote species- typical behaviors. But when it comes to the window, that simply isn’t the case.\n\nMost dogs are motivated to bark out the window by negative emotions like fear or frustration. If that’s the case for your dog, then looking out the window is putting them in a constant state of stress and anxiety as they scrutinize the outdoors for the next perceived threat.\n\n', 'How to Prevent Window Barking Before It Starts': 'Because barking at the window is a habit-forming behavior, the best course of action is to prevent it from happening in the first place. Lane advises a proactive approach. “Your dog may not bark out of windows now, but that doesn’t mean they never will. Take advantage of the fact that they are currently not barking and teach them that being quiet is what you want them to do.”\n\nAKC is a participant in affiliate advertising programs designed to provide a means for sites to earn advertising fees by advertising and linking to akc.org. If you purchase a product through this article, we may receive a portion of the sale.\n\nUnless you’re in a training session with your dog, prevent access to the window. Then, when it’s time to train, Lane suggests you sit by the window with them. Give them a mat to lie on and a delicious chew, all while they can see out the window. Then, each time your dog looks up after hearing a noise or looks out at something, give your dog a treat to reward them for calmly looking out the window. Stay relaxed to model calm behavior.\n\nTo complete the training, Lane says, “When mail is delivered, or a package is dropped off, shower your dog with treats. Five to 10 at a time, feeding each treat individually. If your dog forms a positive association with these events, they don’t need to alert you to them or bark out of fear or frustration.”\n\nLane also reminds dog owners to ensure they meet their dog’s needs with appropriate amounts of exercise, enrichment, and sleep. In addition, properly socialize your dog so they aren’t scared of strangers and don’t restrict their access to people. That will help prevent frustration. Finally, she says it’s important you don’t encourage your dog to bark in other situations, as that can lead to window barking.\n\n', 'How to Get Dogs to Stop Barking at the Window': 'If your dog already has a window barking habit, you can help reduce the frequency, duration, and/or intensity of the barking. First, Lane says to teach your dog to be quiet on cue. Then, when the barking starts, you can ask your dog to stop. But be sure to reward the quiet behavior that follows the cue.\n\nAKC is a participant in affiliate advertising programs designed to provide a means for sites to earn advertising fees by advertising and linking to akc.org. If you purchase a product through this article, we may receive a portion of the sale.\n\nNext, Lane suggests you identify your dog’s triggers. That might be the sight of another dog or the sound of the garbage truck. If you can, desensitize and countercondition your dog to those triggers at times when your dog isn’t looking out the window. That can help change your dog’s emotional response to those triggers when they encounter them through the window.\n\nLane also advises teaching your dog an alternative behavior to perform whenever they hear a noise or see a trigger passing by outside. It could be going to their bed away from the window, or picking up a toy. After all, they can’t bark with something in their mouth. Once you’ve taught the behavior on cue, Lane says transfer that cue to whatever triggers your dog’s window barking. With enough practice, your dog will learn to perform the new alternative behavior instead.\n\nFinally, it’s important to manage the barking by blocking access to the window. Use paper, privacy cling film, blinds, or close the door to that room. For most dogs, it’s only temporary while you train. For others, that might be the best way to permanently address their barrier frustration. As Lane puts it: “The more a behavior like barking is reinforced, the more likely it is that your dog will do it again. If you do not block access to the window, you are working against yourself, and it will take longer and be harder to teach them not to bark.”\n\n'}","[{'question': 'Is it normal for dogs to bark out the window?', 'answer': 'Yes, it’s common—but that doesn’t mean it’s harmless. Repeated window barking can increase stress and reactivity over time.'}, {'question': 'Should I punish my dog for barking at the window?', 'answer': 'No. Punishment can increase fear or frustration and may make the behavior worse. Focus on management, calm training, and rewards for quiet behavior.'}, {'question': 'Will my dog stop barking if I just ignore it?', 'answer': 'Ignoring alone usually isn’t enough because barking is self‑rewarding. Reducing access to the window and teaching alternative behaviors is more effective.'}, {'question': 'Do some dogs need permanent window restrictions?', 'answer': 'Yes. For dogs with severe barrier frustration, limiting window access can significantly improve emotional wellbeing and reduce reactivity.'}]"
https://www.akc.org/expert-advice/training/can-dogs-and-small-pets-coexist/,Can Dogs and Small Pets Coexist? Training and Safety Tips,"Apr 28, 2026","['small pets', 'rodent', 'hamster', 'gerbil']","Sassafras Patterdale, CPDT-KA, CTDI","Thinking about adding a pet rodent to your family? With careful planning and management, it’s possible to safely have small mammals like rats, mice, hamsters, gerbils, or guinea pigs in the same home as dogs. Dogs and small animals can coexist, depending on a few different factors and the right training.

In This Article

While they have very different needs, the key to keeping small pets and dogs in the same home is understanding the safety risks and the behavioral needs of both species.

","{'Understanding Small Pets’ Needs': 'Rodents like rats and hamsters make great pets, but just because they’re small doesn’t mean they don’t have big needs. When it comes to owning both dogs and pet rodents, you’ll need to consider the species-specific needs of each pet.\n\nErin McNeil has been a dog trainer and active sports competitor for 20 years. McNeil first got into having pet rats ten years ago, after becoming involved in Barn Hunt with her Whippets. “I got a pair from a friend, thinking it would be easier to train my dogs if I had my own rats to practice with and discovered they were incredible little pets.”\n\nAKC is a participant in affiliate advertising programs designed to provide a means for sites to earn advertising fees by advertising and linking to akc.org. If you purchase a product through this article, we may receive a portion of the sale.\n\nShe notes that people who get pet rodents need to make sure that they’re safely providing enrichment for all animals in their home. While small mammals may spend a lot of time in their enclosures, they need access to larger play spaces and time to interact with their owners.\n\n“My main advice would be to ensure you have good boundaries between your dog and the animals’ living space, so they aren’t constantly stressed and frustrated,” McNeil explained. This can include dog gates, exercise pens, and other physical barriers in the home to prevent dogs from approaching the cages.\n\nSigns of stress will vary by species.-s In small animals, watch for:\n\n\n\nAKC is a participant in affiliate advertising programs designed to provide a means for sites to earn advertising fees by advertising and linking to akc.org. If you purchase a product through this article, we may receive a portion of the sale.\n\n', 'Safely Introducing Dogs to Small Animals': 'Christina Weger is a dog trainer who breeds and trains rats for the sport of Barn Hunt and previously bred and showed Hedgehogs. Before starting introductions, she encourages dog owners to do scent swapping. This allows both animals to get used to each other’s scents. “Let your dog smell bedding, toys, or fur from the small pet,” Weger advises. “Do the same for the pet with the dog’s scent so neither is surprised.”\n\nIt’s a bit different introducing your dog to small animals than say, introducing them to a cat. When it comes to pet rodents, you’ll want to have barriers in place to separate dogs and rodents. “Coexistence is possible,” Weger says, “but only with rigid management, respect, and understanding of each species’ needs.”\n\nShe encourages dog owners to understand that they’re responsible for all pets’ safety through careful oversight. Any increased access between species should happen gradually. “Once the dog can remain calm on leash, try short off-leash sessions while the pet is still secure.” Dogs should be leashed during interactions, while smaller pets should be in a secure carrier or their cage.\n\n', 'Rewarding Positive Interactions Between Pets': '“Reward calm behavior with treats and praise,” Weger advises. This positive reinforcement will help your dog make the association that calm behavior near the small pet is the correct behavior.\n\nAKC is a participant in affiliate advertising programs designed to provide a means for sites to earn advertising fees by advertising and linking to akc.org. If you purchase a product through this article, we may receive a portion of the sale.\n\nFor the safety of interactions, Weger also encourages dog owners to teach impulse control skills. Before allowing your dog near the rodents, make sure they understand commands like like “leave it,” “stay,” and to settle in a specific place. “These are lifesavers when small pets are moving around,” Weger says.\n\nAs you are introducing pets, pay close attention to any signs of increased arousal or stress. Weger advises dog owners should watch for stiff posture, intense staring, or lunging. Stress signs to watch for in small pets include freezing and puffing up their hair.\n\nKeep training sessions short to ensure they’re stress-free for both your dogs and any small pets. “Begin with just a few minutes, gradually extending the time as both animals relax,” explains Weger.\n\n', 'Know Your Pets and How They May React': 'It’s important to consider the temperament of both species. and the individual animals making introductions to ensure both animals are feeling calm. McNeil notes that some rodents will be nervous and stay far away from dogs, while others may be more social.\n\nAKC is a participant in affiliate advertising programs designed to provide a means for sites to earn advertising fees by advertising and linking to akc.org. If you purchase a product through this article, we may receive a portion of the sale.\n\n“More often, I have had rats that actively wanted to interact with the dogs and would come down to within reaching distance of the dogs, even with the cage between them,” McNeil explains. Regardless of how much training you do, each dog and small animal is an individual. “Some of my dogs have never become trustworthy around rats, and some learned quite quickly. It isn’t that different from teaching a dog not to steal the food off your plate or out of your hand. Some are just going to be in a constant struggle, and some will get it right away that the rat is “mine” and not theirs.”\n\n', 'Important Safety Measures to Take': 'Appropriate enclosures, physical barriers, and supervision are key to keeping small pets safe. Weger explains that all small pets should have “secure enclosures” or “safe zones” that the dog cannot reach. Ideally, you’ll have a secure cage for your small pet with places to hide, as well as safe and secure areas throughout anywhere in your home where pets can be loose.\n\nEven if you’ve introduced your dog safely to your small animal pets, ongoing supervision and management are is essential. “Management, not trust, governs safety,” Weger says. It’s best in the majority of cases to keep small pets and dogs separate from one another. With safety in mind, she advises that you should always supervise interactions, and keep dogs leashed. “If the dog is anywhere near rodents, it’s always on leash and under strict control,” she adds.\n\n', 'Consider Your Dog’s Prey Drive': 'Some breeds, like Terriers, naturally have strong instincts to chase small, moving animals. After all, that’s what they were bred to do! But any dog can have that instinct, so they may see your rodents as prey and attempt to chase them. A dog’s natural predatory instinct can kick in at these moment. Unfortunately, your dog won’t know the difference between a rat that’s a beloved pet or a rat that’s vermin to hunt.\n\nAKC is a participant in affiliate advertising programs designed to provide a means for sites to earn advertising fees by advertising and linking to akc.org. If you purchase a product through this article, we may receive a portion of the sale.\n\nEspecially if you have a dog with high prey drive, McNeil says you’ll need to budget extra time. This way, your small animals can still get time out of their enclosure to interact with you. Your dog should be crated or safely in another area of your home while this happens. Dogs with high prey drive may try to get to the small animal, so boundaries need to be set to make sure both are getting the attention that they need.\n\nDogs who participate in sports like Barn Hunt and Earth Dog have been conditioned to be high arousal around rats and the smell of rats, so these dogs may require additional management if there are also small pets in the home.\n\nAKC is a participant in affiliate advertising programs designed to provide a means for sites to earn advertising fees by advertising and linking to akc.org. If you purchase a product through this article, we may receive a portion of the sale.\n\nWith the right setup, consistent training, and careful supervision, it’s entirely possible for dogs and small pets to successfully share a home.\n\n', 'We use cookies': '', 'Privacy Preference Center': ''}",[]
https://www.akc.org/expert-advice/training/crate-training-step-by-step/,Safe and Stress-Free Crate Training: A Step-by-Step Guide,"Apr 24, 2026","['crate training', 'separation anxiety', 'crate']","Stephanie Gibeault, MSc, CPDT","Crates are valuable tools for puppies, especially when it comes to potty training and preventing your pup from chewing the furniture. A crate can also provide an adult dog with space for relaxation and time away from stressful situations. Plus, crates make for safe traveling with your dog.  With so many benefits to crate training, it’s well worth the effort. You might wonder how long dogs can stay in crates or what size crate is most appropriate. However, the biggest struggle is often how to crate train a dog in the first place. Learn this valuable skill with step-by-step crate training instructions below.

In This Article

","{'Step-by-Step Crate Training': 'When teaching your puppy or dog to get comfortable with their crate, try this method. Getting more familiar and comfortable spending time in their crate will help your dog create positive associations with it.\n\n', 'Help Your Dog Feel Comfortable With Their Crate': 'Before ever going inside, it’s essential that your dog feels good about their crate. After all, it’s a strange new object. With the door tied open, try the following techniques to positively reinforce your dog for going near their crate:\n\nAKC is a participant in affiliate advertising programs designed to provide a means for sites to earn advertising fees by advertising and linking to akc.org. If you purchase a product through this article, we may receive a portion of the sale.\n\n', 'Encourage Your Dog to Enter the Crate': 'Once your dog feels relaxed around the crate, it’s time to lure them inside, again with the door fastened in a fully open position. Take it slow and heap on the rewards. You want your dog to look forward to entering their crate thanks to all the positive associations they have formed with it. But note that, whenever your dog is in their crate, you should remove their collar. Collars can become a danger if they get stuck in the bars.\n\nAKC is a participant in affiliate advertising programs designed to provide a means for sites to earn advertising fees by advertising and linking to akc.org. If you purchase a product through this article, we may receive a portion of the sale.\n\nStart by enticing your dog to pop their head inside. Next, place the lures farther and farther back until your dog is putting their whole body into the crate. You can use various rewards as lures. For example:\n\nIf you’re using a clicker or marker word, mark your dog as soon as they enter the crate. Then toss another reward inside to reinforce that position. If your dog stays inside, continue to click and treat. If they exit, toss another reward into the crate and start again.\n\n', 'Close the Crate Door': 'Only start closing the door when your dog is enthusiastically entering their crate. But take this step extra slowly. A loud bang or a bump from the door can instantly reverse all the positive associations you worked so hard to build. Repeat step two, but this time, while your dog is inside the crate, you’ll begin closing the door. It can help to keep your dog busy by placing a handful of treats on the crate floor during this process. Remember, patience and consistency are key.\n\nAKC is a participant in affiliate advertising programs designed to provide a means for sites to earn advertising fees by advertising and linking to akc.org. If you purchase a product through this article, we may receive a portion of the sale.\n\nFirst, move the door toward a closed position by only an inch or two. Then immediately secure it fully open again. If your dog seems unfazed, try moving the door a few more inches. Continue in this way until you can gently close the door entirely. As soon you shut the door, mark, then toss treats inside to reinforce your dog for being in the enclosed area. Then open the door again right away. Don’t latch the door until your dog is happy to see the door swing shut.\n\nIf your dog is noise-sensitive, the clank of the door closing and latching might trigger anxiety. Countercondition and desensitize your dog to the sound by keeping it quiet, then slowly increase building the volume while pairing it with something your dog loves, like cheese or chicken.\n\n', 'Build Your Dog’s Time in Their Crate': 'Now that your dog is at ease behind a closed door, begin to build how long they’ll stay inside. Start with a few seconds and slowly build duration. Always reward your dog while they’re in the crate by passing or tossing treats through the bars. Time inside should be treat-party time, and as soon as your dog leaves, the rewards should stop. You want your dog to get excited about confinement because that’s when the good stuff happens.\n\nAKC is a participant in affiliate advertising programs designed to provide a means for sites to earn advertising fees by advertising and linking to akc.org. If you purchase a product through this article, we may receive a portion of the sale.\n\nNext, it’s time to add distance. As you do, reduce duration. Successful dog training involves working only one dimension at a time. So, while your dog is inside their closed crate, take one step back for one second. Then return to the crate, reward your dog, and open the door so they can leave. If your dog is comfortable, walk farther away, one pace at a time. Eventually, you should be able to leave the room before you return.\n\nAt that point, you can begin to build duration again. Alone time training will help this phase go more smoothly. It’s also important not to make each repetition harder and harder. Intersperse short, near sessions with longer, more distant ones, so your dog never knows how far or how long you will be gone.\n\nYou might wonder how long dogs can stay in crates. Certainly, no longer than they can hold their bladder, and that will depend on your dog’s age. Leaving a puppy alone is different from leaving a house-trained adult dog crated. But even then, it shouldn’t be all day, every day.\n\n', 'Teach Your Dog to Enter Their Crate Voluntarily': 'Ideally, you want your dog to enter their crate when asked. Never force them inside; use a lure instead. Eventually, you can fade the lure and teach a hand signal or verbal cue such as “crate” or “kennel up.”\n\nWhen you can reliably anticipate your dog will go in their crate, say the word or give the gesture just before your dog is about to enter. Then treat as usual. Over time, they’ll associate that cue with entering the crate and receiving a reward, so you can ask them to enter when needed. However, continue to reward them for entering at least once in a while to maintain those positive associations.\n\n', 'Make the Crate Your Dog’s Happy Place': 'Your dog’s crate should serve as their personal happy place. Never use the crate for punishment. If you need to give your dog a time-out in their crate, calmly encourage them inside and reward them for entering.\n\nAKC is a participant in affiliate advertising programs designed to provide a means for sites to earn advertising fees by advertising and linking to akc.org. If you purchase a product through this article, we may receive a portion of the sale.\n\nTo keep your dog excited about crate time, try the following:\n\nAKC is a participant in affiliate advertising programs designed to provide a means for sites to earn advertising fees by advertising and linking to akc.org. If you purchase a product through this article, we may receive a portion of the sale.\n\n', 'Additional Crate Training Tips': 'Never release your dog from their crate when they’re whining. That teaches your dog that crying is the ticket to escape. Instead, wait for a few seconds of quiet, then reward your dog inside the crate and open the door so they can leave. Whining means you’ve asked for too much too soon. Move back in your training to where your dog is comfortable, then start working through the steps again.\n\nThe exception is potty training. If you’re crating your puppy overnight, let them out when they whine or fuss, as they most likely have to go to the bathroom. If your dog seems panicked or won’t stop crying, they might have separation anxiety. Stop crate training immediately and seek the help of a professional dog trainer or behavior consultant.\n\nBe aware that crate training can take as little as a day or as long as several months. It all depends on your dog’s personality and past experience with confinement. Be patient and take it slowly and in time, your dog will be happy to call their crate home.\n\n', 'We use cookies': '', 'Privacy Preference Center': ''}",[]
https://www.akc.org/expert-advice/training/displacement-behavior-in-dogs/,What Is Displacement Behavior? What to Do When Your Dog’s Actions Don’t Match the Situation,"Apr 14, 2026","['anxiety', 'body language', 'emotion', 'displacement behavior']","Stephanie Gibeault, MSc, CPDT","Have you ever noticed your dog behaving in ways that don’t make sense? Maybe they sniff the ground instead of playing with another dog or shake their body when they aren’t wet. Although these behaviors can be subtle, we often wonder if our dog is confused or missing the point. However, these out-of-context actions, known as displacement behaviors, are a valuable window into your dog’s state of mind.

Key Points

","{'What Is Displacement Behavior?': 'Displacement behavior is simply natural, everyday dog behavior displayed out of context. For example, your dog might look away from an approaching stranger even though there’s nothing there to see.\n\nAccording to Rachel Lane, M.Sc., CPDT-KA, CBCC-KA, owner of Leash and Learn Dog Training, “To an observer, displacement behaviors may appear random because they are unrelated to the current situation. Additionally, displacement behaviors are sometimes hard to identify because they are normal dog behaviors like itching, yawning, and sniffing.”\n\n', 'Why Dogs Perform Displacement Behaviors': 'Why do dogs engage in these behaviors if they don’t match the situation? Likely because they feel uncertain or in conflict. They might want to do two behaviors at the same time and aren’t sure which to choose. Or they might feel a mix of emotions, such as excitement to meet a new dog, coupled with anxiety about how the greeting will go. Lane calls displacement behavior a coping skill and says it can also occur when the dog feels scared, anxious, frustrated, or over-aroused.\n\nAKC is a participant in affiliate advertising programs designed to provide a means for sites to earn advertising fees by advertising and linking to akc.org. If you purchase a product through this article, we may receive a portion of the sale.\n\nShe says they may also function as a form of communication. “Your dog may be performing displacement behaviors to communicate to others that they do not want to interact—’Sorry, I can’t say hi, I’m so busy sniffing over here!’—or to communicate that they intend to avoid any sort of aggressive interaction.”\n\nDog trainers and scientists have also hypothesized that displacement behaviors might act as appeasement signals, behaviors used to de-escalate aggression. However, a study in the journal Applied Sciences found that dogs didn’t use displacement behaviors to interrupt threatening behavior. Rather, they were performed in ambiguous contexts when the behavior of another dog or person was difficult to predict. Further research into how and why dogs use these behaviors will provide better insight into our dog’s’ intentions.\n\n', 'How to Recognize Displacement Behavior': 'Displacement behavior can occur in a wide variety of situations, including dog-dog interactions or those between dogs and people. They can also be self-directed or directed at the environment. Some examples of self-directed displacement behaviors include:\n\nAKC is a participant in affiliate advertising programs designed to provide a means for sites to earn advertising fees by advertising and linking to akc.org. If you purchase a product through this article, we may receive a portion of the sale.\n\nA common environmentally-focused displacement behavior is sniffing the environment. For example, many dogs spend their first few sessions of dog training class sniffing the ground rather than engaging with their owner. Although you might think it’s due to crumbs on the ground from the previous class, it’s more likely that your dog is unsure about all the new people and dogs. Lane mentions other environmental behaviors too, such as when a dog seems obsessed with a ball or toy, or when they urinate or mark during a social opportunity to avoid an interaction.\n\nWhen it comes to recognizing displacement behavior, Lane says context matters. You can’t just see the behavior and label it as displacement. Instead, she recommends observing your dog’s body language, overall behavior, and their environment. “For example, sometimes a dog is itching because they are itchy, but other times their itching functions as a displacement behavior. You cannot rely on itching alone to tell you if your dog is stressed;, you also need to consider the context in which the itching is occurring.”\n\n', 'Why You Should Watch for Displacement Behavior': 'Lane says we can use displacement behaviors to monitor our dog’s emotional state. And that will help reduce stress, prevent aggression, and improve our dogs’ quality of life. “Recognizing the presence of displacement behaviors lets dog guardians help their dog exit a stressful situation before the dog escalates to aggressive behaviors such as lunging, snapping, and/or biting. It also empowers owners to implement environmental management and behavior modification exercises to reduce the dog’s stress, fear, and/or arousal levels when exposed to the triggering stimuli.”\n\nAKC is a participant in affiliate advertising programs designed to provide a means for sites to earn advertising fees by advertising and linking to akc.org. If you purchase a product through this article, we may receive a portion of the sale.\n\n', 'What to Do When You See Displacement Behavior': 'Lane advises never punishing or correcting your dog’s displacement behavior. Instead, allow them to perform it. Remember, these are important coping skills and a normal part of dog behavior. Take note of the stimulus that triggered it, then support your dog in the moment.\n\nAKC is a participant in affiliate advertising programs designed to provide a means for sites to earn advertising fees by advertising and linking to akc.org. If you purchase a product through this article, we may receive a portion of the sale.\n\nSupport might mean removing your dog from the situation, such as leaving a busy pet store. You could also remove the stressful stimulus from your dog’s environment, such as walking away from an approaching stranger. Or you could reduce the intensity of the stimulus, such as increasing the distance between your dog and another dog. And once the moment has passed, work on behavioral modification, such as desensitization and counterconditioning, to create positive associations with the triggering stimulus.\n\nAlso, note how often your dog performs these behaviors and how long each lasts. Does your dog bounce back quickly, or are the displacement behaviors chronic? If you notice them happening more often or more intensely, or if your dog is following the displacement behavior with displays of aggression, Lane says it’s time to reach out to a professional dog trainer or behavioral consultant to help your dog find better ways to cope.\n\n', 'We use cookies': '', 'Privacy Preference Center': ''}",[]
https://www.akc.org/expert-advice/training/dog-walk-rain-snow/,How to Train Dogs to Walk in Rain and Snow,"Feb 26, 2026","['snow', 'rain', 'storm']","Sassafras Patterdale, CPDT-KA, CTDI","While walk time is the best time of day for many dogs, some are fair-weather walkers and don’t like to go out if it’s cold, rainy, or too hot. Small dogs, sighthounds, and hairless breeds in particular can struggle with walking in the rain and cold weather. On the other hand, large and double-coated breeds may be uncomfortable and reluctant when walking in hot, humid weather.

Walking dogs in bad weather can be a challenge for dog owners, but it’s possible to help change your dog’s attitude toward it.

","{'Create Positive Associations With Walks': 'Regardless of what kind of weather your dog doesn’t like, it’s important to focus on helping your dog build positive associations with being out in that weather. We don’t want to force dogs out into weather they don’t like; instead, we want to shift their opinion about going out and walking. While many dogs love walks and the act of going out is rewarding, for others, the walk itself isn’t enriching.\n\nThe best way to\xa0build your dog’s comfort level\xa0when going walking in bad weather is to add value to the experience. This is especially important for dogs who don’t find walks themselves especially rewarding. To add value to the walk, we want to add reinforcements and have a high\xa0rate of reinforcement. For example, if you have a highly food-motivated dog, incorporating lots of\xa0treats\xa0into your walks is a great way to get your dog comfortable walking in bad weather. On the other hand, if you have a dog who is toy-obsessed, you can incorporate stopping to play fetch off-leash in a safe, fenced-in area or with a\xa0long-line leash, or incorporate\xa0tug games\xa0into your walk.\n\nAKC is a participant in affiliate advertising programs designed to provide a means for sites to earn advertising fees by advertising and linking to akc.org. If you purchase a product through this article, we may receive a portion of the sale.\n\nBy adding in\xa0treats,\xa0toys, and play, you can help override the negative feelings your dog may have about the weather and make the walk more rewarding.\n\n', 'Have Weather Appropriate Dog Gear': 'A key reason many dogs struggle to walk in bad weather is that it’s physically uncomfortable. Some dogs dislike the sensation of rain hitting their body as they walk. Small dogs and those with low body fat may struggle to stay warm enough in bad weather and thus find walking physically painful or uncomfortable. Providing your dog with appropriate weather protection and gear can make walking in bad weather more comfortable.\n\nA\xa0properly fitted, water-resistant coat\xa0can keep dogs warm while out walking, and prevent them from getting wet from rain or snow. When dogs are warm and dry, they’re more comfortable and more likely to enjoy walks. Alternatively, for\xa0heavily coated dogs\xa0who overheat easily, a\xa0cooling vest\xa0can help your dog regulate their temperature better and be more comfortable during walks in hot weather.\n\nAKC is a participant in affiliate advertising programs designed to provide a means for sites to earn advertising fees by advertising and linking to akc.org. If you purchase a product through this article, we may receive a portion of the sale.\n\nAppropriately fitted shoes or boots\xa0are also important equipment to make walks more comfortable and safer for your dog in bad weather.\xa0Dog shoes\xa0can protect paws from burning on hot sidewalks, getting cut by ice, or being injured by chemical deicer in the winter. Make sure any protective clothing you select for your dog is fitted correctly and doesn’t restrict your dog’s movement.\n\nYou’ll also want to\xa0introduce your dog to the clothes\xa0at home when they’re calm and relaxed. Start by letting your dog explore the clothing item, and praise and treat your dog for any interest in it. Then, place the clothing on your dog, praise and treat, and remove the clothing. After a few repetitions, you can begin keeping your dog in their clothes for longer periods, and start bringing them outside to walk with a\xa0coat\xa0or\xa0shoes\xa0on.\n\nBe sure to allow dogs to wear protective gear only with supervision and remove jackets and shoes if your dog appears distressed in any way.\n\n', 'Keep Walks in Rain or Snow Short': 'If your dog is reluctant to go outside and walk in certain weather, don’t force them to walk for long periods. Keep walks short, and start to increase their length only when your dog is comfortable. If you live in an apartment or\xa0don’t have a yard\xa0and your dog needs to walk to relieve themselves, you can head home with your dog as soon as they “go.” Very quickly, dogs will learn that if they urinate or defecate, they’ll be allowed to return inside. This can help dogs learn to potty quickly and prevent them from getting overwhelmed while walking.\n\nAKC is a participant in affiliate advertising programs designed to provide a means for sites to earn advertising fees by advertising and linking to akc.org. If you purchase a product through this article, we may receive a portion of the sale.\n\nIf walking is usually how you provide your dog with enrichment, it’s helpful to provide\xa0cognitive enrichment toys\xa0or introduce\xa0indoor scent work games\xa0to provide enrichment without going outside. By keeping your dog’s walks short during bad weather, you can prevent them from feeling overwhelmed. If your dog becomes more comfortable walking in bad weather by pairing walks with\xa0treats, play, and\xa0toys, you can slowly increase the distance you walk.\n\n', 'Pick the Right Time to Walk': 'Sometimes we don’t have an option for when we walk dogs, but when possible, try to select a time of day that’s best for your weather-averse dog. For example, for dogs who struggle with the heat, try walking only during the coolest parts of the day — in the early morning and at night. For dogs who don’t like walking in rainy weather, check forecasts to see when stormy conditions are expected to be worse, and avoid walking during those times.\n\nAKC is a participant in affiliate advertising programs designed to provide a means for sites to earn advertising fees by advertising and linking to akc.org. If you purchase a product through this article, we may receive a portion of the sale.\n\nChanging up your walk routes may also be helpful. Walking primarily in tree-covered areas or in city areas with overhead scaffolding can be useful for dogs who don’t like the sensation of rain falling on them. Another option if you’re walking primarily for exercise is to bring your dog to dog-friendly stores, such as large pet supply shops and some hardware stores, for walking during poor weather.\n\nAKC is a participant in affiliate advertising programs designed to provide a means for sites to earn advertising fees by advertising and linking to akc.org. If you purchase a product through this article, we may receive a portion of the sale.\n\n', 'We use cookies': '', 'Privacy Preference Center': ''}",[]
https://www.akc.org/expert-advice/training/dog-being-bad/,Is Your Dog Being ‘Bad’ or Just Being a Dog?,"Feb 11, 2026","['barking', 'attention', 'digging']","Stephanie Gibeault, MSc, CPDT","When your dog behaves in ways you don’t like, do you ever ask, “Why is my dog being bad?” It seems like an obvious question, but buried underneath is the assumption that dogs act up on purpose or to make a point. They don’t! In fact, much of what people call “bad dog behavior” is actually dogs just being dogs. Although they’re domesticated, dogs still have instincts and interests more suited to life in the wild than life on the couch.

If you understand what’s driving your dog’s misbehavior, you can better address it and ensure you’re meeting your dog’s needs. Here are some of the ways your dog’s natural behaviors may come into conflict with your expectations, and how to address them.

","{'Why Dogs Bark': 'Dogs use vocalizations, like\xa0barking, to communicate. From alerting you to an intruder, to requesting play, to expressing loneliness,\xa0dogs have different barks for different contexts. To expect your dog to never bark is both unrealistic and unfair. Imagine taking a vow of silence!\n\nAKC is a participant in affiliate advertising programs designed to provide a means for sites to earn advertising fees by advertising and linking to akc.org. If you purchase a product through this article, we may receive a portion of the sale.\n\nLearn to understand the meaning of your dog’s barks, so you can respond accordingly. An alert bark might require an acknowledgment like “thank you,” whereas an\xa0attention-seeking\xa0bark might indicate\xa0your dog is bored. To prevent\xa0nuisance barking, be sure your dog is getting enough\xa0mental stimulation\xa0and\xa0physical exercise. And never take their quiet behavior for granted. If your dog only gets attention when they’re loud, pretty soon all you’ll hear is barking.\n\n', 'Why Dogs Pull on the Leash': 'Why does your dog pull on the leash? To get where they want to go faster, since people walk too slowly for most dogs. In addition,\xa0dogs’ keen noses\xa0pick up all kinds of scents they’re excited to follow. Remember, being tethered to a human isn’t something dogs come hardwired to understand. Moving independently at their own pace is what comes naturally to them.\n\nTrain your dog to walk with a loose leash\xa0by\xa0positively reinforcing your dog\xa0every time the leash is slack. Use praise,\xa0treats, and the opportunity to keep walking. But if the leash is taut, stop walking and wait, or encourage your dog to return to you before taking another step.\n\n', 'Why Dogs Dig': 'You might wonder\xa0why dogs dig. Digging is an instinctual behavior that dogs engage in for many reasons, including creating a cool place to rest, searching for prey, escaping the yard, and\xa0burying bones. And in the\xa0Terrier Group, these breeds strengthened their go-to-ground instincts during their development. No wonder they’re also called “earthdogs.”\n\nAKC is a participant in affiliate advertising programs designed to provide a means for sites to earn advertising fees by advertising and linking to akc.org. If you purchase a product through this article, we may receive a portion of the sale.\n\nTo limit digging, change your dog’s perception of the yard with outdoor training sessions or\xa0puzzle toys. And don’t leave your dog outside for long periods unsupervised. Or consider creating a dig garden filled with\xa0rubber toys, so your dog can limit their digging to one place.\xa0Teaching your dog to dig on cue\xa0can also help you redirect this behavior to appropriate locations.\n\n', 'Why Dogs Ignore You': 'Does your dog refuse to listen at times? Maybe they look away,\xa0yawn, or sniff the ground. It may seem like your dog is ignoring you, but in\xa0dog body language, these behaviors can actually indicate that your\xa0dog is stressed. Dogs look away from whatever is bothering them. Yawning can be a sign of discomfort, and sniffing the ground can be a displacement behavior that dogs use when overwhelmed.\n\nAsk yourself if your dog truly understands what you’re expecting of them. If not, take a step back in your\xa0training. Also, be mindful of your own body language and\xa0the tone of your voice. If you can’t stay positive and upbeat, try again later.\xa0Frustration on both sides\xa0will cause your dog to feel distressed.\n\nAKC is a participant in affiliate advertising programs designed to provide a means for sites to earn advertising fees by advertising and linking to akc.org. If you purchase a product through this article, we may receive a portion of the sale.\n\n', 'Why Dogs Chew': 'There are many reasons why your dog may\xa0chew your possessions\xa0or\xa0your baseboards and furniture. But, your shoe didn’t become a chew toy because your dog is mad at you. It happened because your dog had nothing better to do. Chewing is a way for puppies to relieve teething pain and for adult dogs to pleasantly pass the time.\n\nTo prevent inappropriate chewing, keep things out of your dog’s reach and train a solid\xa0“leave it” cue. But just as importantly, provide safe chewing alternatives, such as\xa0edible chews\xa0or\xa0food-stuffed chew toys. Also, make sure your dog is getting enough mental and physical exercise, so they don’t have to create their own fun.\n\n', 'Why Dogs Jump Up': 'If your\xa0dog jumps up on you or visitors, it’s simply to say hello face-to-face. Plus, jumping is a great way to get human attention.\xa0You might be accidentally encouraging undesirable behaviors\xa0if you allow your dog to jump on you sometimes but not others. Dogs need consistent rules that apply to everybody. Plus, even negative attention, like yelling or shoving, is better than no attention at all.\n\nAKC is a participant in affiliate advertising programs designed to provide a means for sites to earn advertising fees by advertising and linking to akc.org. If you purchase a product through this article, we may receive a portion of the sale.\n\nNever reward your dog for jumping up. Instead,\xa0teach your dog an alternative way to say hello, such as sitting or placing all four paws on the floor. While your dog is still learning, prevent them from jumping. For example, consider installing a\xa0dog gate\xa0at the front entrance or\xa0sending your dog to their place\xa0when the doorbell rings.\n\n', 'Why Dogs Growl': 'It’s a common belief that\xa0dogs growl\xa0to show\xa0aggression. But dogs growl for many different reasons, from\xa0playing\xa0to giving a threat, so it’s up to you to look at the context. Most growls indicate your dog is feeling uncomfortable or stressed. If the situation doesn’t change, they might feel forced to\xa0bite.\n\nNever punish growling. A dog who has been corrected for growling may bite without warning. Instead, be your dog’s advocate, so they rarely feel the need to growl from stress. And when they do, if you can step in safely, get your dog out of that situation.\xa0Learn to interpret your dog’s vocalizations, so you know when growling is cause for concern. And if your dog growls to play or say hello, learn to love their quirky personality.\n\n', 'We use cookies': '', 'Privacy Preference Center': ''}",[]
https://www.akc.org/expert-advice/training/how-to-tackle-common-puppy-training-challenges/,How to Tackle Common Puppy Training Challenges,"Oct 29, 2025","['potty training', 'crate training', 'chewing', 'new puppy']","Stephanie Gibeault, MSc, CPDT","It’s exciting to bring a new puppy into your life, but raising a puppy doesn’t always go smoothly. In fact, it’s guaranteed to bring challenges such as potty-training accidents and inappropriate chewing. For many dog owners, these hurdles can seem overwhelming.

In This Article

If you’re struggling with a new puppy or are thinking of adding one to your life, it’s important to have the right tools to tackle the challenges ahead.

","{'Coping With the Puppy Blues': 'If you find yourself feeling exhausted and frustrated by your puppy, you’re not alone. Raising a puppy can throw off your routine, interrupt your sleep, and try your patience. It’s a 24-hour job, so say goodbye to leisure time. But if you prepare for the chaos and the potential for an emotional roller coaster, you won’t be taken by surprise if you start to feel regret or disappointment.\n\nIn fact, some people get the puppy blues, an experience similar to how some parents of new babies feel. Often, this involves a drop in mood or even acute depression, as well as negative feelings such as anxiety, frustration, and worry. If you’re feeling this way, know your emotions are valid. Reaching out for support and following the advice below can make a key difference in getting through this challenging period.\n\n', 'Potty Training Challenges': 'One of the first training challenges you’ll face when raising a puppy is potty training. Be aware, it’s likely your puppy will pee in the house at some point. However, the more accidents your puppy has, the longer you’ll be potty training. That’s because emptying their bowel or bladder gives a puppy relief — it’s self-rewarding. But don’t despair if potty training gets away from you. You can always go back to basics and start from scratch, no matter your dog’s age.\n\nAKC is a participant in affiliate advertising programs designed to provide a means for sites to earn advertising fees by advertising and linking to akc.org. If you purchase a product through this article, we may receive a portion of the sale.\n\nYour main goal with potty training is for your puppy to go in the right spot as much as possible while minimizing accidents. That means taking your puppy out as often as possible and at the times you predict they’ll need to go, such as after waking up or after a meal. You can’t anticipate when your puppy needs a potty break if you don’t watch them constantly. Never give your puppy freedom in the house until you know they understand where the toilet should be. If you can’t watch your puppy, put them in a safe space such as a crate or puppy playpen.\n\nAKC is a participant in affiliate advertising programs designed to provide a means for sites to earn advertising fees by advertising and linking to akc.org. If you purchase a product through this article, we may receive a portion of the sale.\n\nIf you take your puppy out for a potty break and they don’t go within 15 minutes, take them back inside. Give them a break in their crate for about 10 minutes, then it’s time to try again. With so many sights and smells outside, puppies often get distracted and forget to go. A break and a retry usually works wonders.\n\nFinally, reward your puppy heavily whenever they go in the right place. That means praise, a treat or toy, and the chance to sniff and explore. Taking your puppy out on a leash to the same spot every time can be helpful. Dogs like to go in places that already smell like their toilet. Once your puppy has gone, then it’s time for your walk or, if you’re in a safe enclosed space, unclip the leash and let your puppy play.\n\n', 'Managing Chewing and Destructive Behavior': 'You might wonder why your puppy is destroying everything you own. Well, puppies love to chew. Not only does it relieve teething pain, but it’s a fun way to pass the time. That means your puppy may chew furniture and baseboards, as well as shoes, remote controls, and anything else they can fit in their mouth.\n\nAKC is a participant in affiliate advertising programs designed to provide a means for sites to earn advertising fees by advertising and linking to akc.org. If you purchase a product through this article, we may receive a portion of the sale.\n\nFirst, keep anything you don’t want chewed out of your puppy’s reach. Shoes should be in the closet and remote controls in a drawer. It can also help to keep a light lead on your puppy while they’re roaming the house, so you can more easily control their movement and prevent problems before they start.\n\nSecond, provide your puppy with appropriate chews that allow them to engage in this natural behavior. Consider treat-dispensing chew toys that reward your dog for using them or edible chews like bully sticks. Just be sure they’re an appropriate size for your puppy and remove any pieces that break off and could pose a choking hazard.\n\n', 'Crate Training Troubles': 'Every puppy needs to learn to be alone. It helps prevent separation anxiety and gives you some free time. But don’t expect your puppy to enjoy alone time unless you teach them how. One of the best places for your puppy to chill on their own is in a crate. Your puppy’s crate can become their personal den, a place they go voluntarily for a quiet nap. However, it’s not as simple as placing your puppy inside and closing the door.\n\nStart crate training with short periods of time while the crate door is open. Encourage your puppy to enter independently by tossing treats or toys inside. Once your puppy is comfortable, you can begin closing the door for brief periods. But give your puppy something wonderful to do while inside, such as enjoying a small snuffle mat, a lick mat, or a food-stuffed chew toy.\n\nOnce your puppy has learned to love their crate, you can use it whenever you can’t watch their every move. Just be sure to choose an appropriately-sized crate. Your puppy should be able to stand up and turn around, but if they have an extra space, they might be tempted to use one end as a toilet.\n\nAKC is a participant in affiliate advertising programs designed to provide a means for sites to earn advertising fees by advertising and linking to akc.org. If you purchase a product through this article, we may receive a portion of the sale.\n\n', 'Developing a Bond With Your Puppy': 'It can take time to build a bond with your new puppy. Remember that your puppy also has a lot to adjust to, so patience is key. It can help to give your puppy your full attention. Take time to appreciate their developing personality and learn to read dog body language, so you can understand what your puppy is trying to tell you. Consider playing training games, like the name game or “watch me,” to encourage your puppy to focus on you. And in the beginning, hand-feeding can strengthen your relationship. In time, you’ll be the center of each other’s worlds.\n\nAKC is a participant in affiliate advertising programs designed to provide a means for sites to earn advertising fees by advertising and linking to akc.org. If you purchase a product through this article, we may receive a portion of the sale.\n\n', 'Top Tips for Raising a Puppy': 'Despite doing everything right, you might still struggle with raising a puppy. And that’s okay. Remember, it’s only temporary, and you’ll get there in the end. The following tips will help you overcome any overwhelming challenges.\n\n', 'We use cookies': '', 'Privacy Preference Center': ''}",[]
https://www.akc.org/expert-advice/training/training-around-dogs-in-heat/,What to Know About Training Around Dogs in Heat,"Aug 28, 2025","['heat', 'in season', 'ovulation']","Sassafras Patterdale, CPDT-KA, CTDI","There are few bigger distractions for many dogs, especially males, than focusing around a bitch in season. While naturally distracting, this situation can and should be trained for. We want our male dogs, intact or neutered, to be able to focus around a female dog in heat.

Key Points

A bitch going into season used to mean needing to pull her from classes or competition. The perspective around this is changing increasingly. In many cases, there’s no reason to alter your training plans just because your female dog goes into heat. Conformation, for example, now allows bitches in season to compete.

","{'Training for Bitches in Season': 'Recently, my adolescent American Hairless Terrier went into her first heat, days before we were registered to attend a Barn Hunt seminar. I contacted the event organizers and asked if she would still be able to participate. I was relieved when they responded that she could still attend, as long as she wore a diaper. Not only did my puppy have a lovely weekend learning to find rats, so did all the other dogs, including intact males, who had no problem focusing on locating rats in her presence.\n\nAKC is a participant in affiliate advertising programs designed to provide a means for sites to earn advertising fees by advertising and linking to akc.org. If you purchase a product through this article, we may receive a portion of the sale.\n\nVeterinarian Dr. Babbi Dilbeck DVM, is a breeder and owner/handler of both Rough and Smooth Collies. She has nationally ranked dogs in both regular and NOHS, and her dogs compete in Herding, AKC Rally, and agility. “If a bitch is sound and in good condition, and there is no breeding planned, they should be able to perform as usual,” says Dr. Dilbeck. “Human athletes compete during their monthly cycle, it should extrapolate to canine athletes.” While you should notify your trainer or training club if your bitch goes into season, there’s a good chance this won’t impact your training plans and, in some instances, have minimal impacts on plans to compete.\n\n', 'Considerations When Competing With Bitches in Season': 'Dr. Dilbeck notes that while there are no health concerns for bitches in season when it comes to competing in most sports, you should take caution around water. “During peak receptivity during the estrus cycle, the cervix becomes softer, more permeable to allow substances (such as sperm) to pass into the reproductive tract. It is advisable to avoid water hunt tests and dock diving during this particular time to avoid bacteria and other invasive entities from contaminating the uterus.”\n\nAKC is a participant in affiliate advertising programs designed to provide a means for sites to earn advertising fees by advertising and linking to akc.org. If you purchase a product through this article, we may receive a portion of the sale.\n\nShe also advises that out of an abundance of caution, it’s best to isolate and not exhibit or compete with a brood bitch in any sport from estrus through whelping to avoid Canine Herpes Virus (CHV). “Most bitches who have been actively shown in events have been exposed to CHV. The concern is that, in a bitch that is exposed to the virus for the first time, as an immunologically naive animal during or just before pregnancy, the puppies will be at risk for lethal infection.” However, for bitches in season that aren’t being bred, there’s no reason to slow or stop their training just because they have gone into heat.\n\n', 'Do Male Dogs Struggle Around Bitches in Season?': 'When the topic of training and competing with bitches in heat comes up, the concern often raised is that it will be upsetting or difficult for male dogs. “There are no veterinary concerns when working intact males around bitches in season,” says Dr. Dilbeck. Any issues that arise are behavioral, and should be addressed with training.\n\nAKC is a participant in affiliate advertising programs designed to provide a means for sites to earn advertising fees by advertising and linking to akc.org. If you purchase a product through this article, we may receive a portion of the sale.\n\nAs a dog trainer, I encourage owners to recognize the importance of training around all levels of distraction. Increasingly, dog sports and events are welcoming to bitches in season, so this is a level of distraction all our dogs need to be prepared for. When we give our male dogs the skills necessary to work through distractions, we give them the skills necessary to navigate the world at large. “I showed my bitch, who was at peak receptivity, at our national specialty with her intact brother in the brace class. He was a perfect gentleman,” recalls Dr. Dilbeck.\n\n', 'Working Through in-Season Distractions': 'Exposing male and female dogs to distractions is an important part of training and proofing skills for life and competition. Instead of avoiding bitches in season, make plans to train around them.\n\nYou don’t need to have intact female dogs to train around bitches in season. If you know anyone who has a bitch in season, make plans to train together or ask to borrow the bitch’s reusable diapers or bedding. You could also put an ask out to your local training group or breed club. This is an easy way to introduce and help to desensitize your dog to the scent of a bitch in season anytime and anywhere.\n\nDogs can have varying levels of comfort when it comes to working through the distraction of a bitch in seasons. Factors such as their arousal level, familiarity with working through distractions, or the skills they’re working on can all affect their training and focus. In some sports, like Barn Hunt, bitches in season are generally run last. On the other hand, bitches in season run in catalog order at AKC herding events. “Most dogs have enough drive to stay on task to work the stock through the course. In conformation and companion events, for the most part, there may not be enough stimulus to complete a task to keep the dog engaged. This is where training and focus work come into the equation,” encourages Dr. Dilbeck.\n\nAKC is a participant in affiliate advertising programs designed to provide a means for sites to earn advertising fees by advertising and linking to akc.org. If you purchase a product through this article, we may receive a portion of the sale.\n\n', 'Teaching Dogs to Ignore Bitches in Season': 'When training dogs to ignore the scent of a bitch in season, it’s important to treat training the same way you would any other distraction. Start with your dog being at a distance away from the bitch, somewhere your dog can focus on you. Then, slowly decrease the distance from the bitch as your dog develops better focus skills.\n\nRemember, when you’re training a more difficult skill, or around increased levels of distraction, your rate of reinforcement needs to increase. Dogs are more likely to repeat behavior that is rewarded. So when first training a behavior, you’ll likely want to reward every instance of that behavior,\n\nAKC is a participant in affiliate advertising programs designed to provide a means for sites to earn advertising fees by advertising and linking to akc.org. If you purchase a product through this article, we may receive a portion of the sale.\n\nYou’ll also want to increase the value of treats or rewards you’re using when there is a high level of distraction. For example, you might be able to train with just your dog’s kibble as a treat at home. But if you’re training with a bitch in season or in a busy environment, you’re going to want to bring out the highest level of reward for your dog. This will help build value in focusing on you, even around high levels of distraction.\n\nWhile it’s important to train male dogs to handle being around bitches in season, it’s not always guarunteed. It depends on the male dog, and where in their cycle bitches are. Some male dogs, around the 10-15th day of the cycle, can’t focus at all. This means that no matter how much you train them with desensitization work, some males can’t work in those situations. Some sports where their attention span is held firmly, like herding, might be enough to distract them, but it depends on the dog.\n\n', 'Desensitizing Dogs to a Bitch in Season': 'Training your dog to be neutral and able to focus on a bitch in heat is an essential skill for all dogs to have. In reality, our dogs could encounter a bitch going into season at any time while out in the world, including at training classes or dog shows. Just as you have taught your dog to ignore distractions when they’re training or competing, we want to also put the time into training our dogs to ignore bitches in season. Not only will this make life with your dog easier, but it can also improve your performance in the ring. “Having a male that can tolerate a bitch (in season or not, for some dogs), makes our lives so much less complicated,” says Dr. Dilbeck.\n\nAlthough it might feel like a lot of work to train your dog to ignore bitches in season, the effort is worthwhile. Without this skill set, your dog will be vulnerable to being distracted in training and competition, which can be stressful for both dog and handler. By putting in the effort to desensitize dogs to bitches while they’re in season we can reduce their stress and ours. “Training for focus and creating a bond with our teammate is essential for a happy, less stressed dog and a handler who doesn’t have to be constantly worried about the dog’s performance,” explains Dr. Dilbeck.\n\n', 'Prioritizing Safety and Management': 'Anytime we’re training with or around bitches in season, it’s crucial to ensure that appropriate management and safety measures are in place. Never do off-lead work with intact males and bitches in season.\n\nAKC is a participant in affiliate advertising programs designed to provide a means for sites to earn advertising fees by advertising and linking to akc.org. If you purchase a product through this article, we may receive a portion of the sale.\n\nRegardless of how well-trained dogs are, one should closely monitor interactions to prevent accidental breeding. “You should be diligent and aware of your dog’s surroundings and potential distractions, certainly, but training can reduce your stress as well,” advises Dr. Dilbeck. Depending on the skills you’re focusing on and where you’re training, this could look like working dogs on leash or utilizing gates to separate training areas. Always ensure that your training environment is safe for your bitch in season, and that your male dog has the skills necessary to appropriately navigate distractions.\n\nAKC is a participant in affiliate advertising programs designed to provide a means for sites to earn advertising fees by advertising and linking to akc.org. If you purchase a product through this article, we may receive a portion of the sale.\n\n', 'We use cookies': '', 'Privacy Preference Center': ''}",[]
https://www.akc.org/expert-advice/training/consistency-in-dog-training/,What Your Dog Trainer Wishes You Knew About Consistency,"Aug 14, 2025","['routine', 'consistency']","Stephanie Gibeault, MSc, CPDT","Sometimes dog training feels like an art. The more you perfect your timing, learn to read dog body language, and adapt your skills to the dog and situation, the more effectively you can train. But don’t discount dog training science – and consistency in dog training.

Good dog trainers know that certain training rules can make all the difference. One rule that many dog owners fail to follow is consistency. It’s more than just consistency in your dog’s routine. Your dog needs to know what’s expected, so randomly changing the rules, cues, or training approach will only cause confusion. Read on to learn what your dog trainer wishes you knew about consistency.

","{'What Does It Mean to Be Consistent?': 'Consistency isn’t just about feeding your dog at the same time every day or providing a walk after dinner. Yes, consistency in your dog’s routine is important, but you must also look at all your interactions with your dog. Are you using your cues the same way each time? Are you habitually rewarding good behavior? Are the rules of the household the same no matter the circumstances? You also need to ensure everybody who works with your dog is on the same page.\n\nCertified professional dog trainer Valerie Balwanz, CBCC-KA, CSAT, CPDT-KA, of Dog Training by Valerie explains, “To help a dog understand what is being asked of them, we want to keep as many things the same as possible. For example, each person should use the same hand gestures and the same words, even the same intonation. The way children might ask for behavior can sound different than the way an adult asks for it, but if both use the same hand signal, this can help the dog recognize what is being asked.”\n\nAKC is a participant in affiliate advertising programs designed to provide a means for sites to earn advertising fees by advertising and linking to akc.org. If you purchase a product through this article, we may receive a portion of the sale.\n\n', 'The Benefits of Consistency': 'According to certified professional dog trainer Rachel Lane, M.Sc., CPDT-KA, CBCC-KA, of Leash & Learn, consistency is one of the most important keys to successful and effective dog training. It speeds up the training process and fosters confidence in you and your dog. “Consistency in your interactions with your dog, the rules you establish and enforce, and the routines you implement are a way to clearly communicate with your dog. You are teaching them what to expect at given times and in given situations. Over time, this builds their confidence and teaches your dog that they are safe with you and can trust you.”\n\nNot only does consistency build confidence, but it also helps prevent dog anxiety. Balwanz points out that inconsistent rules can stress a dog. “If one person in a household invites a dog onto the furniture and another tells the dog they are not allowed on the furniture, this is confusing for the dog. If some people let the dog jump on them to greet, while others are discouraging it, again, the dog does not know the rules. Allowing a behavior sometimes and not others undermines training efforts.”\n\nConsistency can also help prevent problem dog behaviors such as barking or jumping. These are often caused by your dog’s confusion about the rules or their reaction to your unpredictability. Lane says, “When training or interacting with your dog in a way which your dog perceives as inconsistent and unpredictable, they are often left feeling confused, stressed, and frustrated. And you likely are, too.”\n\n', 'Common Mistakes With Consistency': 'Similarly, inconsistency can maintain unwanted behaviors. Dog trainers often see people struggling to reduce a dog’s behavior they don’t like. But when the trainer digs deeper, they realize the owners are occasionally reinforcing the negative behavior, whether they realize it or not. For example, when you let your dog jump up on you while you’re wearing your jeans but not your work clothes. Or if one person feeds the dog from the table while others don’t. Because the behavior still gets your dog what they want, even if it’s only on occasion, they will continue to perform it.\n\nAKC is a participant in affiliate advertising programs designed to provide a means for sites to earn advertising fees by advertising and linking to akc.org. If you purchase a product through this article, we may receive a portion of the sale.\n\nBalwanz points out another common dog training mistake – having the wrong kind of consistency. If you always have your training sessions in the same place, you can’t expect your dog to behave outside of that location. “This type of consistency doesn’t aid in generalization or proof behaviors with distractions. If you only train in the kitchen, you’ll have a well-behaved dog in the kitchen. Varying the location of the training lessons helps a dog generalize the behavior to new places.”\n\nAKC is a participant in affiliate advertising programs designed to provide a means for sites to earn advertising fees by advertising and linking to akc.org. If you purchase a product through this article, we may receive a portion of the sale.\n\nLane often sees clients who are unaware of their own inconsistency, which can range from using different mechanics and cues, applying different rates of reinforcement, or having different routines between family members. She suggests that families sit down together, develop a plan that everybody can agree on, and then do their best to follow it. “As we talk about it, people realize they have all been using different cues at different times, and no wonder the dog is confused, they are confused too! Taking the 10 minutes to sit and come together can prevent months of frustration created through inconsistency.”\n\n', 'What Dog Trainers Wish You Knew About Consistency': 'Balwanz wishes her clients realized that a word can only have one meaning for a dog. For example, “down” can only mean lie down. It can’t also mean get off the couch. She recommends being consistent in how you use your words and what you expect your dog to do in response to them. Along with consistency in how you ask for a behavior, be consistent with how you respond. “Good behaviors that we’d like to see more of should be consistently reinforced.”\n\nAKC is a participant in affiliate advertising programs designed to provide a means for sites to earn advertising fees by advertising and linking to akc.org. If you purchase a product through this article, we may receive a portion of the sale.\n\nLane acknowledges that no one is going to be perfectly consistent. It’s okay if there’s a mistake occasionally. But she wants people to realize that the more consistent they are, the more successful their training will be. “It is unfair of our dogs to ask them to know something that we have not actually taught them. If we sometimes allow begging, how will they learn that they are not allowed to do it? We cannot change our rules just because we are in a different mood. That is unfair to your dog and leads to both the dog and the people being frustrated.”\n\n', 'We use cookies': '', 'Privacy Preference Center': ''}",[]
https://www.akc.org/expert-advice/training/why-do-dogs-sniff-butts/,Why Do Dogs Sniff Each Other’s Butts?,"Jul 29, 2025","['communication', 'smell', 'anal glands', 'greeting']","Stephanie Gibeault, MSc, CPDT","Dogs are amazing creatures, but they can have some puzzling habits, like rolling in smelly stuff and eating poop. But one of the most confusing things to owners that dogs do might be sniffing each other’s butts. It can be uncomfortable for owners, but dogs seem to delight in leaning in and taking a big sniff whenever they meet another dog.

But why do dogs sniff butts? Is it something you need to worry about, or a natural dog behavior that helps them communicate?

In This Article

","{'Dogs Have a Powerful Sense of Smell': 'Dogs have an incredible sense of smell that is far, far better than any human’s, whereas people are very visual. As a species, humans use vision as the dominant sense. But for dogs, it’s all about the odors. They rely on smell more than hearing, vision, or any other sense to collect information about the world around them. In fact, puppies can’t see or hear for the first few weeks of life, but their noses are ready to go from birth. While you might look at something to understand it, dogs need to get their noses involved. That’s why dogs have to sniff everything they encounter.\n\nIn addition, dogs have a vomeronasal organ, also known as a Jacobson’s organ, located above the roof of their mouth. This is a separate scent-detection system that allows dogs to detect pheromones, chemicals used in communication. For example, a mother dog’s pheromones will comfort her pups. Urine and feces are full of pheromones, which further explains some of those behaviors that dogs engage in. Most people have a vomeronasal organ, too, but it’s thought to have no function.\n\n', 'What Are Dogs Actually Sniffing?': 'So, if sniffing is part of how a dog gathers information about other dogs, why do dogs sniff butts and not other body parts? Well, there’s another dog trait that contributes to why dogs sniff other dogs’ bottoms – the anal glands. Located on either side of a dog’s anus, the anal glands are small oval-shaped sacs that produce a fluid that contains a cocktail of compounds used for communication. These compounds have a strong fishy smell, which is why problems with the anal glands can sometimes lead to your dog smelling like fish.\n\nAKC is a participant in affiliate advertising programs designed to provide a means for sites to earn advertising fees by advertising and linking to akc.org. If you purchase a product through this article, we may receive a portion of the sale.\n\nDogs can empty their anal glands, also known as anal sacs, involuntarily if they’re frightened or stressed. But the anal sacs are also expressed whenever a dog has a bowel movement. That scents the poop with the anal gland fluid, which may play a role in marking territory. It also means poop is a form of chemical communication for dogs. Sniffing feces can tell the sniffer a lot about the pooper!\n\nAKC is a participant in affiliate advertising programs designed to provide a means for sites to earn advertising fees by advertising and linking to akc.org. If you purchase a product through this article, we may receive a portion of the sale.\n\n', 'Anal Gland Secretions Are Full of Information': 'It’s no wonder dogs love to sniff under each other’s tails. It allows them to get a good whiff of those anal sacs. Scientists also believe those anal sac secretions play an important role in communication between dogs. But it doesn’t tell them the whole story. Although it’s long been believed that dogs can learn about sex, reproductive status, health, and more from sniffing another dog’s behind, there has been little research on that theory.\n\nThe exception is a study published in Veterinary Research Forum that looked at the composition of anal sac secretions between male and female dogs. Using secretions from five intact male and five female dogs, the researchers conducted an analysis (gas chromatography–mass spectrometry) to break down what was in each dog’s anal gland fluid. In total, 64 compounds were detected among the samples, with some common to all the dogs, and others found only in the samples of certain individuals. Overall, the researchers discovered there were differences in the anal sac secretions of male and female dogs, as well as between dogs.\n\nAKC is a participant in affiliate advertising programs designed to provide a means for sites to earn advertising fees by advertising and linking to akc.org. If you purchase a product through this article, we may receive a portion of the sale.\n\nIf every dog potentially has a unique scent made up of different compounds, can dogs detect those differences with their noses? Again, research is scarce. But a study done on explosive detection dogs published in Applied Animal Behaviour Science hints that they can. In that study, dogs could distinguish the individual components in a mixture of explosives. That’s not surprising for an animal that can detect one or two particles of odor in one trillion particles of air, has millions and millions more scent detecting cells than humans have, and has an olfactory bulb (the part of the brain that interprets smell) that takes up a far larger portion of their brain.\n\n', 'Is Butt Sniffing Ever Cause for Concern?': 'Now you know why dogs sniff other dogs’ bottoms: it’s a way of gaining a lot of information about that individual dog in one easy whiff. Think of butt sniffing like a human handshake – a perfectly polite way to say hello. Most dog-dog greetings include at least a moment of bottom sniffing. But is butt sniffing ever cause for concern?\n\nAKC is a participant in affiliate advertising programs designed to provide a means for sites to earn advertising fees by advertising and linking to akc.org. If you purchase a product through this article, we may receive a portion of the sale.\n\nIt can be. It’s not so much about the rear end sniffing itself, it’s how it’s perceived by the other dog. Not all dogs are comfortable interacting with other dogs. So if your dog goes in for a sniff and the other dog looks tense or shows any other signs of anxiety or discomfort, like pinned back ears or a tucked tail, move your dog away and give that dog space.\n\nThe same is true for your own dog. Learn to read dog body language and understand if your dog is uncomfortable with another dog’s sniffing behavior. Just because it’s a natural dog greeting, doesn’t mean your dog should have to put up with every dog they encounter sniffing under their tail. But as long as both dogs are relaxed and comfortable, let go of your discomfort and let them sniff away.\n\n', 'We use cookies': '', 'Privacy Preference Center': ''}",[]
https://www.akc.org/expert-advice/training/dog-facial-expressions/,Why Are They Looking at Me Like That? Reading Your Dog’s Facial Expressions,"Jan 28, 2026","['eyes', 'expressions', 'face', 'emotion']","Stephanie Gibeault, MSc, CPDT","Dogs experience many of the same emotions as we do, and many of us would love to know exactly what our dogs are feeling. Do those flattened ears mean your dog feels guilty for chewing the baseboards, or do they mean your anger is stressing your dog? Although dogs have expressive faces, it can be hard to tell what they’re saying all the time. Read on to learn more about interpreting dog facial expressions.

In This Article:

","{'Can You Read Emotions From Dogs’ Facial Expressions?': 'Since we’re so used to reading human emotions from facial expressions, it’s easy to assume we can do the same with dogs. But can we? A recent research study in the journal Anthrozoös looked at human perception of dog happiness. The results showed that people look at the surrounding context to determine how dogs are feeling, rather than looking at the dogs themselves. In other words, if the person thinks it’s a positive situation, then they perceive the dog as happy, and vice versa.\n\nBut that’s not fair to our dogs. In order to meet their needs, advocate for them, and build our bond, we need to appreciate their emotional state in any given situation. So, how do we do that? Thankfully, according to Dr. Kun Guo, PhD and Professor of Cognitive Neuroscience at the University of Lincoln, we can use dogs’ facial expressions to interpret how they’re feeling. “As facial expression is one of the major channels of emotional expression in humans and animals, it can be indicative of reflecting our inner thoughts, mental states (e.g., concentration), emotion, mood, and feeling. Hence, we can infer these mental processes by reading facial cues.”\n\n', 'Dog Facial Expressions Can Be Difficult to Read': 'A study in Scientific Reports found that dogs make more facial expressions when watched by another dog versus a human. Additional research published in the same journal found that dogs change their facial expressions based on whether or not a person is looking at them. These facial expressions indicate that dogs can communicate, rather than just making involuntary faces based on the situation. They’re trying to tell us something.\n\nAKC is a participant in affiliate advertising programs designed to provide a means for sites to earn advertising fees by advertising and linking to akc.org. If you purchase a product through this article, we may receive a portion of the sale.\n\nBut most people aren’t getting the whole message. Recent research from Dr. Guo’s team, published in Applied Animal Behaviour Science, looked at whether humans could read dog emotions from video. People could recognize many dog emotions, and when looking at just the dogs’ faces, the human participants showed the highest accuracy in identifying anger. However, Dr. Guo says people consistently misinterpret certain dog facial expressions. “Humans often mistake positive anticipation as frustration, appeasement as happiness, distress as surprise, fear as happiness, and sadness as fear.”\n\nAKC is a participant in affiliate advertising programs designed to provide a means for sites to earn advertising fees by advertising and linking to akc.org. If you purchase a product through this article, we may receive a portion of the sale.\n\nSo, although the potential to understand our dogs’ emotions through their facial expressions exists, we need to learn how to read them. Scientists are still analyzing different dog facial expressions to pinpoint exactly what they mean, but there are certain ones you should know to look for.\n\nEar position is important in dog communication, but can be hard for humans to read, particularly in floppy-eared or very furry dogs. It’s important to know what a dog’s neutral ear position looks like. For example, when relaxed, some dogs hold their ears slightly back while others hold them more upright. Every dog is unique, so you need to recognize your dog’s individual signals.\n\nAKC is a participant in affiliate advertising programs designed to provide a means for sites to earn advertising fees by advertising and linking to akc.org. If you purchase a product through this article, we may receive a portion of the sale.\n\nPay attention to the shape of your dog’s eyes, as well as their eyebrow position. Another important clue is eye contact. Dogs stare at people for loving or threatening reasons, but if a dog looks away, that may mean they’re feeling uncomfortable. They aren’t ignoring you, but instead asking you to calm down. Direct eye contact is threatening in dog language. Here are some other eye-related facial expressions to watch for:\n\nAKC is a participant in affiliate advertising programs designed to provide a means for sites to earn advertising fees by advertising and linking to akc.org. If you purchase a product through this article, we may receive a portion of the sale.\n\nAKC is a participant in affiliate advertising programs designed to provide a means for sites to earn advertising fees by advertising and linking to akc.org. If you purchase a product through this article, we may receive a portion of the sale.\n\nWhen a dog bares their front teeth, they’re likely threatening a bite. The wrinkled nose and pointy fangs are a clear warning. But there are other facial expressions that involve the mouth and nose, too. Watch for the following:\n\nAKC is a participant in affiliate advertising programs designed to provide a means for sites to earn advertising fees by advertising and linking to akc.org. If you purchase a product through this article, we may receive a portion of the sale.\n\n', 'Look at the Entire Dog to Accurately Read Facial Expressions': 'As you can see, many of these facial expressions have multiple meanings. The only way to be sure you’re correctly reading a dog is to look at their entire body. Dog body language is a package deal from the tip of the tail to the top of the nose. In fact, one of Dr. Guo’s studies in the journal Animal Cognition showed that, when reading emotional cues, dogs look more at each other’s bodies than they do at their faces. Dr. Guo recommends doing the same. Instead of relying on facial cues alone, “use more holistic cues, such as bodily cues, vocalizations, and contextual cues,” he advises.\n\nIf you can learn to read the whole dog, you’ll be far more successful at understanding dogs’ emotional states and intentions. That will lead to safer dog-human interactions, better care taking of your own dog, and improved dog welfare.\n\n', 'We use cookies': '', 'Privacy Preference Center': ''}",[]
https://www.akc.org/expert-advice/training/temperament-dogs/,What Is Temperament in Dogs?,"Jun 20, 2025","['temperament', 'behavior', 'dog breed']",Gemma Johnstone,"Labrador Retrievers are consistently amongst the top five most popular dog breeds in the US. A big part of their appeal is that they’re often described as having outgoing, friendly, intelligent, adaptable and eager-to-please temperaments.

But what does temperament in dogs really mean? How is it measured, and how important a factor is it if you’re welcoming a new pet into your household?

","{'What Is the Definition of Temperament in Dogs?': '“Temperament in dogs” is an expression widely used to describe an animal’s personality. For example, you might hear characteristic terms like steady, outgoing, friendly, protective, independent, etc.\n\nJessica Perry Hekman, DVM, PhD, is a member of the Canine Brains Project, a research program at Harvard University aiming to improve our understanding of dog neuroscience and evolution. She also founded the Functional Dog Collaborative. She says that it gets tricky when it comes to a more detailed explanation of temperament. “There’s no one agreed-upon definition in the community of researchers who study personality in humans and animals,” she says.\n\nSome experts refer to temperament as biologically-based (not learned) behaviors affected purely by genetics and not environmental factors. “For me, as someone who studies how personality develops biologically, there is no behavior without environment,” Hekman says. For many experts, temperament in dogs is determined geneticall. Then, it can be modified to some extent based on environmental factors.\n\n', 'What Influences Temperament and Behavior in Dogs?': 'Genetics play a significant role in the temperament of dogs. However, it’s difficult to measure what genes influence particular behaviors and why. Plus, genetics aren’t the only factor that plays a part in shaping canine personalities.\n\nAKC is a participant in affiliate advertising programs designed to provide a means for sites to earn advertising fees by advertising and linking to akc.org. If you purchase a product through this article, we may receive a portion of the sale.\n\nIt’s common when searching for a pet to select a dog based on the temperament you expect a specific breed type to have. For example, it’s no wonder Border Collies excel in agility and make excellent partners for owners leading active lifestyles. They often have intelligent, intense, alert and loyal personalities. However, these traits also mean that undesirable behaviors can develop if you don’t have the time to offer enough exercise and mental stimulation.\n\nAlthough breed is an important factor when selecting a companion animal, Sophie Barton, M.A, PhD Candidate, and member of the Canine Brains Project, explains it shouldn’t be the only one. “Even within a breed, there can be a fair amount of variation in temperament,” she says. In other words, every dog is an individual, and other factors can also shape their temperament.\n\nAKC is a participant in affiliate advertising programs designed to provide a means for sites to earn advertising fees by advertising and linking to akc.org. If you purchase a product through this article, we may receive a portion of the sale.\n\nThe size of a dog can also influence temperament, and it could possibly be a better predictor than breed type. Some of this could be attributed to your dog’s brain.\n\n“The structure and function of the brain produce an animal’s cognition, temperament, and behavior,” Barton says. “Dogs show great diversity in these traits, probably because their brains vary considerably in size, shape, and connectivity.”\n\nBarton explains that bigger dogs have bigger brains. As their brains scale, they grow a proportionally expanded cerebral cortex. This is the wrinkly outer layer of the brain involved in sensory processing, complex thought, and movement. It makes them more trainable. “On the other hand, ‘problem behaviors’, like separation anxiety and dog-directed fear, were associated with a reduced cerebral cortex,” she says.\n\nBarton has also published a paper showing that selection for head shape alters dog brain anatomy. “Dogs with dolichocephalic, or long and narrow heads, have a reduced cerebral cortex,” she says. “They also have a smaller hippocampus, which is involved in memory formation, and amygdala, which processes fear.”\n\nCould this be why Sighthounds are often described as having sensitive temperaments? Barton explains that these anatomical differences possibly underlie differences in temperament or cognition. They didn’t have behavioral data for the study to test this yet.\n\nMany experts agree that a dog’s environment can affect their temperament, and that starts at conception. “The environment in the uterus is very important to how it develops,” Hekman says. The first few weeks after birth are also extremely important. “[It matters] how the mom takes care of the puppies and how the puppies interact with each other.”\n\nAKC is a participant in affiliate advertising programs designed to provide a means for sites to earn advertising fees by advertising and linking to akc.org. If you purchase a product through this article, we may receive a portion of the sale.\n\nIf you are buying a puppy, finding a responsible breeder who provides appropriate care and socialization is vitally important to help form a well-rounded temperament, as is ongoing appropriate socialization once they’re home with you.\n\nAnother reason to obtain a puppy from a reputable breeder is because temperament can be inherited. Barton says that learning about a dog’s family lineage can offer valuable insight. “For example, a dog from a line bred for calm, relaxed companionship may be an ideal match for a sedentary retiree,” she says. “In contrast, a dog descended from energetic working or sporting lines would likely thrive with an active owner who can provide plenty of physical and mental stimulation.”\n\nAKC is a participant in affiliate advertising programs designed to provide a means for sites to earn advertising fees by advertising and linking to akc.org. If you purchase a product through this article, we may receive a portion of the sale.\n\nHekman says it’s not just about finding the right breeder on paper. “It’s important to talk to the breeder that you’re working with and see what they are breeding for. Meet their dogs, ask if they can live the life that you want your dog to live,” she says.\n\nShe goes back to the Labrador Retriever. There are lots of lines bred for different things and the genetic elements contributing to their temperaments will vary. “There’s the working line, pet line, show line, and those bred to be assistance dogs,” she says.\n\n', 'What Role Does Temperament Play When Training Dogs?': 'The intelligent, eager to please working breeds show us that temperament can greatly affect how trainable dogs are. Barton explains she has a paper under review that found that dog breeds developed in recent history (during the Victorian period), like Labrador Retrievers, have a larger cerebral cortex and are more trainable than ancient dog breeds, like Siberian Huskies. “We think this is a result of intensive artificial selection on modern breed dogs for close cooperation with humans,” she says.\n\nWe also know that bigger dogs with larger cerebral cortices are often regarded as more trainable. However, that’s not to say that your big dog will automatically be more trainable than a Chihuahua. For example, “guardian breeds tend to be a lot less biddable or more independent,” Hekman says. This independence can make training more of a challenge.\n\nMuch of your success depends on your training methods and motivating your dog in the right way. This can be based on their innate drives and overall individual temperament.\n\n', 'Considering Temperament When Breeding Dogs': 'There is a lot of emphasis, quite rightly, placed on the importance of careful breeding to reduce inheritable health conditions. However, a good breeder will also focus on producing puppies for temperament.\n\nAKC is a participant in affiliate advertising programs designed to provide a means for sites to earn advertising fees by advertising and linking to akc.org. If you purchase a product through this article, we may receive a portion of the sale.\n\nWhile some behaviors result from the environment dogs are in, many temperament traits are heritable. “If you have a dog with a particular trait that you don’t want to have passed on, you shouldn’t breed that dog,” Hekman says.\n\n', 'How Is Temperament Assessed?': 'Animal rescues often use temperament tests to assess if a dog is suitable to join a family. Breeders also sometimes use them when puppies go to new homes. Although these tests can be helpful, they have limitations. They shouldn’t be the sole determining factor when deciding if a dog is the right fit for you.\n\n“While they do provide some objective insight into a dog’s behavior, they don’t always accurately predict how a dog will respond in different contexts,” Barton says. “For example, in a paper I’m currently drafting, we found that canine attachment-seeking behavior measured in a laboratory environment does not predict attachment-seeking behavior at home.”\n\nAKC is a participant in affiliate advertising programs designed to provide a means for sites to earn advertising fees by advertising and linking to akc.org. If you purchase a product through this article, we may receive a portion of the sale.\n\nHekman also points out that personality is behavior displayed over time. “We don’t tend to give the behavior assessments tests more than once,” she says. “You’re getting a snapshot of how the dog behaves in a specific situation.”\n\nSome dogs that are fearful in a behavioral assessment may be the opposite in a calm environment. Other dogs may do the opposite. A dog’s environment can greatly change how they behave and where they feel comfortable and relaxed. Sometimes, temperament tests won’t be an accurate reflection of the dog.\n\nHekman says that puppy temperament tests are also a one-day snapshot. “Puppies are very young when we do these tests. They’re going to change a lot as they grow and mature,” she says.\n\n', 'We use cookies': '', 'Privacy Preference Center': ''}",[]
https://www.akc.org/expert-advice/training/walk-multiple-dogs/,How to Walk Multiple Dogs at Once,"Dec 04, 2025","['leash walking', 'walk', 'dog walker']",Harriet Meyers,"When you walk multiple dogs at once, it can only take a moment for your situation to change dramatically. One minute everyone’s moving together calmly, and suddenly a rabbit, strange dog, or tennis ball flies into your path. You barely register the distraction before chaos ensues, with dogs running in different directions and leashes wrapping around your legs.

If you have multiple dogs already, or are considering adding another to your household, you probably have questions about the best way to walk multiple dogs at once. Here are some tips to help you manage multiple dogs to make those walks enjoyable and safe for everyone.

","{'Getting Acquainted and Training Loose Leash': 'Before you head out for a walk with multiple dogs, you’ll want to make sure they’re compatible. “You should never have one handler walk two dogs who don’t know each other,” says Kelly Citrin, certified dog trainer and founder of 4 On The Floor Dog Training in Rockville, Md. “Give them a chance to be introduced, play off leash, and have all sorts of experiences with each other before you restrict them with a leash and ask them to walk next to you.”\n\nOnce you know your dogs are accustomed to each other’s company, you can ask friends or family members to walk with you so you can each handle one dog. This can help the dogs feel comfortable walking parallel while still paying attention to the human on the other end of the leash.\n\nAnother critical step is to take the time to practice loose leash walking with each dog individually. Citrin advises that you make sure all dogs feel relaxed and comfortable when walking individually before walking them together. Joining a group dog training class can also help your dog get used to focusing on you when other dogs are present.\n\nAKC is a participant in affiliate advertising programs designed to provide a means for sites to earn advertising fees by advertising and linking to akc.org. If you purchase a product through this article, we may receive a portion of the sale.\n\n“You want to set them up for success,” she emphasizes. “Train and practice the basics with each dog alone. This includes walking on a loose leash, understanding a recall command and a cue to heel by your side like ‘with me,’ or ‘touch‘ and giving you attention. If you have a leash-reactive dog, you must identify your dog’s triggers, and work on counterconditioning and desensitization until the dog can walk calmly by your side alone.”\n\n', 'Proper Equipment for Control and Comfort': 'Choosing the right equipment for the handler and dogs is critical for a safe and comfortable walk. Try out these types of equipment once your dogs are leash trained to see what works best for you.\n\nMatch up your dog leashes, so they’re both strong, the same length, made of the same material, and have similar handles. Those with a bungee are a good option because they simulate a slow stop and are less likely to stimulate pull back. Many trainers, including Citrin, will tell you to stay away from retractable leashes that give the control to the dog and encourage a tangled mess that can trip you. “They break often, cause injuries, and allow the dog to hit the end of the leash each time he goes out, which can quickly put him over his threshold of excitement,” she explains.\n\nAKC is a participant in affiliate advertising programs designed to provide a means for sites to earn advertising fees by advertising and linking to akc.org. If you purchase a product through this article, we may receive a portion of the sale.\n\nCitrin prefers using a harness because they’re harder to escape from, and they don’t put pressure on the dog’s neck or trachea. If your dogs are different sizes, you may need different types of harnesses or collars for each. Collars must be sturdy and fitted properly. If used properly, no-pull (front-hook) harnesses and headcollars are  two options that can be helpful for walking dogs that tend to pull on leash, especially when you’re walking more than one dog.\n\nAKC is a participant in affiliate advertising programs designed to provide a means for sites to earn advertising fees by advertising and linking to akc.org. If you purchase a product through this article, we may receive a portion of the sale.\n\nAnother helpful piece of equipment Citrin recommends is a waist leash with a place to hook a leash on each side of you and then to the back of the dog’s harness. “This frees up both your hands, so you can reinforce a dog on each side and direct them,” she explains. If your dogs are different sizes, this leash can help you keep them separate while having your hands available to direct the bigger dog if necessary.\n\nSome people prefer to use double-dog leashes or couplers (aka splitters) to keep dogs of similar sizes and energy levels walking side-by-side and enable you to hold just one handle. “You can use a coupler only with bomb-proof dogs that know each other well and keep a similar pace,” Citrin says.\n\nInstead of relying on your hands or pockets to carry poop bags and treats, wearing a belt pack allows you to carry whatever you need hands-free.\n\n', 'Walk Multiple Dogs': '“Ideally, the dogs you walk together should all have the same level of energy,” Citrin advises. It’s a good idea to let them use up some energy ahead of time by letting them run in a fenced area. You could also play catch or keep-away to help tire them out.\n\nWhen out walking, only go as fast as your slowest dog. If you have an older, low-energy dog, you could take a short walk together, then take the older dog home and continue on with the young one. Work up to your ideal walking pace gradually. If you’re walking more than two dogs, start with two and then add the third dog, and so forth. Citrin says she “would start at one place and be stationary, staying away from distractions and triggers. Once you’ve made sure they can exist calmly together, begin adding small distractions. If the leashes get tangled, stop and fix it. If they’re pulling or distracted, don’t move until everyone is together. Your goal is short positive walks that end before something happens.”\n\n', 'Positive Reinforcement': 'When you’re out walking, even if you choose an isolated and low-key environment, you can’t control every factor that could possibly trigger a reaction from one or all dogs. It helps to be prepared with a command to manage their behavior. Before you head out to walk multiple dogs, teach each dog a cue for a backup, emergency turn, stay, or walk by to help you stay in control. You may need to temporarily move off the trail, pause, or change direction to avoid confrontations with deer, geese, or other dogs. Don’t walk when your dog is pulling and be consistent. And remember, at all times, you should be completely engaged with the dogs. “That means no earbuds, cell phones, or distracting conversations with others,” Citrin warns.\n\nAKC is a participant in affiliate advertising programs designed to provide a means for sites to earn advertising fees by advertising and linking to akc.org. If you purchase a product through this article, we may receive a portion of the sale.\n\nPositive reinforcement will help you encourage good behavior and focus the dogs’ attention on you when necessary. Remember to reward your dog for doing the right thing. Carry treats and use them as rewards when your dogs are walking nicely.\n\nAKC is a participant in affiliate advertising programs designed to provide a means for sites to earn advertising fees by advertising and linking to akc.org. If you purchase a product through this article, we may receive a portion of the sale.\n\nTemperament and breed of dog can make a difference in how they choose to walk. Take it slowly and reinforce the pace and positions you’re after. Citrin’s training philosophy is “patience, persistence, positive reinforcement, praise, and play.”\n\n', 'Benefits of Group Walks': 'Walking multiple dogs offers many benefits. You can save time, provide your dogs with more exercise, encourage socialization between the dogs, build their confidence, practice obedience skills, and even strengthen your bond.\n\nAKC is a participant in affiliate advertising programs designed to provide a means for sites to earn advertising fees by advertising and linking to akc.org. If you purchase a product through this article, we may receive a portion of the sale.\n\nHowever, there are times when walking multiple dogs at once may not be a good fit. Consider your own physical limitations and enjoyment. Can you walk more than one large dog and keep yourself safe? Are you comfortable walking around strange people or strange dogs who might trigger a reaction? Are you so focused on keeping the dogs untangled that you’re not able to enjoy the walk? It’s okay to ask a friend to go along or walk one dog at a time.\n\n“Also, consider the enjoyment of your dogs,” says Citrin. “Dog walks are important. It’s the dog’s time to get out into the world, collect information, enjoy mental and physical stimulation, socialize, and spend quality time with their human.”\n\n', 'We use cookies': '', 'Privacy Preference Center': ''}",[]
https://www.akc.org/expert-advice/training/potty-in-bad-weather/,"Training Dogs to Potty in Rain, Snow, or Other Bad Weather","Jan 16, 2026","['potty training', 'outdoors', 'bad weather']","Sassafras Patterdale, CPDT-KA, CTDI","Do you have a dog who dislikes or even refuses to go outside in bad weather to relieve themself? You aren’t alone! Dogs refusing to go outside and potty in the rain, wind, snow or other inclement weather is a common challenge that can be frustrating for owners.

Some dogs are unbothered by the rain. But for other dogs, it can lead to a breakdown in potty training. Some dogs refuse to potty outside, holding their bladder, which can be uncomfortable or even unsafe. Other dogs are tempted to relieve themselves in the house if conditions outside are undesirable. The good news is that with a little patience, it’s possible to teach dogs to feel more comfortable going potty in the rain.

","{'Why Some Dogs Don’t Want to Potty in Bad Weather': 'Just as many of us don’t enjoy being out in the rain and other bad weather, the same is true for dogs. Some dogs seem most bothered by the feeling of rain falling on them, while others are uncomfortable with the ground under their feet being wet. Dogs who get cold easily may also find that they get chilly when out in the rain, which can make them reluctant to go outside.\n\nAll dogs can struggle with going out into the rain to potty, though often small dogs will be particularly unhappy about the experience since they’re closer to the ground. Dogs of all sizes who get cold easily including hairless and short coated breeds, and those dog breeds with low body fat, like Sighthounds, may also be particularly unhappy about having to go out in the rain.\n\nIf your dog is struggling to go out and potty in the rain, here are some tips to make the experience more comfortable and less frustrating for both you and your dog.\n\n', 'Make Positive Associations With Bad Weather': 'The first step to getting your dog to potty outside in the rain or snow is to change their association with the weather. To help your dog build positive associations with going potty outside, we want to pair the experience with rewards, treats, and praise. You can also use experiential or environmental rewards. This is especially useful with puppies to help them develop positive associations from a young age with going outside. However, it’s equally important for older dogs who may have past negative feelings about going out in the rain.\n\nAKC is a participant in affiliate advertising programs designed to provide a means for sites to earn advertising fees by advertising and linking to akc.org. If you purchase a product through this article, we may receive a portion of the sale.\n\nMake rainy days fun for your dog. Instead of just taking your dog out to potty, plan to spend some time out in the rain doing things your dog enjoys. If you have a dog who likes to walk, try taking walks together in the rain instead of just a quick potty break.\n\nHave a dog who loves to play fetch? Play in the rain together in your yard or a park. You can also toss treats or kibble out in your yard while it’s raining for them to sniff and find. By pairing the rain with things your dog finds enjoyable, you can shift their emotional response to being outside in the rain. If your dog stops to relieve themself, give lots of praise and treats just like you did when they were first learning potty training.\n\nAKC is a participant in affiliate advertising programs designed to provide a means for sites to earn advertising fees by advertising and linking to akc.org. If you purchase a product through this article, we may receive a portion of the sale.\n\n', 'Supervise and Provide Opportunity': 'When helping your dog to gain confidence about going potty in the rain, we want to go back to potty training basics. This is going to look like lots of supervision, and then big rewards when your dog potties where you want them to. If your dog refuses to potty in the rain, supervise them closely when you get back in the house to prevent the opportunity for accidents. To do this, confine your dog to a smaller area of the home. You can also keep your dog leashed to you. Then, offer frequent opportunities to go back outside to try and relieve themself.\n\nWhen your dog does eventually potty outside, give lots of praise and rewards like you would when potty training. Once your dog goes potty outside, they can return to having more freedom in the house like normal. But until they relieve themselves, keep them closely supervised to help prevent accidents.\n\n', 'Rain Gear Can Help': 'Proper gear including jackets are especially important for dogs who get cold easily, including breeds who have low body fat or short fur. Many dogs who don’t like the sensation of rain or snow falling on them benefit from wearing a properly-fitted raincoat. Putting a waterproof coat on your dog before taking them out can help alleviate some of the sensory discomfort of being out in the rain and encourage them to potty as normal.\n\nAKC is a participant in affiliate advertising programs designed to provide a means for sites to earn advertising fees by advertising and linking to akc.org. If you purchase a product through this article, we may receive a portion of the sale.\n\nSimilarly, properly fitted dog boots can help some dogs be more comfortable by allowing them to avoid the sensory discomfort of walking on wet ground. By helping your dog feel protected from the elements, they’re more likely to be comfortable eliminating in a timely manner.\n\n', 'Make or Find Shelter': 'While your dog is learning to be more comfortable in the rain, it’s useful to create opportunities for your dog to relieve themself under shelter.\n\nIf you’re walking your dog, look for scaffolding areas and potty your dog at the curb while still under that overhang. Large trees can also provide natural shelter from the worst of falling rain. If you have a covered patio area in your yard, a flower bed can serve as a potty area. You can also use a bit of sod in a planter or a plastic baby pool filled with dirt to create a temporary potty area.\n\nThe long-term goal is to help our dogs develop positive associations with going potty in the rain. But in the meantime, there’s nothing wrong with creating opportunities for them to be a bit more comfortable going outside.\n\n', 'Teach Potty on Cue': 'Many dog owners understandably get frustrated standing outside in the rain waiting and waiting and waiting for their dog to finally decide to relieve themself. This can be especially frustrating when your dog doesn’t want to be in the rain, yet won’t potty quickly. As humans, we understand if our dogs would just “go” they could go back inside, but we can’t explain that to our dog. What we can do, is to teach our dog to potty on cue.\n\nAKC is a participant in affiliate advertising programs designed to provide a means for sites to earn advertising fees by advertising and linking to akc.org. If you purchase a product through this article, we may receive a portion of the sale.\n\nStart this training during weather your dog is comfortable with. Once your dog has mastered going on cue, you can ask your dog to relieve themself during wet or cold weather. Just be sure to give your dog lots of praise. Plan to have some high-value rewards ready for when your dog relieves themself on cue when the weather isn’t ideal.\n\nAKC is a participant in affiliate advertising programs designed to provide a means for sites to earn advertising fees by advertising and linking to akc.org. If you purchase a product through this article, we may receive a portion of the sale.\n\n', 'We use cookies': '', 'Privacy Preference Center': ''}",[]
https://www.akc.org/expert-advice/training/socialize-small-dogs/,The Importance of Small Breed Puppy Socialization,"Apr 25, 2025","['socialization', 'small dogs', 'small breeds']","Sassafras Patterdale, CPDT-KA, CTDI","When you bring home a small breed puppy, it’s important to begin socializing them right away. Socialization is a key developmental period in every puppy’s life when they learn big lessons about the world around them. The first three months of life can influence a puppy’s perspective on the world for the rest of their life. Unfortunately, some small dogs miss out on socialization because people don’t realize it’s as necessary for small-breed puppies as it is for larger breeds.

Melissa McCue-McGrath, CPDT-KA, the former Co-Training Director of New England Dog Training Club in Boston, advises that while the term socialization gets used a lot by dog owners, it has a specific meaning when it comes to canine behavior. Socialization is a technical term that refers to working with dogs who are under 20 weeks of age. She notes that “anything after is a social experience which is also super important and valuable” for our young dogs, but these experiences won’t provide the same value as the lessons learned during this critical socialization window.

In many ways, there are no major differences between small-breed and large-breed dogs when thinking about how to socialize them to people, other dogs, and new environments. However, you may have to take additional steps to ensure a small-breed puppy’s safety during this period.

","{'Creating an Environment Safe for Small Puppies': 'While training small dogs, it’s important to remember that the whole world is much larger than they are. This can be overwhelming for our smallest dogs. When socializing a small breed puppy, consider that they’ll likely be the smallest dog in the room, even if other puppies of similar ages are present. As a result, small breed puppies are at a higher risk of feeling overwhelmed or scared, or getting trampled when puppies are playing.\n\nAKC is a participant in affiliate advertising programs designed to provide a means for sites to earn advertising fees by advertising and linking to akc.org. If you purchase a product through this article, we may receive a portion of the sale.\n\n“I always, always, always ensure that those little friends have safe spaces to duck into,”\xa0McCue-McGrath explains on making play safer. Some suggestions she has for creating that space include using play tunnels “a little bit away from the wall, so only the little pups can fit between the wall and the long tunnel, or some upside-down chairs that little pups can zip under.”\n\n“If I’m in an office or other home-like environment, I pull furniture out from the walls a couple inches, so little puppies can zip behind for safety if introducing to a bigger, established dog,” she adds. This setup allows small-breed puppies to have a way to immediately escape if they feel overwhelmed during play.\n\n', 'Introducing Small Puppies to Larger Breeds': 'Safety is particularly important when introducing small breed puppies to larger breed puppies. Because of the size difference, small breed puppies can be injured accidentally in play. While our first priority should be ensuring that small puppies don’t get physically overpowered, we need to also be sure that the small puppy isn’t bullying or cornering a large breed puppy. “Some of these little guys will just run circles around the big pups,” says McCue-McGrath.\n\nAKC is a participant in affiliate advertising programs designed to provide a means for sites to earn advertising fees by advertising and linking to akc.org. If you purchase a product through this article, we may receive a portion of the sale.\n\nJust because puppies are the same size doesn’t mean that they are a good match for playing together. Watch puppies’ body language  to make sure they’re all having a good time, and monitor play sessions closely to ensure that all puppies are having fun. To do this, McCue-McGrath suggests that dog owners “work on ‘come-when-called’ during these play sessions to reinforce [the idea that] coming to handlers and going back into play are equally as rewarding.” This allows your small breed puppy to become more comfortable interacting with other dogs, while also ensuring that they can take breaks and avoid getting overwhelmed.\n\n', 'Staying Safe in Crowds': 'Small-breed dogs can easily become overwhelmed or even accidentally be stepped on by people who don’t see them. This can be frightening to small dogs, or even lead to injuries. When looking to expose your puppy to busy public places, start at less busy times and work up to a time when the area is busier. During these socialization outings, try to walk on the outer perimeter of crowds to keep physical space between your puppy and the crowd to prevent them from getting accidentally stepped on.\n\nAKC is a participant in affiliate advertising programs designed to provide a means for sites to earn advertising fees by advertising and linking to akc.org. If you purchase a product through this article, we may receive a portion of the sale.\n\n', 'Let Your Puppy Take the Lead': '“When I’m socializing small breed puppies and larger breed puppies, I always think of two things. The first is how comfortable is the puppy in front of me with this experience, and the second is this being done with purpose that serves the puppy,” says McCue-McGrath. For her, that means looking at the puppy’s behavior and body language to “gauge their comfort level from moment to moment.”\n\nIf your puppy is showing no signs of stress or distress, you can keep exposing your puppy to an unfamiliar environment or situation. But if they start to shut down or show signs of stress, stop and back up to a place where your puppy feels confident or pivot to a different training plan for the day. Our puppy’s comfort should always come first when training.\n\n', 'What if Your Small Dog Is Struggling to Socialize?': 'Sometimes, smaller-breed dogs or puppies can exhibit signs of frustration or distress that can be dismissed as cute or funny behaviors, and not taken seriously in the same way that we might a larger puppy. However, just because a dog is small doesn’t mean their feelings are less valid. McCue-McGrath encourages dog owners to focus on early signs that their puppy is uncomfortable like “lip licking and aversion” and notes they can and should be taken as seriously as a growl or a snap.\n\nAKC is a participant in affiliate advertising programs designed to provide a means for sites to earn advertising fees by advertising and linking to akc.org. If you purchase a product through this article, we may receive a portion of the sale.\n\nA puppy that is feeling uncomfortable may also shy away or duck down during training or play sessions. If you witness your dog displaying these signs of discomfort, it may be time to take a step back and remove them from the stressful situation. When puppies are over threshold, we can get into a trigger stacking situation where puppies are not able to learn or have positive associations. We want our puppies to know that we will advocate for them and won’t put them into a situation where they don’t feel comfortable. “If the little pup believes you will step in and help them with the initial signs of distress, they will trust you and be much more confident [around] adult dogs,” says McCue-McGrath. If you are struggling with socialization or training your puppy, consider reaching out to an experienced dog trainer who utilizes positive reinforcement training approaches for support. A trainer may have puppy socialization/play groups scheduled that you can attend, or can help you develop a training plan specific to your puppy’s developmental and temperament needs.\n\nAKC is a participant in affiliate advertising programs designed to provide a means for sites to earn advertising fees by advertising and linking to akc.org. If you purchase a product through this article, we may receive a portion of the sale.\n\n', 'We use cookies': '', 'Privacy Preference Center': ''}",[]
https://www.akc.org/expert-advice/training/train-puppy-for-dog-sports/,How and When to Train Your Puppy for Dog Sports,"May 19, 2025","['dog sport training', 'puppy sports']","Sassafras Patterdale, CPDT-KA, CTDI","Have a puppy at home who you hope will grow up to be a canine athlete? While there are some aspects of sports training that need to wait until your puppy reaches physical maturity, there are lots of activities you can do to get them started on the right path.

If you have the goal of competing in dog sports, there are some specific foundation skills you’ll want to start teaching as soon as they come home. Follow these tips to help you to prepare your future canine athlete for success.

","{'Socialization and Handler Focus': ' Socialization refers to the critical educational window when dogs are learning important lessons about the world around them. The experiences puppies have at this age with other dogs, people, and new places can impact their attitude about these things in the future. Proper socialization is especially important for sport prospect puppies, as they’ll need to feel comfortable and confident around distractions.\n\nYou can start bringing your puppy to new environments once they are 7–8 weeks old. Practice safety until they have all their vaccinations by not taking them to places that are visited by numerous dogs, such as pet supply stores and dog parks. While out with your puppy, praise and reward them with treats or play for engaging with you while in these novel environments. This will help your puppy to focus on you in the future when you begin more advanced training and competition. It’s also important for your puppy to have positive experiences meeting other puppy-friendly dogs and their owners. A puppy training class can be a great place for them to socialize in this way.\n\nAKC is a participant in affiliate advertising programs designed to provide a means for sites to earn advertising fees by advertising and linking to akc.org. If you purchase a product through this article, we may receive a portion of the sale.\n\n', 'It’s Time to Play': 'No matter the age of the puppy you bring home, one of the best things you can begin doing is playing with your puppy. This might not sound like training, but the engagement and focus that puppies learn through play with their handler is important for the future, regardless of which sports you pursue.\n\n“By playing with my puppy, I learn what things she really loves, who she is, how she responds to the world,” says Frankie Joiris, a competition sport dog coach in agility, obedience, freestyle, and tricks. She’s also a theatrical animal trainer with over 40 years of professional experience.\n\nPuppies naturally know how to play, but they will need help understanding handler-directed play. Joiris explains that play is important, so that a puppy learns that being with a handler is fun. “Training is a conversation we share, and they are a partner in,” she adds.\n\n', 'Understanding Body Awareness': 'All dogs participating in sports can benefit from having an understanding of body awareness. You can start introducing puppies to these skills at a very young age.. Just be sure to keep all equipment low to the ground for safety and to prevent joint strain.\n\nAKC is a participant in affiliate advertising programs designed to provide a means for sites to earn advertising fees by advertising and linking to akc.org. If you purchase a product through this article, we may receive a portion of the sale.\n\nProvide your puppy with a wide variety of surfaces and textures to walk on. You can also incorporate safely unstable surfaces, such as a wobble board. Once your puppy is comfortable putting their feet on different surfaces, you can start to teach foot targeting on a variety of low platforms and surfaces. As your puppy gets older and more skilled, you can increase the difficulty of this skill.\n\n', 'Teaching Impulse Control': 'Lori Nichol, a professional dog trainer and Cardigan Welsh Corgi breeder, explains that her training priorities for performance prospect puppies are impulse control and strengthening their connection with their owner. “Those things are the foundation for everything else you will do, from performance sports to hiking and even basic recalls if your dog gets away from you,” she adds.\n\nAKC is a participant in affiliate advertising programs designed to provide a means for sites to earn advertising fees by advertising and linking to akc.org. If you purchase a product through this article, we may receive a portion of the sale.\n\nYou can teach your puppy emotional self-control through play. Plus, this training will benefit your relationship with your puppy. “Teaching puppies that they can control themselves rather than being constantly controlled is really important. Once a puppy has a sense of self-control, she feels empowered and able to focus and learn without being at the mercy of impulsiveness,” adds Joiris.\n\n', 'Building Resilience': 'It’s helpful to start building young puppies’ confidence and resilience as soon as they come home. “Sometimes things happen that are a little scary, and they are going to be OK. So, I teach youngsters things like to push a little toddler bowling ball and knock over the little pins. They learn to control things falling and get rewarded for it,” explains Joiris.\n\nYou can start teaching this skill with puppies at home before they’re fully vaccinated. Ensuring that your dog is comfortable around distractions, such as loud noises, can help set them up for success when they reach physical maturity and can begin learning more physically demanding skills.\n\nAKC is a participant in affiliate advertising programs designed to provide a means for sites to earn advertising fees by advertising and linking to akc.org. If you purchase a product through this article, we may receive a portion of the sale.\n\n', 'Save Some Training for Later': 'Although there are many skills you can work on with young puppies, there are some things that will need to wait. You may want to consider avoiding physically demanding skills, such as jumping and weaving, which could stress a young puppy’s joints. You can talk with your breeder and your dog’s veterinarian to learn what age your puppy will reach physical maturity and determine what they can handle in terms of training.\n\nWith growing puppies, you’ll also want to limit the length of walks your puppy goes on. While dog walks are a great way to exercise your puppy, they can also put unnecessary pressure on growing joints. “A 9-month-old puppy is going to be able to walk longer than a 4-month-old puppy, but I still don’t like to push them too hard so that we’re not putting extra pressure on growing bodies,” says Nichols.\n\nInstead of structured walks, Nichol encourages puppies to move their bodies during play, while avoiding any kind of serious or strenuous training.\n\n', 'Working with Other Trainers': 'Even if you’ve been training dogs for decades, or have put dozens of titles on your older dogs, remember that this new puppy is an individual and puppy kindergarten or S.T.A.R Puppy class can be especially beneficial.\n\nEven if you know how to teach your puppy the basics of obedience, taking a class together is a great way to bond with your new puppy and help them get comfortable around distractions. When choosing a puppy class, be sure to look for a dog trainer who utilizes positive reinforcement approaches.\n\nAKC is a participant in affiliate advertising programs designed to provide a means for sites to earn advertising fees by advertising and linking to akc.org. If you purchase a product through this article, we may receive a portion of the sale.\n\n', 'Let Puppies Be Puppies': 'It sounds simple, but when you bring home a sports prospect puppy, one of the most important things you can do is let your puppy just be a puppy. You and your puppy will have all the time for advanced training and competition, but you can’t ever get these early days back.\n\nAKC is a participant in affiliate advertising programs designed to provide a means for sites to earn advertising fees by advertising and linking to akc.org. If you purchase a product through this article, we may receive a portion of the sale.\n\n“People get really excited when they have a new sport prospect, and they sometimes start wanting to push the puppy farther than the puppy is ready for,” Nichol cautions. “People just get really excited about the potential they see in the puppy, and they forget that, at least for the first year to year and a half, they need to take it easy and let the puppy set the pace.”\n\nIt’s understandable to get excited about all the things you want to do with your puppy, but don’t burn them out on training or sports. Puppies are only little for a short period of time, we have the rest of their lives to teach everything else. Each breed is going to mature at a different rate, but in general, don’t be afraid to wait until your puppy’s first birthday to start more advanced training.\n\n', 'We use cookies': '', 'Privacy Preference Center': ''}",[]
https://www.akc.org/expert-advice/training/train-puppy-through-fear-periods/,How to Train Your Puppy Through Fear Periods,"Oct 29, 2025","['fear periods', 'training', 'puppies']","Sassafras Patterdale, CPDT-KA, CTDI","Is your confident puppy suddenly afraid of things? Fear periods are a natural part of canine development during puppyhood, but they can be stressful for dogs and people.

While your puppy is experiencing a fear period it’s important to have a thoughtful training plan to support them. Here are tips for structuring your puppy’s training during a fear period.

","{'What Are Fear Periods?': 'Fear periods are a naturally occurring part of development for puppies when they’re more sensitive to the world around them. Puppies typically go through two fear periods. The first fear period is between 8–11 weeks, and the second generally when dogs are between 6 and 14 months of age.\n\nFear periods are especially important to be aware of when it comes to training your puppy, because not only are puppies more cautious during this period of their life, but they are also more impressionable. Puppies and adolescent dogs who have negative experiences during a fear period may not bounce back as quickly. A negative experience during a fear period, can have life-long consequences for a dog’s temperament and behavior. For this reason, it’s important to approach training during these fear periods intentionally and carefully.\n\nAKC is a participant in affiliate advertising programs designed to provide a means for sites to earn advertising fees by advertising and linking to akc.org. If you purchase a product through this article, we may receive a portion of the sale.\n\n', 'Readjusting Training Expectations': 'When puppies go through fear periods, they’re not likely to respond to stimuli, the environment, and training situations in the same way as they have before. Specifically, they are likely to be more cautious and sensitive. Something that didn’t bother your puppy last week, might be frightening when they enter a fear period.\n\nJust as you want to be particularly thoughtful about your training plans during a puppy’s critical socialization period, the same is true for puppies going through fear periods. It’s ok for your puppy to be afraid, it doesn’t mean they will always be fearful or that you have done anything wrong as an owner. The best thing you can do to help your fearful puppy is to keep your training sessions short and fun. You’re going to want to lower your training criteria so that they can be successful. Also, try not to panic yourself. It can be destabilizing to see your puppy acting differently than you’re used to, but by staying calm you can help your puppy work through their fear.\n\n', 'Lower the Criteria for Success': 'We want to always keep our training sessions fun, fluid, and dynamic, adjusting to how our dog is feeling on any given day. One week your puppy might have been confidently getting on a wobble board, but by the next, they could be terrified to put even a foot on it. Instead of trying to force your puppy on the wobble board, shift your criteria for success. Reward your puppy for stepping toward the wobble board but not getting on, or reward your puppy for doing a simple cued skill like a sit or down near but not on the wobble board, praise, treat, and end your training session there on a positive note.\n\nAKC is a participant in affiliate advertising programs designed to provide a means for sites to earn advertising fees by advertising and linking to akc.org. If you purchase a product through this article, we may receive a portion of the sale.\n\nLowering the training criteria and ending the session with your dog being successful is more beneficial than attempting to push your puppy through their fear to achieve the higher level of success you might be used to.\n\n', 'Help Your Puppy Gain Confidence': 'While it can be tempting for some dog owners to keep pushing their puppy to work through the fear, this generally doesn’t lead to success. If you are afraid of spiders, someone telling you that they can’t hurt you likely won’t make you feel better about letting a bunch of spiders crawl onto you. In the same way, we might know that something isn’t dangerous. But if our puppy is suddenly afraid of it, we need to honor their fear and not try to force them to engage.\n\nWatching your confident and outgoing puppy go through a fear period can be stressful and overwhelming. Some owners worry that not pushing them to work past the fear can feel like coddling or giving into fear. In reality, we are being developmentally appropriate for our puppies. Lowering the criteria helps puppies build confidence when they are having an emotional regression. Letting your puppy have an “easier” success and ending a training session during a fear period will go further than continuing to train and trying to push or force your puppy to work through fear.\n\nAKC is a participant in affiliate advertising programs designed to provide a means for sites to earn advertising fees by advertising and linking to akc.org. If you purchase a product through this article, we may receive a portion of the sale.\n\n', 'Selecting Appropriate Training Locations': 'We always want to be thoughtful about where we take our puppies to train. This is especially true if your puppy is going through a fear period. Puppy training classes are great at this age, if you can find one run by trainers who understand puppy development and how to support a puppy and owner through a fear period. Before enrolling in a class, be sure to ask about their training methods, such as if they use positive reinforcement techniques, and how they handle interactions between puppies.\n\nAKC is a participant in affiliate advertising programs designed to provide a means for sites to earn advertising fees by advertising and linking to akc.org. If you purchase a product through this article, we may receive a portion of the sale.\n\nThe training experiences and what we expose our puppies to at this age can have life-long impacts. When your puppy or adolescent dog is going through a fear period, avoid over-stimulating and busy training outings. A crowded pet supply store can be a great location to practice training around distractions and proof obedience skills. However, that busy store might be too much for a puppy, especially a puppy in a fear period.\n\nEven if your puppy has been calm, focused, and confident in a variety of settings in the past, they are going to be more environmentally sensitive when going through a fear period. Sometimes the locations where we want to take our dogs aren’t the best match for their emotional state. If you get somewhere, and it is busier than you anticipated, or if your puppy seems nervous or stressed, there is nothing wrong with heading home or taking your training session elsewhere.\n\nAKC is a participant in affiliate advertising programs designed to provide a means for sites to earn advertising fees by advertising and linking to akc.org. If you purchase a product through this article, we may receive a portion of the sale.\n\n', 'Finding the Right Balance With Rewards': 'Utilizing positive reinforcement training techniques is the most effective way to teach new skills to our puppies. This is going to look like using lots of treats and praise to reward our puppies as they learn new skills. However, we want to be careful not to use treats to accidentally push our fearful puppies into situations they cannot handle.\n\nIt’s a careful balance of pairing treats with things our puppies are worried about to help desensitize and create positive associations without pushing them into situations they aren’t emotionally prepared for. Using treats to lure puppies into getting closer to something they are afraid of can lead to them to feeling overwhelmed and trigger stacked being so close to the source of their fear. The result will likely be a bigger fear response. Instead, we want to use rewards when puppies are being curious about a stressor or being calm at a distance from something they’re worried about.\n\n', 'When to Look for Support': 'Fear periods can appear suddenly, cause a quick change in a puppy’s behavior for a short amount of time (generally no more than two weeks). While some amount of fear is normal for a dog, if your puppy continues to be fearful of new situations, this may be a fear or anxiety issue that extends beyond a developmentally normal fear period.\n\nAKC is a participant in affiliate advertising programs designed to provide a means for sites to earn advertising fees by advertising and linking to akc.org. If you purchase a product through this article, we may receive a portion of the sale.\n\nWorking with an experienced professional dog trainer specializing in fear issues can be beneficial. You’ll also want to make an appointment with your dog’s veterinarian to rule out any underlying health conditions. Getting professional support early can help give you and your puppy or dog the support necessary to help your puppy gain confidence and be less fearful.\n\n', 'We use cookies': '', 'Privacy Preference Center': ''}",[]
https://www.akc.org/expert-advice/training/why-dogs-bark-when-youre-on-the-phone/,Why Do Dogs Bark When You’re on the Phone and What To Do About It,"Oct 10, 2025","['barking', 'phone', 'phone call']","Stephanie Gibeault, MSc, CPDT","The last thing you want during a phone call is to have the conversation drowned out by your dog barking at you, especially if it’s a work call. It’s equally frustrating if your dog whines or paws at you. But dogs don’t understand you’re talking to somebody else at the end of the line. They simply want you to pay attention to them instead of that handheld device.

So is there anything you can do to ensure peaceful phone chats? Absolutely! With some prevention and training, your dog can learn to chill while you’re on the phone.

","{'Why Dogs Bark When You’re on the Phone': 'Dogs are clever creatures. But when you hold a phone to your ear or stare at the screen, your dog doesn’t know you’re engaging with another person. They only know that you aren’t engaging with them, and for most dogs, that’s disappointing. They want to be the center of your world. On top of that, although dogs may understand the meaning of words, your dog hears you speaking, but none of the words are directed at them. That’s frustrating. So dogs bark, whine, and paw to bring your attention back to where they think it belongs: centered on them.\n\nTo make matters worse, many people inadvertently teach their dog to disrupt their phone calls. In a desperate effort to get some peace and quiet, owners may give their dog any treat they can think of to stop the barking, whining, and pawing. That might mean tossing a toy, playing fetch, or patting the dog. Because dogs repeat behaviors that get them what they want, this action from the owner simply reinforces the unwanted behavior. Even negative responses are reinforcing to some dogs. Hearing you yell, “Be quiet!” is better than getting no attention at all.\n\n', 'Never Reinforce Your Dog’s Barking, Whining, and Pawing': 'Never reward your dog for behavior you don’t want to see repeated. Whether they’re pawing at you or barking, your dog shouldn’t get what they want unless they behave appropriately. So if your dog does whine or act up when the phone rings, resist the urge to give in just to get some quiet. You’ll only strengthen the unwanted behavior in the future.\n\nAKC is a participant in affiliate advertising programs designed to provide a means for sites to earn advertising fees by advertising and linking to akc.org. If you purchase a product through this article, we may receive a portion of the sale.\n\nInstead, you can move to another room or place your dog outside while you complete your call. However, that isn’t a long-term solution, and it isn’t fair to your dog. It’s your responsibility to teach your dog that waiting patiently while you chat is to their advantage. Rather than bothering you, if they relax or play on their own, good things will come their way.\n\n', 'Teach Your Dog an Alternative Behavior': 'Teach your dog that performing a behavior other than pawing, barking, or whining while you’re on the phone will result in rewards. Choose something solitary that won’t disturb you like playing with a puzzle toy, searching for food in a snuffle mat, or resting in their dog bed. Consider behaviors that are incompatible with the behavior you’re trying to stop. For example, if your dog is in their crate, they can’t reach your leg to paw at you. Or if your dog is chewing a chew toy, they can’t bark at the same time.\n\nAKC is a participant in affiliate advertising programs designed to provide a means for sites to earn advertising fees by advertising and linking to akc.org. If you purchase a product through this article, we may receive a portion of the sale.\n\nIn the beginning, reward your dog periodically during your call. Simply offer some quiet praise and drop a treat at their feet. It might be every few seconds in the beginning, but you can gradually build the time between rewards until you’re only rewarding your dog at the end of your call. By rewarding these incompatible behaviors, you’re not only preventing the problem behavior but teaching your dog to voluntarily perform the new actions for a chance to earn rewards.\n\n', 'Be Proactive to Prevent Barking': 'It’s also helpful to think proactively about your phone calls. If you know you have an important work call, walk your dog about an hour before, so they’re tired and ready to rest while you talk. Exercise and play sessions are great ways to help your dog relax. Feed your dog before the call if it’s near their mealtime and make sure they have had a potty break before you start. These tips also work well for preventing barking during video meetings.\n\nAKC is a participant in affiliate advertising programs designed to provide a means for sites to earn advertising fees by advertising and linking to akc.org. If you purchase a product through this article, we may receive a portion of the sale.\n\nOf course, you don’t always know when your phone will ring. That means you need to be prepared at all times with ways to keep your dog occupied. That might mean keeping a store of bully sticks in your office or a stash of frozen food-stuffed chew toys in your freezer. If you’re ready with activities your dog can do alone, you can help prevent interruptions while you talk.\n\nIt’s also helpful to train your dog to go to their place on cue. That could be a mat, dog bed, or crate—anywhere your dog can chill out and wait for your call to be over. A quiet cue is another valuable tool to teach your dog. If your dog understands how to stop barking when asked, you can nip disruptions in the bud.\n\n', 'How to Stop Your Dog’s Barking, Whining, or Pawing Habit': 'If your dog’s bad phone habits are already well established, you will need to teach them a new way of reacting to the phone. You want them to learn that staying quiet pays off. Start small and slowly build up to real-life phone calls. The following steps will help teach your dog a new way of responding to the phone:\n\nAKC is a participant in affiliate advertising programs designed to provide a means for sites to earn advertising fees by advertising and linking to akc.org. If you purchase a product through this article, we may receive a portion of the sale.\n\nDo two or three short training sessions a day and try to work with your dog when they are already calm and quiet. As you increase the length of time you talk and focus on the phone instead of your dog, they will learn to wait patiently for the treat they know is coming afterwards. Soon, you’ll be able to make phone calls without interruption from your dog.\n\n', 'We use cookies': '', 'Privacy Preference Center': ''}",[]
https://www.akc.org/expert-advice/training/advocate-for-dog/,How to Be Your Dog’s Best Advocate,"Feb 11, 2025","['anxiety', 'body language', 'advocacy']","Stephanie Gibeault, MSc, CPDT","We’ve all seen it—a dog pushed past their limit. It might be the owner who thinks their dog is at ease around other dogs when they’re really scared. Or it could be the overly friendly person on the sidewalk who ignores an owner’s request to leave their dog alone. Whatever the circumstances, the dog is forced to endure a situation they shouldn’t have to, and the consequences can be catastrophic. For our dogs’ wellbeing and everybody’s safety, the dogs’ comfort should come first. The best way to do that is to become your dog’s advocate.

","{'Why You Need to Advocate for Your Dog': 'When a dog is pushed past what they can tolerate, known in training circles as “over threshold,” they are no longer able to think about their actions. Instead, they may react emotionally. So that amazing sit and stay you had in the kitchen goes out the window when your dog is near their stressors. Perhaps they bark and lunge at other dogs instead of listening to you or simply ignore you to sniff the ground as a displacement behavior when children are around. It’s up to you to understand that isn’t disobedience. It’s a sign your dog is overwhelmed.\n\nBeing forced to stay in an uncomfortable situation can traumatize a dog and further sensitize them to that trigger in the future. Putting your dog in a stressful environment is also unsafe. Dogs over threshold may feel the need to protect themselves, and they might do that by biting. So not only are you upsetting your dog and setting back their training, but you’re putting your dog and others at risk as well.\n\nAKC is a participant in affiliate advertising programs designed to provide a means for sites to earn advertising fees by advertising and linking to akc.org. If you purchase a product through this article, we may receive a portion of the sale.\n\n', 'Don’t Be Afraid to Speak Up': 'My friend’s dog “Wesley” recently bit another dog during training class. Wesley had just completed a stay exercise that forced him to be close to another dog, something that stresses him out. When Wesley returned to his station, he passed right by the other dog and bit her in the snout. Thankfully, the other dog wasn’t injured and didn’t bite back, and her owner understood. However, my friend felt mortified and guilty. She knew Wesley was anxious around other dogs, and he had an eye infection on top of it all, yet she felt uncomfortable telling the trainer she would sit the exercise out.\n\nIt’s hard to speak up, especially when you feel your dog isn’t perfect. My friend apologized to the other owner and to the trainer running the class, but she couldn’t take back the bite. Ideally, the trainer should have realized that exercise was too much for Wesley, but running a group training class means monitoring all the dog and human students. It’s a lot to manage. Ultimately, as a dog owner, you are the one who needs to be on top of your dog’s emotional wellbeing.\n\nThat’s a lesson my friend learned the hard way. So did I. My mixed-breed dog is quite anxious around strangers and other dogs. In the beginning, I had a hard time telling others to back away and leave him alone. I was afraid I might offend them and felt embarrassed since my dog wasn’t friendly and outgoing. I also trusted that people would see he was scared. But many people are oblivious to dog body language and their own dogs’ rude behavior. It was Chi Chi who suffered for my lack of assertiveness. Finally, I started telling people, “He’s not friendly.” because it was the most likely phrase to guarantee him some space.\n\n', 'Read Your Dog’s Body Language and Act Accordingly': 'Whether your dog is just having a bad day or is always scared by certain triggers, you need to learn to read your dog’s body language. This will allow you to anticipate situations that will cause them distress. Look for signs such as pinned back ears, a tucked tail, hunched posture, yawning, displacement behaviors like sniffing the ground, and so on that tell you your dog is uncomfortable. Then, do what you can to ease their nerves.\n\nAKC is a participant in affiliate advertising programs designed to provide a means for sites to earn advertising fees by advertising and linking to akc.org. If you purchase a product through this article, we may receive a portion of the sale.\n\nThat might mean walking away in the other direction or crossing the street to escape from strangers on the sidewalk. It might mean taking your dog out of the environment entirely. But it might also mean speaking up and telling others to keep their distance. Not everybody has to say hello to your dog. And remember, you don’t owe people an explanation. A simple “my dog isn’t friendly” or “we’re in training” should be enough.\n\nPut your dog’s welfare above your own embarrassment. Remember that your dog is counting on you to keep them safe, so don’t worry if your neighbor finds you rude because you won’t let their grandkids pat your dog. Focus on your dog’s gratitude and relief instead.\n\nAKC is a participant in affiliate advertising programs designed to provide a means for sites to earn advertising fees by advertising and linking to akc.org. If you purchase a product through this article, we may receive a portion of the sale.\n\n', 'Accept Your Dog for Who They Truly Are': 'The hardest part of becoming my dog’s advocate was accepting him for who he truly is. He isn’t a social butterfly and never will be, but I worried about other people’s judgement. Dogs are supposed to be friendly, after all. But that’s not true for all dogs and certainly not for mine. Once I realized what he needed to be happy, it became easier to speak up and keep others away. Chi Chi became my focus, and the potential opinions of my neighbors became inconsequential.\n\nAKC is a participant in affiliate advertising programs designed to provide a means for sites to earn advertising fees by advertising and linking to akc.org. If you purchase a product through this article, we may receive a portion of the sale.\n\nOf course, at the same time as being my dog’s advocate, I worked very hard to help him feel comfortable in the world. We took reactive dog classes and used desensitization and counterconditioning techniques. It’s not enough to avoid triggers, you need to help your dog accept them too. If your dog is having more than just an overwhelming day, work with a behaviorist or experienced professional dog trainer to help your dog overcome their fears. That’s one of the most important pieces of advocacy you can do. Then day to day, watch your dog and be their protector. Your dog will be happier and safer thanks to your support.\n\n', 'We use cookies': '', 'Privacy Preference Center': ''}",[]
https://www.akc.org/expert-advice/training/teach-dog-chin-rest/,Chin Rests: Practical Uses and Teaching Your Dog,"Feb 06, 2025","['obedience', 'marking', 'grooming', 'chin rest']","Stephanie Gibeault, MSc, CPDT","No doubt you put time and effort into training your dog to do obedience behaviors and maybe even some tricks. But have you thought about training your dog to accept handling? These are the types of behaviors that help you examine and groom your dog.

The chin rest is a perfect example. It’s easy to train and can be used at home, at the veterinarian or grooming salon, and even out in the world whenever you need your dog to stay still or calm down. Read on to learn more about why you should teach your dog a chin rest and step-by-step instructions for doing it.

","{'What Is a Chin Rest?': 'A chin rest is when your dog rests their chin in the palm of your hand and holds it there until you release them. It doesn’t matter if they’re standing, sitting, or lying down as long as they place their snout in your hand. This is a great way of asking your dog to stay still which can be helpful at the vet or groomers, for example. It also makes an adorable trick. You can even transfer the chin rest to an object, such as the arm of a sofa or a towel on the arm of a wheelchair. This can be useful for therapy dogs as they position themselves for petting.\n\n', 'What Are the Benefits of Teaching Your Dog a Chin Rest?': 'When your dog gives you a chin rest, they hold themselves stationary. It’s a voluntary position. If you ask your dog for a chin rest, and they perform the behavior, it shows they’re willing to participate which is far less stressful than if you have to restrain them. By pairing the position with rewards, you’ll positively reinforce the chin rest. After enough repetitions, your dog will look forward to the behavior and do it readily.\n\nAKC is a participant in affiliate advertising programs designed to provide a means for sites to earn advertising fees by advertising and linking to akc.org. If you purchase a product through this article, we may receive a portion of the sale.\n\nConsider if your dog develops an eye infection and is prescribed eye drops. If your dog gives you a chin rest, it’s far easier to administer the drops than if you have to pin your dog down. Forcing the drops will only make it harder to give them next time around. The same would be true for an ear exam at the vet’s office or grooming around your dog’s face. Getting your dog’s cooperation with a chin rest saves everybody stress and frustration. But most of all, it’s easiest on your dog.\n\nA chin rest can also help to calm your dog. It can be a way to give your dog a break when they find an environment overstimulating. It can also be a useful skill for reactive dogs or fearful dogs. Simply ask for the chin rest and wait until your dog has relaxed. By lowering your dog’s arousal levels, you’ll help them think more clearly. Plus, as you don’t need anything other than your hand, you can do it anytime and anywhere.\n\n', 'How Do You Teach Your Dog to Do a Chin Rest?': 'You can use the technique of shaping to train a chin rest in baby steps. Start with something as simple as letting your dog sniff your hand or moving their snout towards your palm. Mark the behavior with a clicker or marker word like “yes,” then reward the behavior. Continue until your dog is doing it reliably. Then, slowly increase the criteria until you’re only rewarding closer and closer approximations to the final behavior.\n\nAKC is a participant in affiliate advertising programs designed to provide a means for sites to earn advertising fees by advertising and linking to akc.org. If you purchase a product through this article, we may receive a portion of the sale.\n\nAnother option is luring, which is likely a faster and easier way to teach most dogs this skill. First, ensure your dog is comfortable taking food directly from your hand, as this may cause some dogs to get nippy or anxious. If this is true for your dog, first work on desensitizing your dog to having your hands near their face. But once your dog is happy to come near your hand, follow these simple steps:\n\nHold your palm flat and facing upwards in front of your dog. Hold a treat in your other hand above and just behind your palm. Let your dog come to you to get the treat. They should be placing their chin over your palm, but they don’t have to touch it yet. Mark and reward your dog as soon as their chin is over your palm.\n\nOnce your dog is comfortably coming for the treats, you can lure them to the palm of your hand. Position your hands as before, but now, as your dog brings their nose towards the treat, lower the treat until their chin is in your hand. Then, mark and let them eat the treat as their chin rests on your palm.\n\nAKC is a participant in affiliate advertising programs designed to provide a means for sites to earn advertising fees by advertising and linking to akc.org. If you purchase a product through this article, we may receive a portion of the sale.\n\nNext, you need to fade the lure. As before, hold your fingers behind your open palm, but now they should be empty. When your dog pushes their chin into your palm, mark the behavior, then grab a treat from your pocket or a treat pouch. If possible, try to provide the treat while your dog’s chin is still in your palm to further reinforce that position. If your dog will only perform the behavior if you have a treat in your hand, try rubbing your fingers with a smelly treat, so they smell like food even though there’s nothing there. If your dog refuses to move away from your hand because that’s where the good stuff is, reset them by tossing a treat on the floor a few feet away.\n\nHold out your palm without any finger lure at all and see if your dog places their chin in your hand. If you’ve reinforced the position enough, they should no longer need the lure. Your turned-up palm should have become the hand signal for the behavior. If not, do a few more repetitions with an empty lure before trying again. Only add a verbal cue like “chin” after your dog is responding reliably without the lure. Simply say the word right before you hold out your palm so your dog links the two signals.\n\nOnce your dog will reliably and enthusiastically place their chin in your hand, begin to add duration by delaying your marker and reward. You can also begin to add your release cue when the behavior is finished. Don’t ask for more than a second or two at first, and as you build duration, go slowly and intersperse shorter intervals with longer ones, so you aren’t pushing your dog too far, too fast.\n\nAKC is a participant in affiliate advertising programs designed to provide a means for sites to earn advertising fees by advertising and linking to akc.org. If you purchase a product through this article, we may receive a portion of the sale.\n\nWhen your dog will hold their chin in your hand for a reasonable amount of time, go back to asking for only a second of duration but begin to add the kinds of distractions you expect your dog might face. For example, move your other hand around your dog’s head, use your other hand to gently lift your dog’s ears, or hold a bottle of eye drops above their eyes. Mark and reward your dog for staying still despite these distractions.\n\nAKC is a participant in affiliate advertising programs designed to provide a means for sites to earn advertising fees by advertising and linking to akc.org. If you purchase a product through this article, we may receive a portion of the sale.\n\nWhen your dog can calmly handle distractions, combine the distractions with slowly increasing duration until they can hold the chin rest as long as needed no matter what the situation.\n\n', 'We use cookies': '', 'Privacy Preference Center': ''}",[]
https://www.akc.org/expert-advice/training/training-tips-small-dogs/,Training Tips for Small Dog Breeds,"Jan 27, 2025","['small dogs', 'small breeds']","Sassafras Patterdale, CPDT-KA, CTDI","While a small dog is as much of a dog as any of the larger breeds, smaller breeds tend to get less training time than bigger dogs. As a dog trainer, I’ve had small dogs as frequently as I’ve had larger breeds, yet after recently bringing home a small breed puppy, I was reminded how many people are surprised that my small dogs get as much socialization and training as my large breeds do. This is because there is an assumption that smaller dogs need less training. But dogs who don’t get training are more likely to have behavioral issues, which can make dogs less pleasant to live with and more challenging to bring places.

","{'Small Dogs Are Very Trainable': 'Some small dogs are given fewer opportunities to train because dog owners may think they require less training. Similarly, some small dog owners fall into a pattern of picking their small dogs up instead of addressing the dog’s underlying feelings about the difficult behaviors. Mallory Kratimenos, a Victoria Stilwell Academy Certified Dog Trainer (VSA-CDT Online), International Association of Animal Behavior Consultants Accredited Dog Trainer (IAABC-ADT), and Certified Trick Dog Instructor (CTDI), specializes specifically in training small dogs. “At the end of the day, small dogs are dogs. They are not a separate species; the “small” is only descriptive of their size,” she says.\n\nUnfortunately, small dogs aren’t always treated like dogs, meaning they don’t get the enrichment and training that they need, which can result in behavioral issues. Dogs of all sizes benefit from training because it allows owners to create a shared language between themselves and their dogs. Training also helps dogs understand the rules and boundaries of our homes and world. Regardless of their size, when dogs are trained, they’re more comfortable and secure navigating the world, which in turn makes them easier to live with. The amount of training and enrichment that small dogs need often comes as a surprise for dog owners. “While small dogs tend to do better in smaller spaces like apartments, they still require mental and physical exercise, as well as outlets for normal, dog-specific behaviors that we tend to label as problematic, such as jumping, digging, foraging, and so on,” Kratimenos explains. When dogs are provided appropriate outlets, many nuisance behaviors rooted in boredom naturally stop occurring.\n\nAKC is a participant in affiliate advertising programs designed to provide a means for sites to earn advertising fees by advertising and linking to akc.org. If you purchase a product through this article, we may receive a portion of the sale.\n\n', 'Socialization Is Key': 'Like with any dog, early socialization is key for helping small dogs learn about the big world around them and how to appropriately navigate it. Small dogs sometimes have a reputation as being yappy or reactive to other dogs and people. But this isn’t an intrinsic trait of small breed dogs, who can and should be just as socialized and friendly as larger dogs. Socialize small breed puppies the same way that you would any other dog by providing thoughtful and intentional interactions with new places, people, and other animals.\n\nFor small dogs who didn’t get appropriate socialization as puppies, it’s possible to still help them to become better adjusted to their surroundings, even as adults. In these situations, Kratimenos encourages dog owners to focus on working with their dogs to interact with the world calmly. One can do this by pairing triggers “with rewards to form positive associations,” she explains. Doing this can help to desensitize your dog to new situations and prevent or minimize unwanted behaviors like barking or lunging.\n\n', 'Safety Considerations': 'When training small dogs, safety is the top priority. Because of their size, it’s easy for small dogs to get accidentally injured by interacting with larger dogs. When socializing a small breed puppy, always consider the size and level of training of the other dogs. To reduce the likelihood of accidental injury, it’s safest for small dogs to interact with dogs of similar size. If you allow your small breed puppy to engage with a larger dog, supervise closely, and make sure that you pick a large dog that is well-trained and behaves gently with small dogs.\n\nAKC is a participant in affiliate advertising programs designed to provide a means for sites to earn advertising fees by advertising and linking to akc.org. If you purchase a product through this article, we may receive a portion of the sale.\n\nIf you’re signing your small breed puppy up for a training classes that involve play and interaction, ask the instructor in advance about their plan for appropriately sized interactions for dogs in class.\n\n', 'Socialization Doesn’t Have to Look Like Greeting': 'Having a well-socialized dog doesn’t mean they should greet every dog they see. Instead of having your small puppy interact with larger dogs, practice training at a safe distance and help your puppy learn to focus on you and ignore the distraction of the larger dog being nearby. This reduces the risk of your small dog accidentally being injured by a larger dog while greeting or playing. The goal is to desensitize your small dog to the presence of larger dogs, so they can focus on you around this distraction. This will help your small dog not to be reactive or intimidated by large dogs and help them successfully navigate a big world.\n\nAKC is a participant in affiliate advertising programs designed to provide a means for sites to earn advertising fees by advertising and linking to akc.org. If you purchase a product through this article, we may receive a portion of the sale.\n\n', 'Should You Pick Up Your Small Dog?': 'The decision to pick up your small dog while out training is a personal one. There are pros and cons of picking your dog up. While picking your small dog up can help keep them safe from an approaching large dog, it can also make them appear like a toy which could increase the likelihood of you and/or your dog getting bitten. However, picking your small dog up is one way to protect them from a large unruly dog who is approaching.\n\nIn crowded situations or when near dogs seem poorly managed, you may choose to pick up your dog. If you think there will be times when you want to pick up your small dog, put being lifted on cue. This will ensure that your dog isn’t surprised and startled when you pick them up. Plus, it will help make being held a positive experience for your small dog.\n\n', 'Avoid Minimizing Your Small Dog’s Feelings': 'Small dogs often get misinterpreted as trying to act big or not knowing their size. Kratimenos explains that small dogs often do feel intimidated because of their size. “Many people will say that small dogs think they are bigger than they actually are, but I think the converse is true. Small dogs are aware of their size and are more likely to behave in big ways when they feel threatened.”\n\nAKC is a participant in affiliate advertising programs designed to provide a means for sites to earn advertising fees by advertising and linking to akc.org. If you purchase a product through this article, we may receive a portion of the sale.\n\nAs owners of small dogs, the goal of training is to increase how confident and comfortable our little dogs feel. By doing so, we give them the tools to navigate the world more comfortably. This helps our small dogs to not feel as though they need to respond in big ways when they get overwhelmed. It also helps them be more relaxed and better companions at home and in public.\n\n', 'Working With Small Dogs': 'Because small breed dogs can easily be physically manipulated, it can be tempting for their owners to just pick their dog up and remove them from the environment. “The power of choice also tends to get overlooked with dogs of all sizes, but given that small dogs are easier to scoop up, I think it is even more vital,” says Kratimenos.\n\nInstead of addressing the underlying triggers of the problematic behaviors and teaching their dogs to better respond to those stimuli, picking small dogs up can make them feel more stressed and less secure. Picking your dog up doesn’t decrease the likelihood that your dog will repeat the unwanted behavior in the future because it doesn’t address any of your dog’s underlying feelings. Instead, when it’s safe and possible to do so, we want to give our dogs the option of if they want to be picked up. Kratimenos advises that dog owners “can proactively put being picked up on cue and reward them after being picked up to help them feel good about that action.” By pairing being picked up with praise and treats, we build positive associations with being held for our small dogs.\n\nAKC is a participant in affiliate advertising programs designed to provide a means for sites to earn advertising fees by advertising and linking to akc.org. If you purchase a product through this article, we may receive a portion of the sale.\n\n\xa0\n\n\n\nWhile the training that small dogs need is no different from large dogs, how we train can look different. For example, I recommend people be more aware of how their special body pressure is impacting their dog. Most dogs find people leaning over them uncomfortable, but this is significantly more pronounced with smaller dogs. Kratimenos advises that dog owners either sit on the floor or elevate their dog on a couch or raised platform when training. When training skills like loose leash walking and heeling, where a dog needs to be on the ground, you can put a dog-friendly spreadable treat like peanut butter onto a spatula or long kitchen spoon, which can easily be lowered to reach the dog. This allows dog owners to reward their dogs without having to bend down to their level while walking. Kratimenos also recommends teaching “small dogs to put their front paws on my leg for hand-to-mouth reward delivery, so that I don’t have to bend as far down.” This can help to make training more comfortable for both small dogs and people.\n\nAKC is a participant in affiliate advertising programs designed to provide a means for sites to earn advertising fees by advertising and linking to akc.org. If you purchase a product through this article, we may receive a portion of the sale.\n\n', 'Offering Small Dogs More Choices': 'Kratimenos encourages dog owners to offer small dogs the choice of being picked up whenever it’s safe to do so. To do this, she suggests reading your dog’s body language and respecting when they show signs of discomfort around being picked up or handled. This includes avoiding handling the dog when they display those signs of discomfort, so long as it can be done safely. “Our dogs subtly communicate so much to us that can be so easy to miss if you’re not sure what you’re looking for,” Kratimenos explains.\n\nKratimenos also encourages dog owners to avoid overwhelming their dogs and instead allow them to take space from situations that are causing them stress. Adding distance from stressors helps dogs to regroup, and feel more secure and empowered. By increasing their confidence and comfort, we can prevent behaviors like barking and lunging from escalating to snapping and biting. At the end of the day, small dogs are still dogs. They benefit from the same training and enrichment as larger dogs.\n\n', 'We use cookies': '', 'Privacy Preference Center': ''}",[]
https://www.akc.org/expert-advice/training/urban-dog-skills/,Urban Dog Skills: Training Tips for City Dogs,"Jan 21, 2025","['canine good citizen', 'city', 'urban']","Sassafras Patterdale, CPDT-KA, CTDI","Being in a city environment isn’t always easy for dogs. Cities are crowded and busy with distractions around every turn. Regardless of if you live in a large city or just plan to visit one, there are training skills that are helpful to work on with your dog in advance. With a little practice, you and your dog will be ready to face the challenges that life in a big city brings.

","{'Handling Skills': 'When walking in the city, keep your dog on a short 6-foot training leash. In busy areas, like on crowded sidewalks or walking paths, you’ll want to keep your dog even closer to you. For everyone’s safety and comfort, don’t permit your dog to approach people or other dogs uninvited. Not everyone or every dog is comfortable being approached by a dog they don’t know. You’ll also want to have a large number of small, high-value treats for rewarding your dog for good behavior while you’re out together.\n\n', 'Focus Around Distractions': 'When in a busy city environment, your dog will need to be able to ignore and be calm around a variety of distractions. To help your dog build up an ability to focus around distractions, start training in a quiet area like inside your house or apartment. Then, start training in new areas with more distractions. By building up the level of distractions slowly, your dog will learn to focus on you, regardless of what is happening around you. If you live in a quieter area and want to get your dog ready for going to a city, start training in public places like parks, pet supply stores, or dog-friendly shopping centers.\n\nAKC is a participant in affiliate advertising programs designed to provide a means for sites to earn advertising fees by advertising and linking to akc.org. If you purchase a product through this article, we may receive a portion of the sale.\n\n', 'Teach ‘Leave It’': 'There are few places more distracting for dogs to walk than in a city. In an urban environment, dogs will need to ignore traffic, people, dogs, cats, and other animals. In addition, there is likely to be trash, discarded food wrappers, and food in front of your dog on the sidewalk that they’ll need to ignore. To help our dogs be successful, it’s beneficial to teach “leave it.” This cue allows us to keep our dogs from approaching something that could harm them, or we don’t want them getting into. You’ll want to start teaching our dogs “leave it” at home without a lot of distractions.\n\nStep 1: Put a treat or toy in your hand near your dog. Ignore any attempts by your dog to get at the treat or toy in your hand. When your dog backs up or stops trying to get to the treat, use a clicker if you are clicker training or use a verbal marker like “yes” and give your dog a treat.\n\nAKC is a participant in affiliate advertising programs designed to provide a means for sites to earn advertising fees by advertising and linking to akc.org. If you purchase a product through this article, we may receive a portion of the sale.\n\nStep 2: Once your dog is automatically ignoring the treat in your hand you can introduce a verbal cue of choice like “leave it.” When your dog ignores the treat or toy in your hand, praise your dog and give them a different treat.\n\nStep 3: When your dog is successfully ignoring treats or toys in your closed hand, put a treat in your open hand, and say “leave it.” If your dog approaches, close your hand around the treat to prevent your dog from getting it. If your dog ignores the treat, praise and give your dog a different treat.\n\nStep 4: When your dog successfully ignores the treat or toy in your hand, put it on the ground. Stay close so that you can reach it before your dog if they don’t ignore the distraction. Cue your dog to “leave it.” If your dog doesn’t approach the object, praise and treat your dog. If your dog does approach, pick the treat or toy up and practice again with it in your hand.\n\nStep 5: When your dog is successfully able to leave treats and toys that you put down at home, it’s time to start practicing in new and more distracting environments, like on walks or at the park.\n\n', 'Trade or Drop It': 'Ideally, we want to cue our dogs to ignore things we don’t want them to pick up while out walking. But sometimes our timing isn’t perfect, and your dog might pick something up. In this case, we want to be able to cue our dogs to drop what they have in exchange for something from us. By teaching our dogs that it’s a trade for something better, we can prevent them from trying to play keep-away with newly found treasures.\n\nAKC is a participant in affiliate advertising programs designed to provide a means for sites to earn advertising fees by advertising and linking to akc.org. If you purchase a product through this article, we may receive a portion of the sale.\n\nStep 1: Start teaching this skill at home without distractions. When your dog has a toy or a low-value chew approach your dog with a very high value treat. When your dog drops what they have, praise and give your dog the high value treat.\n\nStep 2: As you practice, and your dog willingly drops their item in exchange for what you have, introduce a verbal cue of choice like “give” or “trade.”\n\nStep 3: Once you dog gets better with trading, you can begin to increase the difficulty. To do this, start asking your dog to trade higher value objects with you. Just make sure the treat you have to trade is of higher value.\n\nStep 4: When your dog is able to trade high value items with you in the home, it’s time to start practicing in more distracting environments. This will help your dog build up the skills they need to trade or drop items while on a city adventure.\n\n', 'Walking On New Surfaces': 'When walking in a city, your dog will likely encounter a lot of distracting scents and sights. Your dog will also need to be comfortable dealing with a variety of surfaces underfoot, especially metal grates. Walking on different surfaces can be difficult for dogs, so it’s a skill to practice before going to a city with your dog. Look for metal grates or other unique surfaces for your dog to practice walking on. When your dog walks on a unique surface, be sure to praise and reward your dog.\n\nAKC is a participant in affiliate advertising programs designed to provide a means for sites to earn advertising fees by advertising and linking to akc.org. If you purchase a product through this article, we may receive a portion of the sale.\n\n', 'Potty on Cue': 'One of the challenges for dogs in an urban environment is that they often don’t have quiet, grassy locations to potty. In addition to teaching your dog to potty on cue, before going to a city with your dog, be sure to practice asking your dog to potty while on a short leash. Many dogs are used to having some space especially when they poop, but in a city, that often isn’t possible. You’ll also want to make sure that your dog is comfortable going potty while on concrete, as finding grass or dirt may not always be an option.\n\n', 'Ride in a Bag': 'If you’re living in a city or visiting a city with a small breed dog, traveling by bus or subway/train may be the easiest way to get around with your dog. In most American cities, pets must be in a carrier in order to be allowed on public transportation. To help your dog get ready for traveling, be sure to have a bag that is a comfortable size for your dog to be in and for you to carry.\n\nBe sure to introduce the carrier to your dog in advance. Let your dog explore the bag at their own pace while at home. Praise and treat your dog for any interest in the bag, and then for getting inside it. When your dog is comfortable with the bag at home, start taking your dog out for short outings. Slowly build up the length of your outings until your dog is content being in their bag for extended periods.\n\nAKC is a participant in affiliate advertising programs designed to provide a means for sites to earn advertising fees by advertising and linking to akc.org. If you purchase a product through this article, we may receive a portion of the sale.\n\n', 'Riding in Cabs': 'Many cab or ride-share companies have dog-friendly options, provided dogs are clean, well-behaved, and under owner control at all times. Even if your dog regularly rides in a car, riding in a cab can be a new experience. If you’re going to be taking cabs while in a city, try to practice in advance when you aren’t rushing to get somewhere. To do this, call a cab to travel just a short distance, ideally to somewhere you can walk around with your dog like a new park or a pet store. Consider bringing a blanket or towel to put under your dog for their comfort and to prevent dog hair from getting on the vehicle. When your cab arrives, put the blanket or towel down on the floor (dogs shouldn’t ride on the seat in cabs), and ask your dog to get into the backseat of the car with you. Praise and treat your dog for sitting or lying quietly at your feet during the ride.\n\nAKC is a participant in affiliate advertising programs designed to provide a means for sites to earn advertising fees by advertising and linking to akc.org. If you purchase a product through this article, we may receive a portion of the sale.\n\n', 'Become a Canine Good Citizen': 'Ready to take your dog’s city training to the next level? Consider working with your dog on earning their Canine Good Citizen (CGC) Title. When your dog has mastered the skills of the CGC you can then move on to more advanced skill testing with the AKC Community Canine (CGCA) test, and then the AKC Urban Canine Good Citizen (CGCU) test. These skill tests allow you to test your dog’s proficiency with good behavior in public and showcases their skills in a city environment. Even if you don’t live in an urban environment, knowing how to behave in a city is a good skill for any dog to have. After all, you never know when you’ll need or want to visit a city. Working these skills in advance will make the trip more enjoyable for both you and your dog.\n\n', 'We use cookies': '', 'Privacy Preference Center': ''}",[]
https://www.akc.org/expert-advice/training/adult-dogs-and-new-puppies/,Adult Dogs and New Puppies: Understanding Both Dogs’ Needs,"Feb 04, 2025","['multi-dog household', 'senior dog', 'new puppy', 'adult dog']","Sassafras Patterdale, CPDT-KA, CTDI","Adding a puppy to your family when you have an older dog can be a lot of fun, but it can also bring about some challenges. A puppy can inspire an older dog to be more playful and be more active. However, depending on your older dog’s health and temperament, a puppy can also cause conflict in the home.

When bringing home a new puppy, it’s important to carefully manage not only the initial introductions between your existing dog and a puppy, but also to supervise and support positive interactions moving forward. While adult dogs can be a helpful resource for teaching puppies appropriate behaviors, a key part of responsible dog ownership is understanding your older dog’s needs and not relying on them to train a new puppy good behaviors.

","{'Would Your Dog Benefit From a New Puppy?': 'Before bringing a puppy home, it’s important to be honest about your adult dog’s temperament and level of training. If you have an adult dog who is dog-reactive or who dislikes other dogs, it can be very challenging to get a puppy. In these situations, you must consider if you have the time, resources, and space to manage if the dogs need to live separately within the house. This could be a temporary situation if the older dog adapts to the presence of the puppy or could be a permanent arrangement.\n\nAKC is a participant in affiliate advertising programs designed to provide a means for sites to earn advertising fees by advertising and linking to akc.org. If you purchase a product through this article, we may receive a portion of the sale.\n\nIf your dog likes to play with other dogs, they might still struggle with having a puppy in the house. “Even though you may have a dog who gets along really well with puppies, it doesn’t mean they will get along with a puppy in their own home. It’s very different to have a puppy visiting you vs one that is there 24/7,” explains Dr. Valli Parthasarathy, PhD, DVM, DACVB Fear Free Elite, Low Stress Handling Certified, who is a board-certified veterinary behaviorist and the co-founder of Synergy Veterinary Behavior. With that in mind, there are things that dog owners can do to help set both older dogs and puppies up for success with cohabitation and reduce conflict between dogs.\n\n', 'Before You Get a Puppy': 'Dr. Valli encourages dog owners to be proactive with helping older dogs adjust even before a new puppy comes home. “The first thing I would do is take the older dog into your vet, and make sure the older dog is healthy.” She notes that it’s important to identify and address any arthritis or other sources of pain before a puppy comes into the house. This is important because any kind of physical discomfort can increase reactivity for a dog and potentially increase the likelihood of conflict between dogs and puppies. In addition to pain management, you may also want to investigate other supportive treatments if your older dog has chronic health conditions, such as canine massage therapy.\n\nIn addition to making sure your older dog’s health is in a good place, we also want to consider their level of training. “Before you get a new dog, be as confident as possible that your current dog is in a good place emotionally and behaviorally,” Dr. Valli encourages. The added distraction and stimuli of a puppy in the house is likely to exacerbate any ongoing behavioral issues, so working on training before bringing a puppy home is best. Otherwise, you’ll be finding yourself doing remedial training with your older dog and puppy basics at the same time.\n\nAKC is a participant in affiliate advertising programs designed to provide a means for sites to earn advertising fees by advertising and linking to akc.org. If you purchase a product through this article, we may receive a portion of the sale.\n\n', 'The Importance of Supervision': 'It’s impossible to stress enough the importance of supervised interactions between older dogs and puppies. As much as we want our puppy and older dog to get along, that doesn’t always happen overnight. Even when dogs and puppies are getting along, they’re still dogs and accidents can happen, potentially resulting in injuries. Proper introductions between your new puppy and your older dog are important, but that’s just the beginning of helping them form a healthy relationship.\n\nDr. Valli notes that a mistake that many dog owners make is that they’ll replicate interactions like they see on TV where a new puppy comes home, the older dog sniffs the puppy, and everything is fine moving forward. She notes that the older dog will show signs that they’re uncomfortable with the puppy as these behaviors continue. These signs of stress are ignored, and then the older dog snaps at the puppy later, and dog owners feel like the aggressive incident came out of nowhere.\n\nDr. Valli encourages owners to pay special attention to the body language of their dogs. “Just because two dogs are playing or appear to be playing doesn’t mean they are comfortable,” she explains. Watch your dogs’ body language closely as they’re playing. Does your older dog initiate play? Dr. Valli advises that older dogs can seem like they’re having fun with a puppy, but they end up engaging in “defensive play” because the puppy is constantly bothering them. The result is the other dog engaging in play just to get the interaction over with, but they aren’t actually having fun. This can build frustration in your older dog which can lead to conflict between the dogs later.\n\nAKC is a participant in affiliate advertising programs designed to provide a means for sites to earn advertising fees by advertising and linking to akc.org. If you purchase a product through this article, we may receive a portion of the sale.\n\nSupervision and careful monitoring of interactions between dogs and puppies is important, regardless of the size of the dog and puppy. However, the bigger the size difference, the easier that an injury can occur, even accidentally in play. This is true if you have a large puppy and a smaller older dog or a small puppy and a larger older dog. Dogs should always be supervised while interacting or playing, but when you have a significant size difference between dogs, supervision is even more important so that rough play can be appropriately interrupted and redirected.\n\nAKC is a participant in affiliate advertising programs designed to provide a means for sites to earn advertising fees by advertising and linking to akc.org. If you purchase a product through this article, we may receive a portion of the sale.\n\n', 'Give Older Dogs Breaks': 'Puppies can be exhausting! It’s a lot of work to bring a puppy home, which can be stressful for dog owners. Even when older dogs and puppies get along great, they still need breaks from time to time. Don’t wait for one of the dogs to get frustrated. If you notice that either dog is getting tired, frustrated, or disengaged, it’s important to step in. Consider interrupting a play session and play with the puppy yourself or enforce some separate rest time in a crate, playpen, or other puppy-safe area of your home away from your older dog.\n\n', 'Dogs Need Space': 'Dr. Valli explains that dog owners bringing home a puppy need to have a setup where the puppy has their own contained area. She explains that this can be helpful with house training and cutting down on chewing inappropriate items. Plus, it can help foster a good relationship between the dogs. By limiting interactions between dogs to when they can be directly supervised, you decrease the likelihood of conflict developing. Using a playpen can allow a puppy to be part of daily activity while being separate from the older dog when you cannot fully supervise their interactions. This setup also allows the puppy to have a safe space to be when your older dog gets tired and needs a break from play.\n\n', 'Make Time for Training': 'All dogs benefit from training. While it’s best to have your older dog’s training in an established place before bringing a puppy home, it’s important to continue training together without the puppy’s involvement. “It’s important for them to be separated from each other and be able to do things and do cues in each other’s presence and each other’s absence,” explains Dr. Valli. Training is a way of building communication with your dog. Dr. Valli encourages dog owners to make sure they spend time teaching and reinforcing training cues with their dogs to strengthen their bond and connection.\n\nAKC is a participant in affiliate advertising programs designed to provide a means for sites to earn advertising fees by advertising and linking to akc.org. If you purchase a product through this article, we may receive a portion of the sale.\n\n', 'Don’t Make Your Dog Correct the Puppy': 'When it comes to getting used to our routines, puppies can learn a lot from watching older dogs. However, we don’t want to rely on our older dogs to train or raise our puppies. Dr. Valli noted that one of the big myths is that dogs can work out issues by themselves. She explains that a problem of letting dogs navigate conflict together is that puppies often aren’t socially savvy enough to recognize when an older dog has had enough. Older dogs can also overcorrect puppies, or correct repeatedly, with the puppy not understanding or not responding as expected. As a result, the puppy keeps going back and interacting with the older dog who is becoming increasingly frustrated. The result can be a fracturing of the relationship being built between the older dog and the puppy.\n\nAKC is a participant in affiliate advertising programs designed to provide a means for sites to earn advertising fees by advertising and linking to akc.org. If you purchase a product through this article, we may receive a portion of the sale.\n\nIn this case, the puppy can become frightened of the older dog after being corrected. Dr. Valli explains that, depending on your puppy’s temperament, they may also take the correction as a challenge, which can lead to conflict escalating between the dogs and a fight breaking out. Dog owners must be involved in any interactions between their older dog and a new puppy, especially while their relationship is still in its early stages. If you notice your puppy playing rudely with your older dog, step in and redirect the play yourself.\n\n', 'The Complication of Puberty': 'Don’t forget that puppies are actively growing and changing. While your dog and puppy might get along great when first introduced, their relationship will continue to evolve. Many dogs may tolerate rude and playful behavior from very young puppies, but that can change as puppies get older. Dr. Valli explains that when puppies start to hit puberty, between the time they’re 6 months to a year old, an older dog may become less tolerant of their behaviors. As your puppy is reaching maturity, continue paying close attention to canine body language to ensure interactions are still positive between your older dog and puppy. If you notice uncomfortable body language from either dog, separate or redirect their interactions.\n\nAKC is a participant in affiliate advertising programs designed to provide a means for sites to earn advertising fees by advertising and linking to akc.org. If you purchase a product through this article, we may receive a portion of the sale.\n\n', 'Get Support if Needed': 'It’s never too early to reach out for professional support when it comes to dogs and puppies living together in the home. It can even be useful to start working with a dog trainer before bringing a puppy home. A dog trainer who utilizes positive reinforcement training approaches can help you refresh training plans with your older dog and help you prepare the home environment for adding a puppy.\n\nThey can also help you identify what interactions between dog and puppy are normal, and what could signify a potentially larger problem. If you’re struggling with introductions or see any kind of avoidant or aggressive behavior between your dogs, Dr. Valli recommends seeking professional support sooner rather than later. In the most serious cases of aggression or avoidance, you may also be referred to a veterinary behaviorist through your veterinarian, who may suggest medication support for your dog or puppy, in addition to training.\n\n', 'We use cookies': '', 'Privacy Preference Center': ''}",[]
https://www.akc.org/expert-advice/training/get-started-barn-hunt/,How to Get Started in Barn Hunt With Your Dog,"Nov 13, 2025","['scent work', 'barn hunt', 'earth dog']","Sassafras Patterdale, CPDT-KA, CTDI","Does your dog love to chase squirrels? Many dog breeds were first developed to hunt vermin and keep their farms and homes free of pests. Barn Hunt is a sport designed to tap into our dog’s natural desire to search and hunt for rodents. Terrier breeds and other dogs with a strong prey drive that were developed for hunting vermin will often become very passionate about the sport, but any dog can participate.

Barn Hunt is open to purebred and All-American dogs, as long as they can fit through an 18″ wide hay/straw tall tunnel. Competitions are sanctioned by the Barn Hunt Association, and titles earned are recognized by the American Kennel Club.

","{'What Is Barn Hunt?': 'Barn Hunt is a competitive sport where dogs and handlers work as a team to locate hidden rats in secure tubes hidden in straw or hay. The rats are well-cared for pets who are always kept safe during the search. Positive reinforcement methods are used to train the rats to go into their search tubes. During Barn Hunt, a judge hides the aerated rat tubes in a search area of piled bales of straw. Dogs must explore the search area using their sense of smell to locate the hidden rats. They also need to go through a straw/hay tunnel and climb onto hay bales.\n\nDuring competition, dogs must alert their handler to the presence of the rats, and handlers must correctly tell the judge where the rats are hidden before time runs out. Barn Hunt competitions become progressively more complicated as dogs earn titles. At the higher levels, dogs must traverse more difficult tunnels and find multiple hidden rats before time runs out.\n\nAKC is a participant in affiliate advertising programs designed to provide a means for sites to earn advertising fees by advertising and linking to akc.org. If you purchase a product through this article, we may receive a portion of the sale.\n\n', 'Benefits of Barn Hunt': 'In addition to being a fun sport, there are practical benefits of Barn Hunt. It’s a high-energy, but lower-impact sport designed with accessibility in mind. Senior dogs, as well as dogs with mobility issues can participate in different Barn Hunt competitions. Regardless of if you play recreationally or competitively, you can expect the following benefits from participating in this activity:\n\n', 'How Do I Get Started in Barn Hunt?': 'One easy way to help prepare your dog for Barn Hunt is to work on your dog’s comfort and familiarity with walking on different surfaces. In Barn Hunt competitions, dogs need to demonstrate they can jump up onto the hay bales and go through straw/hay tunnels. The more familiar your dog is with walking on new surfaces, the easier time they’ll have competing. You can create practice tunnels at home with hay bales to get your dog used to going through small dark tunnels.\n\nAKC is a participant in affiliate advertising programs designed to provide a means for sites to earn advertising fees by advertising and linking to akc.org. If you purchase a product through this article, we may receive a portion of the sale.\n\nSigning up for Barn Hunt classes is a great way to introduce your dog to searching for rats. Part of the challenge of Barn Hunt competitions is that your dog will need to differentiate between the scent of tubes with rat litter that smells like rats and the tube that has an actual rat inside. As a result, it’s not possible to just train with rat scent at home, because your dog will need to alert to the presence of an actual rat.\n\nAKC is a participant in affiliate advertising programs designed to provide a means for sites to earn advertising fees by advertising and linking to akc.org. If you purchase a product through this article, we may receive a portion of the sale.\n\nLike other dog sport events, Barn Hunt trials can be crowded and loud environments. To help your dog be ready for Barn Hunt competitions, take time to train your dog in busy, dog-friendly public places. Before going into the ring to search, dogs and handlers wait in an area known as the “blind.” Several dog and handler teams are waiting in this area together, so it’s important that your dog is comfortable being near dogs and people. To get ready, practice “watch me” cues in distracting environments with your dog. This will help you get and keep your dog’s attention at Barn Hunt while you’re waiting to search.\n\nMany Barn Hunt clubs have practice events called “Fun Tests.” These events allow you and your dog to get a chance to get a feel for what a Barn Hunt competition is like without the stress of an actual competition. Having successful searches at a Barn Hunt practice event can help increase your confidence and help you determine when your dog is ready to compete.\n\nAKC is a participant in affiliate advertising programs designed to provide a means for sites to earn advertising fees by advertising and linking to akc.org. If you purchase a product through this article, we may receive a portion of the sale.\n\n', 'How to Compete in Barn Hunt': 'Once your dog is constantly alerting to the presence of the hidden rats in class or practice and has mastered going through a straw/hay tunnel and getting up on hay bales comfortably, you’re ready to put your dog’s skills to the test in competition! Before you enter your first Barn Hunt competition, consider volunteering at a local trial. This will help you to get a feel for how Barn Hunt trials work and help you assess if your dog is ready for competition. Volunteering is also a great way to support your local clubs.\n\nIn practice, your dog will have been performing all the skills needed for instinct and novice searches. When you’re ready to compete, consider entering the optional Pass/Fail Instinct level. Unlike with the Novice level, where dogs need to climb onto the hay/straw and go through a tunnel, with the Instinct level, dogs just need to alert which of three tubes has a rat inside. For this search, one tube has rat bedding, one is empty, and one contains a rat. This is a great low-pressure way to introduce your dog to competition. You can also enter your dog in both Instinct and in Novice levels of competition.\n\n', 'Try Other Sports That Utilize Barn Hunt Skills': 'Dog sports are a great way to spend quality time with your dog and strengthen your relationship. The skills your dog has mastered in Barn Hunt can be used to help your dog find success in other sports, too. Here are some other sports that build on your dog’s natural instincts.\n\nAKC is a participant in affiliate advertising programs designed to provide a means for sites to earn advertising fees by advertising and linking to akc.org. If you purchase a product through this article, we may receive a portion of the sale.\n\nAKC is a participant in affiliate advertising programs designed to provide a means for sites to earn advertising fees by advertising and linking to akc.org. If you purchase a product through this article, we may receive a portion of the sale.\n\n', 'We use cookies': '', 'Privacy Preference Center': ''}",[]
https://www.akc.org/expert-advice/training/dog-whistles-for-training/,Dog Whistles for Training: How and When to Use Them,"Jan 28, 2026","['dog whistle', 'communication', 'positive reinforcement', 'clicker', 'whistle']","Stephanie Gibeault, MSc, CPDT","There are many tools that can help you with dog training such as clickers, treats, and a positive attitude. Dog whistles may not be as commonly used, but they’re another tool to help you communicate with your dog. They aren’t magic, but if you train your dog to associate a whistle with rewards, you can incorporate one into your training for many different behaviors.

In This Article

","{'How Do Dog Whistles Work?': 'Dog whistles are simply whistles that produce a high-pitched sound. These higher frequencies are well suited to dog ears because dogs can hear sounds as high-pitched as 45,000 Hz or higher, whereas adult humans can only hear sounds as high-pitched as 20,000 Hz. That means there are many sounds your dog can hear that you can’t, and the shriek of a dog whistle will be clearly audible to your dog even at a distance.\n\nBut how do these special whistles work? First, there are two myths to bust. One is that the high sound can stop a dog from barking. Although the first few blows may distract your dog into silence, they will likely acclimatize to the noise and bark right through it. The second myth is that dog whistles make your dog come when called. However, there is nothing about the whistle itself that tells your dog what to do. Whistles are just another cue like a word or hand signal. You need to train your dog to respond accordingly.\n\nRachel Lane, dog trainer, certified behavior consultant, and owner of Leash & Learn, uses dog whistles as a cue for the recall behavior. “I incorporate whistles into my training program because of the many distinct advantages that they provide. Most importantly, it is an effective tool for communication and makes it easier for handlers to teach their dog to come to them reliably, the first time they hear the whistle, and every time they hear the whistle.”\n\nAKC is a participant in affiliate advertising programs designed to provide a means for sites to earn advertising fees by advertising and linking to akc.org. If you purchase a product through this article, we may receive a portion of the sale.\n\n', 'Types of Dog Whistles': 'Dog whistles come in a range of frequencies and types, and Lane advises her clients to choose whichever one they like. It’s worth experimenting to find the version your dog responds to best and what you feel most comfortable using. In Psychology Today, Dr. Stanley Coren said a small dog might respond well to a higher pitch, whereas a larger dog might not. He also said a dog who seems to have lost their sense of hearing may respond to certain high-pitched sounds if they haven’t lost their hearing in that higher range, so whistles are worth a try even with deaf dogs.\n\nThe typical dog whistle makes a single pitch when blown. But there are also two-tone dog whistles that produce two different pitches you can choose between. This can be handy if you want to work with two dogs, as you can assign each dog a different sound. Alternatively, you can train each tone as a cue for a different behavior. There are also dog whistles that allow for a whole range of sounds. Also known as a shepherd’s lip whistle, these require more practice to get the tone where you want it, but are popular in the herding world. There are also dog whistles with peas (a small ball that vibrates inside the whistle when you blow). These are better for cold conditions, since they won’t freeze. You can even get a dog whistle-clicker combination tool.\n\nAKC is a participant in affiliate advertising programs designed to provide a means for sites to earn advertising fees by advertising and linking to akc.org. If you purchase a product through this article, we may receive a portion of the sale.\n\nFinally, you need to decide if you want to hear the whistle or not. Some whistles are within the audible range for humans and others are silent. However, a better term is ultrasonic as these silent dog whistles still make a sound. It’s just one too high for human hearing. Ultrasonic whistles won’t bother your neighbors or housemates, but as you can’t hear it, you might not feel as comfortable using it for multiple cues such as three toots for a recall and a long toot for a sit.\n\n', 'When Can You Use a Dog Whistle?': 'A dog whistle makes a great recall cue. Lane also believes the whistle is great for teaching a stay-where-you-are behavior. This can be helpful if you want to work with your dog at a distance, such as in many dog sports or when hunting. Lane says, “The dog can be 100 feet away, and when you use your whistle-to-stay cue, the dog remains motionless. Unlike a traditional stay, you would not have to call the dog, sit the dog, and then cue the stay.”\n\nAKC is a participant in affiliate advertising programs designed to provide a means for sites to earn advertising fees by advertising and linking to akc.org. If you purchase a product through this article, we may receive a portion of the sale.\n\nA dog whistle is simply a cue like any other. If you can teach your dog the behavior, you can add the whistle as a cue to perform it. Just as you might ask for down with the word “down” or a hand gesture, you can teach your dog that a certain pattern of whistle toots means the same thing. Lane says, “Different patterns of whistle sounds and durations can cue different behaviors. Similar to how you may see a sea lion or dolphin trainer use one at demonstration events.”\n\n', 'Advantages of Using a Dog Whistle': 'One benefit of using dog whistles is their high, piercing tone that carries well over long distances and cuts through background noise. Dogs have more sensitive hearing at these high pitches than humans so can easily hear the sound. That makes whistles great for long distance communication.\n\nLane also points out that whistles are predictable as they’re the same every time you blow them. This makes them great for dogs with multiple handlers as the cue is consistent between them. And unlike your voice, whistles don’t carry emotions. “It doesn’t matter if the handler is excited, scared, worried, frustrated, or angry,” she says, “the whistle will sound (about) the exact same no matter what the handler is feeling at that time.”\n\n', 'Are There Any Pitfalls With Using a Dog Whistle?': 'However, there are some disadvantages. With the audible variety, Lane has had some clients express discomfort at how loud the whistle sounds to those around them. But she feels your dog’s safety is worth the looks you may or may not receive from onlookers. “For what it’s worth, we often are worried about the opinion of bystanders because we are trying to avoid criticism, judgment, or embarrassment. But we have no way of knowing what the person is thinking. Maybe they are envious of your dog’s fantastic whistle recall!”\n\nAKC is a participant in affiliate advertising programs designed to provide a means for sites to earn advertising fees by advertising and linking to akc.org. If you purchase a product through this article, we may receive a portion of the sale.\n\nYou might also worry about your dog responding to somebody else’s whistle. But if you choose a specific tone or pattern for your cues, you’re less likely to encounter overlap with other dog owners. And of course, be aware that the sound of the whistle is louder to your dog than it is to you. You don’t need to blow the whistle at full strength for your dog to hear it. And never blow the whistle directly into your dog’s ears as that will be painful for your pet.\n\nAKC is a participant in affiliate advertising programs designed to provide a means for sites to earn advertising fees by advertising and linking to akc.org. If you purchase a product through this article, we may receive a portion of the sale.\n\nWhistles may not be the best choice for all training. They’re best used in sports used in sports that require communication over long distances, like herding and hunting. Close range may not be the best place to train with whistles for all dog owners.\n\n', 'Training Your Dog to Respond to a Dog Whistle': 'Before training any cues with a whistle, you want to teach your dog that it’s worth paying attention to that sound. Lane recommends going to a quiet area of your home with the whistle and treats your dog loves. While your dog is looking at you, blow the whistle then feed your dog five treats, one at a time. Then wait several minutes before the next whistle blow. Make every toot on the whistle a big party, so your dog comes to associate it with wonderful things. Now you’re ready to use it as a cue. Simply pick the pattern you want to use.\n\nIf your dog already reliably knows a verbal cue or hand signal for a behavior, blow the whistle right before saying the word or making the gesture. In time, you can phase out the word/signal and use the whistle alone. If your dog doesn’t already know the behavior, either capture, shape, or lure the behavior until you can predict your dog’s performance. Then blow the whistle right before your dog does the behavior and reward them right after. Eventually, they will realize the whistle is an opportunity to earn a reward if they do that behavior. Then you can toot your own horn for having a dog that behaves with whistle cues.\n\n', 'We use cookies': '', 'Privacy Preference Center': ''}",[]
https://www.akc.org/expert-advice/training/soundboard-trained-dogs/,How Do Soundboard-Trained Dogs Respond to Human Button Presses?,"Mar 23, 2026","['communication', 'soundboard', 'buttons', 'talk buttons', 'speech']","Stephanie Gibeault, MSc, CPDT","Your dog communicates with you all the time using body language and vocalizations, like barks, whines, and growls. Plus, a great deal of dog training involves teaching dogs what our body language and words mean. But what about when you add a soundboard into the mix? Do dogs actually understand what those talking buttons mean?

","{'What Are Soundboards, and How Do They Work?': 'A soundboard consists of a series of buttons that, when pressed, play words the owner previously recorded. So one button might play back the owner saying “outside” and another might play “water.” The idea is that dogs, a species unable to produce human speech sounds, can press these buttons to use words to communicate with their human caretakers.\n\nSoundboards are a type of Augmentative Interspecies Communication (AIC) device, a machine or gadget that helps bridge the communication gap between humans and animals. Dogs aren’t the first animal species to use AICs. Scientists have used them with dolphins and apes, for example. But using an AIC with dogs isn’t just the domain of scientists. Dog owners all over the world are using soundboards with their dogs and social media is full of canine celebrities button-pushing their way to fame.\n\nAKC is a participant in affiliate advertising programs designed to provide a means for sites to earn advertising fees by advertising and linking to akc.org. If you purchase a product through this article, we may receive a portion of the sale.\n\n', 'Can Dogs Understand Soundboards?': ""Contrary to the claims on social media, there is no scientific proof that button-pressing dogs are talking. They could be pressing buttons at random while their owners interpret those presses to endow them with meaning. Or the dogs might be responding to their owner’s inadvertent cues. To prove that dogs are pressing buttons deliberately to communicate, we need to see if the dogs understand the meaning of those words in the first place.\n\nThat was the point of a recent study in the journal PLOS ONE. Led by Dr. Frederico Rossano, associate professor of cognitive science at the University of California San Diego, the researchers tested 30 pet dogs that had already been trained by their owners to use soundboards. The dogs included a variety of mixed-breed dogs, as well as purebred dogs. The study focused on words that meant “outside,” “play,” or “food,” and all the dogs’ soundboards contained such buttons.\n\nThe scientists looked at whether the dogs made contextually appropriate responses to those three words when they were spoken by the owner or researcher or made by pressing the soundboard button (by either the owner or the researcher). According to Dr. Rossano, an appropriate response would be one that fit the situation. For example, if the dog has just been outside, and they press the button for outside, they might not know what that word means. But if it’s time to eat, and they press food, then you can start assuming they get it. “For our study, we looked at whether they would go, for example, towards the door when they heard ‘outside’ or whether they would retrieve a toy when they heard ‘play.'”\n\nAKC is a participant in affiliate advertising programs designed to provide a means for sites to earn advertising fees by advertising and linking to akc.org. If you purchase a product through this article, we may receive a portion of the sale.\n\nFor two of the three words, “play” and “outside,” the dogs performed contextually appropriate behaviors regardless of who produced the word or whether it was spoken or produced by a soundboard button. Therefore, the study concluded, “pet dogs can be successfully taught by their owners to associate words recorded onto soundboard buttons to their outcomes in the real world, and they respond appropriately to these words even when they are presented in the absence of any other cues, such as the owner’s body language.”\n\n"", 'Can Dogs Communicate With Humans Using Soundboards?': 'So dogs can understand the meaning of at least some of the words on a soundboard. Well, that’s not really a surprise. After all, teaching dogs verbal cues for behaviors is a tenet of dog training. Dogs learn that the word “sit” means they should sit down, for example. Although a recent study in the journal Animal Cognition showed that dogs tend to prefer gestures to verbal cues, other research has shown that dogs understand the meaning of spoken words. But just because dogs understand the words on their soundboards, it doesn’t mean they produce those words to converse with humans. There may be other, simpler explanations. However, Dr. Rossano’s study was an essential first step in exploring that possibility.\n\nDr. Rossano believes soundboards might be a window into the dog mind, and he is recruiting participants to register with his lab as he examines how dogs themselves are using the buttons. He wants to see if dogs actively select buttons to request things from humans and whether they intentionally select the right button based on their needs and wants. “We have 2 studies currently under review in which we are looking at which buttons dogs tend to push the most while home with their humans, and whether they are just mimicking what they are trained on or whether they show some flexibility. Also, we look at what happens when they press sequences of buttons one after the other and whether those sequences are random or not (they are not!)”\n\nAKC is a participant in affiliate advertising programs designed to provide a means for sites to earn advertising fees by advertising and linking to akc.org. If you purchase a product through this article, we may receive a portion of the sale.\n\n', 'Should You Teach Your Dog to Use a Soundboard?': 'If the jury is still out, should you invest the time to teach your dog to use a soundboard? Dr. Rossano doesn’t recommend for or against their use. He sees his job as assessing to what degree soundboards are valuable for dogs, owners, and scientists, and to provide the strongest scientific evidence possible to support such assessments. That’s why he and his lab are running a longitudinal study with 10,000 dogs.\n\nAKC is a participant in affiliate advertising programs designed to provide a means for sites to earn advertising fees by advertising and linking to akc.org. If you purchase a product through this article, we may receive a portion of the sale.\n\nHowever, he strongly feels that any way in which we can provide dogs with more voice and control over their environment is beneficial for their welfare. That can be particularly useful for anxious dogs. In fact, many of the dogs Dr. Rossano has studied like to use their soundboards to communicate about things that cause them stress, like loud noises or strangers outside. He has seen other benefits to soundboard use too, such as dogs barking less at home, owners reporting enhanced bonding, and dogs tending to get what they want more effectively. “I do believe that these devices can be particularly valuable for working dogs and for [rescue] dogs,” he says, “to facilitate their bonding with new owners who might struggle to understand the needs and wants of a dog already struggling with the excitement and stress of moving to a new environment.”\n\n', 'How to Teach Your Dog to Use a Soundboard': 'So, if you’ve ever wondered what your dog is thinking, a soundboard might provide some insight. Start teaching words like “play,” “outside,” or “water,” as they’re concrete and easier to associate with their consequences. Dr. Rossano’s main tip is to teach your dog to use the button the way you would teach a young child. “You describe what you are doing, might repeat it several times, and you need to be consistent in your responses. Because the dog needs to learn the association. We also recommend not to start with the button ‘food’ or ‘treat’ and not to use food as a reward, at least in the beginning. Praise, cuddles, and play are often better than food rewards to train with buttons.”\n\nBe patient and don’t set your expectations too high. Although the famous dog “Chaser” learned over 1,000 spoken words, not every dog is going to excel with a soundboard. Dr. Rossano has seen massive individual differences between dogs. Some dogs use over 100 buttons in ways that he describes as “very interesting,” whereas other dogs might fail to learn to use the buttons at all. Have fun with it and look at it as a chance to provide mental stimulation and bonding. It’s not about making your dog more human. As Dr. Rossano says, “Dogs should stay dogs. They are perfect as they are.”\n\nAKC is a participant in affiliate advertising programs designed to provide a means for sites to earn advertising fees by advertising and linking to akc.org. If you purchase a product through this article, we may receive a portion of the sale.\n\nThese AIC devices might reveal emotional and cognitive abilities that we’re as yet unaware of, which Dr. Rossano believes could change our attitudes towards our pets for the better. “Dogs are better than any other animal on the planet in understanding human communication. It would not be surprising if having made all the effort to learn our communications, they would like for us to better understand what they are trying to communicate to us.”\n\n', 'We use cookies': '', 'Privacy Preference Center': ''}",[]
https://www.akc.org/expert-advice/training/teach-your-dog-to-say-please/,Teach Your Dog to Say Please: The Key to Good Behavior,"Oct 24, 2024","['behavior', 'please']","Stephanie Gibeault, MSc, CPDT","We teach children to say please because it’s polite, but what about our dogs? Should we ask them to say please, too? And how would you even do that? Asking your dog to perform a simple behavior, like nose targeting, before you hand over a resource, like a toy, is the canine equivalent of saying “please.” And just like in children, it leads to good manners.

","{'What Does It Mean to Ask Your Dog to Say Please?': 'Asking your dog to say please is all about having your pet earn the things they want. It’s like giving a child an allowance if they do their chores. If your dog wants a walk, ask them to sit before you open the door. If your dog wants to play a game of tug-of-war, ask them to lie down before you start the game. And so on. In essence, your dog learns they get what they want by giving you what you want.\n\nThink of it as a new way of interacting with your dog. Rather than providing resources at random or for no reason, sometimes you’ll ask your dog to earn them with a simple behavior they already understand. In this way, reinforcing your dog’s training will no longer be a chore you need to schedule, or worse, something you only do at dog training classes. Now, it will be built into your day-to-day relationship with your dog.\n\n', 'When Should You Ask Your Dog to Say Please?': 'You can ask your dog to say please anytime you want to provide them with a resource. That could be their dinner bowl, a round of fetch, or even attention. Anything your dog wants is a resource you can potentially use. However, this isn’t about frustrating your dog. For example, don’t try to teach a new behavior while your dog is anxiously awaiting mealtime. Dangling the food bowl in front of them isn’t going to make it any easier for them to learn a new task. Practice things your dog already understands instead of challenging them with new distractions. When you ask for please, you want your dog to get it right.\n\nAKC is a participant in affiliate advertising programs designed to provide a means for sites to earn advertising fees by advertising and linking to akc.org. If you purchase a product through this article, we may receive a portion of the sale.\n\nAlso, asking your dog to say please isn’t about withholding resources. Your dog has physical, mental, and emotional needs, and you unequivocally must meet them. There is nothing wrong with giving resources away for free whenever you feel like it or when your dog isn’t up to performing. For instance, if your dog needs comforting during a thunderstorm, pet and cuddle them. Don’t wait for them to obey you first.\n\nThe say please approach is often called “nothing-in-life-is-free” (NILIF). But many proponents of NILIF require a dog to earn every single resource or do without. NILIF is also sometimes described as a way to ensure your dog’s place in the hierarchy of the household. But that’s simply not an effective or healthy way to approach your relationship with your dog. Saying please isn’t about deferring to you. It’s about reinforcing good behavior with every reward at your disposal.\n\n', 'Why Should You Ask Your Dog to Say Please?': 'If you want to be relevant to your dog, you need to show them that listening to you pays off. Nothing makes that clearer than benignly controlling access to rewards. Asking your dog to say please, rather than giving everything away for free, teaches your dog that you’re the gateway to the good stuff. As a result, your dog will listen better and focus on you more.\n\nAKC is a participant in affiliate advertising programs designed to provide a means for sites to earn advertising fees by advertising and linking to akc.org. If you purchase a product through this article, we may receive a portion of the sale.\n\nSay please also helps to influence the behaviors your dog chooses to express. Remember that dogs repeat behaviors that work. If pawing you gets them noticed, your dog will paw more in the future. But if sitting earns your attention, that’s the behavior your dog will try next time instead. Your dog is always learning. In fact, whether you’re conscious of it or not, every interaction you have with your dog teaches them something. And that might be the opposite of what you intended, such as a dog that learns to bark when you’re on the phone. So be deliberate about your interactions. Asking for please allows you to control your dog’s lesson plan and encourage good manners in the future.\n\nIn addition, this approach allows you to incorporate life rewards into your training. Life rewards are things your dog values other than food. That might be walks, the chance to go outside for a potty break, or belly rubs. Discover what your dog enjoys, then use those items in your say please program. This will help you fade treats from your training which eliminates the problem of your dog only listening when you have a cookie in your hand.\n\nAKC is a participant in affiliate advertising programs designed to provide a means for sites to earn advertising fees by advertising and linking to akc.org. If you purchase a product through this article, we may receive a portion of the sale.\n\n', 'How Does Your Dog Benefit by Saying Please?': 'The benefits of asking your dog to say please aren’t just for you. It can be good for your dog, too. It can help build canine confidence as your dog learns how the world works. Instead of resources appearing seemingly at random, your dog will learn they can make the good stuff appear simply by listening to you. That also provides a sense of control over their environment. If you think about it, you manage most aspects of your dog’s existence. After all, they likely can’t open the kibble bag or front door without your help. But when you ask them to shake a paw first, they learn they can make things happen.\n\n', 'How Do You Ask Your Dog to Say Please?': 'When you ask your dog to say please, choose a behavior you expect them to successfully perform given the circumstances. You might get a 30-second stay in the living room, but not on the sidewalk, for instance. Using mealtime as an example, here are the simple steps to incorporate this program into your routine:\n\nAKC is a participant in affiliate advertising programs designed to provide a means for sites to earn advertising fees by advertising and linking to akc.org. If you purchase a product through this article, we may receive a portion of the sale.\n\n', 'We use cookies': '', 'Privacy Preference Center': ''}",[]
https://www.akc.org/expert-advice/training/dog-training-games-for-walks/,How to Incorporate Dog Training Games Into Your Walks,"Feb 06, 2026","['games', 'leash walking', 'walk', 'training games']","Sassafras Patterdale, CPDT-KA, CTDI","Walking with your dog doesn’t have to be boring. In fact, walks are the ideal time to spend some quality time training your dog. Practicing basic obedience skills while on walks with your dog can help improve your dog’s ability to focus around distractions and increase impulse control and engagement. These training games are a fun way to energize walking with your dog while building and reinforcing trained skills at the same time. Dogs love to play, and making training a game can help your dog to develop and hone obedience skills more quickly.

In This Article

","{'Supplies You’ll Need': 'These walking games can be played with your dog walking anywhere, whether you’re out hiking or taking a stroll in your local neighborhood. These games don’t require any specialized equipment to play, just some basic dog supplies, including:\n\n', 'Reinforce Name Recognition With the ‘Name Game’': 'A foundational skill that dogs and puppies of all ages should know is their name. When your dog hears their name called, you want them to pay attention to you. This skill is relatively easy for most dogs and puppies to master when they’re at home or in low-distraction environments. However, when you go out walking, it can be more difficult. The goal here is for your dog to understand that hearing their name is a cue to engage with you and that doing so will be rewarded.\n\nAKC is a participant in affiliate advertising programs designed to provide a means for sites to earn advertising fees by advertising and linking to akc.org. If you purchase a product through this article, we may receive a portion of the sale.\n\nStep 1: Assuming your dog already knows their name, and you’ve practiced the behavior at home, you can start saying it while out walking. Praise and reward your dog for paying attention to you after saying their name. If at any point your dog doesn’t respond to their name, that’s a sign your dog doesn’t understand the cue with that level of distraction. Move to a less distracting area, and say your dog’s name again. Praise and reward your dog when they look at you.\n\nStep 2: </strong>While you can use this behavior to get your dog’s attention in distracting environments, switch up when and where you say your dog’s name while walking so your dog doesn’t start to anticipate when you’ll ask for the behavior.\n\n', 'Strengthen Attention With ‘Focus on Me’': '“Focus on Me” is an ideal starter walking game for dogs of all ages. With this activity, we aren’t asking or cuing our dogs to do anything. Instead, we’re going to mark and reward our dogs anytime they offer any focus or attention to us. This helps to build engagement around distractions.\n\nAKC is a participant in affiliate advertising programs designed to provide a means for sites to earn advertising fees by advertising and linking to akc.org. If you purchase a product through this article, we may receive a portion of the sale.\n\nStep 1: Have your training treats ready, and anytime your dog looks at you, verbally mark with a “yes” or click and treat your dog if you’re clicker training. When you first get started, keep the criteria low and reward even just a glance in your direction. By rewarding these small glances, your dog will start offering more attention.\n\nStep 2: Continue marking and rewarding anytime your dog looks at you while walking. As your dog gets better at the game, you can wait until they turn their head to look at you before marking and rewarding.\n\n<p>Step 3: Once your dog regularly offers attention, you can add a verbal cue like “watch” or “eyes.” To do this, say your cue of choice as your dog looks up at you. Then, reward your dog with a treat and praise when they look at you.</p>\n\nStep 4: After several repetitions over a few training sessions, you can start to give the verbal watch cue before your dog offers to look at\n\nyou. When your dog looks up and offers attention, give your dog praise and treats.\n\n', 'Embrace the Power of Your Dog’s Nose With Sniffy Walks': 'It’s beneficial to give our dogs as much freedom and agency as possible. Although it sounds counterintuitive because we’re not actually cuing any behavior, a sniffy walk can be a great training game for dogs. The point of these walks is to allow our dogs to sniff as much as they want. Ideally, we allow our dogs (where safe) to dictate what direction we walk. Sniffing is a natural behavior for our dogs. Allowing them to sniff more is not only highly rewarding but also soothing.\n\nAKC is a participant in affiliate advertising programs designed to provide a means for sites to earn advertising fees by advertising and linking to akc.org. If you purchase a product through this article, we may receive a portion of the sale.\n\nBy providing your dog with more unfocused sniffing walks, you can help improve their focus and impulse control. Sniffing also can support your dog with decompressing and reducing overall levels of stress. Working through that stress can also help your dog be more focused when you return to training. Not every walk needs to be a sniffy walk, but try to make them a regular part of your routine.\n\nStep 1: Pick a time to walk when you aren’t in a hurry to get to work or any other appointment.\n\nStep 2: When it’s safe to do so, allow your dog to pick the direction of your walk. When your dog stops to sniff, stop as well, and don’t hurry them along.\n\nStep 3: With the exception of preventing your dog from doing something unsafe, like going into traffic or approaching another dog or person uninvited, let your dog continue to pick the direction and pace of your walk.\n\nStep 4: While your dog is sniffing, try to keep your verbal cues to a minimum. We want to make sure our dogs understand that we aren’t dictating the direction of their walk. Instead, let them take the lead on the walk.\n\n', 'Use Pace Changes to Boost Engagement on Walks': 'With loose leash walking, an important skill for dogs to learn is to modulate their pace to match yours. This is useful for daily life when you’ll need to walk at different speeds. It’s also an important foundation skill for sports like AKC Rally, where speed changes between slow, normal, and fast are required.\n\nAKC is a participant in affiliate advertising programs designed to provide a means for sites to earn advertising fees by advertising and linking to akc.org. If you purchase a product through this article, we may receive a portion of the sale.\n\nWhen working on pace changes, we don’t want to surprise our dogs by suddenly changing pace. Instead, we want to teach them to anticipate those pace changes by communicating our intentions. This game helps keep your dog focused and engaged with you while walking. It can also be useful for maneuvering your dog through tricky situations. For example, if there are a lot of distractions ahead, you can ask your dog to change to a faster pace and get to a quieter area.\n\nStep 1: As you’re about to change pace either slower or faster, take a treat and put it down to your dog’s nose.\n\nStep 2: When you have your dog’s attention with the treat, change your pace. Your treat will serve as a lure to help adjust your dog’s speed. When your dog matches your pace, give your dog prizes or treats.\n\nAKC is a participant in affiliate advertising programs designed to provide a means for sites to earn advertising fees by advertising and linking to akc.org. If you purchase a product through this article, we may receive a portion of the sale.\n\nStep 3: Repeat the above step while changing your pace to a different speed. Praise and treat your dog when they adjust their speed to match yours.\n\nStep 4: As you practice changing speed and are confident your dog will respond to the treat, lure and adjust their pace. You can introduce a verbal cue for each speed like, “slow” and “fast.” Once your dog gets more confident with the behavior, you can phase out the lure and just give your verbal cue.\n\nStep 5: As your dog understands the behavior of changing pace, you can mix in pace changes to your regular daily walks. You can also have a friend or family member call out different speeds to you while walking to create a challenging game for both you and your dog.\n\n', 'Turn Everyday Obstacles Into Training': 'Sometimes referred to as an urban agility game, with parkour, you and your dog are going to engage with the environment around you as an obstacle course. A primary benefit of parkour is that these behaviors can build your dog’s confidence. It can also help improve their body awareness and coordination.\n\nParkour games allow you to turn any walk into an adventure. You can play them anywhere you walk your dog, including sidewalks and city parks. Plus, it can be fun to search for interesting obstacles for your dog to engage with as you walk.\n\nStep 1: Look for stable obstacles in your environment your dog could interact with, like a tree stump, boulder, or park bench.\n\nStep 2: Ask your dog to foot target, get onto, or in some other way engage with the obstacle that you’ve found. If your dog doesn’t yet know these behaviors, you can use treats to lure your dog up onto different obstacles. When your dog engages with the obstacle, praise and treat your dog.\n\nStep 3: You can use treats to lure your dog to go around tree trunks, or go under picnic tables and any other obstacles you find. After luring your dog a few times, add in verbal cues for these behaviors and start to phase out luring. The goal with this game is to make your walk as engaging for your dog by finding as many different obstacles as possible for them to interact with.\n\nAKC is a participant in affiliate advertising programs designed to provide a means for sites to earn advertising fees by advertising and linking to akc.org. If you purchase a product through this article, we may receive a portion of the sale.\n\nStep 5: Start to utilize parkour games to keep your dog engaged in walks. If you have a dog who struggles to switch reactivity at the sight of other dogs, you can use parkour games to create space and keep focus on you. This can help reduce your dog’s reactivity and make walks more fun for both of you.\n\n', 'Teaching Impulse Control With ‘Red Light, Green Light’': 'Do you remember playing the red light/green light game on the playground when you were in elementary school? We can play a dog training version of this game with our dogs to practice staying around distractions. You can play this game on your own where you challenge your dog. You can also play with someone else calling out “red light” and “green light” to challenge both you and your dog.\n\nAKC is a participant in affiliate advertising programs designed to provide a means for sites to earn advertising fees by advertising and linking to akc.org. If you purchase a product through this article, we may receive a portion of the sale.\n\nStep 1:  Make sure you have taught your dog the basics of stand-stay and a release word and are ready to start practicing these skills around distractions while on walks.\n\nStep 2: </strong>As you’re walking, pick a random moment (or have a friend call out “red light”) and give your dog their “stand-stay” cue. When your dog stops moving forward, praise and reward your dog. If your dog doesn’t hold the stand-stay, go back to where you wanted your dog to stay, and try again. Praise and reward your dog for staying.\n\nStep 3: For an added challenge, instead of stopping with your dog when you ask them to do a stand stay, you can keep walking a couple of steps. Be sure to praise and reward your dog when they hold the stay as you keep moving. If your dog doesn’t hold the stay, practice again, but stop with your dog to make sure they understand the behavior. Then, try the red-light game again.\n\nStep 4: Start with playing this game in a quiet area and build up to playing in more distracting environments while out walking. Be sure to vary when you call “red light,” so your dog doesn’t anticipate when the stay cue will come.\n\n', 'We use cookies': '', 'Privacy Preference Center': ''}",[]
https://www.akc.org/expert-advice/training/training-games-for-dogs/,Training Games to Play With Your Dog,"Oct 10, 2025","['games', 'training games']","Stephanie Gibeault, MSc, CPDT","No doubt you want a well-behaved dog. But getting stressed and overly intense about training will only make it a chore for you and an ordeal for your dog. On the other hand, turning dog training into a game keeps the process fun and exciting — a benefit for both of you. Not to mention, games are a great way to proof behaviors, teach your dog to listen despite distractions, and mentally exercise your dog.

The following games can teach your dog new behaviors and polish ones they already understand. Have fun!

","{'Loose Leash Water Walking': 'Test how smoothly your dog can walk on a loose leash by holding your dog’s leash in one hand and a full glass of water in the other. To play this game, you will simply need an unbreakable drinking glass and your dog’s leash.\n\nStart by holding the leash in one hand and the glass of water in the other. Next, cue your dog to walk and see how far you can get before you spill any water. Start in the backyard or during a quiet time of day before upping the challenge to a busy street. Use your voice and body to encourage your dog to move beside you and only let your dog walk when the leash is hanging in a “J” shape.\n\nAKC is a participant in affiliate advertising programs designed to provide a means for sites to earn advertising fees by advertising and linking to akc.org. If you purchase a product through this article, we may receive a portion of the sale.\n\nDog walking games are a great way to learn to control your dog’s movement with your body language and verbal cues rather than the leash. Remember that the leash is for safety, not control. Plus, the risk of getting wet will make you more conscious of your dog’s walking behavior and how much it’s in synch with yours.\n\n', 'Wild Sits': 'After you train your dog to sit on cue, teach them to settle into that position no matter what is going on around them with this game.\n\nWith your dog on leash, jump up and down, clap your hands, or run around until your dog is excited. Then ask them to sit. When they do, reward them with a delicious treat then let them play again. Start with low level movement, so your dog isn’t too worked up and is more able to listen. Then slowly build to high level wildness.\n\nThis game will teach your dog emotional self-control which is incredibly useful in real-world situations like visitors at the door. It also helps to curb bad dog behavior, particularly in hyper dogs, as your dog learns to make more appropriate choices. You will also help your dog learn to ignore distractions. Finally, it’s great physical exercise for both of you.\n\n', 'Roll the Dice': 'To keep your training routine from feeling stale, assign different behaviors to the numbers one through six (or one through 12 when your dog knows many cues). Then roll a die or two dice and cue your dog to do whichever behavior comes up. When they do the behavior, give a treat or play with a toy. Then roll again and repeat.\n\nAKC is a participant in affiliate advertising programs designed to provide a means for sites to earn advertising fees by advertising and linking to akc.org. If you purchase a product through this article, we may receive a portion of the sale.\n\nYour dog won’t know which behavior you’re going to ask for next, so they can’t anticipate and guess. They have to really focus on the verbal cues and body language signals you use which helps proof the behavior. This is also good for transitioning your dog from one position to another. For example, many dogs struggle to sit from a down position because they originally learned to sit from a stand.\n\n', 'Get in the Box': 'To play this game, you’ll need a low-sided, open cardboard box, a clicker, and your dog’s favorite treats.\n\nAKC is a participant in affiliate advertising programs designed to provide a means for sites to earn advertising fees by advertising and linking to akc.org. If you purchase a product through this article, we may receive a portion of the sale.\n\nYour goal is to get your dog to stand completely in the box. Start by rewarding any interest in the box then work up to your dog stepping inside until finally all four paws are in. Placing the reward inside the box will help encourage your dog, and a clicker can help you communicate exactly what they’re doing right. Once your dog has mastered this size box, try smaller and smaller ones.\n\nThis game is a great introduction to shaping, a training technique that builds behavior in small increments. It also gets your dog thinking for themselves as they anticipate what might earn them a reward. Finally, it helps improve body awareness which is valuable for dog sports like agility.\n\n', 'Group Hide-and-Seek': 'The goal of this group game is for everybody to hide and your dog to find each person one at a time. However, if your dog doesn’t have a solid stay, somebody will need to hold the dog while everybody else leaves. You can also play this game with your dog and one other person.\n\nAKC is a participant in affiliate advertising programs designed to provide a means for sites to earn advertising fees by advertising and linking to akc.org. If you purchase a product through this article, we may receive a portion of the sale.\n\nFirst, decide on the order you will call the dog. Then after everybody is hidden, call the dog one at a time in that order, so your dog isn’t overwhelmed. When your dog finds the first person, have that person make a big fuss and reward the dog with a treat or toy before the next person takes their turn. Start with easy hiding places, such as when you’re only partially covered, then build up to more challenging situations.\n\nThis teaches your dog that coming when called leads to wonderful things. It’s worth their while to always keep an ear out for their name. It also encourages them to come even when you’re out of their sight, which can be essential in an emergency.\n\n', 'Treat Countdown': 'Count out 25 pieces of kibble or low-calorie treats at the beginning of the day. Then watch your dog for good behavior to reward. If your dog sits quietly while you clip on their leash, give a treat. If they stay quiet when the mail is delivered, give a treat. And so on. Hopefully you won’t have any kibble left by the end of the day.\n\nAKC is a participant in affiliate advertising programs designed to provide a means for sites to earn advertising fees by advertising and linking to akc.org. If you purchase a product through this article, we may receive a portion of the sale.\n\nThis reinforces good behavior, so your dog will eventually exhibit proper manners without having to be told what to do. And just as importantly, it teaches you to always pay attention to your dog and not take good behavior for granted. The behavior you reward will be repeated in the future.\n\n', 'We use cookies': '', 'Privacy Preference Center': ''}",[]
https://www.akc.org/expert-advice/training/preventing-aggression-in-dogs/,Preventing Aggression in Dogs: What to Know,"Sep 13, 2024","['socialization', 'aggression']","Stephanie Gibeault, MSc, CPDT","Owning a dog that snarls, lunges, snaps, or bites can be incredibly stressful. No matter whether it’s at other dogs, children, strangers, or any other trigger, it’s difficult to manage and emotionally exhausting.

Is there a way to prevent aggressive behavior from ever occurring? Unfortunately, no. You can’t guarantee your dog will never exhibit aggression. But you can make it far less likely. Four simple steps will go a long way toward preventing aggression in your dog.

","{'What Is Dog Aggression?': 'Dog aggression is an innate canine behavior. Therefore, any dog can act aggressively given the right circumstances. For example, if somebody attacks you or your dog, it would be natural for your dog to fight back. Dogs can use aggressive behavior to increase distance from a target, cause damage to a target, or to avoid escalation of a conflict. Dog aggression expert and certified dog behavior consultant Michael Shikashio, CDBC, tells his clients to think about what their dog is trying to accomplish by focusing on the function of the behavior. Shikashio defines aggression as “behavior used to increase distance from or eliminate a provocative stimulus or threat.”\n\n', 'The Importance of Socialization in Preventing Aggression': 'So, what does your dog consider threatening? For a well-socialized dog, the list of threats might be quite short. But for a dog that hasn’t been exposed to many people or situations, that list can be miles long and sometimes unpredictable. For instance, if your dog has never met a person using a cane before, that first encounter might intimidate or frighten them. They might snap or lunge to make that seemingly scary person go away.\n\nAKC is a participant in affiliate advertising programs designed to provide a means for sites to earn advertising fees by advertising and linking to akc.org. If you purchase a product through this article, we may receive a portion of the sale.\n\nPoorly socialized dogs often find the world overwhelming. They’re susceptible to reactivity, an out-of-proportion emotional response to an everyday occurrence. That in turn can put them at higher risk for aggressive behavior as they’re in a heightened emotional state and unable to think through their actions if provoked. But lack of socialization also leads to fear and anxiety in new situations, and fear is the number one cause of dog aggression. Therefore, the more comfortable your dog is with the world at large, the less likely they’ll exhibit aggressive behavior in ordinary situations.\n\nIt’s essential to positively expose your dog to as many things as possible. See that stranger, get a treat, for example. However, although you want to socialize your dog throughout their life, true socialization needs to be done while your dog is still a puppy. The things your puppy is exposed to during the first three months of their life will make a permanent impression on them, so it’s critical to provide them with a wide range of positive experiences.\n\n', 'Ensure Your Dog Is in Good Health': 'Shikashio says it’s also crucial to ensure your dog is feeling healthy and has no discomfort or underlying medical issues. Since dogs tend to hide their pain, it’s easy to miss when they don’t feel well. Yet, pain and certain health conditions can be another cause of aggression. “There’s just so many things that go [unnoticed] with dogs that people sometimes don’t recognize,” he says. “If we can make sure that a dog is feeling healthy and not in pain, then that can eliminate a lot of problems.”\n\nAKC is a participant in affiliate advertising programs designed to provide a means for sites to earn advertising fees by advertising and linking to akc.org. If you purchase a product through this article, we may receive a portion of the sale.\n\nProvide your dog with a high-quality diet and regular veterinary checkups, but also see your vet at the first sign of behavioral changes. Although behavior modification programs and training can tackle a lot of issues, you need to rule out physical causes first. For example, your dog might be growling during grooming sessions because they’ve developed arthritis and the brushing hurts their joints. Although handling exercises can help dogs feel more comfortable with grooming, it won’t make a difference if their hips ache.\n\nAKC is a participant in affiliate advertising programs designed to provide a means for sites to earn advertising fees by advertising and linking to akc.org. If you purchase a product through this article, we may receive a portion of the sale.\n\n', 'Provide Your Dog With Mental Stimulation and Physical Exercise': 'Enrichment is essential for your dog’s quality of life, but it’s an important consideration with aggression as well. Shikashio advises providing your dog with adequate physical exercise and mental stimulation. He believes that if you don’t meet your dog’s needs, behavioral issues are sure to follow. Understanding your dog’s breed characteristics and heritage can help you choose your enrichment appropriately. For example, a herding breed like a Border Collie needs a job to do such as agility, treibball, or another dog sport. A lapdog like a Chihuahua might do fine with a daily walk around the block. The important thing is your individual dog gets all the mental and physical exercise they need each day.\n\nAKC is a participant in affiliate advertising programs designed to provide a means for sites to earn advertising fees by advertising and linking to akc.org. If you purchase a product through this article, we may receive a portion of the sale.\n\n', 'Advocate for Your Dog’s Safety': 'Shikashio says the primary reason dogs display aggression is because they don’t feel safe. He believes the number one thing people can do for their dogs to prevent aggression is advocate for their safety. If you learn to recognize when your dog is uncomfortable, whether that’s getting a nail trim or somebody walking through the front door, you can intervene and prevent the situation from escalating.\n\nWatch for subtle signs of discomfort like yawning, displacement sniffing, a tucked tail, or pulled back ears. While learning dog body language is key, you also need to recognize your dog’s unique perspective and communication style. Somebody breaking into your home is scary for most dogs, but your individual dog might also be threatened when you approach their food bowl or tell them to get off their bed. Shikashio says once we recognize those signs, we can really advocate for our dogs. Regardless of the situation, it’s important to empathize with what your dog is going through and get them away from the scary thing or do something to minimize the threat.\n\nFinally, enlist the help of a behavior professional, such as a dog trainer, animal behaviorist, or behavior consultant, to help your dog work through their fears. Shikashio points out your dog may have to face their fears, such as going to the vet or walking down the street. So along with helping them in the moment, teach your dog to feel comfortable in the future by going slowly and pairing the situation with positive associations, such as feeding a treat when they see a stranger. Desensitization and counterconditioning can go a long way to changing your dog’s emotional response to those things they find scary.\n\nAKC is a participant in affiliate advertising programs designed to provide a means for sites to earn advertising fees by advertising and linking to akc.org. If you purchase a product through this article, we may receive a portion of the sale.\n\n“Once you do those things, the vast majority of behavior problems are not going to be there,” says Shikashio. Remember, there is no guarantee your dog will never act aggressively. But the less stress your dog is under and the more enrichment and safety your dog has, the less chance for aggression to strike. By paying attention to the factors above, you give your dog the best quality of life and yourself the reassurance that your dog is unlikely to snarl, lunge, snap, or bite.\n\n', 'We use cookies': '', 'Privacy Preference Center': ''}",[]
https://www.akc.org/expert-advice/training/teach-dog-to-trade-items-with-you/,How to Teach Your Dog to Trade Items With You,"Aug 29, 2024","['drop', 'trade']","Stephanie Gibeault, MSc, CPDT","Every dog owner has watched their dog grab something they shouldn’t. It might simply be inconvenient, such as your slippers, but it could just as easily be hazardous, like dropped medication or a cooked chicken bone.

So, what do you do when you catch your dog with an item you don’t want them to have? Forcing their mouth open is dangerous, and chasing them might cause them to swallow the item to keep it from you. However, retrieving that item will be far easier and safer if you teach your dog to trade with you.

","{'Getting Things Out of Your Dog’s Mouth in an Emergency': 'Dogs are pretty indiscriminate about what they pick up in their mouths, which is why it’s so important to puppy-proof your home. Even still, your dog will likely grab things you don’t want them to have, from toxic food like chocolate to dead animals at the park. As you don’t want to put your dog’s health at risk, you must be able to get those off-limits items away.\n\nFirst off, don’t panic. If you get upset or yell at your dog, your dog could run away or try to swallow the object. And running after your dog will seem like a game of chase from their perspective and could create a habit of your dog playing keep-away with your property. It’s also essential you don’t force your dog’s mouth open. If you get physical, many dogs will respond with aggression, which puts you at risk of a bite. It can also contribute to your dog developing behavior issues like resource guarding.\n\nInstead, stay calm and offer your dog any dog-safe treat you have nearby, ideally something they can’t resist, like steak or chicken breast. Your dog will have to drop what’s in their mouth to eat what you’re offering. You might have to hold the treat near their nose to catch their attention. But show them the goodies and, in a happy tone of voice, encourage them to take what you’ve got. Once your dog has taken the treat, toss several more in a trail away from the forbidden item. Then, you can pick it up after they’ve walked away instead of racing them to see who gets it first.\n\nAKC is a participant in affiliate advertising programs designed to provide a means for sites to earn advertising fees by advertising and linking to akc.org. If you purchase a product through this article, we may receive a portion of the sale.\n\n', 'Teach Your Dog a “Drop It” Cue': 'If your dog already knows to drop things on cue, you can simply ask them to “drop it” when they grab something they shouldn’t. You can train “drop it” using toys and treats or with the game of tug-of-war. The point is to teach your dog that giving something up when asked leads to them getting something just as good in return, whether that’s a treat in exchange for a child’s stuffed animal or a second round of tug for dropping their end of the tug toy. Then, when your dog has a forbidden item, you can use the cue, and your dog should happily drop the item in anticipation of earning a reward as usual.\n\n', 'Why Should You Teach Your Dog to Trade?': 'Whether your dog knows a “drop it” cue or not, if they’ve learned how to trade items with you, you will have a much easier time getting dangerous objects away from them. You can also prevent a stealing habit. Many dogs quickly learn that if they steal things you don’t want them to have, like your expensive new sneakers, you will give them your immediate attention and maybe even “play chase” with them. But if they learn they can swap items with you, the worst problem you’ll likely face is your dog bringing you your slippers repeatedly, even when you don’t want them.\n\nAKC is a participant in affiliate advertising programs designed to provide a means for sites to earn advertising fees by advertising and linking to akc.org. If you purchase a product through this article, we may receive a portion of the sale.\n\n', 'How to Teach Your Dog to Trade': 'Playing the trade game with your dog is easy. You just need to know your dog’s hierarchy of rewards. In other words, rank their favorite to least favorite items. Maybe they have a toy they don’t bother with much versus one they carry all over the house. Do they love freeze-dried liver but feel so-so about kibble? The trick is to play the game with the right combination of items. If the objects are too close on the scale, your dog might not swap; if they’re too far apart, your dog might not return the original item.\n\nAKC is a participant in affiliate advertising programs designed to provide a means for sites to earn advertising fees by advertising and linking to akc.org. If you purchase a product through this article, we may receive a portion of the sale.\n\nOnce you have your rankings, you’re ready to follow the steps below. However, don’t play this game if your dog is already exhibiting resource guarding or aggression around possessions. It’s unsafe and can exacerbate the problem behavior if not done correctly. Instead, enlist the help of a behaviorist or professional dog trainer with experience in treating behavior issues.\n\nThe following steps will teach your dog to happily trade items with you:\n\nAKC is a participant in affiliate advertising programs designed to provide a means for sites to earn advertising fees by advertising and linking to akc.org. If you purchase a product through this article, we may receive a portion of the sale.\n\nNow, if your dog gets a hold of something off-limits, you can use your “trade” cue to get the object back. Of course, you won’t ever give forbidden objects back to your dog after the swap, but if you play the trade game often enough, your dog will still relinquish their prize rather than guarding it or running off with it.\n\nAKC is a participant in affiliate advertising programs designed to provide a means for sites to earn advertising fees by advertising and linking to akc.org. If you purchase a product through this article, we may receive a portion of the sale.\n\n', 'We use cookies': '', 'Privacy Preference Center': ''}",[]
https://www.akc.org/expert-advice/training/is-your-dog-stubborn/,Is Your Dog Stubborn? Probably Not!,"Aug 09, 2024","['training', 'stubborn']","Stephanie Gibeault, MSc, CPDT","Do you struggle to train your dog? Do you say your dog’s cues multiple times to no response? Maybe your dog doesn’t listen to you or seems to willfully disobey. Is your dog stubborn?

No doubt you’ve decided you have that trickiest of pets – the stubborn dog. But what exactly does that mean? Is your dog choosing not to obey or might there be a simpler explanation behind their frustrating behavior?

","{'Are Dogs Really Stubborn?': 'Stubborn dogs are those that don’t do as requested the first time they’re asked. That’s different from a hyperactive dog that can’t sit still or a reactive dog having an emotional meltdown. Signs of a stubborn dog include ignoring you, refusing to come when called, only obeying after you’ve given a cue six or seven times, or simply wandering off. The behavior seems deliberate, as if your dog is choosing to disobey even though they know exactly what you want. But is that really the case? Probably not!\n\nToo often people interpret their dog’s behavior through a human lens and that’s most apparent when their dog doesn’t listen or obey cues. The dog is labelled as stubborn when, in reality, the dog either didn’t understand what was asked or didn’t think it was worth their effort. Dogs do what works for them, and they learn by the consequences of their actions. If coming when called means leaving the dog park but running off means more fun with friends, which do you think the dog will choose to do?\n\nAKC is a participant in affiliate advertising programs designed to provide a means for sites to earn advertising fees by advertising and linking to akc.org. If you purchase a product through this article, we may receive a portion of the sale.\n\nIn other words, your dog won’t obey just because you think they should. There must be something in it for them. And there should be. You wouldn’t work without getting a paycheck. So, although your dog is bonded to you, you need to teach them how to obey and why they should. Of course, that’s easier for some breeds than others.\n\n', 'What Are the Most “Stubborn” Dog Breeds?': 'Some breeds are famous for their so-called stubborn attitude. Lists of the most stubborn dog breeds often include the Afghan Hound, the Parson Russell Terrier, the Siberian Husky, and the American Bulldog. But whatever the list, expect to see members of the Terrier Group as well as Scenthounds and Sighthounds. This isn’t because these breeds are actually stubborn. It’s because they’re generally absorbed by other things, such as Bloodhounds being ruled by their noses, or they’ve been developed to have an independent personality, like terriers.\n\nWhat this is really a measure of is trainability, not willful insubordination. Some breeds are simply easier to train and that’s usually related to their heritage. In fact, a study in the journal Cell that looked at genetic drivers of behavior showed that increased trainability was a feature of herding and sporting breeds. Dogs like Labrador Retrievers and herding breeds like Border Collies have been bred to work alongside humans. It’s no surprise they tend to listen to us more attentively than dogs bred to work on their own.\n\nAKC is a participant in affiliate advertising programs designed to provide a means for sites to earn advertising fees by advertising and linking to akc.org. If you purchase a product through this article, we may receive a portion of the sale.\n\nBut owning a less trainable breed isn’t an excuse to let your training slide. You’re not doomed to be ignored. You simply need to work even harder to motivate your dog and teach them it’s worthwhile to listen to you. So, if you find yourself labeling your dog as stubborn, ask yourself the following questions to troubleshoot what’s really going on.\n\n', 'Are You Expecting Too Much Too Soon?': 'If your dog isn’t obeying, are you sure they really understand what you’re asking? Have you used luring, capturing, or shaping to teach them that a particular cue goes with a particular behavior? Don’t expect your dog to just get it. Imagine you’re visiting a different country for the first time, and you don’t know the language or the culture. You’re going to make a lot of mistakes as you try to fit in. And if the locals yell at you with unfamiliar words, will that make you any more likely to understand? Of course not. Remember, your dog doesn’t speak your language or know your rules until you teach them.\n\nAKC is a participant in affiliate advertising programs designed to provide a means for sites to earn advertising fees by advertising and linking to akc.org. If you purchase a product through this article, we may receive a portion of the sale.\n\nAlso be aware of poisoned cues. That’s where the cue has lost all meaning for your dog. This might be because you always repeat the cue and inadvertently taught your dog to wait until they hear it a certain number of times before they respond. You can also poison your cues if your dog isn’t quite sure what’s being rewarded, or you do something “negative” to associate that cue with. This could include recall, and then doing something negative when the dog comes, like putting them in their crate and leaving for work. It will just confuse them, so it’s important to always reward the recall cue, and change it if it’s been poisoned.\n\nAKC is a participant in affiliate advertising programs designed to provide a means for sites to earn advertising fees by advertising and linking to akc.org. If you purchase a product through this article, we may receive a portion of the sale.\n\n', 'Is Your Dog Engaged?': 'When interacting with your dog, make sure they’re paying attention to you. Consider teaching a “watch me” cue, so your dog knows it’s time to focus on what you’re about to say or do. But also look at your rate of reinforcement. If the environment is more rewarding than you are, that’s where your dog’s interest will be. To keep your dog engaged in a busy area or when you’re teaching a new behavior, reward every correct response at a fast rate. Only start to fade the treats when your dog is reliable in a given situation. And be sure the rewards you choose are rewarding from your dog’s point of view. Many dogs love treats like freeze-dried liver or cheese, but others would rather chase their ball.\n\nIt’s also important to look at your dog’s mood. Some dogs learn quite quickly and get bored by the sixth or seventh repetition of an exercise. If so, change things up regularly and keep your dog on their toes. But fear and anxiety can also affect a dog’s performance by shutting down the thinking part of their brain. Watch for signs of stress and remove your dog from those situations. Instead, work on changing your dog’s emotional response to their triggers before worrying about their performance.\n\n', 'Is Your Dog Distracted?': 'Staying in the quiet kitchen is not the same as staying in the park. If there are squirrels, children, other dogs, etc. competing for your dog’s attention, you’re going to lose your dog’s focus if you haven’t built up to that level of distraction. In other words, you’re expecting too much from your dog for their level of training. For example, teaching recall to a “stubborn” dog is a common struggle for dog owners. But if your dog doesn’t understand how to come when called in the quiet house, how can you expect them to do it outside when there are exciting temptations nearby? You need to train your dog to ignore distractions by building from the smallest to the most exciting, one baby step at a time.\n\nAKC is a participant in affiliate advertising programs designed to provide a means for sites to earn advertising fees by advertising and linking to akc.org. If you purchase a product through this article, we may receive a portion of the sale.\n\n', 'Are You or Your Dog Frustrated?': 'Sometimes your dog can be a source of stress, but whatever the reason, if you’re feeling frustrated, your bad mood will shut down your dog and make it difficult for them to listen or learn. What might seem like stubborn behavior is actually your dog reacting to your tone of voice and body language. And if your dog is the frustrated one, you’ll see the same drop in performance. Keep your interactions with your dog positive and upbeat. If you’re not in the mood to work with your dog, postpone and come back when you can both have fun with the process.\n\n', 'We use cookies': '', 'Privacy Preference Center': ''}",[]
https://www.akc.org/expert-advice/training/when-you-should-pick-up-your-small-dog/,When You Should (or Shouldn’t) Pick Up Your Small Dog,"Mar 10, 2026","['leash walking', 'small dogs', 'small breeds']","Sassafras Patterdale, CPDT-KA, CTDI","It’s an instinct for many owners of small breed dogs to pick them up at different points while walking, such as when they’re walking past larger dogs. It’s natural to want to protect your small dog from an approaching large dog. But, there are pros and cons to picking your little dog up.

","{'Training Small Dogs': 'Studies have shown that there are some behavioral differences between small and large dogs. In some ways, this research validates some of the commonly held beliefs about small dogs and their behavior. Specifically, the research showed that small dogs were more likely to be anxious than larger breed dogs. The study also indicated that small breed dogs were likely to be more excitable. They were also less reliable with responding to trained cues. “Little dogs get less training, less socialization, and are involved in fewer activities than big dogs, and that’s a shame for them,” explains Dr. Zazie Todd, a dog behavior expert.\n\nDr. Todd advises that small dogs can and do excel with training just as much as large breeds, but dog owners have to put the training work in. “Little dogs learn just like big dogs do, so you can use positive reinforcement to teach them to walk past other dogs, or if they are already fearful of big dogs, you can use counter conditioning to teach them they are okay,” she explains. Ideally, we want to hold our small dogs to the same training standards as larger breed dogs. Ensuring small dogs receive appropriate training can help them to feel more secure in the world and prevent behavioral issues.\n\n', 'When Should You Pick Up a Small Dog?': 'When walking a small dog, many dog owners instinctively will pick up their dog if they see a large dog approaching, especially if they’re off-leash or seem excited. Picking your dog up is a natural impulse because of the size difference. A larger, excited, or aroused dog can accidentally injure a smaller dog. By picking your small dog up off the ground, you can keep an approaching dog from getting to your dog. Picking up your small dog can also make them feel more secure if they’re reactive or nervous around other dogs.\n\nAKC is a participant in affiliate advertising programs designed to provide a means for sites to earn advertising fees by advertising and linking to akc.org. If you purchase a product through this article, we may receive a portion of the sale.\n\n“If you know that your little dog is reactive to other dogs, you can sometimes pick them up and turn them around so that they never even see the other dog,” Dr. Todd advises. She notes that this strategy can be especially helpful in keeping your dog from reacting. Plus, it can help you “protect your training if you aren’t ready at that moment to turn it into a training situation,” meaning if you don’t have treats with you or can’t quickly increase the distance from an approaching dog. By picking up your little dog, you can reduce the tension of passing a larger dog while walking. This will make the interaction easier for all dogs involved.\n\n', 'Dangers of Picking Dogs Up': 'Picking your little dog up can be a way to keep them safe from approaching large dogs. But, it can also create some potential challenges. “Unfortunately, if another dog is fixated on the small dog and is very close, the motion of picking up the dog can add to the arousal of the other dog,” warns Michelle Stern, a certified professional dog trainer and behavior consultant. If the large dog approaching seems aroused, picking your small dog up could cause the approaching dog to bite you. If you’re picking your dog up because they’re reactive or uncomfortable around other dogs, this may deescalate the situation for your dog. However, it could also be upsetting to your dog. In this case, lifting a small dog who is reactivating about an approaching dog could result in an accidental redirected bite by the small dog to the small dog’s owner as they’re picked up.\n\nAKC is a participant in affiliate advertising programs designed to provide a means for sites to earn advertising fees by advertising and linking to akc.org. If you purchase a product through this article, we may receive a portion of the sale.\n\n', 'Respecting Your Dog’s Boundaries': 'Although picking up your small dog might be easy, not all small dogs enjoy being picked up. For some dogs, getting picked up can be a disorienting, frightening, uncomfortable, or painful experience. Stern advises that we can make this experience more comfortable for our dogs by working on the skill ahead of time. She recommends teaching your dog when they can expect you to carry them. By doing this, you can train them to associate being picked up with something positive. You’ll also help them avoid being surprised by being scooped up. “One way to help the dog to accept being picked up is to give a verbal cue before you pick up the dog, so they know what to expect,” Stern explains. A verbal cue can prevent small dogs from being startled as they’re lifted and make the experience more positive.\n\nAKC is a participant in affiliate advertising programs designed to provide a means for sites to earn advertising fees by advertising and linking to akc.org. If you purchase a product through this article, we may receive a portion of the sale.\n\n', 'Alternatives to Picking Up Small Dogs': 'There can be benefits to getting your small dog off the ground as other dogs walk past. However, this isn’t always practical. If you have a small dog who doesn’t enjoy being picked up, or if you struggle to bend down to pick your dog up, you can use training to get your little dog off the ground. Trick training skills can be especially helpful to get your small dog height as a large dog passes.\n\nAKC is a participant in affiliate advertising programs designed to provide a means for sites to earn advertising fees by advertising and linking to akc.org. If you purchase a product through this article, we may receive a portion of the sale.\n\n“An alternative to picking up the dog could be cueing the dog to climb up onto a tall object that is out of the way or even behind a large object, so they can no longer be seen,” explains Stern. To do this, you can utilize front paw targeting or a lure to encourage your small dog to jump onto a log, rock, park bench, or other object in the environment and then add a verbal cue like “up.” This allows dog owners to get little dogs off the ground as a larger dog passes.\n\n', 'We use cookies': '', 'Privacy Preference Center': ''}",[]
https://www.akc.org/expert-advice/training/does-your-dog-steal-things/,Does Your Dog Steal Things? How to Prevent Your Dog From Playing Keep Away,"Mar 12, 2026","['body language', 'behavior', 'attention']","Stephanie Gibeault, MSc, CPDT","Does your dog steal things like shoes or dirty socks? Many dogs turn into thieves when their human’s property is left unattended. Everything from remote controls to used tissue is up for grabs. And rather than losing another expensive item, you probably feel compelled to chase your dog and snatch your property back. Of course, that turns into a game of chase – an activity dogs love. Next thing you know, keep-away is an unwelcome but regular activity.

Learn how to prevent the behavior from developing in the first place and what you should do instead when your dog steals something.

","{'Why Do Dogs Steal Things?': 'No doubt you’ve noticed your dog sniffs everything. That’s because dogs primarily experience the world through their sense of smell. Odor is essential to them, and objects that smell like their beloved humans are particularly coveted. So your dog will steal items you’ve worn or touched – they particularly enjoy stealing dirty laundry – even when those objects are meant to be off-limits.\n\nHowever, dogs also steal things because they’ve learned that it’s fun. If you run after your dog to take something back, they quickly discover it’s an easy way to get your attention. From your dog’s perspective, you drop what you’re doing and focus on them. Not to mention, you chase them all over in an epic game of keep-away. Once your dog has figured out how to trigger this exciting game, they will start stealing all kinds of things to get you to play.\n\n', 'Why You Shouldn’t Chase Your Dog When They Steal Things': 'The items your dog is stealing likely aren’t meant to be chew toys and could pose a health hazard. For example, your dog could break a tooth by chomping on something hard. But more likely, they could tear chunks off something soft, such as the sole of a shoe, and then choke if they try to swallow one. Objects can also cause intestinal blockages if your dog eats them. Plus, many dogs will swallow forbidden objects when you try to take them away in an effort to keep their prize.\n\nAKC is a participant in affiliate advertising programs designed to provide a means for sites to earn advertising fees by advertising and linking to akc.org. If you purchase a product through this article, we may receive a portion of the sale.\n\nWhen your dog steals an object, it’s important you don’t respond with anger or threats, as it will only create additional problems. Also, forcibly removing objects from your dog’s mouth puts you at risk. Your dog could become defensive and growl, snap, or even bite you. You could also cause your dog to develop resource guarding, as they won’t trust that what they have is theirs to keep. A fear of having desired items snatched away can motivate that type of aggression and requires the assistance of a behavior professional to manage and treat.\n\n', 'How to Prevent Your Dog From Developing a Keep-Away Habit': 'If chasing your dog makes the problem worse, what should you do? First, try to prevent the habit from ever developing. Keep items out of your dog’s reach by puppy-proofing your house. For example, keep your shoes in the closet and put lids on the hamper and garbage cans. If your dog can’t get to forbidden objects in the first place, you don’t need to worry about theft.\n\nAKC is a participant in affiliate advertising programs designed to provide a means for sites to earn advertising fees by advertising and linking to akc.org. If you purchase a product through this article, we may receive a portion of the sale.\n\nAlso, make sure your dog has adequate mental stimulation and physical exercise. Bored dogs look for their own fun, but if your dog is already busy, they’ll be less likely to bother with your belongings. It helps to provide your dog with a variety of toys and edible chews to occupy their time. Rotate the toys every week or two to keep them feeling fresh and new so your dog stays interested.\n\nFinally, teach your dog a “leave it” cue so they understand when something is off-limits. Start with treats in your hand and close your fist when your dog tries to take one. Then, open your hand when your dog backs off. Reinforce them with a treat from your other hand to show them that leaving something alone is just as rewarding as trying to take it.\n\n', 'What to Do If Your Dog Steals Something': 'If your dog is already a seasoned thief, you must break the habit. First, puppy-proof your house to limit your dog’s opportunities to steal. Second, teach your dog a “drop it” cue so they learn that giving things up means getting something even better in return. You can also teach your dog to trade items with you. For example, offer them a piece of chicken in exchange for a toy. Then, once they’ve eaten the chicken, give the toy back. Returning the toy will teach your dog that it’s no big deal to give things to you. Then, if you ever need to take something away permanently, your dog will be less likely to care.\n\nAKC is a participant in affiliate advertising programs designed to provide a means for sites to earn advertising fees by advertising and linking to akc.org. If you purchase a product through this article, we may receive a portion of the sale.\n\nHowever, don’t practice trading with your dog if they already perform resource guarding behavior or exhibit signs of stress or anxiety like pulled-back ears, stiff posture, growling, or a tucked tail. This body language indicates your dog is uncomfortable. Enlist the help of a professional dog trainer or behavior consultant to help you with this issue. But if your dog is in possession of something potentially dangerous, such as food containing chocolate, you won’t have time to call a professional. In this case, you could trade an object with your dog. You could also try throwing or dropping treats or kibble nearby so you have time to retrieve the object.\n\nFinally, if your dog does steal something, never chase them. Instead, approach them calmly with something more valuable in your hand or lure them to you with a particularly delectable treat. Don’t panic, but instead keep a cool head. Act like the item doesn’t matter because, for some dogs, the more you seem to want the item, the more they want to keep it. Once you have your dog’s attention, use your “drop it” cue or swap with your dog for the item in your hand. Then, praise heavily when your dog makes the trade. With management and consistency, your dog will eventually decide there are better games to play than keep-away.\n\n', 'We use cookies': '', 'Privacy Preference Center': ''}",[]
https://www.akc.org/expert-advice/training/dogs-may-understand-the-meaning-of-words/,Dogs May Understand the Meaning of Words,"Jun 06, 2024","['cues', 'language', 'words']","Stephanie Gibeault, MSc, CPDT","If you talk to your dog, you’re in the majority: 84% of pet owners talk to their dogs. Maybe it’s just to ask for certain behaviors, or maybe it’s entire conversations. Either way, have you ever wondered how many words your dog can understand? Do they know the meaning of those words, or do they just remember that certain sounds lead to certain outcomes, like “walk” leading to a trip outside? Recent research is shedding new light on if dogs can truly understand human language, and the truth might surprise you.

","{'Dogs Recognize Different Languages': 'People talking isn’t just noise to your dog’s ears. According to a study in the journal NeuroImage, dogs recognize words they haven’t been formally taught. By placing dogs in MRI machines, scientists showed that dogs can tell the difference between nonsense sounds and human language. They can even tell familiar languages and unfamiliar ones apart. The scans showed that dogs process speech in two steps – first, their brain determines whether the sound they hear is speech, then it decides if it’s a language they’re familiar with.\n\n', 'Dogs May Not Recognize the Details of Human Speech': 'Even though they can recognize familiar and unfamiliar languages, they can’t always tell apart similar sounds. A Royal Society Open Science study found that dogs struggle to distinguish phonetic details when they’re listening to people speak. For example, “stay” and “shay” would both result in your dog staying still.\n\nAKC is a participant in affiliate advertising programs designed to provide a means for sites to earn advertising fees by advertising and linking to akc.org. If you purchase a product through this article, we may receive a portion of the sale.\n\nThe researchers used electroencephalography (EEG), a non-invasive way of recording electrical activity in the brain, on awake, cooperating dogs. They discovered instruction words the dogs already knew, like “sit” or “down,” weren’t distinguished in the dogs’ brains from similar-sounding nonsense words. However, that doesn’t necessarily mean the dogs don’t hear the difference. They just might not consider the difference important.\n\n', 'Dogs May Understand the Meaning of Words': 'But what about “Chaser,” known as the smartest dog in the world? She was a Border Collie that knew over 1,000 proper nouns. She was able to retrieve hundreds of toys from another room by their name alone. She must have had a mental representation of what each name or word represented. Was she an exceptional canine genius, or can other dogs use toy names as object labels too?\n\nWhen other dogs were tested like Chaser and asked to fetch their toys, they didn’t perform any better. So, researchers in the Neuroethology of Communication Lab of the Eötvös Loránd University decided to try a different approach. Using non-invasive EEG technology, the scientists recorded brain activity in dogs to see if certain words stood for certain objects in their minds. In other words, did hearing the word activate a matching mental representation? 18 dogs (including Border Collies, an Akita, a Toy Poodle, a Pumi, a Labrador Retriever, and mixed breeds, among others) and their owners participated in the study. The results were published in the journal Current Biology.\n\nAKC is a participant in affiliate advertising programs designed to provide a means for sites to earn advertising fees by advertising and linking to akc.org. If you purchase a product through this article, we may receive a portion of the sale.\n\nThe owners would say a word for a toy the dog knew and then show the dog an object. Sometimes the object was the matching toy and at other times the object was a mismatch. For example, the owner might tell the dog to look at the ball but show the dog a Frisbee. The dogs were awake and had small metal electrodes taped to their heads, so their brain activity could be recorded while they watched and listened to their owners. The brain recordings showed one pattern when the object was a match and a different pattern for the mismatch. This is similar to what is seen in humans and is considered evidence that humans understand words. So it looks like Chaser, as incredible as she was, isn’t as unique as once thought. Dogs have the capacity to understand words as object labels just like us.\n\nAKC is a participant in affiliate advertising programs designed to provide a means for sites to earn advertising fees by advertising and linking to akc.org. If you purchase a product through this article, we may receive a portion of the sale.\n\nAccording to Lilla Magyari, PhD, a cognitive neuroscientist at the University of Stavenger, Norway, and one of the researchers, this specific study was particularly challenging. Canine EEG experiments are usually easy to run and can be done with untrained dogs. In this study, it was difficult to find dogs that knew at least five object names. On top of that, the dogs couldn’t play with the toys. They had to lie motionless and watch their owner show them the toy, then put it away. Some dogs couldn’t manage, others just needed a bit of training beforehand, and some were very calm and accepted the task. “This required an enormous amount of self-control from them,” Dr. Magyari said, “and we are very grateful to them and their owners for their persistence.”\n\n', 'Does a Dog’s Vocabulary Matter?': 'The results were influenced by how well the dogs knew the words, at least according to their owners, with a greater difference in brain activity for words the dogs knew better. But Dr. Magyari says older dogs with more experience with human language didn’t show greater brain activity difference than younger dogs. However, she said, “In our sample, there was also no relationship between the dog’s age and the number of words they knew.”\n\nIn terms of the earlier research on phonetic details, Dr. Magyari wouldn’t expect dogs to react differently to words they know and similar-sounding nonsense words, such as “Frisbee” and “bisbee.” Both should show the mismatch reaction if the dog was shown a ball, for example. But she believes it’s possible that this mismatch reaction could be modified by the number of object labels a dog understands. “When a dog has a lot of toys, then the dog has more opportunities to hear different words for them, perhaps learn those words and this may give them an opportunity to realize that phonological details in a word matter. A comparison between dogs with high and low vocabulary could shed light on this issue in the future,” she explains.\n\n', 'Is This Ability Unique to Dogs and Humans?': 'This type of referential understanding of words has yet to be found in any other species besides humans. There could be several reasons why that is. The first could be based on dogs’ evolutionary history. According to Marianna Boros, PhD, cognitive neuroscientist and postdoctoral researcher at the Neuroethology of Communication Lab and one of the study’s authors, dogs have been selected for over 5,000 generations to cooperate and communicate with humans. That domestication process could’ve played a role in their capacity to understand object words. However, she says it’s also possible their rich contact with objects and human speech is another important factor.\n\nAKC is a participant in affiliate advertising programs designed to provide a means for sites to earn advertising fees by advertising and linking to akc.org. If you purchase a product through this article, we may receive a portion of the sale.\n\nFinally, it’s possible that this capacity is generally present in mammals, including non-domesticated species. Dr. Boros explains that whether animals can understand that words or symbols stand for things or concepts has been a topic of scientific debate, although there have been reports from wild species that support the idea. However, all the evidence prior to this study was based on the animals’ behavior, not their mental processes. “But in our study, we were able to show that dogs activate the mental representation of the object when they hear its name. To confirm previous behavioral reports, more species should be tested in the future,” she notes.\n\nAKC is a participant in affiliate advertising programs designed to provide a means for sites to earn advertising fees by advertising and linking to akc.org. If you purchase a product through this article, we may receive a portion of the sale.\n\nEEG testing on other species isn’t the only area for future study. Dr. Boros says the current research’s proof of a marker in a dog’s brain activity when there’s a mismatch in expectations opens other doors for testing dogs’ knowledge about their environment. For example, does this mismatch occur in other semantic contexts outside of object labels? Chaser knew adjectives like bigger and smaller. Do other dogs understand those concepts? What about exploring physical and social cognition? By looking at brain activity, we have a new window into the dog’s mind.\n\n', 'We use cookies': '', 'Privacy Preference Center': ''}",[]
https://www.akc.org/expert-advice/training/aggression-in-dogs/,"Aggression in Dogs: Signs, Symptoms, Treatments","May 22, 2024","['reactivity', 'aggression']","Stephanie Gibeault, MSc, CPDT","Dog aggression is a serious and potentially dangerous behavior. The snapping, snarling, lunging, and barking are impossible to ignore and the last thing you want to see in your dog. It’s extremely stressful to own a dog that exhibits these behaviors. Aggression can also erode the dog-human bond, and often leads to isolating the dog from people and other animals. But although aggression can be easy to recognize, it can be harder to define. What is dog aggression exactly, and what is the motivation behind it?

Read on to better understand your dog’s aggressive behavior. The knowledge will ease your emotional burden, make you a stronger advocate for your dog, and help you teach your dog better ways to cope.

","{'What Is Dog Aggression?': 'Dog aggression is often an “I know it when I see it” type of behavior. However, the definition can vary according to who you ask. An ethologist might say aggressive behavior is behavior directed toward the elimination of competition. You can also label it as any harmful or threatening behavior used by a dog.\n\nDog aggression expert and certified dog behavior consultant Michael Shikashio, CDBC, likes to simplify things by focusing on the function. “I define aggression as behavior used to increase distance from or eliminate a provocative stimulus or threat,” he explains. Typically these behaviors are used by dogs to avoid an escalation of conflict, increase distance from a target, or cause damage to the target.\n\nIn other words, the dog exhibiting aggressive behavior wants more space even if they have to attack the threat to get it. It’s not rough dog play, even though people sometimes struggle to distinguish playing from dog fighting. It’s also different from predation, where the goal is to get closer until the dog can catch and eat the prey.\n\n', 'When to Get Help With Dog Aggression': 'Dog aggression is difficult to handle without professional help. First, safety is your primary consideration. Second, it’s emotionally charged, which can make it challenging for you to assess the situation. For example, are you stressing your dog with your actions, or are you missing early warning signs?. Management and behavior modification techniques must be suited to the underlying cause. Finally, the more your dog practices aggressive behavior, the harder it will be to change.\n\nAKC is a participant in affiliate advertising programs designed to provide a means for sites to earn advertising fees by advertising and linking to akc.org. If you purchase a product through this article, we may receive a portion of the sale.\n\nSeek the help of a professional at the first sign of aggressive behavior. In fact, most aggression is driven by fear, so intervening early if you have a fearful dog is best. Don’t wait for aggression to escalate to a bite or attack. A veterinary behaviorist, animal behaviorist, certified behavior consultant, or professional dog trainer with experience handling aggression can teach you management techniques, help you identify your dog’s triggers, and develop a treatment plan to help your dog cope better with those triggers.\n\n', 'Remove the Emotion if Your Dog Exhibits Aggressive Behavior': 'Understanding aggression as distance-increasing behavior takes some of the emotional baggage away. Rather than thinking about words like “harm” and “violence,” consider your dog’s desire for space and safety. They are looking to protect themselves or what they consider to be their property from something or someone they perceive as a threat.\n\nAKC is a participant in affiliate advertising programs designed to provide a means for sites to earn advertising fees by advertising and linking to akc.org. If you purchase a product through this article, we may receive a portion of the sale.\n\nIt’s important to remember that aggression isn’t an abnormal behavior for dogs. Given the right circumstances, every dog is capable of aggression, just as every person is. Therefore, Shikashio warns against labeling your dog as aggressive. He says you should describe the behavior as aggressive instead of describing the dog as aggressive. After all, your dog isn’t aggressive all the time. There are certain circumstances that trigger aggressive behavior.\n\n', 'What Causes Dog Aggression?': 'Fear is the number one cause of aggressive behavior in dogs. For example, a dog that is afraid of strangers may consider a delivery person at the door a threat and, therefore, attack. But dogs can exhibit aggressive behavior for a variety of other reasons, including:\n\nThe key element linking all these situations is the dog feels unsafe or threatened and wants something or someone to go away.\n\nAKC is a participant in affiliate advertising programs designed to provide a means for sites to earn advertising fees by advertising and linking to akc.org. If you purchase a product through this article, we may receive a portion of the sale.\n\nRecent research in the journal Scientific Reports supports the idea that fear is a critical element in dog aggression. After collecting owner questionnaires for over 9,000 purebred dogs, the authors found that dogs exhibiting aggressive behavior were more often male, small in size, the owner’s first dog, the only dog in the family, and fearful. In fact, highly fearful dogs were more than five times likelier to exhibit aggressive behavior than non-fearful dogs.\n\nThe study also found that the probability of aggressive behavior increased with age and differed between breeds. Rough Collies, Toy Poodles, Miniature Poodles, and Miniature Schnauzers had the highest odds of aggressive behavior whereas Labrador Retrievers, Golden Retrievers, and Lapponian Herders had the lowest odds. Interestingly, Staffordshire Bull Terriers, a breed often stereotyped or targeted by breed-specific legislation, had low odds of aggressive behavior in the study.\n\nDifferent breeds tending to have different temperaments may partly explain breed differences in aggressive behavior. That’s due to generations of selective breeding for particular qualities, some of which include aggression used for a purpose. Think about livestock guarding dogs, protection dogs, police dogs, and military dogs—we’ve selected for breeds used for these purposes to display aggression in certain circumstances. Therefore, Shikashio takes a dog’s breed into consideration, as it may mean a higher likelihood of aggression. However, he believes each dog is unique.\n\nAKC is a participant in affiliate advertising programs designed to provide a means for sites to earn advertising fees by advertising and linking to akc.org. If you purchase a product through this article, we may receive a portion of the sale.\n\nMore importantly, he also looks at the individual dog’s underlying motivations and emotions, such as fear, rage, anger, frustration, stress, anxiety, and arousal. He says these can act as fuel in a gas can, and the more fuel in the can, the more likely a trigger will act as a match, igniting an explosion. For example, in a dog that guards their food bowl, the gas can could be fueled by the dog’s hunger, a juicy steak in the bowl rather than kibble, strangers in the home, and a painful flare-up of arthritis. The match, or trigger, could be a person reaching for the bowl while the dog is still eating. With all of those circumstances fueling the situation, the dog is more likely to react aggressively once triggered. Therefore, it’s important to look at what’s motivating the dog. The outward signs of aggression are all symptoms of the underlying issue. It’s the causes, like pain and fear, that need to be addressed first.\n\n', 'Recognizing Early Warning Signs of Dog Aggression': 'Is there a way to predict aggressive dog behavior before it occurs? Most of the time, yes. Shikashio uses a teapot analogy. When a teapot on the stove begins to boil, the whistle goes off. That’s the dog reacting aggressively. But before that whistle, when the teapot is still getting warm, if you listen closely, there are little crackles. Those crackles are the early warning signs. “If we pay attention,” he explains, “then we can pull the pot off the stove before there’s even any risk of getting burned.”\n\nAKC is a participant in affiliate advertising programs designed to provide a means for sites to earn advertising fees by advertising and linking to akc.org. If you purchase a product through this article, we may receive a portion of the sale.\n\nSo how do you recognize the warning signs of aggression? By paying attention to your dog’s body language, behavior, and vocalizations. These are how dogs communicate that they feel uncomfortable, threatened, or unsafe. For example, one reason dogs may growl is to tell others to back off. It’s a warning sign—your dog is stressed and, as such, you should never punish growling behavior. Warning behaviors like growling tell you that the current situation is more than your dog can handle—the crackles of the kettle—so it’s time for you to step in and ease your dog’s discomfort before the situation escalates.\n\nDogs displaying signs of stress don’t always escalate to aggression. But it’s important to respect what your dog is communicating, so you can intervene to help them feel safe and prevent them from feeling the need to ramp up their behavior. The earlier you recognize what’s happening, before your dog needs to growl, for example, the better you can advocate for your dog. Here are some signals to watch for:\n\nAKC is a participant in affiliate advertising programs designed to provide a means for sites to earn advertising fees by advertising and linking to akc.org. If you purchase a product through this article, we may receive a portion of the sale.\n\nBut Shikashio notes that every dog is different, so you need to know your own dog’s unique signs. “Not every dog is going to go through yawning, lip licking, freezing, all those typical lower-level signals that we’d see, so learning what an individual dog does is so helpful in predicting if an aggressive response is going to happen,” he says.\n\n', 'How Do You Treat Aggression in Dogs?': 'Never punish aggressive behavior. Yelling at your dog or physically confronting them will only exacerbate the situation and can result in further aggression such as biting. It’s simply not safe. But just as importantly, it won’t help your dog feel better about the situation. In fact, they will be more likely to react aggressively next time around. The same goes for growling and any other warning sign. Respect what your dog is telling you and empathize with their emotions. Reach out to a behavior professional for assessment and development of a behavior modification program.\n\nThere are many ways to modify aggressive dog behavior. A behavior professional will help you find the right technique for your particular dog. However, Shikashio says the vast majority of the time, desensitization and counterconditioning are helpful. That’s because desensitization involves gradually exposing a dog to their trigger at a distance and at low levels of intensity. Then, counterconditioning changes a dog’s negative association of the trigger to a positive association. Shikashio describes the process as a “treat party” whenever the dog sees their trigger at a distance. “Doesn’t matter what you’re doing for behavior – you can look at the thing, you can look at the sky, you can sniff the ground – but the treats are going to keep happening while this thing is in the environment, 100 yards away.”\n\nAKC is a participant in affiliate advertising programs designed to provide a means for sites to earn advertising fees by advertising and linking to akc.org. If you purchase a product through this article, we may receive a portion of the sale.\n\nCounterconditioning involves classical conditioning or learning the association between events. But Shikashio likes to include operant conditioning in his treatment plans, too. Operant conditioning is where the dog learns the consequences of their behavior. Using a technique called differential reinforcement, Shikashio has his clients mark and reward their dogs in the presence of the target for doing a behavior that isn’t aggressive, such as looking at the target or going to their bed. This teaches the dog an alternative way of behaving while also building a positive association with the target.\n\nThere are other techniques for modifying aggression, such as Behavior Adjustment Training (BAT), which was developed by Grisha Stewart, MA, CPDT-KA, KPACTP, and Constructional Aggression Treatment (CAT), which was developed by Kellie Snider, MS. If your dog is exhibiting aggressive behavior, or is simply showing signs of fear or stress, it’s essential to get help from a professional. Aggressive behavior can be exceedingly dangerous and puts you and your dog at risk. A professional can give you guidance about what to do, how to do it, when to do it, and how to manage setbacks.\n\nWhile you’re working on modifying your dog’s aggression, it’s important to manage your dog and their environment to reduce any opportunities they have to practice. Every time your dog practices aggressive behavior and gets the desired outcome — whether that’s your hand retreating from the food bowl or a stranger walking away from the door — it reinforces they should keep repeating it. Shikashio explains that if aggression works to make a scary thing go away, the dog is going to remember that and go for that next time. “Because when you think about it, safety is more important than anything else.”\n\nAKC is a participant in affiliate advertising programs designed to provide a means for sites to earn advertising fees by advertising and linking to akc.org. If you purchase a product through this article, we may receive a portion of the sale.\n\nPlus, each time your dog experiences their aggression triggers, their stress levels increase, making it more likely they’ll escalate from warning signals like freezing or tail tucking to aggressive behaviors like snarling, snapping, and biting. So, as you work on behavior modification strategies to reduce your dog’s aggressive behavior, it’s also important to teach them how to better cope with stress, and to manage their environment to eliminate as many triggers as possible.\n\nAlong with behavior modification, it’s important to rule out any medical causes for your dog’s aggression. Along with pain, conditions like psychomotor epilepsy and hormonal imbalances can lead to aggression. Your veterinarian can also determine if medication may help reduce your dog’s aggression. For example, medications that reduce anxiety can help your dog cope with their triggers and make them more responsive to your behavior modification techniques. The more tools you have in your toolbox, the better you can help your dog.\n\nAKC is a participant in affiliate advertising programs designed to provide a means for sites to earn advertising fees by advertising and linking to akc.org. If you purchase a product through this article, we may receive a portion of the sale.\n\n', 'Is There Hope for Dogs That Exhibit Aggressive Behavior?': 'Owning a dog that exhibits aggressive behavior (or even a reactive dog) is truly stressful. Simply managing the situation day to day can be exhausting. Many owners of aggressive dogs feel trapped, as they can’t participate in the world with their dogs in the ways they might want to or might have planned to when they acquired their dog. Safety is a constant concern, and owners can often feel guilty that they may have let their dogs down or failed them. These are all valid feelings. If you have a dog that exhibits aggressive behavior, do all you can to help your dog while remaining confident in the knowledge that you are a good dog owner and your dog is more than just their aggressive behavior.\n\nHowever, despite exhausting every strategy, sometimes a truly aggressive dog doesn’t improve. There might be a safety consideration, such as an unpredictable dog with a bite history. In these cases, you may face the extremely difficult decision of whether to opt for behavioral euthanasia. This is when a dog is humanely euthanized because of severe behavioral issues, and it may be your only option for a truly dangerous dog, or a dog whose quality of life is suffering as a result of its aggressive behavior. It isn’t something anyone likes to talk or think about, and it’s an extraordinarily difficult decision wracked with guilt, stress, anger, and other emotions. Don’t decide alone. Although they can’t make your decision for you, consulting with behavior professionals will help to give you an objective assessment of your dog’s behavior and all possible options.\n\nAKC is a participant in affiliate advertising programs designed to provide a means for sites to earn advertising fees by advertising and linking to akc.org. If you purchase a product through this article, we may receive a portion of the sale.\n\nBut for most dogs, using all the tools at your disposal — behavior modification, management, medication — can help you reduce the aggressive behavior or at the very least make it more manageable. Aiming to fully eliminate it from your dog’s repertoire may be an unrealistic goal. Shikashio suggests focusing on the journey over the destination. It will help you empathize with your dog and see them for who they are as you guide them along and work with them. “You can walk this path with your dog, but it’s never going to necessarily end. You’re not always going to get to that end stage goal, and you don’t have to. You’re making progress, you’re helping the dog, and you’re taking this path together … towards just having a better quality of life.”\n\n', 'We use cookies': '', 'Privacy Preference Center': ''}",[]
https://www.akc.org/expert-advice/training/common-dog-training-mistakes/,Make Dog Training More Effective With These Basics,"Apr 24, 2024","['positive reinforcement', 'recall cue', 'rewards']","Stephanie Gibeault, MSc, CPDT","No doubt you’ve seen dogs on TV or at a dog sports event and been amazed by the tricks they can do. And what about those dogs who have obedience down pat? Have you ever wondered if you can train your dog like that? Absolutely! You can train your dog to do almost anything with the right methods and attitude. But some common dog training mistakes could get in your way.

Although many people make these missteps, with a little knowledge and effort, you can steer clear to boost your training game.

","{'Don’t Be Afraid to Be Silly': 'Training should be fun for your dog, so don’t be afraid to get goofy when you’re working with them. Praise them with a high-pitched and silly tone of voice when they behave appropriately or correctly obey a cue. A singsong “Who’s a good puppy?” will communicate more enthusiasm to your dog than a monotone “Good dog.” Don’t let embarrassment stop you from showing your dog how pleased you are.\n\nYou can also use your best goofy behavior and voice when training a recall cue. If you sound angry or panicked, your dog will turn and run the other way. But if you sound like you’re having a party, how can your dog resist coming over to play, too? Remember, dogs respond to your body language and tone of voice just as much, if not more than, your words. So, keep things upbeat and fun.\n\n', 'Stay Positive When Training': 'It can be maddening when your dog gets it wrong. But never let your dog see your frustration. It’s important to maintain an upbeat attitude because dogs can read human emotions. If your dog thinks you’re angry or stressed, they’ll shut down and stop learning. Although this often looks like your dog is being stubborn or ignoring you, they’re simply reacting to your negative mood. If you see your dog yawning, looking away, sniffing the ground, or other signs of “disinterest,” take stock of your emotions and see what you’re projecting. If you can’t recover, take a break and try training later when your patience and positivity are refreshed.\n\nAKC is a participant in affiliate advertising programs designed to provide a means for sites to earn advertising fees by advertising and linking to akc.org. If you purchase a product through this article, we may receive a portion of the sale.\n\nIt’s also important your dog feels safe to learn through trial and error. If you correct your dog’s mistakes with words like “No!” or “Ehh!” or any other aversive, they’ll fear getting it wrong. Rather than actively participating in the training process, they’ll disengage and stop trying. It’s far better to use positive reinforcement training techniques, set up your dog for success, and reward their accomplishments.\n\n', 'Be Generous With Treats': 'Reward your dog generously and frequently. Too many people are stingy with rewards or won’t use anything but praise. But would you go to work if you stopped getting a paycheck? Behaviors that are reinforced are repeated, so don’t be tightfisted with the treats, praise, games of fetch, or whatever you use to reward your dog. That will foster a love of training in your dog and make listening to you worthwhile.\n\nAKC is a participant in affiliate advertising programs designed to provide a means for sites to earn advertising fees by advertising and linking to akc.org. If you purchase a product through this article, we may receive a portion of the sale.\n\nIt’s also helpful to be fast with reward delivery. Otherwise, your dog can become confused about what exactly you’re reinforcing or can lose interest and wander away to find their own rewards. Using a marker like a clicker or a word like “yes” can help bridge the gap between the dog’s behavior and the goodies, but the quicker you are, the better.\n\n', 'Match the Reward to the Challenge': 'A reward is only reinforcing if it’s good from your dog’s point of view. Your dog might be crazy about cheese, but if you choose to reward with kibble their performance will drop. Know what your dog loves most and build a reward hierarchy. Use the rewards at the top of the list for the most challenging tasks and save the items at the bottom for behaviors your dog has mastered. And don’t forget about life rewards like going for a walk or getting attention or cuddles.\n\nAKC is a participant in affiliate advertising programs designed to provide a means for sites to earn advertising fees by advertising and linking to akc.org. If you purchase a product through this article, we may receive a portion of the sale.\n\nDon’t worry, you won’t be giving rewards every single time forever. When your dog is first learning a new cue or behavior, it’s essential to reward them every time. But once they know what to do, you want to slowly fade your rewards until your dog only gets them randomly. Just think about a slot machine. You want your dog to become addicted to working for you.\n\n', 'Reward Placement Matters': 'Whatever your dog is doing when they get a reward will be reinforced. For example, if you ask your dog to lie down, but they’re sitting again when you give them their cookie, you’ve really reinforced sitting. Think carefully about what your dog is doing or how their body is positioned when you give treats. Then you can time the delivery at the correct moment. This is especially important if you’re using shaping to build a behavior one tiny step at a time.\n\n', 'Try Not to Confuse Your Dog': 'Although dogs may understand many words, your dog will be attending to your body language, gestures, and the tone of your voice, along with what you say. Make sure every signal is in agreement to avoid confusing your dog. For example, if you ask your dog to stay but then you step back, don’t be surprised if your dog gets up to follow. It’s also important not to hover over your dog or invade their personal space. That can cause stress and disengagement, particularly in shy or anxious dogs.\n\nAKC is a participant in affiliate advertising programs designed to provide a means for sites to earn advertising fees by advertising and linking to akc.org. If you purchase a product through this article, we may receive a portion of the sale.\n\nAlso, keep your cues noticeably different. If you use “crate” to ask your dog to enter their crate but “wait” to ask them to wait at doorways, your dog might struggle as they sound so similar. You can use any word or gesture you want for behaviors. Even “banana” can mean sit if you teach it that way, so be conscious of making all your verbal cues and body language signals distinct.\n\n', 'Teaching Your Dog to Generalize Cues': 'Dogs don’t generalize well. That means if you teach your dog to sit in the kitchen, they’ll think the cue for sit means “sit in the kitchen.” You need to train your dog in many different environments before they understand that their cues apply no matter where they are. Every time you move to a new location, go back to basics so your dog doesn’t become confused or frustrated. The same is true with the three Ds – distance, duration, and distraction. To help your dog generalize, each D should be trained separately before you combine them. This is known as proofing the behavior.\n\n', 'Avoid Repeating or Poisoning Your Cues': 'It’s tempting to repeat a cue if your dog doesn’t respond immediately. Pretty soon, “come” turns into “come, come, come.” But this cue nagging only teaches your dog they don’t have to listen the first time. Even worse, they’ll think the cue is actually “come, come, come” and won’t do anything if they hear the word said only once. To help your dog respond the first time, get their attention first with their name (the name game helps with this) or a cue like “watch me.” If your dog is too distracted to obey, don’t say the cue. Find another way to get them to do as you wish, then work on building your dog’s performance around distractions.\n\nAKC is a participant in affiliate advertising programs designed to provide a means for sites to earn advertising fees by advertising and linking to akc.org. If you purchase a product through this article, we may receive a portion of the sale.\n\nIt’s equally important not to poison your cues. That’s where you associate the cue with something negative. This often happens with the recall cue. You might call your dog to come in the park before taking them home or call them to come before trimming their nails. If a cue signals the end of fun or the beginning of something unpleasant, your dog will stop responding to it. If you need to do something they dislike, like bathing your dog, use a different method, such as luring them with a treat or clipping on the leash and walking them there.\n\n', 'Practice Dog Training Every Day': 'Just like you might practice piano every day, dogs need repetition to improve their skills. Too many people attend dog training classes but fail to practice what they learned during the week. You don’t need to spend an hour a day. In fact, that’s way too long for most dogs, but five to 10 minutes is more than enough. If you incorporate your training into your daily routine, that’s even better. If your dog wants a walk, ask for a sit or down before clipping on the leash. Before you lower the food dish, ask your dog to do a trick like shake a paw, and so on.\n\nAKC is a participant in affiliate advertising programs designed to provide a means for sites to earn advertising fees by advertising and linking to akc.org. If you purchase a product through this article, we may receive a portion of the sale.\n\nOnce your dog has learned a new behavior, the training doesn’t stop. Keep their skills polished with regular practice sessions. It’s good for your dog as it provides mental stimulation and physical exercise. And if you follow tip one and keep training fun, it’s also a great way to bond and spend time together.\n\n', 'We use cookies': '', 'Privacy Preference Center': ''}",[]
https://www.akc.org/expert-advice/training/attending-conformation-handling-class/,Attending a Conformation Handling Class: What You Should Know,"Oct 13, 2025","['handling', 'conformation', 'handling class', 'show lead']",Elaine Waldorf Gewirtz,"When watching a dog show at home, the routine may look easy. The handler leads the dog around the ring, stops, and the dog stands like a statue. How challenging could the competition be? But if you’re a newcomer with a wiggly puppy or have exhibited for a while but would like to notch a few more wins in your dog’s collar, you can enroll in handling classes. These lessons prepare you and your dog to compete in the ring and earn points toward your dog’s championship title.

In This Article

Although some people make the job look easy and participate in this sport as a professional career, no one was born knowing how to pilot a dog to the finish line. Everyone who competes begins with the basics. Handling classes cover both getting started and fine-tuning the details. With the help of an experienced instructor, plus time, patience, and practice, you’ll learn the dos and don’ts of dog showing.

","{'What Will You Learn in a Conformation Handling Class?': 'The best part of attending handling classes is building a lifelong bond with your dog. In this casual setting, you’ll discover how your dog learns best. Does food motivate them to please you? Will they value verbal praise over tasty treats? Or do they prefer a few love pats behind the ears or quick rubs on the chest?\n\nIn a series of classes, you’ll learn how to present your dog’s best attributes and enhance their ring presence. Your dog may be a beautiful example of the breed standard. But, if they don’t like being in the ring, their road to a CH title will be bumpy. You’ll also learn:\n\nAKC is a participant in affiliate advertising programs designed to provide a means for sites to earn advertising fees by advertising and linking to akc.org. If you purchase a product through this article, we may receive a portion of the sale.\n\n', 'At What Age Can Your Dog Start Handling Classes?': 'Longtime breeders begin stacking their puppies as soon as they stand up. You can start introducing your puppy to a leash and staying in place as soon as you bring them home. When you contact your handling instructor, ask what age your dog can join the class. Many instructors recommend beginning classes at around 4 months old.\n\nAKC is a participant in affiliate advertising programs designed to provide a means for sites to earn advertising fees by advertising and linking to akc.org. If you purchase a product through this article, we may receive a portion of the sale.\n\nPuppies can vie for championship points and compete in AKC conformation shows at 6 months. For practice at shows, young dogs can participate in a 4- to 6-month beginner puppy competition and earn points toward a Certificate of Merit title or a Puppy of Achievement certificate.\n\nIf you have an older puppy or adult dog, it’s not too late to sign up for classes. Dogs can compete for a championship at any age.\n\n', 'How Do You Find a Handling Class?': 'If your breeder lives nearby, they may be able to give you some beginning handling tips or recommend a qualified handling instructor.\n\nAKC is a participant in affiliate advertising programs designed to provide a means for sites to earn advertising fees by advertising and linking to akc.org. If you purchase a product through this article, we may receive a portion of the sale.\n\nYou can also contact your local kennel club to locate a class. The dog show superintendent may also list courses in your area, or you can ask other puppy owners or a veterinarian for class recommendations.\n\nOnce you find a class, speak with the instructor before attending your first session. You’ll want to verify the time, location, schedule, and cost of the class, along with any special instructions. Confirm if there are any skills your dog should already know prior to participating in classes and ask if they offer different classes based on a handler’s experience level.\n\nWhile anyone can lead a handling class, it can be helpful to ask about the instructor’s dog show experience. You can also ask about how they communicate with students. Are they positive and encouraging or offer instruction rather than just putting students through practice sessions? How do they approach troubleshooting any challenges their students encounter in the ring? When in doubt, ask if you can sit in on a class without your dog to see the instructor’s methods firsthand.\n\n', 'What Should You Bring To Class?': 'Always arrive at class prepared to work. You’ll need:\n\nAKC is a participant in affiliate advertising programs designed to provide a means for sites to earn advertising fees by advertising and linking to akc.org. If you purchase a product through this article, we may receive a portion of the sale.\n\nAlso, be sure to wear the appropriate attire when attending classes, including:\n\n', 'How Do You Prepare for Handling Class?': 'Familiarize yourself with AKC’s dog show rules and know the standard for your breed. The goal is to exhibit dogs that meet the breed standard as closely as possible. Ask your breeder or your instructor to evaluate your dog’s show potential. Nothing is more disappointing than training for the show ring only to learn later that your dog has a major or disqualifying fault.\n\nGo to a few dog shows without your dog to familiarize yourself with the show routine. You can also watch shows on AKC.tv or check out an online course, such as Conformation for Beginners, offered by AKC Canine College. Zero in on details. How do the handlers manage the leash? What kind of show collar do they use? How do they stack a dog on a table?\n\nWhile handling class helps socialize your dog to other dogs and a new environment, it can be helpful to expose them to different environments, as well as unfamiliar dogs and people, before your first class. Some familiarity with leash training is another bonus.\n\nBe sure to avoid feeding your dog before class. All the excitement may upset their stomach and cause them to lose interest in working for treats.\n\n', 'Getting the Most Out of Handling Classes': 'Be sure to arrive to class before the start time — 10 to 15 minutes early is ideal. This will give your dog time to sniff out the environment and perhaps take a potty break. Avoid missing multiple classes in a row, as this will likely make it harder to remember what you’ve learned.\n\nAKC is a participant in affiliate advertising programs designed to provide a means for sites to earn advertising fees by advertising and linking to akc.org. If you purchase a product through this article, we may receive a portion of the sale.\n\nConsider joining a different conformation class once you feel comfortable with your first class. It can be helpful to work with another instructor who may offer additional tips. Plus, you’ll have another opportunity to meet other exhibitors and make new friends.\n\nBe sure to make time to practice any skills you learn at home. Short sessions of 10 to 15 minutes work best, as it’s enough time to help your dog retain any skills learned in class without getting bored.\n\nTraining your dog may look like serious business, but the best handlers treasure this unique time they share with their dogs. Above all, it helps to remember to have fun with your dog in the ring. The best dog in any show is the one that sits on your lap or looks up at you every day with love and affection.\n\nAKC is a participant in affiliate advertising programs designed to provide a means for sites to earn advertising fees by advertising and linking to akc.org. If you purchase a product through this article, we may receive a portion of the sale.\n\n', 'We use cookies': '', 'Privacy Preference Center': ''}",[]
https://www.akc.org/expert-advice/training/dog-training-terms-lingo/,What Common Dog Training Words Mean,"Oct 07, 2025","['cues', 'rewards', 'clicker', 'operant conditioning']","Stephanie Gibeault, MSc, CPDT","Whether you’re a first-time dog owner or living with your tenth dog, training is an essential part of responsible dog ownership. It ensures your dog has good manners, helps them fit into human society, and builds your bond. But becoming a good dog trainer is both an art and a science. And like any other science, dog training is full of terminology and technical jargon. To help you feel confident and comfortable as you train your dog, take some time to become familiar with the lingo.

","{'Behavior Modification': 'Behavior modification is the process of methodically changing a dog’s behavior in response to a given stimulus. Some popular behavior modification techniques include desensitization and counterconditioning, which involve gradually getting a dog used to something that causes distress and changing their emotional response from negative to positive.\n\n', 'Capturing': 'One way to teach your dog to perform a behavior on cue is to capture the behavior. That means to mark and reward your dog as they do the behavior on their own. For example, if you want to teach your dog to yawn, mark and reward them when they yawn naturally. With enough repetition, your dog will learn to associate the yawning with the reward, and you’re on your way to putting it on cue.\n\n', 'Classical Conditioning': 'If you’ve ever heard of Pavlov and his dogs, you’re already familiar with classical conditioning. This is when an animal learns an association between two events. For example, your dog might drool when they hear their kibble bag open because they have learned the crinkling sound comes right before dinnertime. They react to the first event in anticipation of the second.\n\nAKC is a participant in affiliate advertising programs designed to provide a means for sites to earn advertising fees by advertising and linking to akc.org. If you purchase a product through this article, we may receive a portion of the sale.\n\n', 'Cue': 'Cues are signals given to a dog to tell them when you want a specific behavior. Traditionally called commands, cues can be spoken words or gestures. For example, to cue your dog to sit, you might use the word “sit” or perform a hand signal. Cues can even be environmental, like a dog who’s been trained to sit whenever they come to a sidewalk curb. When a dog reliably and predictably performs a requested behavior on cue, regardless of the environmental conditions, then that behavior is considered to be under stimulus control.\n\n', 'Distance, Duration, and Distraction': 'Known as the three D’s of dog training, distance, duration, and distraction all impact a dog’s ability to perform a behavior. This is because dogs don’t generalize well. If they know to lie down beside you, they won’t automatically know to lie down across the room. As each D increases, for example, if you move farther away or the noise in the room gets louder, it becomes more challenging for your dog to perform successfully. It’s important to train each D separately before combining all three, which is known as proofing the behavior.\n\nAKC is a participant in affiliate advertising programs designed to provide a means for sites to earn advertising fees by advertising and linking to akc.org. If you purchase a product through this article, we may receive a portion of the sale.\n\n', 'Extinction': 'When a behavior is no longer reinforced, the frequency of that behavior will gradually decrease in a process known as extinction. For example, if your dog begs at the table, and you stop feeding them in response, they’ll eventually stop doing it. But be aware of extinction bursts. This is when the behavior becomes stronger before it fades away. Because the behavior was reinforced in the past, the dog initially gets more insistent in trying to obtain their expected reward. Ride out the burst, or you’ll have only served to intensify the behavior you were trying to eliminate in the first place.\n\nAKC is a participant in affiliate advertising programs designed to provide a means for sites to earn advertising fees by advertising and linking to akc.org. If you purchase a product through this article, we may receive a portion of the sale.\n\n', 'Jackpot': 'Sometimes you really want to impress upon your dog that they have done a great job. In that case, some trainers recommend “jackpotting.” Named after slot machine jackpots, a training jackpot involves giving the dog an unexpected, extra-valuable reward, such as a high-value treat or multiple treats, for a particularly good effort.\n\n', 'Luring': 'Another way to teach your dog to perform a behavior on cue is luring. That’s where you use a reward the dog is willing to follow to lure them into the desired position or action. For example, you can teach your dog to spin by holding a treat to their nose and then moving that treat in a circle. Once the dog has performed the behavior, the lure is given as the reward. However, it’s important to fade the lure as quickly as possible, so your dog will respond to the cue alone rather than only responding when there’s food in your hand.\n\n', 'Marker and Clicker': 'A marker is a way of marking the exact moment the dog did something right. It’s a signal that tells your dog that a positive behavior they were performing when they detected the signal will result in a reward. Use your marker, whether it’s a sound, word, or otherwise, when your dog does something right to signal to them that you recognize the behavior. Then, you can pull out a treat or toss a toy to reinforce them. A clicker is a type of marker. It’s a small plastic box with a metal tongue inside that makes a clicking noise when pressed. But any sound or word can serve as a marker. Common marker words include “yes,” “good,” and “nice.” You can also use a flashing light or vibration as a marker.\n\n', 'Operant Conditioning': 'In operant conditioning, your dog learns to associate their actions with consequences. For example, if your dog greets you by jumping on you, you might ignore them. On the other hand, if they greet you by sitting politely, you might pet and praise them. Your dog’s perception of those consequences will determine if the frequency of the behavior increases or decreases going forward.\n\nAKC is a participant in affiliate advertising programs designed to provide a means for sites to earn advertising fees by advertising and linking to akc.org. If you purchase a product through this article, we may receive a portion of the sale.\n\nYou should avoid using positive punishment as it has many negative effects for the dog, such as fear, anxiety, and increased problem behavior. The four quadrants of operant conditioning vary whether you add (positive) or remove (negative) a consequence and whether you increase (reinforce) or decrease (punish) the frequency of a behavior. Negative punishment involves taking away something your dog likes, such as withholding your attention when they jump. Positive punishment is adding something aversive your dog dislikes, such as swatting them with a newspaper when they pee in the house. If done correctly, both may lead to a decrease in the behavior’s occurrence, but is not recommended.\n\nThe other two quadrants of operant conditioning are reinforcement, an increase in the frequency of a given behavior. In negative reinforcement, you remove something that the dog finds aversive. For example, pulling back on your dog’s leash when they’re . If you stop the pressure as soon as your dog stops pulling, they’ll be more likely to walk with a loose leash in the future. In positive reinforcement, you add something that your dog finds valuable to increase the likelihood they’ll repeat that behavior in the future. This is the quadrant you want to focus on. Think about it. Would you rather be nagged into doing chores or given a dinner out as a reward?\n\nAKC is a participant in affiliate advertising programs designed to provide a means for sites to earn advertising fees by advertising and linking to akc.org. If you purchase a product through this article, we may receive a portion of the sale.\n\n', 'Primary and Secondary Reinforcers': 'Reinforcers are things that reward a behavior and cause its frequency to increase. A primary reinforcer is something the animal naturally desires, such as food or water. You don’t need to teach them that it’s good. Treats are an example of a primary reinforcer. Secondary reinforcers are those things that become rewarding because the dog has learned to associate them with primary reinforcers. For example, if you always praise your dog before you give a treat, in time your dog will work to get the praise itself.\n\nAKC is a participant in affiliate advertising programs designed to provide a means for sites to earn advertising fees by advertising and linking to akc.org. If you purchase a product through this article, we may receive a portion of the sale.\n\n', 'Reward': 'Reward is another word for reinforcer. It’s anything your dog is willing to work for and finds valuable that will increase the probability of a behavior occurring again in the future. But remember that rewards are defined by your dog and are context-dependent. You might think a pat on the head is a great calorie-free reward, but if your dog doesn’t enjoy it, you’ll be punishing the behavior rather than reinforcing it.\n\n', 'Shaping': 'A final way to train your dog to perform a behavior on cue is known as shaping. This is where you break down a behavior into tiny steps and reinforce the dog at each step as you build toward the final, full behavior. For example, you might teach your dog to spin by first rewarding a look over their shoulder, then moving one paw, then taking a step to the side, and so on until they’re turning in a complete circle.\n\n', 'Target': 'Teaching your dog to target means having them touch a specific object with a part of their body. It might be touching your palm with their nose or a plastic yogurt lid with a paw. It allows you to easily guide your dog’s movements, which can be particularly useful for trick training or dog sports, like agility. It also has applications in behavior modification because you can help your dog approach scary stimuli or redirect their focus away from triggers.\n\nAKC is a participant in affiliate advertising programs designed to provide a means for sites to earn advertising fees by advertising and linking to akc.org. If you purchase a product through this article, we may receive a portion of the sale.\n\n', 'We use cookies': '', 'Privacy Preference Center': ''}",[]
https://www.akc.org/expert-advice/training/schedules-of-reinforcement-for-dogs/,Schedules of Reinforcement: When Should You Reward Your Dog?,"Oct 22, 2025","['treats', 'rewards', 'schedules of reinforcement']","Stephanie Gibeault, MSc, CPDT","Training your dog with rewards is a great way to teach and maintain behavior. But how often should you give those rewards? You can give your dog a treat every single time they do a behavior right, or you can toss a treat every once in a while. Which is better? Understanding what’s known as “schedules of reinforcement,” and the science behind them, can help you to reward your dog most effectively when training.

In This Article

","{'What’s a ‘Schedule of Reinforcement?’': 'Positive reinforcement dog training uses rewards to reinforce or encourage the behavior you want your dog to perform. Positive reinforcement applies to people, too. Most people are more likely show up to work because they are compensated in some way. If payment stopped, most people wouldn’t continue to do their work. But is a paycheck the best motivator? Or do bonuses drive efforts? Some people might prefer to be paid by the task, not by the week.\n\nIn a similar way, dogs are more likely to repeat behavior that is rewarded. A reward could be a training treat or the toss of a squeaky ball — whatever your dog finds exciting. There are many ways to provide rewards, and these are known as schedules of reinforcement. That’s a technical way of describing different rules for how payment or rewards are dispensed. Let’s look at the different schedules and how they apply to your dog.\n\n', 'Continuous Schedule of Reinforcement': 'A continuous schedule of reinforcement (CR) rewards every instance of a behavior. For example, you might give your child dessert every time they eat their broccoli. With your dog, you could give them a biscuit every time they sit. This is the perfect way to teach new behaviors, because it makes the association between the behavior and the reward really clear. If you don’t reward them every time they sit, your dog might struggle to understand what you expect and when they are performing correctly.\n\nAKC is a participant in affiliate advertising programs designed to provide a means for sites to earn advertising fees by advertising and linking to akc.org. If you purchase a product through this article, we may receive a portion of the sale.\n\nThink about your water taps: they provide CR. When you turn them on, refreshing water comes out. However, if you turn on your tap and nothing happens, you won’t keep trying and trying to turn it on. Instead, you’ll give up and call the plumber. This isn’t the most practical schedule, though. You might not always have a treat on hand, and eating too many treats isn’t healthy for your pet.\n\nAKC is a participant in affiliate advertising programs designed to provide a means for sites to earn advertising fees by advertising and linking to akc.org. If you purchase a product through this article, we may receive a portion of the sale.\n\nOnce your dog understands what you want, it’s time to stop CR. Otherwise, they might only work for you if they see a treat in your hand. CR is also helpful when a dog completes complex behaviors, such as performing a trick (like dropping a ball through a hoop).\n\nIn this case, CR helps to maintain the entire “behavior chain.” A behavior chain is a combination of two or more behaviors performed in a sequence, where each behavior serves as a cue for the next and the reinforcer comes after the last step in the chain. For example, retrieving a dumbbell involves picking up the dumbbell, bringing it back, then placing it in the handler’s hand. Or performing a freestyle dance move might involve walking backwards, then spinning in a circle before jumping into the handler’s arms. Each behavior is originally taught and reinforced individually before they are strung together into a chain.\n\n', 'Extinction, or No Schedule of Reinforcement': 'We don’t recommend to stop rewarding your dog when they’ve learned a behavior. Remember a water tap that doesn’t dispense anything when you turn it on. Your tap-turning behavior stopped when the reward stopped flowing. That’s known as extinction. And when your dog stops getting rewards, eventually their responses will dry up too. That can be helpful when dealing with problem behaviors like jumping up or begging.\xa0But when reinforcement and encouraging certain behaviors is your goal, you want to ensure your dog stays engaged and willing to respond. That’s where intermittent rewards come into play.\n\n', 'Intermittent Schedules of Reinforcement': 'If you don’t reward your dog for every response you receive, you’re using an intermittent or partial schedule of reinforcement. Dogs learn more slowly with this type of reward system, but once they have learned a given behavior, it will be less susceptible to extinction. There are four categories of intermittent reinforcement.\n\nA fixed ratio schedule (FR) provides a reward after a fixed number of responses. Think about a production line. Workers might get paid for every 20 gadgets they build. Completing the assembly of the first 19 gadgets earns them nothing, but number 20 brings payday. With your dog, you might play tug-of-war after every fifth sit and do nothing for sits one through four.\n\nAKC is a participant in affiliate advertising programs designed to provide a means for sites to earn advertising fees by advertising and linking to akc.org. If you purchase a product through this article, we may receive a portion of the sale.\n\nFR is easy to implement, but your dog will quickly learn the routine. They will respond best right before the reward is due, while their performance will drop off right after. So FR might not be the best way to work on improving your dog’s behavior. Consider that production line. The workers will work fast to build those gadgets, but in their haste, they might not be doing their best quality work.\n\nA variable ratio schedule (VR) provides a reward after an unpredictable number of responses. This is what gambling is based on (and why it’s so addictive). When you use a slot machine, you never know which spin will pay off. So, you keep playing, convinced your money might be right around the corner. You might use a VR to teach your dog to reliably heel by your side on walks. You can feed a treat every 10 steps on average, but sometimes it will be after two steps and sometimes it will be after 15.\n\nAKC is a participant in affiliate advertising programs designed to provide a means for sites to earn advertising fees by advertising and linking to akc.org. If you purchase a product through this article, we may receive a portion of the sale.\n\nBut using VR can be tricky. The human brain likes patterns, so you might find yourself using an FR (dispensing rewards after a fixed number of responses) when you thought you were using a VR (dispensing rewards after a variable number of responses). It can help to use a computer to produce a random reward schedule for you. Or include life rewards like a chance to sniff on a walk. Sometimes your dog will get a treat, sometimes a toss of a toy, and sometimes nothing at all. Because your dog doesn’t know what’s coming and when, they will consistently work hard and steadily for you.\n\nWith a fixed interval schedule (FI), you only provide a reward if the response occurs after a fixed length of time has passed. It’s similar to a child’s weekly allowance. The child only gets their money on Sunday evening if they’ve completed all their chores for the week. Regular feeding times are an FI situation. If you teach your dog to sit by their food bowl before you lower it to the ground, sitting by the food bowl will only be rewarded once the time between meals has passed.\n\nAKC is a participant in affiliate advertising programs designed to provide a means for sites to earn advertising fees by advertising and linking to akc.org. If you purchase a product through this article, we may receive a portion of the sale.\n\nFI is predictable, so like just like FR, your dog can learn the routine. They will work hard right before the reward is due, but performance will drop off at the beginning of the next interval, just like a child who waits to do their chores until Sunday afternoon.\n\nA variable interval schedule (VR) provides a reward only if a response occurs after an unpredictable length of time has passed, similar to pop quizzes in school. Getting an A on a quiz might mean a gold star from the teacher, but students will never know the length of time between quizzes. They’re more likely to stay on top of their homework, just in case. VR can be helpful when training your dog to fetch to your hand. You can vary the length of time you wait before asking for a drop it, so your dog never knows when the reward will come and will hold the item until you ask.\n\n', 'Putting Reinforcement Schedules Into Practice': 'CR is great for teaching new behaviors, but to maintain behavior, intermittent schedules can be more effective. The unpredictable schedules of VR and IR may lead to a steadier response. If you can, be random. If your dog never knows when their human slot machine will pay off, they will respond with enthusiasm each time you ask for the behavior.\n\nAKC is a participant in affiliate advertising programs designed to provide a means for sites to earn advertising fees by advertising and linking to akc.org. If you purchase a product through this article, we may receive a portion of the sale.\n\nEven though interval schedules apply to certain specific behaviors, most of the time you want your dog to hold a behavior, such as a stay, for a given duration instead. So, although they aren’t technically schedules of reinforcement, add duration schedules to your training toolbox too. That involves varying the length of time your dog maintains a behavior before providing a reward. You can use a fixed duration schedule or a variable one, but the variable will be more effective.\n\nIt’s also helpful to practice differential reinforcement, which means rewarding only certain responses based on a set criterion. For example, this means only rewarding only the tightest heels or the fastest downs. This is a great way to improve performance and will add variability to your rewards as well. Before you add differential reinforcement, first introduce intermittent reinforcement gradually and purposefully. That will build your dog’s confidence and keep them interested in working for you. Then, when you start getting picky about what earns a reward, your dog will already understand that treats don’t come every time.\n\nFinally, know your dog. You don’t want them to get frustrated or give up (extinction) due to infrequent rewards, but you also want to prevent boredom as well. While some breeds or individual dogs may happily perform the same behavior 20 times before receiving a treat, other pups or breeds might wander away if you don’t frequently pay them for their efforts. High rates of reinforcement keep dogs engaged.\n\nAKC is a participant in affiliate advertising programs designed to provide a means for sites to earn advertising fees by advertising and linking to akc.org. If you purchase a product through this article, we may receive a portion of the sale.\n\n', 'We use cookies': '', 'Privacy Preference Center': ''}",[]
https://www.akc.org/expert-advice/training/teach-dog-shake-command/,Leave the Rain and Snow Outside: Teach the Shake Command,"Mar 06, 2024","['snow', 'water', 'shake', 'rain']",Harriet Meyers,"You’re taking your dog for a walk, and suddenly it’s pouring. When you get back to your front door, you have a dripping wet dog. You walk into the house, and the first thing they do is shake off from head to tail. Water goes everywhere, including all over you. How many times has this scenario happened to you?

There’s a command you can teach your dog to prevent this situation that is quite simple: teach the “shake” command. And this doesn’t mean asking for a paw. In this case, “shake” means to shake off that water before coming into the house.

","{'The Wet-Dog Shake': 'Why do dogs shake off when they’re wet? It turns out shaking is a very effective way for a dog to get dry. Researchers at the University of Tennessee and the Georgia Institute of Technology observed videos of wet dogs and other wet mammals. They concluded that to avoid hypothermia, furry mammals will dry themselves off within seconds by shaking their bodies efficiently from head to tail. This lets them to conserve the energy it would take to carry around a water-logged coat and wait for the moisture to evaporate. Dogs have somewhat looser skin than humans do, which helps them shake off effectively. They call this behavior the “wet dog shake.”\n\nHave you ever noticed after your dog goes for a swim, they immediately run to your side and then shake off? Unfortunately for the humans who love them, wet dogs prefer to be close to their pack members — including their owners. Maybe they can’t wait to greet you, or perhaps they feel vulnerable when they’re wet and about to shake. It feels safer for them to shake next to their pack member. “The most affectionate creature in the world is a wet dog,” said poet Ambrose Bierce.\n\nAKC is a participant in affiliate advertising programs designed to provide a means for sites to earn advertising fees by advertising and linking to akc.org. If you purchase a product through this article, we may receive a portion of the sale.\n\n', 'How to Teach “Shake”': 'I’ve always had swimming dogs: a Labrador Retriever, a Curly-Coated Retriever, a Portuguese Water Dog, and now a Lagotto Romagnolo. They’ve all lived up to their heritage by loving to swim. My first was my Lab, who would swim all day in the lake behind our yard if I’d let him. When he came back in the house, water flew off the big guy and soaked the immediate surroundings. That’s when I decided to teach him to “shake” the water off before we came inside.\n\nHere’s how you can teach your dog to shake outside — whether they’re wet from the rain, snow, or a dip in the pool.\n\nShaking off water is a natural behavior and not one that you can convince your dog to do unless they’re wet, so keep a close watch when your dog is wet. Be prepared to capture, mark, and reward the behavior you want.\n\nAs you walk in the rain, your dog is likely to shake several times along the way. As soon as it happens, click or offer a “good dog” response. Timing is everything, so be prepared and consistently recognize the behavior each time it happens.\n\nAKC is a participant in affiliate advertising programs designed to provide a means for sites to earn advertising fees by advertising and linking to akc.org. If you purchase a product through this article, we may receive a portion of the sale.\n\nWhether you’re using a clicker or verbal praise, you also want to offer your dog a high-value reward for shaking off outside. Carry treats or a favorite toy and give it to them immediately after they shake.\n\nOnce you’re sure your wet dog understands exactly what behavior leads to them receiving a reward, you can use a cue word to name it. I use “shake” with my dogs. It’s an easy, energy-packed word to say. But if you’ve already taught your dog that shake means to hand over a paw, then you probably want to call the behavior something else. Keep it simple. Words like “fling” or “splash” are easy to say.\n\nNow that your dog understands what you mean by the word “shake” and has learned to associate that word with a positive payback, you’re ready to ask for the behavior before you go in the house. However, it’s important to ask your dog to shake only when they’re actually wet because that’s when they’re feeling the need to do it.\n\nAKC is a participant in affiliate advertising programs designed to provide a means for sites to earn advertising fees by advertising and linking to akc.org. If you purchase a product through this article, we may receive a portion of the sale.\n\nWhen you’re outside the door to your house or your car: pause, look your dog in the eye, and say “Shake.” On the rare occasion when the command alone doesn’t work to get your dog to shake off, try following the voice command by running your hand lightly across the length of their back. That usually does the trick. Once they shake, you can go inside and grab a towel to dry yourself off, too.\n\n', 'We use cookies': '', 'Privacy Preference Center': ''}",[]
https://www.akc.org/expert-advice/training/dog-trick-training-vet-visits/,How Dog Trick Training Can Improve Vet Visits,"Feb 26, 2026","['tricks', 'sit', 'basic training', 'vet visits']","Sassafras Patterdale, CPDT-KA, CTDI","My dog can get nervous during vet visits, and because she has several chronic conditions, those visits are frequent. For these appointments, I do everything possible to minimize her stress. This includes utilizing skills she learned as an Elite Performer in AKC Trick Dog. By performing these tricks before and during exams, she distracts herself and maneuvers her own body in a way that allows the vet to examine her more easily (without anyone having to manipulate her). Whether your dog is an Elite Performer or new to tricks entirely, dog trick training can make vet appointments easier for everyone.

","{'Make the Vet’s Office an Engaging Environment': 'Your dog may become anxious at various points during the visit. Eye contact with you can help soothe them, so teach them a\xa0“watch me” cue\xa0that encourages them to look at you. This cue distracts your dog from anything else that’s going on, like other owners checking in their pets, vet techs moving around, or TVs playing in the waiting room.\n\nYou can practice simple tricks that your dog enjoys while you wait. However, sometimes anxious dogs won’t take treats, which may make practicing tricks hard. If your dog does take treats, it might be a good time to brush up on classic skills like\xa0sitting on cue\xa0or tricks like\xa0reach up. Just make sure to keep\xa0your dog’s leash\xa0on, in case anyone opens a door. Bring a\xa0non-skid mat\xa0your dog is familiar with, and they can sit on it while waiting or practicing tricks.\n\nAKC is a participant in affiliate advertising programs designed to provide a means for sites to earn advertising fees by advertising and linking to akc.org. If you purchase a product through this article, we may receive a portion of the sale.\n\nEven if your dog is friendly with other dogs and people, it’s important for them to not go visiting when at the vet. You never know if other animals may be irritable, aggressive, sick, or contagious. If your\xa0dog knows how to heel,\xa0you can use that to keep them by your side.\n\nWhen it’s time to go to the exam room, some dogs may be hesitant. Try\xa0luring your dog\xa0forward using a trick called magnet hand. To do this, take a small handful of\xa0training treats\xa0and put them into your fist. Then, put your hand down to your dog’s nose level. Slowly open your fingers, revealing the\xa0dog treats\xa0one at a time, as your dog walks through the waiting room to the scale or exam room. This will draw them in the right direction, as if you were a magnet.\n\n', 'Advocate for Your Dog': 'There are going to be veterinary emergencies where your dog needs to be seen quickly. When you’re going for non-emergency appointments, talk to the staff and vet about ways to help prioritize your dog’s comfort. After all, you know best what will keep them calm and relaxed, and veterinarians are increasingly willing to work with dog owners to\xa0make vet visits as stress-free as possible. You can ask if you can help maneuver your dog physically or engage them with tricks during the exam.\n\nAKC is a participant in affiliate advertising programs designed to provide a means for sites to earn advertising fees by advertising and linking to akc.org. If you purchase a product through this article, we may receive a portion of the sale.\n\nIf the waiting room is too stressful, ask your vet if you can wait in the car until an exam room is ready. Some vets may even let you enter through a side or back door to lessen the stress of walking past strange dogs and people.\n\n', 'Which Dog Tricks Can Help During Vet Exams?': 'If your dog gets nervous or doesn’t enjoy being handled, you can teach your dog tricks that will expose certain parts of their body. This reduces the need for physical manipulation to get them into positions where the vet can examine them.\n\nIn advance of your next veterinary visit with your dog, consider teaching\xa0paws up. For this behavior, your dog will put two paws (or all four) up onto an object when cued. This is an easy skill you can teach at home with a\xa0training platform, an ottoman, or other low, sturdy object you have around the house.\n\nAKC is a participant in affiliate advertising programs designed to provide a means for sites to earn advertising fees by advertising and linking to akc.org. If you purchase a product through this article, we may receive a portion of the sale.\n\nAt the vet’s office, you can use this when your dog is getting weighed and on the scale. This will allow them to balance properly, allowing the vet to weigh them (without the dog trying to scramble down). Using this trick turns getting weighed turns into an enrichment activity. This trick also gives your dog confidence, since they can get on and off the scale themselves instead of needing to be lifted, restrained, and maneuvered.\n\nWith the\xa0chin rest behavior, dogs will place their chin on your hand and hold still in that position. This skill is helpful for\xa0cooperative grooming, but also for veterinary visits. Chin rests are a low-stress handling approach for showing your dog’s face, allowing your vet to more easily examine their eyes, ears, and teeth.\n\nThe\xa0sit pretty or beg\xa0position allows your vet to see your dog’s chest, stomach, and groin area. Some vets will be able to see enough of your dog’s underside when they’re sitting pretty, while others may need to look more closely.\n\nAKC is a participant in affiliate advertising programs designed to provide a means for sites to earn advertising fees by advertising and linking to akc.org. If you purchase a product through this article, we may receive a portion of the sale.\n\nIf your dog loves to meet new people but gets overly excited, cueing them to\xa0shake hands\xa0with the staff gives them a way to positively engage. Shake is also useful if your dog’s vet needs to examine your dog’s paws.\n\nIf your dog knows\xa0how to play dead,\xa0ask them to do this trick before the vet examines their feet or abdomen.\n\nAKC is a participant in affiliate advertising programs designed to provide a means for sites to earn advertising fees by advertising and linking to akc.org. If you purchase a product through this article, we may receive a portion of the sale.\n\nIf your dog doesn’t know a lot of tricks, you can also use a\xa0lick mat\xa0or a\xa0hollow dog toy\xa0(maybe stuffed with\xa0dog-safe spray cheese\xa0or\xa0doggy peanut butter) to lure them into in a specific position and keep them there. Luring a dog into different movements with a treat is so effective because a dog’s body follows their nose. Luring also gives dogs the freedom to get into positions on their own, such as standing for the vet to check their heart or spinning around to show their other side.\n\n', 'Find the Right Vet': 'Owners of nervous dogs may want to look into\xa0Fear Free-certified vet clinics. These vets’ offices aim to recognize\xa0signs of stress in dogs\xa0and work with owners to decrease a dog’s fear around vet visits. For example, at these clinics, the teams take dogs right to private exam rooms, utilize traction mats to stop dogs from slipping on the floor, use\xa0calming pheromones for dogs, and minimize loud noises.\n\nAKC is a participant in affiliate advertising programs designed to provide a means for sites to earn advertising fees by advertising and linking to akc.org. If you purchase a product through this article, we may receive a portion of the sale.\n\nIf your dog is prone to anxiety, you may also want to consider bringing a\xa0dog muzzle\xa0that\xa0they’re comfortable wearing. Dog trick training can distract your pet and keep their mind occupied, a nice complement to this approach.\n\n', 'We use cookies': '', 'Privacy Preference Center': ''}",[]
https://www.akc.org/expert-advice/training/dog-anxiety-walks/,Working Through Walk Anxiety in Dogs,"Oct 24, 2025","['anxiety', 'stress', 'leash walking']","Sassafras Patterdale, CPDT-KA, CTDI","All dogs need exercise, and that often comes in the form of walks for many dogs. Although dog walks can be a great way to get moving, you may feel that your dog hates going on walks. If they don’t seem excited to go, or they sit or lay down in the middle of walking, it may seem like they don’t enjoy it. Some dogs get stressed on walks because they might react negatively to certain stimuli, like seeing other dogs or people in the neighborhood. Here’s how to understand why dog walks can cause anxiety, how to support your dog, and what type of exercise might be a good alternative.

In This Article

","{'Why Walks Might Cause Your Dog Anxiety': 'You might be wondering if your dog hates walks, when in reality, they might just be stressed out by what they come across while out and about. Things that might stress your dog out on a walk depends on what the individual dog finds anxiety-producing. Things that one dog may not even notice could be exactly what upsets or triggers your dog.\n\nCommon stressors can include things like seeing another dog or person, skateboards, garbage trucks, bikes, motorcycles, fast-moving traffic, or wildlife, like squirrels or outdoor cats. Every dog is different, so pay close attention to the things that seem to always be around when your dog gets nervous on walks.\n\n', 'How to Manage Walking a Scared Dog': 'The sights, sounds, and smells that excite a confident dog can be very overwhelming for an anxious one. Making sure walks are a positive, predictable, and safe experience for your dog will require patience and consistency on your part.\n\nAKC is a participant in affiliate advertising programs designed to provide a means for sites to earn advertising fees by advertising and linking to akc.org. If you purchase a product through this article, we may receive a portion of the sale.\n\nIt’s important to understand your dog’s boundaries when walking, especially if they’re reactive. Fearful dogs who are also reactive will overreact to certain triggers, with the root of this behavior being fear.\n\nA dog’s threshold is how far away a trigger needs to be until it doesn’t bother your dog. When your dog is calm and comfortable with their environment, they are “below threshold.” When your dog is upset or anxious enough to react to triggers, they are “above threshold.” It’s often a fine balance, so it’s important to manage what you know makes your dog anxious to avoid this.\n\nAKC is a participant in affiliate advertising programs designed to provide a means for sites to earn advertising fees by advertising and linking to akc.org. If you purchase a product through this article, we may receive a portion of the sale.\n\nDistance between your dog and the trigger will also impact how they react to it. Some dogs might find it stressful to see a dog or person across the park. For others, a dog across the street is still too close for comfort. Each dog’s threshold is unique to them, and it may shift, depending on the intensity of the trigger. When you understand what stresses your dog, you can plan outings around how to avoid those triggers and how to keep your pet comfortable.\n\nSome dog owners may think that pushing your dog to go on walks will eventually get them to tolerate it more. This attempt to “fix” the problems their dog encounters by walking comes from a place of wanting to get their dog acclimated to the world around them, but exposure is not always best, especially when forced. Constant exposure to stressors, called trigger stacking, is actually most likely going to make your dog feel worse about them.\n\nFearfulness and reactivity can actually get worse when your dog is forced to face their fears constantly. This doesn’t shift your dog’s emotional response to what they find upsetting. Spacing out your walks, or not walking, gives your dog the space and time that they need to de-stress. It also enables you to create intentional, effective opportunities to work through behavioral issues, like reactivity, in your home or in training sessions.\n\n', 'Working Through Walk-Related Fear': 'Instead of forcing your dog to go on walks that stress them out, there are a number of other ways you can improve the experience for them. This can range from supporting them when they’re afraid, helping them break down their fears, or getting accustomed to things they find stressful. Strategies range from coming prepared with rewards to distract your dog, to changing your routine entirely.\n\nAKC is a participant in affiliate advertising programs designed to provide a means for sites to earn advertising fees by advertising and linking to akc.org. If you purchase a product through this article, we may receive a portion of the sale.\n\nIf you want to desensitize your dog to certain triggers, you can start by slowly exposing your dog to the trigger. You’ll want to start with a bit of exposure here and there, and build up more exposure once you can tell that your dog is getting more accustomed to the trigger. Keep their threshold in mind while you’re working on this.\n\nFor example, if your dog is afraid or stressed by the dog park, you could start with some below-threshold exercises. Instead of going to the dog park, maybe you’ll walk closer to the dog park, and over time, get closer to it. It’s important to make sure that your dog remains relaxed and below threshold before moving any closer. Otherwise, you’ll move too quickly, and they won’t feel any safe getting closer.\n\nYou might also consider counterconditioning your dog. Counterconditioning involves changing the associations your dog has with the trigger. Currently, your dog feels negative emotions every time they see the trigger. Instead, you’ll try pairing the trigger with something positive, like a high-value reward, to change their association with it. Eventually, your dog will start connecting a trigger that once made them stressed with something that they love and can be excited about.\n\nAKC is a participant in affiliate advertising programs designed to provide a means for sites to earn advertising fees by advertising and linking to akc.org. If you purchase a product through this article, we may receive a portion of the sale.\n\nBefore heading out on a walk with your dog, be sure to have a treat pouch full of dog treats. We want to reward our dogs for doing desirable behaviors (such as walking calmly or giving eye contact). Dogs are more likely to repeat rewarded behaviors, so we want to make sure focusing on us has a lot of value for them.\n\nTry to adjust your walks to make them less stressful for your dog. Your regular route may include passing a house with lunging and barking dogs in the yard outside, which could be a trigger for your dog. Consider shifting your route so you don’t pass that house.\n\nAKC is a participant in affiliate advertising programs designed to provide a means for sites to earn advertising fees by advertising and linking to akc.org. If you purchase a product through this article, we may receive a portion of the sale.\n\nMaybe your dog struggles to remain calm when seeing other dogs on walks, but if you don’t have a private yard, you may need to take your dog out for walks more frequently. One of the best things you can do in that case is change the time of day you walk. Instead of walking your dog in the early evening right after work, for example, consider staggering your walk times. That might mean taking your dog out in the early morning or later at night, when fewer people and pets will be out.\n\nIf the presence of crowds of people or dogs causes your dog to be anxious, try walking in less-popular areas. For example, instead of going to a busy park, maybe you can take your dog down a quiet, residential street.\n\nWhile walking an anxious dog, it’s important to pay close attention to the surrounding environment. That will allow you to spot potential stressors before your dog does, and allow you to move away, creating distance from that trigger. When moving away from a trigger, try to reach a distance that will allow your dog to stay under threshold.\n\nIf your dog reacts negatively to people or other dogs, you can create distance by crossing the street. You can also get your dog’s attention and move yourselves behind barriers or obstacles, such as parked cars or trees, to block your dog’s view of the trigger.\n\n', 'Pressing Pause on Walks': 'If you have a private yard at home, you may be able to press pause on walks while you work through some of your dog’s triggers. If you’re walking for the purpose of potty breaks, your dog can go to the bathroom in the yard for the time being. If you don’t have a yard or don’t want your dog going to the bathroom outside, you can limit the amount of time you’re walking. Take your dog out just long enough for them to pee or poop, then return home.\n\nAKC is a participant in affiliate advertising programs designed to provide a means for sites to earn advertising fees by advertising and linking to akc.org. If you purchase a product through this article, we may receive a portion of the sale.\n\nIf every walk you take involves your dog having an outburst, it will stress you both out. In addition, these walks provide your dog with a chance to rehearse reactive behaviors like barking and lunging. Giving your dog a break from walks allows them to decompress, improves their feelings of resilience, and helps them be in a better headspace for intentional training sessions. When you go out to train, ideally with an experienced trainer, your dog will be calmer and ready to learn to work through fears and reactivity.\n\n', 'Offer Your Dog More Enrichment at Home': 'If you can’t walk your dog, how do you give them enough exercise and stop them from getting bored? Practicing basic obedience skills in your home or yard or teaching your dog new tricks helps keep them active. You can play scent games by hiding dog food, treats, and dog toys, then encouraging your dog to go find the items. This is a great way to channel your dog’s natural instincts to search and forage. Try exercises in the AKC Scent Work Virtual Scent Work Test, which are fun ways to challenge your dog at home.\n\nAKC is a participant in affiliate advertising programs designed to provide a means for sites to earn advertising fees by advertising and linking to akc.org. If you purchase a product through this article, we may receive a portion of the sale.\n\nYou can also make or purchase a variety of interactive toys, like puzzle toys or treat-dispensing toys. Solving these toys and puzzles provides engagement and enrichment. You can also play whatever games your dog enjoys, including fetch and tug-of-war, or introduce them to some new brain games for dogs.\n\nYou may be able to take your dog to empty spaces where they can enjoy stretching their legs. For example, dog owners can rent private, fenced yards to give their dogs a chance to run, play, and explore without other dogs or people around. You may be able to rent out a local training facility or part of one to exercise your dog.\n\n', 'How to Reintroduce Walks Eventually': 'If you have given your reactive dog a break from walks, be intentional when you reintroduce walks into their routine. Ideally, you’ll want to do this once your dog has had success in working through their fear and reactivity in training sessions. Then, when you’re ready, choose to walk your dog at times and in places where you’re confident they’ll be able to avoid most triggers.\n\nAKC is a participant in affiliate advertising programs designed to provide a means for sites to earn advertising fees by advertising and linking to akc.org. If you purchase a product through this article, we may receive a portion of the sale.\n\nIf unexpected triggers come up, try to make the experience as positive as possible for your dog. Be proactive and create distance between them and the stressor. Consider crossing the street or putting a barrier in your way. You can also use treats to distract your dog, which pairs the distant presence of the trigger with something positive.\n\nIf you are working with a dog trainer, discuss creating a structured plan together that covers where, when, and how to reintroduce walks.\n\n', 'We use cookies': '', 'Privacy Preference Center': ''}",[]
https://www.akc.org/expert-advice/training/expert-tips-dog-leash-issues/,How to Stop Your Dog From Pulling on the Leash,"Mar 27, 2026","['leash walking', 'leashes']","Stephanie Gibeault, MSc, CPDT","AKC GoodDog Helpline (GDH) is our telephone and video dog training consultation service, offering live, personalized help with to answer questions about training your puppy or dog! We’re celebrating GoodDog Helpline’s tenth year in 2023, so we’ve rounded up the most common questions that our dog trainers hear from owners just like you. A common question is, “How do I teach my dog to walk politely on leash?”

It’s not only against the law to let your dog off-leash in most public areas, but it can also be unsafe. Your dog could get into a scrap with another dog or run away from you. Keeping your dog leashed allows you greater control over who they interact with and what they get into. But how do you teach your dog to walk politely on a leash? Nobody wants to be dragged down the street, and with a larger dog, you can even suffer injuries if they pull hard enough.

Although leash pulling is a common issue for dogs, there are simple techniques to teach your dog appropriate leash behavior. Plus, adjusting your behavior during walks can make a big difference too. If you follow these 10 tips, instead of your dog walking you, soon you and your dog will be walking together.

","{'1. Always Reward Good Leash Behavior': 'Never take your dog’s good behavior for granted, and that goes for walking politely on the leash as well. Dogs repeat behaviors that are rewarding, whether that reward is a treat, praise, or a chance to sniff a fire hydrant. If you only focus on what your dog is doing wrong and take good behavior for granted, chances are your pet will replace their good behavior with other less appropriate ways to get what they want.\n\nWhenever your dog is walking politely on a leash, be sure to reinforce that with some sort of reward. Take treats with you on walks or be ready with pets and praise. Don’t be stingy. Let your dog know you appreciate the behavior they have chosen to exhibit. In the beginning, reward heavily and frequently. Then, as your dog’s skills improve, you can slowly start to reduce the treats and substitute them with the chance to sniff a tree trunk or say hello to another dog.\n\n', '2. Never Let Your Dog Walk When They Are Pulling': 'Your dog wants to walk – that’s why they’re pulling you in the first place. So, if you let them walk while they’re pulling, you’re giving them the very reward they seek. And as dogs repeat behaviors that earn rewards, you will only make the leash pulling worse in the long run. Therefore, never walk when your dog is pulling on the leash. As soon as your dog pulls, stop, plant your feet, and wait for your dog to either return to you or loosen the tension on the leash.\n\nAKC is a participant in affiliate advertising programs designed to provide a means for sites to earn advertising fees by advertising and linking to akc.org. If you purchase a product through this article, we may receive a portion of the sale.\n\n', '3. Wait for a Loose Leash Before You Walk': 'If you stop walking when your dog pulls, how do you know when you can start moving again? Wait for a slack leash – it should be hanging in a J-shape – and for your dog to turn their attention back to you. It might take quite a while in the beginning, but eventually your dog will look or walk back to see what’s holding you up. At that moment, praise and reward your dog with a treat at your side, then continue the walk. You might have to stop and start every step or two at first, but your dog will soon figure out that pulling makes the walk stop and walking politely allows it to continue.\n\nAKC is a participant in affiliate advertising programs designed to provide a means for sites to earn advertising fees by advertising and linking to akc.org. If you purchase a product through this article, we may receive a portion of the sale.\n\n', '4. Incorporate Life Rewards on Your Walk': 'Walks should be an enriching experience for your dog. Rather than just a chance to go to the bathroom, your dog should be getting physical exercise and mental stimulation. But when you’re training your dog to not pull on the leash, it can seem like none of those things are happening. One way to boost your training while enhancing your dog’s walks is to incorporate life rewards for following the rules. Life rewards are day-to-day things your dog enjoys like the chance to sniff a shrub or greet a stranger. For example, if your dog walks 10 feet without pulling, release them to sniff for a few minutes. Bonus rewards like that will truly convince your dog that walking politely pays off.\n\n', '5. Walk at a Good Pace': 'Most of the time, humans walk at far too leisurely a pace for dogs. Even toy breeds will get those little legs pumping faster than you might want to go. And that’s part of the reason dogs pull – they want to get moving. To help your dog feel more engaged in the walk, choose a pace that’s comfortable for both of you. Of course, you can teach your dog to match your speed, but while you’re training, a quicker pace can make it easier for them to learn not to leash pull.\n\n', '6. Be Consistent With Your No-Pulling Rule': 'It can be tempting to let your dog pull when you’re in a hurry. Perhaps you’re late for work, or it’s freezing cold outside, and you just want to give them a chance to go to the bathroom. But you need to be consistent with your no-pulling rule regardless of the situation. Anytime you allow your dog to pull on the leash, you will set your training back to square one. Until you can get more than a few feet at a time, let your dog do their business in the yard or at the curb and save the walking for when you have time to train.\n\n', '7. Keep Training Sessions Short and Fun': 'It can be frustrating to work with a determined leash puller. In the beginning, you might get no further than the end of your driveway. Rather than pushing your dog until you’re both feeling cranky with lack of progress, keep your training sessions short and upbeat. Puppies in particular have tiny attention spans, and asking for too much too soon is not going to get you positive results. Remember, your goal isn’t to make it a certain distance, it’s to walk with a loose leash even if that’s just to the house next door.\n\nAKC is a participant in affiliate advertising programs designed to provide a means for sites to earn advertising fees by advertising and linking to akc.org. If you purchase a product through this article, we may receive a portion of the sale.\n\n', '8. Be Interesting and Engaging on Walks': 'The world is an exciting place for dogs, full of new sights, sounds, and especially smells. That means there are a lot of things competing for your dog’s attention and enticing them to drag you down the sidewalk. If you’re on your phone or otherwise ignoring your dog, there’s little reason for them to pay attention to you. But if you’re interesting and worth watching, your dog will be more likely to follow your lead. Talk to your dog, take quick training breaks, stop for a game, and so on, so your dog is always waiting to see what you will do next.\n\nAKC is a participant in affiliate advertising programs designed to provide a means for sites to earn advertising fees by advertising and linking to akc.org. If you purchase a product through this article, we may receive a portion of the sale.\n\n', '9. Stay Calm': 'Whether it’s seeing their favorite neighbor at the end of the block or the approach of a barking dog, you can encounter a lot of emotional situations on a walk with your dog. Whether it’s exciting or frightening for your dog (and you), you need to control your emotions. Dogs are experts at reading human emotions, so your mood can transmit down the leash and impact your dog, ramping them up further or intensifying their anxiety. To keep your dog calm, stay calm yourself and show your dog there is nothing to be excited about because the more relaxed your dog is, the more likely they can listen to you and behave appropriately.\n\nAKC is a participant in affiliate advertising programs designed to provide a means for sites to earn advertising fees by advertising and linking to akc.org. If you purchase a product through this article, we may receive a portion of the sale.\n\n', '10. Engage Your Dog In Distracting Situations': 'When you encounter distractions like other dogs or squirrels, it’s easy for your dog to forget the rules and start leash pulling. The same is true for things your dog finds suspicious. Maybe strangers make your dog nervous. Your dog might pull to approach or pull to run in the other direction. Either way, leash manners can go out the window.\n\nTo help your dog cope with distractions, get them focused on you instead. Calmly offer them treats or play a game. For example, ask for a sit or a hand target. These exercises are simple for your dog to do and will keep them engaged as the distraction passes. You can also teach your dog to make eye contact with you using the “watch me” cue so you can control where they’re looking. But be proactive. Grab your dog’s attention before they see the distraction, and hopefully they won’t even notice it at all.\n\nIf you need expert advice from experienced trainers or have additional dog training questions, visit the AKC GoodDog! Helpline page for an online chat or to register for the GDH program.\n\n', 'We use cookies': '', 'Privacy Preference Center': ''}",[]
https://www.akc.org/expert-advice/training/soothe-dog-anxiety/,Expert Tips to Help Soothe Your Dog’s Anxiety,"Dec 07, 2023","['anxiety', 'separation anxiety', 'counterconditioning']","Stephanie Gibeault, MSc, CPDT","AKC GoodDog Helpline (GDH) is our telephone and video dog training consultation service, offering live, personalized help with to answer questions about training your puppy or dog! We’re celebrating GoodDog Helpline’s tenth year in 2023, so we’ve rounded up the most common questions that our dog trainers hear from owners just like you. A common question is, “How do I help my anxious dog?”

Dogs share many of the same emotions as people, including feeling anxious. And if you’ve ever had a case of nerves, you’ll understand that dog anxiety is extremely difficult for your pet. It can overwhelm them, shut them down, and make it impossible for them to learn or respond to cues. In addition, dog anxiety is responsible for many problem behaviors from destroying the house while alone to lunging at strangers on the street.

But how do you help your anxious dog? Whether it’s fear of other dogs, an inability to be left alone, or stress during a thunderstorm, these 10 tips will help calm an anxious dog and even potentially change their emotional response from negative to positive.

","{'1. Understand Why Your Dog Is Anxious': 'There are all kinds of dog fears and phobias that can lead to anxious behavior. Dog anxiety can also be caused by lack of socialization while your dog is a puppy. Even senior dogs with cognitive decline can exhibit anxiety as a symptom. Because there are so many underlying causes of dog anxiety, you can’t effectively address the problem without understanding its source. Watch your dog, take note of their anxiety triggers, and consider their past experiences. Finally, consult your veterinarian to rule out health conditions that could be contributing to the problem.\n\n', '2. Recognize Early Signs of Anxiety': 'Although it’s never too late to help your dog, the longer they have experienced anxiety, the more challenging it can be to treat. You want to step in as soon as you can rather than letting your dog suffer. It’s also important to intervene quickly in the moment. Don’t let your dog’s emotions ramp up past the point of no return. Learn to read dog body language so you can spot the first signs of stress, such as lip licking or pulled back ears. Then, whether it’s walking in another direction or distracting your dog, you can act quickly to change the situation and relieve your dog’s discomfort.\n\n', '3. Build Your Dog’s Confidence': 'The more confident your dog feels, the better they can cope with situations that trigger their fear. One way to build confidence in your dog includes providing a consistent routine so that your dog can predict when they will eat, take a walk, engage in playtime, etc. It’s also helpful if you don’t provide resources at random. Teach your dog how to earn what they want. For example, ask your dog to sit before you lower the food bowl, clip on the leash, and so on. It will give your dog a sense of control over their environment and therefore reduce anxiety. Finally, consider trying a dog sport like agility. Your dog will learn they can tackle greater challenges than they imagined.\n\nAKC is a participant in affiliate advertising programs designed to provide a means for sites to earn advertising fees by advertising and linking to akc.org. If you purchase a product through this article, we may receive a portion of the sale.\n\n', '4. Teach Your Dog to Settle': 'Training your dog to settle on cue is a practical part of teaching emotional self-control. The idea is your dog learns to relax at your request. Of course, your dog’s ability to comply will drop the more nervous they become, so either use this in anticipation of a trigger or before the anxiety level gets too high.\n\nAKC is a participant in affiliate advertising programs designed to provide a means for sites to earn advertising fees by advertising and linking to akc.org. If you purchase a product through this article, we may receive a portion of the sale.\n\nFirst, teach your dog to settle in a calm situation without any distractions. One way to do that is to interrupt a gentle play session and ask your dog to sit or lie down. When they do, quietly praise and treat them then start up the game again to further strengthen the reward. Once they have the hang of it, stop the game and wait for them to sit or lie down on their own. When they do, offer your rewards. Now that you can predict their behavior, add a cue like “settle” or “calm down.” Then it’s time to increase the duration of the settle and the intensity of the game before slowly adding distractions.\n\n', '5. Create a Safe, Calm Place for Your Dog': 'Anxious dogs benefit from a safe place that they associate with positive things – treats, toys, or undisturbed rest. A dog bed or mat is perfect for this because it’s portable, meaning you can take that safety on the road. The mat can be used at the vet’s office, in the car, or at a friend’s home to help your dog feel calm and secure.\n\nOnce you’ve taught them to love that safe place by pairing it with rewards and pleasant experiences, train your dog to go to their place on cue. Start close to the bed in a quiet room, then slowly build the distance from the bed and the duration they will stay on the bed before adding distractions. Your goal is to have a portable relaxation station you can send your dog to whenever they are in an anxious situation.\n\nAKC is a participant in affiliate advertising programs designed to provide a means for sites to earn advertising fees by advertising and linking to akc.org. If you purchase a product through this article, we may receive a portion of the sale.\n\n', '6. Give Your Dog Plenty to Do When They’re Alone': 'Dogs are social creatures who want to be around their humans, and for some, being alone causes separation anxiety. Teaching your dog how to be alone can go a long way to preventing anxiety. It’s also important to give your dog lots of things to do while they’re on their own. Give them a favorite chew bone or a food-stuffed chew toy to keep them occupied. Or consider using puzzle toys that exercise your dog’s mind. Finally, some dogs like the background noise of a TV or radio so they don’t feel as alone.\n\n', '7. Play Calming Games': 'Games can be a great way to ease your dog’s nerves and distract them from their anxiety triggers. Consider calm games that engage your dog’s brain rather than riling them up with roughhousing or high energy activities. Try scattering food across the ground for your dog to sniff out or placing treats behind furniture or pillows in a doggie game of hide-and-seek. Snuffle mats also encourage your dog to sniff out hidden food, and lick mats are particularly handy if bath time or grooming stress your dog. Finally, consider using training as a game. Exercises like nose targeting or “watch me” are easy and fun for your dog to do, so they can work well during tense situations.\n\nAKC is a participant in affiliate advertising programs designed to provide a means for sites to earn advertising fees by advertising and linking to akc.org. If you purchase a product through this article, we may receive a portion of the sale.\n\n', '8. Use Desensitization and Counterconditioning': 'Another way to help your dog is to change their anxious response into something more pleasant using desensitization and counterconditioning. It might be helping your dog relax around other dogs or calmly listen to fireworks – as long as you can identify the trigger, you can change your dog’s reaction from negative to positive. To achieve improvement, it’s important to proceed at your dog’s pace and break the procedure down into small steps. It’s a powerful technique so don’t hesitate to get the assistance of a professional dog trainer or animal behaviorist.\n\nAKC is a participant in affiliate advertising programs designed to provide a means for sites to earn advertising fees by advertising and linking to akc.org. If you purchase a product through this article, we may receive a portion of the sale.\n\n', '9. Never Punish After the Fact': 'Punishment only serves to increase your dog’s anxiety. If done in the moment, such as when your reactive dog lunges at a stranger on the street, your dog can associate the punishment with the trigger. That will only convince them they were right to be anxious in the first place. So, although the punishment might suppress the lunging, your dog’s negative emotional response will have strengthened.\n\nAnd punishment applied after the fact will make your dog anxious around you. For example, if you come home to find your property has been destroyed, it’s too late to do anything about it. Your dog won’t remember what they chewed up hours ago and now you seem angry out of the blue. No amount of showing your dog the damage or explaining in words will make your reaction seem any more reasonable from your dog’s perspective.\n\n', '10. Never Force Your Dog to Face Their Fears': 'You might be tempted to force your dog to face their fears. Don’t! Known as flooding, this technique lets the dog panic until they’re too exhausted to react anymore and finally realize nothing bad actually happened. It would be the equivalent of putting a person afraid of spiders in a bathtub full of tarantulas until their phobia was gone. Sounds terrifying, right? Although sometimes flooding can be effective, it’s impossible to know that in advance. And if it doesn’t work, you’ve now made the problem exponentially worse. Instead, use the tips above to avoid the risk of intensifying your dog’s anxiety.\n\nAKC is a participant in affiliate advertising programs designed to provide a means for sites to earn advertising fees by advertising and linking to akc.org. If you purchase a product through this article, we may receive a portion of the sale.\n\nIf you need expert advice from experienced trainers or have additional dog training questions, visit the AKC GoodDog! Helpline page for an online chat or to register for the GDH program.\n\n', 'We use cookies': '', 'Privacy Preference Center': ''}",[]
https://www.akc.org/expert-advice/training/stop-dog-jumping/,Expert Tips to Keep Your Dog from Jumping,"Nov 10, 2023","['jumping', 'attention', 'greeting']","Stephanie Gibeault, MSc, CPDT","AKC GoodDog! Helpline is our telephone and video dog training consultation service. We offer live, personalized assistance with your questions about training your puppy or dog. To celebrate the service’s 10th anniversary, we’ve rounded up the most common questions that our dog trainers hear from owners just like you. In this edition: “How do I stop my dog from jumping up?”

Jumping when greeting is a common dog behavior problem. Not only is it annoying, but large breeds can knock people over, which is especially dangerous for children and seniors. Even small breeds can scratch your legs or get muddy paws on your clothes. However, your dog is simply trying to say “hello” face-to-face. Plus, jumping is an effective way to get your attention. So, how do you stop your dog from jumping when it’s such a natural canine behavior?

Teach your dog a greeting rule, such as “keep your front paws on the floor.” It’s far safer, more polite, and gives your pet an alternative way to welcome you home and earn your attention. These 10 tips will help you teach your dog appropriate greeting behavior. Soon, your dog will know exactly how to say “hi” to humans.

","{'1. Only Greet Your Dog When They Have Four Paws on the Floor': 'The most effective way to deal with problem behavior is to teach your dog an incompatible alternative behavior. Your dog will learn faster and easier if you tell them what to do rather than just what not to do. In the case of jumping, that could be teaching your dog to keep all four paws on the floor. They can’t jump and stand at the same time. Or perhaps you want them to sit or lie down for greetings. Whatever rule you choose, only greet your dog and provide attention when they are following the rule. And be consistent. For example, don’t let your dog jump on you when you’re in jeans but not when you’re in a suit.\n\n', '2. Give Attention As Soon As Your Dog’s Front Feet Hit the Floor': 'Dogs repeat behaviors that get them what they want. So, as long as your dog is following your greeting rule like front feet on the floor, provide praise and petting. Your dog wants the reward of your attention, so make sure they get it immediately whenever they’re doing the right thing, especially while they’re still learning. Don’t delay your greeting while you remove your coat and shoes. Your dog might become impatient and try something else to get you to notice them.\n\nAKC is a participant in affiliate advertising programs designed to provide a means for sites to earn advertising fees by advertising and linking to akc.org. If you purchase a product through this article, we may receive a portion of the sale.\n\n', '3. Remove Attention When Your Dog Jumps': 'On the flip side, the only way to stop jumping is to stop rewarding it. Never reinforce a behavior you want to eliminate. If your dog jumps on you, quickly take away what they want – your attention. Try turning your back or calmly walking away so your dog realizes jumping has the opposite effect to what they intended. But as soon as your dog is four on the floor again, turn back and quietly praise and pet them. This will help your dog see their behavior as a switch that turns your attention on and off.\n\n', '4. Set Up Your Dog for Success': 'Ignoring jumping and rewarding proper greetings is effective, but it can be frustrating for your dog as it requires trial-and-error learning. Set up your dog for success by making it easier for them to follow your greeting rule. If that’s to sit for greetings, then ask them to sit as soon as you come in the door. If you require four on the floor, then encourage them to stay standing.\n\nAKC is a participant in affiliate advertising programs designed to provide a means for sites to earn advertising fees by advertising and linking to akc.org. If you purchase a product through this article, we may receive a portion of the sale.\n\nA fabulous way to keep your dog from jumping is to scatter treats on the floor. After all, most dogs can’t resist free goodies, and they can’t jump and sniff the ground at the same time. You need to be fast, but if you provide the food before your dog even thinks about jumping, you can reward four on the floor with both attention and treats. Your dog will soon figure out your greeting rule and you can start to phase out the food.\n\n', '5. Always Reward Your Dog for Proper Greeting Behavior': 'Your dog will learn proper greeting behavior faster if their actions immediately impact your attention – front feet on the floor gains attention and jumping makes it go away. That means you should always reward your dog if they follow your greeting rule. Never withhold your attention when your dog’s feet finally touch the floor. You might be irritated, particularly if you just tolerated five solid minutes of jumping, but don’t let that impact your response. It will confuse your dog if the rule isn’t consistently reinforced.\n\n', '6. Don’t Grab or Push Your Dog Away': 'Remember that your dog is jumping to get your attention. And even a negative response, like grabbing your dog, holding their paws, or pushing them away, is still attention and therefore will reward the jump. Therefore, instead of reducing the frequency, this can cause more jumping in the long run. And worse, for many dogs, getting physical like that can be misinterpreted as initiating roughhouse play. They will come back jumping harder and stronger thinking it’s all part of the game.\n\n', '7. Don’t Put Your Knee Up When Your Dog Jumps': 'You may have heard that putting your knee up to block your dog’s chest as they jump will eliminate the behavior. But as discussed above, kneeing can be interpreted as attention or a wrestling game by some rough and tumble personalities causing the opposite effect. But even worse, for most dogs it will create distrust and erode the human-canine bond. After all, your dog is simply trying to say “hello” and you are punishing them in response. You might even injure them. If your dog doesn’t trust you, that can lead to other behavior problems such as not coming when called.\n\nAKC is a participant in affiliate advertising programs designed to provide a means for sites to earn advertising fees by advertising and linking to akc.org. If you purchase a product through this article, we may receive a portion of the sale.\n\n', '8. Keep Greetings Low-Key While Your Dog Is Learning': 'Because your dog is so happy to see you, it’s hard for them to control their excitement. It takes a lot of emotional self-control to resist the natural urge to jump, and instead obey the new greeting rule. Make it easier for your dog by keeping greetings low-key. Dogs can read our emotions, so if you’re riled up, they will be too. Instead, stay calm and quiet, even when you praise. Once your dog starts to catch on, you can increase your enthusiasm bit by bit until you can show just as much excitement as they do.\n\nAKC is a participant in affiliate advertising programs designed to provide a means for sites to earn advertising fees by advertising and linking to akc.org. If you purchase a product through this article, we may receive a portion of the sale.\n\n', '9. Prevent Your Dog From Jumping on Guests': 'You aren’t the only one reinforcing your dog’s behavior. Other family members, guests, and even strangers on the street can all reward jumping if you aren’t careful. To prevent that, use management techniques like leashing your dog so they can’t approach. Even better, send your dog to their place such as a mat or bed, or put your dog in their crate so they are nowhere near the door. You can also use a baby gate to block the front hall.\n\n', '10. Ask Guests and Strangers to Follow Your Greeting Rule': 'Don’t be afraid to speak up and be clear with guests and strangers about what your dog should do before they say “hello.” While your dog is still learning, ask people to completely ignore your dog unless you say it’s okay. And try to avoid strangers until your dog has mastered greetings with friends and family who you know will cooperate. Instead, use a “watch me” cue or distract your dog with a hand touch or toy until the stranger has walked past.\n\nAKC is a participant in affiliate advertising programs designed to provide a means for sites to earn advertising fees by advertising and linking to akc.org. If you purchase a product through this article, we may receive a portion of the sale.\n\nIf you need expert advice from experienced trainers or have additional dog training questions, visit the AKC GoodDog! Helpline page for an online chat or to sign up for the program.\n\n', 'We use cookies': '', 'Privacy Preference Center': ''}",[]
https://www.akc.org/expert-advice/training/multiple-pet-issues/,Expert Tips for Issues Between Multiple Pets,"Nov 03, 2023","['multi-dog household', 'cats', 'multi-pet household']","Stephanie Gibeault, MSc, CPDT","AKC GoodDog Helpline (GDH) is our telephone and video dog training consultation service, offering live, personalized help with to answer questions about training your puppy or dog! We’re celebrating GoodDog Helpline’s tenth year in 2023, so we’ve rounded up the most common questions that our dog trainers hear from owners just like you. A common question is, “How do I handle multiple pets?”

When you love animals, it’s tempting to have lots of pets. After all, if owning one dog is wonderful, it must be even better to have two or three! But living in a household with multiple dogs comes with its own special challenges, like preventing a free-for-all at mealtimes. And having cats and dogs in the same house can require extra effort to maintain order between the species. So, how do you handle multiple pets?

Whether you want to prevent jealousy, minimize conflict, or bond with each animal, there are ways to manage a multi-pet household. These 10 tips will allow you to balance the needs of your pets so you can all truly benefit from each other’s company.

","{'1. Establish a Stable Routine': 'Routine is comforting for dogs, and that’s particularly true for multi-pet homes. Knowing when to expect exercise, playtime, meals, etc. can ease anxiety and boost confidence. You don’t have to be overly rigid but plan your pets’ schedules and try to be consistent. Make sure every day involves interaction with each pet. But it’s also important to include daily alone time for young dogs (cats have that down pat) as that can help them learn to be independent and will go a long way to preventing separation anxiety.\n\n', '2. Set Aside Time for Each Pet': 'Each of your pets should get a chance to spend time with you every day. It might be tempting to focus on a new puppy rather than a well-behaved older dog. Or to assume your cat is fine living solo. But favoring one pet over the other can lead to jealousy and behavior problems. After all, acting up is a great way to get the attention your pet is likely craving. Try to combine meeting the needs of your pets with your own needs. For example, if you need to unwind each evening, that’s a great time to hang out with your cat, but you can increase your step count by hiking with your dog.\n\n', '3. Provide One-on-One Play and Bonding Time': 'Training, exercise, grooming, and just plain hanging out are all important, but make sure your schedule includes one-on-one time with each pet for play and bonding too. Consider each pet’s favorite activities and build them into your day. That might be playing fetch for one dog and agility training for another. Or consider taking your dogs for walks individually so each pet gets special time with you. While you are with one pet, make sure the other is happy on their own. Consider placing them in a crate, exercise pen, or gated pet-safe area with a much-loved treat like a food-stuffed chew toy.\n\nAKC is a participant in affiliate advertising programs designed to provide a means for sites to earn advertising fees by advertising and linking to akc.org. If you purchase a product through this article, we may receive a portion of the sale.\n\n', '4. Train Pets Separately': 'One of the trickiest elements of dog training is teaching your dog to ignore distractions. And what’s more distracting than another pet? It’s impossible for puppies to learn when there are more exciting things to do than listen to you! And even well-behaved dogs can lose their focus when another pet runs across the room. That’s why you should train your dogs separately. Work with one dog at a time and place the other dog in a crate or a different room. You can also use a leash or tether to prevent dogs from interfering with each other while you train.\n\nAKC is a participant in affiliate advertising programs designed to provide a means for sites to earn advertising fees by advertising and linking to akc.org. If you purchase a product through this article, we may receive a portion of the sale.\n\n', '5. Feed Pets Separately': 'One of the most important things in your pets’ lives is food. That’s why it can often be the source of competition and resource guarding. Prevent issues by feeding your pets in separate areas. That includes high value treats and food-stuffed toys too. For example, you might feed each dog in their own crate which has the bonus of building positive associations with that space. Or feed your cat on an elevated surface to keep your dog away. Plus, separating pets at mealtimes makes it far easier to manage your dog’s weight and nutrition or notice when a pet has lost their appetite.\n\n', '6. Provide Private Areas for Each Pet': 'Ensure each pet has a private place for rest or alone time. These personal retreats will help alleviate conflict and allow each pet to get away when they aren’t in the mood to socialize. Cats can use elevated areas like cat trees or windowsill perches to avoid your dogs’ attention. And a cat door can keep your dog out of the room containing the cat’s litter box. Place dog crates in a quiet location for when your dog wants to unwind.\n\nAKC is a participant in affiliate advertising programs designed to provide a means for sites to earn advertising fees by advertising and linking to akc.org. If you purchase a product through this article, we may receive a portion of the sale.\n\n', '7. Make the Crate a Happy Place': 'Because they provide so many benefits, particularly in a multi-pet home, it’s important to teach your dogs to love spending time inside their crates. Make the crate a relaxing and positive place. Always provide your dog with a treat or toy when they’re inside to occupy their time and build happy associations. If you’ve placed your dog inside so you can focus on another pet, move the crate to a secluded area so the dog doesn’t get jealous of the other pet receiving attention nearby.\n\n', '8. Supervise Interactions Between Pets': 'Although you can foster harmony between your pets, not all animals will get along. And even the best of furry friends can have spats. That’s why it’s important to supervise interactions between pets, particularly in the beginning when you’re unsure of the outcome. You don’t want a more rambunctious pet, like a new puppy, to bother an older or calmer pet. And you don’t want fights over resources like toys or your attention.\n\n', '9. Separate Pets During Times of High Activity': 'When your household is bustling, such as when you have holiday visitors, it can become impossible to supervise your pets. Plus, that extra commotion may cause them stress and anxiety as their usual routine has been disrupted. In such situations, it’s best to separate your pets. That will avoid conflict between them, help them stay calm, and prevent problem behavior.\n\nAKC is a participant in affiliate advertising programs designed to provide a means for sites to earn advertising fees by advertising and linking to akc.org. If you purchase a product through this article, we may receive a portion of the sale.\n\n', '10. Limit High-Arousal Play and Competitive Activities': 'As dogs can get jealous of other pets in the home, it’s important not to encourage rivalry. That means minimizing competitive activities like having two dogs chase after the same ball. You want your pets to see each other as friends not opponents. It also helps if you don’t rile up your pets while they’re around each other. The more excited your dogs become, the more they may lose emotional control. An aroused pet is more likely to forget their manners and act badly.\n\nAKC is a participant in affiliate advertising programs designed to provide a means for sites to earn advertising fees by advertising and linking to akc.org. If you purchase a product through this article, we may receive a portion of the sale.\n\nIf you need expert advice from experienced trainers or have additional dog training questions, visit the AKC GoodDog! Helpline page for an online chat or to register for the GDH program.\n\n', 'We use cookies': '', 'Privacy Preference Center': ''}",[]
https://www.akc.org/expert-advice/training/curb-excessive-dog-barking/,Expert Tips to Help Curb Excessive Dog Barking,"Mar 25, 2026","['barking', 'boredom', 'attention', 'bark']","Stephanie Gibeault, MSc, CPDT","AKC GoodDog Helpline (GDH) is our telephone and video dog training consultation service, offering live, personalized help with to answer questions about  training your puppy or dog! We’ve rounded up the most common questions that our dog trainers hear from owners just like you. A common question is, “How do I stop my dog from barking?”

In This Article

Dogs communicate with body language and sounds, and for many, their favorite way to vocally communicate is to bark. A bark or two is completely natural canine behavior, but excessive dog barking can be a serious problem. You won’t get any peace and quiet, your neighbors or landlord won’t appreciate it, and it could indicate your dog’s needs aren’t being met. But how do you stop your dog from barking?

Whether you want to keep your dog quiet during an online meeting, curb unwanted territorial barking, or prevent chaos when guests arrive, there are techniques that can help reduce the amount of barking. These tips will help you handle nuisance barking and teach your dog new, more appropriate ways to express their feelings.

","{'Identify Why Your Dog Is Barking': 'Although sometimes it seems like your dog is barking at nothing, dogs bark for many different reasons. You will be far more effective at curbing your dog’s barks if you can learn what your dog is saying. For example, if your dog barks at people, it could be out of excitement to see them, anxiety about an intruder, or frustration they can’t get close enough to say hello. These are all totally different emotions and motivations for barking.\n\nSadly, because barking is so varied, there is no one-size-fits-all approach to stopping it. A bored dog needs something to do, and an anxious dog needs to build confidence, for instance. If you identify why your dog is barking in a given situation, it will allow you to target your approach and deal with the barking more effectively.\n\nAKC is a participant in affiliate advertising programs designed to provide a means for sites to earn advertising fees by advertising and linking to akc.org. If you purchase a product through this article, we may receive a portion of the sale.\n\n', 'Ignore Barking for Attention': 'Dogs learn how to get what they want from their humans, and barking usually gets an immediate response. Therefore, many dogs bark for attention when they’re lonely or bored. Although it’s tempting to do something to stop the noise, such as throwing a ball or providing pats, your dog is actually training you. Next thing you know, you’ll be unable to talk on the phone or watch TV without your dog interrupting.\n\nIn addition, it’s important not to yell at your dog to be quiet. Even negative attention is still attention, and dogs don’t speak human. To them, it will only sound like you’re barking too, and from your dog’s perspective, barking is contagious. Instead, ignore attention-seeking barks. Simply turn your back or walk away. If your dog discovers barking is ineffective, they’ll stop wasting their energy and try something else.\n\nAKC is a participant in affiliate advertising programs designed to provide a means for sites to earn advertising fees by advertising and linking to akc.org. If you purchase a product through this article, we may receive a portion of the sale.\n\n', 'Teach Your Dog Alternative Behaviors': 'Although ignoring attention-seeking barks is effective, it can frustrate your dog and fails to give them a more appropriate way to communicate. Encourage silence by teaching your dog an alternative method of earning your attention. That might be lying at your feet or sitting quietly and making eye contact with you. The choice is up to you. Simply cue the behavior you want when your dog is asking for attention, then when they comply, reward them with cuddles, praise, and the company they seek.\n\nJust as you can teach your dog to speak on cue, you can train them to stop barking as well. Simply teach them that silence earns rewards. Whenever your dog is barking, wait for them to take a break, even if it’s just for a second. As soon as they stop barking, give them a delicious dog training treat. Wait for a bit more silence each time before presenting the treat. Once you can predict when your dog is about to stop barking, give a cue like “quiet” or “stop” right beforehand, then treat them when they comply. After enough repetitions, your dog will learn it pays to stop barking at your request.\n\nIf your dog never seems to take a break, you can lure silence by placing a smelly morsel of food on their nostrils. They’ll have to stop barking to take a good sniff. As soon as they do, pop that morsel in their mouth. You can also use clicker training to mark the moment of silence, so your dog knows exactly what you’re rewarding. Of course, the “quiet” cue only works when you’re there to give it, but it’s a word every dog should learn.\n\nAnother way to prevent barking at visitors is to teach your dog to go to their place when people come over. This not only keeps your dog away from the front door, but it puts them in a location they positively associate with calm, quiet behavior. You can designate your dog’s place wherever you like. It can be their crate, a dog bed, or a mat. Consider something you can move around the house. That way, depending on the situation, your dog can be away from stimulation or moved nearby, so they don’t feel too far from the action.\n\nAKC is a participant in affiliate advertising programs designed to provide a means for sites to earn advertising fees by advertising and linking to akc.org. If you purchase a product through this article, we may receive a portion of the sale.\n\n', 'Teach Your Dog Impulse Control': 'Many dogs bark out of frustration because they lack patience and restraint. If that sounds like your pet, then it will help to teach your dog self-control. Obedience training is a great start as it gives your dog a sense of control over their environment by teaching them that they can get what they want by giving you what you want. Choose a dog training class or consider private training to put you on the right track. You can also try playing training games like “leave it” or “wait at the door” to show your dog that patience pays off, so they don’t resort to barking.\n\nAKC is a participant in affiliate advertising programs designed to provide a means for sites to earn advertising fees by advertising and linking to akc.org. If you purchase a product through this article, we may receive a portion of the sale.\n\nBarking can be a problem for dogs left on their own. Out in the yard, that can mean barking at every squirrel and falling leaf. Other dogs will bark at their canine neighbors, perhaps looking for company or to defend what they see as their territory. To discourage your dog from barking at other dogs and passersby, don’t leave your dog outside on their own. Solitary potty breaks are fine, but don’t think alone time in the backyard is a substitute for mental stimulation and physical exercise.\n\nSome dogs bark to defend their territory from what they think are intruders. Whether it’s barking at the mail carrier or at a dog and their owner walking by, your dog is trying to warn these people to stay away. Unfortunately, that’s a self-rewarding behavior: your dog barks at the mail carrier and what do you know, they walk away. Of course, they were going to leave anyway, but from your dog’s point of view, their barks did the job. That makes this a very hard habit to break. The most effective solution is to block your dog’s view of people and animals going past your home. That might mean a solid front gate or curtains on the windows, but if your dog can’t see the “intruders” they won’t feel the need to bark.\n\nIf your dog gets overstimulated by the arrival of guests, such as barking at the doorbell or barking as people enter, don’t let your dog greet people at the door. This may be too much for them to handle emotionally, either from excitement or anxiety. Instead, keep your dog away from your entryway using dog gates or an exercise pen as a barrier. They can greet the guests later once they’ve calmed down and accepted their presence.\n\n', 'Seek a Professional’s Help': 'There are a variety of tools available to help control nuisance barking, from spray collars to ultrasonic devices to e-collars. Note that all these tools work on the principle of positive punishment – when your dog barks, they receive a negative consequence. The goal is to reduce the frequency of the barking as your dog learns the association.\n\nAKC is a participant in affiliate advertising programs designed to provide a means for sites to earn advertising fees by advertising and linking to akc.org. If you purchase a product through this article, we may receive a portion of the sale.\n\nIt’s tempting to see these as easy solutions to problem barking. You don’t do anything except strap on the collar. However, punishment has harmful effects on the physical and mental health of your dog. And it’s no more effective than positive reinforcement techniques such as those listed above. Plus, bark-deterrents can be particularly problematic in a multi-dog household if one dog receives a punishment for another dog’s bark. Given the potential damage these devices can cause, please first seek the help of either a certified professional dog trainer or animal behaviorist before using such tools.\n\nIf you need expert advice from experienced trainers or have additional dog training questions, visit the AKC GoodDog! Helpline page for an online chat or to register for the GDH program.\n\nAKC is a participant in affiliate advertising programs designed to provide a means for sites to earn advertising fees by advertising and linking to akc.org. If you purchase a product through this article, we may receive a portion of the sale.\n\n', 'We use cookies': '', 'Privacy Preference Center': ''}",[]
https://www.akc.org/expert-advice/training/crate-training/,How to Crate Train Your Dog: Expert Tips for Every Age,"Mar 10, 2026","['crate training', 'positive reinforcement', 'rewards']","Stephanie Gibeault, MSc, CPDT","Your dog’s crate is their personal den, a place to relax, sleep, and feel safe. Crate training has many benefits, such as helping to establish a routine for your dog and regulate their potty training schedule. It’s also an important tool for teaching your dog to be alone. But how do you safely and effectively use a crate without making your dog feel like you’re punishing them?

Whether you have a new puppy or an adult dog, with the right approach, you can train them to feel comfortable in their crate. Making sure you choose the right crate size for your dog is also an important part of successful crate training. These 10 tips will help make crate training your dog a positive and successful experience. Soon, your dog will look forward to spending time in a private space that’s entirely theirs.

","{'Encourage Your Dog to Explore Their Crate': 'When you first expose your dog to a crate, they might be anxious and not want to go inside. Try to avoid forcing your dog into the crate, since that can create a negative association. If your\xa0dog is afraid\xa0of going inside an enclosed space, pushing them to go in will only make them more nervous. This might make your dog have negative feelings or fears about the crate, which are harder to unlearn.\n\nInstead, encourage your dog to enter and explore on their own. A perfect way to do that is to lay a trail of\xa0dog food\xa0or\xa0training treats\xa0that leads to the crate. Hold the crate door open, so it doesn’t accidentally close on your dog. These early associations will greatly impact how your dog sees the crate — first impressions matter!\n\nIf your dog is hesitant, encourage them to go a bit farther each time you lay the trail until they feel confident enough to go inside. Patience is key: your dog is trying to understand something new. Make sure to wait to close the door behind them when they’re voluntarily going in and out on their own. If you close the door too early, they may also react negatively and feel trapped in this new space.\n\n', 'Create Positive Associations With the Crate': 'Your dog’s crate is an effective tool for keeping them out of trouble, but you don’t want them to feel like they’re being put in a time-out either. Make it a priority to create a positive association every time you use the crate, so your dog only has positive feelings when they’re going in it. This can mean offering a favorite dog treat\xa0for entering, keeping a\xa0bully stick\xa0or other high-value chew inside, or\xa0giving your dog lots of praise.\n\nAKC is a participant in affiliate advertising programs designed to provide a means for sites to earn advertising fees by advertising and linking to akc.org. If you purchase a product through this article, we may receive a portion of the sale.\n\nThese incentives and positivity towards the crate will help your dog see the crate as a place they want to be. Instead of punishment, you want to establish crate time to let them calm down. If they see it as a place where they feel safe and can relax, it’ll be a more effective tool in preventing unwanted dog behavior.\n\n', 'Reward Calm Behavior in the Crate': 'Once your dog is happily spending time inside their crate, it’s important not to take that for granted.\xa0Dogs repeat behaviors that are rewarded, and calm, quiet relaxation is exactly what you want. If you reinforce that this is what you want your dog to be doing, they’ll keep doing it. Soon, they’ll understand that calm behavior makes you happy and is something that’s rewarded.\n\nAKC is a participant in affiliate advertising programs designed to provide a means for sites to earn advertising fees by advertising and linking to akc.org. If you purchase a product through this article, we may receive a portion of the sale.\n\nMake your expectations clear by rewarding your dog when they behave calmly in the crate, or willingly go to the crate on their own to rest or relax. These rewards could be anything from gentle praise to a\xa0dog biscuit. Try to reward your dog in a way that keeps them relaxed, since you want to avoid riling them up again after they’ve gone to their calm place on their own.\n\n', 'Keep Rewards Near the Crate': 'To reinforce crate training and proper behavior in the crate, you’ll want to provide a reward in the moment. If your dog associates going in the crate with getting rewards, they’re more likely to make the connection that this is what you want them to do. If you need five minutes to dig out treats from your kitchen cupboard, your dog may have become bored by then and try other behaviors, like barking or pawing at the crate door, to get your attention.\n\nAKC is a participant in affiliate advertising programs designed to provide a means for sites to earn advertising fees by advertising and linking to akc.org. If you purchase a product through this article, we may receive a portion of the sale.\n\nRewarding your dog promptly to build that positive association with their crate means you’ll want to keep those rewards close by. Keep a sealed container of kibble, small dog treats, or some\xa0crate-only chew toys near the crate so you can reinforce good behavior right after it happens.\n\n', 'Practice Positive Dog Crate Cues': 'It’s helpful to teach your dog to enter their crate on cue, especially if you’re traveling with your dog or faced with an\xa0emergency evacuation. Even in everyday situations where you need to answer the door or need your dog to stay calmly in another room, teaching the cue “crate” or “kennel up” lets your dog know when you want them to go inside. If you practice using verbal cues before your dog enters the crate, then reward them once they’re inside. Soon, they’ll associate the cue with the action, and you can begin to ask for the behavior.\n\nTry to give crate-related cues to your dog in a happy or neutral tone of voice. You want your dog to be excited about entering, not worried that something bad is about to happen or that they’re in trouble. This way, you’ll be able to maintain positive associations with the crate. Even in a stressful situation where you need your dog to go into their crate, try to give the cue neutrally. Your dog will sense your stress in your voice, and if you consistently tell your dog to go to their crate in a stressed tone, they’ll also associate stress with their crate.\n\n', 'Feed Your Dog Inside Their Crate': 'Another way to encourage your dog to explore their crate is to feed them their regular meals inside it. You can do this by putting their food bowl\xa0in the back of the crate. This will help build a positive association between the crate and food in your dog’s mind.\n\nMost dogs look forward to eating, so if their crate also becomes the place where they have their regular meals, they’ll look forward to being in their crate at meal times. If your dog is reluctant to enter the crate, even to eat, you can start with placing the food dish in front of the door. Then, with each meal, slowly move the bowl farther and farther inside. Be patient with your dog — they may need more time to get used to eating in the crate. You may need to keep the bowl in certain spots first before moving it further into the crate.\n\nAKC is a participant in affiliate advertising programs designed to provide a means for sites to earn advertising fees by advertising and linking to akc.org. If you purchase a product through this article, we may receive a portion of the sale.\n\n', 'Provide Dog Toys in the Crate': 'It’s important to give your dog something to do in their crate, particularly when you’re still teaching them to settle down and relax. Enjoying a\xa0food-stuffed dog toy\xa0is a perfect in-crate activity. (You can combine in-crate mealtimes with this toy activity by stuffing your dog’s regular kibble or canned food into a toy. Soaking kibble with some no-salt broth can help it stay put, or you can freeze the toy to give your dog more challenge.) Your dog can interact with the toy while receiving delicious rewards. This builds even more positive associations, teaches your dog appropriate chewing behavior, and gives them something to do.\n\nAKC is a participant in affiliate advertising programs designed to provide a means for sites to earn advertising fees by advertising and linking to akc.org. If you purchase a product through this article, we may receive a portion of the sale.\n\nFor example, your dog might enjoy gnawing on a chew toy filled with a\xa0spreadable, dog-safe peanut butter snack. They might also have fun playing with\xa0interactive dog toys. You can hide\xa0small, crunchy treats\xa0in a treat dispenser or\xa0puzzle toy,\xa0then watch your dog have fun while trying to find the snacks. (Puzzle toys sometimes have smaller parts, so be sure to supervise your dog while they enjoy puzzle playtime in their crate.)\n\nBe sure you’re choosing the right chew toys for your dog, especially if they’ll be in their crates unsupervised. They should be large enough that your dog can’t swallow them whole, and tough enough (or soft enough) for your dog’s chewing style. A power chewer, for example, can tear through plush toys in minutes, and torn-up pieces can be a choking hazard. Any time you provide your dog with a new style of toy, supervise them as they play to be sure it’s a safe choice for them.\n\n', 'Using Multiple Crates in Your Home': 'It can be helpful to provide your dog with different crates for different purposes, rather than expecting one crate in one location to meet all your needs. For example, your dog should have a crate in a quiet part of your home for resting and sleeping, especially if you want them to sleep in a crate overnight. You might opt to keep this sleeping crate in or near your bedroom. When you’re potty training, consider putting another crate near a door that goes outside. You could opt to put a crate in the dining room if you don’t want your dog to feel lonely while you eat.\n\nStart with one crate. Once your dog is comfortable and sees the crate as a safe space to hang out, they’ll be more open to other crates in different areas. They’ll learn to see these crates as places of relaxation and will feel comfortable having their own space in different rooms of the house.\n\nThis training will also carry over when your visits dog daycare or friends’ homes, goes on overnight vacations with you, or in any number of other scenarios where access to a crate can help them feel comfortable and safe.\n\nAKC is a participant in affiliate advertising programs designed to provide a means for sites to earn advertising fees by advertising and linking to akc.org. If you purchase a product through this article, we may receive a portion of the sale.\n\n', 'Avoid Crating Your Dog With Force or Anger': 'If you catch your dog destroying your house or\xa0jumping on visitors, it’s tempting to get frustrated and banish them to their crate. While there’s nothing wrong with giving your dog time and space, it’s important to do so calmly and gently. Especially if you often use this tone to send your dog to their crate, they’ll associate it with a place of punishment. Over time, they won’t be calm when they’re in their crate,. Instead, they’ll be nervous that they’ve done something wrong and upset you.\n\nAKC is a participant in affiliate advertising programs designed to provide a means for sites to earn advertising fees by advertising and linking to akc.org. If you purchase a product through this article, we may receive a portion of the sale.\n\nAfter all, you don’t want to ruin all the positive associations you worked so hard to create. If your dog links the crate with your anger, they’ll stop seeing it as a safe area. As a result, you’ll have trouble getting them inside next time. It’s the opposite of what you want when crate training your dog.\n\n', 'Let Your Dog Out Once They’re Calm': 'Remember that dogs repeat behaviors that are rewarded. If your dog wants out of their crate and you open the door, whatever they were doing at that moment will suggest to them that the behavior was the key to release. If that was barking or\xa0whining, they’ll exhibit the same behavior next time they want out. You want them to connect calm behavior with release, so that they continue to model calm behavior in their crate.\n\nYou don’t want to undo all the hard work you put into building calm crate behavior. Instead, before opening the door, ask for calm behavior, such as having your dog sit\xa0or\xa0lie down. Slowly delay opening the door for longer and longer periods of time until your dog will patiently wait for you to open it.\n\nIf you’re working on potty training, watch the clock or look for signals your puppy needs to relieve themselves before they begin whining because they feel the urge to go for a potty break. Help them be successful by taking them out before they need to let you know they urgently need to go.\n\n', 'We use cookies': '', 'Privacy Preference Center': ''}",[]
https://www.akc.org/expert-advice/training/dog-jump-through-hoop/,Training Your Dog to Jump Through a Hoop,"Oct 07, 2025","['jumping', 'hoop', 'tissue hoop']",AKC Staff,"Teaching your dog new tricks is a great way to strengthen your bond with them and sharpen their skills. Various tricks can also be beneficial for different dog sports, including Trick Dog and Agility. One impressive trick that’s surprisingly easy is teaching your dog to jump through a hoop. So, how do you teach your dog to get comfortable with the hoop to the point where you can get them to jump through it?

In This Article

","{'Teach Your Dog to Jump Through a Hoop': 'Follow these steps to teach your dog to jump through a hoop. As with any trick, patience and positive reinforcement are key. Be sure to keep training sessions short and have a handful of your dog’s favorite treats on hand.\n\nFirst, get a hoop for your dog, such as a hula hoop, and place it on the floor. Put one of your dog’s favorite treats in the center of the hoop and encourage them to investigate. As soon as your dog shows interest, make sure to praise them. Continue to praise them as they step into the hoop, and repeat this process a few times until your dog confidently steps into the hoop when you ask them to.\n\nOnce your dog is comfortable standing inside the hoop, you’ll want to start easing them through it. Some dogs get nervous during training or when there is something around or behind them, so this part may take a bit of patience.\n\nWith the bottom of the hoop still on the ground, lift one end of the hoop with one hand so that your dog is standing in it. With a treat in the other hand, have your dog finish stepping through the hoop with their back legs. When they do, give them praise. Continue doing this until they not only step through with their back legs but step also through the hoop with their whole body.\n\nAKC is a participant in affiliate advertising programs designed to provide a means for sites to earn advertising fees by advertising and linking to akc.org. If you purchase a product through this article, we may receive a portion of the sale.\n\nOnce they are walking through the hoop every time, you can start raising the hoop off the floor. Start by lifting it just a few inches off the ground and praising them when they jump through it. Alternate between treats and praise, practicing multiple times until you feel that they’ve mastered this step.\n\nOnce your dog has mastered the low height, you can begin to raise it. Make sure that you consider your dog’s size when raising the hoop to prevent it from being too high or too low. You can also look for hoops with adjustable heights if it’s easier for you, or if you’re preparing them to jump through hoops in an Agility environment.\n\nOnce they’ve successfully jumped through the hoop when it’s off the ground, you’ve taught them how to jump through a hoop. If they really have a knack for it, you can also raise the hoop to different heights for them to jump through if you want to challenge them.\n\nPractice makes perfect. Even if your dog doesn’t feel comfortable going through the hoop, creating positive associations with it will help them tackle this trick. Set aside time every week to go over this trick to keep their skills sharp. As with any training cue or trick you teach your dog, it’s important to practice regularly.\n\nAKC is a participant in affiliate advertising programs designed to provide a means for sites to earn advertising fees by advertising and linking to akc.org. If you purchase a product through this article, we may receive a portion of the sale.\n\nIf you don’t want to stop there, there are even more variations of this trick that you can teach your dog.\n\n', 'Teach Your Dog to Jump Through Your Arms': 'Once you’ve got your dog confidently jumping through your hoop, you can also try getting them to jump through your arms, which is a Trick Dog Intermediate skill.\n\n', 'Teach Your Dog to Jump Through a Tissue Hoop': 'When they’re consistently jumping through the hoop at a low height, you can start raising the height of the hoop. Keep the height of the hoop in perspective to the size of your dog.\n\nYou can also teach them to jump through your arms by placing your arms around the hoop. Repeat a few times with the hoop and later without it, or teach them to jump through two hoops.\n\nRemember to always keep training sessions short and end on a happy note.\n\n', 'We use cookies': '', 'Privacy Preference Center': ''}",[]
https://www.akc.org/expert-advice/training/expert-tips-for-dog-training/,10 Expert Tips for Successful Dog Training,"Nov 12, 2025","['positive reinforcement', 'basic training', 'good dog helpline']","Stephanie Gibeault, MSc, CPDT","Dog training is a common struggle for owners, particularly if it’s your first dog. There are so many things you want to teach your pet, but it’s difficult when you don’t speak your dog’s language and your dog doesn’t speak yours. So, how can you positively influence your dog’s behavior in a way they can understand?

Don’t worry. There are ways to train effectively that will help your dog learn faster and easier! These 10 tips will help you become a more successful and effective dog trainer. You and your pet can make steady progress while still having lots of fun.

","{'Don’t Expect Your Dog to Work for Free': 'Just as you’d expect a paycheck for your hard work, dogs deserve to be paid, too. After all, as much as your dog may love you, making you happy isn’t their only goal. Too often, people expect their dogs to listen and behave, just because.\n\nGive your dog positive reinforcement, whether that’s praise, a training treat, or a game of tug-of-war. Without positive reinforcement from you, your dog will look for their own rewards, which usually involves behavior you don’t want, like dragging you down the sidewalk. Instead, “pay” your dog for making good choices, rewarding them when they do what you ask. As a result, when you ask them to perform the same behavior in the future, they’ll want to make those same choices and do what you ask.\n\n', 'Figure Out What Your Dog Finds Rewarding': 'Positive reinforcement training is a powerful way to teach and maintain behavior because dogs repeat behaviors that earn them rewards. But rewards have to be from your\xa0dog’s point of view. If your pet isn’t willing to work for something, that item isn’t a reward at all. Top-tier rewards are things your dog really loves, while things on the lower tiers are items they enjoy but aren’t their absolute favorites.\n\nAKC is a participant in affiliate advertising programs designed to provide a means for sites to earn advertising fees by advertising and linking to akc.org. If you purchase a product through this article, we may receive a portion of the sale.\n\nThink about what your dog enjoys and build a hierarchy of their favorite things. Use the lower levels, like dry food or carrot sticks, for easier tasks. Save the top-tier rewards, like pieces of unseasoned chicken breast or playing fetch, when they’re working in distracting environments or learning challenging behaviors.\n\n', 'Teach Them That Good Behavior Brings Rewards': 'The world is full of things your dog wants, such as delicious food, comforting cuddles, and walks outside. And you control access to most of those. If you teach your dog that they’ll get what they want by giving you what you want, it’s a win-win scenario. So don’t give away all the rewards for free.\n\nInstead, ask your dog to perform a behavior before you reward them. For example, ask for a sit before clipping on the leash, or a down before lowering the food bowl. Your dog will quickly learn they gain access to the good stuff simply by listening to your requests.\n\nAKC is a participant in affiliate advertising programs designed to provide a means for sites to earn advertising fees by advertising and linking to akc.org. If you purchase a product through this article, we may receive a portion of the sale.\n\n', 'Be Consistent in Your Reactions to Your Dog’s Behavior': 'You must be consistent with your dog if you want them to learn what you expect. If your reactions change from day to day, you will only confuse your dog and delay your training. That goes for good behaviors as well as bad.\n\nIt isn’t helpful for your dog’s learning process if you’re upset about something one day and then you reward that same behavior the next. For example, if you don’t want your dog jumping on you when you’re in your work clothes, don’t allow it when you’re in your sweatpants, either. After all, your dog won’t understand the difference between the two scenarios.\n\nAKC is a participant in affiliate advertising programs designed to provide a means for sites to earn advertising fees by advertising and linking to akc.org. If you purchase a product through this article, we may receive a portion of the sale.\n\n', 'Understand That Your Dog Is Learning a New Language': 'Even puppies are remarkably skilled at reading human body language and gestures, such as pointing. But that doesn’t mean they literally speak your language. To understand us and our training requests, dogs need to learn a whole new language.\n\nSo it’s important to be patient and consistently teach them what your words and hand signals mean. For example, if you yell at your dog not to bark at the mail carrier, they won’t understand the meaning of your words. Instead, teach a quiet cue, then reward your dog for obeying when the mail is delivered.\n\n', 'Deliver Cues With Consistent Words, Tone, and Body Language': 'Make it easier for your dog to learn a new language by giving each behavior a single, unique cue. If “down” means “lie down,” it can’t also mean “get down from the couch.” It’s important to deliver cues in the same calm but confident tone.\n\nMake sure every person who works with your dog agrees on the cues you will use for each behavior. That goes for hand signals and other body language too. A raised, open hand often means stay, but if you want to use a fist or other gesture, make sure everybody uses it consistently. This will prevent confusion and help your dog learn faster.\n\n', 'Proofing Your Dog’s Behavior': 'It’s a common complaint that a dog will be attentive to their owner in the kitchen but ignore them when out in the world. The dog isn’t being defiant on purpose. The owner simply didn’t “proof” the sit.\n\nAKC is a participant in affiliate advertising programs designed to provide a means for sites to earn advertising fees by advertising and linking to akc.org. If you purchase a product through this article, we may receive a portion of the sale.\n\nProofing means ensuring your dog understands the behavior and its cue, no matter the environment or what distractions might be around. Dogs don’t generalize well, so if you teach them to sit while you’re in the kitchen, they will think “sit” only applies in that room. You need to build out the behavior in new locations and the three Ds (distance, duration, and distraction) until your dog will perform the behavior, no matter what.\n\n', 'Control Your Emotions': 'Your emotions can have a big impact on your dog. If you’re anxious, your dog will be anxious. Or if you get overly excited, your dog might become hyper and unable to focus.\n\nTake note of how your mood impacts your dog and adjust accordingly. This is especially important if your dog is reactive (meaning they can overreact in response to certain triggers). It’s embarrassing and frightening when your dog is barking and growling at other dogs or people, but if you get worked up, it will only feed your dog’s reaction. However, if you project an air of relaxed confidence, it will help your dog trust you have things under control.\n\nAKC is a participant in affiliate advertising programs designed to provide a means for sites to earn advertising fees by advertising and linking to akc.org. If you purchase a product through this article, we may receive a portion of the sale.\n\n', 'Look at Training From Your Dog’s Perspective': 'Consider your behavior from your dog’s point of view. Are your cues confusing them? For example, you may be expecting them to stay in a down position while you’re actually luring your dog up with your body language. Do you get tense when other dogs approach? That might be why your dog is barking and snarling when you’re out on walks.\n\nAKC is a participant in affiliate advertising programs designed to provide a means for sites to earn advertising fees by advertising and linking to akc.org. If you purchase a product through this article, we may receive a portion of the sale.\n\nWhenever you hit a training snag, ask yourself what your dog is really learning from you. Seeing the world through your dog’s perspective is a great way to troubleshoot. A professional dog trainer can also help, since they can watch you and your dog and point out any miscommunication.\n\n', 'Be an ‘Action Movie’ for Your Dog': 'The whole world is competing with you for your dog’s attention. After all, why should your dog listen to you when there are squirrels on the horizon? It’s important to be as interesting as you can to your dog in order to hold their concentration.\n\nA good rule of thumb is to be like an action movie — fast-paced, engaging, and easy to follow. When you’re with your dog, really be present with them. Don’t chat with neighbors or scroll on your phone. Make your pet your priority, train at a steady pace, and be clear with your cues. When you pair all that with rewards, your dog will want to follow your every move.\n\n', 'We use cookies': '', 'Privacy Preference Center': ''}",[]
https://www.akc.org/expert-advice/training/teach-your-dog-to-dig-on-cue/,Teach Your Dog to Dig on Cue,"Aug 28, 2023","['tricks', 'backyard', 'sand', 'digging']","Sassafras Patterdale, CPDT-KA, CTDI","If you’re looking for a fun new skill to teach your dog, consider teaching them to dig on cue! Whether your dog loves to dig or isn’t a fan of getting their paws dirty, this trick is relatively easy to learn.

You can incorporate this skill into dog trick routines, which is helpful for those participating in AKC Trick Dog or wanting to get started. Learning this skill can also help eliminate unwanted digging. Once you’re able to provide your dog with a natural outlet for that behavior that’s on your command, they’re also less likely to dig in a destructive manner.

","{'Supplies Needed': 'To teach your dog to dig on cue, you’re going to want a blanket you don’t mind your dog playing with and dog treats your pet is excited about. If you are clicker training your dog, you’ll want to have your clicker on hand, too.\n\nAKC is a participant in affiliate advertising programs designed to provide a means for sites to earn advertising fees by advertising and linking to akc.org. If you purchase a product through this article, we may receive a portion of the sale.\n\n', 'Teach Your Dog to Dig: A Step-by-Step Guide': 'When you’re starting to teach this trick to your dog, choose a quiet area inside your home. Somewhere without a lot of distraction will help them focus on learning this trick.\n\nStep 1: To start, lay the blanket out on the floor. Lift one side of the blanket and put a treat underneath, or you can fold the blanket over a treat. Next, you’ll show the blanket to your dog.\n\nStep 2: As your dog sniffs at the treat under the blanket, wait. To try and get the food, most dogs will use their feet, starting to paw at the blanket to free the treat. When your dog paws at the blanket, click or praise, then move the blanket so your dog can eat the treat.\n\nAKC is a participant in affiliate advertising programs designed to provide a means for sites to earn advertising fees by advertising and linking to akc.org. If you purchase a product through this article, we may receive a portion of the sale.\n\nStep 3: Continue to practice Step 2, repeating until your dog is consistently pawing at the blanket. Now, it’s time to introduce your verbal cue of choice for the trick (like “dig” or “paw”). Put the treat under the blanket, and give your verbal cue right before your dog starts to dig. Praise your dog and give them the treat as soon as they paw at the blanket.\n\nStep 4: After several repetitions, you can start to phase out having the treat under the blanket. You’ll start by putting the blanket down, but you won’t put a treat under it. Next, give your dog their verbal cue to dig. When your dog paws at the blanket, give lots of praise and immediately give them a treat.\n\nIf your dog is confused or doesn’t dig at the blanket because the treat isnt there, go back to putting a treat under the blanket. Do this for a few repetitions, until your dog is once again digging at the blanket in an attempt to get the treat.\n\nOnce your dog is digging on cue, you can start to practice this trick with different blankets. If you’re comfortable with it, you can also ask them to dig at the floor (without you having to put down a blanket).\n\n', 'Digging on Cue to Redirect Digging Behaviors': 'Teaching your dog to dig on cue can actually help to stop unwanted digging. Digging is a natural and self-rewarding behavior for dogs, meaning it’s instinctive and feels good, so your dog is likely to continue it. But that doesn’t mean your dog has to dig in places they shouldn’t.\n\nOnce you’ve taught your dog to dig on cue, you can provide them with areas where it’s safe and appropriate for them to dig. And if they resume digging in the wrong place, gently redirect them to their digging spot. Now that they know how to dig on cue, it’s easier for them to understand where it’s okay for them to dig and where it isn’t. Here are some ways to build a dog-safe digging space.\n\nAKC is a participant in affiliate advertising programs designed to provide a means for sites to earn advertising fees by advertising and linking to akc.org. If you purchase a product through this article, we may receive a portion of the sale.\n\nProviding your dog with a sandbox allows them to enjoy digging while protecting the rest of your yard. When creating an outdoor sandbox for your dog, you can use whatever size and shape work best for your pet. Line it with landscaping fabric to help prevent weeds from taking over. Alternatively, you can use a plastic kiddie pool for a more contained dig area.\n\nThen, fill your sandbox area with clean sand, which can be purchased from hardware stores. Sand is less messy than dirt for ongoing play. It is also safer than bark chips, which can be treated with chemicals and can splinter in your dog’s mouth. Make sure to keep an eye on them while they’re playing so your dog doesn’t start eating the sand.\n\nAKC is a participant in affiliate advertising programs designed to provide a means for sites to earn advertising fees by advertising and linking to akc.org. If you purchase a product through this article, we may receive a portion of the sale.\n\nOnce your sandbox is finished, consider adding a tarp or other cover for the dig area when your dog isn’t playing. This can help prevent neighborhood pets or wild animals from using your dog’s sandbox as a litter box.\n\nWhen the sandbox is ready, bring your dog to the area and give the dig cue you have taught. When your dog paws at the sand, praise and reward them. You can also bury some of your dog’s toys in the sand area to add an enriching challenge.\n\nIf you don’t have a yard but want to give your dog an outlet to dig, creating an indoor dig pit is another option for your dog to practice digging on cue. You can also create an indoor dig pit over an outdoor one to avoid bad weather, so you can practice year-round.\n\nAKC is a participant in affiliate advertising programs designed to provide a means for sites to earn advertising fees by advertising and linking to akc.org. If you purchase a product through this article, we may receive a portion of the sale.\n\nSand indoors isn’t the best option, and can be tracked throughout your house, creating a mess. Portable ball pits designed and sold as toys for young children work great as an indoor option. Instead of sand consider using dog-friendly balls. You could use the balls included with the ball pit, as long as they are safe toys for dogs. Make sure to supervise your dog closely while they are playing to make sure they don’t start chewing on the balls. Alternatively, you can fill your indoor dig pit with fleece.\n\nJust like with the outdoor sandbox, you can then cue your dog to dig and reward them when they do. To keep your dog engaged in the dig pit, consider burying treats, kibble, and/or toys in the balls or fleece.\n\n', 'We use cookies': '', 'Privacy Preference Center': ''}",[]
