url,title,updated_date,tag_list,author,intro,full_content,faq
https://www.akc.org/expert-advice/travel/dog-strollers/,Strollers for Dogs: Everything You Need to Know,"Sep 17, 2024","['mobility', 'senior dog', 'walk', 'stroller', 'dog stroller']",Colt Dodd,"Keeping your dog in tip-top shape is more than regular vet visits and well-balanced meals: it’s about offering consistent mental stimulation through engaging activity. For owners of senior dogs or those with immobilizing injuries, strollers offer a potential solution. A leisurely tour around the neighborhood in a dog stroller offers the same sights, sounds, and smells they would get on a walk.

Learn more about the benefits, advantages, and considerations when using dog strollers.","{'Dog Strollers as Options for Dogs and People': 'Dr. Jerry Klein, the American Kennel Club’s Chief Veterinarian, has noticed that the use of dog strollers seems to be on the rise, especially in urban areas. Some people would rather push their small dogs in a stroller than carrying them a long distance, especially if the distance is long. He notes that these devices are particularly useful, but not limited to, small or elderly dogs.\n\n“Small dogs may not be able to keep up with their owners over long distances. Tired or older dogs may have underlying mobility issues, arthritis, or other health conditions that make it difficult for them to walk for extended periods of time,” Dr. Klein says. “A dog stroller can provide a comfortable and safe way for these dogs to enjoy the outdoors without straining themselves.”\n\nDr. Julie Hunt, the Associate Dean of Clinical Sciences at Lincoln Memorial University College of Veterinary Medicine, says that dog under 30 pounds are usually the ideal size for riding in strollers. So, most strollers could comfortably accommodate a Miniature American Shepherd, but an Australian Shepherd might find it a bit cramped.\n\nWhen deciding whether to get a stroller for their dog, Dr. Hunt recommends that owners reflect on their pets’ willingness to engage in the activity. “Owners should also consider the dog’s temperament,” she says. “Dog strollers work best for dogs who are calm and friendly, as they will be happy sitting still in the stroller and will enjoy meeting new people who are encountered.”', 'Choosing a Dog Stroller': 'If you’re looking to buy a stroller for your dog, there’s no shortage of options. But finding the right option for your dog that offers both enjoyment and convenience depends on many factors.\n\nOne of the biggest factors to consider when selecting a dog stroller is where you live. For example, if you live in an urban area and intend to do most of your strolling on concrete, get a stroller outfitted with thick, air-filled tires. If you’ll be pushing your dog through grass, consider an option with wheels with sealed ball bearings, lined with thick tread to absorb impact from uneven terrain and rocks.\n\nOther factors to consider when narrowing down your search for a dog stroller include:\n\nAbove all else, you should consider your expectations when purchasing a stroller for your dog. How often you plan on using the device, under what conditions, and to what extent could inform the bulk of your decision.', 'Finding the Right Stroller for Your Dog': 'Just like there isn’t a single dog breed for every person, there isn’t a single stroller for every dog. You may look for one that has:\n\nYou should also look for a stroller that has a D-ring or O-ring inside the compartment where the dog sits. This device allows for the attachment of leashes, harnesses, and other accessories that help keep them in place while riding. These metal rings could also allow for the attachment of treats, water dishes, and cushions.', 'Getting Your Dog Accustomed to Riding in a Stroller': 'For some dogs, riding in a stroller is like riding in a horse-drawn carriage. It’s the epitome of luxury! For other dogs, however, getting pushed in a stroller takes some adjustment. Dr. Hunt notes that relying on positive reinforcement can help a dog overcome any apprehension and enjoy riding in a stroller.\n\nShe says, “Starting slowly when introducing anything new is always key, as is ensuring that each experience is positive. Many dogs can be encouraged to enjoy a stroller by receiving treats while they are in it. These can be intermittently fed by the owner during the walk or can be in the form of a slow-feeding treat for the dog to enjoy on the ride.”\n\nDr. Hunt recommends an additional tool: dog appeasing pheromone (DAP) spray. These products release an odor that trigger a calming effect in dogs, similar to the comfort they would feel while nursing from their mother as puppies.\n\n“If the dog is too nervous to enjoy a stroller, but the owner feels that taking the dog for stroller rides is very important, the owner can talk to their veterinarian about medications that may help to calm the dog until the dog is more comfortable in the stroller,” she adds.', 'Strollers Aren’t Substitutes for Socialization and Training': 'While strollers can offer much-needed stimulation for senior or disabled dogs, they’re not intended to be a substitute for socialization and basic obedience training.\n\nExcessive or exclusive stroller use prevents a dog from exploring the world as they would on a regular walk, increasing the likelihood of anxiety and reactivity. If a dog’s mobility allows, a short daily walk more focused on capturing scents than covering distance could build their confidence and offer a unique exploration opportunity.\n\nDr. Klein notes that stroller use shouldn’t replace physical activity in dogs struggling with mobility. He shares, “Performing some form of motion is needed to keep muscles and joints in good tone. Exercise such as gentle walking is a safe and important way to heart and muscle strength as well as managing weight, when possible. Obesity is the number one preventative health condition in dogs today. If walking is problematic, owners should discuss with their veterinarian alternative methods such as hydrotherapy, physical therapy, and medications to help a dog stay in the best mental and physical tone.”', 'Strollers Enhance the Bond Between Dog and Owner': 'Dr. Klein and Dr. Hunt don’t personally use strollers for dogs. However, in the course of their veterinary practices, they’ve noted the joy they can bring both pet and owner. “I have had clients bring in their pets to the vet in them and have had some friends use strollers for their aging, nearly immobile dogs, allowing them extra moments of fun with them, as well as a happy time for their dog,” says Dr. Klein.\n\nDr. Hunt shares a similar sentiment: “I’ve encountered dogs in strollers at parks and in public places, including at a veterinary conference! The dogs that I saw were calm and seemed happy to go for a ride. I also saw the people around them shower them with attention, which the dogs seemed to appreciate.”\n\nWhether to accommodate a medical need or just for pleasure, getting a dog stroller can open up an entirely new world for you and your dog. Getting the right one just takes some time, patience, and research.'}",[]
https://www.akc.org/expert-advice/travel/pet-friendly-jets/,Pet-Friendly Jets Offer Comfort and Safety for You and Your Dog,"Mar 07, 2024","['travel', 'airline travel', 'plane']",Harriet Meyers,"Paid Advertisement

Maybe you’d like to spend a year in Italy, but you can’t bear to leave your dog for that long. Or you’re accepting a new job and must move your household, including your dog, across the country or across the ocean. Plane travel with your dog has always been complicated, but pet-friendly planes offer a solution with lots of benefits for you and your dog.tr","{'What’s a Pet-Friendly Plane?': 'Pet-friendly planes are private jet services that allow your dog to ride comfortably with you in the cabin, no matter the dog’s size or breed. Dogs are not required to ride in crates under the seat or in the cargo area of the plane. They can sit on your lap or lie by your side and will be under your supervision from the time you leave home until you reach your destination.\n\nK9 JETS is a service that allows you to travel with your pets in the cabin with a pay-per-seat charter service on private planes. From airports in New Jersey, Los Angeles, London, and Dubai, they use private jets to fly human and pet passengers to Frankfurt, Dublin, Paris, Lisbon, Milan, Melbourne, Honolulu, Dallas, and West Palm Beach. The jets accommodate up to 10 human passengers and their pets. Dogs are not required to ride in crates.', 'Benefits of Pet-Friendly Airlines': 'Commercial airlines have many restrictions when it comes to flying with dogs. Small dogs must remain in airline-approved carriers that fit under the seat, and the number of dogs allowed in the cabin at one time may be limited. Large dogs must ride in cargo, and if temperatures are less than 45 degrees Fahrenheit (F) or higher than 85 degrees F, dogs may not be allowed to fly at all. Flying in small carriers or warm environments can be dangerous for brachycephalic breeds.\n\nCargo pet transportation is also not always a financially viable option. Along some routes, cargo transportation is getting more expensive. Some trips now costs triple or quadruple what they once did, adding more layers of consideration to choosing cargo transportation for your dog on flights.\n\nPet-friendly private airline services that allow your dog to ride with you uncrated in the cabin eliminate these problems. K9 JETS reduces stress by allowing you and your dog to arrive at private terminals at the airport just 60 minutes before departure, where there are no lines for customs or security. During the flight, the dog will remain with you and be able to stretch and stay comfortable. There are no size or breed restrictions.', 'Preparing to Travel with Your Dog': 'If you’re traveling to another country, you will most likely need an international health certificate and a veterinary health certificate for your dog. Health requirements can include blood tests, vaccinations, current rabies vaccine and certificate, and an internationally compliant microchip, so it’s a good idea to work with your veterinarian well in advance of travel to set a schedule. Specific requirements can change at any time, therefore it’s best to verify the country’s requirements each time you travel with your dog.\n\nTo help you meet the requirements of pet travel, K9 JETS provides a comprehensive service from the time of booking to arrival at the destination. The company can assist passengers in gaining the necessary clearance for their destination. They also organize a pre-flight briefing video call between passengers to answer questions and give pet owners the opportunity to learn what other pets they can expect to be with on their flight.\n\nBefore departure, K9 JETS passengers will find grassy areas adjacent to all private terminals for dogs to use. During the flight, an attendant is available to look after human and canine needs. And upon arrival at the destination, an airline service team will come onto the plane to scan your dog’s microchip and cross-reference the precleared paperwork.', 'How to Get Your Dog Ready for Flying': 'Some dogs will relax and sleep through their first plane ride, while others may find the experience stressful. Here are a few steps you can take to help make flying a positive experience for your dog.'}",[]
https://www.akc.org/expert-advice/travel/dog-owners-hurricane-season/,Hurricane Preparedness for Dog Owners,"Feb 11, 2026","['emergency', 'disaster preparedness', 'hurricane', 'flood']","Elizabeth Racine, DVM","Natural disasters affect everyone, including your pets. If you live in a hurricane-prone area, you’ll need to make sure that you protect your dog from the unique health concerns that a storm can bring. During a hurricane, dogs are exposed to many of the same dangers as people. Being prepared will keep your pet safe both during and after the storm.

In This Article","{'Make an Emergency Plan for Your Dog': 'Long before disaster strikes, your family should have an emergency plan in place. A good emergency plan includes making decisions such as where you’ll go in the event of an evacuation, how you’ll communicate with each other if you become separated, and what you’ll do if you’re unable to return home after the storm. For your pets, your emergency plan should also include designating a caregiver, like a trusted neighbor, who can look after your pets if you’re unable to reach them during an emergency. You can also place a rescue alert sticker on your front door to notify first responders that there are pets inside your home who need to be evacuated.\n\nWhether you decide to evacuate or stay in your home during a hurricane or other natural disaster, it’s important to have an emergency kit prepared for your dog. Your kit should include all the essentials your dog will need to ride out the storm, including:\n\nRemember that if you must evacuate, you should take your pets with you. If it isn’t safe for you to stay, it isn’t safe for your pets either.', 'Microchip Your Dog': 'If you become separated from your dog during a natural disaster, a microchip is your best chance to be reunited. Your veterinarian can easily place a microchip under your dog’s skin. It contains a unique ID number that’s used to look up your contact information. Be sure the contact information associated with your dog’s microchip is kept up-to-date. This can typically be done on the microchip manufacturer’s website.\n\nYour dog should also wear a collar and ID tags with your contact information. ID tags should include your dog’s name and your telephone number at the very least. If your dog has major health issues that require medication, including this information on the tag will help ensure your dog receives medical attention quickly.', 'Hurricane-Related Preventive Care for Your Dog': 'Hurricanes bring heavy rains and flooding, which can lead to an increased prevalence of illnesses such as heartworm disease and leptospirosis. Additionally, if you’re unable to return home after the storm your dog may need to spend some time in a boarding kennel or shelter environment, which could mean exposure to contagious diseases such as kennel cough. Keeping vaccinations and parasite preventives up-to-date will help your dog stay healthy despite the sudden changes. Your veterinarian can advise you on the best preventive care routine for your dog based on the common illnesses in your area.\n\nIt’s also important to make sure your dog has access to fresh food and water, both during and after the storm. Be sure to store your dog’s food in watertight containers to prevent contamination. Flood waters are often contaminated with bacteria, mold, and parasites that can make your dog seriously ill. Don’t allow your dog to drink from any water source that you wouldn’t drink from yourself. If you don’t have a supply of safe food and water for your dog, rescue workers may be able to direct you to a shelter that’s equipped to provide disaster relief for pets.', 'Evaluate Your Dog After the Natural Disaster': 'Once the danger has passed, you’ll need to check your dog over – particularly if you were separated during the storm. Look for any signs that your dog needs medical attention, such as:\n\nRemember, it’s better to be safe than sorry. If you’re at all concerned about your dog’s health following the natural disaster, it’s always a good idea to make an appointment with your veterinarian. In some cases, veterinarians deploy as part of disaster-relief teams and will be on hand to provide medical care for pets affected.\n\nHurricanes and other natural disasters are scary for everyone, but being prepared can help keep you and your pets safe. Remember to include your dog in your family’s emergency plans, and keep your dog’s emergency kit stocked and ready to go. With careful preparation, you can protect your dog throughout the storm.', 'AKC Pet Disaster Relief Program': 'Storms, flooding, and wildfires across the country have been devastating for people and their pets. AKC Reunite has donated funds to support the work of shelters and rescues that are saving and reuniting pets with their owners during such disasters. But, it’s after tragedies like these, that the need for emergency preparedness is evident.\n\nEach AKC Pet Disaster Relief trailer contains essential supplies to house at least 65 pets during the critical first few days after a disaster is declared. The trailer has lighting and is wired for electricity to run off either a generator or a 110v power supply.\n\nThe program’s genesis was in response to the devastation after Hurricane Katrina in 2005 when many people stayed in harm’s way because emergency response plans didn’t accommodate pets. AKC Pet Disaster Relief’s life-saving trailers enable local Emergency Management organizations across the country to plan, prepare and respond to disasters that impact people and their pets.'}",[]
https://www.akc.org/expert-advice/travel/paddle-board-with-dog/,How to Stand-Up Paddle Board With Your Dog,"Feb 26, 2026","['heat safety', 'water safety', 'summer']",Nandini Maharaj,"Stand-up paddle boarding (SUP) is a popular summer activity that you can actually do with your dog. It combines surfing and paddling into a full-body workout. With some patience and the right equipment, you can teach your dog to ride on the board while you push merrily along. Here’s what you need to know before getting out on the water with your dog.","{'Is Paddle Boarding Suited to My Dog?': '“From puppies to adults, any dog that is fit enough to swim and climb back on the board with your assistance can join you,” says Nicole Ellis, Certified Professional Dog Trainer (CPDT-KA). Because puppies are sensitive to heat and cold, you’ll need to factor in the temperature of the water along with weather conditions.\n\nIn addition to physical ability, it’s important to consider your dog’s preferences, says Ali Smith, a professional dog trainer and founder of Rebarkable.\n\n“Some breeds such as the Labrador Retriever and Newfoundland love to swim, while others may have a harder time in the water and need special life jacket considerations. If you’re unsure if your particular dog is suited to swimming, ask your vet for advice.\n\nAnother thing to note is your dog’s level of training and socialization. Since puppies have a harder time staying focused, it might be worth waiting until your dog is 18 to 24 months old to start SUP. “If you have a solid recall, there’s no reason you couldn’t go at 6 months [old], provided you’re willing to invest in appropriate life jacket sizing for your dog,” Smith says.', 'What Equipment Do I Need?': 'Having the following items will help ensure that SUP is a safe and fun experience for you and your dog:\n\nChoose a wide and sturdy paddle board to support the weight of you and your dog(s). Ellis recommends getting a board that has an area with some grip, so your dog doesn’t go sliding off into the water.', 'How Do I Prepare to SUP?': 'Check that your dog’s life jacket fits properly and allow them time to get used to wearing it, Ellis advises. For safety, your dog should know basic commands such as sit, down, come, and stay.\n\nMake sure the area you’re planning to go to permits paddle boarding. “It takes a short amount of time to check and this way you can avoid danger and fines,” Smith says. She also recommends taking a first aid course and seeing what local wildlife there is.', 'How Do I Introduce My Dog to the SUP Board?': 'Start by having the board and paddle on the ground. Give your dog treats and praise for getting on and off the board. “If your paddle board is very wobbly you may need to hold it stable till your dog builds up their confidence,” Ellis says.\n\nYou can scatter treats over the board and let your dog sniff and explore, Smith says. Use positive reinforcement to reward your dog for walking on the board, sitting, laying down, and getting used to you standing on the board with them. Once your dog is comfortable, repeat these steps with your dog wearing their life jacket.', 'How Do I Paddle Board With My Dog?': 'Next, you’re ready to try paddle boarding in shallow water. Put your board in the water and encourage your dog to hop on using luring or a cue like “up,” Smith says. “See if you can encourage them into a down [position]. If not, don’t panic and come back to it another day. Remember, all training should be done by just stretching your dog’s comfort zone.”\n\nOnce your dog is used to riding on the board, you can transition to deeper water and get on the paddle board with them. You can sit on the board at first, then work on standing and paddling. “Smooth and steady are your keywords,” Smith emphasizes. “Use calm tones and lots of gentle encouragement.”', 'What Are Some Tips for Balancing on the Board?': 'Having four legs gives dogs an advantage over people when it comes to balancing and paddle boarding. “Dogs are also closer to the ground, which means they often thrive where we struggle,” Smith says.\n\nIf you’re a beginner to SUP, you can start off by kneeling on the board. According to Ellis, this will lower your center of gravity, helping you balance easier and be closer to your dog to give some treats and head scratches. As you find your balance, you can transition to standing, which makes paddling easier.\n\n“Most people find their own groove when it comes to placement [on the board],” Smith says. “Keeping your dog in the middle of the board will help you both stay on,” Ellis says. You can have your dog between your feet or right in front of you. Additionally, there’s a lower chance of tipping over if your dog is laying down.\n\nA large breed dog will make the board move more than a smaller dog. “Your balance, and your dog’s balance, all comes from core strength, and if either of you is struggling, working on conditioning and core strength will help you both adjust,” Smith adds.', 'How Do I Keep My Dog Safe While Paddle Boarding?': 'Here are some common things to look out for while out on the water with your dog:\n\nMake sure you can help your dog get back onto the board if they fall off. Your dog needs to be okay with you using the handle on their life jacket to pull them up. Practice lifting your dog first on land, then in shallow water. “Always lift by the life jacket and not by their collar,” Ellis emphasizes.\n\nIf your dog is a good swimmer or loves splashing in the water, you may find them wanting to get off the board for a dip. This may also happen if they feel a bit wobbly on the uneven surface.\n\n“Be prepared for your dog to jump off at any time, which may move the board and topple you, too,” Ellis says. “Don’t get frustrated at your dog. Just help him or her back on and continue your adventure.”\n\nMost of the time, your dog will be on the paddle board with you, so the risk of ingesting salt water is pretty low. A few gulps of salt water can cause diarrhea, but large amounts can be fatal to dogs. It’s also a good idea to have a bottle of water for them to sip from instead of the natural body of water.\n\n“Personally, I would be avoiding saltwater with a preference for fresh every time,” Smith says. “But this is also why bringing fresh water is important.”\n\nOn the other hand, consuming too much fresh water, though rare, could lead to water intoxication. This is when the salt content in your dog’s body can become too diluted, leading to bloating, lethargy, and vomiting. Familiarize yourself with the signs of water intoxication and take your dog to the vet immediately if they show any.\n\nStay alert for signs of heatstroke such as heavy panting, rapid heart rate, excessive drooling, and skin that feels hot to the touch. The combination of reflective surfaces and covering of a life jacket could exacerbate the hot feeling. You can use sunscreen for dogs with pink or sensitive noses.\n\n“Dogs with lighter skin or less fur can get sunburned, but a life jacket will help prevent that,” Ellis says.\n\nTraining your dog to ride along with you can be a great bonding experience. Be mindful of water and sun safety as you prepare to paddle board with your dog. Together, you can enjoy the feeling of gliding along the water’s surface while you’re out on your next adventure.\n\n“Remember your patience and always wear your flotation devices,” Smith says.'}",[]
https://www.akc.org/expert-advice/travel/boating-kayaking-with-dogs/,How to Go Boating and Kayaking With Dogs,"Apr 15, 2026","['safety', 'water safety', 'swimming', 'outdoors', 'summer safety']","Sassafras Patterdale, CPDT-KA, CTDI","If you enjoy spending time on the water, it only seems logical to have your dog join in on the fun. Boating with a pet might feel daunting, but regardless of what size dog you have, there is an option that can work for you and it can be a fun summer experience to share with your dog.

In This Article","{'Picking the Right Boat for You and Your Dog': 'Aside from having your dog ride along on a pontoon or speed boat, there are a variety of other more affordable options you can together, including:\n\nThe larger your dog is, or the more excited your dog gets around water, the larger and more stable boat you might want to start with. This will help your dog feel more secure and give you more confidence about not tipping over in the water. For dogs who are smaller or calm near water, a smaller boat or even a stand-up paddleboard can be a great way to introduce your dog to boating.', 'Choosing a Day Rental': 'You don’t have to actually purchase a boat or board for water activities to enjoy them. Most kayak, paddleboat, paddleboard, and other recreational boat rentals at lakes and beaches are dog-friendly. Some rental companies will even allow you to bring your dog on the boat first to gauge how comfortable they’re going to be, so you can feel good about it before paying. It’s always a good idea to call in advance and confirm that the rental company allows dogs on their vessels.\n\nWhen you rent a boat or board, you usually need to sign a liability waiver for you and your dog. Rentals are typically available for short periods of time like an hour or two, as well as the option for all-day rentals. If you aren’t sure what kind of recreational boat you and your dog will enjoy together, you might consider renting a different kind each time you go out to see what works best for you and your dog.', 'Start Slowly Before Diving In': 'When introducing your dog to a recreational boat for the first time, you want to go slowly to make sure that your dog feels safe and confident. The sensation of being wobbly on an unstable surface can be alarming to many dogs. Move at your dog’s pace and level of comfort. Remember that while you might be in a rush to get out onto the water, your dog is doing hard work to adjust to the new “ground” under their feet.\n\nStep 1: Ideally start first with your boat on land or beached in shallow water. Allow your dog to get on and off the boat on their own.\n\nStep 2: Use positive reinforcement to reward and encourage your dog to express any interest in the boat such as sniffing or approaching it.\n\nStep 3: Get on the boat yourself and show your dog that it’s safe. Continue to reward your dog for any engagement, such as putting two paws up onto the boat\n\nStep 4: After your dog is confidently putting two paws up on the boat, encourage them to put all four paws on. While your dog is on the boat continue to praise and offer treat rewards to help your dog build associations with the boat as a fun and comfortable place to be.\n\nStep 5: When your dog is comfortably getting on and off the boat and staying on the boat, you can move to the water. Once you start moving away from the water, continue to praise and treat your dog for being calm on the water.\n\nBut if your dog shows signs of distress, give them a break and attempt an earlier step where your dog feels more confident. Do not force them to continue boating if they’re clearly uncomfortable.', 'Prepare Before You’re on the Water': 'If you want to spend time boating with your dog this summer, there are a few things you can do at home to help prep your dog to feel comfortable on a boat. One of the biggest challenges for dogs with being on a boat, especially smaller recreational ones, is the unsteadiness under their feet. This can be especially true for larger dogs. To help your dog get prepared for the unpredictable movement of the water and the unstable feeling, you should do some work at home.\n\nThose who have access to a kayak, canoe, or paddleboard can introduce their dog to it in a yard where they’re more comfortable. Let your dog freely explore, then use treats, praise, or toys to reward your dog for that engagement and when they get on it. If you don’t have easy access to one, you can safely practice on other unstable surfaces such as wobble boards and balancing fitness equipment. Go at your dog’s pace to encourage them to test the wobbly surfaces with two and four paws.', 'Safety First': 'If your dog is going to be on out on the water, it’s important for them to wear a life jacket—even if they’re a strong swimmer. This will help protect your dog in the event of an accident like the boat flipping over. Plus, dogs are likely disoriented or exhausted in the case of a stressful situation. A canine life preserver will provide immediate flotation and give their legs a break. Although most boat rentals will have life jackets people are required to wear, most don’t have dog life jackets available. Before boating, come prepared with your own for your dog.\n\nWhen you’re out on the water—regardless of the size of the boat—you should never tether your dog to the boat, kayak, or water raft. If your boat were to capsize, you don’t want your dog to be trapped and injured because they were attached.\n\nAdditionally, be sure your dog has ample water. Watch out for signs of overheating if you happen to be out in the blazing sun.\n\nBy following these tips, both you and your dog can have a safe and fun time out on the water.'}",[]
https://www.akc.org/expert-advice/travel/a-guide-to-pet-friendly-hotel-chains-in-the-united-states/,Pet-Friendly Hotels in the United States,"Mar 07, 2022","['sleep', 'travel']",Barbara Balfour,,{},[]
https://www.akc.org/expert-advice/travel/puppys-first-flight-how-to-prepare/,How to Prepare for a Puppy’s First Flight,"Mar 03, 2026","['safety', 'airline travel', 'crate training', 'vaccinations']",Harriet Meyers,"When you’re looking to bring a new puppy into your home, your search for a responsible, knowledgeable breeder might take you across state lines. When you’ve found your breeder, you may have to travel far far, which means your puppy could be going on a journey too.

Families wanting to welcome a new puppy into their lives have more options than ever for connecting with the perfect pet. If you’ve found your new puppy a long distance from home, these suggestions can help you make sure they have a safe and comfortable first flight.","{'Find Out What You Need for the Flight': 'As soon as my puppy was born, I started making plans to fly to the Midwest and bring her home. But before making any airplane reservations, it’s important to check with your airline to determine if they’ll fly a puppy. Some airlines have pet restrictions on dog age, size, breed type, and what kind of travel crate is required.\n\nIf you plan to have the puppy travel with you in the airplane cabin, you’ll need to have that noted on the airline reservation. Most airlines limit the number of animals allowed in the cabin at one time, so make your reservation as far in advance as possible.\n\nOnly small dogs who can fit in airline-approved pet carriers under the seat are allowed in the cabin. There’s usually a fee of $125-$150 in addition to the price of your ticket, plus you need to account for the cost of an appropriate dog carrier. Some airlines may not allow dogs in the cabin and will transport them as cargo in a heated and ventilated hold. Learn about specific dog airline travel guidelines before you go.\n\nIf the puppy is shipped as cargo, you need to consider the weather and time of year as you plan for the puppy’s travel, which may be affected by extremely warm or cold temperatures. The Centers for Disease Control and Prevention (CDC) reports that some U.S. carriers don’t allow pets to be shipped between May and September, the hottest months, if they’re being transported as cargo.', 'Puppies Entering the U.S. Must Meet New Requirements': 'The CDC recently announced new requirements for dogs entering the U.S. – and including dogs imported into the country for the first time or returning to the U.S. from a visit to another country. The requirements vary depending on whether the dog is coming from a rabies-free, low-risk, or high-risk country.\n\nIn both cases, the person bringing the dog into the U.S. should obtain a CDC-approved Dog Import Form in advance by filling out and submitting the form to the CDC online.\n\nThe CDC requires all dogs entering the United States to be immunized against rabies. In addition, dogs entering the U.S. from rabies-free or low-risk countries must:\n\nIf you’re bringing a dog home to the U.S. from a high-risk country, a U.S. rabies vaccine certificate, a certification of foreign-issued rabies vaccination, or a certification of foreign rabies vaccination and a microchip form will also be required. Quarantine upon arrival into the U.S. may also be required in certain cases.', 'Rules for Puppies Traveling Within the U.S.': 'The AKC Government Relations Department provides information online regarding state laws governing the transport of dogs across states lines. The AKC also provides a printable flyer with this information.\n\nAdditionally, puppies must be at least 8 weeks old and have been weaned for at least five days for air travel in the U.S., according to the U.S. Department of Transportation. For small breed dogs, there may be additional weight and age minimums.\n\nWhether your dog is riding with you in the cabin or in a pressurized hold, their carrier must meet the airline’s requirements for strength, size, and ventilation.', 'Make a Visit to the Vet Before Puppies Fly': 'A puppy must be healthy enough to travel and up to date on puppy vaccinations, so a visit to the veterinarian is essential. Some airlines require a veterinary health certificate to be issued within a specific number of days before travel.\n\nPuppy deworming should be completed at least three days before the puppy’s flight. Puppies won’t be allowed to travel if they have any signs of recent surgeries, so make sure they’re completely healed from any procedures they may have had.\n\nWhether you’re traveling with your puppy from state to state or internationally, there will be health requirements you have to meet that will vary based on your origin and destination.', 'Prepare the Puppy for Flying': 'To help your puppy relax on the flight, it’s a good idea to order a travel crate that meets the airline’s requirements ahead of time and send it to the breeder. The breeder can put the puppy into the carrier for nap time and place it under a desk or table to help the puppy get used to it.\n\nOffering the puppy treats or feeding them in the carrier may also give puppies a positive association with their travel carrier. Ask the breeder if they can give you a blanket or soft toy that smells like the mother and littermates to accompany your puppy inside their travel crate.', 'Plan for the Unique Needs of the Puppy’s Breed': 'Since dogs come in all shapes and sizes, air travel might be easier for some breeds than others. Large-breed puppies, for example, will need a bigger, sturdier crate than small-breed puppies. If your dog will be riding in the cabin, the pet carrier must fit under the seat in front of you. Most airlines require that the puppy weigh less than 25 pounds and be able to stand up in the crate, turn around, and lie down.\n\nCheck with your airline to confirm specific requirements for puppy breed, age, and size.', 'How to Handle Flight Day with Your Puppy': 'You shouldn’t feed your puppy solid food for about four hours before a flight, but it’s OK to offer water and plenty of time outside to exercise and eliminate. Place several layers of puppy pee pads inside the travel crate and carry extras to add to the crate or use at the airport.\n\nIf you’re traveling with a puppy in the cabin, most airlines require you to sign in at the passenger check-in desk and show any required paperwork, such as your flight reservation and the puppy’s health certificate.\n\nIf you have a young puppy who hasn’t received their full series of puppy shots, it’s best to carry them around the airport and stay away from designated dog elimination areas. You can take your puppy outside or to a low-traffic area of the airport, put them on a pee pad, and give them a chance to go.\n\nThe Federal Aviation Administration considers the pet travel crate to be carry-on luggage. You must put your pet carrier through the carry-on luggage screening device – but your puppy does not have to go through. Carry your puppy in your arms and take them through the human screening process. Travel as light as possible with your personal luggage, so you can focus on your puppy’s needs and supplies for this trip.', 'What to Take on Puppy’s Flight Travel Day': 'It may seem overwhelming to determine what your new puppy needs for a safe and successful trip. Here are some absolute essentials, like an airline-approved carrier or water bowl, and some good ideas of what you should bring, like grooming wipes and a change of clothes:\n\nMeeting people in the airport can also be a great puppy socialization opportunity. Keep in mind that your puppy is experiencing everything for the first time, so be gentle with them — and yourself!'}",[]
https://www.akc.org/expert-advice/travel/teach-dog-ride-car-prevent-anxiety/,Teach Your Dog to Ride in the Car: Preventing Anxiety and Motion Sickness,"Jan 18, 2024","['anxiety', 'stress', 'crate training', 'positive reinforcement', 'car safety']","Stephanie Gibeault, MSc, CPDT","When you love your dog, you want to take them with you wherever you go, even if it means driving in the car. Although many dogs look forward to riding in the car, other dogs dread the experience and whine, drool, or even vomit. This can be due to motion sickness, a previous bad event in the car like an accident, or anxiety about being trapped inside a giant, moving machine. A dog can even be put off car trips entirely if the usual destination is somewhere unpleasant like the vet.

If your dog isn’t happy in the car, it can make everybody else miserable too. Teach your dog to ride in the car calmly and comfortably so your travel companion becomes a first-rate passenger.","{'Teaching Your Dog to Love the Car': 'Although it’s easiest to prevent car problems in new puppies, any dog can be taught to associate the car with wonderful things using desensitization and counter-conditioning. Desensitization is a step-by-step method of gradually introducing your dog to the car. Counter-conditioning changes your dog’s emotional response from negative to positive by having great stuff happen near and inside the car.\n\nDepending on how severely your dog reacts, you might have to teach your dog to ride in the car starting from 10 feet away, while the car is parked in the driveway. You can also start with your dog on the back seat. The trick is to find the point where your dog is comfortable and relaxed then slowly move closer and closer.\n\nAt each stage of the process, give your dog something beloved like a special toy, delicious treats, or a meal. You can even play games together or have a trick training session. Anything goes if it helps your dog link the car with food and fun.\n\nOnly move closer when your dog is completely relaxed at the current stage. If your dog stops eating or playing, you’ve moved too fast. Simply take a step or two backward until your dog relaxes then start again. You might be inside the car in minutes, or it might take weeks. Be patient and move at your dog’s pace.\n\nNow it’s time to add the other elements that precede a drive. For example, sitting in the driver’s seat, closing the doors, or making the remote locks beep. Again, pair each step with something wonderful. Toss treats in the back seat or play tug-of-war together. Remember, dogs should be safely secured in a moving car, so incorporate a crate or car harness attached to a seat belt into your dog training routine. To teach your dog to ride in the car, your final step should be turning the car on and off. Don’t go anywhere yet, just let your dog associate the sound of the engine with food, fun, and games.', 'Teaching Your Dog to Enjoy Riding in the Car': 'Now that your dog looks forward to getting in the car, you can add motion to the mix. Start with short distances, like the end of the driveway and back. Continue to build the time spent driving by short increments. Just as you did before, make every trip as pleasant as possible. Praise your dog while you drive and use encouraging cheerful banter. If you can enlist a helper to ride beside your dog and give positive rewards as you travel, even better. When you start venturing away from home, choose destinations you know your dog will enjoy. For example, drive to the park a few blocks away or the woods outside of your neighborhood. Get out and let your dog play and explore before returning home.\n\nIn no time, your dog should look forward to car trips because the drive itself is enjoyable and the destinations are fun. Of course, after you teach your dog to ride in the car, not all your destinations will be pleasant. Trips to the vet or groomer may be stressful. Be sure those destinations are few and far between and when they are necessary, always take toys or treats to sweeten the deal.', 'Preventing Dog Motion Sickness': 'Puppies are more likely than adult dogs to get sick in the car, but many will grow out of their motion sickness as they mature. For those who don’t, fortunately, the steps above can help your dog become accustomed to a moving car. But if an upset stomach from motion sickness or anxiety still bothers your dog, here are a few tips to help ease your dog’s tummy:'}",[]
https://www.akc.org/expert-advice/travel/how-to-make-sure-your-dog-respects-wildlife/,How to Make Sure Your Dog Respects Wildlife,"Mar 18, 2026","['poop', 'canine good citizen', 'wildlife']",Courtney Campbell,"Your dog goes nearly everywhere with you: from family vacations to the beach to long hikes scaling up a mountain. While dogs should be able to enjoy the outdoors, sometimes their powerful noses can lead them into nests, flocks of birds, and encounters with animals, oftentimes disrupting wildlife.

Here are some tips from wildlife experts and conservationists on how to make sure your dog respects wildlife and creates minimal disturbance to the environment.","{'Know Before You Go': 'Before heading outdoors, make sure your dog is actually allowed to be there. “Dogs have much more access to places these days than they did 10 years ago, so I think there’s an assumption that dogs are just allowed,” says Ben Lawhon, M.S., senior director of research and consulting at the Leave No Trace Center for Outdoor Ethics. We all want to bring our pets with us on adventures. However, they might not be allowed on certain trails or in national parks. Remember, local officials likely made these ordinances to help protect the environment and your animals. Be sure to double-check before hitting the trails.\n\nThe same goes for knowing and following leash laws. For example, Beth Darrow, Ph.D., the chief scientist at the Bald Head Island Conservancy, explains that while Bald Head Island, North Carolina allows dogs on beaches, they must be leashed from sunset to sunrise during turtle season (May 1 through November 15) in order to protect nests and any sea critters that may be disturbed from a rambunctious dog.', 'Pick Up Their Poop': 'We’ve seen it one too many times: Someone made half the effort to bag up their dog’s waste, only to leave it behind when they forget to “get it on the way back.” Leaving a plastic bag behind is certainly bad. But leaving your pet’s waste behind isn’t great for the environment either.\n\nWhile you may think pet waste is natural to the environment, that’s simply not the case. Not only does dog poop smell, disturbing both guests and local wildlife, but it also is filled with supplements and other things that can be unnatural to the outdoors. Make sure you have a poop bag with you for cleanup so it won’t impact waterways, plant life, or native animals, so you can continue to enjoy these areas with your pet.\n\n“It’s that one bad pet owner everyone remembers and we all get lumped into that crowd,” Lawhon says. “It’s up to all owners to do what we can so we can continue to get access to these lands. If we can be responsible dog owners, then we can maintain our access.”', 'Avoid Other Animals When Possible': 'It may be slightly entertaining to watch your dog chase a flock of birds on the beach. But, these encounters can cause a serious stress response to native animals. According to Darrow, migrating shorebirds will use unnecessary energy to avoid dogs. These birds could better use this energy for scavenging or traveling.\n\nDogs still have a natural prey drive and will revert to it in certain situations. The best thing is to keep your dogs far away from native animals or under control. “If you see animals behaving in a different way by you being there, then you’re having an impact on them,” Darrow says. “So just back away.”\n\nIt’s especially important to consider the time of year you’re out with your dog. Dogs could have a big impact disturbing animals in hibernation during the winter. The same goes for mating season during the fall or springtime when many creatures are having babies. Being conscious of this can also help you better predict how a wild animal will react to seeing a dog. For example, a mother deer or geese may charge if something gets too close to their young.\n\n“Having the ability to control pets and not have them harass, harm, or kill wildlife is really important,” Lawhon says. “If you’re unsure of your ability to control your dog or if you don’t have great recall, especially if there’s wildlife around, make sure your pets are leashed.”', 'When In Doubt, Keep Them Leashed': 'While we all like to think we’re responsible dog owners, it’s important to note there are situations when your pet may not behave their best. If your dog tends to wander ahead, it’s a good idea to keep them on a leash so they don’t disturb wildlife when not under your watchful eye.\n\nAccording to Lawhon, leashing is one of the easiest things we can do to minimize our cumulative impact on the environment. Leashing your dog not only gives you better control if you encounter wildlife, it also makes you more aware of the waste your pet leaves.\n\nIt’s also good to note where your dog does behave best. Some dogs may behave better in a fenced-in dog park, and that’s OK. “I think there’s a lot of overlap between people who love dogs and people who love wildlife,” Darrow says. “People can be good beach citizens just by putting a leash on their dogs.”'}",[]
https://www.akc.org/expert-advice/travel/dog-comfortable-car-rides/,How to Keep Your Dog Comfortable During Car Rides,"Mar 10, 2026","['anxiety', 'travel', 'stress', 'motion sickness']","Stephanie Gibeault, MSc, CPDT","Some dogs love riding in the car. It’s their ticket to adventure and time with their beloved humans. But for other dogs, traveling is a source of motion sickness or anxiety. No matter which camp your dog falls into, there will be times you need to take them on the road with you, whether it’s to the vet, visiting family, or going on vacation. Along with keeping your dog safe in the car, be sure the experience is enjoyable and stress-free too. The following tips will help ensure your dog is comfortable during car rides.","{'Plan Mealtimes': 'Taking your dog on a car ride when they have a full stomach is a bad idea. Even a short trip in the car can cause motion sickness and lead to your dog vomiting. That’s a big mess to clean up. Plus, you can’t focus on caring for your dog and watching the road at the same time.\n\nTo avoid messes and help prevent car sickness, don’t feed your dog right before you head out. Instead, schedule your dog’s feeding several hours ahead of your departure. If you have to stop along the way for a meal break, plan as much time as you can between feeding your dog and getting back on the road.', 'Exercise Your Dog': 'The best dog passenger is a tired one. Rather than putting your dog in the car while they’re bursting with energy, let them burn some of that off beforehand. Otherwise, they might have a hard time settling down and become a nuisance while you drive.\n\nBefore you leave, take your dog for a walk to tire them mentally and physically. Or play fetch, tug-of-war, or other vigorous games. If your dog is pooped when they get in the car, they’re far more likely to sleep through the trip.', 'Take Short Pleasant Trips': 'If your dog’s only road trips are to the vet’s office or groomer, it’s likely they’ll form negative feelings about the car. Because those destinations can be stressful, your dog will link that stress with the journey. On the other hand, if your dog also gets trips to the dog park, beach, or training classes, they’ll associate the car with fun.\n\nMake sure you include lots of short rides to exciting destinations as part of your dog’s socialization and training. If your dog is new to riding in the car, take your initial trips with a helper who can sit with your dog and distract them with cuddles and toys.', 'Schedule Water and Potty Breaks': 'Don’t expect your dog to go for long car rides without water. Carry fresh, clean water and a portable dish so you can offer your dog a drink every so often. But if your dog is drinking, they’ll need potty breaks too. Stop every few hours to give your dog a chance to go. Plan your route so there are appropriate rest stops along the journey and don’t forget the poop bags.', 'Dog Car Safety': 'It’s optimal for dogs to be in the backseat of the car over the front so that they’re not harmed by air bags. If you’re worried about your seats, there are plenty of dog car seat covers to protect your upholstery. If you use a dog car barrier, you’ll also help prevent them from jumping forward. Having your dog in your space while you’re driving could be extremely dangerous, not just for you and your dog, but other people on the road.\n\nYou’re always buckling up when you get in the car, so safety precautions for your dog should be no different. Depending on your dogs’ size, there are many different ways to secure them and make sure they are safely in the backseat of the car. Dog seat belts exist and work similarly to human ones. They’re specifically tailored to dogs, and seat belts will vary depending on the dog’s size.\n\nSimilarly to seat belts, dog car harnesses will securely keep your dog in place. Instead of clipping to their collar, they’re just in harness form. For smaller dogs, car carriers and dog car seats can keep dogs secured and strapped in for the drive. It’s important to eliminate distractions when you’re driving. Not having to worry about your dog in the car, or your dog jumping up front, will make for a much more enjoyable ride.\n\nWhen your dog is going somewhere with you, they should always be wearing a dog collar with updated identification tags. Make sure your dog’s microchip is registered to you as well, so if they get lost for any reason, they can be returned to you.\n\nIt’s also helpful to keep anything your dog may need in case of an emergency in the car. Things like copies of their medical paperwork, medications that they are on, some dog food, extra water and collapsible dog bowls, toys, and a dog first-aid kit are helpful to keep on hand.\n\nDogs seem to love sticking their heads out of car windows, but it can be dangerous. Especially when the car is in motion, dogs shouldn’t stick their heads out of the window. Always keep your rear windows closed so that your dog can’t stick any part of themselves out of the window. If given enough space, curious dogs could even jump out of moving cars, which is extremely dangerous.\n\nDogs should never be left alone in cars, no matter how short an amount of time or what the weather is like. If you see a dog in a car, especially if it’s hot outside, there are things you can do, depending on your state, under Good Samaritan laws.\n\nDogs being left in cars is also one of the top outlets of dog theft. When cars are stolen and pet are inside, the dogs are stolen, too.', 'Provide Comfort Items': 'Particularly on long drives, it can be helpful to bring your dog’s blanket or favorite toy along. The smell of the familiar will comfort your dog while they travel some place new or far away. Toys can also be a great distraction. They give your dog something to do besides barking out the window or whining at you. Chew toys are a good choice for occupying your dog for a substantial length of time. You can also select a special toy your dog only gets in the car. That will ensure maximum interest and help your dog associate the car with good things.', 'Treat Motion Sickness and Anxiety': 'Most puppies grow out of motion sickness, and even for adult dogs, plenty of short, pleasant trips can help them get used to the experience. But if your dog gets car sick, speak to your vet about medications that prevent nausea.\n\nIt’s important to treat anxiety in the car as well. There are several natural remedies, such as flower essences or calming treats you can try. Calming pheromones can also be incredibly helpful. These mimic the scent of a nursing mother dog and put even adult dogs at ease. Simply spray some on your dog’s blanket, in their crate, or on a bandana tied around their neck. Or try a pheromone collar. You can also try an anxiety vest or shirt to reduce your dog’s unease. These are tight shirts that provide constant, gentle pressure. Finally, your vet can supply medication to relax your dog if necessary.', 'Additional Tips for Comfort': 'The following additional tips will help your dog enjoy car rides:'}",[]
https://www.akc.org/expert-advice/travel/complete-guide-to-traveling-with-your-dog/,The Complete Guide to Traveling With Your Dog,"Mar 10, 2026","['airline travel', 'microchipping', 'car safety']",AKC Staff,"Taking your dog along can make the family vacation more fun for everyone, if you plan carefully. Here are some tips to make traveling with your dog enjoyable.","{'Health and Safety for Dog Travel': 'Bring your dog to the veterinarian for a checkup before going on an extended trip. Make sure all their vaccinations are up-to-date. Take their shot records with you, since health certifications may be required for airline travel. Ask your veterinarian if your dog is in proper mental and physical shape to travel. Remember that not all dogs will enjoy going on a trip.\n\nTo keep your dog healthy as you travel, bring along a supply of their regular dog food. Don’t forget bottled water and be sure to bring any medications your pet needs.\n\nBe prepared for an emergency. Find the number of the nearest 24-hour veterinary emergency hospital and program it into your cell phone, along with the office and emergency number for your regular veterinarian (in case the veterinarians need to speak with each other). That way, if there’s a situation where your dog needs medical attention, you’ll have the necessary information on hand.', 'Dog Travel Crates': 'A dog crate is an excellent way to keep your dog safe in the car and is required for airline travel. It can also keep your pet from getting into trouble in a hotel or at your host’s home. Crates are available from most pet supply stores. Stock the crate you choose with your dog’s essentials, such as a orthopedic dog crate pad, a favorite dog toy, and a dog water bottle, and your pet is ready to go.\n\nLook for these features when purchasing a dog crate:', 'Dog Identification': 'In the event that your dog gets lost on your trip, you can increase the chances of recovery by making sure they can be properly identified.', 'Traveling By Car With Your Dog': 'Get your dog comfortable in the car by letting them sit in it with you without leaving the driveway, and then going for short rides. Be sure to utilize a dog seatbelt, car seat, or safety harness while they’re riding with you in the car.\n\nKeep the car well-ventilated to ensure your dog stays comfortable. If the dog is in a crate, make sure that fresh air can flow into the crate. Avoid carsickness by letting your dog travel on an empty stomach. However, make sure they have plenty of water at all times. Stop frequently for exercise and potty breaks and be sure to clean up after your dog.\n\nNever let your dog ride in the back of an open truck. This is extremely dangerous and can lead to severe injuries or death. Never, ever leave your dog unattended in a closed vehicle, particularly in the summer, and follow our summer safety tips for dogs. If you must leave the car, designate a member of the family to stay with the dog', 'Flying With Dogs': 'When making your flight reservations, you must also make reservations for your dog. There are restrictions on the number of animals permitted on each flight. They’re accepted on a first-come, first-served basis.\n\nWhen traveling by plane, plan to visit your veterinarian before your trip. Remember that each airline has its own regulations for traveling with animals. For example, your dog won’t need a signed health certificate for many domestic flights, but each state has its own travel requirements. At the appointment, your vet will confirm that your dog is healthy enough to travel and if they’re up-to-date on necessary vaccinations.\n\nAirlines make it clear that it is the owner’s responsibility to verify the dog’s health and ability to fly. Ask your veterinarian if it would be best for your dog to be sedated for the trip. Be sure to check the temperature of the flight’s starting point and destination, as it may be too hot or cold to be safe for your dog.', 'Traveling With Dogs by Train, Bus, or Boat': 'Only dogs under 20 pounds are permitted on Amtrak trains. Dogs aren’t allowed on buses operated by Greyhound and other interstate bus companies. However, service dogs are permitted to travel. Local rail and bus companies will have their own policies.\n\nYou may fare better if you’re taking a cruise. However, you should check the policies of the cruise line or ship you will be traveling on before making plans to take your dog on a cruise with you.\n\nPlanning on going abroad with your pet? Read up on how to travel internationally with pets safely.', 'Top Tips When Traveling With Your Dog': 'Whether you’re traveling by car or plane, be sure to plan bathroom breaks ahead of time. Before you leave home, teach your dog to relieve themself on multiple surfaces — not just grass! Having the ability to go to the bathroom on different terrains, such as concrete, mulch, and gravel, will alleviate discomfort as well as the possibility of accidents while you’re on the road or otherwise. Bring a supply of poop bags to clean up afterward and a leash.\n\nTo make sure your dog doesn’t get bored, provide them with a few new toys — and a couple of old favorites. You might want to include a puzzle-type toy to keep them occupied. Also be sure to pack food and water. Check with your veterinarian about giving your dog only bottled water while away from home to ensure that they don’t get an upset stomach. And instead of taking their usual bulky bowls, buy collapsible travel bowls. Try to get your dog used to them using them one week or so before you travel.', 'Dog-Friendly Hotels and Lodging': 'Find out in advance which hotels or motels at your destination or on your route allow dogs. Many don’t allow dogs, or they may have size restrictions. If a hotel allows you to stay there with your dog, be sure to respect other guests, staff, and the property. Keep your dog as quiet as possible and don’t leave them unattended.\n\nUpon arriving at the hotel, ask the management where you should walk your dog, and pick up after them. Don’t leave any mess behind. Remember that one bad experience with a dog guest may prompt the hotel management to refuse to allow any other dogs. Be considerate of others and leave your room and the grounds in good condition.\n\nRegardless of where you’re staying, remember to puppy-proof your accommodations. Before you let your dog have free run, make certain it’s safe for your dog to explore. Be sure that electrical cords are out of reach and that previous occupants didn’t leave anything on the floor or under furniture that could be potentially harmful to your dog.\n\nRemember, it’s a vacation. Traveling can be stressful, but a calm owner usually has a calm pet. Our animals pick up on our stress, so if you’re nervous and uptight, your dog may show stress and anxiety, too. Don’t forget that some dogs don’t enjoy traveling, and your dog may prefer to stay home with a dog sitter.'}",[]
https://www.akc.org/expert-advice/travel/biking-with-dogs/,Safety Tips for Biking With Dogs,"Mar 23, 2026","['camping', 'biking']","Sassafras Patterdale, CPDT-KA, CTDI","Bike riding is a great way to enjoy the outdoors with your dog. But, as with any outdoor activity, there are some important safety considerations to keep in mind. Here are some options to safely enjoy biking with your dog.","{'Dogs Running Alongside Bikes': 'Having your dog running alongside your bike can be a very fun activity. However, it’s also high impact—especially when you’re biking on concrete. Before you try it, consult with your veterinarian to confirm if your dog is in the right physical condition to do it safely. They should also assess to see if your dog is able to keep up with a bicycle. Most small-to-medium dogs cannot keep up with a bike because of their shorter legs. Because of this, it’s best to allow only healthy, large dogs to run alongside your bike.\n\nOnce you have the all-clear, it’s best to use a biking leash that attaches directly to your bike. This will help keep your dog away from the wheel. Plus, you won’t have to focus on holding the leash while steering the bicycle.\n\nWhen you start biking with your dog, begin very slowly with very short distances and slow speeds. Attach your dog to the bike, and treat and praise them before doing anything else. Next, slowly roll forward and when your dog starts walking with the bike, praise and treat. You can slowly build up to riding a block or two, and even further. As your dog is adjusting to walking or running alongside your bike, be sure to continually praise and treat them.\n\nIn addition to being thoughtful about how far you ask your dog to run on concrete, which is hard on joints, check the temperature of the concrete where you’re riding. If it’s hot out, it can cause burns and injury to your dog’s paws. Even when it’s not hot out, running on concrete can be hard on their feet. Be sure to start very slowly with short distances to allow your dog to adjust. Remember, this is a very high-impact activity and can be tough on their body.', 'Dogs in Bike Baskets': 'If you have a small dog, an option is to have them in a basket attached to the handlebars or the back frame of your bicycle. Make sure you only put your dog into baskets that are designed for them to ride in. It must have appropriate safety straps to prevent them from falling or jumping out while you’re riding. Make sure you also follow the manufacturer’s instructions on how to attach your dog’s harness to the basket.\n\nBefore going on a ride, introduce your dog slowly to the basket. Lift your dog into the basket, secure them, then treat and praise before lifting them out. Repeat several times, putting your dog in and taking them out. The goal isn’t to make your dog wait to see how long they’re comfortable in the basket. Rather, you want them to build positive associations with being in the basket. After several repetitions, you can start to slowly increase the duration of time your dog stays in the basket. Continue to praise and treat your dog for being calm and still in the basket. After double-checking that they’re fully secured, gently roll your bicycle while stopping to praise and treat along the way.', 'Dogs in Bike Trailers': 'If you have a medium or large dog, you can try pulling them behind your bike in a trailer. Bike trailers designed for toddlers and small children can be modified to work for dogs, or you can purchase bike trailers specifically designed for dogs. Pulling your dog along behind you is a great way to transport them when it’s too hot to safely run on concrete. It’s also good for busier city streets and for older dogs who can’t run or walk beside a moving bike for health reasons.\n\nAgain, you’ll need to get your dog accustomed to the bike trailer. Start by encouraging them to get in it and praise and treat when they do. Then encourage them to jump out and praise and treat again. Repeat this several times so your dog becomes comfortable getting in and out of the trailer. Once they’re doing it with ease, attach the trailer’s harness or seatbelt. Then, gently move the trailer, starting with just a few inches at a time, then praise and treat.\n\nIf your dog is comfortable, you can start to move the trailer further. Then, start with short bike rides where you can stop regularly to check on and reward your dog. Regardless of how much your dog likes the trailer, it’s important to make sure they’re securely attached to it before you start biking, so that they don’t jump out in traffic.', 'Dogs in Cargo Bikes': 'Cargo bikes are specifically designed for transporting dogs. These bikes typically have three wheels and open-topped cargo box areas built into the bike. These cargo boxes allow you to transport even very large dogs via bicycle. Some of these dog cargo bike options even come in e-bikes or battery-powered assist bikes, which can be especially helpful when transporting very large dogs up hills. Getting your dog accustomed to riding the cargo bike follows the same process as a bike trailer.'}",[]
https://www.akc.org/expert-advice/travel/tips-for-taking-your-dog-out-on-the-water/,5 Water Safety Tips For Boating With Dogs,"Feb 18, 2026","['safety', 'water safety', 'swimming']",AKC Staff,"When it’s warm outside, humans tend to flock to the water. Whether swimming, boating, or lounging on a raft, it’s a great way to spend a day. If you own a dog, chances are you want to include them in your fun-filled activities.

But canines and water don’t always mix. Here are tips on how to keep your pup safe when they’re by the water.","{'1. Get a Life Vest That Fits Properly': 'Your first thought should be about getting your dog a life jacket. Whether your dog is swimming or onboard a vessel, wearing a properly fitted life jacket that is in good condition will help prevent drowning accidents.\n\n“A worn-out life jacket can be dangerous,” says Jennifer Fish, owner of Dogs Gone Swimming Wellness Center in Portland, Oregon. “Also, make sure the jacket is snugly fitted around the dog’s neck. I’ve seen dogs get their front leg caught in the front of a loosely fitted life jacket.”', '2. Provide a Safe Introduction to the Water': 'Slowly and safely introduce your dog to water and your watercraft — whether it’s a boat, kayak, paddleboard, or another vessel. If your pup is trying swimming for the first time, try to find “calm, warm water with a gentle, sloping bank,” says Fish, who also has a certificate in canine hydrotherapy.\n\n“Bring your dog’s favorite treats and toys and be prepared to get in the water yourself. Start by encouraging your dog to step into the water and walk along the bank. Slowly encourage him out deeper as he gets comfortable. Once he is comfortable walking into the water, encourage him to step off and swim to a toy or treat.”\n\nFish adds, “If the dog swims, allow him to turn back to the bank where he can stand, helping him if needed. Many dogs are uncertain of stepping off to swim. If that’s the case, gently carry them a few feet out into the water and let them go to swim toward the bank, guiding them if necessary. Once they are comfortable with swimming straight back to the bank, try to encourage them to step off and swim on their own again.”\n\nKeep in mind that not all dogs like the water, so you should never force your canine companion to swim. If they continually run out of the water, find a different activity that you’ll both enjoy.\n\nIf you want to get your dog comfortable on a boat or any other type of water vessel, make it a fun experience with plenty of toys and treats. But, if your pup is uneasy in the water, they probably won’t like being on a paddleboard, a kayak, or anything else that’s too close to the water’s surface.', '3. Watch Your Dog Closely': 'No dog should swim without a human closely observing them. “Some dogs naturally want to bite and splash at the water while swimming,” adds Fish. “I always caution owners from encouraging this behavior, as it can quickly develop into obsessive-compulsive behavior. This could result in a dog that won’t come out of the water when called, potentially swimming to exhaustion. Try to redirect the dog’s attention with a toy instead.”\n\nAlong the same vein, watch your dog to make sure they’re not ingesting too much water. “Some dogs tend to swallow a lot of water while holding a toy,” Fish says. “Small, flat toys are best for these dogs.” Ingesting too much can cause water intoxication, a life-threatening condition.\n\nOn a boat, watch to make sure your dog doesn’t jump over the side. Keeping your dog on a leash will help prevent this from happening. Just make sure the leash is not so long that your dog can jump over the side while you’re holding on to them.', '4. Take Breaks': 'While on a boat, don’t forget that your dog will need potty breaks. If you are sailing for hours or overnight and don’t want to dock to walk your dog, pick a spot on board to create a potty area with pads or artificial grass.\n\nMake sure your dog is taking breaks from swimming, as well. “One minute of swimming roughly equals four minutes of running on land,” says Fish.', '5. Make Sure Your Dog Has Plenty of Fresh Water': 'Your dog shouldn’t be lapping up water in a lake or ocean. So, be sure to always have fresh water on hand for your canine companion to drink. An insulated, portable water bottle that comes with a bowl, for example, is easy to carry and keeps your dog’s water cold.'}",[]
https://www.akc.org/expert-advice/travel/tips-for-taking-dog-to-beach/,Taking Your Dog to the Beach: Tips & Safety,"Mar 10, 2026","['heat safety', 'water safety', 'swimming', 'beach']","Stephanie Gibeault, MSc, CPDT","A visit to the beach is an ideal way to spend a summer day, and it can be tempting to take your dog along. But be aware the beach isn’t the best option for all dogs.

However, for the right dog, the beach can provide new sights, sounds, and smells to experience as well as opportunities for exciting games. However, there are doggie dangers, too. Maximize your fun by trying these activities, training these behaviors, and watching for these hazards.","{'Beach Activities You Can Do With Your Dog': 'You can do many of your dog’s favorite backyard activities at the beach. For example, you can play tug-of-war or provide your dog with their favorite puzzle toy. But don’t miss out on all the opportunities for beach-related excitement. Here are some activities to try on your next beach outing:\n\nWhatever activities you decide to pursue, always supervise your dog. It’s important for your dog’s safety, but it’s also part of responsible dog ownership. Don’t let your dog disturb wildlife, damage vegetation, or become a nuisance to other people or dogs on the beach.', 'Training Your Dog Ahead of a Beach Outing': 'To ensure a safe and enjoyable beach day, there are certain behaviors your dog should know. First, your dog should have a reliable recall. Many beach activities require letting your dog off-leash, so you need to be certain your dog will come back to you when called. In fact, all your dog’s basic obedience behaviors should be under your control with either a hand signal or verbal cue. If your dog isn’t ready for that kind of freedom, stick to on-leash pursuits like walks along the shore.\n\n“Leave it” is another important cue for your dog to understand. Leave it means your dog can’t eat something which could be garbage on the beach, a dead fish at the water’s edge, or food in somebody else’s picnic basket. With enough practice, this cue can also tell your dog to ignore something like wildlife or other beachgoers.\n\nYour dog should also be well-socialized and comfortable sharing toys with others. Beaches can get busy, and your dog might encounter loads of people and other dogs. For a social butterfly, that’s all part of the fun. However, if your dog is uncomfortable around people or other dogs, choose quiet times to visit the beach, such as earlier on a weekday morning, rather than times of peak attendance.', 'What to Watch for When at the Beach With Your Dog': 'There are some obvious dangers at the beach like rough waves, but you might not be aware of other hazards like drinking salt water. There are also rules to follow like leash laws and scooping up your dog’s waste. The following list will help you know what to watch for at the beach:'}",[]
https://www.akc.org/expert-advice/travel/dog-boarding-tips/,What to Know and Look for When Boarding Your Dog,"Nov 11, 2025","['travel', 'boarding', 'pet sitter']",Colt Dodd,"You’ve got your passport ready, hotel booked, and bags ready. Now, there’s just one thing left to do: find a kennel where your dog can have a vacation of their own while you’re away.

In This Article

Choosing a trustworthy kennel is a multi-faceted process. It’s more than typing “dog boarding near me” and seeing what comes up. You’ll need to consider many factors to make a well-informed decision, on top of your dog’s temperament and the kennel’s reputation.

Don’t worry. There are plenty of ways to narrow down your search and find the right “home away from home” for your dog.","{'Organize Tours With Kennels in Advance': 'While some boarding dog services may seem more convenient than others, above all else, you want to find a kennel that prioritizes your dog’s comfort and well-being. There are many “green flags” and “red flags” that you should know during your search.\n\nFor example, a reputable, professional organization would have no problem letting you visit the dog runs, ask questions, and meet the employees. You should be allowed to see where meals are prepared, along with the space where the dogs play.\n\nIf you visit a kennel, and you’re not permitted to view the entire facility, turn tail. A well-run dog boarding service would be eager to show you everything, as it would have nothing to conceal. Be wary of kennels that don’t require immunization records, seem overbooked, or appear disinterested in your pet.', 'Inquire About the Kennel’s Daily Activities': 'A thriving boarding kennel is essentially a summer camp for dogs. Campers should have frequent playtimes, face-to-face contact with the staff, and interact regularly with other dogs (unless your dog prefers being alone). During their stay, dogs should be fed on a regular schedule with portions appropriate for their size and weight.\n\nSome dog boarding facilities offer detailed daily itineraries, including:\n\nAfter learning about a boarding service’s activities for dogs, ask yourself: “Would I want to stay here?” The answer could help determine whether a particular service is a good choice.', 'Ask About a Kennel’s Immunization Requirements': 'Many states require that for a dog kennel to legally operate, it must have proof of dogs’ vaccination records. This prevents outbreaks of life-threatening communicable diseases, such as parvovirus, rabies, and distemper — among other illnesses. Upon registering your dog, the boarding facility may ask for proof of basic annual vaccinations. In this same conversation, feel empowered to ask:', 'What to Expect When Picking Up Your Dog From a Test Run': 'Many kennels offer test runs. Some even require them. These trial periods assess many things, such as a dog’s temperament, ability to play with others, and whether they struggle with separation anxiety. While these tests determine whether your dog is well-suited to the facility, it’s also an opportunity to see if your dog will thrive while you’re away.\n\nSome “green flags” that your dog has enjoyed their kennel staycation include:\n\nUpon returning, your dog should be happy to see you — not simply relieved. If they display signs of apprehension, or you otherwise aren’t sure whether your dog is suited to overnight kennel stays, you can continue your search.', 'Know the Difference Between Dog Boarding and Dog Sitting': 'You may feel uncomfortable about leaving your dog with a kennel or boarding service while you’re away. Luckily, there are many individual pet sitters who can come to your home and offer your dog the interaction and care they deserve. With this arrangement, you don’t have to drop off your dog at a kennel or worry about negative interactions with other dogs. Everything takes place right in the comfort of your home.\n\nWhen finding a dog-sitter, you would ask many of the same questions you would a boarding service. You may inquire about a dog-sitter’s experience, comfort level, and ability to visit your home multiple times a day. If you’re going through an app (such as Rover or Wag!), you can assess a sitter’s reviews. Read the comments other clients have left behind and see if any capture the traits you’re looking for.', 'Frequently Asked Questions About Dog Boarding': 'It’s reasonable to have questions if you’re boarding a dog for the first time. These questions may include:\n\nPrior to dropping off your dog, the facility should explain what you should bring. These items may include your dog’s favorite toy, food, and a piece of clothing with your scent. If your dog snoozes in a bed, you may consider bringing that, too.\n\nEvery dog’s response to boarding differs. Some thrive from playtime with other dogs, new smells, and a temporary change of scenery. Others exhibit signs of stress and shy away from staff members and other dogs. During your trial run with a potential kennel, you can observe how your dog responds to boarding and determine whether it’s a good decision.\n\nThe short answer is that there are many boarding services that are well-equipped to accommodate a dog’s behavioral or health considerations. The longer answer is that while researching a particular service, you should discuss these matters with the staff upfront. Be transparent about issues regarding separation anxiety, resource-guarding, or illnesses requiring close monitoring.', 'How to Find a Dog Boarding Service or Sitter Near You': 'The good news is that you have many options for finding a reputable dog-sitting service in your area. You could start your search by asking friends, family, and neighbors about their experiences — whether good or bad. You may even call your dog’s veterinarian and ask if they work with or recommend any local dog boarding services.\n\nIt can be tough finding a kennel or pet-sitter who puts your dog’s comfort first. Yet, the sooner you start your search, the more options you could have available.'}",[]
https://www.akc.org/expert-advice/travel/camping-with-dogs/,Camping With Dogs: A Guide to Keeping Your Dogs Comfortable and Safe,"Mar 03, 2026","['emergency', 'safety', 'camping']",Harriet Meyers,"Going camping is a popular family activity, and an increasing number of pet owners are including their dogs in the fun. For those of you who plan to take your dog along for an outdoor adventure this summer or fall, here are some useful canine camping safety tips.","{'What to Pack in a First-Aid Kit for Your Dog': 'Whenever you travel with your dog, it’s important to take a copy of their medical records, including vaccinations for rabies and other diseases. You will also need to carry emergency telephone numbers for your veterinarian, a nearby emergency veterinary clinic, and a poison control center hotline.\n\nCarrying a travel version of a pet first-aid manual can also be extremely helpful. In addition, a useful first-aid kit includes:\n\nMedications:\n\nBandaging Materials:\n\nTools:'}",[]
https://www.akc.org/expert-advice/travel/prepare-dogs-travel-abroad/,International Dog Travel: How to Travel Abroad With Pets,"May 21, 2021","['travel', 'airline travel', 'international']","Stephanie Gibeault, MSc, CPDT","Traveling or moving to another country can require a lot of planning and effort. Depending on your destination, there are vaccinations, visas, and paperwork to contend with. And that’s just for the humans! If you take your dog with you on your travels or relocation, the necessary research and preparation are even greater. It’s not as simple as a pet passport. (Although read on for more information about that.)

The United States doesn’t determine the requirements for dog travel – each destination country has its own set of policies with respect to examinations and health tests, vaccinations, medical treatments, and paperwork. That means you need to be diligent when planning your trip and investigate what your dog needs for each country on your itinerary.","{'Getting Help With Dog Travel Requirements': 'The Animal and Plant Health Inspection Service (APHIS) of the United States Department of Agriculture (USDA) is a great resource for dog travel guidance. Their website lists helpful references and answers frequently asked questions. Their international pet travel checklist is a great place to start.\n\nAPHIS also offers a country-by-country listing of travel requirements. Because there are no worldwide regulations, this listing allows you to determine exactly what you need to do for each destination you plan to visit with your dog. For example, one country might require your dog to be microchipped whereas another might not. Or your dog might need tapeworm treatment for a certain country. Keep in mind that you should check these requirements every time you travel because they can change frequently.\n\nYou should also verify your research with the consulate or embassy of the country you plan to visit in order to ensure you haven’t missed anything. It’s your responsibility, not your veterinarian’s or travel agent’s, to make sure your pet has met every requirement of the new country. If you fail to meet the requirements, you might not get the necessary health certificate beforehand and will likely encounter problems when you arrive at your destination.', 'What is a Health Certificate for Dog Travel?': 'Most countries will need a health certificate for your dog before allowing entry. This paperwork is also known as an international health certificate, an export certificate, a veterinary certificate, or a veterinary health certificate. Regardless of the name, a health certificate is issued by your local veterinarian after he or she examines your dog and performs or verifies all the vaccinations, treatments, and testing required by the destination country. Your vet will need to fill in the certificate before signing and dating the document.\n\nIf you plan on visiting more than one country, note that your dog’s health certificate is not universally valid for all countries. Because each country has its own set of requirements, there is no one-size-fits-all standard certificate. Your dog will need a health certificate valid for the first destination country. Then the requirements for additional countries will depend on the mode of transportation, for example, car versus ship. The length of time your dog will be spending in each country may also be a factor. You are responsible for determining what is necessary at each border. For help with dog travel to multiple countries, contact your local APHIS Veterinary Services Endorsement Office.\n\nFinally, the company transporting your dog, whether it’s an airline, cruise line, or pet shipping company, may have additional conditions above and beyond the health certificate for the destination country. For example, there may be crate and shipping requirements. Be sure to check with everyone involved in your dog’s travel to ensure you meet all requirements along the way. You don’t want to have your travel hit a snag before you even leave the United States.', 'APHIS Endorsement of Your Dog’s Health Certificate': 'Although not a condition for all destination countries, many also require the health certificate be endorsed by APHIS after the vet has completed his or her part of the paperwork. This is a final review process so APHIS officials can verify the accuracy of the health certificate and double check it meets the requirements of the destination country. You don’t have to take your dog to the APHIS office; however, APHIS will need the original health certificate as well as all supporting paperwork like test results and vaccination certificates. You can either mail your documents to your local APHIS Veterinary Services Endorsement Office or arrange for an in-person appointment. Be aware, there is a user fee for health certificate endorsement.\n\nWhen APHIS endorsement is necessary, be aware that the vet who issues the health certificate in the first place must be USDA-Accredited. If your regular vet does not meet these standards, you will need to find a USDA-Accredited vet in your area before starting the process.', 'Veterinary Help With Dog Travel': 'Based on your research and consultation with your vet, you should know the necessary steps for completion of your dog’s health certificate. For example, does your dog need any vaccinations, treatments, or tests? Is a microchip required? You could be looking at multiple appointments to get everything taken care of. Therefore, it’s essential you leave enough time to get everything done. You might need to start planning many months in advance.\n\nYou also need to look at the time frame in the destination country’s regulations. For example, your dog might need to have his physical exam in a certain window of time before travel. Or vaccinations might need to be given so many weeks in advance. Some treatments can take time to take effect. All these factors mean you should meet with your vet to start the process as soon as you know your travel details.\n\nDon’t forget about potential diseases and parasites that might be found in the destination country. There may be medications available to protect your dog, such as for heartworm. Although heartworm preventative is recommended year-round, even in the northern United States, many dog owners with snowy winters confine heartworm medication to the warmer months of summer. But depending on your destination country, you might need to consider a preventative regardless of the season. Do your research and consult with your veterinarian about any conditions your dog might be at risk for during your travels.\n\nBe aware that most countries will need your vet’s original ink signature on the health certificate. But in this online world, it’s not surprising that APHIS has a digital system for health certificates as well. However, whether your vet can use the digital system is up to the destination country. To help clarify each country’s requirements, APHIS has developed a color-coding system on their country by country listings. For example, red means original ink from both the issuing vet and the APHIS official. This will be clearly explained on each country’s page, so when researching your destination country, keep an eye out for what exactly is needed on your dog’s certificate.', 'Pet Passports': 'Although some people might use the term pet passport to refer to any documentation that is required for dog travel, the European Union (EU) does issue an official Pet Passport. These documents are obtained from an official vet in any member country of the EU or any other designated country. The purpose is to simplify travel between countries in the EU. Note that you cannot obtain an EU Pet Passport in the United States.', 'Returning to the United States': 'When you bring your dog back to the U.S., you will have to meet the rules set out by the U.S. Centers for Disease Control and Prevention. First, all dogs must appear healthy before being allowed into the country. Second, a Rabies vaccine certificate may be needed depending on where your dog has been prior to arrival in the United States. There are no exceptions to these rules even if your dog is still a puppy, a service animal, or an emotional support dog. If you fail to follow these rules, your dog may be denied entry into the U.S.\n\nBe aware that other government departments have their own additional requirements for bringing dogs into the U.S. For example, if your dog has been in a country where screwworm is known to exist, entry to the U.S. will only be allowed with a certificate signed within the last five days by a full-time veterinary official from the region of origin. The certificate must declare the dog free from screwworm or state the dog was treated until free of the disease. Finally, each state can have its own state regulations concerning dog travel, so check with your destination state’s State Department of Agriculture or the State Veterinarian’s Office to ensure you can bring your dog back home at the end of your travels.'}",[]
https://www.akc.org/expert-advice/travel/how-to-select-a-pet-sitter/,How to Find and Choose a Pet Sitter,"Nov 13, 2025","['travel', 'boarding', 'pet sitter']",Harriet Meyers,"There are many options for pet care when owners are away. Some owners board their pets with their veterinarian or at a dog boarding kennel. Some have a family member or neighbor take care of them.

In This Article

Increasingly, when dog owners need someone to watch out for their pet when they travel, they’re turning to professional pet sitters. But what’s the difference between hiring the teenager down the street and paying an experienced sitter? Read on.","{'What Pet Sitters Offer': 'Professional pet sitters can offer a variety of services, from dog walking to overnight stays at your house. Pet sitters are a great option for households with multiple animals, dogs with special needs, or when owners prefer that their dog stay in the comfort of home. Many dogs are less stressed when they can stay in their own homes and follow their everyday routines. Plus, having a pet sitter in your home avoids exposing your dog to other dogs and possible illnesses\n\nA professional pet sitter offers reliability and peace of mind while the owner is away. Plus, they offer a variety of services, from dog walking to overnight stays at your house. Here are a few things to look for when seeking a pet sitter:', 'Before Choosing a Pet Sitter': 'Ask the pet sitter for an in-home consultation before hiring. An in-person introduction gives you a chance to meet them and ask questions about the sitter’s experience, methods, education and training, and communications with you when you’re away. You can also ask about rates and cancellation fees, and find out how the pet sitter deals with emergencies.\n\nAn in-person interview also allows the prospective sitter to meet the dog and ask about any special needs, their routine, and where the dog’s food and supplies are kept.\n\nJust as important, you’ll get a chance to observe how the pet sitter interacts with your dog – and whether they seem to get along. Find out how well-suited they are for each other. If you have a young, active dog, how much exercise is the pet sitter willing to give them? If you have a big dog, does this person know how to handle them?\n\nBefore you hire a specific pet sitter, even if you and this person seem to click, ask for references and check them. You’re considering someone to stay in your home when you’re away and to care for your dog, so solid recommendations are very important.\n\nIf you have time, it’s a great idea to test out the sitter with your pet. Hire the person for one day, go out for the day, and see how your dog is when you return.', 'How to Find a Pet Sitter': 'Many owners find pet sitters by asking their friends and neighbors, veterinarian, groomer, or dog training facility. There are also organizations for professional pet sitters, including Pet Sitters International and the National Association of Professional Pet Sitters. These websites include pet sitter locators to help you find a professional pet sitter member in your area.\n\nMany pet sitters designate the size of dog they’re willing to take care of, so find that out before scheduling an interview. If the person is unwilling to meet you and your dog beforehand, you can consider that a red flag and look elsewhere.\n\nAlso, don’t forget to think about a backup plan. Does the pet sitter have an alternate or business partner who can fill in if there’s an emergency? You may want to meet that person, as well.'}",[]
https://www.akc.org/expert-advice/travel/plan-for-dogs-care-when-you-leave-town/,How to Plan for Your Dog’s Care When You Leave Town,"Mar 12, 2026","['anxiety', 'travel', 'separation anxiety', 'boarding']",Mary Robins,"From understanding airline pet policies to finding a pet-friendly hotel, there are many things to consider if you plan on traveling with your dog. But if your dog needs to stay home, you’re left with a different set of questions: where should you leave them, and with whom? How can you make sure that they’re well cared for in your absence? And what about dogs with separation anxiety?

Here’s everything you need to know about preparing for your dog’s care when you leave town.","{'Kennel, Private Boarding, or a Sitter in Your Home?': ""These days, dog owners have many options on where to board their pets. So, what are the pros and cons of each?\n\nA good kennel can sometimes provide more structure than a private home, with multiple potty breaks a day and a team of workers tending to the dogs. Kennels can also be very sociable spaces, giving dogs an opportunity to play with other dogs. This socialization might help to distract them from your absence and ease any separation anxiety.\n\nIf you choose to go the kennel route, which type of kennel should you choose? As Certified Applied Animal Behaviorist Dr. Mary Burch points out, “Old dogs or dogs with serious health problems requiring medication might do better when left in a boarding kennel at a veterinary clinic.” Knowing that there’s medical expertise on hand in case of emergency can be a balm for anxious owners too.\n\nBut as Dr. Jerry Klein, Chief Veterinarian for the AKC, points out, while “some dogs love going away to ‘summer camp,'” others “can get homesick, just like children, and may fare better at home.” Paying someone to stay in your home with your dog is typically the most expensive pet-care option. However, it gives your dog the security and comfort of staying in their own familiar environment. It can also be a great option if you have more than one pet, since you’d otherwise be paying for multiple boarding stays. Plus, they can keep each other company in the home.\n\nAlternatively, boarding your pet with a private sitter in their home can give a similar level of one-on-one attention, often at a lower price.\n\nHowever, if you’re away for an extended period, it’s best to avoid leaving your dog home alone and having sitters drop in. Dogs are social animals who bond closely to their families. Even with multiple visits a day, a dog living alone is likely to get lonely and anxious and may become destructive."", 'Finding the Right Kennel': 'Experts agree: when it comes to finding a place to board your dog, the key is preparation, preparation, preparation. If you’re going the kennel route, Dr. Mary Burch advises asking your veterinarian and your social network for recommendations.\n\nOnce you’ve found a promising facility, make sure to visit ahead of time. They should allow you to inspect the facilities and see where the dogs are kept and run. Pay attention to the demeanors of any dogs already boarding there. Do they look happy? Stimulated? Comfortable? While you’re there, make sure to ask how often your dog will get to go outside if boarded there, whether they’ll be allowed to have any of their own possessions (such as a favorite blanket), how much time they’ll get to socialize with other dogs, and whether they can accommodate any particular needs your dog has, such as bedtime potty breaks.\n\nIf you have time, Dr. Mary Burch also recommends boarding your dog for one night in advance of your trip. This will allow you to see how well they fare on a short stay before committing to a longer one.', 'Finding the Right Private Dog Sitter or Boarder': 'If you’re going with a private sitter, the same applies: make sure to prepare. If you don’t already have a network of dog sitters, there are services that can connect you to experienced pet caregivers in your area.\n\nBefore leaving your pet in anyone’s care, it’s essential to ensure that they’re trustworthy and can bond with your dog. Even if the service you’re using promises to perform background checks, there’s no way to know how a person will interact with your dog until you see them together. Asking for references and talking to other owners who have used the sitter’s services can help you build a fuller picture. Meeting up with your pet sitter in advance will also enable your dog to begin to form a bond with them, which will put them at greater ease when they’re alone together.\n\nWhen leaving your dog at someone else’s home, make sure to visit the home ahead of time. If there’s a yard, check that it’s securely fenced, with no place your dog could escape. If there’s no yard, ask where you dog will be able to play and walk.\n\nFinally, make sure that your dog’s schedule works with your sitter’s. If your dog is used to having someone home all the time, they might struggle in a home where the humans work out of the house all day. How often will your dog be able to take bathroom breaks? And do the rules about, for instance, pets on the furniture match the rules in your own home?', 'Before You Leave: Medical and Care Checklists for Your Dog': 'You’ve picked the right care for your dog, and you’re getting ready to pack your bags. How can you make sure your dog is ready for their vacation, too?\n\nIf your dog is going into a kennel, they’ll be in close quarters with other dogs, raising the risk of disease. Make an appointment with your veterinarian before you leave, to make sure they’re up to date on all vaccinations and boosters and check for any underlying health issues. Reputable kennels will require you to show vaccination records showing treatment against distemper, parvovirus, Bordetella, canine influenza, and rabies. You may also need confirmation that the dog is free of parasites. Dr. Klein also recommends bringing in a fecal sample for examination. Make sure to give the kennel a supply of any medications your dog is taking, including flea and tick preventatives if they’ll need a reapplication while you’re gone.\n\nIf your dog is staying with a sitter, leave contact details for your family veterinarian and the nearest emergency vet. Also, consider notifying any friends or family members who know how to take care of your pet. The sitter will also need written instructions on your dog’s routine, including:', 'Dealing With Separation Anxiety': 'For owners of dogs with separation anxiety, vacations can start to feel like an ordeal for the dog and the owner alike—but there are ways to ease your dog’s discomfort while you’re gone. “Dogs with separation anxiety may do better if they are left at home when you travel,” says Dr. Burch. “Lots of fun activities should help your dog relax.”\n\nDr. Klein agrees, going so far as to say that “sometimes, a little separation can be good for dogs,” since anxiety often results from boredom and dependency. “If the dog is able to engage with other dogs in playtime, perhaps some of their anxiety due to boredom can be repurposed,” he adds.\n\nIf you’re worried about your own separation anxiety, make sure to have your sitter send a photo of your dog every day. And remember, You’ll be back home with your dog before you know it.'}",[]
https://www.akc.org/expert-advice/travel/dog-airline-travel/,Airline Pet Policies: A Guide to Dog Travel Requirements for Flying,"Sep 13, 2024","['safety', 'travel', 'airline travel', 'plane']","Sassafras Patterdale, CPDT-KA, CTDI","Thinking of flying with your dog? Many airlines allow dogs, but you’ll want to be prepared to make the flight as easy as possible for you and your dog. If you’re flying with your dog, always communicate with the airline in advance, ideally at the time of purchasing tickets.

The airlines will walk you through their pet policies. They will also confirm if there is room for your dog on the flight, as most airlines only allow a small number of dogs in the cabin. Dogs must either fly in a carrier under the seat in front of you, or in a crate in cargo. As much as you might love your dog, it’s not possible to purchase an airline seat for your dog.

The only dogs permitted to fly openly in the cabin of commercial airlines are trained service dogs assisting people with disabilities. As of 2021, emotional support animals are considered pets, and aren’t permitted to fly with their owners unless they’re in a carrier.","{'Should Your Dog Fly?': 'Before deciding to fly with your dog, you’ll want to be thoughtful about if your dog should fly. “Traveling by air can be stressful to people and to dogs,” explains Dr. Jerry Klein, Chief Veterinary Officer for the American Kennel Club. He notes that the strange sounds, sights, and smells of airports and new destinations can be challenging for pets.\n\nMeanwhile, changes in diet and water on arrival can affect dogs’ gastrointestinal health. Plus, the upheaval of traveling and time-zone changes could lead to dehydration or interruptions to strict medication schedules, such as insulin for diabetic dogs — leading to potentially serious consequences. Talk with your dog’s vet about if flying is safe and appropriate for your dog.', 'Preparing to Fly': 'If you’re going to be flying with your dog, it’s important to do research ahead of time to ensure you have everything in place. Confirm if your dog can fly with you where you’re traveling, and determine if there are quarantine, vaccine, or other restrictions on dogs entering that area. The AKC maintains a list of state-by-state travel requirements, but additional rules may apply when traveling internationally and for US residents traveling internationally who are returning to the U.S. Many airlines allow small dogs to fly in cabins, so long as they’re in a carrier under the seat in front of you.\n\nUnfortunately, in most cases, large dogs will need to fly in cargo. When flying with a dog, it’s best to book direct flights whenever possible. If you’re traveling in the summer, try to pick early morning or evening flights to avoid the hottest parts of the day. In winter, it’s best to book midday flights to avoid the cold. Note: during extreme temperatures, dogs are often not allowed to fly in cargo.\n\nFor dogs entering the U.S., the Centers for Disease Control and Prevention have new guidelines that went into effect in August 2024, which owners must consider when making travel plans. If a dog is being imported into the country for the first time or returning to the U.S. from another country, the person who will be traveling with the dog must submit a CDC-approved Dog Import Form online in advance. All dogs entering the U.S. must be immunized against rabies, be at least 6 months old, and have an International Standards Organization standard microchip. For dogs coming from a “high-risk country,” they must also have a a U.S. rabies vaccine certificate, a certification of foreign-issued rabies vaccination, or a certification of foreign rabies vaccination. They will also need a microchip form. In some cases, dogs will need to be quarantined after arriving in the U.S.', 'Preparing Your Dog for Flying: Health Checklist': 'Before flying with your dog, you need to ensure your dog is healthy enough to travel. Here are some health considerations to keep in mind:', 'What to Bring When Flying with Your Dog': 'When getting ready to fly with your dog, it’s important to pack everything they’ll need for the flight and your trip. Things to pack for your dog include:', 'How to Prepare Your Dog for Flying': 'The value of familiarizing your dog with their crate prior to flying cannot be overstated when it comes to improving the quality of their travel experience. Before your trip, you’ll want to prepare your dog for the experience of flying. Expose your dog to their crate early, so they’re comfortable and familiar with being in a carrier for long periods of time. Let your dog explore their crate at home where they feel safe and pair going into the crate with praise and treats.\n\nIt can be helpful to bring your dog to loud and crowded dog-friendly places, like bus stations and dog-friendly stores. This will help your dog be more prepared for the sights and sounds of the airport. Airlines require that dogs must be well-behaved when flying, meaning that dogs shouldn’t be excessively barking, and cannot growl, or act aggressively. To prepare for a flight, it can be helpful to train and practice to earn your dog’s CGC title before your trip. The skills learned for the CGC, such as walking through a crowd or behaving politely around other dogs, will help prepare your dog for being in an airport. Training more specific to how your dog must behave on a plane can also be useful. For example, some dog trainers set up rows of chairs to simulate an airplane to teach a dog how to sit under a seat in a carrier.', 'Dogs at the Airport': 'If your dog is flying via cargo, you’ll check them in with your airline as soon as you arrive at the airport. From that point on, the airline staff will be responsible for getting your dog’s crate onto the plane and off at your destination. If your dog is traveling with you in the cabin in a carrier, you’ll proceed through TSA screening. To go through security, your dog will need to come out of their carrier. They’ll then go through the full-body scanner and TSA personnel will screen the carrier. They may also inspect your dog’s collar or harness and leash.\n\nOnce you’re through security, most airports have pet relief areas, so be sure to make time for your dog to relieve themselves. While waiting to board your flight, you may be able to have your dog out of their carrier to stretch their legs.', 'During the Flight': 'Once you and your dog are on your flight, your dog will need to stay in their carrier. Dogs aren’t permitted to sit on their owner’s lap. It can be helpful to give your dog a chew to comfort them during the most turbulent and noisy parts of the flight. Chewing helps to naturally relax your dog, and can also help them adjust to the pressure changes associated with takeoff and landing.\n\nFlying with Dogs: An Airline-by-Airline Guide:\n\nBelow are the airline guidelines for the most common airlines flying through airports across the U.S. Remember to talk with your airline prior to purchasing tickets to ensure there is room on the flight for your dog and confirm any guidelines for your specific flight.\n\nHealth and vaccine requirements: Health certificates or proof of vaccination aren’t required for dogs traveling in the cabin on Alaska Airlines, but dogs must be in good health. Dogs who appear sick or distressed can be denied access to the flight. Dogs flying cargo must have a health certificate dated within 10 days of the flight and within 30 days of the return flight.\n\nAre dogs allowed in the cabin? Yes. Small dogs are permitted to fly in an approved carrier in the cabin. The dog counts as the passenger’s carry-on allotment for under-the-seat baggage. Two dogs of similar size may travel in the same carrier if the dogs are comfortable, and no body parts protrude from the carrier.\n\nAre there other restrictions on dogs in the cabin? First-class cabins can accommodate a total of three pet carriers per flight. The main cabin can accommodate eight pet carriers per flight. For international flights or flights to Hawaii, dogs are only permitted in the cabin. You can fly with two pet carriers in the main cabin if you purchase a second ticket for an adjacent seat.\n\nAre dogs allowed in cargo? Yes. Dogs must be at least 8 weeks old and weaned to fly cargo.\n\nAre there other restrictions on dogs in cargo? Dogs and crates cannot weigh more than 150 pounds combined. Dogs flying cargo must be on the same flight as the ticket holder. Dogs must be comfortable in their crates and cannot require any attention or support from airline staff during the flight.\n\nIs there a fee to travel with your dog?  Yes. There is a $100 fee per pet for flying in the cabin or cargo.\n\nHealth and vaccine requirements: Dogs traveling via cargo on American Airlines need original signed health certificates completed by a licensed veterinarian within 20 days of the flight for both the initial flight and a return trip. Health certificates aren’t required for dogs flying in the cabin.\n\nAre dogs allowed in the cabin? Yes. Dogs are allowed to fly in an approved carrier under the seat on most flights, up to 11 hours and 30 minutes in length.\n\nAre there other restrictions on dogs in the cabin? Depending on the plane, there’s a maximum of either five or seven pets allowed in the cabin of each flight.\n\nAre dogs allowed in cargo? Dogs are only permitted to fly in cargo with active-duty US Military and US State Department Foreign Service personnel traveling on official orders. Up to two pets can be checked to fly cargo.\n\nIs there a fee to travel with your dog? Yes. There is a fee of $150 per carrier for dogs flying in the cabin. Fees for dogs flying cargo will vary based on destination and are confirmed at time of booking.\n\nHealth and vaccine requirements: Health certificates aren’t required for dogs flying in the cabin as a carry-on on Delta. Dogs who are flying cargo need current health certificates signed by a veterinarian within 10 days of the trip.\n\nAre dogs allowed in the cabin? Yes. Dogs must fit into a carrier that fits under the seat directly in front of you. The carrier must have ventilation openings on three sides for domestic flights or four sides of ventilation for international travel.\n\nAre there other restrictions on dogs in the cabin? Dogs must be at least 8 weeks old for domestic flights. For international flights, dogs must be 16 weeks old if traveling to the United States, and at least 15 weeks when traveling to Europe.\n\nAre dogs allowed in cargo? Yes. The carrier for dogs must be large enough to allow the dog to sit, stand, lay down, and turn around without touching the top or sides of the crate. The carrier must comply with International Air Transport Association regulations.\n\nIs there a fee to travel with your dog? Yes. The fee for flying with a dog is $95 each way for domestic flights and $200 for international flights.\n\nHealth and vaccine requirements: There are no health certificate requirements for flying with your dog on Frontier. However, specific destinations may require health certificates from a veterinarian.\n\nAre dogs allowed in the cabin? Yes, dogs that are at least 8 weeks old are allowed on all domestic Frontier flights, as well as flights to and from the Dominican Republic and Mexico.\n\nAre there other restrictions on dogs in the cabin? Yes, dogs must be able to stand, turn around, and lay down in a natural position in the soft-sided pet carrier that fits under the seat in front of you.\n\nAre dogs allowed in cargo? No.\n\nIs there a fee to travel with your dog? Yes, there is a $99 each-way fee for flying with dogs.\n\nHealth and vaccine requirements: Dogs must have health certificates from your dog’s veterinarian before traveling on Hawaiian Airlines if you’re flying between Hawaii and the U.S. Mainland. Health certificates must be dated no more than 14 days prior to the flight’s arrival. As Hawaii is the only rabies-free state in the United States, it has strict regulations for traveling with dogs. The airline recommends contacting the Hawaii Department of Agriculture before travel, for information on quarantine and vaccine requirements.\n\nAre dogs allowed in the cabin? Yes, on certain flights.\n\nAre there other restrictions on dogs in the cabin? Yes, dogs are permitted on interisland flights within Hawaii, and flights between the mainland US and the state of Hawaii. The pet and carrier’s combined weight cannot be more than 25 pounds.\n\nAre dogs allowed in cargo? Yes, but the weight of the pet and carrier must not exceed 70 pounds.\n\nAre there other restrictions on dogs in cargo? Dogs cannot fly in cargo on most flights between April 15 and October 15th, or at any time when temperatures are below 20F or above 85F at the origin destination or connection airport. Dogs aren’t permitted to fly cargo on international flights.\n\nIs there a fee to travel with your dog? Yes, $35 for flights within the state of Hawaii and $125 for flights between the state of Hawaii and the mainland United States.\n\nHealth and vaccine requirements: Dogs must have any needed vaccines and documentation required by your destination before flying on JetBlue. Dogs must also have ID tags and licenses.\n\nAre dogs allowed in the cabin? Yes, dogs under 20 pounds can fly in carriers in the cabin.\n\nAre there other restrictions on dogs in the cabin? The combined weight of the dog and carrier must be no more than 20 pounds.\n\nAre dogs allowed in cargo? No, JetBlue doesn’t fly dogs in cargo.\n\nIs there a fee to travel with your dog? Yes, $125 for each flight.\n\nHealth and vaccine requirements: Passengers must comply with any vaccination or health certificate requirements of their flight destination when flying with their dogs on Southwest.\n\nAre dogs allowed in the cabin? Dogs are allowed in the cabin for domestic flights, but aren’t permitted in the cabin for any international flights or flight itineraries that include an international flight.\n\nAre there other restrictions on dogs in the cabin? In-cabin pets are accepted on a first-come, first-serve basis until plane capacity for pets is reached. Capacity is six pets per flight. Dogs that display any kind of disruptive behavior can be denied boarding.\n\nAre dogs allowed in cargo? No.\n\nIs there a fee to travel with your dog? Yes, $125 per pet carrier for US Mainland flights, and $35 per pet carrier between Hawaiian Islands.\n\nHealth and vaccine requirements: Health certificates aren’t required for dogs traveling on Spirit Airlines, except for flights to the US Virgin Islands. Proof of rabies vaccination is required for dogs traveling to Puerto Rico.\n\nAre dogs allowed in the cabin? Dogs that are at least 8 weeks old and weaned are permitted on domestic flights. Pet dogs aren’t allowed on international flights.\n\nAre there other restrictions on dogs in the cabin? A passenger can only bring one pet carrier onto a flight, but each carrier can have up to two dogs inside, so long as they fit appropriately. The combined weight of the dog(s) and carrier cannot be more than 40 pounds.\n\nAre dogs allowed in cargo? No.\n\nIs there a fee to travel with your dog? Yes, there is a $125 pet fee for each flight.\n\nHealth and vaccine requirements:\n\nUnited Airlines encourages all dog owners to get a health certificate from their veterinarian, but they’re not required for flights within the United States. Proof of rabies vaccinations and health certificates are required for dogs flying internationally.\n\nAre dogs allowed in the cabin? Yes, dogs that are at least 2 months old are permitted on domestic flights. For international flights, dogs must be at least 4 months old to fly.\n\nAre there other restrictions on dogs in the cabin? Restrictions on how many pets are allowed in the cabin depend on which specific aircraft you’ll be flying on. Some planes allow up to two pets, while others allow up to six.\n\nAre dogs allowed in cargo? No.\n\nIs there a fee to travel with your dog? Yes, there is a $125 fee for each flight with dogs. An additional $125 fee applies for each layover of more than four hours for domestic flights within the United States, or for layovers more than 24 hours for international flights.'}",[]
https://www.akc.org/expert-advice/travel/dog-car-safety-training/,Dog Car Safety: Training Your Dog to Ride in the Car,"Feb 23, 2026","['safety', 'travel', 'car safety', 'car']","Sassafras Patterdale, CPDT-KA, CTDI","Recently, I was out for a bike ride along a major road and I was horrified to see a Labrador Retriever jump through the back window of a moving car and get partially dragged by his leash. Thankfully, traffic stopped and the owners stopped the car quickly. Most of all, this was a big reminder about how important it is for dogs to be properly restrained when in cars, and to be taught how to behave in a vehicle to ensure dog car safety.

For everyone’s safety, dogs shouldn’t be riding on the driver’s lap, or unrestrained in the car. Dogs should also never ride in the back of a pickup truck (which is illegal in many areas), whether if they are loose, tethered, or crated. When dogs are riding in a vehicle, they should be in a dog crate or secured with a crash-tested dog seat belt.

Seat belts are great options if your vehicle isn’t large enough to accommodate an appropriately sized crate for your dog. This will prevent your dog from being injured or ejected from the car in the event that you have to brake quickly, or if you get into an accident. If your dog is wearing a seat belt in the backseat of your car, make sure that you have turned on the child locks to prevent your dog from pawing at the door and accidentally opening a window.

To ensure dog car safety, you’ll also want to keep windows completely rolled up or only cracked open. Never allow your dog to ride in the car with their head out the window. This can result in injury from a dog jumping out of the car (like I witnessed), or a dog’s eyes being injured by flying debris. Also, don’t leave your dog alone in the car, whether it’s they’re in a hot car or a cold car.","{'Dog Car Safety Training': 'Although car travel is familiar to humans, how to behave in this scenario isn’t something dogs automatically understand.\n\nAs soon as your dog or puppy comes home, begin teaching your dog to behave safely and calmly in and around your car.', 'Helping Your Dog Safely Exit the Car': 'When you reach your destination, it’s important that your dog not bolt from the car the minute a crate door is opened or your dog’s seat belt is removed. To support your dog with developing impulse control and waiting, make sure they are appropriately leashed and cued to leave the car.\n\nGoing places is exciting, so we want to build value for our dogs in relation to being in the car and being calm in the car. If your dog is generally excited while in the car, you can start teaching car exiting manners at home without going anywhere.\n\nWe’re helping our dogs to understand they need to wait for our cue to leave the car. By doing this, we’re aiming to to build safe habits, as well as value for our dogs in staying next to us and out of traffic.', 'Dog Car Safety Tips: Drive-Through Training': 'An easy-to-forget aspect of training good dog car safety manners is to help your dog to get familiar with drive-throughs and gas stations. These situations can be particularly stressful or overly arousing for dogs who are very excited, nervous around new people, or prone to guarding. This is especially a concern for dogs who are wearing seat belts, as they can see out the windows and watch as people approach the car.\n\nHave treats ready and give your dog lots of praise and treats if gas station attendants approach your car or as other stressful interactions occur. Always make sure that your rear windows are completely closed to prevent your dog from sticking their head out, and to prevent people from reaching in to pet your dog. Some drive-throughs offer special doggy menus or hand out dog treats. But be sure to wait for your dog to be calm before giving your dog any drive-through treats.\n\nWhen driving, remember you’re responsible for the safety of yourself and others on the road. You cannot be distracted by anything in the back seat that might take your concentration away from safely driving your car. Having your dogs properly trained and controlled in your car will allow you to concentrate on the task at hand.'}",[]
https://www.akc.org/expert-advice/travel/dog-memorials/,15 Incredible US Dog Memorial Sites to Visit,"Aug 27, 2021","['working dogs', 'museum of the dog', 'military']",Jan Reisen,,{},[]
https://www.akc.org/expert-advice/travel/paw-every-state-one-show-dogs-journey-across-u-s/,A Paw in Every State: One Show Dog’s Journey Across the U.S.,"Apr 27, 2021",['travel'],Elaine Waldorf Gewirtz,,{},[]
https://www.akc.org/expert-advice/travel/rv-travel-dog/,How to Travel Safely in an RV with a Dog,"Feb 17, 2026","['safety', 'travel']",Jean Bauhaus,"Road-tripping in an RV is a great way to include your dog in your vacation plans. But, for many people, RV travel is more than a break from the daily grind — it is their daily routine. People of all ages are turning to full-time RV living, and they’re bringing their pets along for the journey.

Full-time RVers aren’t the only ones logging a lot of road miles with their dogs. Faced with frequent cross-country travel for dog shows and athletic competitions, for instance, many dog owners find RV travel with dogs a much easier option than flying. Whether you’re living the nomadic lifestyle or frequently hitting the road with your pup out of necessity, keep reading for tips on how to keep your dog safe, happy, and healthy in your home on wheels.","{'Preparing For the Trip': 'Successful cross-country travel with dogs begins before you hit the road. Consider your dog’s needs regarding health, comfort, and safety as you plan your destinations and itinerary. Here is a list of things you should take care of before setting out.\n\n“Teaching your dog the basic sit and stay commands and how to walk on a leash will be very helpful,” says Dr. Sara Ochoa, DVM, a veterinary consultant for Doglab. Make sure the leash and harness are a good fit and give your pup plenty of time to get used to them. While your dog should remain on leash any time you’re stopped, be sure they know how to come when called in case they get away from you.\n\n“Condition your dog with positive reinforcement to love your camper van,” says dog behaviorist and trainer Russell Hartstein, CEO of Fun Paw Care. This also goes for your tow vehicle if you’ll be pulling your home instead of driving it.\n\nSpend time just hanging out in the RV and allowing them to get used to the space before taking them for short spins around the block, using the same travel crate or seat–harness system you plan to use while traveling. Gradually increase the distance, giving your pooch plenty of praise and treats to make the experience fun.\n\nMake sure vaccinations are up-to-date and internal and external parasites are under control. Get current proof of the rabies vaccination and a certificate of health, which you may need to present at some facilities while traveling. This is a good time to talk to your vet about how to provide care for any chronic conditions while on the road and stock up on necessary medications.\n\nDr. Ochoa also recommends getting a copy of your dog’s health records to show any new vets you visit during your travels. This way, they will have a complete picture of your pet’s health history.\n\nIf you already have ID tags for your dog, make sure your contact information is current. Enrolling your pet with AKC Reunite can help your dog get returned to you more quickly if you become separated. It’s also a good idea to carry printed photos of your dog in case they get lost, rather than relying on digital photos in areas where you don’t know how reliable reception will be.\n\nAssemble a dog first-aid kit (or buy a pre-assembled one) for your RV. If you know where you’ll be going, search the area for the locations, names, and numbers of emergency vets and pet hospitals, then print them out and keep them with the kit.\n\nIf you’ll be camping out in remote areas, have a plan in place for how you’ll handle any injuries or health emergencies that arise. Hartstein also recommends keeping all of your dog’s safety gear in the same place as the first-aid kit so you’ll always know where to find everything you need.', 'Traveling With Your Dog': 'On travel days, your dog should ride secured in the same vehicle as you. If you’re towing your RV, never leave your dog to ride in the trailer, which could not only become too hot but also fill up with exhaust.\n\n“Keep your dog in a kennel while traveling,” says Dr. Ochoa. “This is the best and safest way for them to travel. They will be safe in their kennel if you are in an accident or have to suddenly use your brakes.”\n\nBe sure to make frequent stops to allow your dog to stretch their legs, relieve themselves, and drink plenty of water. Also remember to practice heat safety by never leaving your pup in a vehicle on a warm day without the A/C running, even with the windows down.', 'At Your Destination': 'Whether staying at a campground or dry-docking in the wilderness, follow these tips to keep your dog safe and feeling secure.\n\nNot only is this both safer for your pet and considerate to your neighbors, but many campgrounds also require pets to stay on leash. Even if they don’t, the city or county you’re staying in may have leash laws that would prevent your dog from legally going off-leash outside designated areas, such as a dog park.\n\nIf you’re staying in an area with a warm climate, have a backup system in place for keeping your dog cool in case of power failure or an A/C malfunction while you’re gone. Always leave the air vents open with the fans on and beware of newer ventilation fans with built-in sensors that automatically shut vents if it rains. If your RV has these sensors, disable them before leaving your dog alone in the RV. Also, be sure to set out plenty of water before you leave.\n\n“If there is enough room for a crate, then that could be a great spot for them,” says Hartstein. A spare bunk, or even a dog bed stashed under the dinette table, is a great spot where your pup can go to relax and feel safe.\n\nProviding your pet with a favorite blanket or toy will help them settle into your home away from home. And be sure to keep their favorite treats on hand for rewarding good behavior.\n\nAgain, cleaning up after your dog is not only considerate, but it’s also a requirement in most campgrounds. Even if you’re dry-docking in the wilderness, picking up after your pup is better for the environment and the surrounding wildlife.\n\nBe sure your campground’s shelter allows pets, and keep a sharp eye on the weather reports, especially in areas prone to tornadoes or hurricanes.\n\nIf your companion is prone to barking at the slightest disturbance, try using a fan or white-noise machine to mask outside sounds. When you need to leave your dog alone, take them on a walk first to release any pent-up energy and tire them out. Leave plenty of toys to keep them from barking out of boredom. If that doesn’t curb out-of-control barking, try different techniques to discourage barking.', 'Bring the Right Gear': 'Besides your pet’s food, fresh water, bowls, leash, harness, grooming supplies, and all the comforts and necessities of daily life, think about activities you’ll want to engage in with your dog and pack accordingly. Here are some items you might want to bring along:\n\nAs long as you take precautions, you and your dog will have a great time wherever your journeys take you. And we’ve got plenty more travel safety tips for dogs and owners on the go.'}",[]
https://www.akc.org/expert-advice/travel/8-pawesome-tributes-dog-lovers-nyc/,8 Pawesome Tributes for Dog Lovers in NYC,"Mar 06, 2020",['museum of the dog'],AKC Staff,,{},[]
https://www.akc.org/expert-advice/travel/newest-museum-of-dog-modern/,"Newest AKC Museum of Dog Has Modern, Pop Culture Feel","Jan 18, 2019",['museum of the dog'],Ranny Green,"Manhattan to Missouri to Manhattan. Sounds like a Major League baseball double play, doesn’t it. In a nutshell, that’s the 37-year history of the AKC Museum of the Dog, which opens its doors — at 101 Park Ave. — Feb. 8, the outset of Westminster Weekend.

Founded in 1982 in the New York Life Building (51 Madison Ave.), the museum remained there until 1986. A year later it was moved to the historic Jarville House, located in Queeny Park, West St. Louis County, Mo., where it was housed until 2017.

“This is a showcase like no other in honor of our four-legged friends,” says Alan Fausel, AKC director of cultural resources. “Appropriately, our first exhibition is entitled ‘For the Love of All Things Dog,’ which combines selected pieces from AKC’s own collection and that of the museum.”","{'Returning to Manhattan': 'So what brought the museum back to New York City?\n\n“It just made sense,” answers Fausel. “Available space in the building in which AKC is headquartered; close proximity to Grand Central Station; the opportunity to draw bigger crowds; added income from admissions; greater exposure in the media and dog-owning public.”\n\nAKC has donated more than $4.5 million since the museum’s inception to ensure its growth.\nWhile the bulk of the institution’s features are historic art, it bridges the time gap with interactive exhibits such as “Find Your Match” and “Meet the Breeds,” designed to appeal to the entire family.\n\n“The dog is an important part of our family units and these hands-on features are aimed to help everyone make an informed decision as to which breed best suits their lifestyle, plus giving them a historical perspective of all breeds and varieties recognized by AKC,” Fausel emphasizes.\n\nAfter nearly two decades of conducting “Dogs in Art” sales for Doyle New York, followed by Bonhams (2005-2016), a privately owned international auction house, he sees a changing landscape in the field to the focus on the active family dog – with sports like agility, Rally, Barn Hunt, etc., from the early day field hunts in United States and England. Hence the interactive displays showcasing the versatility of the species.\n\nAKC’s collection has a strong focus on dog portraits, with works from noted artists James Ward, Sir Edward Henry Landseer, and John Sargent Noble.', 'Future Dog Exhibits': 'Fausel would like to add exhibits centering on the human-animal bond. “I want to have one centering on fashion and dogs. Every year Westminster coincides with Fashion Week in New York. It would be nice to complement that with an exhibit that showcases how dogs were used in fashion and which breeds were fashionable when. I also want to look at Hollywood dogs. Basically, I want to add a little bit of popular culture.”\n\nOther themed future exhibits will feature dog art by women (such as Marguerite Kirmse, Maul Earl, Lucy Dawson, and Diana Thorne), individual breeds, service dogs and those in war. “They will all be designed to show the versatility of the dog,” Fausel says.\n\nDog art isn’t simply dog art to Fausel. “I have learned to appreciate it more by pausing and trying to see each piece through the artist’s eyes. Each offers a unique perspective when you take time to study it.”\n\nAs for acquisitions, AKC has not purchased anything since the move from St. Louis. “We will be very selective and concentrate on breeds that are underrepresented in the collection. Also, we may want to look at works by Continental European artists, as most of our collection is focused on works by British and American artists.”', 'Who is Alan Fausel?': 'The museum’s operation is headed by Fausel, who works with a board (prominent breeders and fanciers) of up to 19 members, which votes on policy. That membership will be changing, however, since several are from facility’s former home area, St. Louis.\n\nPrior to joining the AKC in February 2018 and while at Bonham’s, Fausel organized an annual sale of art. “Dogs in Show & Field: The Fine Art Sale,” was held in New York City and scheduled around Westminster festivities. These were major fund-raisers for AKC affiliates.\n\nAnd just in case you’re wondering: Is he a dog owner? The Montclair, N.J., resident is a lifetime owner and recently lost the family’s 14-year-old English Springer Spaniel. He now owns a young Welsh Springer Spaniel.', 'Plan Your Visit': 'Museum hours are 10 a.m. to 5 p.m. Tuesday through Sunday. Tickets are $15 for adults, $5 for children under 12 and $10 for students, seniors, youth and military veterans. You can also become a museum member for unlimited admission and more. There is one exception to that schedule: The museum will be open Monday, Feb. 11 for the many Westminster visitors in town.'}",[]
https://www.akc.org/expert-advice/travel/dog-friendly-national-parks-landmarks/,Popular Landmarks and National Parks Where You Can Bring Your Dog,"Aug 08, 2018",['travel'],Jan Reisen,"For some of us, the best family vacations include a dog. Luckily, there are a lot of national parks and landmarks across the country that are dog-friendly. Some may already be on your bucket list, others might be new to you — but all of them allow your canine companion to come along!","{'Maine': 'Acadia National Park\nThis beautiful park stretches along the rugged coast of Maine and spans several islands. Dog are welcome on most of the 158 miles of hiking trails, with the exception of a few that require climbing equipment. They’re also allowed at some of the park’s campsites.', 'Washington, D.C.': 'National Mall\nDogs are allowed on the National Mall, which is bordered by the Washington Monument, the Capitol Building, and the Smithsonian Institution. There’s plenty of room to picnic and let your dog stretch his legs. Most pets are restricted from entering the actual memorials.', 'Virginia': 'Mount Vernon \nGeorge Washington’s home in Alexandria, Va. — which isn’t too far from D.C. — welcomes dogs on the extensive grounds. It’s only fitting, since our first president was an avid dog lover. However, pets are not allowed in the buildings.\n\nShenandoah National Park \nWith more than 500 miles of trails, only a few are off limits to dogs. Cascading waterfalls and stunning vistas await you, and pets are also allowed in the campgrounds.', 'Pennsylvania': 'Washington Crossing Historic Park\nThis site, where Washington and his army crossed the Delaware, welcomes dogs in some parts of the park. Only service dogs, however, are allowed inside the historical buildings and in the campgrounds.\n\nGettysburg National Military Park\nPets are allowed in some areas of this historic battlefield and at a few of the events that take place throughout the year. As with most national and state parks, check with the park ahead of time to see which events are dog-friendly.\n\nIndependence National Historical Park\nLocated in the heart of historic Philadelphia, the park includes the Liberty Bell and Independence Hall. Leashed pets are permitted on the grounds, but not in buildings.', 'Ohio': 'Cuyahoga Valley National Park \nA recent addition to the National Park Service, Cuyahoga Valley has 125 miles of trails, most of which run along the Cuyahoga River. There are fields, stream crossings, wetlands, and woodlands. Dogs are permitted throughout the park, including the picnic areas.', 'North Carolina': 'Biltmore House\nThe largest privately owned home in America was built over a six-year period by George Washington Vanderbilt II. While dogs are not allowed inside, they’re more than welcome to explore the 8,000 acres of hiking trails and gardens — on a leash, of course. They’re also permitted at several restaurants that offer outdoor seating.', 'Georgia': 'Centennial Olympic Park\nThis is where the 1996 Summer Olympics took place, and it remains a popular attraction in Atlanta today. There are scheduled events throughout the year and lots of room to walk around. Leashed dogs are permitted.\n\nOliver Bentleys Historic Dog Walk Tour\nSavannah is a dog-lover’s paradise. You can explore the historic sites with your pup on this unique, dog-centric walking tour. Canine visitors even receive their very own goody bags.', 'Mississippi': 'Natchez Trace National Parkway\nNative Americans, European settlers, soldiers, and plenty of others used this historic corridor long before there were paved roads and highways. The 444-mile route, which also runs through Alabama and Tennessee, features exhibits, hiking trails, archaeological sites, and gorgeous scenery. Pets are welcome everywhere, except inside buildings.', 'Kentucky': 'Mammoth Cave National Park\nThe biggest attraction is the caves, though dogs are not allowed inside of them. However, your canine companion can explore nearly 84 miles of scenic trails, and there are some pet-friendly accommodations.', 'Missouri': 'Fantastic Caverns\nDiscovered by an Ozarks farmer (and his dog) in 1862, this attraction brands itself as America’s only ride-through cave and features a pet-friendly, Jeep-powered tram tour through the stalagmites and stalactites.', 'Arkansas': 'Hot Springs National Park\nWhile your dog may not be able to enjoy the healing benefits of the 47 natural hot springs, there’s plenty to explore here, including 26 miles of trails and a campground. This is the oldest area in the national park system, and visitors have been coming for centuries.', 'Texas': 'Padre Island National Seashore\nMore than 60 miles of beaches — as well as tidal pools, camping areas, and dunes — are pet-friendly, as long as your dog is leashed. This is the longest stretch of undeveloped barrier island in the world, and it teems with wildlife, including many rare, endangered, and threatened species.\n\nBayWatch Dolphin Tours\nIf you’re longing to get out on the water, this Galveston attraction will appeal to you. Dogs ride free on this 45-minute tour.', 'Arizona': 'Grand Canyon\nAlthough pets are not allowed below the rim, there are plenty of hiking trails for you and your dog to enjoy, including the striking South Rim Trail. It’s easy to navigate, but do remember to bring plenty of water for both the humans and canines in your group. There’s even a boarding kennel on the South Rim if your adventure includes going down into the canyon. The South Rim also has a dog-friendly lodge.\n\nTombstone\nShould you want to relive the Wild West, one of the best places to go is Tombstone, once dubbed “the town too tough to die.” There are historic attractions, stagecoach tours, gunfights, and other adventures. Your pup is welcome to explore the town, bandana and cowboy hat not included. Many businesses even allow dogs inside.', 'Colorado': 'Colorado Trail\nThis 486-mile trail extends from Denver to Durango, and much of it is dog-friendly. Experience the Rockies, lakes, creeks, wilderness areas, and a diverse ecosystem. This is not your everyday walk in the park, but serious hikers can map out a route that allows them to bring their favorite canine hiking buddy.\n\nMonarch Crest Scenic Tramway\nThe whole family, dog included, can ascend nearly 12,000 feet in the scenic tramway. You’ll be astride the Continental Divide, with breathtaking panoramic views. There are plenty of dog-friendly hiking trails, too.\n\nGreat Sand Dunes National Park\nLocated in Southern Colorado, these are the tallest dunes in North America. But it’s not all sand; the landscape includes wetlands, aspen forests, lakes, grasslands, and more. Pets are allowed in most areas, although no longer permitted in the backcountry. Note: The sand is extremely hot in summer, so plan to visit when the weather is cooler.', 'South Dakota': 'Crazy Horse Memorial\nStill a work in progress, Lakota Chief Henry Standing Bear and sculptor Korczak Ziolkowski began creating this sculpture in 1947. Located in the Black Hills, this 6,532-foot-high memorial is the world’s largest sculptural undertaking. Leashed pets are allowed on the mountain carving viewing deck and the roofed, concrete floor entry leading to the deck.', 'Washington': 'North Cascades National Park\nAlthough dogs are not allowed in many areas of the park, they can join you on this piece of the Pacific Crest Trail, a spectacular (and challenging) hiking trail where you can even camp overnight with your canine companion. Dogs are also allowed in the Ross Lake and Lake Chelan National recreation areas and on most surrounding national forest land.', 'California': 'Yosemite National Park\nDogs are permitted on only one trail, the Wawona Meadow Loop, but they’re welcome on sidewalks, roads, and bike paths. Plus, leashed dogs can join you in most of the park’s campgrounds.\n\nSouth Yuba River State Park\nWith dozens of trails and swimming holes, you and your dog can work up a sweat and then cool off with a swim. The South Yuba River and its watershed were the focal point of the California Gold Rush, so you may even want to try your hand at panning for gold.\n\nOcean Beach Dog Beach\nFor that SoCal vibe and plenty of off-leash freedom, check out this beach in San Diego County. Unlike some beaches that only allow dogs after hours, this is a 24/7 dog beach, and was one of the first leash-free beaches in the country.\n\nWherever you decide to go, it’s best to check your destination’s website for any rules they have regarding dogs ahead of time. Make sure to pack a leash, water, and treats — and don’t forget to have a great time!'}",[]
https://www.akc.org/expert-advice/travel/planning-traveling-dog-check-helpful-tips/,Planning on Traveling With Your Dog? Check Out These Helpful Tips!,"Mar 19, 2018",[],Sponsored Content,,{},[]
https://www.akc.org/expert-advice/travel/ask-our-trainers-holiday-travel-tips/,Ask Our Trainers: Holiday Travel Tips,"Feb 08, 2018",['safety'],Breanne Long,,{},[]
https://www.akc.org/expert-advice/travel/things-pack-when-board-your-dog/,What to Pack When You Board Your Dog,"Nov 11, 2025","['safety', 'travel', 'stress', 'boarding']",Katie Finlay,"Boarding our dogs can be stressful — for us and our dogs. Since boarding often comes alongside the chaos of traveling, we often forget what we should pack for our dogs.

In This Article

Whether you’re boarding your dog at a daycare facility or a friend’s house, you’ll want to make sure you have some essential items ready to go. This way, you can rest assured that your dog is safe and comfortable while you’re away. So what should every owner pack for their dog’s boarding stay?","{'Identification': 'It’s essential to make sure your dog has proper identification. During a boarding stay, you’ll want to ensure all your pet’s information is up-to-date. A collar with an ID tag, along with a microchip, is arguably the best form of identification for dogs. They should both hold information including your dog’s name and your name, phone number, and your address.\n\nGoing one step further, you’ll almost certainly want to include emergency contact information.', 'Emergency Contact Information': 'Leaving emergency contact information for your dog is a great idea. If you’re leaving town, you’ll want to leave the name and phone number of someone in the area to help care for your dog if there’s an emergency at the boarding facility. A friend or family member whom your dog is familiar with is probably the best bet.\n\nAlong with their information, include contact information for your veterinarian. They’ll have all of your dog’s health records on file and serve as a reference should something happen while you’re away. If your general practice veterinarian can’t help, they can refer the boarding facility to a local emergency facility. If you’re familiar with the emergency clinics in your area, it’s probably a good idea to also list them for the boarding kennel. The more information you leave, the better the kennel staff can react in case of an emergency.', 'A Familiar Blanket or T-Shirt': 'It’s no surprise that our dogs miss us when we’re away. Staying in a boarding facility, or even at a friend’s house, can be stressful for our pets, so leaving them with something familiar can help them feel more at home.\n\nA worn T-shirt or blanket is always a good idea. These items hold your scent, your dog’s scent, and the scent of the rest of your household. The familiarity will help soothe your dog should they become stressed or homesick, and these items are easy to pack in a bag. Plus, they’re soft and physically comforting.', 'Favorite Snacks and Toys': 'If your dog is staying somewhere other than home, there’s a good chance they’ll want some distractions to stay busy during the day. Packing long-lasting chews is a great way to keep your dog occupied during their visit. Bringing their favorite toys will also help them enjoy their stay and potentially entice them to play with any new canine or human friends.\n\nThese items may also remind your dog of home and help them stick to a normal routine. For example, if your dog gets a certain treat at a certain time every day, you can ask the boarding facility to do the same thing.', 'Extra Food': 'Some boarding facilities offer their own food, but a sudden change in diet can be bad for our dogs, especially if it’s happening during an already stressful time. Whether they’re staying with a friend or at an overnight daycare, we highly recommend bringing your dog’s usual food.\n\nYou’ll also want to pack extra food, just in case something unexpected interferes with your travel schedule. Travel plans change, and stays are extended for a variety of reasons. If this happens, you’ll want to ensure your dog has enough food to hold them over until you return. The last thing you want is an unexpected extension to turn into a bigger upset tummy for your dog.'}",[]
https://www.akc.org/expert-advice/travel/canine-concierge-joins-melbournes-park-hyatt-hotel/,Canine Concierge Joins Melbourne’s Park Hyatt Hotel,"Jun 24, 2021",[],Randa Kriss,,{},[]
https://www.akc.org/expert-advice/travel/how-to-keep-dog-safe-during-eclipse/,​How to Keep Your Dog Safe During a Solar Eclipse,"Apr 04, 2024","['anxiety', 'holidays', 'safety', '4th of july', 'stress']",Jessica Pineda,"The solar eclipse that will occur on April 8, 2024 is a once-in-a-lifetime event that you can’t miss — literally! While many of us will only see a partial eclipse, people who are the “path of totality” have the chance to see the full solar eclipse. According to the National Solar Observatory (NSO), states with cities on that path include Arkansas, Illinois, Indiana, Kentucky, Maine, Missouri, New Hampshire, New York, Ohio, Oklahoma, Pennsylvania, Texas, and Vermont.

With such a momentous occasion, you might wonder how your dog is going to react to the eclipse, or if it could cause them stress. What safety or health concerns should you have about the eclipse? Let’s find out.","{'Will the Eclipse Hurt My Dog?': 'Scientists have warned people not to look directly at the eclipse without special glasses, but you shouldn’t worry about going out to find canine-sized eyewear for your dog. That’s because dogs don’t naturally look up or stare at the sun, according to Dr. Jerry Klein, the chief veterinary officer for the AKC. “They know enough not to,” he pointed out, and then adding jokingly, “That’s why they’re smarter than people.”\n\nMost dogs only look up toward the sky if something flies overhead or catches their attention, Dr. Klein said. So, if the eclipse in your area is large enough to actually darken the sky, your dog shouldn’t be looking up to figure out what’s going on.', 'Will the Eclipse Stress Out My Dog?': 'Livestock and wildlife are more attuned to the sun and might react to an eclipse, but your dog probably won’t. However, if your dog does show signs of anxiety or stress, you shouldn’t worry too much. “The event only lasts several minutes, so it should manageable,” Dr. Klein said.\n\nThere haven’t been too many studies on the effects of eclipses on dogs. The only study published was called “Observations on the Behavior of Animals during the Total Solar Eclipse of August 31, 1932,” and published in the American Academy of Arts & Sciences. Of the dogs reported showing fear or anxiety, the authors couldn’t say if it was because of the actual event or influenced by people themselves.\n\n“Doubtless in some instances, the intelligent animals sensed something unusual in the behavior of their masters, while probably others … reacted as if a thunderstorm were imminent and became frightened, whimpered or tried to hide away,” the study said.', 'What to Do if the Eclipse Makes Your Dog Feel Stressed': 'Keep an eye on your dog and look for any signs of stress or anxiety. The most obvious sign is your dog running off and hiding somewhere, but look for anything more subtle. Other signs of anxiety in dogs include whining, panting, pacing, excessively barking, lip licking, or yawning.\n\nIf you do see any of these signs, take steps to help relieve your dog’s stress. That could mean taking them to a quiet room and playing some calming music. You could also try distracting your dog with an impromptu training session with their favorite treats. If you fear your dog may react more strongly, talk to your veterinarian about what they’d recommend to help.\n\nThankfully, unlike Fourth of July fireworks or thunderstorms, total solar eclipses are extraordinarily rare. Again, unless you live in the path of totality, you might not even notice it’s happening. If you’re in the path however, you and your dog may never see a complete eclipse in your area again during either of your lifetimes. Therefore, any stress or anxiety is temporary.', 'Keep an Eye Out on Other Animals, Too': 'As mentioned, livestock and wildlife might react to the eclipse. While most reactions will be benign, if not amusing, keep an eye out for unusual animal behavior just in case. For example, in the 1932 study, the authors noted the reaction of bees near their hives. “As it darkened, the flight quickened and at the time of the greatest totality, the air was full of bees,” they write. “A great roar of wings ensued and the entrances to the hives were blocked with bees trying to get in.”\n\nYou or your dog don’t want to be caught in the middle of that!', 'What Could Stress Out Your Dog During an Eclipse?': 'Unfortunately, even though we may mean well, we’re more likely to cause harm or stress to our dogs during an eclipse, than the eclipse itself is.\n\n“This is a big occasion,” Dr. Klein said. “We’re going to turn this into natural event into an unnatural event. There’s going to be traveling involved, crowds, parties, fireworks and other such things. It’s those things that are most likely to cause problems for your dog.”\n\nDr. Klein isn’t wrong. Millions of people are expected to travel to see the eclipse, and many of the cities in the path of totality will host events around the eclipse. If you plan to travel with your dog for the eclipse, be sure to keep their safety in mind. If you are going out of the state, bring along a health certificate from your veterinarian in case you need to seek medical attention for your dog. Once you reach your destination, take additional steps to keep your dog safe.\n\n“As with any event, like Fourth of July, you want to have your dog under control,” Dr. Klein said. “If you can avoid taking your dog to a crowded place, do that. If you can’t, keep your dog on a leash and make sure they feel safe and secure.”', 'Don’t Force Your Dog to Do This During the Eclipse': 'As amazing as the eclipse is, your dog will probably not have interest in it, Dr. Klein said. You shouldn’t force them to experience it either. “Don’t make your dog look at the sun, even with glasses,” Dr. Klein said. “Your dog naturally doesn’t want to look up, and you shouldn’t force him to.”\n\nDr. Klein also warned about the special glasses themselves. “While it may be a fun photo op to have your dog wear the glasses, don’t let your dog do something bad, like eat them,” he said.'}",[]
https://www.akc.org/expert-advice/travel/training-for-traveling-with-dog/,5 Commands to Teach Your Dog Before Traveling,"Mar 23, 2026","['travel', 'airline travel', 'crate training', 'behavior']","Stephanie Gibeault, MSc, CPDT","Traveling with your dog can be an exciting adventure. But whether you’re staying in a fancy hotel or a tent, the success of your trip depends on your dog’s behavior. Before you pack your bags, here are five basic skills to teach your dog to help ensure you have an enjoyable and worry-free vacation.","{'Crate Training': 'For trips in the car, having your dog in a crate can help keep them safe in case of accidents or sudden stops. For plane travel, it’s mandatory. If you’re staying in a pet-friendly hotel, you might also need to crate your dog when they’re alone. Even if crating isn’t required, it can still be a good idea. You never know when housekeeping might accidentally open the door to your room.\n\nTeaching your dog to love their crate before you leave for your vacation will ensure they feel relaxed and secure inside. Help them associate the crate with wonderful things by feeding them inside the crate or giving them special toys whenever they’re in a crate, such as a KONG stuffed with peanut butter. Start by closing the door for only short periods, then gradually increase the time they’re inside.', 'Waiting at Doorways': 'It’s bad enough if your dog bolts through open doorways at home. But in a new place, it can be downright dangerous. They could run into traffic or get lost in unfamiliar surroundings. Be sure to teach them to wait at open doorways before heading out on your trip. This includes car doors and the door of their crate.\n\nStart teaching “wait” with the crate door or with a door inside the house. Stand beside your dog and slowly open the door. As soon as they start to move toward it, close it again. Eventually, they’ll realize that moving toward the door is pointless. Once they begin to wait patiently, you can open the door and give them permission to pass through. Consider teaching them to sit before you open the door. This will give you more time to shut the door before they try to make a break for it.', 'Potty Cues': 'When traveling, letting your dog know when and where you want them to go potty can be helpful. It will also help prevent them from going in inappropriate places. For example, if you’re staying at a campground, you won’t want your dog to go potty beside your tent.\n\nTo teach your dog a potty cue, choose a word you will be comfortable saying in public, such as “hurry up” or “go potty.” Then, join your dog outside and watch for signs they’re about to go to the bathroom. Right before they go, say your potty word, then reward them when they’re done. After enough repetitions, your dog will begin to associate the word with their toilet behavior. Then you’ll be able to use the cue to ask them to go.', 'Coming When Called': 'Having your dog come when called is particularly important whether you’re traveling to a new city or are out in the woods. Your dog will be surrounded by exciting new sights and smells. They could become lost in an area that neither of you are familiar with. Teach them to come when called before your trip, or you risk having them ignore you when you travel.\n\nThe key to having your dog come when called is ensuring they think you’re the most exciting thing in the area. If you sound like you’re having a party, your dog will race over to see what they might be missing. And set your dog up for success. Don’t try competing with squirrels or other dogs until your dog has mastered the skill in quieter environments. Also, stay positive. If you get angry, your dog will be less likely to come when called in the future.', 'Limit Nuisance Barking': 'Your dog will experience many new things on vacation. And that means many new reasons to bark. That’s annoying in the car and a terrible nuisance to your neighbors at a hotel or campsite. A cue that tells your dog to be quiet can keep the noise level under control.\n\nTeach your dog a “quiet” cue by saying the word when your dog is barking. As soon as they stop, even for just a second, pop a treat into their mouth. If they won’t stop, place the treat right in front of their nose so they’ll pause to take a sniff. To increase the length of time your dog stays quiet, continue feeding them tiny treats, gradually increasing the time between each treat. Pretty soon your dog will realize that it’s rewarding to stop barking when asked.'}",[]
https://www.akc.org/expert-advice/travel/top-american-cities-for-people-who-love-dogs/,Top 10 American Cities for Dogs (and the People Who Love Them),"May 26, 2021","['canine good citizen', 'apartment']",realtor.com,,{},[]
https://www.akc.org/expert-advice/travel/top-dog-friendly-airports/,Top 10 Dog-Friendly Airports in the U.S.,"Dec 15, 2023","['therapy dogs', 'service dogs', 'airline travel', 'airports']",Nandini Maharaj,"Whether you and your dog are seasoned travelers or your dog is taking their first airplane trip, flying can be stressful for humans and animals alike. Being prepared and knowing what to expect at the airport can help with some of your concerns. Fortunately, many airports are equipped with pet relief stations, so your dog can stretch their muscles, have a drink of water, and relieve themselves.

In fact, a U.S. federal regulation requires airports serving 10,000 or more passengers a year to have areas inside or outside each terminal where pets can have a bathroom break. These areas typically include patches of real or fake grass and space to move around. With this regulation in mind, we researched airports and came up with a list of the top 10 dog-friendly airports that are designed to put your mind at ease when traveling with your pet.","{'Denver International Airport': 'Denver International Airport has private restrooms for pets in each of its concourses, in addition to Jeppesen Terminal. These indoor pet facilities comply with the Americans with Disabilities Act (ADA) and are equipped with artificial turf, built-in drainage, and waste disposal bags and containers. They also have a sink and soap dispenser for handwashing.\n\nDEN also has an on-site resort called Wag Hotels for dogs and cats. Services include overnight boarding, doggy daycare, a pet boutique, parking and shuttle service, and premium grooming services. The resort has private suites, flat-screen TVs, massage therapy, on-site medical experts, and obedience training. Play areas are climate-controlled and well-ventilated for your dog’s safety.', 'Minneapolis-Saint Paul Airport': 'Terminals 1 and 2 at the Minneapolis-Saint Paul Airport have several pet relief areas, including an indoor post-security area with fake grass and a sink for easy cleanup. Terminal 1 has a space dedicated to pets near the baggage claim and another relief area outside of the Silver Parking Ramp. Terminal 2 has a grassy area near the baggage claim and near Gate H11. If you’re traveling with a service dog, you can request an escort to your terminal.\n\nAdditionally, this airport has a 24/7 pet boarding facility where your dog (or another pet) can get pampered while you’re away. This facility offers overnight boarding, doggy daycare, spa treatments, and dog training services. Once you’re back from your trip, they’ll even pick you up from the terminal and reunite you with your dog. Also, you don’t have to be an airline passenger to use this facility.', 'Los Angeles International Airport': 'Los Angeles International Airport has 11 pet relief areas located indoors and outdoors — more than most airports in the U.S. Three relief areas are located before security checkpoints. The other eight are in post-security locations, meaning you don’t have to leave a secure area to tend to your dog.\n\nThe indoor relief areas consist of rooms with artificial grass, a fake fire hydrant, fresh water, and a station to dispose of waste. The outdoor atrium offers additional space to walk around and stretch your legs.', 'Hartsfield-Jackson Atlanta International Airport': 'Hartsfield-Jackson Atlanta International Airport offers several pet relief areas, including one on the arrivals level of the International Terminal and a 1,000-square-foot dog park to accommodate pets and service dogs. The outdoor dog park is located pre-security in the Ground Transportation area at Domestic Terminal South. It’s fully fenced and has benches and biodegradable waste bags.\n\nEvery concourse has an indoor post-security relief area. Dogs must be in a pet carrier, except when they’re in a pet relief area or going through security. Service dogs don’t need to be in a carrier.', 'Reno-Tahoe International Airport': 'Reno-Tahoe International Airport has three relief areas for pets and service animals which meet ADA standards for accessible design. Two of these “Bark Parks,” as they’re called, are in pre-security locations. Gate K-9 Park is located south of the terminal, near the ticketing lobby. The north park can be accessed through the baggage claim.\n\nAnother Bark Park is in a post-security location. All parks are fully fenced and within walking distance of the airline gates. Bark Parks come equipped with running water, clean-up provisions, a fire hydrant, and a canopy in case of bad weather.', 'Austin-Bergstrom International Airport': 'Austin-Bergstrom International Airport has a “dog walk,” complete with lighting and landscaping, where you and your dog can take a stroll. This relief area is located outside in a pre-security area near the parking garage. It includes a drinking fountain for your dog, as well as bags and receptacles for disposing of your dog’s poop.\n\nFor Austin travelers, Bark & Zoom is located onsite and is open 24/7 for pet boarding. Owners can enjoy parking, car care, and shuttle services to and from the terminal. Dogs can enjoy their first-class facilities, including luxury suites, grooming services, enrichment activities, covered play yards, and a pet swimming pool. Staff can also accommodate special pet diets.', 'Washington Dulles International Airport': 'Washington Dulles International Airport has several designated service animal or pet relief areas. In the concourses are two relief areas in post-security locations for your convenience. These indoor facilities have artificial grass and a fake fire hydrant.\n\nThree other relief areas are pre-security and located outside the main terminal. The outdoor locations are enclosed for your dog’s security. Both the indoor and outdoor stations are supplied with waste bags and receptacles, as well as a sink for handwashing.', 'Phoenix Sky Harbor International Airport': 'Phoenix Sky Harbor International Airport has nine relief areas, so you’re never too far from a location where your dog can have a potty break. All of the relief areas have space for drinking water and cleaning up pet waste. Most of these areas are pre-security, while three are in a post-security location.\n\nDogs of all sizes and breeds are welcome to use the outdoor facilities. The airport requires that all pets, except for assistance animals, be kept in carriers when they’re inside the airport. Pets can be outside of their carriers during a security checkpoint or in a relief area.', 'Philadelphia International Airport': 'Philadelphia International Airport has seven service animal relief areas in every terminal that are specifically designed for this purpose. There are also pet relief areas outside the airport on the Departing Flights Road and outside the buildings that house the baggage claim.\n\nThe relief areas are between 250 and 600 square feet. Travelers can choose from pre- and post-security locations. The outdoor areas are equipped with fencing, latch gates, benches, and fake fire hydrants. The airport provides biodegradable poop bags and expects owners to clean up after their dogs.', 'John F. Kennedy International Airport': 'New York City’s JFK International Air Terminal has multiple pet relief areas, which you can access from different terminals. One relief area is located on the first floor, just outside of Terminal 4. It has a pet bathroom complete with artificial grass, a bag dispenser, and a waste receptacle. Service dogs and emotional support dogs with proper documentation are allowed in any restaurant in Terminal 4.\n\nAnother relief area is located past a security checkpoint between Gates B31 and B33 for travelers’ convenience. It features a large outdoor garden patio for passengers and their pets. Located in the cargo area of JFK is the ARK Pet Oasis, which provides pet care, veterinary services for pets and livestock, check-in, and review of travel documentation for pets.\n\nSo, if you’re planning on taking your dog with you to travel, make sure you plan ahead. To help you get started, check out our tips for traveling with dogs.'}",[]
https://www.akc.org/expert-advice/travel/tips-car-rides-canines/,Quick Tips for Making Car Rides a Pleasure with Canines,"Jan 22, 2018",[],AKC Staff,,{},[]
https://www.akc.org/expert-advice/travel/flying-with-dogs/,Flying With Dogs: Tips From a Pet-Travel ace,"Nov 17, 2017",[],AKC Staff,,{},[]
https://www.akc.org/expert-advice/travel/airline-for-pet-travel/,Best Airlines for Pet Travel,"May 24, 2021","['safety', 'airline travel']",AKC Staff,,{},[]
https://www.akc.org/expert-advice/travel/the-7-most-pet-friendly-vehicles/,The 7 Most Pet-Friendly Vehicles,"Feb 02, 2015",[],AKC Staff,,{},[]
https://www.akc.org/expert-advice/travel/ten-tips-for-traveling-with-your-dog/,Ten Tips for Traveling With Your Dog,"May 27, 2021","['safety', 'airline travel', 'stress', 'microchipping', 'crate training', 'motion sickness']",Kathy Santo,,{},[]
