playlist_index,video_url,video_id,title,channel,caption,error
1,https://www.youtube.com/watch?v=kRsYuNPOzos,kRsYuNPOzos,Whose dog is this? Kang trainer's Beginner dog parent Training story | backstreet dang dang Hongdae,강형욱의 보듬TV,"어?! 누구의 누구 개인가요? 얘는? 개는 이제 주인이 사실 명확하지 않아요. 지금 어우 말도 안돼 얘 공공 킥보드인 거잖아요. 안돼~ 이렇게 개 키울려면은 사실 다른 주인 찾아 주는 게 좋다고 생각해요. 거주하는 환경에 따라 반려견과 살아가는 모습도 달라집니다. 강형욱 훈련사가 같은지역, 다른모습으로 살아가는 다양한 반려인과 삶의 이야기와 고민을 나누러 찾아갑니다. 강형욱의 골목댕댕 강형욱의 골목댕댕 - 시즌1 홍대편 - 큰일났다 큰일났다잉 - 안녕하세요. - 안녕하세요. 라브라도구나 아이고 고생이 많으시겠다. - 안녕하세요. - 안녕하세요. - 이거 드세요. - 네 라브라도 몇 개월 됐어요? 아 10개월차 됐어요. 10개월... 10개월 된... 조금 작긴 한데... 조금 작다. 좋아요 어떤 것 때문에 오셨습니까? 아, 저 애가 이제 이름이 바단데 바다. 네 사무실 막 너무 헤짚고 다니고 소변본다. 너무 헤짚고 다니고 자, 줄잡고 이쪽으로 나와 주시겠어요. 이쪽으로 나와주시겠어요? 밖에서 오줌 싸고 왔어요? 네 음 - 일부러 좀 대변하고 왔는데 - 아~ 그럴수 있어요. 사무실에서 데리고 출 퇴근 하시는거죠? 네네 근데 마당이 있어요. 그래서 사무실에? 네 마당이 있어서 이제 거기서 키우려고 데리고 왔죠. 엄청 어릴때부터 데리고 왔는데... 네 이제 생각보다 이게 너무 활발한거 같아요. 흥분도 많이 하고 네네네 그러다 보니까 이제 저희가 사실 훈련소도 한 2개월 보냈거든요. 아 훈련소도 갔다왔어요? 훈련소 갔다 온 지 지금 한 3주 됐거든요. 아 그래요. 갔다 와서 이제 한 3~4일은 괜찮았는데 - 네 - 3~4일 후에 이제 다시 또 이제 - 막 노는 것도 엄청 좋아하고 - 어 네, 이제 걱정은 이제 사무실에 직원들도 많고 하니까 예예예 - 조금 점잖게 - 예 좀 이 바다가 컸으면 좋을 거 같아서 - 아 - 네 그게 제일 걱정이긴 하죠 어... 댁은 어디세요? 연남동이요 아 연남동에 사시고? 얘도 같이 출퇴근 하는 거죠. 그죠. 그죠. 어~ 집에서는 좀 어때요? 집에서는 이제 그거예요. - 저희가 사무실에서 키우다 보니까 사무실 숙소가 있어요. - 네 - 아~네 - 사무실 숙소에서 직원들이 출퇴근을 하는 거죠. 네네 직원들이 기르나요? 어 기르는 거는 직원들이 이제 집에서 기르죠. 어?! 누구의 누구 개인가요? 얘는? 개는 이제 사실 주인이 사실 명확하지 않아요. 지금 그것도 어느 정도 문제가 있어요. 지금 저희.. 아 회사 직원이신가요? 아니요 저는 회사에 대표로 있는데 - 그러면 - 네 네 앞에 계신 분 강아지 네 맞아요. 근데 쟤우는 거는 지금 사무실 숙소에서 재우고 있어요. 왜요? 집에서 지금 키울 수 없어 가지고 사정상 - 아, 그럼 처음부터 회사에서 기를거를 생각하고 데리고 오신거예요? - 네 네, 사무실 숙소에서 출퇴근하면서 기르려고 했던 거죠. 그럼 직원 중에서도 저 이 친구의 보호자가 딱 있진 않겠죠. 직원 중에서 딱 있진 않아요. 뭐가 딱 정해져 있진 않아요. 사무실에 이제 바다가 돌아다닐 수 있는 공간이 있어요. - 그래서 - 공간? - 업무하는 공간에는 펜스를 쳐 놓고 - 아~ 네. 이제 카페테리아 쪽에 이렇게 - 아, 카페테리아에 있어요. 얘가? - 네 아이야. 그것도 안 되는데 밖에 그래서 내 놨었는데 좀 많이 짖더라구요. 같이 있어야죠. 옆에 네. 옆에 바로 옆에 옆에 있어야지... 제가 오늘 여기 딱 저.. 서울 잘 안 나오는데 - 여기 저 그게 있더라고요. 킥보드가 있더라고요. - 네네 - 그 공공 킥보드 라고 하던데 - 네 어디에나 있더라고요. 뭐 가로수 옆에 놓여 있기도 하고 뭐 누구든 편하게 쓸 수 있게 누구든 편하게 쓸 수 있게 이제... 놓다 보니까 네 누구도 주인이 아니게 되죠. 그렇다 보니까 - 사실 안 돼! 절대 이렇게 키우면 안돼요. - 네 뭐 예를 들어 이런 거야 아휴, 말도 안 돼 말도 안 돼요. 그쵸. 아니 말도 안 돼 그 아빠가 이제 키우는데, 아빠가 이제 일하기 바쁘니까 이집 저집 애들 맡기면서 키우는 애들이 있어요. 네 언제는 고모 집, 언제는 큰엄마 집, 언제는 뭐 어디 어디 집, 어디 어디 집 뭐 그분들도 최선을 다해서 이제 돌봐주겠지만 - 그래도 누구도 보호자가 없는 그냥 아이로 크거든요. - 네 - 그러면 외로워요. - 네 - 우선은 저 보호자님이 키우는 구조가 - 네 - 사실 개를 키우기 좋은 구조는 아니예요. - 네 - 저는 그 킥보드를 볼 때마다 그리 뭐 감정이 없는 기계이지만 - 네 ""안쓰럽다"" 라는 생각을 하거든요. 킥보드 한테까지도 - 근데 개는 그렇게는 못 살아요. - 음 이게 산만한 행동을 하면 불안하다라는 거고요. 네 - ""공격적인 행동을 하면 두려울 것이다""라고 우리가 여겨요. - 음 - 우선 제가 이 이야기를 조금 해 드리는 이유가 - 네 - 그런 환경 속에서는 어~ 얌전해 질 수는 없죠. - 음 정말 내 강아지면 누구도 못 만지게 하거든요. 음 그럼 밥도 내가 줘야 돼 네 저는 오늘 집에 가면 아마 10시나 11시가 될 건데 저는 제가 밥 주기 원하거든요. 아~ 그래서 아내한테 여보 내가 밥 줄까? 그러면 - 저는 아니야 아니야 내가 줄게 내가 줄게 여보 내가 줄게라고 해요. - 음 보호자님께서는 얘가 얌전해 졌으면 좋겠는 것도 이제 좋은 목표지만 얘가 ""즐거웠으면 좋겠어"" 와 ""가족애를 느꼈으면 좋겠다"" 라는게 목표라면 저는 흔쾌히 어떻게든 이렇게 좀 도와드릴 수 있어요. 예 근데 보호자님 이제 제1의 목표가 ""얌전해졌으면 좋겠다"" 라면 약간 곤란해요. 아~ 왜냐면 얘는 지금 얌전하지 못 할 거거든요. 앞으로도 음 그래서 이 얌전하지 못한 이 모습을 즐겁게 받아들여야 돼요. 네 그래서 맨날 뛰는 것도 재밌고, 달리고 막~ 이렇게 놀아도 주고 장난도 쳐주고 - 이게 조금 많으면 - 네 그래도 보호자님 옆에서 이렇게 잠도 자고 그런데 만약에 이런 건 아니죠. 직원들이 돌아가면서 밥도 주고 밥 주는 사람은 정해져 있어요. 누군가요? 어~ 보통 하루에 지금 두 번을 주는데 오전에는 한 명 정해져 있고요. 저녁에는 이제 숙소 가서 또 한 명이 정해져 있어요. 그 문제죠. 아~ 얘 공공 킥보드인거죠. 음 어~씹네 어~ - 지금 저게 또 뭔가 좀 갈증이 있으면 - 네 - 저렇게 계속 물고 당기고 그러거든요. - 네 오케이! 저 우선은 일어나보세요 일어나보세요 일어나보세요 일어나보시고 그냥 가만히 있어보세요. - 우선 예뻐해 줘보실까요? - 네 예뻐해주세요. 예쁘다 근데 이렇게 하면 벌떡 일어나죠. 벌떡 일어나 살짝 밀칠까요? 이게 이렇게 벌떡 일어나서 밀쳐보세요. 이게... 굉장히 어설프네 제가 좀 줄 좀 잡아봐도 될까요? 뭐 이렇게 좀 깨물면 우선은 뭐 놔둬도 괜찮거든요. 툭! 음 이 그런데 얘가 물고 싶을 거란 말이에요 - 뭐 장난감 있으면 물고 좀 놀 수 있는 게 있으면 좋고 - 네 뭐 물 수 있는 거 있나요? 장난감들 자, 놀아 줘 보세요. 그렇죠 천천히 천천히 부드럽게 아빠미소 아빠미소 아빠미소 한번 보여 주세요 - 아빠 미소요? - 네 아빠미소 뭐야 괜찮아 괜찮아 예뻐해줘 오~ 예뻐해줘 가까이 와보세요 진짜 안 만지죠? 진짜 잘 많이 안하죠. 뭔가 - 근데.. 매일매일 만지기 하거든요. - 솔직히 만지는 거 말고 뭔가 놀아주거나 산책하는거 솔직히 매일매일 안 하죠. 매일 매일은 못하고 있어요. 일주일에 몇번해요? 산책은 매일... 아~ 솔직히 해요? 산책 - 네 산책 - 솔직하게 네 산책은 하고 있어요. 얼마나 해요 하루에? 하루에 한 5분정도 10분정도? 한바퀴 돌고 5분? 5분에서 10분 정도 계속 돌아요. 5분? 말도 안 되죠 5분은 줄 메는게 5분걸릴 텐데 안 하는 거지 안돼 안돼. 이렇게 개 키울려면 사실 다른 주인 찾아 주는 게 좋아요. 다른 주인 네 - 아~ 진짜 솔직하게 이럴 수 있어 - 네 - 우리 보호자님 기질이 - 네 나는.. ""나는 꼼꼼하게 관리하기가 힘든 사람이다"" 라고 생각이 들면 나는 진짜 진짜 이건 진심으로 보호자님을 나쁘게 생각하는게 아니라 이것도 어쩌면은 정확한 거예요. 난 진짜 난.. ""내 기질하고 안 맞어"" 라고 하면 또 다른 좋은 보호자가 있다면 어, 그 보호자님한테 보내 주는 것도 얘 삶에 맞아요. 근데 ""아니야 내가 사실 진짜 몰라서 그랬어"" 라고 하면 오.. 산책 그렇게 안 좋아하죠. 산책이요? 아, 왜냐하면 운동 얼마나 좋아 지금 산책러네 산책러 딱 옷은 산책 하루에 한 13번 할 것 같은데 5분이 뭐야 5분... 강아지 딱 입양 하면 네 산책 겁나 하고 싶어 해야지 이제 네 라브라도를 키울 수 있는 거예요. 밥을 준비하는 것도 보호자님 네 밥그릇은 누가 닦을 거예요? 제가 흙 묻히고 똥 묻히는 사람이 보호자예요. 네 - 돈 쓰는 사람이 보호자가 아닌거예요 - 네네네 또 같이 잠자기 그렇지. 그렇지. 저, 사무실에서는 어디 어디 있어야 됩니까? 사무실에서는 이제 제 옆에 - 그렇지 - 네 - 그리고 요런 거 맨날 갖고 다니면서 - 네 - 이렇게 놀아 주셔야 되는데 - 네 그러면서 뺏는 게 목적이 아니라 얘는 물고 당기는걸 원하는거 거든요. 네 그치 그치 그치 이제 이제 네 그쵸 어우 행복해 한다. 이거 매일 하루 종일 하고 싶어할거거든요. 아 예뻐라 아... 해봐요 빨리 아 예쁘다 진심으로 진심으로 이 친구한테 이제 말을 해 주는 거지 하루에 산책 세 번 해줄게 하루에 산책 세 번 해줄게 - 같이 잘게 - 같이 잘게 사무실에서도 같이 있자 사무실에서도 같이 있자 이제 내가 밥 줄게 이제 내가 밥 줄게 어~ 약속 한거예요. 네 그렇게만 하면 얘가 지금 두달 동안 훈련소 갔다 왔잖아요. 네 훈련소에서 배운 거 그대로 보호자님한테 할 수 있을 거예요. 야~ 얘 훈련하면 잘하겠네 이게 저 플레이 드라이브라고 하는데 네 어 지금 터그 드라이브 되게 좋네요. 이거 많이 하고 놀아요? 네 워낙 물고 뜯는거 좋아해 가지고 - 네 - 네 사무실에서도 진짜 장난감이 많이 망가졌어요. 장난감을 주는게 아니라 지금처럼 내가 가지고 놀아 주는 거예요. 자, 살짝 줘보세요. 이렇게 잡고 놀아줘요 이렇게 아이 호호호 아 어이구야 어이구야 한 다음에 이렇게 잡아요. 놓으면 놓으면 고민하겠죠? 괜찮아요. 네 잘 기다린다 그죠? 네 잘 기다리고 있는 거야 지금도 보시면은 점프하지만 밀치면 못하게 하구요. 네 - 이러면서 점프 하는것도 교정할 수 있어요. - 네 그리고 이 친구 같은 경우에는 그런 상호 협력관계 라는 걸 잘 몰라요. 네 만약에 내가 또 이걸 가지고 놀고 싶었는데 네 - 못 갖고 놀게 되면 - 네 어?! 제가 앉아야 될까요? 엎드려야 될까요? 이런 질문을 해야 되는데 한 번도 그런 걸 해 보지 못한 거죠. 네 얘는 이제 어렸을부터 때만 썼었구나 지금 제가 가르치고 싶은 건 ""앉아""거든요. 네 ""너 앉아"" 라고 말은 하지 않을 거구요. - ""너가 앉으면은 이거 가지고 놀아 줄게"" 라고 좀 가르쳐 주고 있는 거예요. - 네 - 지금 앉아라고 막 얘한테 할 필요도 없고요. - 네 저기 가만히 있는 거 근데 이 친구가 뺐나 앉아나 엎드려나 뭔가 기다리는 걸 해 본 적이 없.. 없는 거 같아 그냥 점프해서 다 뺐었던 거 같아요. 자, 보세요. 진짜 부모라면은 맨날 탄산음료만 먹으려고 하는 아이한테 ""그러면 안 되지"" 라는 말을 하거든요. 그런데 부모가 아닌 사람들은 그런 말을 안 해요. 그냥 때 쓰는게 귀찮고 듣기 싫으니까 - 얘가 원하는 것만 해 준 단 말이에요. - 네 근데 지금 이 친구가 딱 그렇게 큰 걸 거예요. 그럼 깨무는거 싫으니까 점프하는거 싫으니까 - 그때마다 달라는 거 줄 거고 - 예 솔직히 간식을 사장님한테 사다 달라면 사 줄 거고 밥이야 사달라면 다 사 줄 거고 또 사장님 강아지니까 뭐 내가 어떻게 훈육을 시키겠어 그죠. 당연히 그렇게 될 수밖에 없거든요. - 그래도 얘가 집중력이 없는 개는 아니에요. - 네 OK~ 야~ - 우연스럽게 앉았지만 - 네 - 이거에 대해서 칭찬하고 놀아 줘요. - 네 오구 잘했어요. 옳지 옳지 옳지 옳지 옳지 옳지 옳지~ 옳지 집중 못할 때마다 살짝 데코이 해주고 저는 얘 보다 훨씬 더 고집세고 네 훨씬 더 일관적인 사람이어야 돼요. 네 - 제가 생각할 때 처음으로 - 네 ""잘 먹겠습니다"" 라는걸 배우는 아이 같아요. 그냥 무조건 식판에 음식 있으면은 음식을 우걱우걱 먹었는데 네 잘 먹겠습니다 하고 먹어야지, 손 씻고 먹어야지 이걸 지금 처음 배운 거 같아요. - 이대로 성견이 되면 나중에 좌절 공격성이 생겨요. - 네 좌절감을 느끼는 순간 공격성이 튀어 나오는 거죠. 예스 예스 아이 잘했어 아이 오구 힘들겠다. 오구 잘했어, 잘했어, 잘했어, 잘했어 아~ 아이 잘했어 이렇게 놀아줘야 돼요. 네 아이 좋아 좋아 아 오구 오구 오구 오구 오구 오구 오구 오구 하다가 다시 똑같이 잡고 - 똑같아요. 다른 데 보면은 관심갖게 - 네 살짝씩 데코이 해줄 거고요. 제 규칙은 아까 처음부터 지금까지 바뀌지 않아요. - 자 그럼 이 친구가 이렇게... 예스 아이 잘했어 조금씩 조금씩 규칙을 배워갈 거예요 - 네 - 슬쩍 슬쩍 놀아주세요. - 네 괜찮아요 말도 좀 걸어주세요. 자~ - 잘했어 - 잘했어 잘했어 기다리세요. 뺏을려고 하지 말고 가만히 기다리세요. 그렇죠 됐어요 살짝 하세요. 기다리세요. 기다리세요. 다시 보여줬다가 됐어요. 다시 나한테 집중.. 예 됐어요. 옳지 놀아주세요. 그렇죠 잘했어요. - 잘했어요. - 잘했어 이렇게 약속 하나 하나씩 만들어 가는 거예요. - 자 봐봐요. - 네 - 나한테 점프하지 마라를 가르쳐 주는 것보다 - 네 - 언제 앉아 있으면 되를 가르쳐 주니까 훨씬 더 잘 받아들일 거예요. 그죠. - 네 옳지. 그렇죠 너무 잘했어요. 좋아요. 앉아보세요. 아이구 힘 좋아 이번엔 자~ 끝 끝났어 아쉽지? 그리고 이렇게 놀고 나면 두 가지를 원해요. - 물을 먹고 싶다. - 네 - 소변이 마렵다. - 네 - 그래서 이렇게 되면은 물 한잔 주고 - 네 밖에 나가서 소변 보게 하면 제일 좋죠. 어~ 보호자님은 준비가 좀 안 돼 있는 보호자님 같았어요. 네 - 준비가 좀 많이 안됐어요. - 네 사실 얘한테 필요한 거는 얌전히 앉아 있는 게 아니라 - 얌전이 엎드려 있게 하는 게 아니라 - 네 - 지금처럼 놀아주면 엎드릴 거예요. - 네 - 그리고 엎드려 있을때 칭찬해 주고요. - 네 놀고 싶지 않냐고 제안해주는 거예요. - 넌 맨날 놀고 싶냐? 이런 말을 듣는 게 아니라 - 네 - 놀고 싶지 않아? 나랑 나갈까? 이 얘기를 듣고 싶은 거예요. - 네 - 근데 보호자님이 그런 얘기를 할 수 있는 기회가 이제 있을 거예요. - 네 - 누구한테 도움을 받는 것도 좋지만 누구를 도와줄 때 기분 정말 좋잖아요. - 네 - 보호자님은 얼마든지 강아지를 키우면서 - 네 - 내가 스윗트해 질 수 있는 기회를 얻고 있는 거거든요. - 네 - 잘할 수 있어요. 보호자님 - 네 - 해보자고요. - 네 알겠습니다. Q. 오늘 만난 보호자는 어떠셨나요? Q. 오늘 만난 보호자는 어떠셨나요? 어떻게 키우는지 모를수도 있겠죠. 또 보호라고 하는 감성을 모르시는 보호자님도 있어요. 근데 이제 우리 보호자님도 아마 자기선에서는 최선을 다 하셨을 거예요. 얼마나 어색해요. 개 다루는 모습 보면 Q. 오늘 솔루션은 어떠셨나요? 주인이 명확해야 된다. Q. 오늘 솔루션은 어떠셨나요? 이런 얘기를 주위에서 많이 해 줬었는데... 그거를 이제 딱 찝어서 얘기해 주시니까 느끼는 게 많았어요. Q. '바다'같은 반려견에게 필요한 것은? Q. '바다'같은 반려견에게 필요한 것은? 필히 자기를 보호하고 자기를 이렇게 감싸 줄 수 있는 가족이 있고 여하튼 정착이예요. Q. '바다'에게 한마디 오늘 약속한 네가지를 지켜가면서 같이 쭉 오래오래 잘 지내자 사랑해 #산책갈까(쿠키영상 있음!) Q. 도시에서의 반려인들의 매너? 저같은 경우에는 여기서 마킹을 아예 못 하게 해요. Q. 도시에서의 반려인들의 매너? 생각해 보세요 보호자님~이게 이게 아 보호자님이래 Q. 도시에서의 반려인들의 매너? 우리 대표님 차인데 여기서 어떤개가 이렇게 마킹한다고 생각해 보세요. Q. 도시에서의 반려인들의 매너? - 기분나쁠것 같아요. - 기분 나쁘죠. Q. 도시에서의 반려인들의 매너? 이집이 내집인데 여기다 맨날 마킹하고 가 Q. 도시에서의 반려인들의 매너? 그러면 여기 여기가 만약에 이 동네 사람들의 개의 마킹장소야 Q. 도시에서의 반려인들의 매너? 그러면 비오면 여기 있는 사람들 오줌 냄새나는데 Q. 도시에서의 반려인들의 매너? 저는 그래서 이런 도시에서는 제 개가 소변도 못 보게 하고 Q. 도시에서의 반려인들의 매너? 마킹도 아예 못 하게 해요 실례잖아요. Q. 도시에서의 반려인들의 매너? 이런 데서 해도 되는지는 모르겠지만 Q. 도시에서의 반려인들의 매너? 이런데 할 수 있으면 이런데 하고, Q. 도시에서의 반려인들의 매너? 근데 이런데 하면 안 되죠. Q. 도시에서의 반려인들의 매너? 여기 살고 있는 사람이 얼마나 기분 나쁘겠어요. Q. 도시에서의 반려인들의 매너? 저는 냄새를 못 맡게 해요. Q. 도시에서의 반려인들의 매너? 이 애들이 이렇게 냄새맡다가 몸 대면 싸는 거예요. Q. 도시에서의 반려인들의 매너? 여기다가 소변을 봐도 되는지 안되는지는 모르겠어요. Q. 도시에서의 반려인들의 매너? 여기다가 근데 왜냐하면 그렇지 않으면은 너무 없으니까 Q. 도시에서의 반려인들의 매너? 아 여기다 여기다 좀 보게 해 줬으면 좋겠어요. Q. 도시에서의 반려인들의 매너? - 뭐 뭐 법적으로 라도 - 아~",
2,https://www.youtube.com/watch?v=xl6E2beOjxE,xl6E2beOjxE,Is Jindo dog lame? Kang trainer who requested additional recording for the first time.,강형욱의 보듬TV,"앉아!!! 보호자님 인정해야 될게... 내 개는 찌질해요. 거주하는 환경에 따라 반려견과 살아가는 모습도 달라집니다. 강형욱 훈련사가 같은 지역, 다른 모습으로 살아가는 다양한 반려인과 삶의 이야기와 고민을 나누러 찾아갑니다. 강형욱의 골목댕댕 시즌1 홍대편 안녕하세요. 안녕하세요. - 안녕하세요. - 우와 - 안녕하세요. - 우와 - 앉으시죠. - 안녕하세요. - 앉으시죠. - 감사합니다. 문제행동NO.1 쓰읍 오구 쉿! 쉿! 쉿! 우선은 저를 보고 짖는데 하하하 웃으시면은 안되거든요. 아~네 어떤 상태인가요? 지금 낯선 사람을 봐서 일단 보면 짖는데 이상하게 다른 스탭들한테 안 짖었어요. 왜? 왜 오구 그만 짖어 - 줄을 꽉 잡으실 수 있으세요? - 네 제가 이쪽으로 가고 싶어도 줄이 늘어나지 않게 할 자신 있으세요? 네네 이제 해볼께요. 이제 아무래도... 그렇죠 지금도 줄을 꽉 잡지 않고 있잖아요. 네 어떤게 고민이신가요? 지금 방금 이거요. - 네 - 방금 이거요. 방금 이거요? - 네. 낯선사람 보면 짖는거 - 네 알겠어요 정보 좀 주세요 우리 오구가 어떤 친군지 네 오구는 지금 네 살이에요. 네 살 됐고 피부는 왜 그래요? 피부가 알러지하고 아토피가 다 있어요. - 근데 애기때 - 그런 애들이 있더라고요. 네~ 강아지때 저한테 온게 2개월 좀 넘었을때 저한테 처음 왔는데 네 그때부터 피부가 아주 안 좋았어요. 애기때 부터요? 네~ 그래서 이제 지속적으로 치료를 봤는데 이거 안 돼! 안 나을걸요. - 네~ 선생님 그 수의사 선생님 말씀도 그냥 평생 - 그죠. 이렇게 치료하면서 살아야 된다고 그래서 좋을 때도 있죠? 피부가 - 좀 좋아졌다가 나빠졌다가 네 - 그죠 이런 애들이 있어요. 제가 진돗개를 그래도 많이 만져봐요. 전문가는 아니지만 진돗개 이제 진돗개는 참 다양하게 평가받을 수 있어요. 네 그런데 이 진돗개 얘기를 또 하면 순종 얘기를 좀 많이 하는데 그거는 뺄께요. 너무 개싸움이 되거든요. 네 순종 이야기 하게 되면 근데 얘는 순종일리가 없어요. 누가봐도 얘는...순종일리가 너무 좋다. 좋다. 너무 좋다. 어 왜요? 왜 순종일 수도 있잖아요? - 아니 순종일리가 없는거 같아요. - 왜요? 제가 진돗개라고 불리는 애들을 봤는데 이렇지 않더라고요. 엄마..엄마 아빠는 어떻게 돼요? 모르죠 스트릿출신이라 - 보호소에서 이제 영화 촬영때문에 데리고 나와서 저기 입양을 하느라 거리 출신 - 아~ 어릴 때부터 너무 사람들 많은데서 이렇게 촬영장에서 자라 가지고 사람에 대한 두려움이나 겁은 별로 없는 편인데 제가 사무실도 가끔 데리고 가요. 그런데 사무실 가면 안에 있는 사람들한테는 별로 안 짖는데 자기가 사무실 안에 있을 때 이제 방문하는 사람들 들어오는 사람들한테는 짖고, 제일 많이 짖을 때가 그거고 그리고 저도 좀 헷갈리는 게 지금 아까 선생님 들어오셨을때 처럼 낯선 사람이 오면 무조건 짖어요 근데 짖고 난 다음에 핥아요. 바로 또 그래서 좋다고 막 핥아요. 핥아봐! 지금 뭐가 좀 마..마.. 마음에 안 드나보다 어떻게? 어떻게? 마음에 지금 안들어 왜냐면 저랑 같이 키우는 친구거든요. 강아지를.. 제가 이제 일이 바빠서 제가 처음 입양을 결심할때 이 개를 제가 도시에서 혼자 키우는 건 거의 불가능하다. 그래서 제가 이제 이 동네 가까이 살고 있는 친구랑 - 코페어런팅 하기로 마음을 먹고 그리고 입양 했어요. - 어허 우리 친구 분하고 키우는 방법은 똑같아요? 응? 제가 조금 달라요. 조금 달라요. - 조금 달라요? - 네 어떻게 좀 다른건 같아요? 출연 안한다고 그래가지고 산책할떄 - 출연을 하시지 그러면 - 네? - 뒤에서 오디오 겹치게 - 그러게 아니...아니 출연 안한다면서 그렇게 말을 하고 싶었으면은 안녕하세요. 아니 저.. 뭐 떨어졌다 만나서 그런지 몰라도 굉장히 반기는데요. 네. 앉으시죠. 훨씬 더 좋아하는거 같은데 제가 사실은 좀 엄마 같은 약간 아~ 엄마 - 다정다감하게 좀 대하는 편이고 - 네 그렇기도 하고 약간 제가 보는 포인트 조금 다른것 같아요. 저는 이제 그 애가 조금 루즈하게 굴때 있다고 보거든요. - 어 네 무례하게 할 때가 있구나. - 네 여기 잠깐 아침에 좀 돌아 봤는데요. 여기 연남동인가요? 여기가? 홍대인가요? 여기는 연희동 - 연희동 - 네 네 되게 강아지를 출입 가능.. 강아지가 출입 가능한 - 카페 - 네 많아요. - 업체들이 많다고 하더라고요. - 네네 많아요 - 그리고 와인바 같은데도 있구요 개가 같이 들어갈수 있어요. - 네 그렇다고 들었어요. 와인바랑 뭐 주점 겸 카페 겸 주점 같은 그런데도 있구요. 자주 가시나 봐요. 아니 그러니깐 와인바나 주점이나 아니 저는 술을 못 마시는데 - 이 친구는 술 좋아하고 같이 카페에서 - 그런애기는... 실내 카페 들어가는거 굉장히 좋아해요. 거기서는 어때요? 잘있어요? 지금 가는 카페에 있는 남자분한테는 안짖고 여자분들한테는 좀 짖고 좀 그런거 같아요. 우선은 진도라고 하는 요런 부류의 개들을기를때에는 어 너무 우리가... 지금 우리 한국분들이 일상적으로 느끼고 있는거 있잖아요. 갑자기 친해진다던지 뭐 코멘트를 하고 갈 수 있죠. 어 저거 햐얀색깔인데 코가 노랗다 오 이런 것들이 진도들은 정말 빠르게 느껴요. 그리고 또 하나 더 빠르게 느끼는 게 있어요. 우리 보호자님들의 감정이에요. 저는 제 바로 한테는 바로 한테는 요런데 오면 무조건 앉아나 엎드려들을 계속 시켜요 일어나고 싶어? 오케이 해 줄게 일로 와 냄새 그때 냄새 맡을수 있는 시간을 주고요. 그 다음에는 앉아 엎드려 기다려 가만히 있죠. 왜 그러냐면 가만히 있으면 그냥 자연스럽게 가만히 있다가 - ""멍"", ""멍"" - 아 네 근데 만약에 ""멍""이라고 했을 때 그 상대가 ""워""라고 이렇게 하면 이 친구가 ""오케이 경계"" 나 저사람 마음에 안들어 그래서 아까 줄을 이렇게 길게 있을 때 제가 어? 저러면 안 되는데 느낀게 뭐냐면 만약에 개를 좋아하는 사람들이라면 쟤한테 만질려고 했겠죠. 어~ 그러면 얘가 ""멍"" 싫으니깐 싫다라고 할수도 있어요. 그런데 만약에 내가 겁이 많은 사람이야 그럼 ""오...오...오...""라고 하면, 얘가 ""왕왕왕왕왕왕왕""짖게 될 수도 있어요. 그래서 차라리 이례 얘네들은 하~ 이게 말을 해도 되나 모르겠는데 굉장히 찌질해요. 네 좀 그래요. 굉장히 찌질하고 굉장히 찌질하고 속이 능글능글거리고 그런데 저.. 제가 그게 예민하잖아요. 강아지 훈련사로 계속 이렇게 있다보면 놔둬보세요. 놔둬보세요. 놔둬보세요. 왜냐면.. 네 놔둬보세요. 그냥 저기 프리즈 대 위의 저 모습이 싫어서 그래요. 그러면 이 때 어떻게 해야 될 것인가? 저라면은 앉아를 ""앉아볼래""가 아니에요. 앉으라면 앉아, 집에는 없어 - 앉아 - 오구 앉아 - 앉아 - 앉아 보호자님 자!자!자!자!자!자! 보세요. 화내지 않고, 강단있게 행동하는 건데 이게 어려울 수 있어요. 화낸거 아닌데 근데 보호자님 자 보세요. 앉아! 화내지 않고 강단있게 - 앉아! - 맞아요 그렇죠~ 이렇게 하고 줄을 조금 땡겨볼까요? 잘하셨어요 잘하셨어요. 앉아 앉아 말은 하지 않는 게 좋아요. 자 우리 보호자님 일어나 보실까요? 일어나 보시고 줄을 짧게 잡으시고 그렇죠 조금 더 짧게 잡아볼까요? 잘하고 있어요. 네 좋아요 가만히 계세요. 가만히 계세요. 여기까지 걸었다가 다시 가주세요. 네 맞아요. 천천히 시계방향으로 돌아 보실까요? 그렇죠. 그냥 돌으세요. 그냥 돌으세요. 그렇죠. 예 그냥 더 당기셔도 괜찮아요. 그리고 다시 한번 가 볼까요? 네 좋아요. 그리고 의자에 앉을 때도 다시 한 번만 턴 해주시겠어요? 턴해서 강아지가 그렇죠... 그쪽에 와서 앉으세요. 그 다음에 이 친구한테 이름 한번 딱 불러보세요. 이름 오구 이렇게 오구~ 이런씩으로 오구~ 네 그리고 앉아!라고 해볼께요. 앉아! 이때 이때 그렇죠 . 앉아! 잘했.. 네~ 좋아요 잘했어요 인정해야될게 진돗개나 이와 같은 견종을 키우시는분들에게 ""맞아요. 내 개는 찌질해요""라고 하는거를 인정해야되는 순간이 있어요. 너 찌질하대 너 찌질해 봐 봐요. 아까 그대로 서 있고요. 지금 그대로 있단 말이에요. 아까는 으르렁 거렸어요. 또 지금은 또 괜찮아요. 이게 계속 반복되요. 그래서 진돗개는 사회화가 끝이 없어요. 네 그러니까 좀 저희 제 입장에서는 랜덤인 거예요. - 그렇죠. 일반 보호자 숙련되지 않은 사람들한테는 이게 너무 랜덤으로 보일꺼예요. 맞아요. - 네네 뭐..뭐를 왜 그런지를 찾기가 왜 이 사람한텐 짖고 이사람한테는 안 짖고 가끔씩은 그냥 상징적인거 일수도 있어요. 지금도 저 소리 해볼께요. 흥!흥!흥! 흐헉 흥 저 지금 코를 보세요. 제가 어떤거 했냐면 저도 애가 어떻게 하냐면 ""아 제 마음에 안 들어 진짜 씨 왜 가만히 있어"" 이런 행동을 했는데 제가 ""흰색털에다가 진짜 마음에 안드네"" 제가 이렇게 하니까 얘 갑자기 ""아 쒸 뭐야 뭐야 뭐야"" 라고 이제 저한테 하는거죠. 그런데 지금 이 친구가 저한테 하는 행동이 이런 거 있죠. 미안한데 미안하다는 말을 잘 못 하는 사람들이 있죠. 아 네~ 미안해 ""내가 그랬잖아"", ""했잖아 너 언제까지 미안하다고 그래"" 이런거 있잖아요~ 그래서 하품 한 거예요? 네 저한테 카밍시그널을 하지를 못 해요 . 아 ""왜 그래요 내가 뭘 잘못했다구요~"" 그렇게는 못 해 그런데 저를 보면서 ""어 이 사람이 보통 내기는 아닌거 같고"" 피하지도 않고 얘 어떻게 했냐면 여기 쳐다보다 코만 움직였죠. 예 이게 가서 확실히 냄새를 맡고 싶은데 맡질 못하니까 공기중의 냄새로 간접적으로 냄새를 맡는거구요. 그런데 제가 이렇게 쳐다보고 있으니까 으허~하는 거예요. 아니 저는 저도 진돗개를 많이 보잖아요. 근데 이렇게 보면은 얘네들이 다른 견종에 비해 스펙트럼이 되게 넓어요. 네 골든리트리버는 다 순하다고 생각하면 돼요. 아 근데 진돗개들은 진짜 바보처럼 순한 애들이 진짜 많고요. 네네네 - 정말 극강의 진돗개들도 꽤 있어요 - 네네네 가끔씩 TV에서 사나운 진돗개 나오면은 저한테 DM들이 많이 와요. 당신 때문에 내가 산책하기가 얼마나 힘든 줄 알아요? 하하하하 내가 미안해~ 한번씩 타격이 있긴 있어요. 다른 진도 견주들이 많이 힘들어 하더라구  그 방송 한번씩 나오면 타격을 많이 입더라구요. 그게 실제로 정말 열심히 교육하는 사람이 정말 많아요. 근데 그래서 사실 저희도 그 뭐랄까 여기 이제 선생님을 만날 수 있는 기회가 있다 그래서 나온 이유도 이제 어쨌든 진도가 많이 버려지는 견종 중에 또 하나잖아요. 맞아요. 얘네들은 대부분이 그냥 스트릿 출신이라고 봐야 되거든요. 그러다 보니까 입양을 사실 많이 하면 좋을거 같은데 이제 사람하고 같이 진도는 그냥 큰 저기 시골 같은데 묶여서 사는 그런 개라는 딱 인식이 있잖아요. 그러다 보니까 또 희한하게 한국 개잖아요. 그래서 좀 이런데서 같이 사람들하고 좀 잘 어울려서 살면 사는 모습을 좀 보여 주고 싶다. - 음 - 예 그런 마음도 좀 있었어요. - 되게 좋은거 같아요 - 네 이런 친구들을 조금 더 우리 도시화된 우리 한국에서 잘 키울 수 있는 방법은 많이 입양 하는 것보다 통제가 먼저 돼야 된다고 생각을 해요. 잘 키울 수 있는 사람에게 건강한 강아지가 가는게 먼저일거라고 생각을 하고, 뒤뜰브리드라고 하거든요. 뒤뜰에서 마음대로 번식 되는 그런 것들을 통제해야 되고 그렇죠 죄송해요. 저 상담한다고 하고 저 이렇게 공감 못 해 드려서 지금 많은 사람들이 이 친구를 입양을 하면 또 다시 버려질 거예요. 안타까운 게 있어요. 유기견을 입양하는 사람들의 한쪽 마음에선 ""키워보고, 키워보고 OK!!"" 어 키워보자 ""어 안 맞아"", ""어 이상해"", ""OK Bye"" 그리고 나서 이렇게 말하죠~ 좋은 데로 보내 줬지 우리 고모네가 마당에 넓어 그리고 마당으로 갑니다. 그럼 고모는 우리 조카 놈이 이런 걸 보내 가지고 밥 먹이다 보니까 아이구 줄 풀렸네 아이구  내 달리기가 느려 아이고 왜 안 들어오지 아이고 그럼 그렇게 돌아다니다가 어떤 또 마음 착한 사람이 이렇게 구조해요. 버려진 개가 되는거예요. 그런데 누구도 버린적이 없어 음 이게 실상이예요. 음 많죠 이런케이스가 죄송해요. 많이 입양했으면 좋겠다고 하셨는데 제가 근데 근데 선생님 말씀대로 이렇게 조금 문제가 여러 가지 문제들이 이제 동시에 있는 거 같아요. 왜냐면 미국에서는 제가 알기로는 문제가 있거나 너무 나이가 많아서 개로써의 활동을 못 하거나 하는 개들을 안락사 하는 거에 대해서 터부시 하지 않는 문화가 있는 걸로 알거든요. - 근데 이제 한국에서 - 정확해요. - 네 - 정확해요 한국에서는 거기까지 갈래도 또 이상하죠. 왜냐면 그건 터부시 하면서 개는 또 먹는 사람들이 있고 너무 뭔가 모순적인게 막 동시에 있다 보니까 개를 키우~ 아 나 우리 감독님하고 한 두시간 더 이야기하고 싶어 네 그래서 먹는 문화까지 나왔으니까 할 얘기가 더 있긴 하거든요. 근데 어쨌든 그래도 선생님 말씀 좀 들으니까 진도개론~ 진도개론? - 네. 진돗개에 대한 개론 - 아~ 개론에 대해서 좀 들으니까 어쨌든 랜덤인게 제일 궁금했거든요. 왜 얘는 이렇게 랜덤일까? 왜냐면 문제가 사실은 없다면 없는 건데 왜 또 또 짖을땐 이렇게 짖고 하여튼 그랬는데 개론을 좀 듣고 나니까 진도개론 그 진도 사실 진도도 아니고 진도 믹스개론 그리고 다행인거는 우리 오구만 찌질한 게 아니었고 원래 얘네들은 주로 찌질한 느낌이 있다라는 예 쪼금 예 확인했기때문에 안심~우리 오구만 찌질하진 않아 아 나중에도 보시면 우리 유기견과 안락사에 대해서 한번 - 나중에 또 이야기를 해 보자고요 - 네 토론을 네 알겠습니다. 아유 너무 감사합니다. 감사합니다. - 네 고마워요 - 네 고마워요. Q. 상담은 어떠셨나요? Q. 상담은 어떠셨나요? - 뭐라 그럴까? 생각이 좀 비슷하거나 Q. 상담은 어떠셨나요? - 좀 관심사가 있는 분들 만나면은 아유 뭐 2박3일도 이야기할 수 있죠. 하고 싶은 말 한 거 같아서 제가 돈을 드려야 될 것 같아요. Q. '진돗개론'에 대해 어떻게 생각하시나요? - 진도군청하고 얘기를 해야될걸요. 이거는 좀 여러 방책을 세우고 시작을 하면은 괜찮을 것 같아요. 그리고 저만 나오지 않고, 진돗개 전문가들이 꽤 있단 말이에요. 이야기를 해 보는 거죠. 멧돼지를 잡는 엄마, 아빠 사이에서 난 강아지가 중랑구에 살아도 되겠느냐? 충성심이 좋아야 되겠느냐? 충성심이 좋아가지고 겁나 짖는데 아직도 충성심은 좋아야 되겠느냐? 뭐 이런 얘기들 Q. 오늘 솔루션 어땟나요? - 그 도시에서 개를 키우는 사람들은 동물 종으로서 접근한다기보다는 좀 더 어떤 좀 개성이나 특이점 같은 거에 더 더 과도한 관심이나 애정을 주고 하는 유혹에 빠지기가 쉬운 거 같아요. 이제 그런 부분에 대해서 다시 한번 조금 더 생각을 하게 된 계기가 된 거 같아요. 사교적이길 얘한테 너무 바랬던 것 주변 이웃들이 가는 카페라든가 안에서 얘가 잘 융화되기를 너무 바라지 말아야겠다 . 사실은 이제 이해하면서 그걸 방지하려는 어떤 잘 관찰하고 방지하려는 부분에 조금 더 관심을 잘 기울여야겠다. 이런 생각을 좀 더 많이 했어요. #산책갈까 (쿠키영상 있음!) #구독 #좋아요 #산책갈까 #구독 #좋아요 #산책갈까 연트럴파크 연트럴파크의 초입인거죠? 여기가 초입 Q. 홍대 반려인들의 심장 연트럴 파크에 오신 기분이 어떤가요? Q. 홍대 반려인들의 심장 연트럴 파크에 오신 기분이 어떤가요? - 너무 좋은데 Q. 홍대 반려인들의 심장 연트럴 파크에 오신 기분이 어떤가요? - 괜찮은거예요? 오~ 이 서울시가 특별한 게 서울시는 반려견이라고 말해요. 이거 쓰여있는 거 보면 아파트에 공지가 붙어 있어요. 그럼 거기에 그 애완견이라고 쓰여 있는 아파트가 있고, 애견이라고 쓰여 있는 데가 있고, 반려견이라고 쓰여 있는 데가 있거든요. 근데 서울은 제가 예전에 공지 공지에서 봤는데 반려견이라고 이야기하더라요. 여기 이제 담당하시는 분이 의식이 있는 거예요. 근데 아까 연트럴파크 봤을땐 기분 좋았는데 여기 오니까 좀 복잡하네 저는 앞으로 젊은 분들한테 좀 이야기 해드리고 싶은 게 도시를 너무 집착하지 않아도 되거든요. 외곽에 나가서 살아도 되는데 더 싸요. 더싸 교통땜에 그런거 아닐까요? 교통 그럴 수 있지 아 여기는 개를 키우 개를 키운다. 쉽지는 않겠다. 생각이 많이 바뀌신거 같아요. 아까 연트럴파크 초입에서는 연트럴파크는 살고 싶었는데 분위기만 되면 어우 근데 사는건 모르겠지만 여행은 오고 싶네요 여기 골목 들어오니까 좀 바뀌신거같아요. 기분이 좋아졌어요. 세계 요리 지점 있고 기분이 좋아졌어 근데 이게 없었으면은 최악이다. 진짜 이게 없으면은... 이게 있으니까 그래도 숨이라도 숨이라도 쉬지 Q.홍대에서 반려견들과 산다 했을떄 100점 만점 중 몇점? Q.홍대에서 반려견들과 산다 했을떄 100점 만점 중 몇점? - 연트럴파크만 생각하면은 요 근처는 괜찮은 70점 저 안은 50점",
3,https://www.youtube.com/watch?v=vftVEbbgHZE,vftVEbbgHZE,"""Are you crazy?"" The reason for Kang Hyung-wook's extreme anger. A 3-month-old Cane Corso.",강형욱의 보듬TV,"몇 개월 됐어요? 이제 3개월하고 보름 조금 지났어요. 1년 뒤에 아마 개훌륭 나오겠네 저 어머니 아버지하고 잠깐 나가 계시는 게... ""아 너 미쳤어"" 보호자님 안녕하세요. 안녕하세요. 안녕하세요. 안녕하세요. - 아니야 - 헤헤헤 괜찮아 아 이름이 뭐예요? 단테요 - 단테 - 네 - 단테 - 단테 몇 개월 됐어요? 이제 3개월하고 보름 좀 지났어요 - 3개월 보름? - 네 아우 저거 웅장하다~ 3개월 보름 됐는데 네 귀는 어떻게, 언제 짜른거예요? 2개월 조금 지나서 입양하고 잘랐어요? 네 입양 받고나서요 그렇구나. 아휴 왜 잘랐어요? 아휴 이게 또 네 위생상으로 관리하는데 아무래도 미용 목적이 좀... 무슨 위생상 말도 안 돼 다 귀 내려가... 귀 내려간 개들은 다 그러면 다... 아무래도 미용목적이 좀 큰 거 같아요 - 미용이죠 - 네 에휴 괜찮.. 다 아물었어요? 아물긴 다 깨끗한 거 같은데 네 그죠? 지금 얘 컨디션은 어때요? 괜찮은 거 같아요 괜찮아요? 지금 짖는 이유는?... 약간 불안해서 그런 거 같아요 - 불안해서 - 네 어... 좀 걸어 보죠 이리로, 이리로 오세요 예 줄 좀 길게 한 다음에 걸어 봅시다 네 괜찮아요 냄새 맡게 해주세요 괜찮아요 네 줄은 느슨하게 제일 길게 제일 길게 네. 이쪽으로 오세요 이쪽으로 오세요 설렁설렁 어떻게 하다가 좀 입양하게 된 거예요? 그러니까 부모님이 시골에 농장이랑 이런 집이 있는데 그쪽에서 같이 부모님이랑 같이 지금은 아파트에서 같이 살고 있는데 어 잠깐만 정리할까요? 얘가 어디 살아요 지금? 아파트 부모님이랑 저랑 같이 집에서 - 아 그게 아파트예요? - 네 아~ 그러면 이사갈 예정이시고 - 네~한 아예 성견이 되어 가지고 - 네 그때는 이제 좀 더 넓은 곳에서 아 그러면 향후 앞으로 뭐 언제까지 한 1 년은 저 아파트에서 살겠네요 네 모든 걸 계획하고 입양 하신 거죠? 네 근데 왜 아파트에서... 지금 아직 어리고 이래서.. 부모님도 아직 시골에 안 내려가시고 시골에 내려가고 입양했으면 더 좋았을 걸 근데 그때는 또 제가 관리를 못 하고 조금이나마 이제 사회화나 이런 걸 제가 많이 가르칠려고 - 그럼 아들은 안 내려가고? - 네 전 주말에만 내려가고. 후~ 앉아보죠 헤헤헤헤헤헤헤 앉아보죠 - 단테 앉아 - 줄 줄 길게 놔두세요 괜찮아요 괜찮아요 단테야 단테야 단테 단테 단테 단테~단테~ 별로 맘에 안 들어? 오케이 지역은 어디세요?  지금 안양에 살고 있어요 - 안양? - 네 경기도 안양 인구 밀도가 엄청 높은 덴데 안양이면... 이게 좀 고민 되는 건 있어요 - 한국의 도시는 - 네 그 카네코르소만큼 멋지지는 못해요 여유가 없어 이런 카네코르소를 아직... 매력을 마음껏 누리기에는 아직 우리가 되게 초라해요 - 그래서 - 네 걱정이 좀 되네요 왜냐면 지금 3개월 반 된 강아지가 여기 왔는데 네 보통 이런 곳에 새로운 곳이죠 네 그러면 긴장 할 수 있어요 당연히 네 근데 당연히 당연히 긴장 할 수 있는데 그 긴장한 모습을 어떤 개들은 이러면서 배도 보이고 막 오줌도 막 지리고 네 아니면 어떤 애들 막 뽀뽀하려고 그러고 막 가까이 와 가지고 막 이럴려구 하거든요 '아 나 여기 너무 낯설어서 힘들어 힘들어' 뭐 이러는데 지금 이 친구는 '워 워 워 워 워 워' 이런 행동을 하잖아요 네 사람나이로 따지면 한 다섯 살 됐거든요 근데 얘가 한 만 12개월 정도가 되면 몸무게가 25kg 이상은 될 거예요 지금 몇kg죠? 지금 19kg요 그렇죠 봐봐요 무조건이야 장담하는데 40kg 가까이 될거거든요 네 저도 어우 한번 쭉 당기면 끌려가겠는데 이런 생각을 한단 말이에요 저도 또 개줄을 많이 만져 봤던 사람이란 말이에요. 이 줄맛을 좀 잘 알아요. 잘 잡아요 그래도 40kg 되는 얘가 쭉 당기면은 그리고 이제 카네코르소가 특징이 있는데 다른 친구들에 비해서 그 체지방량이 적어요 근육덩어리 40kg가 쭉 당기면 장담하는데 운동 좀 하지 않았던 사람들은 아마 이제 딸려갈 거예요 근데 그거를 우리 저 어머니 아버지가 데리고 있다면 ""지금 현재 아파트에 사는 게 맞나?""라는 생각을 해요 예 아버님... 아버님 제가 의자 하나 제가 놔 드릴게요 아버님도 여기 앉으세요 네 안양 어디 사세요? 호계동 뭐~ 비산동 - 아 비산동 - 네 - 어머니? - 네 어머니도 한번 앉아 보시겠어요? 제가 만약에 우리 저기 아버님과 저 어머님과 우리 보호자님이 친척이라고 치면 이렇게 말할거같아요 ""작은아버지 안 돼 작은아버지 안 돼요 안 돼 안 돼"" 예를 들어서 '야 너 미쳤어?' 이렇게 할 것 같아요 만약에 제가... 강형욱훈련사의 이제 가족이라고 하면 이러면 저는 ""작은어머니 안 돼요 큰일나"" ""말도 안 돼! 무슨 생각으로 입양한 거야"" 이럴 것 같아.. 연기를 하자면 시골로 내려갈려구 어허허 지금 집을 시골 어디요? - 보은 - 보은이요 충북 보은이요 - 보은 - 예 괜찮죠. 조금 서두를 수는 없어요? 다음 달이나~ 보은으로 내년 봄 내년 봄? 네~ 울타리도 쳐야 되고 그쵸 누가 저 카네코르소 입양하자고 한 거예요? 제가 참나 아 진짜 왜? 아무래도 시골이고... 부모님이 이제 거기 멧돼지도 나와요 아유 뭐 카네코르소 할아버지도 멧돼지는 못 이겨요 낳자마자 키우고 싶어서 벌써 예약을 딱 해 놨더라구요 흐흐흐 근데 여기다가 암놈만 한 마리를 더 갖고 온다고 그러면 어떨 것.. 말도 안 되지 아이고 그리고 저저저 잠깐만! 이게 지금 아파트니까 실내에서 키우잖아요 근데 내려가면 이제 견사 관리 할 텐데 그러면은 엄청 심해지죠 - 뭐 - 혹시 바깥에 안 놓고 거기에 시골에 하우스가 한 60평 되거든요? 예 그거 하우스 안에 넣어 놔도 사람하고 같이 사는 게 중요한 거예요 사람하고 같이 사는 게 아.. 한 1년 뒤에 아마 개훌륭 나오겠네 동네 유명해져가지고 - 지금 한 마리 더 데려오려고 마음 먹는데 내가 절대로 안 된다고 그랬지 - 마음 먹고 있어요? 지금? 아니 그냥 이제 시골 내려가니까 같이.. 단테랑 그러면 두 마리를 저기 안양에서 키우려고 지금? 네. 내년 봄까지만 그래서 저는 적극적으로 반대 하거든요. 진짜 어머니 아버지만 안 모시고 왔으면 내가 진짜... 진짜 유튜브처럼 하는데 어머니 아버지 같이 있으니까 뭐라고 말을 안하지만 내가ㅎ.. 3개월 조금 넘은 애가 이런다... - 우리 좀 걸어볼까요? - 네 저 여기 좀 계시고요 왔다 갔다 하면 움직일게요 네~ 줄 제가 좀 잡을까요? 움직입시다 보이세요? 괜찮아 괜찮아요 아버님 혹시 지금 저한테 ""아와와 아와와""하는 거 보셨어요? 그냥 솔직히 말하면 지금 안양에서 키우면 안 돼요 위험해 위험해 그래서 엘리베이터 탈 때에는 꼭 아니 아니 아니야 안전관리를 하고 말고가 중요한 게 아니라 지금 이 말하고 똑같아요"" 총을 갖고 있지 내가 쐈나?"" 어때요 불안하죠? 허허허허 내가 총 한번도 안 쐈어 총만 갖고 있는 거야 그래도 안 돼? 뭐 이런~ 지금 안 돼 지금 이제 제가 줄잡고 친구 이제 할 때마다 보면은 아와봐와와 하면서 이렇게 들어오잖아요 근데 이게 이게 지금... 이건 유전이야 유전 엄마 아빠 강아지도 이런 면이 있을 거야 강아지 입양 하러 갔을 때 엄마 아빠 강아지가 낯선사람도 반기고 예뻐하고 이제 너무 좋아하고 그랬어야 되는데 어땠어요 걔네들. 엄마가 금방 새끼 낳았는데도 그렇게 순한 거예요 - 주인이 (우리를 그 개한테) 소개하니까 - 아 냄새만 맡고 가만히 있어요. 그래서 한번 안아주고 가만히 있어요? 네~ 그 어미가 가만히 있는거예요. 그래서 엄마를 닮아가겠다 싶어서 거긴 지역이 어디예요 거기는? 서울이요 - 서울~ - 네 서울 어디에서 키워요 개를? 관악구쪽 관악구에서 카네코르소를 길러요? 그 집도... 엉망이다 흠... 음... 뭐 제가 약간 좀 과하게 설명하는 거 이기도 하긴 한데 저는 이제 120% 안전하기를 바라거든요 왜냐면... 얘를 살려 말아?를 보호자님이 선택을 못하는 날이 오니까 - 지금은 뭐... 지금은 문제 없어요 - 그러면 얘를 시골에 내려가서도 견사에다 안넣고 하우스 안에도 방이 엄청 넓어요. 거기다가 계속 키우면 많이 클때까지 더 순해질까요? 더 순해지지는 않을 거예요 그냥 그냥 타입이 있어요 타입 아버님 어머니도 이제 오랫동안 사시면서 젊은이들을 이렇게 보잖아요 그러면 사실 기질이라는 거 이제 아시죠? 기질~ 네 그냥 타고 태어난 바탕 그죠? 잘 안 변하잖아요. 그거 전 농담으로 혈액형 바꾸는 것만큼 힘들다고 하거든요 저.. 너무.. 너무 죄송하지만 저 어머니 아버지 잠깐 저 나가 계시면은 죄송합니다 내가, 내가 너무 어렵게 얘기하나? 앉아, 앉아보세요 아 내 상담에 뭐 문제가 있나? 아 왜.... 음 이게 너무 상담을 많이 해서 그래 내가 내가 너무 너무 많이, 상담을 많이 해서 얘한테도 보호자님한테도 그.. 그냥 있잖아요 기대를 안 하고 너무 이제 통계적인 것만 들이대고 있는 거 같아서 한편으론 너무 미안해요 - 괜찮아요 - 너무 미안해 왜냐면 하... 사람이 아름다워야 되는데... 이제... 이런 거 다 찍어요 다 다 난 나갔으면 좋겠어. 난 이런 게 제가 방송을 이렇게 하면서 -네 -또 약간 알려진 사람이 되면서 제가 되게 막 경계하는게 좀 멋있는 척 하는 거랑 뭐 뭐라 그럴까 우월한. 좀 뭔가 잘 난 것 같은 사람인 것 같은 그거랑 - 그거를 되게 경계해요 - 네 그러니깐 막 만들어지는 그러는 게 너무 역겹다고 해야 될까? 그렇다 보니까 상담을 하고 조금씩 조금씩 유명해지면 질수록 뜬구름을 잡는 이야기를 안 하려고 노력을 해요 그럼 이런 거 있잖아요 막 감동스토리 파이팅 뭐 이런 거.. 그렇게 하다 보니까 실제로 제가 이렇게 돈 받고 하는 상담도 굉장히 직설적으로 할 때가 더 많아요 - 책임감을 더 많이 느껴서 - 네 한편으로 만약에 이제 환경적 요건이 보은에 지금 살면서 같이 세 식구가 산다면 파이팅 할 수 있을 것 같아요 아 한 마리 더 입양하는 건 말도 안 되고 진짜 진짜 말도 안 되고 미안해 너한테 그런 얘기 해서 자꾸 미안해 근데 지금 너가 좀 쉬운 애가 아니다 근데 이제 입마개를 하려고 하는 거 자체가 참 좋긴 해요 다행히도 여기 나온 거 자체도 의식이 있으니까 나온 거지 의식이 없었으면 생각도 안 해요 그리고 입마개 연습은 지금부터 꾸준히 하고 갖고는 다니시고요 예 어~ 조금 이사 시기를 조금 앞당겼으면 좋겠고 네 이게 우리가 만든 이 도시를 좋아하는 개들이 많이 없어요 네",
4,https://www.youtube.com/watch?v=uXLh6C6iccM,uXLh6C6iccM,"A genius dog coveted by Kang Hyung-Wook, a 3-month-old mysterious pharaohhound and tugging game",강형욱의 보듬TV,"자네 이름이 뭔가 영재가 아니고 천잰데 얘는 와.. 얘는 어 국가를 위해서 일해야죠 먹는 것도 좋았고 체력도 좋고 지금 4개월 됐다 그랬나요? 아직 안됐어요 와우 4개월이 안됐대 4개월이 안됐대 오늘 제가 기분이 너무 좋았어요 다음에 또 뵙겠습니다 관상이 보통 관상이 아니야 이 친구 좋아하는 게 뭔가요? 뜯는 거 좋아해요 막 물고 뜯고 혹시 뭐 이런 장난감도 좋아해요? 네. 터그 되게 좋아해요 그런데 터그를 주면 손을 물어요 아기니까 그럴 수 있죠 아기니까 그럴 수 있죠 아기니까 그럴 수 있.. 아기니까 그럴 수 있죠 와 와하하 우와 잘했어 자 분명히 시각적으로 되게 발달한 친구라 그랬잖아요 '어? 그러면 이걸 안 가지고 노는 게 좋은가?' 아~ 약간 고민 되는 게 있어요 이 친구한테 가장 강한 엑셀도 시각이고요 가장 강한 브레이크도 시각이예요 그래서 적당히 터그 놀이를 해 주면서 멈췄을 때 터그로 칭찬을 해 줘서 브레이크를 잡는 것을 연습시켜주는 거예요 제가 만약에 밍키? 밍키의 보호자라면 저는 이거를 하루 종일 할 거예요 어우야야 아이고야 아이고야 아이고 아이고 아이고 아이고 아이고~ 이렇게 연기도 해주세요 아구아구 아구 어구 어구 아이구 힘세네 아이구 힘세네 이야이야이야이야이야 아이구 힘세네 이야이야이야이야이야 아 좋아 좋아 좋아 그러다가 이렇게 잡고 가만히 있어요 이런 소리를 내는 것은 상관없어요 빨리 놓게 하는 게 중요하지 않아요 아~ 아이 좋아 좋아 좋아 좋아 좋아 제가 생각할 때 얘는 훈련성이 엄청 좋을 것 같은데 이 모습을 보면 되게 ""어 우리 강아지가 힘들어하는 거 아닌가?"" 이런 생각 들겠지만 뭐 사람으로 좀 비유하자면 ""우와,이야 오~와 이야"" 이것처럼 좋아하는 거니까 염려하지 마세요 오구 오구 오구 어이구 어이구 어이구 어이구 이야야야야야야야야 이번에는 뺏어 볼 거예요 네 괜찮아요 이거 뭐 거의 셰퍼드인데? 아~이런 이런 영재를 만나다니. 영재가 아니고 천잰데 얘는? 우리가 못 해줘서 너무 재밌나 봐요. 여기에 와서 이렇게 하면 (이빨을) 살살 풀어요. 풀면 이렇게 놔요 그럼 지금 놨잖아요 그러면 이 친구가 ""와 어딨지? 아까처럼 그걸로 놀고 싶은데"" 아야야야야 야야야 츄츄 이거를 다른 강아지를 꼭 보고 쫓는 게 아니라 지금처럼 이런 터그를 가지고 놀게 하는 거죠 그러다가 잡혔어! ""아이고~"" 하다가 똑같이 놀아 주는 거예요 제가 하는 것처럼 우리 한번 놀아줘 보시죠 오~ 밍키 왜 안잡아 땡... 옳지 옳지 이걸 할 때 중요한 게 있어요 보호자님이 당기는 게 많은 게 아니라 약간 '어쟈쟈쟈' '아구구구' '아구아구' 연기 하셔야 돼요 아 어어어 어흐흐 흐흐흐 - 어 아이구   - 그렇지 그렇죠 그렇죠 잘한다 - 어 어   - 잘한다 그렇죠 그러다가 살짝 앉아 보실까요? 살짝 앉아서 조끔씩 줄 당겨서 이걸 자꾸 약간 이걸 할때 천천히 흔들어 주셔야 돼요 흔들어 주면서 얘가 당기면 딸려가 주기로 하고 이렇게 자꾸 슬쩍 예뻐해 주기도 하고 막 발버둥 치고 싶은데 ""어? 네가 힘이 너무 세서 안 빠지네"" 요런 느낌으로 아 이건 뭐 셰퍼드네 커피 그거 저기 저기 그 뭐야 그거 무선 워르르르르 그거 진동벨 그렇죠 그치 그치 그치 그치 그치 그러다가 또 뺏겨 주세요 ""아야 아이고 아이고 힘들어 아이고 힘들어"" ""야~ 우리 밍키 이렇게 힘이 셌나?"" 그러다가 요번에는 살짝 땅기신 다음에 터그를 딱 잡고 있어 보세요 허리 다치시니까 앉아서 앉아서 그렇죠. 허리 다치십니다 아 ,이거 할 때 중요한 거는 잠깐만 한번 보여 드릴게요 터그를 이렇게 있으면 손이 떨릴 수 밖에 없어요 그래서 무릎 같은데 이렇게 대고 해야 돼요 그럼 이제 안 떨리니까 그러다 보면 살짝씩 깨물기 시작을 하거든요 이렇게 할 때 살짝 또 잡아요. 여기 이렇게 꽉 잡고 가만히 이렇게 이렇게 한번 해보세요 네 네~ 무릎이나 이런데 대고 하시면 안정적~ 그렇죠 그쵸 그럴때 요만큼씩 또 손으로 잡아서~ 그렇죠 얘 느낌이 어떤 거냐면 두 가지인데 하나는 ""아 왜 이렇게 안 움직여 재미없어 놔야지"" 요고 또는 지금 지금 일어서셔야 돼요. 일어서셔야 돼 자 그 다음에 줘 보세요 그 다음 자 했어요? 그러면 하~ 이스케이프 슈~ 슈~ 슈 투우사들처럼 슈 하다가 바닥을 치고 후~ 슈~ 자 개들이 새를 많이 사냥 - 이쪽으로 오시죠 - 네 새를 많이 사냥 했을까요? 토끼를 많이 사냥 했을까요? 토끼요 그렇죠 새는 개들이 사냥 하지 않았어요. 거의 잡을 확률이 떨어져요 그래서 보통 조그만한 설치류들이나 그와 비슷한 친구들 엄청나게 큰 친구들은 사실 성공률이 많이 떨어졌다고 그래요 그래서 우리 이 친구들 특징은 바닥을 통해 이렇게 움직이는 곳에 더 집중해요 이것보다요 이것보다 바닥을 통해 슈~ 그래서 하~ 히~ 하다가 물려주면 아주 좋아하죠 하하하 야야야야야야야야 자 이게 이제 이런 식으로 하다가 이렇게 딱 잡아요 이제는 달려오면은 툭 툭 제가 원하는 거는 '앉아'거든요 성격이 안 좋은 거죠? 아니 아니 아니야 아니야 아니예요 절대 아니예요 제가 생각할 때 얘는 아주 훈련성으로 따지면 되게 높아요 앉았네요~ 예스 - 앉아 라고 할 때간식을 주는 게 아니라 - 앉으면 놀이가 시작이 돼요 - 아~ 상호 협력 관계를 계속 가르쳐 주는 거죠 이게 푸드 드라이브 라고 해서 먹이로 보상하는 게 있고요 플레이 드라이브라고 해서 장난감으로 보상하는 게 있는데 푸드 드라이브는 사실 한계가 있어요 그래서 플레이 드라이브는 훨씬 더 고수준의 칭찬이거든요 근데 얘는 이게 먹히네요 이 그게 먹히는 개들이 높은 수준의 교육까지 갈 수 있어요 먹이 드라이브를 하는 친구들은 사실은 굉장히 잘해요. 잘하는데 아쉬워요 이걸 사용해서 이만큼 까지 올라올 수 있는 친구들은 정말 흔치 않아요 이야~ 이빨 갈이가 끝나고도 이 정도의 드라이브가 살아있다면 와... 얘는 국가를 위해서 일해야죠 네이비씰, 네이비 독 뭐 이런게 없나? 네이버(?) 독, 네이비 독 나중에 뭐든 해 보세요 냄새 뭐 뭐 탐지견이든  아니면 뭐 경찰견이든 농담이고 도그 스포츠같은거 하면 잘 할거예요 이런 친구들은 원반도 잘할 거고요 나중에 뭐 어질리티도 잘할 거고요 아마 뭐든 한 획을 그을 겁니다 다시~ 이제 얘가 이 룰만 배우면 잡으면 놓고 있어 볼게요 냄새 맡고 엎드리면 엎드리면 예스~ 예 그렇죠. 이러면은 훨씬 더 빨리 놓죠 아야야야야야야야 와와와와와 옳지. 지금 유치거든요 유치인데도 이 정도면 나중에 영구치로 갈면 훨씬 더 드라이브가 좋아져요 왜냐면은 이가 튼튼하니까 자신감도 높아지거든요 우리 (스탭이) 저기 도그 스포츠를 하거든요 느낌 좋죠? 느낌 좋지? 하겠지? 로건이도 요 정도 하나? 플레이 드라이브가 없어요 그치 플레이 드라이브가 없으면 한계에 부딪힌다니까 탐나. 탐나는 ""자네 이름이 뭔가? 자네, 도그 스포츠 할 생각 없나?"" 아니 뭐 행동상의 문제를 고쳐드려야 할 것 같은데 얘는 문제가 없는 개예요. 그냥 만족스러운 개입니다 잘나게 태어난 걸 어떡합니까 이거를 한번 보호자님이 직접 해 볼 거예요 먼저 재밌게 막 놀아주다가 보여줬다가 훅~보여줬다가 훅~ 이거할때는 ""우와 우와"" 이러시면 안 돼요. 초보호자님들은 이래요 손이 올라가요. 약간 뭐라 그럴까 훈련사 티를 낼 때는 이 팔꿈치가 옆에 닿죠 옆에 떨어지지 않죠 훅~ 훅~ 이제 어설픈 분들은 워여여여여여 자 한번 해보시죠 밍키 후~ 밍키 밍키 밍키 이거봐 후~ 밍키 후~ 하하  줘보세요. 잘했어요. 요번엔 이렇게 해볼까요? 훕~ 훕~ 훕~ 훕~ 훕~ 훕 이렇게 이렇게 - 훕~ - 그렇지 - 훕~ - 그렇지 그러다가 재미있게 하다가 툭 던져주셔야 해요 그러다가 뺏기면 조금 이제 망한 건데 네 그러다가 던져야돼 그러다가 던져야돼 그러다가 그렇게 몰래 던지면 어떡해요 진짜 못해 먹겠네 아~ 좀 재미있게 놀아주세요 이거 갖다가 - 뺏는다 뺐는다 - 일루와 일루와 으으으으으으으으 아야 아야 아야 아야 그렇지 그렇지 ""와! 힘세다""그러면서 토닥여도 주고 와 힘세다. 왜 이렇게 힘세? 이번에 딱 잡고 슬쩍 일어서서 앉거나 엎드리면 주는 거예요 괜찮아요 괜찮아요 그렇죠 그럴수 있어요 아 드라이브가 좋은 애들은 머리가 좋죠. 그럴수록 앉으면 주래. 자기야. 앉거나 엎드리면 잘하셨어요. 잘하셨어요 그리고 이게 되면 자~ 물어요. 그러면 가까이 가서. 이야~ 이야~ 그리고 와서 입에 있는 걸 놓게 할 때 이렇게 하는 거예요 던지고 따라가고 ""야 ,퍼피! 야"" 뛰어요. 뛰고 와서 이렇게 해서 이걸 잡으면 안 돼요 버리버리버리 이걸 놓으면 던지고 따라가고 가자가자가자가자가자 이렇게 하고 놓으면.. 끝! 이렇게 해서 회수를 하는거죠 이게 잘되면 나중에 하나 가지고 하면 돼요. 하나 가지고 최고 자 한번 해보세요 자 먼저 하나 갖다가 재미있게 놀아주세요 네 다시~ 물면 와~ 이쪽으로 달려오셔야 해요. 달려오셔야 해 그 강아지가 입에 있는 걸 놓으면 갖고 있던 것을 아이구 미안미안미안미안 자 무릎 꿇고 비셔야죠.  무릎 꿇고 비세요. 하하하하 너무 세게 밟아가지고 자 이게 중요한 게 자 여기서 ... 괜찮아 어.. 오른발이 약간 부상 입었어 괞찮아 놀다 보면 다치고 그러는 거야 놀다 보면 다치고 그러는 거야. 그러는 거야 근데 너무 드라이브가 좋아서 너무 재미있게 놀다가 뭐 그럴 수 있어요 얘도 나 밟고 나도 밟고 서로 밟고 그렇죠 아이고 엎드렸어? 엎드렸어? 잘했어. 내가 이거 던져줄까? 자, 이렇게 있을 때 하나 툭 던져요 던질 때도 중요한 거는 이렇게 던지는 게 아니라 바닥으로 던져야 하고요 가까이 간 다음에 물면 브르르르르르 그러다가 이거 안 물어요 다시 이렇게 왔다가 헤헤 가자 가자 가자 가자 물면 가자~ 다시 가자 가자 요거 요거 아야야야야야 물고 와야 해요.  보면은 또 여기서 우와 잘했어 이야 퍼피 부르르르르르 살금 살금 우와 아따가따가 앗따가 따가 물지마 물지 말라고 이러다가도 놓으면 물지 말라고 예~~ 우어어어어 우어어어어 하다가 브르르르루 호 이렇게 놀아주면 옆에 개가 아무리 꼬셔도 보호자님이 제일 재미있어요 저렇게 에너지가 넘치는 얘는 이렇게 놀아주면 정말 ""어휴 시시해. 우리 보호자님하고 놀꺼야"" 개들끼리 막 놀다가 이제 집에 가야돼 그러면 ""밍키! 이리와 ""했더니 내 강아지만 달려오는 거야 ""밍키! 이리와"" 그죠 다른사람들은 안와 근데 내 강아지가 와서 줄 묶으고 ""다음주에 봐요""하고 가면 이게 멋있지 어? 다들 그렇고 싶지 않아요? 다들 이렇지 않아요? ""밍키 밍키 죄송합니다. 밍키 어우 죄송합니다"" ""어우 밍키 쟤 왜 저래?"" 자 우리 그러지 말고 재미있게 우리 터그놀이를 하면서 그러면 저렇게 리콜도 너무 재미있게 올 것이고요 밖에서 반려견 운동장? 그거 시시해서 이제 안 갈 거예요 아~ 야 이거 뭐 '교과서로만 공부했어요'인데 '학교 공부에 충실하고 교과서로 예습, 복습 다 했어요' 뭐 이런 느낌인데 아 국가를 위해서 일해야 될 사주인데 관상이 보통 관상이 아니야 여하튼 되게 아주 뭐 열심히 잘 키워 주시면 뭐 아주 훌륭한 친구가 될 것 같아요 성격이 너무 좋고요 아까 플레이 드라이브도 좋았고 먹는 것도 좋았고 체력도 좋고 지금 4개월 됐다고 그랬나요? - 4개월?  - 아직 안됐어요 우와! 4개월이 안 됐대. 4개월이 안 됐대! 뭐 여하튼 아주 기분이 좋습니다 오늘은 제가 너무 재미있게 놀았던 거 같아요 뭔가 뭐 이런 거 있잖아요 뭐 오디션 같은 거 딱 보면 노래 진짜 잘 불러서 막 감동하는 심사위원들 있잖아요 약간 제가 그런 기분을 느낀 것 같아서 오늘 되게 기분 좋았고요 정말 좋은 강아지고 뭐 잘 키.. 잘 키우십쇼 - 네  - 훌륭한 강아지가 될 수 있습니다 오늘 터그 놀이하고 리트리브만 하는 거만 연습만 잘해도 아마 되게 좋을 거예요 아주 기가 찬 강아지입니다 네.  오늘 제가 기분이 너무 좋았어요 다음에 또 뵙겠습니다 끝났어요 농담이예요 자, 의자 가지고 앉아 보죠. 네 눌러보개 보듬",
5,https://www.youtube.com/watch?v=JC_PMiAtPMo,JC_PMiAtPMo,"How to play nosework from the very basic step (with a child, build up a dog's self-control power)",강형욱의 보듬TV,"노즈워크 놀이방법 A to Z까지 뭐 여러 가지 좋은 방법들이 있어요 냄새 맡는 거는 아주 좋은 활동인데 조절력 자제력이 없으면 아주 난장판이 되거든요 냄새를 맡게 하고요 줄은 이렇게 타이트하게 잡아요 그 다음에 코담요에 슬쩍 던져요 그리고 지금처럼 달려나가지 못하게 잡아요. @.@ 눈이 마주치면 시작해요! 아주 간단하죠 바로를 잠깐 기다리게 하는 것만으로도 분명히 이 친구는 조절력을 익힐 수 있어요 바로가 냄새를 딱 맡는 걸 멈추고 저를 쳐다보면 전 부를꺼에요. YES~ 간식 던져주고 휴대폰 보고 있다가 눈길만 쓰윽... 던지는 것이 아닌 내 반려견에게 집중하고 있었어요 우리 바로가 저를 쳐다보고 난 다음에는 이리 와,이리 라고 하지 않고 제가 한 바퀴 뱅글뱅글 돌면서 제가 한 바퀴를 뱅글뱅글 돌면서 다시 처음 자리에 있게 유도했어요. 보호자는 이런 거를 하는 거예요 그냥 사 주고 간식만 던져주는게 아니라요 다시 한번 똑같이 해 볼게요 바로는 준비돼쓰! 간단해요 아주 간단해요 냄새 맡게 하고요 yes ~ 찾아. 아주 쉬워요. 그리고 똑같아요 반려견에게 집중하고 있어야 되고 아~ 잘했어 줄은 당기고 있지 말고 느슨하죠 하지만 간식이 던져졌을 때 가고 싶어서 일어나면 당기는 게 아니라 줄이 더 이상 늘어나지 않게 하는 거예요 이번 3번 째에는 바로 튀어 나가지 않았어요 고민하네요.  소용 없어요 yes~ 제가 기다렸던 건 눈이 마주치는 거였으니까 눈이 마주치면 허락해줄거에요. 잘했어. 뽀삐뽀삐~ 아이구 잘했어 이제 바로가 이제 뭘 할 줄 아니까 예측하는거죠. 이 사람이 뭘 원하는 건지 코담요에 코가 닿지 않을 정도로 줄을 잡고 있을거고요 냄새 한번 맡게 해 줄 거예요 제가 보호자 님들한테 ""냄새 한번 맡게 해주세요"" 라고 하면 어떻게 하는지 아세요? 냄새 맡아봐~ 아이고 먹었네?! ㅇㅁㅇ 이런 말도 안되는 ... 간식을 잡고 이렇게 냄새만 맡게 하는 거에요 다시 이렇게 이게 냄새 맡기 하는 거예요 자 냄새 맡아~ 어 이거 먹으면 어떡해~ 이 무슨.. 이렇게 하면 안되요 ◆냄새로 힌트 ◆간식 툭 ! 예스~ 눈이 마주치면 먹게 해 준다고 그랬죠? 지금처럼 먹게 해 주는 거예요 냄새 맡다가 찾았죠? 막 칭찬하는 게 아니라 쳐다 봐요? 잘했다 잘했다 다 하고 돌아오는 거에 대해서 칭찬하면 돼요 뽀삐뽀삐~ 아이구 바로 잘했어 이제 몇 번 하다 보니까 간식이 떨어졌는데도 바로가 바로 튀어나가지 않는다, 그죠? 예스~ 카메라가 여기 있는 데도 시계방향으로 이렇게 돌아서 바로를 제 왼쪽에 두잖아요 바로하고 저는 약속이 있어요 내 왼쪽, 그러니까 바로의 오른쪽에 내가 있고 저의 왼쪽에 바로가 있어요. 이렇게 걷겠다고 어려서부터 약속한거에요 불러들이고 한 바퀴 돌게 하는 방법에서는 ◆ 서로 편안한 행동 패턴을 만드는 것도 GOOD 바로의 행동 패턴을 따라서 도와주는게 좋아요 그래서 제가 바로에게 먹어~ 라고 할때에도 동작도 함께 표현해주는 이유는 바로는 먹으라는 말을 기다리는 거기도 하지만 기다리는 상태를 풀어줘라는 표현이기도 해요 그럼 제가 '풀어 줄게' 라고 하면 풀어 주면 자연스럽게 냄새 맡는 행동과 먹는 행동을 할거에요 '먹어' 라는 말도 좋지만 오케이 라고 하면서 기다리고 있는 것을 풀어주는 것만 하는거죠 그 때 중요한 건 많은 보호자님들이 그냥 '먹어'라고 말하며 무미건조하게 신호를 보내는 경우도 있어요 근데 그러지 말고 Yes! 아니면은 됐어! 라고 동작까지 해주면 지금처럼 잘 반응할꺼에요 다시 한번 해 보죠 아까보다 훨씬 더 안정적이에요 바로는 이런 교육을 수도 없이 했지만 이런 교육에 앞서 몇 번의 연습이 필요했잖아요 반려견 교육은 잘 만들어진 리모콘의 버튼을 누르는 게 아니라 꾸준히 호흡과 신호체계를 서로 재확인하는 과정이에요 이리와 지금도 바로를 자연스러운 왼쪽으로 돌려줬고요 잘했어 ♥ 자 지금 정말 별거 아니죠 이 놀이를 하면서 어떤 효과가 있을까요? 간식을 먹고 싶지만 잠깐 기다려야 돼요 그러면서 조절력이 키워지겠죠? 사회성, 참을성이라고 하는 것은 근육 운동 많이 하시잖아요 근육운동이랑 공통점이 있어요 운동 열심히 하루해서 드라마틱하게 아주 멋진 몸매를 갖는 건 아니잖아요 가랑비에 옷 젖듯이 매일매일 쌓아가면서 몸이 조금씩 좋아지는 것처럼 반려견 교육도 꾸준하게 하는 게 정말 중요하거든요 그래서 지금 잠깐 이렇게 참을성이라고 하는 것을 배운 바로는 매일매일하게 되면 자 보호자님 보세요 바로가 여기 낯선 사람도 있고 카메라도 있는데도 그냥 제가 간식을 좋아하는 강아지임에도 불구하고 이 놀이가 잠깐 끝나니까 가만히 엎드려 있네요 지금 이 모습은 교육으로 되는 게 아니에요 지금까지 어떻게 살았는지 가 이 모습을 만들게 하는거에요 이 코담요만 사준다고 바로처럼 만들어주지 않아요 절대 이 코담요를 어떻게 사용하는지 되게 중요한 거죠 바로는 엎드려있는게 불만족하지 않을거에요 왜? 조금 뒤에 냄새 맡는 놀이를 할 수도 있고요 이 사람 옆에, 아마도 바로가 좋아하는 사람이지 않을까요?(으쓱) 좋아하는 사람 옆에 가만히 있는 건 편안하다고 느끼기 때문일거에요 ◆규칙 없는 자유분방? 행복한 삶 아니다. 남에게 피해를 주지 않고 또 그 안에서도 기분 좋게 있을 수 있다는 게 행복이라고 느끼셔야 돼요 간식을 던졌을 때 막 가고 싶어하는 개를 못 가게 하는 것이 불행이라 생각하지 말고요 막 가고 싶어하는 개가 잘 참을 수 있게 되는 것이 행복한 거라고 생각하셔야 돼요 근데 가끔 많은 사람들은 내 개를 조금이라도 참지 못하게 만들어요 그래서 먹고 싶어하면 그냥 손에서 놓치면서 '아휴~보기는 좋다~'하는 경우가 있더라구요 자기 조절력을 키우는 건 사람도 개도 행복해질 수 있는 좋은 과정이고 필요한거라고 생각해요 이런 연습을 충분히 하시면 줄을 놓을거구요. 우리 바로에게는 기다리라고 할게요 그 다음에 간식을 여기에 숨기는 거에요. 괜찮아요 얼마든지 일어날 수 있어요 다시 아까와 똑같은 방향으로 돌게 할 거고요. 앉힐 거구요 지금 바로는 뭘 생각하냐면 okay 를 지금 기대하고 있어요 왜냐하면 지금 앞에 했던 교육이 okay라고 하면은 저 간식을 먹는 거니까 지금 그걸 기대하고 있어요 그리고 저를 쳐다보고 있잖아요 이번에는 아까처럼 간단하지 않고 조금 숨겨볼께요. 한 3개 정도? 여기도 한개 숨기고 여기다 하나 숨겼구요 그리고 바로에게 걸어갈텐데, 걸어갈때 뭐 건강하시겠지만 이렇게 일어나잖아요. 으쟈쟈쟈쟈 이렇게 일어나잖아요 그러면 강아지가 일어나서 그냥 확 오는 경우가 있어요 그래서 일어나기 전에 손바닥 보이고 2-3 초 정도 있다가 일어날 때 아따따따따 어, 저기 봐봐 꼬리가 꿈쩍꿈쩍 거리죠. ◆ 손바닥을 보이며 바른 자세로 일어나기 꼬리봐봐, 꼬리는 못숨겨 OKAY 충분히 기다려가 되어있지 않다면 손바닥을 보여주고 몸을 숙이지 말고 이렇게 한 다음에 정면으로 일어나셔야 해요 몸을 숙이면 바로 달려올 거예요 그리고 처음에는 오자마자 바로 가서 먹게 할 수 있지만 시간이 지나면 지금처럼 뭐 3-5초 더 길게는 10 초까지도  기다리게 하는거죠 OKAY 찾아! 아 그리고 또 하나 먹는 과정에서 삐뚤다고 해야 하나? 코담요가 삐둘어지는 경우가 있어요 그런데 펴주고 싶어하는 보호자들이 있어요 노즈워크 할 때 펴주지 마세요 구겨진 상태에서 노는게 더 재미있는거니까 그리고 제가 코담요를 좋아하는 순간이 바로는 자발적으로 코를 쓰면서 자발적인 활동을 하면서 이 활동이 끝나면 저에게 '나 끝났어~' 라고 표현하는 이게 좋아요 옳지, 잘했어 노즈워크 아이와 함께 교육하기~ 주운이가 조금만 더 크면 지금 만 35개월 정도 됐으니까 제가 기다려를 시키고 주운이한테 숨기라고 할 거예요 주은이가 숨기고 다 숨겼으면 주운이 뒤로 가있어 라고 하면 찾아! 라고 해서 찾게 하는 놀이를 할 거예요 그렇게 되면 좋은 게 또 있어요 아이의 물건을 아이가 갖고 있는 음식을 뺏어야 된다라고 생각하는 게 아니라 내가 기다리면 간식을 먹을 수 있다는 걸 배울 수 있어요 아이랑 할 때는 줄을 좀 잡고 하면 좋을 것 같아요 혹시 모르니깐 말이에요 그리고 우리 주운이도 이 놀이 정말 좋아할 거예요 내가 숨길께, 내가 숨겨볼께 라고 하면서 숨길거란 말이에요 숫자개념 있는 아이들 같은 경우에는 몇 초만에  찾는지, 이런 것도 좀 해 봐도 좋을 거 같고요 이렇게 되면 아이들이 강아지에게 음식을 줄 때 어떻게 주면 좋을지 간접적으로 배울 것이고 반려견도 아이가 가지고 있는 음식을 무작정 달라고 해야겠다고 배우지 않을거에요 너무 재미있는 교육이죠 인간들은 너무 많이 착각해요 내가 감동받을 때 교감한다고 착각해요 강아지하고 얼굴을 맞대고 있을 때 감동받는 사람들이 있어요 강아지를 꽉 껴안고 있을 때 감동받는 사람들이 있어요 3-4 마리의 반려견이 얼굴을 박고 밥 먹을 때 감동받는 사람들이 있어요 근데 그건 우리만 느끼는 감동이에요 제가 느끼는 교감이라고 하는 것은 보호자와 반려견이 서로 욕구를 발산하는 과정에 서로 그 욕구가 맞아가고 있다는 느낌을 이 노즈워크를 할 때 많이 느끼거든요 바로도 코를 쓰면서 뭔가를 원하고 있고 저는 기다리고 있다가 다 찾으면 다 찾았어? 잘 못찼겠어? 내가 도와줄까? 너무 잘찾았어~ 이 과정을 저는 교감이지 않나 생각해요 가끔 tv를 보면 돌고래 쫓아다니면서 교감하고 있다고 생각하는 경우도 있죠 제가 말하는 경계하는 교감이 그런 교감이에요 그런데 저는 딱 이 놀이할 때 산뜻하고 기분이 좋아요 놀이하고 났을 때 바로도 질척거리지 않고 지금처럼 앉거나 엎드려 있는 이 모습을 갖출 수 있다면 이 연습만 충분히 해도, 반려견 데리고 카페를 가든 혼잡한 도시에 가든 얼마든지 그 상황에 적응하려고 노력하고 적응할 수 있는 강아지가 될거에요 그리고 이 놀이를 하면서 보호자님도 많은 핸들링을 익힐 수 있어요 연습이 충분히 되면 이제 다른 사람에게 하게 하는거에요 저는 주운이랑 하는 상황을 이야기했는데 아는 친구, 낯선 사람이 숨기는 간식도 찾아보는거에요 그렇게 되면 '저 낯선 사람하고도 상호협력관계를 맺을 수 있나?' 라고 하는 좋은 기분을 느낄 수 있어요 낯선 사람도 훨씬 빠르게 친해질 수 있을꺼에요 코담요를 이런 교육을 할 때 사용하면 아주 도움이 많이 될꺼에요 놀이 끝났으면 접어서 치워주셨으면 좋겠어요 코담요를 계속 깔아두는 경우가 있더라구요 안되요~ 절대 안되요~ 가끔 어떤 경우들은 코담요를 너무 좋아하는 나머지 소유욕이 발동하는 경우가 있어요 집착하는거 말이에요. 너무너무 안좋아요 그러니까 보드게임 다 하면 잘 치워놓잖아요. 나중에 또 가지고 놀려고 똑같아요 이것도 가지고 놀았으면 살짝 털어야겠죠 밖에서 털어서 잘 접고 보관하면 좋을 것 같아요 눌러보개 BODEUM",
6,https://www.youtube.com/watch?v=3ZVNm7iEGt4,3ZVNm7iEGt4,Important educational tips for puppies that has never taken a walk or lived in a city (Samoyed),강형욱의 보듬TV,owl [음악] 탄 색은 좀 취약 하셨어요 3주 정도 되었구요 하루에 두 번씩 이어 어 그 우리가 도시에서만 이사시 잖아요 도시에 사시는 분들은 강아지를 산책 한다고 하면은 공원 만 갈려 그래도 뭐 사거리를 2개나 넘어야 되고 지금은 좀 어떻게 하세요 또 크게도 세안 이들은 이제 괜찮은 아파트 살고 있는데 아파트 단지를 좀 돌고 있고 조치 아파도 설명을 딱좋아 딱 좋아 뭐 단지를 형성 되어 있으니까 아파트 왓다갓다 벌이면서 내가 a 동에 살면 그냥 애 이동 피도 왔다갔다 돌고 괜히 주 좋은데 간다고 5원 자꾸 가고 그러지 마시고 지금은 이 짧게 짧게 집 근처 럼 아싸 갖던 몇 번 반복해야 되요 근데 크게 한 바퀴 도는 것은 아주 친구들한테 거 불 현 책이 재미있는 게 아니라 산책을 좀 무섭게 만들 수 있어요 외치게 살아라 수출 중 17층 lee 같아야 되겠다 17층 만약에 될 테냐 이 침이나 3층 해서 전해 지어서 걸어 내려가야 밖에 외출할 이러면 1층에서는 문 열리면 사람들이 좀 대기하고 있을 때가 있잖아요 그럴때 이제 공연을 가끔 제어 예쁘다 라고 해 주시는 분도 있고 빨 9 얼굴 강아지 개 4 약간 놀라시는 분들도 있고 그런데 이 두 개의 피드백이 막 좋지는 않아요 와 이쁘다 라고 하는 것도 좋지가 않아요 사람들은 야 뭐 되면 되면 아는 척 안 하는게 좋은데 근데 부터 우리가 아직 연습이 안 돼 있어서 그런지는 몰라도 엘리베이터를 좀 서로 빠르게 타고 싶어 하잖아요 그래서 내리는 사람을 기다려 주고 그 다음에 이제 차고 싶은 사람이 두 번째로 타는게 아니라 서로 이제 가끔씩 못보고 뽀뽀할 때 잊지 못 보죠 [음악] 그렇게 그래서 제가 만약에 아파트에 살면 그 구절처럼 고층에 한다 2층이라 3층에서 내려서 이렇게 걸어갈 것 같아요 1 친 사람들아 같이 이렇게 이야기하면서 앉아도 시키고 같이 제 옆에 있는 모습 계속 살면 설명 없이도 않아요 제가 한번 해보세요 도움이 될 거에요 예 [음악],
7,https://www.youtube.com/watch?v=-j32hc_pdi0,-j32hc_pdi0,Don't touch me!! you can't touch me even though I am cutie (mix dog baba),강형욱의 보듬TV,[음악] 으 좀 예민하고 장난끼가 좀 부족한 또 호기심 보다는 걱정을 조금 더 많이 하는 근데 이런 친구들은 좀 우리가 어 신경을 좀 더 써줘야 될 것이 낯선 사람을 무서운 상황에서 만나지 않아야 돼 항상 그래서 지금 보호자 님 뭐 해 주려고 할 때 물리는 거죠 프로섬 안 이제 왔으니까 칭찬 해 준다거나 하려면 그냥 그 손을 무는 것 같고 발하고 이렇게 조금씩 였거든요 소변이 볼까 마저 요 그럴 때 좀 싫어 일까지 몸부림치다가 물려고 하고 그런거 같아요 그 건물은 거라면 지금이야 대하여 터치를 하면 안되요 지금 이해가 원하는 것은 다 너를 위한 거야 라고 하는 좋은 행동들 있죠 보호자 만 알고 있는 좋은 애들 그런 행동은 싹 돼야 돼요 웬만 하면 터치하지 않는다 이거 를 중심으로 하고 지금 간식 이렇게 주면서 천천히 천천히 몸 터치하는 걸 좀 가르쳐 줄 거거든요 먹는 기쁨 만큼 좀 불편 함을 얻는 거에요 우연 이미 그건 냄새 받게 해 주시고 이 나이 자립과 창 지금 만져줄 때 지금 보호자 님 이렇게 이렇게 만져 주잖아요 근데 그렇게 하지 말고 조금 수위를 낮춰 보자고요 살짝 됐다가 뗀다 느낌인 거예요 간식 냄새맡고 뭐 b 시작할 때쯤 c 어깨에서 되요 그리고 먹어요 그리고 소니 워너 때 어지고 그다음 간식을 먹어요 그러면서 점점 점점 낯선 사람의 손이 나쁘지 않네 그냥 간식 먹을 정도 4 이 정도가 되면 이제 부터는 조금씩 달라지는 거예요 냄새라며 냄새만 맞게 해요 그 다음에 손이 갈 거구요 만졌다가 떨어지는 순간이 줘요 손을 대고 있는 것을 견디면 간식을 먹는 거에요 4 냄새 맡으면 예 그때 손 살짝 건지시고 간식 주세요 뭐 꼭 손 빼고 다 먹고 그렇죠 주지 마시고 이제 왼손이 강아지 몸에 같구요 아들 태 써요 예 맞아요 [음악] 만약에 재미있는 놀이를 할 때 거 끄러움을 신경쓰지 않아 줄 수 있어요 근데 지원 책을 읽을 때는 아기 껏 끌어 가지 책도 못 보겠네 라고 하게 되잖아요 그런 식으로 조금씩 조금씩 보고 잔 님 또 엄마 되는 우리 보호자 님이 든 이렇게 간식 주면서 터치에 대한 부담 함을 늘려줄 눌러주자 고요 처음에는 어떻게 먼 뭐 머리 다리 오디 이런식으로 하나씩 하나씩 앓는 거에요 어 새로운 사람들을 만나서 가까이 있지만 만질 구박 노력하지 않고 보호자인 이라고 이야기 하잖아요 이런 사람을 자주 만나야 돼요 이 친구 초기에는 빡 만져 주기보다 지금처럼 밥 너무 좋아하니까 밥 먹을 때마다 이런 연습을 좀 해보는 거에요 청소 에는 큰 아니다 드는게 가장 성각의 만지거나 안아주거나 그것은 최대한 줄이면 좋고요 만약에 만져주세요 만지고 싶을 때는 이걸 연습하는 거에요 아 으 222 으 tote 아 아 아 아 아 아 아,
8,https://www.youtube.com/watch?v=G4gcMsGgqII,G4gcMsGgqII,"(Samoyed Cloud)Regular mistakes of wait training, you can't do this",강형욱의 보듬TV,바쁠때 독이다 를 직접 꺼리며 10초 넘어가면 지 저요 빨라요 10초 늘 기다리게 한다구요 예 기초를 기다리게 해요 포 안좋은거 아니에요 식초로 기다리게 해야지만 바이 아 으 으 [음악] 좋습니다 우리조 머 스 프 레 라 오신 이유가 어떤거 가 있어요 어떤 이는 고민이세요 후 kcp 뭐가 있을까 요즘에 자기 2장 일좀 내준 것 같아요 예 참 혈자리가 지장이 있어 가자 뭐 늦게 들을 어떤 주장이 했어요 기다 를 시켜 버린 넣어서 초 요즘에는 이제 수초 뭐 가면 이제 지 저요 빨 식초를 기다리게 집 초록이다 얘기해요 처음 쉬고 너무한거 아니에요 10 총 기다리게 했지만 거야 어 뭐 보셔요 클러스터 않는 데에 3 결절이 한테 지금 10초를 기다리겠어요 네 그렇죠 이 초면 되죠 2초 전 되지 감귤 자료 2 촛불의 하유 식초와 겨자를 대단하고 하심 한식 있어요 쏘우 의 예처럼 제가 꿀도 되는 이런 느낌을 가르쳐 줘야 돼요 아 뭐 이 친구를 꼭 염분 혼자 앉았어 너무나 이렇게 같이 봅시다 5 임하는 모든 분들이 좀 계획을 가지고 키우고 싶어요 근데 무서워 하는게 먼저 해요 그 계획이 흐트러지는 걸 무서워요 그 얘기 맵은 흐트러질 거거든요 매번 계획대로 안 될 거에요 그래서 내 번 힘들어해요 강아지는 이를 기분에 담아내는데 순자 봐줘 줍니다 달력에는 이 부적을 물었지 이루고 있어요 뭐 하세요 그래서 애들이 게 주말 했어요 저희가 기대치를 조금 낮춰야 되요 앉아 를 한번에 배우지 않을 것이다 엎드려 도 가르치기 힘들 것이다 기다려 는 못할 것이다 힘 그 상태에서 앉아 를 했는데 앉아 를 해 큰 기분이 어떨 것 같아요 되게 좋겠죠 그 주 옷들이 못할까 라는 엎드려 핵을 얻어 같아요 더 섞여 찌와 그죠 그렇게 살아야 돼 아 우리에게는 산책을 진짜 못하는데 배우 패 적어 로 자 이런 생각을 가지고 강아지 계신 해야지 나는 너랑 같이 캠핑을 갈 껐네 캠핑을 갈 때는 내 옆의 옆 멋지게 걷는 모습을 한번 만들어보자 이런 생각을 하면은 좌절 할 거에요 그렇죠 예 어떻게 좀 힘드 힘들어요 이렇게 혼잡 알려고 하고 네 안에 이렇게 앉아서 버티고 나 이런게 좀 있는것들 크라 이게 강아지 산책을 판결 꽉 찰 때까지는 그냥 동네에서 만 딱 델고 원이면 되요 자기가 잠 자고 쉬고 또 내가 좋아하는 모자랑 있었던 곳 있죠 여러 지는 것 자체에 대한 스트레스가 있어요 크게 한 바퀴 도는 것은 다시 책을 좀 무섭게 만들 수 있어요 처음에 산책할 때는 집 근처 럼 안 왔다 갔다 몇 번 반복해야 되요 그렇게 한번 해 줘 보세요 대통령이 감사합니다 아주 아주 도움이 될겁니다 w 5 넹 verse2 아 222,
9,https://www.youtube.com/watch?v=OidS2c4siy0,OidS2c4siy0,"The puppy already knows that it has its own room, my kennel where I can rest!! (Mixed Dog Baba)",강형욱의 보듬TV,테이 션 모드가 때도 4차로 움직일 때도 분해 캔들이 너의 공간이 야 풋내 가져가면 됐거든요 어 예 어 그리고 애기때 배움의 좋을 겠어요 켄 4 인데 까요 시기 때 단식 먹으면서 캔 4 에 들어가는 연습 많이 하면 아 정말 도움이 많이 되거든요 공헌 해보자구요 한식 잊어 아니 틀어 예 [음악] 5 벌써 어 드러낸 가는데 거부감은 없는 것 같은데 잘 아셨나요 그래요 음 20 4 4 가로 될 거라고 생각하지 말고 그냥 여기 들어가면 우물이 있을거라 생각 못 하겠는데요 그래서 그냥 지나가다가 아직 몇 개 쉽게 속 번져 줘요 엉뚱한 거 만들지 말고 캔들이 너의 공간이 야 그럼 나중에 차로 움직일 때도 뭐 펜션 놀러 갈때도 켄넬 가져가면 됐거든요 그 외에도 팁을 하나 드리면 집에서 이제 붙박이로 쓰는 캐내 리라면 않다는 게 좋고 들어갔을 때 한 바퀴 돌아야 되고 들어가서 밥까지 먹을 수 있을 정도의 넓으면 좋아요 지금 딱 맞을 거에요 저는 거에요 [음악] 준장 하는 강아지는 머리로 들어갔다가 엉덩이로 나와요 근데 긴장 안 하면 두 다리까지 들어가서 한바퀴 돌아 나와요 [음악] 얼굴로 나오네 아주 좋아요 자 이렇게 해보세요 들어가서 한바퀴 돌면 나오려고 하기 전에 손에 있는 간식을 먹게 해 줘 보세요 그렇죠 예 그래서 그렇죠 몸이 이 안에 있는 상태에서 보호자 님한테 간식을 받아 먹어 보는 거에요 그래도 지금도 이거 몇 번 반복하면 반식 이 없어도 그냥 들어가 들어가 있는 강아지한테 골프 잘했네 라고 간식 주는 거에요 운동이 크러치 크 택하셔서 3 그렇지 그렇지 여러 치 이제 이걸 몇번 방법을 하면 이 친구가 아메가 들어가 있을 때 간식을 먹는 거야 이걸 배우게 되요 그럼 잘 흐르게 여기를 좋아하게 되고 어느 순간 여기서 잠을 자기 시작을 한다 쉬 로 들어가는 것 같아 라는 느낌이 딱 뜻이잖아요 부분 닫아놓고 식사 하시면서 간식 하나씩 주세요 15분에서 20분 정도만 캔 엘의 있기 그럼 이해를 알 거예요 어 부장님 식사할 때는 내가 캔 엘의 들어가 있어야 되네 이게 이제 공식이 되겠어요 으 으 으 [음악],
10,https://www.youtube.com/watch?v=sfwCZtPJpXM,sfwCZtPJpXM,How to rest comfortably in a relative's house+What is with those who abandon their dogs on holidays?,강형욱의 보듬TV,베이지 5 님이 주신 사야 돼요 어 결혼하고 첫 번째 명절이 에요 어 요번에 하셨나 부탁이 줘 음 멍멍이 데리고 가는거 허락은 하셨는데 낯선 시댁 식구들이 모두 모이는 자리에서 우리 반려가 된 멍멍이가 스트레스 받지는 않을 까요 식구들 많이 모이는 집에서 잠은 어디서 어떻게 세워야 우리 반려견이 편하게 쉴 수 있을까요 좋은 방법이 있으면 알려주세요 우리 보호자 님 켄 네 라고 하는게 스캔 4 켄 4 레서 대기하고 거기서 잠자고 기다리는 연습을 해 놓으시면 지금 고민 하시는 거 거의 대부분 없어질 수 있거든요 우선 제가 말씀드리고 싶은 게 있어요 어 개를 데리고 다른 5 다른 사람 특히 만약에 크지 개가 있으면 생각이에요 제가 만약에 보호자 님 같은 상황이다 라고 하면 예를 들어 친척집에 가요 친척집에 가서 바로 개를 데리고 친척 집에 들어가지 않을 거에요 그냥 그 동네 주변 좀 산책할 거에요 아따아따 움직이고 산책하다가 어 켄 4 가지고 우리 개가 익숙한 켈 4를 가지고 같이 이렇게 올라갈 거예요 그 다음에 켄 넬은 뭐 우리가 점차 는 방이 있을 거 아니에요 만약에 방이 뭐 뭐 작은 방을 좀 더 해 주셨다면 그 캔들을 작품 방에다 이렇게 두고 줄을 풀지 않은 상태에서 줄을 맨 상태에서 약간 봉 강아지 동반 가능한 카페에 간 것처럼 이해 되시죠 거기 간 것처럼 내 반려견 줄 매고 그 우리 저 친척집 왔다갔다 움직일 거에요 어따 갖다 움직이고 또 줄 맨 상태에서 뭐 쇼파 에도 않고자 이도 안고 여기서 좀 필요한게 있다면 은 뭐 친척들 한테 너무 인사를 적극적으로 하지 말게 끔 친절한 거하고 적극적으로 인사하는 건 조금 다른거 같아요 적극적인 회사는 뭐 껄떡대는 것 같은거 있잖아요 놀아봐 어 빵 앉아 엎드려 꼭 이런 삼촌들이 있어 예전에 한번 저희 신청은 아닌데 지인이 저희 배울 거에요 앉아 라고 하니까 다 우리는 되게 잘 하거든요 아니 그냥 누군가가 자기 앞에 서는 앉아 0 일행 타우린은 그 최 씨 같은 경우에는 앉아 라고 하면 조금 쌩 하거든요 이렇게 쌩 해요 그러니까 난 울어 보는거 요약 훈련사 강아지가 앉아도 못해 오라고 하더라구요 그리고 * 댓글은 안 했어야 허허 하고 말았는데 아오 웃기는 짬뽕 이 줘 왜 왜 왜 죽어야 가지고 얘기해야 돼 그래 예 의상 않잖아요 4 이렇듯 강아지 동반 카페 간 것처럼 시작하다가 좀 익숙해지면 그 때 줄을 풀어 놓은 거예요 근데 중요한 건 거기 있는 사람들이 내 강아지에 대해서 너무 그렇게 관심을 갖지 않는 거고 뭐 않아 되는건 더욱 또 안되고 뭐 가만히 있는데 강아지가 옆에 와 가지고 내가 가지가 저희 줘 뭐 삼촌 옆에서 앉았어 아 이런거 괜찮 초 근데 주의해야 되는 건 먹이 주지 말아주세요 또 않아 들지 마라 주세요 이것만 괜찮으면 아마 그 날은 그냥 잘 자지 않을까 싶어요 아무 문제 없을 것 같아요 그런데 만약에 내 반려 길이 무진장 짓는게 다 아니 무지 막 뭐 경계가 1 경계를 좀 한다 그런게 들은 될거 가지 않는게 좋은데 할 수 없이 될거 간다면 아까 우리 들고 올라갔던 켄 네르 있게 하는게 더 나올 수 있어요 사회성이 좀 떨어진다면 그렇지 않구 너무 밝은 강아지 다 그러면 그냥 먹이 주지 않고 뭐 이렇게 않아 들지 않고 않으려고 하지만 아니면 큰 문제는 없을 거에요 그래도 음식도 많고 사람도 많으니깐 그냥 막 플러 놓지 말고 잠깐씩 쉴때 는 캐나다 까고 가지고 왔잖아요 거기에 하우스 시켜서 쉬게 하고 그런데 아마 일반 보호자 님들은 연습이 안되있어서 캔 엘의 들어가 있는 것 자체가 우리 강아지가 힘든 거 아니야 라고 생각할 수 있는데 r 전혀 그렇지 않습니다 예 전혀 그렇지 않아요 그러니까 현대의 넣어서 쉬게 해 주시면 은 터 시 더 좋지 않을까 싶어요 알았죠 아오 일체 안 나왔으니까 켄넬 없으시면 구매 하신 다음에 열심히 연습을 해 보자구요 그렇죠 제가 줘 우리 이제 우리 이경규 형님 하고 같이 방송을 하잖아요 형님이 이렇게 좋은게 있어 좋은 이유가 이건 거짓말이 잖아 이런 얘기를 같은 할 때가 있어요 이건 버진 말이잖아 아 저는 안 그러실 줄 알았거든요 약간 좀 너무 모 방송 그런데 그렇지 않으세요 아 다하다 보면 이건 거짓말이 잖아 이렇게 하지 말자 정말 사실대로 방송도 하고 싶고 약간 좀 그런 걸 제가 많이 배우 것 은 정말 도 근데 이제 형님을 보면서 이제 저를 가끔씩 이렇게 비춰보면 진정성 이라는 것을 보여주기 위해서 노력하지 않아요 정말 노력하고 진정성 은 진실된 모습을 보여주는 것도 있지만 어 진실된 모습을 보여 주려고 노력해야 되거든요 노려 노력을 해야 돼 견제하고 근데 저도 이제 방송도 하고 유튜브 하면서 4 꾸미려고 하는 경우들이 있죠 외면 칼날 앞에 얘기들이 밀었는데 5 뭐 다들 울 타라는 얘기를 해야 되잖아요 그렇다 보니까 간혹 그런 딜레마가 있어요 빌레이 여하튼 여튼 주요 투자 지 아님 이휴 신사 아니에요 게 여 명절에 게 좀 안 버렸으면 좋겠어요 명절에 특히 6 잉 유기견 들 자주 무용 목격이 됩니다 강릉 거기가 무슨 호 여 떠라 웃은 후 연장 거기가 그때 있었죠 으 생각을 못해 아 아 아 아 경보 강원도에 계시는 그 00 분들하고 협의를 같은걸 해야 되잖아요 그래서 그 협의를 하는 과정에 그 으 거기서 뭐 6 애견과 관련된 좀 담당하시는 분이 굉장히 행사를 염려 하더라구요 그 이유가 뭐냐 했더니 혹시 이 행사를 참가하고 돌아가는 길에 개를 버리고 가면 어쩌냐 예 뭐라고요 라는 이야기를 했는데 그 이유를 들어 보니까 피서철 또 명절 이때 유기견이 발생하면 유기견이 발견됐다 라고 이제 신고를 하면 그 분들이 제가 아시잖아요 그러면 그분들이 오랫동안 그런 경험이 있다 보니까 또 어디서 발견이 됐는지 최초 발견된 고 습 곳 뭐 이런 것들을 좀 기록 있잖아요 그 데이터들을 확인해 보니까 여행객들이 이동하는 이동경로 또 이렇게 명절때 오시는 즉위 성이라고 1 귀성 차량들이 오는 그루 투 그곳에서 많이 발견된다는 거에요 조금의 깜짝 놀랐어요 안 읽 자기에는 큰 집과 고개는 버리고 간다고 기 좀 이해가 안되요 정말 아직도 이해가 안 돼요 그 휴가 가면서 뭐 될 장타 것 이다 2구 길에다 에게 2 자기는 바캉스를 즐겨요 야 이게 뭐 이런 분들이 계신 계신가 봐요 왜냐면 통계적으로 실제로 피서지 또 그리고 또 피서지를 가는 경로 거기서 개들이 많이 발견된다는 거에요 근데 나 아직도 이해가 안 돼 그게 진짠가 홍대 통기가 있다니까 그렇다니까 뭐 어떻게 할 수는 없는데 중요 아침 1 4 같은 많이 발견된다고 합니다 그리고 또 하나 전 회의 이유를 알고 있어요 어떤 이유가 있냐면 어 제가 예전에 살던 곳이 공장과 창고가 온지 한 곳에 살았어요 혼재 깜박 잊고 그리고 빌라도 중간에 있고 주택도 있고 이런데 있잖아요 제거기 살았거든요 허긴 한 2년 정도 살았는데 명절때 휴가철에 1 3일에서 4일 길게 쉴 때 있잖아요 그때 참고하고 공장에서 키우는 개들을 풀로 오더라구요 그분들이 휴가 가기전에 쉴 때 플로 오더라구요 망막 그래서 그 추석이나 모서리나 했던 휴가 그 기간 동안 동네에 개 대한 수확이 되는 게리 이렇게 몰려 다녀요 그런데 딱 보면 어 4 젠 적이 있는 뭐 샷이 찝 샷이 참고집 개인데 오 예 저 조 걸음을 더 공장 개인 데에 걔네들이 이렇게 몰려 다녀요 위에 또 그 공장이 이렇게 보면 문 잠겨있고 하고 물어 봤어요 아니 저 줘 얘네 돌아다니던 데 명절 동안 5 무슨 있었어요 아니 명절도 사람 없으니까 뭐 여기저기서 이제 뭐 우식 먹으라고 돌아갈 사람 안 오니까 값을 풀어 놓았다고 자기들 게이 돌아가 아니라고 아 그런 거예요 제가 생각할때는 이런 이유도 많은 것 같아요 명절때 창고나 공장이 사시는 분들이 거의 사시는 계신 분들이 줄을 풀어 놓은 게 또 당연한 것은 아니잖아요 그죠 그런 분들도 그냥 돌아 다니게 하지 말고 줄 잘 매 노턴 변사 에 2 더 아니면 그 중에 뭐 사장이 되고 가면 되잖아 어 그 경험을 대표가 될 거 가면 되잖아요 아니면 대표가 될 거 가지 못할 사정이 면 하루에 한번이나 두번 이렇게 와서 산책자 칼 시켜준다는 지물 밥 준다던지 그거 하면 되잖아요 그저 안되면 요즘에 반려견 위탁 쏟을 좋은데도 많으니까 거기에 뭐 3박 4일이 더 5박 6일이 는 맡기면 되는 거고 그래서 이제 유연희 많이 없어졌으면 좋겠습니다 진짜로 버려지거나 방치된 이런 친구들이 없어졌으면 좋겠고 우리한테 조심합시다 음 이번에 제 참고 나 요런 단지 가서 봤을 때 이렇게 돌아 혼자 돌아다니는 개들이 없었으면 좋겠습니다 으 으 으,
11,https://www.youtube.com/watch?v=nMjzbCtdHQU,nMjzbCtdHQU,[보듬 코담요] 노즈워크 후각 활동 왜 필요할까?,강형욱의 보듬TV,,"first=RuntimeError: No captions found for languages: ko, ko-KR, ko-orig, ko-ko; second=TranscriptsDisabled: 
Could not retrieve a transcript for the video https://www.youtube.com/watch?v=nMjzbCtdHQU! This is most likely caused by:

Subtitles are disabled for this video

If you are sure that the described cause is not responsible for this error and that a transcript should be retrievable, please create an issue at https://github.com/jdepoix/youtube-transcript-api/issues. Please add which version of youtube_transcript_api you are using and provide the information needed to replicate the error. Also make sure that there are no open issues which already describe your problem!"
12,https://www.youtube.com/watch?v=g59RDsXxI0g,g59RDsXxI0g,How to reduce your dog's car stress (concerns about Chuseok & New Year holidays),강형욱의 보듬TV,아 이 아이디가 아까 힘 힘든데 신기한데 b2b 느 떡이라 미안해 제가 이게 무슨 뜻인지 몰라 가지고 줘 물어봤는데 b2b 라고 하는 그룹이 있나봐요 그런데 줘 늙 떡이 예 늦게 덕질 해서 미안해 면 진작 알았으면 좋았을 걸 이런 뜻이라고 하더라구요 b2b 라고 하면은 및 이스트 멜리스 란 뜻 아닌가요 내가 아니야 아 와 펄로 종만 4 북성 지니 b2b 세요 레오 줘 만나러 갈때 같이 했잖아요 아 1때 처음 했는데요 굉장히 아우 등 이렇게 미남 인거 이제 좋아하는 제가 얼굴이에요 어떻겠어요 어 남성 다 쁘 면서 이렇게 클 그만 어 농무 이제 잘 생기셔서 가지고 깜짝 문 으 건강하시죠 그 잘 보고 있습니다 4 [음악] 예 죽은 하고 퇴근 하게 쫌 어 하루아침에 쉽다고 저녁에 퇴근한 다음에 얘기라는 너무 똑같아요 4 여튼 4 어딘데 굉장히 잘 생겨서 뭐 약간 내가 약간 뭐라 그럴까 쉬울 시원한 얼굴을 좋아하는 것 같에 시원시원하고 예전에 그룹이죠 그 닿아서 게으르게 나왔던 p2 윤두준 윤두준 명도 윈도 중 님도 잘 생겼더라 탈 택 4 먼거리 이동할 때 강아지를 데리고 가야 하는데 어떻게 해 줘 에 강아지가 차안에서 태어나고 안정적이게 이름 할 수 있을까요 차를 주차하면 강아지가 자신을 두고 내린다고 생각하는지 차 속도가 줄면 낑낑 되면서 물어요 4 어떻게 해야지 너도 데려갈 거야 잠시만 기다리 어어 곧 돌아올 거야 를 알려 줄 수 있을까요 아 이거 어떤 말인지 알 것 같아요 이제 강아지를 듣고 계신 분들은 휴게소에 이렇게 갔을 때 만약에 부부나 뭐 커플이나 뭐 아니면 뭐 가죽이나 이렇게 가면은 만약에 4인 가족이 면 한 사람이 차 있어요 한사람 1차 있을 거 뭐 이런 분들이 많아요 세 가족의 나가서 오늘 식사를 해요 그리고 줘 남아 있는 분도 남아 있는 분의 식사까지 준비 해 노 초 그러다가 빨리 먹는 사람이 교대 해줘요 그대 해줘서 이제 그렇게 이제 식사하는 분들이 많이 있구요 저는 저는 저 테이크아웃이 라고 하잖아요 그냥 뭐 소 색이나 좋소 떡이나 그런거 이렇게 사서 차에서 먹어요 테라스가 좀 이렇게 있거나 그러면 테라스에 나가서 먹기도 하는데 그 보통 제가 갔을 때는 사람들이 진짜 많더라고요 사람도 많고 앉을 자리도 있긴 했지만 혹시나 옆에 분들 좀 좀 불편하게 할 수 있잖아요 이게 우리 기가 불편하다는 게 아니에요 또 남들이 봐도 다 괜찮아요 또 알아보시는 분도 계셔서 그렇게 사실 위협적인 저희 애들이 위협적인 느낌을 주지는 않거든요 부부 막 이렇게 땡긴다 거나 점프를 하거나 흥분 한다거나 뭐 분명히 위험은 아니지만 제가 말씀드리고 싶은건 약간 옆에 있는 사람을 을 놀라게 하는 행위를 말하는 거예요 이게 되게 중요해요 4개가 친근하다 돔 어쨌거나 놀라게 하는 행위를 하면 한데요 뭐 예를 들어 이런거 있잖아요 옆에 가는데 옆에 어떤 사람이 다 아 하면 분명히 웃는건 긍정 인데 내가 그 소리를 듣고 놀라 쓰면 부정적으로 느껴지거든요 되죠 근데 이제 이 사람한테 봐도 좀 조용히 해주세요 라고 하면 불쾌 해요 이 사람이 왜냐면 어 내가 즐겁고 내가 즐겁고 얻은 그럼 내가 즐거운데 더 이상 즐겁지 마세요 라고 하는 것 같아서 있는지 좀 불편하더라구요 그래서 가끔씩 어떤 보호자들은 4 반려견이 즐거워서 띠고 있거나 안기고 있거나 점프 하고 있는데 옆에 있는 사람이 어 라고 하면 불쾌 하더라고요 근데 저는 그거 이해가 안되요 잔디밭이 에요 근데 어떤 보호자가 자기 어떤 개가 땅을 파고 있어요 또 제가 어 보호된 땅까지 뭐 땅까지 못하게 해주세요 지금 당 잔디 땅파고 있잖아요 그래도 여자가 왜요 라고 하더라구요 그래서 지금 땅파고 있잖아요 땅 파는 건 좋아해요 아 잔디를 파고 있잖아요 잔디가 그러면 훼손 되지 않을까요 아 그분의 이 표정은 전 딜과 훼손 트는 게 문제에요 나는 느낌이었어요 지금 4개가 즐거워 하고 있다는게 이제 그 분한테 도 중요했던 거죠 그래서 그 대화가 잘 이어지지 못했어요 제 드리고 주말은 저는 밖에 나갔는데 만약에 그 분들이 조금 내고 왜냐면 내 제가 키우는 개 들이 좀 크니까 불편해 할 수 있거든요 그래서 그냥 안되고 나갈 그 사람들 너무 복잡 꼭 착한데 만약에 됐구나 가도 조금 한적한 돼 있어요 그냥 산에 막 게 끔 데 이렇게 이렇게 끊고 뭐 옆에 사랑 좋다고 막 그 이루고 그 털면 침도 막부 뿜어 내는데 억지로 됐고 하지 않아요 그런데 만약에 4발 여긴 얌전해 요 차분하게 있을 수 있어요 중도 단기 잖아요 뭐 이렇게 낄낄 당기지 않아요 그러면 카드 괜찮 쳐서 상관은 없어요 그런데 저는 대부분 음 차 안에서 먹어요 차안에서 요 말씨가 아주 좋은 나라를 캔디 좋겠네 를 항상 갖고 다니니까 켄넬 캐논 켄넬 로 이동 하거든요 켄 4 레 하우스 시키고 보통 해가 막 째 지 않고 또한 10월에서 부터 그 다음 해 4월까지 는 날씨가 괜찮아요 그럴 때는 켄넬 하우스 시키고 문 탔고 그리고 잠깐 나갔다 오는 건 하지만 보통 그렇게 됐구나 가지는 않아요 그래서 우리 보호자 님한테 알려드리고 싶은 방법이 있어요 켄 4 레 들어가서 얌전히 쉬게 하는 걸 가르쳐 주시면 되요 그냥 켄넬 에 들어가서 얌전히 있게 하면 좌중 자동차 스트레스 없어요 것 아니에요 그냥 캔들 에 들어가게 있게 하는 거예요 그런데 이거를 굳이 뭐 다른 안전장비를 해서 반려견이 그 안에서 보호자가 나가는 것까지 다 보고 쩍 어찌 그러지 마시고 그냥 캔 으레 들어가 있게 하면 되요 근데 이 캔들이 쉬운 e 로 이유는 제보자님 마음일 거에요 반려견이 들어가게 싫어해요 들어가기 좋아하게 평상시에 연습하면 되요 알려드릴게요 알려드리기 5 5 그러니까 한번 요건 추석 때는 켄넬 5 켬 내레 강아지를 하우쏘 시키고 캔들 이동하는 것을 한번 해 보세요 허울 싶진 더 자동차 스트레스 자동차 피로 이런거 없이 참 에서 잘 쉬고 있을 수 있을 거에요 그렇지 않고 강아지를 무릅에 놨다가 옆에 없다가 왔다갔다 하다가 그러면 보호자들이 피곤 할 거구요 알려 근데 몹시 피곤할 거에요 그러니까 너무 염려하지 마시고 그냥 담담해 주시면 되요 어 보통 반려견이 불안해하고 하는 이유는 불안해 하는 보호자를 보고 있어서요 반려견이 불안하다고 생각하는 보호자는 불안해요 그럼 그 불안을 본 반려견은 또 불안해요 또 불안해 하는 반려견을 보면은 또 보호자가 또 불안해요 그냥 늪에 점점 점점 빠지는 거예요 불안해 하는 강아지를 봐요 그럼 보호자가 괜찮아 아무렇지 않아 라고 알려주는게 더 좋은 방법인데 우선 자동차를 이동할 때는 저는 켄 넬의 하우스 를 시키는 걸 격 끅 쩍 으로 추천합니다 제가 밖으로 이동해서 어차 안에 켄 4 레 하우스 시키는거 제가 알려드릴게요 정말 어렵잖아요 도와줄 강아지는 말랑 이라고 하는 될 보 드 메 19 분이 강아지입니다 어 1 9개월 정도 예 말랑하고 저는 사실 그렇게 친하지 않아요 뭐 봄 that's 할 필요는 없잖아요 그 # 괜찮은 2020년 형 폭스바겐 2pac 이구요 제가 모델을 하고 있는 제가 지원을 받아 지금 한참 타고 다니고 있습니다 겁나 타고 다니고 있어요 솔직히 걱정되는건 나중에 뭐 제가 홍보대사가 끝날 수도 있지 않겠어요 4 딱 반납해 는데 키루스 보고 놀랄 까봐 잡고 걱정이 되기는 해요 택시를 했어요 라고 할까봐 출퇴근 이기니까 만약에 저 3단 줬으면 않다 쓸건데 sv 니까 왜냐면 저는 보통 이 뒷자석에 친구들을 저희 친구들을 데리고 다니고 2월에도 아주 괜찮아요 아이홀 도 괜찮아요 그런데 약간 좀 2월엔 오게 되면 느낀거 리거나 아니면 또 보자니 미납자 서기 1년 이렇게 오려고 하는 친구들이 있으니까 저는 보통 요 자리에 다가 요로케 켈러를 2조 4 요렇게 켄 4를 벗어 반려견 여기다 뭐 있고 활력 에 관련된 짐들 여기다가 놓고 ok 말랑한 말랑한 많아요 만날 막 우선 말랑하고 저하고 친해지는 시간에 조금 필요하니까 캔들 좋아한다 들어가는거 이제 익숙하게 했다 차이의 뒀는데 그다음 강아지를 그냥 켄 날로 쏙 집어 넘는 것도 나쁘지는 않지만 저라면 여기서 조금 놀게 할 것 같아요 뭐 우리 저기 뭐 코 담요도 있잖아요 이걸 여기다 깔고 여기에다 간식을 좀 뿌려 가지고 좀 먹게 한다 던지 그래서 자연스럽게 여기 이렇게 앉아서 당하지 모두 어크 시키고 냄새 맡게 하고 좀 장난 장난 장난 쳐 주다 할까 배 다음에 문 열고 들어가게 하면 좋을 것 같아요 아 지금 여기 보면 이문희 보세요 요 쪽에 나 있잖아 요 요 쪽에 나와 있으며 는 요기다 가 요렇게 하는걸 좋아해요 반려견을 여기서 요렇게 넣는게 아니라 요 쪽에 다 놓고 뭐 예뻐 해주다가 하우스 어라 그래서 이렇게 들어갈 수 있게 해주면 좋을것 같아요 해 보겠 4 2 아 별로 또 턴을 으 [음악] 째 cs 얼마나 내용을 하는 거죠 아 지금 부족해서 게 를 보면 알 수 있어 그럼 그냥 말락 자 왠지 검을 잠깐만 예 강하지 않아서 조 2 에 까지 만나 주시겠어요 보통 담 잖아요 그렇죠 최 하고 개가 닿는 은 언제 요렇게 놓고 말라야 좋아하는 간식들 여기에다 이렇게 높게 요 우선 말라있는 제 차를 처음 타요 제 차를 처음 타서 예 익숙한 의 시간이 필요할 것 같아요 그리고 말라야 말라 이는 곧 사이즈 면은 으로 해 커브에서 들어가는게 뭐 그렇게 어렵지는 않아 보아요 켄넬 중에는 이 앞에 우리 열리는 캔 날도 있지만 옆에 문의는 캐널 있어요 그래서 보호자 님 의 반려견 또 차에 뭐 크기 여러가지를 고려해 보세요 그리고 만약에 내가 이런 suv 가 아니라 승용차 다 괜찮아요 승용차 그 2열에 보면 그 이거 얼마든지 들어갈 수 있거든요 보통 요 사이즈 로 조금 더 큰 사이즈도 얼마든지 들어갈 수 있어요 제가 좀 팁을 드리면 보조 속 뒷자리에 다가 캔 4 를 두고 보조석 을 뒤로 조금 이렇게 땡겨서 움직이지 않게 끔 켤레를 조절을 하는 거예요 킨들에 들어가볼까 하우스 얘기 아이젠 4 약간 들어간 게 아니라 도망간 것 같네요 그쵸 이거를 제가 살짝 자리로 옮겨 볼게요 이거를 [박수] 이렇게 넣어 볼게요 으 이것도 괜찮다 기자 뭐 여기 나가 분명히 뭔가 이렇게 놓으면 되게 되게 자 이렇게 맞써 넘어지지 않게 저는 차를 구매하면 이 바닥을 미끄러지지 않는 재질로 바 까요 트렁크매트 라고 1 이 켄넬 이렇게 미끄러지는 게 별로 좋지 않더라구요 그리고 않아 제가 팁을 하나 드리면 이게 가끔씩 줄을 맨 상태에서 이 안에 넣는 경우들이 있거든요 펌 괜찮아요 그런데 걔는 넣고 주름 바깥에 빼고 이거를 이렇게 잡으시는 분들이 있어요 불안해 하는 친구들은 좀 쉬울 수도 있고요 이 안에서 한 바퀴 두 바퀴 돌 때 줄이 꼬일 수도 있거든요 줄은 루쉰은 흘러서 하우스 시켜야 됩니다 아셨죠 [음악] 물론 뒷좌석을 더 편해 하는 친구들이 있구요 뒷자석에서 도 너무 잘 있는 친구들이 정말 많아요 저는 앞에 운전 운전 하시는 분 무릎 위나 보조석에 있는 것만 아니면 괜찮다 라고 생각하는데 활력의 조금 더 적은 스트레스를 받으면서 자동차 여행을 했으면 좋겠다 또 안전 했으면 좋겠다 라고 하면 저는 이 켄 4 레 강아지를 놓고 그 다음에 여행을 하거나 이동하는 것을 아주 적극 기억을 추천해요 우리가 만들어야 될 책임이 있잖아요 그런데 이런 질서 들을 하기 싫어해서 데려 그냥 흥 데에 있는 상태를 조장하는 건 좋은 보호자의 뭐 모습은 아니라고 생각을 하거든요 우리 보호자 님 요번에 한번 안 일주일 정도 열흘 정도 남아 있으니까 반려 긴 캔의 레넌 캔 엘의 있는 거 연습하시고 펜 4를 차에다 머신 다음에 그 다음 하우스 시키고 [음악] 출발 하시며 는 너무 좋을 것 같아요 아셨죠 네 이렇게 하고 이제 운 잡고 어 출발하면 되는거예요 괜찮 초 나쁘지 않잖아요 5 아 이게 발로 이렇게 하면 된데요 키가 없어지고 안되나 [음악] 으 으 으 으 [음악],
13,https://www.youtube.com/watch?v=Q5dCqEpS5sM,Q5dCqEpS5sM,What should I do with my dog on a holiday full of food? (concerns on Chuseok & New Year's Day),강형욱의 보듬TV,안녕하세요 돈을 tv 가요 흘러 4입니다 추석인데 아무래도 저 그렇다보니 코로나 때문에 많이 좀 이동한 알기를 바란다 고 줘 하더라구요 즉 또 뭐 가야될 분들은 가야되고 좀 그렇지 않은 분들은 집에 있으시면 서 파력 & 하고 있으면 좋을 것 같은데 넣어 전 실물 있을지 한번 보겠습니다 남 난 크게 뭐하지 뭐 어디 가요 어디 아마 집에 있어 아우디 않아요 여튼 추석 때 나는 뭐하지 뭘까 집에 있을까요 수 있어야죠 오예 할게 없어 캠핑 카드 8 1 8 은 대 구 매 회 싸게 나갔지 간 사 도 괜찮아요 제것만 하세요 그 창평 평균 보다 내 같은 추석 전 집에 있을 건데 여러분들은 어떻게 해 줄게 한번 보겠습니까 많아 킹 님 만화 킴이 줘 주신 사야 돼요 어 발견한 템 연결 음식을 계속 번 하고 주 시키는 7조 분들이 있는데 거절하게 힘드네요 큰 문 큰 문제 없을까요 아 아 명절음식을 좀 주시는 분들이 계세요 즉 명절에는 정말 맛있는 음식들 많이 하잖아요 생각만 해도 막 취미 고입니다 난 그게 좋던데 그 동태 온갖 가장이 있자 4 가끔 운 나쁘면 은 뼈 있는 거 대 못해서 그렇게 정말 맛있던 되요 내던 그런거 주시는 분들이 계시는데 음 어떻게 달 사실은 저는 그 음식을 뭐 이런거 있잖아요 뭐 절대 이걸 먹이면 안된다고 뭐 그런 것도 있긴 하잖아요 초콜릿이나 마포나 몇 가지 음식 되어 있잖아요 그런 것들을 제외하고는 그렇게 막스 탈수 하는 편은 아니에요 그 음식 자체가 나쁘다고 생각하지는 않아요 뭐 약간 기름 지겠죠 약간 뭐 퀘스트 뭐 짜고 이런게 있을 수 있겠죠 뭐 저는 다양한 다이어트 오고 있어요 원푸드 다이어트도 하구요 키 포드 하고요 또 고기만 먹는 다이어트 다 하구요 뭐 저는 그때 그때 해요 이따 점심에는 원푸드 다이어트 타구요 저녁에는 케 토 할 거에요 뭐 말이 되나 아 말든지 되는건가 여태 이런 사람도 있는 거 아닙니까 네 그런 것처럼 의미에 중요한건데 주는 타이밍 이에요 우리가 이제 즉 보통 뭐 다들 그런지 모르겠지만 옛날에 제 기억에는 친척들 모이면 그 큰 사랑 이렇게 좀 3개 내게 붙혀 가지고 바닥에서 이렇게 뭐 거거든요 바닥에 다같이 앉아서 그런데 만약에 강아지가 옆에 와 근데 그때 준다 그것은 안 좋을 것 같아요 저는 먼저 산책을 아침에 충분히 식힌 다음에 그 다음에 캔 에리나 아이웨어 는 개방 에다가 이렇게 2 것 같아요 그러다가 줄 매고 나와서 5 친척도 인사 한번씩 시키고 그 다음에 다시 제방에 있는 켄넬 에다가 하우스 시키고 쪼끼 믿다가 뭐 한 2시간 3시간 뒤에 강아지 이제 꺼내서 또 밖에 나가서 3색 좀 시켜 주고 이제 그럴 케 할 것 같아요 왜냐면 지금 친척 분들이 있는데 음식을 줄 때 거절하기 힘들다 라고 하는건 아마 저 이제 얼 어 르 뭐 크나 멋지 아니면 이런 분들이 있잖아 뭐 0 이런분들이 주면 솔직히 많치 나잖아요 자 막 그런데 윗사람이 잖아 그러니깐 아마 막 말 붙이기도 약간 좀 어려운데 막 균 입과 뭐 이렇게 뭐 장황하게 설명하기가 좀 그렇잖아요 그래서 그런거 잖아요 그럴 땐 그냥 거 그렇게 가 아파요 금방 ask 빡 았다면 되지 않아 막 그러면 안돼 뭐라고 뭐 뭐 뭐 tv 에 보면 딱 처럼 탐험하다 미르 면은 괜히 저 줘 어려운 상황이 있을 수 있잖아요 그러니까 야 온 어떡하지 용기를 하는걸 아침부터 어떡하죠 엄마 우리 남 순위가 어 제품 4 어초 보니까 야채들이 있겠는데 안좋은 먹었나 봐 엄마가 어떡하지 나 숨어 오셨어요 7 일찍 갈 거 다 끝나고 줬어요 엄마네 병원 될거 가볼까 봄 아 어떡하지 잠깐 돕게 돼 방에서 쉬기 했겠나 안녕하세요 오르시아 오세요 요 러면 알아주시길 그렇고 또 어 [음악] 요번 추석 모든 개론 앞을 예정입니다 어 이거 뭐 이렇게 난 이렇게 할 거 같애 이렇게 해서 방에 이렇게 두면서 괜히 뭐 괜찮니 여기에 방 복어 예 중간에 빠져나가 힘들잖아요 그러면 뭐 우리가 잠깐 아파서 잠깐 나갔다 올게요 그러면 어른들이 가고 나왔다 오더 같다 얼굴 감 쓰니까 옛날에는 좀 거기 있는데 이상하네 고대 봐야 그 타이 뛰어노는 걸 내가 봤는데 이상하네 왜 이렇게 할 수 있게 침 하고 어쩌겠어 교수진 할 거야 [음악] 요거는 추석 꽤 모든 개들은 앞을 예정으로 많아 킹이 그렇게 하는 몰라요 회계 이게 이제 방법을 이제 알아 내기가 힘들어 졌어요 이제 방법을 만들어 내기 갈 이제 거짓말을 하는 방법 밖에 없어 지지 그렇지 않겠습니까 구독자 4 제가 뭐 방법을 뭐 그렇게 다양하게 알겠어요 이제 중간중간에 거짓말을 섞일 거니까 4 그냥 총 밥으로 할 테니까 그렇게 이해하 되야 조 써진 이미 주신 사이에요 전에 만들 때 아 전을 아 전을 만들 때 아 전 전을 만들 때 거실 바닥에서 하는데 강아지가 너무 힘들어 하는 것 같아요 반려견이 편하게 보낼 바보의 무엇이 무엇이 있는지 알려주세요 아 그쵸 휴대용 가스 버너 그가 바닥에 놓고 신문지 이렇게 깔고 야 정말 큰 집이 넣어볼게요 인물은 소주 님은 정말 큰 집에 사는 볼 법한 거 아닙니까 바다 게다가 이렇게 놓고 옛날에 옛날에 저는 저 초 부침개를 한번 뛰어 다니다가 발랐어요 딱 주민하 이때 것 같아요 주문이나 이때 한 뭐 3살 대 살다 왔어요 뭐 할 때 기억을 않아요 아 오지게 아픈데 오로지 게 혼난 기억이 나요 바 1대 아따 어쩌겠어 우리가요 거짓말 이런 기억이 좀 있는데 4 그죠 왜 어머니 옆에 로 좀 깔짝 되다가 이제 막 뛰어다니고 깔짝 게다가 보통 요렇게 줘 그 있잖아요 점보 면은 전 깔아 놓는 그릇은 아닌데 나무로 만든 접시 라고 얘는 그릇이 라고 하더라 원자는 이거 소쿠리 초 크 리 라고 하는 했 그런거고 달라 나갔나 달아나다가 나보다 움직이는거 제반 있는 베타 뭐 그럼 뭐 또 내가 잘 모셔 솔직히 뭐 나를 거기다 중개자 무지 그 좀 어이 끝이 찮 아 요 우리 4대 님도 이제 기본적으로 음식을 만들 때 개가 옆에 있는건 좋지 않죠 네 방에 다가 2시고 는 캐나다 드시거나 아니면 강아지야 걸 좀 놀아줄 사람이 좀 있으면 좋을 거야 대 만약에 우리가 예를 들어 형제가 많다 뭐 셋이나 냅시다 그러면 가입 하는거예요 누가 강아지 하고 놀아 줄래 라고 그래도 뭐 첫째 나무 둘째 날 셋째 나 되며 4 경화제 하고 이제 그 날은 놀아주는 날이 되는 거죠 그리고 명절때 사람들 많이 오잖아요 북적거리고 음식을 뭐 큰 집 같은 경우에는 제가 제 기억으로는 줘 [음악] 가족 중에 한 사람도 이렇게 와가지고 음식 같이 하고 도와주고 그랬던거 느낌을 학교 하겠네요 복작복작 하잖아요 이때 주변에 없는 게 좋아요 실제로 저희 이런 경우 병이 많거든요 뭐 팔을 먹었어요 분명히 그러나 이 주석 딱지 라면 dm 이나 봐요 물 걔가 갑자기 고급화된 뭐 급한 되면 나한테 왜 매일 왜 메세지가 교내 병원에 가야지 여튼간 아이 조 2 이걸 저 말씀드리는데 으 저 다운 스러운 메세지 내렸어요 지금 방금 우리 개가 뭐 뭘 먹어 때 뭘 먹었어요 어떡하죠 너무 급해서 멧세지 보내요 4 급한데 왜 메세지를 올해 그 헌병을 가야지 그냥 왜냐 이런것도 봤어요 우리 개가 그 자위 왜 왠지 모르겠어요 세탁기에 올려 두었는데 세탁해서 떨어져 때요 다리를 절고 더 무 아파 한데 그게 메세지를 보내고 있어 메시지를 보내요 그러지 마시고 병원에 가세요 한테 그런 멧세지 많고 올 거에요 우리가 뭐 요번에 저 진짜 추석 때 뭘 먹었다 뭘 먹었다 어떡하면 좋으냐 경험 하시면 되요 병 하세요 그리고 지금 뭘 먹었을 때 막 힘으로 캐 있거나 와퍼 하거나 뭐 그러면 문제가 될 수 있어요 많이 어머 이 뺨 않은걸 먹는 거야 그래서 몸을 봤더니 금 요양 이왕 이렇게 나와 있어 그럼 바로 병원에 가지만 잠깐 지켜봐도 괜찮게 나거든요 휴 이사님 말로 지켜 보자 라는 말을 듣는게 족히 2 사이비 한테 5 지켜보자는 말 듣는 것 이다 그저 수의학 은 제가 모르니까 그 상황 자체가 안 좋아요 만약에 근데 그런 상황에 강아지도 있는데 왜 진짜 얘기들이 올 수 있잖아요 뭐 한 살에서 막 7살 사이 그 애들이 있으면 강아지가 좀 신경이 날카로워져 있어요 우리집에 왜 이리 많아 왜 음식이 있어 움직 내껀데 교내 건데 라고 하는 마음 때문에 주변에 조 미첼과 동아대 좀 경계하는 경우들이 있으니까 명절때 반려견을 그 그 많은 사람들 사이에 두지 않는 게 현명한 방법 인데요 그렇죠 5 [음악] co,
14,https://www.youtube.com/watch?v=vT6MOA6u87Y,vT6MOA6u87Y,"Pet parents and dogs who are coping with Corona 19 (corona walk, indoor games, temporary shelter)",강형욱의 보듬TV,음 안녕하세요 관리 흘려서 강 이형호 입니다 어우 오늘은 우리 코로나 의 시대 언 택트 라고 하는 엉 컨택트 라고 하네요 언 택트 시대라고 하는 여튼 그 시대에 살면서 어떻게 반려견과 즐겁게 살 수 있을까 그 좀 제가 강조하는 것 중의 하나가 선 채 이야기를 좀 많이 하잖아요 매일 산책을 해야된다고 그런데 4 요즘에 이제 분위기의 4 나가지 마라 집 밖에 나가지 마라 라고 하니까 어제가 목소리가 이렇게 작아지고 참가자 바지 여기자가 싶어요 어 딱 전체가 아 이렇게 좀 되는데 음 사실 우리가 이런 어떤 전염병 이라는 걸 아예 고려하지 않고 살았을 때 내 반려견 하고 산책을 하는게 너무 재밌고 즐겁고 또 하나 저 소중 가 영국에서 난 기사를 보면 은 반려동물을 키우는 사람과 키우지 않는 사람의 활동 지수를 보면 확실히 반려동물 키우시는 분들의 활동지수 가 더 높았고 거든요 그래서 그걸로 인해서 심장 병도 예방하고 또 그 정서적으로도 굉장히 안정적이게 되고 그래서 아 그 호주 기사인 것 같아요 거기서는 음 반려동물을 키우는 것 자체가 사람을 건강하게 해준다 라고 해서 노인 분들과 반려동물을 어떻게 하면 잘 만나게 해주고 또 잘 키울 수 있게 도와 줄까 를 고민을 했던 기사를 제가 본 적이 있어요 근데 지금 이 시대에서는 지금 이런 상황에서는 음 제가 아 괜찮아요 그냥 나가세요 뭐 마스크 끼고 한적한 데 다니면 되죠 이제 그렇게 이제 말할 수가 없는 게 이 저같은 경우에는 가평에 살잖아요 실제로 저희 동네 같은 경우에 제가 살고 있는 마을은 좀 보통 사람이 없어요 없어 저희 동력이 사람이 없어요 아 예 아 그냥 오헤어 뭐 뭐 어떻게 좀 마주칠 수 있지 아니 못 맞이 아무 마주쳤어요 그리고 뭐 마주쳐도 지나가는 차를 보지 걸어 다니는 사람을 이제 만나지는 않거든요 전부다 이제 왜지 사람들이 들어와서 사는 곳이어서 보통 해요 뭐 서울이나 뭐 이렇게 경기도 쪽으로 나 하시는 것 같아요 춘천 이나 그래서 저같은 경우에는 그렇게 큰 부담없이 동네에서 의 동네에서 라도 산책을 할 수 있지만 서울이나 이렇게 수도권 외 사시는 분들을 불가능 하신 것 같아요 아파트 빌라 원 능 이렇게 줘 그 집단 주택이라고 하잖아요 집단 주택에서 거주하시는 분들은 내가 원트 원치 않든 사람을 만나야 되고 또 내가 그 이 메타 1.8m 통과 2m 를 유지하면서 이제 그 야외 생활을 해야 하는데 그 현실적으로 불가능할 때가 있는 것 같아요 그렇다 보니까 우리 보호자 놈들한테 a 산책 멜 해야죠 라고 하기가 지금은 약간 소극적으로 된 게 사실이에요 주제 모여 줄줄 그렇게 주셔 가지고 먼저 이제 이야기를 조금 해볼게요 4 산책에 이제 길이 시간 뭐 이런게 좀 궁금 하실 수 있어요 그런데 이거는 그 어떤 크로나 의 시대가 아니었어도 우리가 산책 이라고 하는 것이 뭐했나 1시간씩 뭐 2시간씩 하루종일 이제 하는게 아니라 뭐 내가 좀 마 땅에 시간이 어 좀 낼 수가 없다면 내가 사는 집 동네만 이렇게 다니면서 흑 이라 녹지가 있는 곳에서 소변 대변 만 좀 잘 하게 하고 이런 식으로 이들 산책을 하면 좋거든요 근데 이제 요즘에는 집 밖으로 나가는 것도 조금 건네 하는 시대 이잖아요 그렇다 보니까 몬 곳에 갈 필요 보다는 발 갈 필요 6곡 가야된다 라기보다는 집 근처에서 가볍게 산책하는 것만으로도 반려견의 그 산책 욕구를 좀 위로해줄 수 있을 것 같아요 이게 어 그냥 에너지 소모도 있지만 반려견 들한테 는 걸으면서 자기가 살고 있다라는 것도 살고 있다라는 것은 그냥 걷는 것 뿐만이 아니라 코 냄새도 맡을 수 있고 보기도 할 거고 뭐 여러가지 촉감도 느낄 것이고 또 보호자 님하고 같이 원과 를 한다는 것 이거 자체가 관련 들한테 는 행복한 일인 거 거든요 그래서 줄 매고 나가서 멀리까지 갈 필요 없고 동네에 뭐 이렇게 잘 마련된 의자가 있으며 거기 앉아서 시간을 보내도 괜찮아요 그러나 가 저 사람들이 온다 이 메달을 유지하지 못할 것 같다 어 그렇게 이동을 하면 되잖아요 그렇죠 이동해서 또 모 집 근처에 또 어딘가에 정자 이렇게 앉아있다가 또 다른 데로 이동도 하고 산책 이렇게 하면 괜찮지 않을까 해요 만약에 정말 여의치 않으면 짧게라도 밖에 나가서 흙바람 정도 쎄게 해 주는 걸로 음 요 정도 만이라도 저는 좋다고 생각해요 어 음 또 이거는 뭐 아주 최고의 방법이라고 할 수는 없지만 그래도 좀 대안이 있을 거 아니에요 음 있을 수 있어요 음 으 산책 이라는 것 자체가 아까 제가 말씀드린 것처럼 다양한 감각 기간에 활성화를 위해서 하는 거예요 그리고 또 하나 뭐 산 책이 주는 뭐 정말 존 어 및 영향이 있다면 음 내가 살고 있는 꽃 주변을 이렇게 살피면서 내가 살고 있는 곳이 얼마나 안전한지 또 내가 살고 있는 곳 밖에서 들려오는 여러가지 소리들이 나 냄새 들의 근원지를 파악 하는 그런 활동을 또 에 통해서 내가 지금 정착한 것 집 거기를 좋아하게 되고 편안하게 느끼게 되고 그러거든요 우리도 요즘에 스마트폰 많으니까 보통 뉴스 들 한번 쫙 보잖아요 뭐 날씨가 어떤지 요즘에는 그러나 확진 자수를 좀 매일 확인 합니다 또한 치자 수도 실체 확인 하고 뭐 예전에 날씨를 매일 확인했던 것처럼 그걸 확인하는 것 같아요 그런 것처럼 1 뉴스 새로운 정보 오늘 어제 있었던 오늘 와 님 앞으로 있으 예 그런 것들을 반려견 들은 내 집 주변 뭐 은 곳이 아니라 내 집 주변에 냄새들을 매일매일 냄새 맡으면서 최신 정보로 이렇게 업데이트 시키는 거예요 그래서 우리 보호자 님들 나는 반려견 하고 외각의 나가서 편안하게 산책하는 걸 좋아해 그거 매일 매해 아이 좋죠 아 좋은데 그 것도 좋은데 집 주변의 냄새를 맡게 해 주는 것도 아주 훌륭 하거든요 그것이 해주시면서 해주시면서 만약에 그게 조금 여의치 않는다 특히나 이번에 장 마치 진짜 길어 짜 나요 정말 산책하기 깎아 파단 말이에요 이거 하루 한두 번이지 우위 입혀 가지고 산책하는 한두번이지 특히 라울이 줘 매우 바로 같은 경우에는 뭐 습기 많이 써도 안 싼 단 말이에요 너무 다음 가지고 이거 뭐 출시 왔잖아요 다음 해 가지고 싸질 못해요 이렇듯 요즘에 이거 좀 뭐 날씨나 못해 프고 있잖아요 지금 어 어이 정신이 없어가지고 앞으로 뒤로 막 맡고 있는 것 테마 코로나는 맞고 여기서 피하려고 하니까 뭐 태풍 으로 바꿈 어 어 어 즉 네 그러고 있는데 음 집에 살 수 있는 것들이 있어요 이렇게 생각하시면 되요 집에서 뭘 놀게 해 줄까 뭐 산책을 대신에 살 수 있는 놀이는 뭐가 있을까 자 산책 나가면 눈으로 보조 또 냄새 맞죠 또 이제 보호자는 글은 별로 안좋아 할 수 있는데 벌레도 이렇게 실적이 돼 보고 나무까지 도입해 보고 호흡도 2패 보고 했던 우리 저 반려견이 갖고 있는 여러 감각들을 이렇게 활성화 시키자 나요 근데 그거를 집에서 간접체험 시켜 준다고 생각하면 되요 뭐가 있을까 뭐 여러가지가 있을수 있을것 같아요 뭐 어 제가 이 많이 말하고 있는지 노즈 그 코를 좀 활동 하게 해주는 거 코 활동하게 해 주는 방법에는 엄청 간단한 건데 그 주침해서도 가끔 제가 썼던 건데요 조이 컵이나 이면지 이런 저 종이 에다가 넣고 이렇게 꾸겨 어요 이게 좋아요 왜 뜯어 요 그럼 먹어요 그러면 벌써 시각적인 것도 일부 있고 또 냄새를 맡아야 되게 종이 안에 쌓여진 간식을 찾아야 되니까 그것도 이제 냄새 맡으면서 수 각도 그렇게 쓰고 어떻게 먹지 여길 뜯어 볼까 라고 하면서 기침과 사고도 하잖아요 이러면서 별거 아닌데도 이 친구한테 아주 다양한 경험을 시켜줄 수 있고 뭐 뛰는 것만이 아니라 뇌 활동 또 촉진시켜 줄 수 있어요 또 하나 이제 강아지가 좋아하는 장난감이 있다면 그것을 턱은 올해 해주는 거에요 이제 물고 땅기는 거 있죠 아 그런데 이 턱은 어리는 사실 조금 한계에 부딪칠 수 있어요 저는 놈 감사하게도 외각의 살아서 마당이 있어요 그래서 마당에서 이렇게 좀 더 올 수 있거든요 그런데 거의 대부분의 사람들 다 아파트의 살잖아요 빌라나 원 듭니다 이런 집단 시설의 그럴 경우에 턱은 우리가 약간 쪼꼼 지나칠 수 있어요 왜냐하면 이 퍼브 노래는 e 턱 우노리 자체는 눈을 많이 할 눈을 많이 쓰고요 또 논을 쓰고 또 근육을 많이 써요 그렇다 보니까 나는 예를 들어서 아는 0에서 10까지 중에 융 만큼 에너지를 쓰게 하고 싶었는데 근데 얘가 누 도치 않게 한파를 9까지 에너지를 져 흥분도가 높아져서 에너지를 써야 되는 상황에 놓이게 되는 거예요 그렇다 보니까 한번 이렇게 전 터그 놀이 해주고 나면 또 집에서 터그 머리 하다 보면 조금 몸도 빠르게 움직이고 던지기도 하고 하게 되거든요 그렇다 보니까 놀이가 끝났음에도 흥분을 가라 앉지 못하는 친구가 생기게 되고 흥분도가 높아졌다 그런데 그게 하이트 리어 야지 왜 음란한 책은 못하고 집에서 토브 머리만 해주게 되고 맨날 흥분만 시키게 되면 은 친구는 자연스럽게 자기 흥분을 무엇으로 둔 틀어 나게 되요 여기 뭐 소변으로 실수 할 수도 있고 뭐 조금 어떤 친구들은 자기 다리를 할 된다거나 아니면 은 평상시에는 이정도 갔다가 제출 않았는데 지금은 아주 조그만 소리에도 뭐 반응에서 짓는다 거나 아니면 이룰 수도 있어요 우리를 생각해 보세요 널 찡 널찍하게 살면 그만 거에요 여기 너무 오지 마요 욕이 너무 이렇게 한얼 찡 너무 덜 찌 카게 살며 그쵸 아니 왜냐면 저희 동네 같은 경우에도 밑에 집 의 밑에 집에 손님들이 오면 손님들이 제 가족들이 오나봐요 예전에 그러면 주차는 저희 집 앞에까지 이렇게 해요 그럼 참 걸었어 안녕하세요 네 아 그래요 제가 팀이 나오는 그 개 박사의 요모조모 아 그냥 주차 라고 해도 괜찮을 줄 아세요 이러는데 만약에 내가 도시에 산다면 조금 싫었을 것 같아요 그러면 딱 내부 여기 있는데 내 구역을 침범 받는 거잖아요 제가 드리고 싶은 말이 야외에 나가서 활동도 하고 에너지 드 풀고 친구도 만나고 물도 마시고 소변도 보고 이렇게 영역 활동을 영역 활동을 했던 친구들이 그 활동을 못하고 침 안에서만 있게 되면 그 집안에서 소변 보는 장소가 조금 더 친해 지금 왜 거기 밖에 못 하니까 또 먹는 장소 바 쪼꼼 더 진해지고 쉬는 장소가 조금 더 찐 해지고 좀 의미가 좀 더 많이 부여 되게 되는 거죠 그렇게 되면서 나도 모르게 내에 구역에 들어오신 분 뭐 라고 하는 표현을 하게 될 수 있어요 이제 그렇다 보니까 이런 이런 마음 이제 우리가 야외 못 나가니까 야외 살 수 있는 것들을 실내에서 뭔가 해소 시켜 주려고 했는데 l 은 우리가 나쁘다 라는 것은 아니지만 지난 3일 경우에 이런 문제를 좀 야기시킬 수 있다 또 이런 문제를 더 촉진시킬 수 있다 이제 라고 해서 저는 실내에서 하는 터 9 노리는 조금만 아예 나쁘진 않아요 조금만 그리고 또 하나 우리가 바닥에서 미끌미끌 하잖아요 그런데 이제 턱 응어리 같은 경우에는 바버 발레 랜드리 몰고 1 땡기는 맛이 있어야 되요 그럼 이끌어 오니까 이렇게 이렇게 이렇게 이렇게 미끄러지는 경우들이 좀 있습니다 또 우리 보호자 님들이 또 전문가가 아니다 보니까 또 턱을 을 아스날 만나 많이 봤어 이거를 이렇게 살짝 살짝 재미있게 놀아 줘야 되는데 자기가 더 신나 가지고 막 이래요 어 어 험 보기를 뭐 그리고 집에 미끄러진 단 말이야 미끄러지면 보통 밑에 딱 다 디어 내 다리로 버티고 있음 야 그래서 자기가 안 갖추려고 힘을 주는데 미끄러질 그때 모빌을 외치는 개들이 생겨요 실제로 터널이 하다가 묶다 시내는 진짜 많거든요 저는 어제 주냐고 놀다가 몸에 다녔어요 아 뭐야 봤어요 아 예 때 내가 뭐 4 살인 줄 알어 이거 타고 뭐 올라가지 거야 아 진짜 어제 7:00 7:30 인가 8시부터 10시까지 내사 롯데월드가 됐으니까 노트 에버랜드 롯데월드 4 다해 온 잘 자 위 원고 의자 위업 같은데 음 슈퍼맨 드에 같은 여하튼 못 나가니까 이렇게 된다니까요 뭐 올라가니까 원래 맨날 밥먹고 두고 가야 돼요 우리 설악 채권에 가야되는데 서로 채우고 번에 못 가니까 어퍼가 놀이기구 되잖아요 행복합니다 예로 상의 많아요 싹이 집에서 공 던지기 터브 놀이 아 좋다 이 거야 그런데 조금 줄이고 대신 이고 말 숨기는 거예요 어 최고요 이게 진짜 내가 생각할 때는 비울 때 할 수 있는 정말 최근 것 같애 그렇죠 모공이 된 인형이 된 강아지가 진짜 좋아하는 것을 처음에는 이렇게 하는 거예요 쪽씩 강하게 기다려 가 되면 더 재미있어요 기다려 가 되면 기다려 가 안되는 애들이 있으니까 뭐 엄마한테 잠깐 이렇게 좀 잡고 이 싸고 하던지 아니면 목줄이 나 가슴줄 맨 다음에 엄마 잠깐만 짝꿍 뭐 뽀삐 좀 잡고 있어 봐 라고 한 다음에 처음에는 거실에서 눈에 보이게 숨겨 요 q 파 옆에다가 요렇게 따라 라 하면 숨겨 숨기고 강아지한테 이렇게 와서 국내에서 맞게 해줘요 뭐했지 부피 어딨지 하면은 찾아 라고 하면 뒤에 있던 엄마가 놓는 거예요 그러면 신랑의 찾아요 이거 몇 번 하는 거죠 그 다음에 여러 뭘 방향을 바꾸고 그런 다음에는 모임을 갖다가 살짝 덮고 뭐 가방으로 덮고 뭐 가방 꿈을 이런식으로 에 뭐 비기 밑에 넣고 이거 정말 장담할 수 있어요 모든 개들이 할 수 있거든요 모든 개들이 음 이거 해 놓으면 은 나중에 사람 안에 숨겨도 찾아요 그래 약간 팁을 드리면 노프 이제 설악 높은 곳에 다가 숨기려는 못찾고 요 약간 좀 받아가고 가까워야 되요 받아가고 그래서 가방 같은거 가방 안에다가 놓으세요 노그 잠 그 세 요 그 다음에 안방 같은데 든 뭐 침대 부 딱 숨기고 쫙 왜 기다려 가 잘 되면 더 약간 좀 멋있어 기다려 파고 딱 숨기고 와서 찾아 하는 거에요 기가 막혀 엄청 재밌어 그래서 이 자극만 같은데 딱 놓고 기다려 5분 살짝 타고 사고 찾아 이거 안 2월 번 하면 뭐 반려견이 막 물 먹을 때 맞구요 아 꼭 지켜 볼 거 진짜 꼭 많이 쓰니까 음 이거 하고 밖에 나가서 소변 말 한번 딱 보면 괜찮지 괜찮지 na 것 하면 좋을까요 집에서 이제 턱은 우리는 공 던지기 보다 장난감 찾는거 아이 그런데 우리에게는 장난감을 좋아하지 않아 한다 공놀이를 좋아하지 않아 한다 1 법이 있죠 홍 거겠지 금 그럴 때는 먹이를 좋아하거든요 먹일 좋아하면 필터 있잖아요 틀 통해서 먹이 오르면 되요 산 다음에 먹이를 숨겨야 그 먹이가 들어간 필통을 순경 어 그거 찾으려고 달리 에요 딱 차종 그러면 여러가지 고 1 주고 또 숨겨 봅니다 으 아 아 아 살 수 있겠네 그러나 이제 어떻게 아 이 아트 이렇게 한번 보태 보자구요 물론 데이 검 이걸로 산책을 다 대신할 수는 없어요 예 현 책을 되는 없어 왜냐면 팡 쓰 같은 경우에도 이번에 크로나 정말 심할 때 그 아 락다운 이라고 1 그 패 색 공 색 4 아무도 못 나오게 경찰이나 이런 분들이 정말 들어가라고 막 tv 가 무섭더라구요 들어가세요 라고 하고 뭐 들어가 몽 주로 뭐 이러면서 화는 언제 그럼에도 강아지 산책 은 하라고 반려견과 한 책은 꼭 하라고 하더라구요 그만큼 중요한 것 중요한 것 같아요 독일 같은 경우에는 하루에 두 번씩 산책을 하는 것을 법 으로 정화는 정하는 것 때문에 어 뭐 무리가 맞나봐요 이야기들이 많이 나오나봐요 왜냐면 여기서 두 번 하고 싶지 않다 가 아니라 우리 벌써 하고 있는데 왜 그런것까지 법으로 정하려 그래 내가 산책하는 거 어떻게 파악할 건데 하기 싫다는 게 아니라 나 우리 올라 하고 있었어 이제 이런 뜻인 것 같은데 그만큼 산책이 반려견을 오랫동안 연구했던 나라에서는 이 산책 10 나 중요한지 잘 알고 있더라구요 우리도 이제 알잖아요 산책 해보신 분들은 알잖아요 집에서 제가 뭐 알려드린 요런 놀이도 한번 해 보시면서 알려야 하고 이제 안전한 건강한 산책 했으면 좋겠어요 여튼 여러분 제 건강하시고 정말 건강해야 되요 진짜진짜 건강해야 되자 라 아 비타민 같은 거 많이 먹고 집에서 홈 특 홈 투 하고 으 산책하고 아까 줘 줘 뭐지 장난감 찾는거 하고 옷도 좋은 소식이 있네요 노트패드 에 나온 기사인데요 그러나 일부 제 확산에 서울시 확진 자 관료 동물 임시 보호시설을 늘린다 라고 합니다 게 진짜 이거 좀 그런 내용 만약에 어져 어 가족들이 있다면은 도움 받을 수 있지만 가족이 근처에 없거나 뭐 불가피하게 그게 뭐 내가 경리 대상자 라고 했는데 그런 3박 4일 휴가를 뭐 착한 준비 기간을 준다 그렇지 않잖아요 바로 이송 되지 않나 그쵸 그런데 내 반려견이 만약에 혼자 있으면 어 이게 어떻게 어 그렇게 했네 음 어 너 무 좋은 선택인 것 같아요 역시 세계적인 2시는 다른 것 같습니다 음 정말 농업 해야 돼 요번에 줘 홍수 났을 때에도 동물들 피해 돔 않았었거든요 근데 확실히 관한 건 예전에 동물의 피 에 대해서는 몇 2가 주었다 뭐 요런 뭐 집단 폐사 이런 내용들이 많이 나왔는데 이제는 좀 즉 지구의 올라가 있는 수나 이런 좀 물에 잠겨서 이제 회사 안쪽 동물들의 안타까움에 대해서 이야기하는 뉴스들이 좀 많이 생긴 것 같아 좋은 것 같아요 서초구 휴가철에 반려견 대신 돌본다 장시간 집을 비울 경우 애견호텔 등 이용시 경우다 비커 주민들의 우려가 커지고 있다 음 최소비용으로 미 탑 co 1000원을 받습니다 어이구 정말 문 총 싸네 소추 군은 지난 3월 20일부터 풀어 나 쉽고 반려견 임시 돌봄 을 운영해 확진 자와 격리 자 의 반려견을 지원하고 있습니다 현재 수영역 진짜 한명이 반려견 에 대해 견주가 7도 마실 때까지 돌봄을 진행 중 이라고 나와있네요 좋은거 쭈 더 아 다 인천시 인천시 에서도 크로나 19 확진 자 반려견 임시 보고 올 9 인천시가 서울시에 이어 크론 아쉽고 긴자의 반려견을 2시고 해주기로 했습니다 야한 천도 세계적인 되시죠 세계적인 도시죠 보통 요런거 를 하는 도시가 세계적인 도시 줘 너 진저 여러분 우리 줘 우리 크로나 이겨낼 수 있습니다 어 이상의 이겨낼 수 있죠 지금까지 4 많은 분들이 곳에 티셧 22:00 얻고 2시 잖아요 저희 즉 고등 같은 경우에도 겨울이 일 년에 행하던 행사도 있잖아요 굉장히 패스트 r 굉장히 굉 장 전 뭐 이런 신차들이 있는데 이런 것들이죠 이루어지지 못해서 아 정말 통화 정말 농도 아쉬워요 또 여러 가지 뭐 세미나나 이런 것도 할 계획이었으나 해외에서 유명한 명사 분들 모셔서 좋은정보들 이렇게 좀 알려 드리려고 했는데 그게 안되서 너무 아예 정말 너무너무 너무너무 아쉬워요 그리고 지금 같은 경우에는 2.5 단계가 되면서 지금 수업이 요번주는 이제 진행이 되지 못하거든요 그리고 좀 아쉬워요 정말 아쉬워요 4 그래서 8 빨리 프로 나를 울려 보시고 캐서 예전 같은 애정 같은 일상 생활 할 수 있기를 바라구요 어제가 또 당당하게 한 채가 안에 뭐 1 뭐 추억 허리는 더워 이런 날이 왔으면 좋겠어 지금은 한 최근 해도 되는거 아닙니까 예 조부 요렇게 어 하고 있는데 꼭 제가 4 산책을 자신있게 매일매일 라고 하는 날이 왔으면 좋겠습니다 지금 저희집 강아지도 그냥 을 좀 말씀드리면 우리 집에 강아지가 두 마리가 늘었어요 저희 제 어머니가 좀 많이 편찮으셔서 가지고 병원에 가시면서 저희집에 말티즈 2 말이죠 어머니가 될 고 있었던 말티즈의 녹여 아니 엄청 노 변 은 놈 두 마리가 이제 들어와서 저희 지만 지금 총 다섯 마리의 반려견이 있습니다 어 넬 같은 경우에는요 친구가 이제는 좀 계단을 좀 못 올라 가나 봐요 좀 내 내려 이렇게 싫어하고 올라 게도 싫어하고 그래서 이게 앉거나 요 아 것만 무 없습니다 아 네 그리고 있구요 뭐 뛰는 것도 별로 안 좋아하고 음 제가 예전에 한번 쪄 공 가지고 이렇게 놀아 거 든 요 누르고 싸니까 그 나름의 누워 있더라고 겟 그래서 한 책 같은 것도 너 슬렁슬렁 쓸어 왔다 아갔다 정도 하고 회사에 될거 는 정부 첼시는 뭐 여전히 뭐 제가 운동입니다 예쁜 짓도 많이 하고 근데 얘가 으 잠을 많이 자요 확신을 갔어요 늙어 가지고 잠도 많이 자고 털도 많이 빠지고 그래서 못 해봤습니다 아 예 약간 뭐 이런거 있잖아요 전 알면은 지방이 좀 얻도록 또 또 뭐 이런 것들이 모여 기도다 고모 이 만져 보면 요런 때도 있고 그런게 조금 달라졌고 많이 안 걷다 보니까 알톤 빨리 자라요 예전에 요 젊었을 때는 발톱단 짜 넣어 줬거든요 안젤라 저도 뭐 산책 만합니다 갈리 니까 얼마나 쉬운 시원하게 달렸으면 걸었습니다 다 팔려 그런데 요즘에는 요렇게 건 나 봐요 1 관료 어 그래서 이 발톱을 2주에 한 번씩 깎아 주는 것 같고 실시가 튼 경우에는 빛의 몸에 일하고 있고 밥 잘 먹고 누워있고 얘 너 우리가 들어와도 않게요 이렇게 드려야 아 이런 아마 이렇게 5 있고 바로 같은 경우에는 다 우리가 하고 나서 약간 친구가 조금 좀 그래요 어 다 우리를 잘 따라 였거든요 그래서 약간 좀 뭐라 그럴까 음 변화가 있기는 합니다 바로 가 확실히 변화가 있고 뭐라고 좀 장난 좀 덜 치고 음 뭐 그런 느낌이 좀 들어요 오늘 건강하게 차리 있어요 오늘 살 있고 4 에 그러고 있습니다 4 배트 4 우리 다음에 토해 짜 구요 [음악] be too 5 [음악],
15,https://www.youtube.com/watch?v=-GLwsmGkEFw,-GLwsmGkEFw,"along with freeze tag game, biting habit will be gone!│Mungshcool beginner pet parents",강형욱의 보듬TV,선택해주세요 잘자 맺히고 지게차 계책에 시 오 4 아 클래스 돈을 물어 보시지 로 내가 클래스 건을 [음악] 감사합니다 [음악] 아 발 옆에다가 하는 식사로 들어줄게 티그 아 그렇죠 이게 어떤 거냐면 a 아기 있는 집에서 강아지 키울때 이중 많이 해요 얼음땡 놀이 라고 해서 막 뛰다가 딱 서요 앉으면 나 10조 요 이 놀이와 함께 8 옆에 따라다니면서 아직 먹는거 가르쳐 줘요 그러면은 밝게 웃는 거 엄청 빨리 고칠 수 있어요 그래서 이런 이렇게 하다 혼자 막 움직여요 봐요 아 [음악] 생각해봐 어 아자 냈어 예 잘 있어요 문제 캐다 뇌는 발을 좀 덜 께 무게 돼요 그래서 초기에는 맨발로 그 다음에는 양말 쉽고 그 다음에는 털실내화 조금씩 자료를 높이 높이는 거에요 강아지가 나중에는 그냥 내 옆에 이렇게 앉아 나요 엎드려 있어요 얘네 주의해야 될 점이 있어요 1:00 그럼 들고 다니셔야 되요 그래서 내 옆에서 안건 엎드릴 때 마다 간식 주셔야 되요 또 내 예술적 이렇게 와요 냉큼 강아지가 와요 그러다가 발 옆에 내세 맞죠 없으며 는 안 져요 앉으면 간식 줘요 이게 얻어 c 도 많이 가르침에는 나중에 산책하다가 보자면 서면 오토매틱 으로 그냥 않는 강아지가 될 거예요 그리고 이거 의 다음 단계는 의자 안돼요 난 여기 맛있는거 이 찌름 맛있는걸 지 러 안전 내용 간식 줘요 4 이때 오라고 오라고 뭐 그럴 필요 없어요 자연스러워야 돼요 예 가졌죠 그리고 또 내가 다른 의자로 가요 [음악] 예 이게 오토메틱 이에요 그러다가 이걸 너무 잘하면 이제 줄을 살짝 내고 하는 거에요 제가 정말 장담하는데 이 친구는 밖에 나간 보호자는 걷다가 어디에 의자에 앉으면 그냥 않거나 지금처럼 엎드리는 가지게 될 거에요 자 이런 데 없어요 고민하겠죠 제가 저에겐 절어 들어가구요 말이 같이 가시면 3 않는데 발 근처에 있었는데 그 밖에 차이 없지 뭐 여긴가 딱 왜케 없다 예 2 빨아 저 의자가 있잖아요 1 2 3 저게 우리 쪽으로 난 줘 볼게 4가지 내 생각해주시고 예 교타 가 회의 잘했어요 잘했어요 아래 왜 예 우리 줘 버전 임도 이때 그는 가만히 게 된 해가 앉으면 아직 주세요 잘했어 원래 슈퍼 개들이 머리가 진짜 좋아요 진짜 좋고 근데 젤 그 중에서 더 좋은것 같아요 2 토리의 힘은 꼬리에서 나오는게 아닐까요 여하튼 어 다른 강아지 하고도 놓이게 해 주되 보호자 님하고 노는게 더 재미 게 되게끔 가르쳐 주는 거에요 그러면 아마 훨씬 훨씬 좋은 강아지가 될 거에요 [음악],
16,https://www.youtube.com/watch?v=P6x2A5xgsO8,P6x2A5xgsO8,Easy manner training just with a mat! │ Kang Hyung Wook's Beginner Pet Parents in Moong Sch,강형욱의 보듬TV,5 [음악] 이제 발견 키우시면 서 앉아 나 엎드려 의 기대를 많이 하실 거에요 1 팁을 드리면 그냥 맨바닥에 서안 잔업 따라 기다려 배울 수 있어요 잘할 수 있어요 4 족구 도 정적으로 앞으로 여러 가지 응용 할 거잖아요 켄넬 도 가르칠 거고 그죠 그 다음에 친구 뭐 차에 탔을 때 뭘 좀 뭐 방석이나 뭐 이런 것도 좀 깔아 줄 수 있고 여러가지 있죠 어어 앉아 엎드려 기다려 가르친다면 내가 유용하게 달 가지고 다닐 수 있는 방송 뒤에서 항상 하실 거에요 ils 사우 선을 기본적으로 안되겠죠 그 다음에 밑에 중요한 건 명령어는 하지 않아요 아 아 아 아 페이지의 써 냄새 적게하고 밑으로 쭉 내리고 자 고개만 숙여도 간식을 줘요 게 고개 말 숙여도 간식을 줘요 그래서 맞게 하고 밑에 가두고 요번에는 예 어 [음악] 엎드리니 까 간식을 먹어야 이렇게 아 그게 슬금슬금 색으로 아주 제 꿈 책동 책 음식만 하면 되요 지금까지 앉았다가 엎드려 짜 나요 요건 에는 바로 엎드리게 한 번 해볼까요 바로 엎드렸다 그래요 요건 을 앉아 해볼게요 4 아예 잘했다 아 이건 내서 한번 해볼까요 어 선 막 오케스트라 엎드리게 한 다음에 아우 거 기 우주와 관심 먹으면서 한손으로 간식을 잡고 있구요 하시고 저는 살 실패 잡고 있지만 참고 있는 겁니다 잡고 있는게 아예 참 9 아 참고 있어요 그러면서 몸도 조금씩 만져 줘요 왜냐면 얘기 때 관리도 많이 하고 발톱도 깎아줄 거거든요 그래서 이렇게 한 간식 중에서 한 사람이 또 깃발도 만져주고 아 팔도 만져 주는 거에요 이렇게 가 시키면서 요 지금도 이 친구가 저 앉았네요 손바닥 슬쩍 보여주고 개 봐줘요 [음악] 예 이건 기다려 인척 기다려 가 않죠 다시 이렇게 잘 하시면 다시 서 이렇게 따 같아요 [음악] 4 조금 시간이 길어졌어요 되죠 한번 해볼까요 그런데 냄새 한번 밖에 해주시고요 겠네 4 방송 위에서 개관식 하나만 줘 보세요 잘하셨어요 그러면서 이 지금도 2위 올라가는 것 자체가 기분이 좋아 라고 알려 주면 되요 하나 재미있는 것은 해볼까요 그냥 일어나 보세요 천천히 얘기 하신 다음에 아주 천천히 제방 토기로 걸어 가보게 [음악] 패턴이 빨리 보시고 우리 같다 잘했다 일반직 주세요 잘해 떨지 잘 했어 어 이거 자넨 4 칭찬해 주시고 말로 칭찬해 줘 괜찮아요 지금 또 만약에 조 위에 올라가면 은 지금 또 간식 주식 잘했어 여러분의 엎드려 다면 가르쳐 볼 때 엎드렸다 앉아도 가르쳐준 거구요 매트 위에 올라가 있는 것도 가르쳐 준 거구요 기다려도 가르쳐 줬어요 으 으,
17,https://www.youtube.com/watch?v=JUed75Yho1U,JUed75Yho1U,Act seriously when dogs bite-_-!!!│Kang Hyung Wook's Beginner Pet Parents in Mung School,강형욱의 보듬TV,오 아 오 오 오 오 오 오 [음악] 우선의 우리가 알아야 돼요 깨물지 않게 하는 것을 배우기 보다 깨울 때 어떻게 대처하는 지를 배우는 거에요 그리고 우리가 깨 올리는 이유는 사실 강아지가 돌자 가능 거에요 만약에 제 강아지라면 은 저는 지금처럼 장난감을 가지고 노는 것을 아주 열심히 할 거에요 이야 이야 이야 이야 이야 이야 될테고 oo 아 어떻게 되겠 우아아아 힘 진짜 3 어 러쉬 금치 못 봤어 지금 이 친구 제가 가지고 있는 장난감을 가지고 놀고 있죠 그러면 친구는 저랑 같이 있을 때 기분이 하나만큼 좋아졌어요 뭐 그보다 더 많이 좋아지게 되면 나중에 저랑 있을 때 그냥 기분이 좋았어요 그냥 공무 자고 재밌게 놀면 되요 보호자가 사준 걸 가지고 혼자 재밌게 노는 게 아니라 얘네들은 보자 하고 같이 노는데 그래서 강아지의 장난감을 거릴 때 요 강아지를 대신 놀아줄 수 있는 장난감을 고르지 마시고 내가 가지 않고 재밌게 같이도 쓸 수 있는 장난감을 사는게 좋아요 이걸 물고 당기고 물고 당기고 또 예 를 가지고 놀고 싶고 부리로 즉 우리도 제 의료 제 일을 책을 장난치는 거에요 그럼 이 친구를 자연스럽게 저랑 있을 때 즐거운 게 하나 마싸 이 때문에 나라 있는 것 자체를 기분 좋아하죠 이렇게 하는 물었어요 그죠 근데 이건 예전부터 아니에요 제가 울어 혼을 넣은 거예요 그럼 이제 제가 다 이루어져 그럼 제가 일이겠죠 뭐 취 거성 칼도 죽어 전 틀고 웬 아무르 합리적이지 못해요 그러면 우리는 어떻게 해야되요 넘겨요 이터 그 놀이할 때 우리 보호자 님들이 가끔씩 이런 경우들이 더라구요 내가 예 우아 죽이겠다 어 뭐야 도의 안 놀아 5 같이 송 짝을 맞춰서 놀라요 근데 왼 짝을 맞추어 주는 옷하고 황자 재미있게 만들어요 왜 이 막 졌는데 100 에 호준이 좋은 방법이 있어요 이거 참 여러가지가 물어요 허가가 아 이렇게 그래서 정말 이 척은 어리는 달 여간의 힘 만큼만 놀아주는 거에요 그러다가 만약 2층과 죄송 깨 물었어요 정 세기 라고 하자 4 우리가 을 격정이 정 택해 라고 할 정도로 아 소 를 응해서 몸을 경직되게 딱 피는 거에요 이렇게 몸을 춰도 되구요 예 아 아니면 벌떡 일어나 도 좋아요 이런 친구를 살짝 놀라게 되는 거에요 떠나 깨물어서 아수 자 밑에 중요한 것은 이 앱의 화내면 돼 아 이건 좋지 않아요 지금 우리 친구가 보호자는 주인 8 어 신발 적어 볼 잖아요 이렇게 뭐랄까 요소를 지금 요 정부는 하하 아프다고 했던 이 정도에요 [음악] 발이 찡 거에요 잘봤어요 자 그럼 벌떡 일어날 거에요 [음악] 벌 떵 일할 때도 정말 벌떡 일어나죠 과거 이 덕 이 게 아니에요 여러분 이렇게 됩니다 그래서 아 말아라 말라니까 빨리 많다가 날 라고 하거든요 완전수 날 생각해 주시면 물음이 1 다니는게 좋아요 반하게 라야 좋아요 c 다른 사람들한테 상처를 입히거나 그러지 다 될까 빠른 사람들에게 상처가 나면 은혜 되며 사람이 실례가 될까 가야지 왜 이렇게 될 수 있으니까 우리 보호자 님은 어때요 저는 이 정도로 게임 안한건 괜찮네 지금 애니 - 니까 일 정도로 께 해무 는 게 장난이라고 이걸 받아주면 내와 나중에는 더 힘을 조절을 못하고 깨 울게 될까봐 그냥 아예 에이스의 안 했으면 좋겠 거 든 요 그러니 예 실레 인 행동을 하는 건 좋지 않아요 실내 냉동으로 많이 하는건 정말 정말 좋은 행동은 아니에요 깨무는 거 자연스러운 행동 이에요 그래서 아이의 없앨 수 없어요 근데 어느정도 재미있게 놀게 해 주시면서 내 손가락을 조금 쉽게 볼 수 있는데 어느 순간 쎄게 문화 라고 했을때 하지 못하게 하는 것만 함께 괜찮아요 그리고 또하나 이건 있을 것 같아요 우리 어떤 악의 들이 왔을 때 좀 다치면 어떻게 어떡하나요 라고 생각이 들잖아요 조금 그 이전을 생각해보죠 그 아이들이 왜 우리 매 강아지랑 같이 있게 됐을까요 선택 컸으니까 으 그럼 이렇게 하면 되요 안 만나면 되요 아니면 그 아이들한테 알려주는 거죠 서운 내밀고 냄새만 맞게 해 달라 로 아니면 간식을 주는 거예요 간식 주태 게임을 지 않거든요 [음악] 그런 식으로만 그 친구들이 해주면 깨우는 것 자연스럽게 없어요 단 지금 춤이 터부 놀이 해주시고 싫다 라고 표현하고 그리고 또 서 친구 특히나 코기 같은 경우에는 보호자가 나를 잘 지킨 응가가 굉장히 중요해요 우리 보호자 님이 예절교육 가르쳐 주고 또 하나 도시의 사인 다니까 충분히 주변 해서 많은 자국들이 있을 건데 내가 저 자극 들로 더 더 를 지켜 줄 거야 라는 것을 정확하게 알려 줘야 되요 그렇잖으면 은 그 우 자를 되려 치킨런 고한 혼자 되는 경우들이 대부분이에요 그래서 크기를 키우는 것은 게임은 거는 이건 어느 정도는 좀 견딜 필요와 또 너무 심하다 싶을때는 하지 못하는게 명확한 것 좋아요 하지만 그 다른 것들은 우리 보호자 님이 지키려고 노력을 하셔야 돼요 다른 보호자들에게 영화도 아 예뻐요 만들고 싶어 하면 아제 서예 야간 시간 하며 주시면 한데요 네 감사합니다 요정도만 해도 돼요 [음악],
18,https://www.youtube.com/watch?v=k7aD2VNAxIE,k7aD2VNAxIE,Do dogs that look alive have similar personalities?|Kang trainer with Lee Seung-in & Nooga,강형욱의 보듬TV,즉 씹어 랑 닮았다는 데서 성격 또 닮았나요 어때요 성격은 리트 리소스 훨씬 수 아 아뇨 것 같아요 무엇을 생각할 때 솔직히 미 뜨리며 너무너무 하고 아 넘 사아야 너무너무 4호 여러분 아니라 좋긴한데 넘을 수 없다 늦지 모드 근데 조금 달라요 골든 리트리버 가 있고 라브라도리트리버 있잖아요 골든리트리버 는 조금 정말 바보예요 너무 자주 어요 근데 라브라도리트리버 는 약간 사리 분별을 하더라구요 왜 골드는 쌀이 분들이 안돼 주저리 어떤 영상 봤는데 외국의 사려는데요 도둑들이 두며 애가 세 명이 집을 취입한 거에요 외국이 골든 레트리버 큰 골든 레트리버 두 마리가 있었는데 그 보호자 겠죠 즉 주인 집주인을 포박 바닥에 눕히고 뒤로 손 하고 그런 그러면 쭉 부정 정도 잖아요 4 총도 있었어요 그 했거든요 두 마리가 초 자기 주일에 총을 겨누고 있는데 더 뽀 뿌 [음악] 근데 그 도둑도 강도도 개를 좋아했나 으 합니다 [음악] 그 오면서 야키 우만 안 나겠어요 운영할 이 모자는 이 영상을 안 봤어야 되는데 이런 애들 게 있는데 얘들은 어느정도 보호자에 대한 특별한 의식이 있더라구요 보 절 특별히 좋아 한다든지 이런 것들 알겠어요 dt 번은 넘사벽 이다 아 오 오 오 오 오 오,
19,https://www.youtube.com/watch?v=Pl_Cpwr20zo,Pl_Cpwr20zo,Four months old of watercoli! Water sports training emergency?! (Bodder Collie Berry)│Mung school,강형욱의 보듬TV,여기 같은 경우에는 여기 또 올라간 올라가야 되는 일이 있잖아요 5 아 으 음 으 [음악] 으 으 보도 컬리 가수요 하라고 보신 적 있으세요 네 아 진짜 잘해요 이 친구 드물 엄청 좋아해서 다이빙 이라고 하나요 어떤 애들은 바닥에 있는 공부 잠 3 서울 굴 정도로 물을 진짜 좋아하고 좋아하는 것만큼 잘 하거든요 그래서 친구들을 애기때부터 그냥 물 장남 많지 게 해주면 자연스럽게 수영을 배워요 지금 여기 보시면 2 아까 올라와 있는 수영장 이잖아요 근데 가장 좋은것은 평지에서 조금씩 조금씩 들어 하 담아 발이 잠기고 가슴 정도까지 물이 찰 수 있는 때 응원 시내 하니까 고종 부에서 노는거 시작하는 걸 추천해요 뭐 굳이 안그래도 되지만 예민한 친구들이라면 은 그렇게 시작하면 도움 무조건 될 거에요 [음악] 아 이거 왜 거기서 나와 [음악] 도 스플릿 어도 콜린은 그 섭을 계획대로 할 수가 없어 4 5 2 4 엉 느 친구들 하나하나 적응 시키는 거 참 잔이 해주시면 은 들어가는 거 어렵지 않아요 그렇게 잠깐 들어갔다가 나오고 또 어찌 쉬운 처럼 또 간식도 먹고 지금 물 묻어도 마크 오케스트라 답지 않은 거 보니까 밥먹다가 들어갈 것 같은데 뭐 써요 우리가 하고 있는지는 모르겠지만 어쨌거나 물 근처에 있으니 카 지금 얘는 물 우리만 애기때 조금만 해줘도 자연스럽게 물을 좋아할 수밖에 없을 거에요 그리고 친구 보면은 먹이 먹는 것 때문에 들어가려고 도 하잖아요 잰 마음은 들어갔네요 아 지금 보면 제 봐봐 아 딱 아까 말한 큰 오피 에요 이 가슴이 차면 어 놀라 가슴까지 정도만 차면 저렇게 설 수 있고 또 장애 빠져나갈 수 있다라고 하는 안정감이 전화 봐요 우리 사람도 이 가슴 정도까지 물 참여는 어 부르잖아요 1 배꼽 밑의 는 좀 편안하고 그려줘 이게 수용은 내가 나아갈 수 있어야지 들어갈 수 있거든요 자기가 나가야지 들어갈 수 있어요 달기를 세우고 정리 4 예 땐 심한건 부도 포린 잘 계획대로 안 될 거에요 쇼파를 뭐 닦아 될 줄을 보고 힘이 좀 많이 아 거야 될까 생각하지 께요 땐 얼굴 다 봤어 아이구야 제물 많이 먹은거 같은데 모르세님 쭉 해봐 물류창고 파 줘 야 뭐 [음악],
20,https://www.youtube.com/watch?v=ncLyyRbgFWE,ncLyyRbgFWE,"the genius canine of dog agility, Border collie is born!│Mungschool beginner parents",강형욱의 보듬TV,o 의무 영진의 용재 야 호흡 꿈 으 부모님 오늘 제가 이렇게 없어졌어요 어 그래 때려요 안되는데 이게 허 그리고 이게 저의 타이어 라고 하는데요 이걸 점프 하기만 하면 됩니다 툭 쳐서 떨어질 때 이 소리를 예민하게 여기는 친구들이 있어서 처음에는 그냥 이 장비를 익숙하게 해주는게 최고의 간식 주변에 다가 적어주시면 서 냄 듯 오마케 하고 또 냄새 맡으면 자연스럽게 눈으로 볼 수 밖에 없거든요 또 촉감도 느낄 수 있고 요런것도 왔다갔다 하게 끔 움직이기도 하고 이 다양한 장애물들을 미용 해서 사회적으로 될 수 있게 못 도와줘 보자구요 초침이 불러 가지고 간 책 조금 시켜보세요 그렇죠 맞아요 잘하시고 있어요 예 가끔씩은 요거를 요렇게 된 테러 스토어의 요사이 에다가 단식의 떨어뜨려도 괜찮죠 쪽에는 40 떨어뜨려서 온 우영 지네 영지 여아 또 간식 짜 앞에다 떨어뜨려 줘서 o 입구는 보다 님 오늘 제가 이렇게 웃겨 지었어요 어 빼려 안되는데 아이 조 이렇게 해서 자연스럽게 커 들도 넘어 보고 또 타이어도 이렇게 지나 쳐보고 이종구 를 재미 있으면 되요 또 지금 보면 꼭 보호자 님이 목적이 명확해 서 한마디로 장애물을 넘는 게 목적이 어서 한게 아니라 한식 먹다보니 넘게 됐잖아요 설렁설렁 넘는 걸로 시작하는 게 맞아요 자 이제부터는 그냥 제 손 따라서 건너 볼게요 아아아 잘했다 어 어 자 여기까지 됐으면 다시 앞으로 와서 이번에는 제가 뒷걸음 되실 거구요 강아지가 잘 따라오게 해볼게 아아 그랬어 잘도 잘 있었어 아 살겠어 반려견 들이 초기에는 보호자 님이 여기 있는데 자기가 이렇게 건너는 것을 2 어려워 하는 경우들이 있어요 제가 왜 이렇게 해서 시작하지 않고 이렇게 해서 시작해야 면 베리 이 쪼금 가라 라고 하면 베리는 이 쪽으로 가지 않고 고전이 만세 을 다룰 수 있 거야 그래서 페리 이쪽으로 가 [음악] 라고 해서 내 몸의 방향이 어디를 향해 있는지를 알려주는 게 그 쪽으로 향할 수 있어요 보호자 님 멀리 있는 데서도 이 사이를 그냥 왔다갔다 움직이는게 익숙해지게 되면 그때 조금 더 속도를 내도 좋아요 한번 보자 님이 해볼까요 여기서 팁을 드린다면 보호 전 이미 장애물을 쳐서 넘어 지지만 않으면 되요 4 그렇죠 그렇죠 살에서 의사에서 조심하시구요 아주 좋아요 아주 훌륭해요 자 이번에는 요 살짝만 제가 이렇게 올려볼게요 요호 잔이 건널 때 조심하시구요 4 [음악] 으 내 좋아요 제 팁은 먹이를 먹게 해 주면서 여기다 2개 한 다음에 자 이런식으로 해서 오게 하면 좋아요 이런식으로요 해외 그렇죠 초아 요즘에 살수차 시키지 않아야 잘 그렇지 그렇지 거죠 괜찮아요 여기서 지금 먹이 먹느라고 가다 보니까 치는 거거든요 이렇게 했다가 조금 빠르게 오시면 아마 이걸 쫓아 갈 수 있는 거리가 좀 더 생기니까 지급 공단기 를 하거나 아니면 다리를 그리는가 [음악] 이 구도 풀린 it 라고 했잖아요 입으로 폴리 라이프 하나에요 여러분들은 지금 보도 폴리 라이프 를 보게 됩니다 [음악] 여기서 이렇게 했다가 이렇게 딱 아 예 [음악] 이렇게 하면 안 걸리고 왜냐면 시선이 조금 더 먹이를 보는 시선이 넓어 지니까 도움 받기도 할 수 있을 것 같아요 그러다가 일로 샷 아니게 됐다 이렇게 하면 보전에 해 볼게 그렇죠 주시고 그렇죠 아까보다 훨씬 더 잘된다 그쵸 이걸 몇번 하면 얘도 배워요 이걸 넘을 때 보상을 받을 확률이 높아지니 까 이걸 넘어야 된다고 생각해요 보다 이쪽에 오신 다음의 네 그 다음에 반려견은 오른손으로 핸들링 하고 넣어 볼까요 그쵸 4 안 사라졌어요 잘하셨어요 이제 이렇게 한번 해보죠 큐브릭 자 지금 저럭 오른쪽에 온 다음에 뭘 이렇게 타면 은 좀더 이제 자연생태 그죠 * 먹이를 마지막에 두번째 허브를 건 다음에 먹는 거죠 그래야 아 설치 이렇게 해보는 거예요 조금씩 기다렸다가 이쪽으로 달려오는 나중에는 저기서 기대를 시키고 이 끝에서 오라고 해서 먹기도 해 봐야 극구 주님을 하면 동을 잘할 것 같아요 [음악] 싹 각 쌍 쌍 쌍 쌍 쌍 쌍 [음악],
21,https://www.youtube.com/watch?v=bMfCNGz0WDM,bMfCNGz0WDM,"things to get dogs disappointed, dog hand training│Mung school beginner guardian with Kang trainer",강형욱의 보듬TV,아 지금 소리 들었어요 예 못했어요 예 어디서 캐서 좋겠다 아저씨 5일 전에 미리 실수 아니겠네요 아빠를 우린 이렇게 할 때에 그때에 친구들이 소금 이거로 통증을 느낀다고 생각하는 경우도 있어요 [음악] 원자 기본적으로는 먼저 간식을 제가 한 10개정도 이렇게 잡고 있어요 양쪽 공으로 잡아도 족 후 한쪽 부모를 잡아도 좋아요 자 퍼 있는 상태 소소는 힘들어요 이걸 쉽죠 근데 이건 힘들어요 아 네 똑같아요 그래서 이때는 앉아 를 먼저 배운 좋아요 앉아 를 먼저 배운 다음에 은행 산심 먹어요 또 즉 까 하다가 또 줘요 그런데 요번에는 제 오른손으로 왼쪽 을 한바퀴 돌리고 왜 왼쪽으로 한바퀴 돌려 요 만약에 예처럼 이렇게 바닥 이렇게 손을 댔다 고쳐 봐요 제 코에다 되고 오르조 움직였어요 그러면 어떻게 되요 여기에 힘이 들어가고 오른손에 여유가 생기겠죠 처음에는 냄새를 맡게 해주고 오른쪽 왼쪽으로 좌우 흔들어요 그리고 강아지들은 인내심이 조금 찾 짤 인내심이 많지 않아요 그래서 꼭 5 으 시금 2층도 손을 해야 돼서 썼거든요 됐었어요 예 그때 그 이 손이 멈춰서 간식이 열리는 거에요 여기 이 아래로도 남겼다가 좌우 도금 움직였다가 내어 또 손이 올라가니까 제가 손에 이렇게 가리고 감천 어떤 간식을 이렇게 주는 거에요 반려견의 아빠를 올리게 할 때에 뭐 손을 가르쳐 준다 라고 이제 생각을 하잖아요 벳 애한테 이제 스폰 이런거 이제 할 때 손을 이렇게 올리게 쬲 그럼 보호자 님들이 실사는 겠어요 잡고 흔들어요 아 그럴 반려견이 깜짝 눌러요 반력 이는 생각하는 건 내 발을 여기에다가 터치 하는 것 정도였어요 근데 이게 잡는 거예요 그럼 발 적인 갑자기 놓는 경우도 있어요 잠 것까진 어떤 애들은 허용 해요 근데 이거 한번 들어보십시오 그 순간 싫어요 털이나 뭐 이런 쪽에 안 좋은 친구들은 관절 들에도 통증을 느껴 아는 친구들이 있어요 이렇게 발가락을 자꾸 이렇게 흔들면 그때 친구들이 손 있고 로 통증을 느낀다고 생각하는 경우도 있어요 그래서 저는 애기 때라면 촌을 따 낄 때도 그렇고 어쩔 재즈 그룹 후 손을 잡거나 흔드는 행동은 최대한 안하는게 좋아요 만약에 파이 파이브 라고 했는데 그 사람의 손 잡으면 조금 부담스럽지 않아요 9 것 같아요 내 손에 손을 대는 것 까지를 우리가 이제 하이 팔고 또는 손 이라고 정의 합시다 그리고 또 하나 이렇게 어린 강아지들은 앉아 있는 상태에서 뭔가 오래하는 것을 제가 너무 힘들어요 끝나는 것 같은 느낌이 들잖아요 그럼 그때는 정말 재밌게 놀아 줘야 되요 재밌게 놀아 주세요 라고 한거 어떻게 하는거 아냐 [음악] ver 재밌게 놀아 줄 세우는 요 거지 이야 이야 이야 이게 이게 재밌게 놀아 지는군요 그래서 지금 이 놀이가 쪼끔 이라도 지루하면 안되요 다시 않고 스톤을 내 미라 섞은 힘은 냄새 맞구요 터치의 ok tesol 그 자리에 땋아 뭐 이런 느낌입니다 한번 직접 해보실 거구요 어 햄 배 이거 할 이거를 오른발 왼발 고집할 필요는 없어요 뭐든지 오늘 터치하는 것 까지만 배움 했는데 아 아까보다 훨씬 사람답게 줘 네 이렇게 스폰 이라고 언제 할 거야 면 이걸 내민 다음에 손을 들 것 같을 때 손이라고 한번 해 보세요 [음악] 썬 그렇죠 이렇게 얻어갈 계셔야 되요 이제 다시 한번 따 냄 7 바루 써 그렇죠 잘하셨어요 이번에는 손을 내밀자 맞아 손이라고 한번 말해 보세요 내일 젬스톤 그렇죠 잘했어요 잘했어요 자 다 주셨어요 4 표준 그냥 그렇죠 흔하게 흔하게 한 장을 열어 한사랑 터라 잘 하셨어요 손 이렇게 하면 되요 그 중요한 것은 손 이라고 했을 때 턱 씨가 소니 g 자꾸 흔드는 것은 하면은 않네요 그런데 언제든 간식이 있을 수는 없으니까 간식이 없는 상태에서 한번 해볼게요 이제 간식이 없어요 그 다음에 es 파 구조의 이제는 또는 조금만 폭발 으 아 지금 소리 들었어요 못했어요 이거 지금 방금 뭐라고 했잖아요 오디스크 개수 저 모드시 것 그래서 약간 핸들링을 할 때 인 짜 있는 것처럼 한번 행동을 해 줘야 되요 es 없어요 예 자를 써 저 간식이 있는 상태에서도 해보고 또 없는 상태를 해보고 뭐 비율은 간식이 있는 상태로 2번 간식이 없이 한번 들어다 가 너무 잘하면 은 조금씩 비율을 낮춘 거에요 예 아 뭐 요정도 나한테 예 으 으 으 으 으 으 으,
22,https://www.youtube.com/watch?v=bgUup3C-LdA,bgUup3C-LdA,"training of separation anxiety, we can prevent it │Kang Hyung Wook's Mung School Beginner owner",강형욱의 보듬TV,고 호재 님이 어디를 가는게 좋은 날이라고 생각합니다 다리살을 질문들 구한테 또 좋겠어요 요거를 강아지 냄새 으 이제 조금 지나면 분리불안 이나 이런것도 신경쓰일 때가 될 건데요 리트리버 동영상에서 외로움을 대로 배울 필요가 없다고 그래서 항상 뵙고 다니는데도 특히 집에서 제가 조금 만한 보인다거나 화장실을 간다고 다 하면 짓고 낑낑거리고 그러다 보니까 내가 너무 예 를 데리고 다녀서 애가 나중에 혼자 있어야 될 때 불림 하니 생기지 않을까 그런 고민이 좀 되더라구요 외롭게 일부로 나 두는 것은 좋지 않죠 하지만 보호자가 옆에서 모든 걸 다 해줘야 되는 응석 쨍 1호 키우는 것은 분리 불안을 더 자초하는 얘기에요 얘기니까 같이 있으면 있을 수록 좋지만 떨어져 있는 연습 뜰을 간헐적으로 하는게 좋아요 보구 자가 좋아지면 떨어지기 싫어하는 것은 매한가지 이니 분리 불안을 아이 없을 수는 없지만 예방하고 연습할 수는 있어요 우선은 친구 방석이 올라갈 거에요 방송 위에 올라가면 한식 볼게요 강아지가 올라가 2시부터 1시간 해주면 되요 이번에는 요 냄새 맡게 하면서 한 바퀴를 돌리고 있죠 그렇게 되면은 이 방석 이라는 개념을 이 친구가 이해하게 되는 데 도움이 되요 이 바닥과 방석을 9분 하게 되죠 외출 가방 속에 있으니까 자꾸 좋은 일이 생기네요 4 그럼 점점 는 좀 방석이 올라가니까 한식을 먹는 다는 걸 배우는 데 도움이 되요 지금이 지혜가 적이 있네요 그러면서 점점 노는 벌이고 있죠 지금 얘가 수수로 저한테 와서 달라고 떼쓰는 게 아니라 좋아하고 거리를 유지하고 시간을 드리고 있으니 좋은 일이 생기는 거예요 이제 턱이 없는 방석에 올라가는게 조금씩 괜찮아 졌다면 이제는 턱이 있는 큰 방 속으로 옮겨 괜찮아요 봐용 아 용 지금 찾아보세요 별것 아닌데도 새겨 그렇게 올라가지 않아요 이렇게 별것 아닌데도 이렇게 어렵게 올라가는 요 상황을 자기 자주 만들어 주시구요 여기 들어가면 좋은 일이 생겨야 되요 그런 식으로 하나하나 극복하고 저번 시키는 연습을 하면 이 친구는 되게 내구성이 강한 강아지가 될 수 있거든요 그런 강아지가 되면 자연스럽게 찍어 자신감이 생기게 되구요 혼자 있는 것에 대한 두려움을 점점 좀 떨쳐낼 수 있어요 근데 문제는 너무 강아지를 좀 꽃사슴 n 나머지 아끼는 행동이었지만 기회를 주지 않는 행동이 기도해요 아까 준비한 여기 한 하루 분량 의 사료를 이렇게 피우면서 간식 하나씩 하나씩 더 넣었어요 여기에 내 무릎 사이에 드로우 했다고도 1 뭐였나요 자 이러다가 이럴 순 있어요 올라와 나무 하면서 내가 허락해 주면 되요 그럼 이 친구는 조금 정벌 배우 내면 무릎은 허락받고 올라가는 것 쇼파는 허락받고 올라가는거 그리고 내가 자주 허락해 주는 데요 보전 이미 강아지한테 만들어 줘야 될 것은 아무 규칙도 없는 세상이 아니라 규칙이 있는 세상의 허락을 해 주면 또 허용을 해 주는 역할을 해 주셔야 되요 이러다가 일어나요 손바닥 보여주고 다녀올게 라고 말만 하면 되요 다녀올게 라고 하고 뒤에 가서 따라오던 따라 오 좋다 상관없어요 물 드시고 그냥 다시 돌아와요 돌아왔는데 강아지가 너무나 예쁘게 가만히 있어요 그럼 간식 중이에요 근데 초기에는 된 강아지 nci 에 있는 물 먹고 는 정도면 충분해요 그래서 지금 이렇게 많이 연습해야 되요 2층으로 보자고 자연스럽게 불렸다가 만나고 분리됐다 가 만나면 20 수시로 할 수 있기 때문에 보고 잰 님이 어디를 가는게 무서운 일이라고 생각하지 않아요 조금 있으면 보호자는 다시 돌아올 거거든요 여기에다가 뿌려주시고 다녀 올게 라고 하고 뒤에 갔다 올게요 잘하셨어요 왜선 냄새 한번 막혀 주는 거 잊지 마시구요 큰 받아 보자 님 손 바닥으로 이렇게 보이는 얼마나 써야 그렇죠 참 파악을 정말 힘들게 보여줍니다 이렇게 보이지만 얼마나 좋을까요 이제 약속된 세바퀴 따고 다녀 올게 라고 하면서 가는게 아니에요 이거 안내판에 기사님께 생각하는건 한데다가 적이 있어요 요거는 강아지한테 불안하게 헤어 포기는 행동이 될 수 있어요 또 따라 오라고 하는 의미가 될 수 있거든요 선부 닭 보이고 다녀올게 볼게요 다녀올게 그리고 빨리 갔다 오자 가서 손 냄새 맡게 해 주셔야죠 그렇죠 그 의미는 어떤 의미 아무일 토트 로써 아까 하고 나는 같아 그 걸 느끼면 강아지는 보호자 님이 나랑 떨어져도 아까 그대로의 그 사람을 거기 때문에 안정된 물들이고 욕이 다 되는게 문제가 없어져 다시 한번 얹어 보실까요 저희 강아지 어때요 너무 예쁘죠 근데 궁금한 게 그렇게 기다려 훈련 할 때 안보일 때 낑낑거리고 짓거나 하잖아요 보통 강했던 2 처음에는 낑낑거리고 때 이걸 내가 괜찮아 나 여기 있을게 대답을 해주는 게 좋은 방법인가요 아니 그건 기다려 훈련을 하는 건 아니에요 안 보임 을 깬 걸을 수 있어요 그래서 이 교육을 할 때에는 초기에는 항상 뭐 가시권 안에 보자 님이 있어요 음 혼자 이끌 두는게 아니라 떨어져 있어도 괜찮은 것을 알려주려고 하는 거에요 혼자 있어도 괜찮은 건 불가능해요 혼자 안 괜찮아 이 시기에는 혼자 있는 건 불가능해요 그래서 지금도 조금씩 조금씩 떨어지는 연습을 조금씩 조금씩 하는거예요 그래서 보자 님하고 1초라도 5천 와도 떨어져 떨어졌을 때 불안감을 느끼지 않 않은 상태가 연속이 되게 되면 이제 5초 동안 기다리고 초 동안 있을 수 있는 강아지는 식초를 있을 수 있거든요 이런 것들을 조금씩 늘려 주시는 거에요 으 으 으 으 으,
23,https://www.youtube.com/watch?v=yCqzo_DIbJo,yCqzo_DIbJo,My dog inhales the feed. lol (feeds are gone) │Kang trainer's Mung school beginner owner,강형욱의 보듬TV,파블로 달려야 밥을 넣어 반려 먹어야 밥을 줬는데 없어요 뭐 하고 반대파 b 없어요 저런 으 1 4 [음악] 또 로봇에 어떤게 고민이 있었어요 타블로 달라요 밥을 넣어 발효 먹어야 밥을 빨리 먹는건 애기때 특히 이 3개월 때 밥을 빨리 먹는 원 건강에 척도 요 밥을 안 먹거나 밥을 누리기 먹거나 그러면은 너는 무조건 병원에 될 거야 애기 때는 기력이 제일 중요하거든요 기억이 없으면 즉 큰 후 조건 아프 거에요 그래서 이 때 얘기 때 뭐라 그러냐 며 는 밥을 줬는데 바뀌었어요 허블 내려놓고 뭐 하고 반 될까 예 근데 그게 너무나 당연한 거에요 아 근데 제가 추천드리고 싶은 건 이거예요 우리 하루 2끼 먹나요 네 번 네 번 딱 좋습니다 지금 느끼가 났거든요 그런데 제가 만약에 우리 봉이 에보 잘하면 저는 한끼만 좋고요 하루에 한 번 4 그렇네 o 애가 있어요 한끼만 주나라는 이 아니라 하루에 먹을 양을 하루 도움을 준다는 이야기 라겐 나 기근 아니면은 비닐봉투 등 미 친구가 하루에 먹을 양을 답 더워요 그래서 강아지 교육할 때 마다 하나씩 빼서 줘요 지금 제가 이 놀이를 했죠 친구의 시 교에 필요했거든요 지금의 친구는 사료도 동 좋아하죠 그러면은 그걸로 보상을 할 거에요 그런데 여기서 간식과 밥을 다르게 생각하지 마세요 밥을 간식처럼 먹어야 되요 사료를 간식처럼 먹어야 할지 건강 한계 라고 생각하죠 그런데 밥은 뭐 그만 먹고 말만 말고 반만 넣고 다니고 [음악] 그 아니야 얘네들은 항상 밥도 간식 같은 느낌으로 맛있게 먹어야지 건강한 상태 라고 보시면 되요 4륜은 깨작깨작 먹고 닭 가슴살 막 맛있게 먹는다 근친 둘은 곧 다시 쌀도 깨작깨작 먹게 될 거에요 그래서 함에 먹는 양 여기 있어요 수시로 계속 교육하면서 좋아요 하루종일 너무 열심히 이 교육을 해서 저녁에 1밖에 밥이 안 남았어요 그렇게 저녁이 함께 조회 근데 내가 오늘 조금 주마 느꼈어요 그래서 이만큼 이라는 거에요 그럼 저녁에 니가 함께 주나요 자 그럼 해석까지 웃는 하루 한 쪽 모은 걀 카레 숨 쉽게 먹어볼 수 있어요 업체 뻔 한 번 다음에 할래 또 왜 그렇게 해주시면 수시로 보자는 거다 싶어 하는 것도 볼 수 있구요 소실을 보호자인 님한테 다하는 것 같고요 도장은 옆에 있으면 좋은 애들도 출시로 일어난다 같은 거였어요 [음악],
24,https://www.youtube.com/watch?v=5PF5dMzSLZE,5PF5dMzSLZE,Little bichon who stops moving with dog collar│Kang Hyung-wook's Mung school with beginner owner,강형욱의 보듬TV,으 억 사라졌어요 으 이게 이렇게 하고 머리를 얻어 넣을 수 있어요 이렇게 하고 뭘 누릴 수 있겠어요 내가 좀 10에서 몇 년째 이런 얘기 하고 몇 년째 지금 취미나 가 끄지 제타 비축해 타니까 [음악] book 가슴줄 매는 게 좀 많이 힘들다고 하더라구요 맨 곳까지는 괜찮아요 그렇게 매국 나면 그대로 어려움 억제하는 움직인 해머 보여 주시오 으 으 [음악] 어우 잘 마셨어요 약간 좀 걷는게 주고 왜 괴물을 이렇게 근 둬요 느낌 그리고 앉아서 쳐다 만 보고 있고 집에서는 이렇게 내놓고 간식을 주거나 하면 봐요 그러면 좀 나가 볼까 싶었는데 밖에 나가면 복도에서 부터는 그냥 앉아서 4 다만 보고 오지 라는 거죠 좀 집에서 져 이렇게 저주를 매 놓고 돌아다니게 도 해 놓으시고 연습 시켜주세요 집에 사는 막 뛰어 다녀요 때 앉게 안 안돼요 안돼 여다 에러 다가왔던 싫어하는 것 같애 까도 풀어줄 거야 우선은 제가 조금만 저 어 훈련사 의 관점에서 저는 이 가슴 쭈리 나쁘다고 생각하지는 않아요 괜찮아요 괜찮아요 그런데 처음 줄을 경험한 향하지 한테는 쪼끔 부담스러워요 이 친구는 첫번째로 몸에 뭔가 걸치는 거잖아요 이런 얘기 강아지라면 목에 매는 리본이나 목에 매는 아주 가벼운 주 부터 시작을 하는게 맞아요 이렇게 혹시 연습을 해 보셨나요 1 안돼요 안될 허니 해준 몇 년째 지금 침이나 가 휴즈를 조금 더 100만원대 팽만 100만 되실거 빚은 되기만 어쩜 이렇게 나갈 때쯤 해오는 100만 2개 100만이 되어 있을지도 몰라요 수장 보고있나 말 이것을 음 그냥 이렇게 잘라서 강아지 뭐 이렇게 맞게끔 해도 좋고 우리 강아지가 좀 익숙한 것 같다라고 하면은 요즘 도로 그냥 이렇게 묶어 요 어쭈 크 에 e 의 길이가 크기는 강아지 목에 딱 맞는게 아니라 머리에 들어가는 데 문제가 없을 정도 그래서 이 친구가 너무 좋아하는 간식을 냄새 맡게 하고 앞니 빨로 물어 뜯어 먹게 해 줘요 이게 보시면 넓혀 줘서 들어올 수 있게 해주고 음 강아지가 자발적으로 넣어야 되요 그리고 난 도킹 1 그리고 지금도 보면 자기가 주름에 따라 의식하지 못하 져요 손으로 잡고 있는 간식을 가자가자 까지 먹고 있네요 으 그러면 지금 이 친구는 내가 좀 줄을 매달아 는거 모를 거에요 그런데 이 강아지들이 귀에 대한 질병의 를 적는 친구들이 있거든요 그런 상태에서 귀가 있은 경우들이 좀 많아요 매일 때 뺄 때 귀를 거치는 것 자체에 대해 스트레스를 많이 받거든요 자 뺄때는 먹이는 먹고 있구요 술이 떨어져야 되고 이 친구는 먹이를 먹는 걸 로 끝나야 돼요 그러면은 내가 줄을 맨 남매 나 몰라요 이렇게 연습을 집에서 많이 하고 버클이 라고 하잖아요 똑딱 똑딱 하는걸로 이제 매주 는 거예요 그 다음에 그 목줄이 익숙해지고 그리고 또 줄을 이렇게 자꾸 다니는 것도 집에서 괜찮 하시면 엘리베이터가 있는데 거기 만이라도 강아지 하고 줄 매고 나갈 다진 튼 문제가 그냥 한 책을 나간다고 엘리베이터를 타고 1층으로 가는 게 문제에요 복도가 바뀐지 엘리베이터가 바뀐 지 1층 바뀐지 얘는 다 바뀌는 말이에요 그것도 만나 같다 들어가기 산채 언제는 엘리베이터 타고 일침 에러 간다 가 다시 집에 들어와도 사체 그 계속 집에 돌아가는 산책을 되요 a 동에 살면 a 더 한 바퀴만 돌고 집에 오고 아니면 2 밖에 들고 집에 오고 구간에는 반대방향 공곶이 베도록 그걸 하고 난 다음에 이 친구가 줄에 대해서 익숙하고 조언 전혀 저는 전혀 문제가 없어 지면 그때가 습지를 하강 처벌을 하 다음 이렇게 상관이 없어 줘야 되요 그리고 언제는 이걸 뵈요 내고 밥 먹자 하고 밥을 줘요 밥을 다 먹어요 차례 스와 라고 하고 풀어주는 데 있음 한번 이렇게 딱 삼각형 만드는 거 한번 해 보세요 [음악] 으 사라졌어요 어 이게 힘 이렇게 하고 머리로도 넣을 수 있어요 이렇게 하고 뭘 누릴 수 있겠네요 오른손잡이 3 그러면 먹이를 잡는게 오른손은 게 주요 어린 손님이 편할 거에요 먹이주는 손이 굉장히 유한한 손이고 너무 스칸 손님 게 좋아요 이 오른손이 능숙하지 못하면 조금 어려워 질 수 있거든요 그거 해 보세요 예 으 다 주지 말고 조금씩 널 어떻게 해주세요 즉 목탄으로 봤잖아요 좋은 집에 볼까요 폼 이름에서 포항 날아 거야 그렇죠 그렇죠 출 한번 풀어 봐 주세요 이렇게 한자 했잖아요 잘하셨어요 이런식으로 20에서 노릇노릇 뭐예요 이거 를 뭐 10분도 좋고 수 보던 좋고 계속해서 반복하는 거에요 나중에는 줄 끝을 잡고 찍을 왔다 왔다 왔다 갔다 움직이면서 몸에 걸치고 걷는 행위가 좋다 라는 걸 대속 알려 줘 지금 이걸 하고 난 다음에 가슴줄 쓰세요 뭐 걸치면서 움직이고 걷는 그 연습을 하는 거래요 그 냄새 맡게 하고 그 다음에 이것을 삼각형으로 만들고 육각형으로 만들고 강아지가 들어오고 줄 놓고 뭘 춤 쥑인다 펌 팬 차례다 줄은 이렇게 끌고 다녀도 괜찮아요 출처 전이 귀 1 하다 아셨죠 [음악],
25,https://www.youtube.com/watch?v=VSzERyOQ8sw,VSzERyOQ8sw,A black shadow resembling a dog that follows you.│ beginner owner in Mungschool with Kang trainer,강형욱의 보듬TV,5 옆에 있을때 앉아 한번 해볼게요 강아지 하고 내가 같은 방향으로만 서도 간식을 주는 건데 저는 왼쪽에 가게를 되는 거 좋아하거든요 그래서 왼쪽에서 왼쪽 눈으로 간식을 줄게요 집에서 왼쪽에 왔을 때 갈색 주면서 왼쪽에 쓰는 좋은일이 생 격 지금처럼 왼쪽에 있을 때 하십시오 지금 사료를 주시는거 좋은데요 사료를 줄 게 되면 이 채무가 사료를 쉽잖아요 서면 가루도 많이 떨어지게 되고 싶은게 떨어지게 되서 조금 쏘세지 같은걸로 눈의 구조 키는 합니다 그리고 또 하나는 당할 리가 간식을 먹을 때 조금씩 뜯어 먹게 돼 줘야 되는데 파견을 되겠죠 힘들어요 3 하고 같은 방향으로 있는 거 우리 1 사회 상수도 좋은 방법이에요 쉬운 등을 걸어갈 때에도 내가 섰는데 강아지 가지 앞서 와서 앉아 이거는 좀 뒤편 해도 이잖아요 강아지 하고 내가 요렇게 같은 거야 우리 사회 있냐 좋다는 거에요 그 다음에 조금 잘 하게 되면은 이제 이 친구와 같이 걸어가는 걸 할 텐데 그 전에 이언 스타맨 좋은 좋은게 있어요 한걸음 한걸음 듣거든 붙여요 자 오른손으로 두셨다가 왼손 누드로 주택 그러다가 강아지를 왼쪽이다 두고 같은 방향으로 걸어가는 거에요 성격이 급하거나 아니면은 먹이에 먹고 싶은 욕구 안 당한 강아지 등의 언덕 아들에게 쉽게 들어가는 친구들이 조시 것처럼 요 밑에는 다시 하는거예요 3번 보호자 님이 해 볼 건데 간단합니다 조금씩 조금씩 중에서 뒷걸음을 치는거 부터 한번 해볼게요 냄새 맡는 맞게 해주시고 아 네 헨 살아있는 사람이 살아요 예를 찾아 인사 랄까요 잘하시네요 아하하 팁을 드릴께요 강아지를 오른쪽에 두고 요렇게 꺾으면 강아지가 뒤로 멀어져 요 그래서 나를 축으로 강아지를 왼쪽으로 돌려 내게 맞아요 아 [음악] 그래서 제주시로 턴 턴 턴 타 그 다음에 4 볼까요 먹이 살짝 들고 아닌 자의 거예요 해주세요 어전 하네요 지금 저희가 지금 하고 있는게 누워 리 라고 해서 응 워락 c 를 할 때 누워 그 미끼 라고 하나요 앞에 믿기를 건데요 가짜 이렇게 그쳐 겠죠 들어갔다가 그렇게 이렇게 하면서 그 정말 살아있는 듯한 고기 같은 느낌을 수 있는데요 느끼지요 한마디로 를 따라오게 하는 거죠 애기 강아지 한테 처음에 이끌림을 그리듯이 아 너는 내 앞에서 않는 모습을 보여줌 5 근데 얘는 내가 아니라 있는지도 몰라요 그런데 왜 간절히 앉아 있는 상태에서 단 실을 넣어 부 상태에서 또 간식을 따라 살아가다 보니까 엎드리게 되어 있으며 밑에 간식을 먹어 그러나 보면은 1 손님들이 위크 린이 그래서 나중에 잘 쪽이 행동이 나올 가능성이 높아지죠 그래서 전 밑그림을 그리는 룬 cc 기가 되게 중요하다고 생각하면 어 않는거 엎드려 오는거 옆에 따라 가는것도 1 이름 불렀을 때 존 살 같이 오는거 그 아테 이런 친구들은 요 어렸을 때 되게 힐라 오래가요 이게 익숙해 졌으면 은 잘 당하 질려 다리 사이로 넣어 봐야 아야네 써요 다리 사이 사이로 강아지 언니가 뭐 해 볼게요 그렇죠 보질 훈련을 좀 하신 것 같은데 멍 조크를 왔읍니다 그러니까 하는데 저 조회하면 됩니다 요 버프 예 5 맞이 하면 됩니다 아 그렇죠 그렇죠 그렇죠 그렇죠 보기에서 탄다고 들을 뛰세요 탁 4 우먼은 잘있다 관심 말 잘했어요 아 1 t 여러가지가 왔잖아요 그때 간식만 주셔야 되요 간식만 주시거나 따르면 그냥 이렇게 고정도 그런데 어떤 모자 님들은 간식 주고 잡아요 이렇게 이루고 해 예 나자 하고 싶기는 하다 나도 하고 싶기는 아예 지금은 좋아요 아우 학교 너무 좋은데 이렇게 하면 지금처럼 강아지가 뭐야 뭐야 들어가요 지금 물어보세요 장난치는 것을 p 하잖아요 나는 너무 좋은데 얘기가 시대 때 그러니까 그 때는 봐서 관심만 주고 핵 뜸하게 이루어지면 더 좋아요 으 to a,
26,https://www.youtube.com/watch?v=2hwUIL4l_FA,2hwUIL4l_FA,a dog who lies down when to sit down │Kang hyung wook's Mung school with beginner owner,강형욱의 보듬TV,아 어 요 예 으 4 ep 구미 하위 여기서 뵙기 쉽지만 왜 일부러 이런 애들을 봐도 그 예 [음악] 으 4 [음악] 기본적인 것부터 좀 해볼까요 손 위로 올려 보고 으 아 뭐 이 거야 얼어붙은 요 어떤 친구들은 앉아 를 해야 되는건 아는데 낯선 사람한테 보여주는 거 좀 싫어 할 수 있어요 그래서 초기에는 잘 못해도 흉내만 내도 간식을 줘요 보상을 해주는 거죠 예 해 봐라 자 요번에는 바로 엎드려 가볼게요 아예 달 안에 이정도면 오늘 엎드린 상태에서 잇어 한번 해볼게요 어떨 때 입을 가지 산하 주고요 13 밖에 야구 오늘 땡겨 볼게요 예 예 제가 2 엎드려 를 시켜서 자도 될 거에요 자랑 진짜 잘 아실 거예요 이게 쿨러는 아도 엎드려 오면 완자를 기다려 를 이렇게 말할 수 있으면 강아지는 좋아질 수 밖에 없죠 요거 한번 해 보죠 냄새 밖에 한 다음에 요 안내 앞에서 앉히고 엎드리는 것 까지만 한번 해 보세요 예 전자 거지 이건 빵에 빵에 부부 자기야 잃지 않아 조금만 더 할게요 이거를 괜히 말게 하고 찬 살짝 흔들어 줘요 팬들은 싸이가 살짝 힘이 돼 먹겠어 가 음 빤 듯 4 예 앉아 에서 받아 안차 했어요 예 뭐 예 으 [음악] 탭 제때 일부를 이루는 정원의 4 이게 타투 미라 확 인가 실패해 [음악] 아 때는 이렇게 최소 합니다 뒤에 좀 손을 좀 많이 써야 되잖아요 아 너는 빌립을 자 보내는 거 아세요 아 그냥 엎드려 벌써 일어나 두 달 찾네요 예 5 이렇게 섭외하기 쉽지가 않은데 1번과 같이 섭외 하면 그냥 대충 알 쿨러는 하도 하는 분들이 에 앉아 다음에 엎드려 엎드려 다음에 워키 다리야 예 코스 그럼 내 괜찮아요 거릴 뿐 자 그래요 네 부분 하는게 조금씩 구별 하는거 좀 해보자면 골자를 한번 해보세요 이 친구 아니라 3분만에 못 가진 자 안약 명령은 왠만한 하지 않는게 지금을 좋을것 같아요 막간 움직일 이때 소리내지 않고 몸짓으로 마한 [음악] 잡았네요 그 다음에 바로 엎드 를 시키지 않구요 서게 한 다음에 엎드려 옷이 다 요 뒷다리로 가 약품 치가 먼저 매력 r 2기 옆에 쭉 4 2 3 닭 약을 다리사이로 불렀죠 아주 잘하셨어요 이제 어설프게 앉았다가 엎드려 아니라 그냥 화 것들이기에 다시 쪽으로 오셔서 한번 더 해볼게요 냄새맡기 한다던지 이리 와라 약 5만 한다던지 봐 아주 좋아요 요번에는 이렇게 무 될게요 처음 상태에서 이렇게 걸어다니기 근처 좋아요 그 얘길 어떤가요 썼다가 잠깐 어디를 살짝 해요 그럼서 를 살짝 유지하 줘 5 es 예 아 예 기운 주와 기능과 처음에는 좀 느낌에서 알 수 있어요 4 좀더 모자랍니다 5 [음악],
27,https://www.youtube.com/watch?v=JvEh4ApPQoM,JvEh4ApPQoM,"Come on, vacuum! Teach now, he won't be scared│Kang Hyung-wook's beginner owner of mung scho",강형욱의 보듬TV,보지 마 우 스 9 뭐 말 들어가나요 어 기 거예요 [음악] 청소기 임은 아마 실로 에 사시는 분들이 라는 밟지 않을 까요 뭐 무 선도의 동선도 있고 이제 다양하게 쓰는데 여기 한번 조금 실금 설빙 슬로 예 한번 해보시죠 [음악] oo 이의 정성과 소리가 좀 감히 나를 무시해 [음악] 감사하오 저희 어머니 없는데 그렇게 떡 해요 좀 향어 에 집에나 잉 것보다 소리도 좀 넣구요 지금 계산은 거죠 다 이길 텐데 아 청소 바꿔야 겠네요 삼성이 좀 의 마크 해라 살펴봐야 하는 보호자 님들의 초 처음에 청소비 를 그냥 이렇게 쓰는 경우도 있어요 쓸어 가지고 로 로 로 로 로 로 로 로 로 로 로 로 로 로 로 로 로 로 로 로 로 로 로 로 로 로 로 로 로 로 로 로 로 로 사실 제가 생각할때는 얘 예민하게 가 아니에요 정말 예민하게 되는 청소기가 딱 꺼내 졌는데 거죠 그럼 갑자기 곳에 같은 것만 왜 그러 거에요 어 음 길고 그래요 청소기를 좋아한다 라는 것 천국의 를 싫어하지 않는 것을 말하죠 소리를 좋아 할 필요 없는 거에요 청설 게 나오면 우아악 두어가지 느낄 필요도 없고 그래서 회 2단 되게 만드는 건데 그래서 지금 친구 정도 라멘 코 방석도 좋고 호 담겨져 고 못 2좋아요 우선 굉 저안에 하나씩 않아서 가지 더 유저는 오타도 시작을 해 보면 강아지 하고 한 사람은 이 로비를 하고 있고요 할람 에 총 손 했는데 tei 예 2 받고 구해 주시오 바 운석 타 계층이 랑 에서 방송이 올라가면 짤에서 1심을 우리구 얻으니 이것들 고가 여기서 조금씩 예 맡아 같다면 해보실까요 아까 로 가르게 야만 하긴 했거든요 천천 붙여 정말 청소 하지 말고 쉴 만 잘 했을 지 아 여기 올 거라면 나는 이걸 가지고 이쪽으로 와요 [음악] 거기서 청설 위해 애쓰지 아래 써 하이디 잘했네 [음악] 이제사 격을 높여 볼게요 흘러 내려 놓으시고 직업 청소기 한번 쉬지 말고 그냥 그것만 왔다갔다 한번 해 줘 보세요 아하 이 교제와 1 오전 이렇게 함께 해주시면 되요 [음악] 약하게 한번 들어보실까요 [음악] rse 아 머리만 유지되면 흥분이 적응하면서 있잖아요 미국의 탄 뭐 6개월 1년정도 이렇게 연습해요 그러면 자연스럽게 여태 봐도 전혀 문제 없을 거에요 그런데 누군가 볼이 적으로 이걸 깨져 따라가는 게 되겠죠 근데 이정도면 은 그 식물이 극복하고 충분히 적응하고 둔감 에서 나중에는 아예 신경 하실 수도 있을 것 같아요 to a oie wow we wrote 아 예 아 예 이제 현장을 청소를 하면서 가 아니라 함부로 하는 실력을 하니까 그렇게 하면 전혀 신경 왔어요 대니 아주 엎드려 있는데 좀 비쳐져 어 이렇게 하지 말아요 부터 아셨죠 이렇게 없는 뭐 내 지원해보세요 예 저런말을 청소를 하고 있어요 이렇게 모든 이런 식을 저음 시키면 되요 애기가 가지를 치킨 아모르 치 뭐라도 골드 내치고 이런 책을 실수 해가지고 무서워 지는 거지 아 좋아 하거든요 나중에 원 가 누워 있을 거에요 뭐 그 부쳐도 실명도 말씀을 그런 강아지 됐을텐데 청소를 하면서 블루 하는 것은 조금 나중에 적응시키기 위해서 입을 서서히 꺼내 가지고 이렇게 보여줘야할 개그 지금 이렇게 보면 간 식량이 많잖아요 답 을 일으켜 주는 거예요 왼쪽의 내가 밖에 넣고 계속 돌아 쉽게 쓰면서 독일 파면의 마오 바에 사먹지 다 그리고 이것도 사본 주 의 되니까 건강해도 들었습니다 아아아 으 으 으 [음악] 으,
28,https://www.youtube.com/watch?v=OisEpsNPw84,OisEpsNPw84,My dog doesn't play with toys - ask why?,강형욱의 보듬TV,아 [음악] [박수] [음악] [박수] [음악] [박수] 아아아 악 로 하루 임야 음 좀 뜨고 곡 그러면 바로 학교 이래 빵 는걸 못 해요 바랍니다 그러다 길을 터 기만 같아요 지금 이들의 커녕 뽑은 한숨 들어서 지치게 만들어 그런데 이제 볼지 파트별로 파일 놓은 아파트를 지도 엽서 것을 집이 좋아요 부하의 그래서 친구들이 이란 테스트는 사용을 하면 이긍 나쁘지 후 소절 엄청 쉽게 한 마리 7 거 끝내 만약에 우리가 뭐 봤어 이런 친구들 심 좋은 친구도 있고 들으러 한 차례도 2 체질에 살라 땀을 가지를 보면 또 심 이길 수 있어요 즉 어깨는 누두 어디 직원은 요즘으로 준비 아 아 아 요 아 네 1 근데 이 헤리스 파크 2 3 4 5 아 [음악] 그런 차에 굴 때 사전에 크랙에 위치 파발 태민의 이걸로 할꺼구요 2 4 올라갈 때의 그 최근 후로 갈 거야 골드 퓨리는 차근 포인트 설명회가 특혜로 이제 거의 되고 줄곧 아님 가벼움이 하니까 되게 합시다 봤습니다 요런거 어 플랜 드라마 cf 게이들아 체질에 남았어요 오오오 note 내가 good 아 으 아 아 아 으 아 찮 아 요 으 그러다 국내 8대 뭐 4 일단 얼굴 때문에 아 8 아 힘들어 그래서 내가 하자고 작은거 가지고 훈련을 것입니다 [음악],
29,https://www.youtube.com/watch?v=ckc4TbdhAk8,ckc4TbdhAk8,"If you let him stop biting, it'll be serious issue(play with a tug)│Mung school - beginner owner",강형욱의 보듬TV,아 우리 한국을 한쪽 1 공원도 사람이 낳고 자동차가 많고 항상 북적북적한 곳인데 그래서 친구들이 밖에 나왔을 때 보호자가 신호는 기분을 잘 배우지 못하면 항상 줄만 땡길 개가 되요 아 맞아요 보자는 새 3개의 많은 사람이고 냄새맡고 이벤 없다가 다른 사람이 이뻐요 라고 하는 또 그 사람들 달려갔다 그러한 7개월에 선 2개월 되면 둘 점은 사람은 그 타이밍과 예 보지도 않고 이런거 있어요 1 소리꾼이 이걸 예방하기 위해서 어렸을 때 놀이 하는 거죠 한번 해볼게요 그랬지 까지 예 일이야 ro 벌써부터 예 i 웹브라우저의 지대지 되지 한번 제가 이거 한번 볼게요 좋아하나 셋째 아들이 좋아해 으 5 또 좋아하네 예 아 이게 있어요 어렸을 때는 그게 뭐 턱은 오려고 하는데 애기가 가지들은 집에 있으면 관심이 없는게 없어요 이제 냄 베타 맡아 받겠다 뭐 있겠다 재미있는 게 없어 그러면 뭐 하자면 보 호전이 바라고 손 밖에 따라다니며 개미는 이었구요 집에서나 기구 자발 다니고 모두 함께 다리미 거에요 치킨 라브 하더라 뭐 어죽 골든 미티 버나 도둑 컬링 하지 않았어 태어나 집에 이제 재미가 없어서 상다리 무너뜨리고 빼고는 거의 되고 보호자 손발 물어 뜯는데 그때 이거를 멈 필요하며 는 나중에 로 곪아 터져 요 어떻게 터진 이야 다 모 아 진짜 다 물어 뜯거나 소비 실수로 한다거나 짓거나 이런 식의 행동을 하는데 길로 콜라는 턱으로 이렇게 가지고 노는 놀이를 멀었을 때 많이 해주면 훨씬 더 보호자 님 의 손 발을 쭈 무지 않으면 더 자기의 욕구도 회수할 수 있어요 이거 하면서 되어 사보세요 마요 노면 강아지가 더 이상 적을 앉게 물어요 만약에 저걸 깨문다 구름을 강아지가 스트레스가 진짜 높은 상태를 말해요 그래서 또 하나를 보여 주고 이렇게 놀아요 어이 붓다 아 내 까지 너 펄과 가다가 아 하다가 놓쳐 줘요 그 다음에 아까 논 이걸 또 모르고 노는 거예요 예 가지는 입에 있는 거를 퍼플 안되고요 왜 이 빨아 이외는 걸 놓치지 해야되요 어 어 맞아요 우리가 보면은 이렇게 9개를 가 볼 수 있어요 괜찮아요 다시 돌아오죠 이럴때를 대비해 써 어 내가 한계를 떠 주겠지 예 꼭 그럴 때 다시 얘기 빼서 아까 지금 보이는 한번 해볼게요 예 저쪽에서 보호된 이미 재밌게 넣어야 되요 중요한 것은 뭐 자 재미있게 놀아야 돼요 4 [음악] 4 다 좋아요 때가 베가 락 팁을 드릴께요 얘가 원하는 힘보다 더 쎄게 하고 이제 아 그래요 뒤에 보시면 이건 느껴야 되는데 5 이정도 아야 품질로 자의 그리고 위 아래 좌 우 정도예요 [음악] viii 야 꼬아 와와와 아자 리스 다리 싸다가 다시 뺏지를 하고 아 꾸어 패키지도 하고 그 다음에 다시 이렇게 와서 예 이뻐라 자 이번엔 두 개로 뺀 왔어요 그 다음에는 잘 못 치는 거예요 이거 물어봐라 이거 물어다가 어 하다가 뺏겨 줘요 잘해 써 한번 보자는 이걸로 한번 해 보세요 뭐 념 이걸 거기서 가지고 놀아서 강아지가 그것은 물 댓글 한번 유도 한번 해 보세요 지 이제 재미있게 놀며 나설 겁니다 그렇죠 네 놀아주세요 노란 자가 들어 책을 책을 했어요 살짝 힘들어도 죽어 그렇죠 좋아요 [음악] 예 맞아요 중량은 네 근데 왜 완료 그렇게 또 놀아주세요 굉장했어 어이구 야 허리나 배 폈어요 자 제가 한번 보여 이렇게 들어보세요 이렇게 놀았어요 4 법 이어 예 아 위의 소화 달해 써 예 [음악] co 물어주고 하다가 어 몰리 하다가 놓고 달려요 추진이 아 그런 보통 개들을 물 급 알리면 못 베타 요 그 무조건 입에 물고 달리며 는 따라 구요 헤어 금 통해 사용하잖아요 예 하다가 페어 aren't lte i've 잘해 짜 우 에 거야 아아 이렇게 한번 해보세요 1 놀다가 뺏기고 무조건 달려 보시는 거예요 써서 어 아 아 어느새 예 주세요 으 그렇죠 맞아요 예 말라 자 라고 해서 괜찮아요 4 그랬어 양쪽 더 물었어요 예 하는데 나의 그게 아니었네요 놓고 달릴 하루는 클리퍼 컬링 퇴직 다음 불에 예 뺏지 말고 2배 능으로 놓게 하셔야되요 1 아따 1 않았다 1 4 봐야죠 4 [음악] 구두 질 일이 이제 강아지 입에서 장난감을 다 빼 쓸 거예요 4 자연스럽게 높게 만들어 보세요 로카 면서 욕하면서 놓는 순간 이렇게 둘 다 찾는 거예요 으 직 보기 예지 급해서요 그렇죠 자 이렇게 한 다음에 앞에다 내가 왜 가서 특히 해드 g15 오셔 가지고 놀 때 살짝 # 오세요 자 보세요 4 잡아서 한 사람이 작구요 쓰지 기예 이리와 밤은 노는거 에 얘네 아래 써 하고 분리하고 놀게 해주고 어 아 아 아 래 떨지 부하 o 아 자 이렇게 하라 이걸 파악 잡으면 강아지가 노컷 은요 예 그래요 봤어요 그리고 보자는 이거 잡고 자 지금도 강아지한테 막 야 올려보세요 했지 이건 뭐 팔아라 예 하면서 쭉 달 세운 걸 마지막에 이 월하 가세요 그러나 네 맞아요 도와주세요 쓰자 그랬어 제 얘기도 들어주세요 네 네 네 안녕하세요 [음악] 아이죠 [음악] 으,
30,https://www.youtube.com/watch?v=nJhBYRgU59o,nJhBYRgU59o,How to be a Hipster Caregiver 'I'll go wherever you go'│ Kang Hyungook's Puppy Class in Mung School,강형욱의 보듬TV,이거 한 에일리와 연습 엄청나게 잘 되요 때찌 아 어 뭐야 이 [음악] 5 벌써부터 응력을 보이는데 그 때 웬만한 의 하이디 그는 또한 쫀득쫀득 한거 했으면 좋겠어요 요 놀이하면서 1 2와 를 두고 줘 네 곳의 때찌 라고 해요 해직 주세요 제가 뛰라고 들어갈게요 때찌 예 이제 하얗게 우리가 이런 게 좋아요 그리고 다 지파 주고 나서 이런 할게요 그걸 바로 뜻 이익 알고 났어요 꽃중에 꽤 아 야 아 아 그랬지 우리 달리 달리세요 4 ie 이러고 있자 g 아 뭐랬어 돼지 저희 2 둘 다 피자 떨 쭈이 사람이 가까이 와도 따지 짜잔 가까이 오셨다가 이쪽에 괴로움으로 뒤로 달린 가제트 신점 이거 하면 일러 0 9m 엄청나게 놓고 9 밖에 나왔는데 에 대해 보호자 2명이나 를 왔다갔다 하죠 그럼 바랑 냄새맡고 다른거에 4회 받는 것부터 지금처럼 느꼈습니다 벨튀 해보셨어요 아 으 느루 가만있지 않 살아요 늘어 와 [음악] 아 뛸 나요 이런 불렀는데 얘가 나를 본 순간 막 달리는 거야 가까이 여기서 프사 들여 같아요 4 냄새 번밖에 해주시고 저에요 지금 때찌 라고 다시 한번 좋겠어요 됐지 주세요 그 다음에 에 100 to 아영이 라 수도꼭지 예 그렇게 팔려서 이렇게 그렇죠 그때 따 이쪽 가까이 왔다가 요즘도 왔다가 뱃지 들어가죠 [음악] 그렇죠 그다음 주셔야 되요 예 끝이라 갔어 [음악] 보이는 저쪽으로 하세요 시 서쪽으로 뱃지 라고 소리 크게 다 이래요 8년 [음악] 이 책이 아예 확 뜯어 플러튼 없어 제가 봤을 때 우리 보우 회원님이 바디랭귀지 가 좀 연습해야 될 거 같은데 지금 어떤 뭐냐면은 이런 느낌이구요 까지 뜯지 5 [음악] 4 타카 이런 느낌이야 됐구 예 뵙고 왔다 r 4 이런 느낌의 이런 느낌으로 하면 훨씬 더 잘할 거야 만들지 말고 말해 만들면 안되요 얘 맞아라 5 3 4 했어요 4 해주세요 그 다음에 또 아 앱 보여줘야 돼요 4 4 1 한번 더 4 까지 넌 줄 아예 아 한 다음에 간식 주고 앉아 까지 연결해 볼까요 자 댔어요 내 간식 찍어 개인 위로 올라오세요 올라오세요 그러면 지금 천천히 걸어 다닐 때도 훨씬 더 잘 되 옆에 있지 다시 한번 줘보세요 자 냄새만 받게 했어요 전화가 좀 이구요 우리 셋이 운주 해볼게요 예 앞서 걸어 상관없어 근데 누 말 저역 안아줄게요 반대를 그렇게 오 예 반대로 그렇게 편차의 그렇게 [음악] 아 써볼까요 아 아 아 아 아 아 아 아 가장 좋은게 이렇게 부드럽게 우리랑 같이 동반하고 동참하면서 움직이는 것을 가르쳐주는 1대를 같아요 4 5 4 올까요 5 [음악] 5 누굴 보호자 님이 한번 해볼게 예 호자 님이 저희를 주도 하세요 호스트가 되죠 우리가 이게 보여주는 따라다닌 거예요 [음악] 오오오 그런 섭한 대로 가는게 좋아요 초 되기 때문에 5 오오오 아 너무해 보이는 때찌 라고 디도 또 달리세요 때 좋겠다 [음악] 어쨌거나 강아지를 도시에서 기르거나 사람 많은데서 길을 1 복작복작 하잖아요 내 말에 집중하고 내가 말했을 때 또는 강아지 기본적으로 09 자를 따라다니고 우자 옆에 있어야 된다고 되는거죠 자 그런데 제가 순간에 보호되는 필라 그랬잖아요 왜 그런지 아세요 걔들은 톡톡 튀는 걸 좋아해요 숙명 살금 다니는 걸 싫어해서 한 사람이 그냥 채워 줘서 달리게 되는 거에요 지금도 보세요 한 번씩 퀴즈 애가 자발적으로 튀어서 저런 대를 가는것보다 곳엔 이미 불러서 가게 하면 나중에는 불이 보호자가 다 해주 뭐 불만 있을게 뭐가 있어 그러고 싶을 때 기다리면 놀아줘요 이걸 배울 수 있죠 요 상태에서 부르지 말고 가만히 있어 이제 예 저항 목적 기억 이라고 하는데 말을 하지 않고 명령하지 않아도 자연스럽게 보호 된 님의 팩터 과 행동을 이해하는 상황에 배치하는 게 될 수 있게 그래서 애기 때면 애기 때 일수록 자연스럽게 무리의 다시 합류하는 기억이 많아지면 돼 그때 손 냄새 예 에 가만히 계셔야 될 그 손은 냄새를 맡게 하는 것은 낳아 통원 해 어떤 거냐면 아까와 지금 나는 똑같 줘 끝에 있는 철망 까지 갔다가 다시 올거예요 천천히 일어나 보실까요 예 사라졌어요 천천히 가 보죠 오라고 하라 갈 필요도 왜 그냐 물의 흐름을 강아지가 이해할 수 있겠구요 [음악] 정말 이런거 하루에 한 번씩 내 입에 한 번씩만 3 주도 꼭지 로 보고 자를 따라 다녀야 되고 억지로 사회 되고 이런 마음 없이 정말 재미있게 배울 수 있을 거에요 요번에는 한식 주지 말고 가만히 쓸께요 으 하 [음악] 자꾸 이 침과 보호된 주변에 왔다갔다 하죠 그리고 떨어지죠 이럴 때 가장 좋은 것은 불러도 좋지만 안 무르고 돌아왔을 때 간식 죽어라 고생하는 거예요 오 오 오 오 오 오 오 이런 연습을 하면 이 주변에 요런 최 좋아하는 사람이 있는 거예요 예 그런데도 보자니 흐르면 재 나가는 거죠 나중에는 어떤 사람들은 캣츠 보라고 있어요 자전거 뜨린 뜰이 하고 있어요 그래도 호재 님들 한테 뭐 치중할 거예요 지우드 한참 기구 보단 옆에 이 딱이죠 여기 줄만 매 놓고 산이면 되는거예요 그것만 반복해서 줄을 풀었다가 됐다가 풀었다가 맵다고 한번 거라면 줄 컨트롤도 크게 하지 않고 내 옆에 상에서 있는거예요 짧게 잡는 연습을 좀 나이 먹어서 해요 얘 왜 지금은 너무 힘들어요 지금은 하 하고 있는게 편하니까 얘기잖아요 3개월이면 사람 나이로 3살 반 정도밖에 안 했어요 단지 우리 무리 안에 계속 들어오는 연습을 해 놔야 돼요 [음악] were to 5 [음악],
31,https://www.youtube.com/watch?v=CQJAPgvqMmk,CQJAPgvqMmk,How can I do if the dog is aggressive because of his food? l The aggression of my dog highlights,강형욱의 보듬TV,어머니 젖 즉 그때 어떻게 하다가 그러신 거예요 삶을 가꾸어 줘서 에 두고 있었어요 예 예 예 먹다가 라고 over 아 아까 줘 이렇게 앉아 가지고 뽀뽀 한다고 했잖아요 이렇게 어떤 뜻이 내면 정말 죄송합니다 이게 얼굴 치워요 근데 제 2 뽀뽀를 생각을 할 그렸지 그래서 먹을 때는 그렇게 건들면 같네요 그 다음에 이제 큰 뼈를 가지고 놀라고 주었어요 오래도록 달리가 뜯어 먹었으니까 으 하 진짜 그냥 5 wei 한번 문 것은 아니네 그때 어느 적요 상은 어느정도 했었어요 여기에다 다 피하고 다 살짝 가짜 기뻤어요 먹이는 한쪽에 따만 딱 주고 그냥 나오셔야 돼 그 치울 때는 이게 조금 문제가 될 수 있어요 어떤 강아지들은 그거를 맨 그릇인 데도 그 그릇을 가지고 가면 뭐라고 할 때가 있을 수 있거든요 하시는 제가 걱정되는 다시 이 부분이에요 이 친구들이 뼈 같은거 다 먹어요 한쪽에 다 이렇게 좀 챙겨 둬요 축척 뽑는 있어가지고 그러면 뭔가 친구로 들어가다가 돈 울려요 되서 이 신문은 뼈만 식은 전 주지 말라구요 [음악],
32,https://www.youtube.com/watch?v=_7DSGTQryk8,_7DSGTQryk8,Are you gonna teach your puppy how to be alone first? │Kanghyungwook's Mungschool puppy class,강형욱의 보듬TV,따이 것이기 때 혼자 있는걸 정말 시도합니다 외로움을 극복할 수가 외로운 극복 인데요 외로움은 대체 해야되요 그래서 이 시기 때에 혼자 잉 법은 아직 배울 필요는 없어요 [음악] 저희가 이제 집에 없고 나 혼자 있을 때 외로울 까봐 저희가 저런 장난감 같은데 장난과 순간 울컥 하거든요 예 근데 그걸 하고 나서 이상한 보러 지금 생긴게 물 담겨져 처럼 톨 처와 계속 나가고 4 위 30 라프라스 를 키우면서 물 꿀 술 온전하게 두겠다 라는 생각 자체가 사실 이건 하듯이 서 7 허치 밀 풍이 보통은 좀 화장실에 들어갔죠 걔들이 8판 경기 울고 이제 어머 어 어 어 이제 한 보름 만에 도달하는 날씨 온도 높아지자 나요 아마 변기에 구박을 수 있구요 근데 애들이 자요 시기 때 혼자 있는걸 정말 싫어합니다 스키 날 나라들을 치고는 한 순간 한 순간 다 배울 준비가 되어 있거든요 그때 많은 혼자도 잖아요 그 외로움의 적응해야 되네요 외로움을 극복할 수 외로움 극복의 안되요 외로움은 대체 해야되요 롤은 고통 자기가 가장 쉽게 하는 쪽에 없는거 같은 보도를 투명 이어 거 그런 회의로 대체 되거든요 그게 외로움을 극복하는 자기의 경험을 빨리 터득하는 순간이 그렇거든요 그래서 이 시기 때에 혼자인 법은 아직 배우 필요는 없어요 풍겨오는 걸 배우는 게 아니라 기다리고 있는 걸 배우는 하신 것 같거든요 요새 안정 부들 시켜놓고 초 기다리고 나오고 물먹고 오실 때까지 기다리다가 이런것들도 b 다리를 연습을 키워야 콘 다이닝 것을 극복하는 어떤 기초가 될수 를 있어요 혼전 시간 끝에 완화로 새는 시간 정도 무서워 다이다 아주 여기서 중요한게 있어요 두 분 중에 한 분은 구보 줘야 돼요 주위 이라는 3가지 특징 있어요 밥을 주는 사람 일체를 좋으시면 개인 한 사람 이 세가지를 하는 사람에서 우리가 두고 자라 가거든요 제 생각에 보존 님이 것 같 거에요 그럼 이제 보호제 님은 옆에서 도와주는 헬퍼 역할만 해 주셔야 되요 나가서 보면 5 배만 하고 오래 갈 따른 할지 그러면 밥이야 이런 선택도 부족해 주셨어요 치유는 업도 된지 관념은 보다니 이렇게 보면 한가지 [음악] 우리는 항상 치현 사람을 그리고 여러 사람이 다 선동하고 체외로 회사라고 한 사람하고 조금 돈독한 관계를 맺고 순위가 있잖아요 개들도 목숨이 감적 법 있는데 어떤 느낌이면 나주 보지 않느냐 나주 보고자 아냐 아니야 근데 아 아 교외 주고 내 마리를 헬라 요 최다 라데온 그렇게 내 마리를 기르는데 최씨를 안해 어 3마리는 색 아 최희는 제가 박 타 준비하지만 주는건 아내 같아요 선 책 스테이터 보세요 쑤셔 봅니다 퍼 껏 더 다 그렇다고 물어봤어요 여튼 그 정도로 9분이 되어있어요 그렇다 보니까 생각보다 설치를 데리고 나가도 다른 강아지들이 춰 하려고 할 수가 없어 그러면 훨씬 더 안정되고 되요 그런데 넣어둔 아 돋아난 주보 자가 아니냐 도와 줄게 라고 말하면 불안 q 보호자가 아주 강렬하고 있고 도와주는 사람이 있는데요 하품 해줄 수 있죠 또 가끔씩 이렇게 들어가죠 내가 줄 수 있는거예요 그런데 주로 하는 사람이 답 있어야 됩니다 제갈 총량 입니다 건너 포옹 생활비를 했는데 그걸 어렸을 때 볼 빵 하구요 한 두살 회사를 넘어 하면 야 우 스 아웃 들어가는데 두 살 때까지 그런걸 제대로 못쓰면 애가 559 회 그런 분의 특징이다 계속 말하지만 주문자가 우유 화가들이 회사를 해서 넘어가고 크라켄 거에요 주모자 딱 있는 강아지들은 고통 대체로 양전하를 제가 해봤던 있다규 보자 인 거죠 음 결제해 주세요 [음악] 222 [음악] 5 [음악],
33,https://www.youtube.com/watch?v=pcwWhloCISA,pcwWhloCISA,Fluffy doll poodle don't hold back! 'Kang trainer also hurts if got bitten' │ Mungschool puppy class,강형욱의 보듬TV,tool 들이 5 나쁘지 행 [음악] 이제 모직 탈 해야 6종 인자와 [음악] 으 으 깨무는 행동 지금 좀 있지 않아요 만 있을 걸요 앵초 아퍼 가지구 책의 깜짝 놀랬어 얘긴데 왜 이렇게 아프고 써 왜 라면은 유치 잖아요 애기 빠른 이쑤시게 같이 국물 표지 풀려 카고 요 그게 이제 한 6개월 정도 되면 은 영국 치 로 바꾸 거든요 그 나오는 이빨은 좀 투 해요 두껍고 지금은 어떻게 극복하고 되요 그냥 지금은 애기 니까 내 투자했는데 이에 점점 심해져 더 우선은 제가 만약에 이 친구의 보고자 하면 처음에는 그냥 많이 놀아 줄 거에요 얘가 하루동안 슬 에너지가 있는데 그 에너지를 쓰지 못하면 자기가 10 노력해 보는 거예요 5 1 필시 먹는 날 이렇게 할 수 없잖아요 자기네 다리와 코 악 에 입으로 뭔가를 얘기 하는 거에요 발가락이 살짝 모른 주름지게 보실까요 4 꽤 움직여야 라고 하면서 여기게 되는 셈 않고 살짝 쉽게 몰고 엄청 재밌는 것이 되요 부모 전이가 깔았던 그래야지 재밌는 헤지 생기니까 이건 을 배우며 나중에 다른걸로 그 공간을 채우기에 힘들어져서 미리 뭔가를 가지고 놀고 예뻐해 주고 띠고 냄새 많게 하고 이런 것들을 많이 해주면 데 손을 깨무는 게 아니라 이걸 가지고 노는 게 재미있다 라고 생각을 하는 거에요 준이가 그 좀 책을 계속 가지고 와요 책 읽어 달라요 새벽 맛이 책 읽어라 그래요 으 에 새 해 주세요 조금 피곤할 때 했잖아요 그때부터 넣은 다이 딩굴고 그런 그때 일어나 가지고 채도 이 거죠 그러면 뭘 배워 쓸까요 그렇다면 책을 읽어 준다는 거 같아요 맞아요 달고 있으면서 얘기를 패턴의 예 그래서 첫번째는 많이 놀아 주셔야 되요 이런거 제 조그만한 퍼그 라고 해역에 장난감 이예요 그냥 해도 있잖아요 평주 이렇게 달라 가지고 묶어 가 조금 써도 괜찮아요 가지고 놀다가 휘성 게임을 대입해 질 수 없어요 있어요 있죠 그러면 이 장난감을 가지고 놀다가 송 깨물면 어떻게 내면은 벌떡 일어나서 한 30초 있다가 다시 돌아 주면 되요 그런데도 불구하고 되서 깨우려고 하면 그러면 그때 시간 09:00 하는거예요 제가 보호자는 손에다 가 살짝 품은 해볼게요 강아지가 케미 맞다고 생각하구요 그렇게 좋아요 아 나쁘진 고추 다 같이 뭐 아까 뭘 그렇게 좋은 건 아니에요 뭐 그래야 되는 때가 있기는 해요 근데 이제 ob 어리면 사람 나이로 치면 1 7살 정도 거든요 깨우는 게 노 우리 인지 싸움 인지 기부를 해야 될 때가 오고 벌써 벌써 봤어요 그래서 보이자 님은 게임을 매년 살짝 익었을때 보실까요 아 [음악] 이렇게 면서 봐야지 아 아야 너무 단순 3 송 할 것 같아요 강아지를 1 또 하는 마음으로 모든 것들을 받아 주잖아요 그러면 상대가 불편할까 하고 배우지 못해 강아지한테 나시고 불편 해소를 표현 하는게 좋아요 두번째 동작은 정면으로 쳐다봐요 최소 삼춘 바라봐요 [음악] 4 3 그런데 다시 한번 만져 보려고 하 거야 이때는 아아 라고 하자 재밌는 놀이가 되 거에요 그래서 해볼까 아 또한 빵이 편당 되고 이것이 장씩 2층 진짜 마 어떤 그렇게 돼요 첫번째 아 두번째 정맥 자 어 미안 해요 금 좀더 강아지가 편한 상태를 유지 할 거예요 강아지가 나한테 오지 않고 가만히 있으면 그때 앉아 줘요 [음악] 일루와 또 게임 울어요 똑같아요 * 떡 실험 나 지금 문 거가 싫어 너 가 오는 게 쉬운 게 아냐 그리고 강아지가 침착해 줬어요 그럼 다시 놀아줄 수 있어요 첩을 갖다가 보시는 거예요 까지 그 오 오 오 워 보호와 힘준 쳤으 더 어떻게 글 들었소 그리고 지금 이 친구가 이걸 하면서 죄송 을 깨물거나 들어온 적은 아직까지 한 번도 없었어요 그러면 그럴수록 제손에 이렇게 이 친구 주변을 왔다갔다 해 러 이 손을 문을 했어 는 줄어들고 장난감을 가지고 노는 게 많아지니까 아마 눈이 간지럽고 놀고 싶을 때 정말 썸 가지고 4 한쪽 손으로는 살짝 싸서 씩 움직이고 흠 제품으로 를 스쳤을 쫌만 저의 굵어 준다 라는 느낌이 있는데요 한번 딱 잡아 보세요 이제 놓쳐 주세요 o 어 말 좀 해 보셔야 되요 그럼 참 동문 제가 대신 애들이 꽤 9 아구 토대로 렇게 예 2 야구 o 쌘 됐고 5 내가 그러다가 가끔씩 2층과 손을 이렇게 깨울 때 있죠 아 라고 소리 한 번 내면서 벌떡 일어나 기만 하면 되요 놀이가 끝났다고 하는 것을 우아하게 보여주는 게 아니라 명확하게 끝났다 라고 표현하는 거예요 그야 물었음 여는 이 테이션을 유지하는 거에요 강아지가 담기는 만큼 회형 유지하고 있다가 극적이고 뺏긴 것 처럼 하는 거죠 4 이렇게 답할 일 이 아니라 어 이게 잃고 일텐데 아 어 어 그렇지 그 4 했어요 4 했어요 찰스 잘했어요 왜 차 이제 살짝 일어나 가지고 자마자 깨고 난 다음에 5자리 음주 뒤 쪽으로 이동해 보실까요 강아지가 물 더 멈춰 있네요 뒷쪽에 살짝 앉아 보실까요 그러나 손 보여주세요 어떤 느낌이라면 5 정확한 먹는 있네 제작해 보세요 그리고 아마 가져올 거에요 그러면 말로 이어 만지지 말고 e 아 아니야 그래야 이런거 안할 줄 알았으니까 말했어요 사 됐어요 5 아이 에버 라 도살자 그러더라 아이고 힘센 에 하고 치고 움직이고 그럼 이 친구는 자연스럽게 장난감이 어딨지 우리 값이 찾는 거니까 보드는 잘 깨우는 것 한 거 없어 이 생각에 훨씬 더 집중할 수 있어요 보호자는 하고 뭔가 게 가지고 놀고 참는게 재미있었어요 그리고 이제 강아지라 이렇게 물고 있죠 그래 부족했지만 쉴수 를 놓치게 하는 게 좋아요 이게 모직 이게 뭐지 222 5 [음악] 우린 예 아 그러면 뭐 뭐지 어디갔지 이렇게 으 으 으 [음악],
34,https://www.youtube.com/watch?v=FYqlZvWueh4,FYqlZvWueh4,"How to wear lead, harness 'don't make it difficult' │ mungschool puppy class",강형욱의 보듬TV,으 나 음 관의 부르셨습니다 이렇게 털이 끼면 5 아 [음악] 가슴줄 매는 게 좀 많은 이제 네 어머 5통 말리를 처가 되고 뭐 이거 한번 줘 보죠 아 확대 돈이 없어 가구 집에선 좀 더 해야 예 어 이렇게 으 으 으 으 오케이 먼저 목줄 왜 보신 적 있으세요 아니 없어요 그래요 그럼 목표부터 하는게 맞아 처음에 가슴줄 매너 좋아요 근데 애기 강아지들은 가슴 줄을 처음부터 받아들이는게 조금 어려울수도 있어요 그래서 목 퓨리 익숙해지고 연결시키면 하면 부담 되거든요 한번 제가 간식을 주면서 한번 해볼게요 [음악] 이게 제 쿠키 같아요 그래서 이 가루가 푸 수를 지잖아요 편하게 떨어진 냄새를 맡아서 집중력이 많이 괴산 되거든요 그래서 저는 교육을 할 때 조금 쫀득쫀득하고 는 가루가 나오지 않는 것을 소모 해요 간식 따라 하고 그냥 간식 이렇게 따라와야 되요 어쭈 를 잡은 손이 움직이기 아 안돼요 근데 다 분들을 해라 잉 그래 이렇게 해 버렸고 뭐 이렇게 하기 보다는 강아지가 이렇게 자연스럽게 들어간 다음에 요 뺄 때 어떤 강아지는 올라요 나올때는 욕 먹어요 왜 굳이 그 경험까지 지금 할 필요는 없어요 2연승을 꿇린 했는데요 그러다가 강아지가 좀 익숙해 졌어요 이거 아예 후 익숙해져 써요 그럼 데리고 다녀야 그러다가 그렇죠 공원 했어요 이거든요 그냥 하나씩 다 주는거 않아요 이렇게 이렇게 잘라 먹을 수 있게 해 주는 게 좋아서 저는 또 길쭉한 단시 를 소모합니다 엄지 검지 중지로 잡고 이렇게 조금 식혀 보시 밀려 주면서 강아지가 뜯어먹을 수 있게 해주는 거에요 그 다음에 요것도 한번 탄성으로 물로 더 가능하세요 뭐 좀 어려 아 그럼 그 다음 관의 부르셨습니다 이혜 안 될 줄이야 아 오늘 얼 잘하셨어요 어휴 루 너프 애들은 되게 많아요 잘하셨어요 살았어 언니가 시계는 살짝 맞게 해 주십시오 아 이렇게 길게 려면 확 뜯어 거에요 짧게 잡으세요 1 제가 팁을 드릴께요 두가지 좀 교정을 받았으면 좋겠어요 아직 까지 안하실 거에요 무릎을 땅에 되는게 어 무릎 하나를 되거나 2개를 되고 난 다음에 흔들리지 않게 하는 훨씬 더 도움이 되고요 또 하나는 이걸로 무 유 땡 이세요 뭐 일단 강아지가 이렇다 가 포옹과 하고요 밑으로 하면 훨씬 더 머리를 달라요 그렇죠 훨씬 잘 되었죠 네프 그렇죠 사라졌어요 [음악] 아 두 개의 강아지한테 이걸 걸어주고 난 다음에 왼손으로 뭐 목줄을 자꾸 계셔 짜 나요 그 손을 떼는 거에요 그 다음에 이것을 먹이를 주는데 걸쳐져 있는 걸 의식을 안 한다 먹이 보여주면서 조금씩 걸어보는 거에요 두 걸음에 닷넷 그렇죠 너무나 라면 이제 세 걸음에 한 4 그렇죠 너무 잘하셨어요 최고 위에 잘 하셨어요 네 지금도 의식하지 않는다 그죠 마지막이 떠날 때는 매일 고 있어도 돼요 근데 매고 있을 때 가끔씩 실시하면 야 이게 뭐냐 해 가지가 이렇게 하는 강아지들이 있거든요 그래서 끝날 때는 아직은 익숙해지기 전이니까 풀어주고 끝나는 역시 더 좋죠 사실은 목줄은 좀 하고 있어도 상관없어요 하루에 5분씩 300 좀 자라면 옥을 식 5회 그런데 강아지가 전혀 문제가 없다 이제는 우리 강아지 너무 잘한다 그때 가슴줄 연습을 돌입해 도 좋아요 이 목줄이 테이 거라고 생각을 해 보자고요 가슴 안쪽으로 넣고 똑같 또깡 만 하면 되요 이거 할 때 처음에는 누가 도와주면 좋거든요 보자니 및 위해서 여기 똑같 여길 또 까만 해주시면 되요 [음악] 얘를 다량으로 할인 사이로 [음악] 다 그때 누가 먹이를 이렇게 먹이 주면서 이뻐 있어 해주시면 더 좋아요 4 했어요 예 냐 이렇게 써도 되나요 털이 키면 아 타요 으 악 예 아 쭈 심 하세요 예 뭐 아까 그렇게 있으니까 그 값이 올 줄 아세요 못했지 아 잘했네 하고 살짝 때 뒀다가 내가 뭔가를 참나 라고 생각이 들 때 가시는걸 죽음 예 턱도 빼고 이거 할 때는 이거를 옆으로 높인 다음에 귀 1 귀 하나로 빼 드는 게 좋아요 요건 에는 보호자 님께서 요 제가 했던 역할을 한 번 해보시고 제가 뒤에서 도와드릴게요 저는 1호 소리 안나게 하는 걸릴 것 같군요 예 해보세요 우리안 느끼는거 를 아까처럼 일어나 셔 가지고 뒷걸음 도 한번 해보고 그렇죠 그렇죠 이리와 알아가면서 조금 뒷걸음 한 세 걸음 좀 뒤로 한다면 이리와 내 줘야 줘야 잘 걷는다 그죠 요번에 이쪽으로 한번 가보세요 계약 스 채 대책의 책의 채 겠죠 그 채 개체 아 저런 l 자 제가 먹이를 잡고 있을께요 한번 풀어 줘 보시겠어요 4 한쪽 똑같은 볼까요 예 보세요 벗길 때는 턱을 먼저 살짝 되고 귀하 나귀에 1 그렇죠 훌륭 하셨어요 제가 조금 놀아주는 것 해볼게요 그래서 이러는 거예요 그렇게 까지 또 카이 했니 2 바비 까 d 카이 잘했네 2 이거 하면서 가슴 들도 익숙해지고 받치는 이름이 아도 배우고 5 들어 분위기도 되고 뭐야 파리의 요 제가 좀 저 유럽에는 발레 [음악] 으 아 아 아 나중에는 훨씬 익숙해질 거구요 이렇게 안해도 강한 있을 거에요 먹이를 주지 않아서 파리 라고 박 파리 파리 라고 하면서 이 쪽으로 움직여 보세요 빨리빨리 하면서 막도록 하십시오 팔에 이름 그것도 반대로 뛰는 거예요 그럼 이 친구는 내가 지금 간수로 맨날맨날 몰라요 그냥 1층만 먹었던 거예요 집에서 줄 매고 건 연습 한 다음에 나중에 밖에까지 나가는 훨씬 더 훌륭할 수 있죠 그 이 순서를 이 순서를 조금 지켜주시면 은 1일 주 이기면 얼마든지 가슴줄 매고 산책할 수 있을것 같아요 예 2 2 2 2 2 2 2 2 2 5 [음악],
35,https://www.youtube.com/watch?v=ZZr7TFwIciQ,ZZr7TFwIciQ,"'Sit Down' training,a villian starred from the first part│Mungschool puppy class",강형욱의 보듬TV,"[음악] 가장 힘든 교육입니다 안자랑 아 우리가 잘 안 잡아먹어 찍힌 거 아냐 [음악] 아 우리 보여드릴게요 아주 간단하게 할 수 있어요 냄새 맡기 할건데요 머리 위로 살짝 들어 볼게요 photo [음악] 굉장히 실패 아 근데 그럴 수 있어요 애기 강아지들은 미끄러지는 거에 대한 두려움 좀 있어서 바닥이 좀 이끌어 없다 라고 잘라 느끼면 안 보는 것도 엎드린 것도 안 하려고 할 때가 있어요 예 약 자 본 의미 하세요 아딸 자본론 님이 잘 알겁니다 버전 님 안전함을 시켜주세요 으 많은 건 해야죠 예 꼬우 장로 못하니까 다행이에요 아까 집에서 매트 뭐 각트 이런 깔아놓고 하시면 훨씬 더 잘할 거예요 가 룩을 받으실 수 있어요 그냥 냄 대만 달고 있지롱 달려 주고요 가만있어 그 거죠 펌프 알려 그러면 술 전술적 다리를 춰 주기만 하구요 그때 모르고 총 10만원을 죽여서 4 잘했어요 이렇게 기다리고 있다가 아니면 잘 했다고 간식 줄 거에요 근데 만약에 우리가 좀 있는데 저희가 엄마가 알면 됐어 됐어 내가 주께 하고 주변을 교육과 그리고 아직 완자를 확실하게 모르잖아요 이런 상태에서 앉아 라고 말을 하는 것은 강아지가 조금 더 혼란스러울 수 있거든요 동작을 배우고 온 그 다음에 시로이 피는거 이렇게 이런 순서대로 하시면 좋아요 그 다음에 보자 아 아 으 아 가장 힘든 교육입니다 앉아라 5 앉아 못하는거 앉아 뭐 시킨거 아냐 으 이 친구가 간식 에 대해서 그 상 받기 위해서 앉아 를 배워야 되는데 아직 못하잖아요 그런 평상시에도 간식이 꼭 작아지기 좀 주어 주면 안 좋아요 그냥 백안 잘 했을 때와 딱 지금이 예절교육 시작할 때 니까 하면 되요 전체 맞게 하구요 [음악] 오 오오 예 오 하하 허 할 짓이 하하 이제 하 아 동천 까르르 중에 5 아 그런 모양을 갖추어 쓰니까 제가 줄을 좀 줄게요 이목희 떨어 타가 떨어 타가 다시 들어줬다 며 다시 다시 얘네는 네 에 예 일어나게 하고 다시 냄새 맡게 하고 끝내는 배우 테니까 조금만 더 기다리면 돼 아 아 않았어요 s 잘했어 지급 따 우리 발휘 같은 친구는 너 너무 이뻐 가지고 이뻐 해 주는 관리하면 훨씬 더 안 좋은 방향이 될 수 있을 것 같아요 더 짚고 아 땡깡 분양이 강아지가 될 수 있을것 같구요 어느 정도 훈련을 배우셔서 직접 가르치며 는 그렇죠 음 뚫어 가질 것 같아 냄새만 탔구요 그냥 먹을 수 없다라는 것을 조금씩 되었을 거예요 tools 먹이를 달라고 전파하고 이거라고 해야되는 요거요거 하고 그게 익숙한데 지금 보시면 그보다 훨씬 더 침착해 졌죠 그죠 그리고 또 간식 앞 요구조건 점프 하지도 않구요 생각하네요 빠진 엘사 한번 설정 마킹 할꺼구요 ls es es es 앉았다 그죠 아예 읽었다 역대 모자는 들이 공통 쪽으로 실수하는 거지 하도 먹이를 주려다가 이쯤 가 깨보니까 놓칠 때가 많더라고요 조에 한두개씩 흘리거나 쓰레기를 좀 먹었던 경험 때문에 적어 못 먹으니까 주변 냄새를 맡는 거예요 이름에는 집중도가 좀 떨어지죠 그렇잖아 이번에는 이렇게 역을 반 들어요 잡지 않고 바닥에 떨어뜨려 놓은 거에요 왜 지금 이 친구 찾기 5 바닥에 떨어지는 걸 먹고 싶어 됐잖아요 그래서 조금 방법을 바꿨어요 다른것도 하면 이를 다시 있겠다 국수가 4 4 재미있겠네요 제 이렇게 될까요 엎드릴 까요 어 간식 놓고 싶다 어 그래야 되는데 그렇지 않아요 죽음 그냥 아 내가 익숙한 부분 아니야 많구요 탈 하고 서로 뺏지를 멈췄는데 좋은날 을 닿았다 어 보이 걸 번 저처럼 어느 곳에 낸 산모수첩 맞게 해주세요 됐어요 허리 p 슛 했어요 살짝 먹이를 슬쩍 보여주고 많이 써도 좋아요 됐어요 예 되었어요 예 들어 주시는 겁니다 입니다 갑 부탁드리며 피더 줘 아 멘 참호 팅 맞게 해주고 됐어요 게다리 쇼룸 예 최고의 좋아요 한번만 냄새만 띡 맞게 좀 예 됐어요 예 왜 나도 모르게 이런 하잖아요 그럼 다시 안 될 수 있어요 그런데 앉아 있는 상태는 목적 앉아 있는 상태이기 때문에 내가 그걸 어겨 가 되요 스스로 어기고 다시 앉아야 되요 그렇기 때문에 강아지가 보호 일을 많이 해서 나중에 어떻게 되면 언어의 를 타게 붙였다가 일어나는 걸 c 앉아 인 줄 알아요 아 뭐야 라는 말을 입힐 거에요 한식 옆에가 떨어뜨려 주시면 자 안 지려고 할때 앉아 라고 말해보세요 앉아 좋아요 주세요 잘했어요 앉았 잘하셨어요 자 이번에 보자 이미 아니에요 일어나서 오른쪽으로 한 발짝 하고 싶어요 4 좀 한번 더 좋아해야 한발짝 뒤로 쇼 뭐야 앉아 교활 밑에다가 떨어뜨려 주시고 잘 하셨어요 이제는 한걸음 cpu 가 면서 내 앞에 다가 놓는 거예요 한식 나 되게 하는 거죠 그래 기다려 보세요 4 남작 춰야 됐어요 안 작 최고에요 아까보다 훨씬 더 집중도가 높아지는 것 같죠 30,000원 계정은 없어진 것 같잖아요 이 친구가 아마 오늘 앞에 데 어떤 깨우는 것 뭐 이런 것들 까지도 다 연결이 될 거에요 이제 훨씬 더 빠르게 않네요 4 보자니 뭔가 잘못한 건 아니에요 2층과 기질이 참 강하고 되게 간단해요 근데 교육은 분명히 해야 될 것 같아요 어쩌면 그 양재동 보호자는 집에서 하는 모습일 것 같은데 아까 아 하면서 잡아 지역을 갔는데 그걸 보호자 님의 인들을 해서 구나 라는 걸 좀 늦게 지내요 그리고 지금 이치 그간 학습을 하려고 하는 건 분명히 엄청나게 많은데 모금씩 풍 대 어떻게 먹지 라고 하는 고민들을 해야 되는데 그 고인 보다는 내 나 는 나 아 내 나 라고 하는게 좀 많이 보이거든요 사실인데 이 부분은 태어나기를 길이가 길어 태어 났지만 보호자 님들이 조금 쉽게 뭔가를 잘 줬을 수도 있어요 좀 저 주는 편이 있을 수 있구요 들어갈 으 괜찮아요 뭘 많으니 앞으로 교육할 수 있어요 근데 이게 18개월 후 1년 6개월이 지나면 뭐라 그럴까요 난 그냥 4라운드를 살래 난 이게 편해 라고 할 수 있는데 생후 5개월이 걸 얼마든지 얼마든지 수정될 수 있거든요 지금부터 좀 교육 열심히 해보자구요 으 으 으 [음악]",
36,https://www.youtube.com/watch?v=YyKUgBOYztI,YyKUgBOYztI,My dog's scatophagy got worse! The training to solve it! ｜ 2019 Dangdangi festival,강형욱의 보듬TV,어떤 고민이 있으세요 어 강아지가 조금 심장에 안 좋아서 그 색을 못 먹고 있어요 4 근데 그 이후부터 조금 10분 증이 좀 심해졌어요 10분 중이에요 4 솔직히 옛날부터 있었죠 아 토크 조금 한 채 가면 응가 해야 냉이 야 그것도 뭐 거야 아니야 신경 안 써요 집에서 싼 응가 만 먹어요 4 지금 몇 살이에요 9살이 요 알고 구조 동안 먹었어요 아 구조 또한 먹었어요 응가를 먹는게 정말 여러가지 이유가 있어요 애기때 응가 먹는거 그냥 코딱지 먹는거 정도라고 생각하면 되요 애기때 자기 응가를 자기가 못사요 엄마가 도와 줘야 되요 그래서 엄마 옆에 인을 강아지들은 깨끗해요 왜 엄마가 5주 다 먹구요 응가도 다 먹어요 그런데 이게 3호 한달 생후 한달 정도가 되면 엄청나게 엄마 행동을 따라 할 시기가 와요 그 시기 때 엄마가 응가를 이렇게 주 꾸어 소변을 이렇게 주어 먹는 청결하게 하기 위해서 그 모습을 이렇게 보면서 모방 하기도 해요 그런데 여기서 아니 집에서 은거 를 왜 하게 해 자 맞아요 사실 3 후 한 달 정도가 되게 되면 은 거의 대부분의 애기 강아지 들여 엄마 따라서 엄마 화장실에 가는 연습 뜰을 해요 근데 그런걸 못한 공장식 번식 에서 태어난 강아지들 많은 한국에서는 이런 경험 자체가 없어요 그러다 보니까 집에 처음 왔을때 응가를 이게 밥 인양 간식인 양 장난감 인양 먹는 친구들이 많아요 하지만 어떤 베이스 로 시작했거나 간의 집에 와서 부터 아주 규칙적인 생활만 조금만 하게 해도 되는데 응가가 방치되어 있던 시간이 길면 거의 대부분의 2개월에서 6개월 사이에 강아지들은 응가를 입을 되거나 먹어요 그래서 생후 2개월 때 될꼬 오잖아요 생후 4개월 때까지 응가를 싸고 난 다음에 거의 곧장 거의 곧장 치우게 되면 그래 응 가 먹는 식사 습관이 없어요 내가 그렇게 키웠으며 에도 응가를 먹는다 그러면 거의 대부분 너무 배가 고파서 아니면 형제가 지들끼리 키워 쓸까 키웠을 가능성이 커요 형제 강아지들은 똑 같이 고 쌓여있던 가지고 내가 똥을 싸 잖아요 형제 가지가 된 새와 틀려 그럼 대통령 일류대학 뭐 버려요 그래서 이게 여러가지 방법이 있어요 제가 이제 신장이 안 좋다 라고 하니까 이 방법은 할 수는 없지만 신장이 좋았다면 그리고 먹는 것도 좋았다면 저는 약간 의 뭐 펴 자체를 이렇게 줘서 먹으라고 하지 않고도 갈아서 라도 좀 먹으면 응가가 석회질의 인가가 나와요 석회질의 응가를 먹는 강아지들을 본 적이 많이 있어요 있는데 많이 안 먹어요 거의 대부분 사료 응가를 먹어요 서캐 질동이 먼저 안 해요 가볍고 째 끔 싸고 그거를 내게는 먹는다 이거 먹으면 상담을 받아봐야 되는 애들이 요 근데 사료 똥 탈의 똥은 정말 윤기가 자르르 달면서 있죠 그 똥은 이제 뭐요 어흑 왜냐면 저는 먼저 생식을 좀 급여 해봐라 그래서 안먹으면 은 그걸 을 통해서 습관을 들일 수 있다 라고 하고 두 번째는 주기적인 산책 아침 점심 저녁 10분씩 에서 15분씩 나가서 밖에서 응가를 하게 하면 이것 적게는 2주 길면 은 두 달 안에 응가 먹는 습관이 없어져요 그리고 또 하나 1 분리불안 일 가능성이 커요 분리불안 또는 응가를 했을 때 또는 응가를 먹을 때 엄청 훈 남았던 강아지들 그래요 제가 요즘 판에 만났던 친구인데요 그 친구는 응가를 물 그래 했었어요 먹지 않아요 물 거 아니에요 알고봤더니 보호자 님이 많이 했네 때요 근데 이게 제가 봤을때 많이 오는거 고 보호자 님은 많이 혼났다 고 생각을 안 하더라고 응가 하면 이렇게 찾아봐요 뭐 어 어 어 어 약자 결명자 되자 개가 함께 없을 거야 보통 개는 응가 하고 어떻게 해요 걔들은 응가를 하고 냄새를 맡아요 그런데 그 냄새를 맡으려고 할 때 기한 아마 또 먹을래 그랬지 라고 하면 강아지가 참고 참고 참고 참다가 응가를 하고 난 다음에 덥석 물고 가거나 허락 먹는 경우들이 많아요 그리고 응가를 하고 난 다음에 응가를 냄새 만들려고 할 때 혼다는 친구들은 응가는 곳 보호자로 화나게 만든다 라고 생각을 해서 소변 대변의 실수를 유발하게 되요 제가 여러가지 말씀드렸는데 우리 모자 님 어 도움이 됐으면 좋겠습니다 [음악],
37,https://www.youtube.com/watch?v=FdhpqD8XCYM,FdhpqD8XCYM,Hold my dog tight! how to hold the leash ｜ Highlight video of Aggression of my dog,강형욱의 보듬TV,줄 잡는 방법 가르쳐 드릴께요 오른손잡이 세워 있는 점에서 홀에서 하자 오른손잡이 착한 도와드릴까요 한답니다 이곳은 이렇게 한번 해보시겠어요 4 네놈 아뇨 4 그야 아 이렇게 하고 아 이렇게 한 상태에서 잡아보세요 그렇죠 이렇게 하면 조금 더 안전하죠 그리고 이제 요소는 업혀 난 위치 포토 규정도 우유 정도 등 도시에서는 이걸 다 놓기는 힘드니까 요렇게 이제 짧게 잡고 그 다음에 요리 추스리고 줄을 눌러줄 필요가 없다 우리반 노를 저어 볼게요 이제 이 고리를 저 이제 고리 1 보이세요 없이 여기다 걸어주세요 이렇게 되면 이제 절반으로 접혀 쓰니까 이때는 실례하겠습니다 하고 찾아오세요 이하늬 nhn 에 좋아요 이렇게 하고 다니는 거예요 [음악],
38,https://www.youtube.com/watch?v=fCfZHIGentQ,fCfZHIGentQ,My dog keeps biting my heel! ｜2019 Dangdangi festival,강형욱의 보듬TV,운동장에서 야 3 없을 때 줄 길게 놓고 그러나 c 약간 천천히 뛰려고 하면 그렇지 좀 충분하다 가 매우 오는건 아니고 살짝 c 이렇게 터치를 혹시 저단 나오 모두 콜리 키운다 쉽 더 키운다 아샤트는 것이 또 예를 들 엄청 물 줘 뒤 끔씩 괜찮아요 웰시코기 야 얘네들 진짜 끊어 버리려 그래 뭐 여기 근데 이게 기본적으로 놀려고 하는 거예요 이게 자 보세요 이렇게 걸을 때는 사람인 줄 알아요 근데 이렇게 될 때는 강아지들이 이게 토끼나 사슴이 폴짝폴짝 뛰는 줄 알아요 특히나 허 딩 그룹 내 강아지가 헛 인 그룹이다 헛 인구 루비 어떤건지 설명할 수 있는 분 우리 보자 님 양몰이 맞아요 허 딩 그룹 이라는 것 자체가 양몰이 나소 보니까 이렇게 어떤 모리 활동을 했던 친구들이에요 그 친구들 자체가 이렇게 있기는 한데 푸들 중에도 또는 아니면 헬기 찬 친구 중에도 뒤꿈치 울려고 하기도 하거든요 이때 좋은 방법이 있어요 얼음팩 놀이 라고 하세요 얼음땡 놀이 자 첫번째 장난감 이나 아니면 간식을 딱 위로 올리면 앉아 까진 할 수 있다 그러면 이때 조상 마케 뛰는 거예요 뜨다 가서요 서고 앉으면 간식 주고 그거 한번 해보시면 효과가 아주 좋아요 특히나 이런거에 고민이 있는분들이 애기 아기 계시는 분들이 짝이 강아지들이 아기들 한테 그렇게 꼬집어 요 근데 아기한테 얼음덩어리 가르쳐 주며 는 효과가 진짜 좋아요 강아지들이 발 한테 집중해야 하는 것을 끌어 올려서 손에 집중할 수 있게 하고 결국에는 얼굴에 집중할 수 있을까 한번 해 보세요 4 5 [음악] no,
39,https://www.youtube.com/watch?v=CnybQ104FOw,CnybQ104FOw,My gesture and the style praise dog's aggression｜Highlight video from the aggression of my dog,강형욱의 보듬TV,8 생각해보시면 tv 이렇게 보고 있는데 마트와 달려 가지고 애가 내 입술을 팍 물거나 이런데를 확 눈 적도 있나요 아빠가 이런 않냐는 딱 달려와서 아빠 슬리퍼를 악 이런 쉬움을 해요 자 질문이 있어요 아빠 어 강아지 2 말했을 때는 어때요 그때는 불린 적이 없는 것 같아요 왜냐하면 이제 작용과 반작용 이라는 게 있거든요 엄마고 오자 님이 있으면 그런 행동을 나음대로 나오기가 쉬워요 얘가 왕 어 했어요 5 아빠의 반응은 데려 같아요 그냥 피하세요 섬뜩하게 마세요 되냐 단지 자그초 예 안 봐도 볼 속에 느낌이 확 나요 으 빨리 짤 때 쪽으로 어떻게 이렇게 될 수도 있고 그러잖아요 그러면 보전 님은 보여줘야 되잖아요 안돼 하지마 너 어디 어 어디 그래 이러다가 이제 아빠 딱 들어가면 은 우리와 그러면 한데 어 이해가 느끼기에는 요 보 호 선생님은 나의 이런 경우를 참 좋아해 라고 느껴요 혼 내면서도 이제 안고 간다거나 말은 흔해 예 그러면 어떻게 어 머 자막 근데 제 보시면 으 으 [음악] 번호만 다르다 시 모든 느낌들을 애정이 다 이렇게 들어가 있잖아요 그런 것들이 좀 쌓이게 되면 은 훨씬 더 이제 아빠 보자 님이 무슨 행동을 안 해도 예 이렇게만 해도 이런 행동들이 하나씩 하나씩 나오죠 [음악] woo,
40,https://www.youtube.com/watch?v=UTXAu-i47M0,UTXAu-i47M0,What should I do with my dog jumping because dog loves physical touches?｜2019 Dangdangi Festival,강형욱의 보듬TV,스킨십을 너무 좋아해요 무조건 달려들고 점프하고 일어나기만 해도 어디 나가는 줄 알고 자꾸 엉겨붙어 요 견종에 좀 궁금한데 푸드를 가능성이 크거든요 구들 마죠 4 그죠 막 싫다고 이렇게 해도 왜 계속해 요 네 지금도 계속 해요 봐봐요 지금 여러분 보이시는지 모르겠지만 지금 여기 자극이 얼마나 많아 펜트 사람 강아지 닭강정 냄새 에다가 얼마 냄새가 마라 그럼에도 불구하고 이렇게 많은 자극이 있는데 우리 님만 바라본다는 건 사실 아주 정상적이지 는 않을 가능성이 있어요 이게 왜냐하면 그 친구는 어쩌면 조금 내구성이 자 약한 강아지를 태어났을 가능성이 제일 커요 약간 혈액형 같은 거예요 내가 만약에 a 형인데 나 오영 되어 지라고 연습한다고 되지 않잖아요 그런데 만약에 그런 강아지를 너무 이뻐하는 또는 너무 이렇게 잘 받아주는 또는 일반적으로 교육을 하지 못하는 그런 보호자 님이 었었다 면 2가지가 내가 점프 할 때 이렇게 안아줘 썼다면 그 강아지가 훨씬 더 보호자 님은 노력은 하지만 자주 포기 해 라고 생각을 하고 자기의 b 사회성 여기서의 b 사회성은 어딘 얻은 개의치 않는다 라는 건데 어딜가든 보호자가 없으면 불안해 한다 라고 하면 좀 사회성이 떨어진다 라고 하는건데요 보홀 다 님한테 계속 점프하고 뽀뽀하는 것을 포기하지 못하고 다른 친구를 만나는 것을 연습하지 못하고 항상 보호자 님한테 도와달라고 하는 거예요 하나 여쭤볼게요 혼자 집에서 살 있나요 혼자 있으면 은 간식 같은거 뒤져 가지고 다 찢어 놓고 막 그래요 아 그럼 하지만 지금 도우미를 엄청 보장 점프 하는데 거절을 정확하게 해 주셔야 되요 근데 거절을 하다가 말다가 하다가 말다가 a 볼라 좋아요 내려놓고 이제 이렇게 반복하면 강아지가 보호자 님의 거절을 이제 진짜 게 못 받아드려요 보자 님 이렇게 한번 해보세요 젖어 따라 안분 저한테 형우가 천 원만 빌려 줘 해보세요 회원가 천 원만 필 여쭤 싫어 [웃음] 이렇게 해야 돼 이게 거제 근데 모두 잃어 잖아요 알구 어쩌지 해야되고 철이 없다 며 빨라야 덱 신청 말했을 때 비로소 쌍 위원회 이 그러잖아요 근데 강아지한테 보통 좀 과하게 묘 비율을 들었지만 이런 식의 거절을 해요 내가 지금 너한테 이렇게 블로킹을 하지만 난 너를 사랑하는 걸 알고 기억해 줘 너가 점프 안하면 내가 얼마나 좋은지 알아 근데 점프하면 어떻게 내가 너한테 블로킹 할 건데 넌 마음에 안 아팠으면 좋겠어 이제 이런 식으로 화면을 강아지들이 교육의 안되거든요 약간은 강단 있게 해 주셔야지 되고요 그 거절을 잡고 실패 당 하잖아요 강아 제가 나중에 블로킹 하면은 아 또 시작이 아주 짜도 t 봤어 저거 뭐 하는데 그런 생각을 합니다 요즘 강아지도 그렇지 않아요 보호자 교육 하려 그러면은 아 또 뭐 봤어 이러지 않아요 유튜브 않니 강아지들이 해 모모 났어 어 갑자기 손바닥을 보이고 아픔을 1의 아에 그치 참 제가 합니다 [음악] whoo 5 으,
41,https://www.youtube.com/watch?v=0XNlEr3Pv4w,0XNlEr3Pv4w,The wrong handling habits I didn't realize increased aggression｜Aggression of my dog highlight video,강형욱의 보듬TV,저는 지금 이 친구가 당기는 만큼만 다니고 있어요 이 친구가 당겼을 때 5로 당긴다 면 저는 675 당기는 게 아니라 5 만큼만 정말 딱 당겨 요 그래서 이 친구를 보세요 4 내가 힘을 통해서 줄을 당기면 계속 당겨질 거라고 생각하고 있는 것 같아요 제가 아까 중간에 보호자 님한테 1 조언 드렸던 게 두 다리가 땅에 박혀있는 것처럼 하라 고 했잖아요 왬 지금 이 친구가 주름 당길 수 있어 게 그렇게 인식을 하고 있어요 줄을 당겨 줘 내가 얼마든 담길 수 있어 둘이 당겨주면 나는 흥분 할 거고 호흡을 값과 할 수 있어 너무 익숙한 조합인 거죠 이유는 습관인 것 같아요 약간만 수위를 높일 게요 4 그때도 지금 텐션 되어 있잖아요 그런데 펜션을 지금 주셨잖아요 그럼 그게 한 번 동의를 하신 거예요 그때 담갔다가 보셔야 되요 네 네 그런데 지금 리체 느끼며 4 보호자 님이 당길 때 약간 위로 당겨 주시 거든요 플랜 사들은 이렇게 딱 이거든요 이렇게 어깨나 이 뒤에 등 근육으로 이렇게 땡겨요 근데 보통 보통 일반적으로 줄을 만져보지 않은 사람들은 주로 당길 때 이렇게 딴 게 그죠 이렇게 당기게 되요 그렇게 당기게 되면 우리 5 친구는 의원을 만났다 라고 잘못 생각할 가능성이 커요 확실하게 잡지 못하는 거에요 으 5 짜식 그냥 70 어 아 여쭤볼게요 모든 지금 느낌 어때요 훔 평상 달라요 어떻게 달라요 항상 은 앞으로 이렇게 튕겨져 나가고 그랬는데 지금은 앉았어요 그저 소리를 내고 몸에 힘은 꽉 들어갔지만 줄은 당기지 않아요 줄을 당기는 거에 전혀 응원을 안 했어요 에 딸려 가지도 않고 당길 때 그냥 2층 가 어디에 묶여 있는 것처럼 꽝 하고 잡기만 한 것뿐인데 여친과 달려가는 것 까지 연결이 안되네요 흥분을 했지만 따운 되고 줄을 당기지 않는 게 조금 빨라 줬어요 그죠 오늘만 그런거에 매일매일 연습해야지 이게 훨씬 더 장기적으로 요거 그런 행동이 나올 거에요 [음악],
42,https://www.youtube.com/watch?v=Tbl2mq5pFdQ,Tbl2mq5pFdQ,A dangerous tug game mistake that hurts a dog.│ what to be aware of tug game,강형욱의 보듬TV,타 그 노래 할때 좀 주의해야 될 점은 말씀드리면 억지로 제가 무조건 오른쪽 왼쪽으로 막 당기지 않잖아요 그리고 이렇게 이렇게 담기지 않잖아요 우리 어머니의 힘이 오면 저도 오고 또는 4.5 아니면 5.5 1 고 정도로 좋다가 당겼다가 숫자가 당겼다가 4.5 와 옷좀 우 이 그저 조절을 잘 못하신 분들은 그냥 강아지가 물었다 치며 는 그냥 40 주시는 분이 있어요 또 이 좌우로 흔들어 것보다 조금 걱정스러운 것은 위아래로 흔드는 거에요 이런걸 저를 위해 될 아 으 그 수의 산님들이 하는 얘기가 인 오리 장어 사다가 못 다치는 경우를 많다 라고 그래요 실제로 저같은 경우에는 경찰견 공부를 조금 했는데요 경찰 공부를 하면 보통 이 문은 걸 많이 하잖아요 그래서 손에 끼는 방어 소매 라던지 아니면 큰 턱을 같은것을 쓰는데 이 때 무조건 힘으로 악 흔들거나 위아래로 이렇게 할 경우에 문제가 많이 생겼어요 또 하나는 딱딱하면서 쿨 정남 있는 터 그들이 있어요 이거를 어떤 보호자 님들은 이렇게 거 같더라구요 핸들 돌리듯이 물 문 상태가 어 먹거든요 이럴 경우에 목이 굉장히 크게 다칠 수 있어요 왜냐면 강아지는 자연스럽게 이거를 뒤였다 당기거나 남기면서 옆으로 이렇게 움직여요 땅 기면서 이렇게 움직이는 데 이것을 거 끄게 되면 은 목에 꺾인 상태에서 뒤로 가게 됐을 때 나도 모르게 때 자기의 목을 다치게 하는 경우도 있구요 이런 것만 조심하시면 에 턱 언어를 훨씬 더 재미있게 할 수 있을 거고 그건 어 이야 아 널널 누르게 만드는 좀 들어라 라고 하셔도 됩니다 너 걸려 버렸어요 또 아이야 일자를 s 달라던 2 아 이야기가 여 연령이 야 우악 보아 신 짜임새 블럭 운이 진짜임 새 로그인이 이거나 볼까 났어 잘해 썰 지어 그 크림 예 즉 우리 즈 로 보니 이제 1 같다가도 놀 수 있겠는데 oo 꼭 어 너무 유에서 형이 넘어지게 따야 5 어 오늘은 형이 졌지만 내일은 힘이 더 쎄 줘 오겠어 아 아 아 오 아 오늘 다시 한 번 해볼까 어 빠이 빰에 으 아 아 ars 데레데레 서자 리자 9i 어 아 보통 이렇게 하고 끝내면 좋습니다 [음악] 으 4 4 2 2 1 5 [음악],
43,https://www.youtube.com/watch?v=dQnZZc1DcM4,dQnZZc1DcM4,The process of a dog who didn't know a tug falling into a tug play │ Tug beginner dog,강형욱의 보듬TV,오 오오 예 오 오 오 오 오 오 오 a 딱 어 어허 예 예 아 뭐 잘 안무 래 아 오 호호호 꼭 꼭 꼭 아 그 뭐 or 달러 영양요법 예 어 오 아 잘해서 잘 했어요 야 빠 아 오어 그 으 음 으 지금 로 거냐고 장난감을 가지고 놀고 있어요 뭐 우선 기본적으로 엄청난 드라이브를 갖고 있는 친구는 아닙니다 06 뿔 치열 채울 치울 찌 빠 2 ef 어 그래서 뭐 아주 조심스럽게 잘 놀아 주려고 노력을 하고 있어요 이 타고 드라이브 라는 것 자체는 어느 정도 가지고 태어나요 그래서 아이 흥미가 없는 친구도 있고 흥미가 있는데 어 그게 이제 표출되지 않은 친구가 있고 아니면 정말 공이나 아니면 빠르게 움직이는 거에 뭐 이런 표현이 그렇지만 미쳤다 라고 할 정도로 10건 스러운 개 들이 있거든요 그래서 제가 생각할때는 친구는 충분히 관심은 있지만 아주 이걸 이용해서 보상을 할 수 있을 정도로 턱을 도와 하는 것 같지는 않아요 어 괜찮아요 이런 친구들도 얼마든지 허브를 재밌게 할 수 있는데 넣어 같아요 업 이 알라가 으 아 예 iii 그런 요일 5 파파팍 처음에는 바닥을 중심으로 이걸 움직여 주시는 게 좋고요 무조건 불러주신 다 빼 진로가 하면 안되요 약간 신랑이 같은 느낌을 줘야 되거든요 5 언론이 힘 힘 2 5 2 9 길에 로 보니 형 얘가 내가 형 인가 그렇죠 평이 하지만 아주 간다 형 의 가지가 나 오유의 로 보니까 차마 썰 9 힘이 왜 이렇게 써요 왜 이렇게 쎄 가족까지도 망둥이가 이야기 하다가 놓친 것 같은 느낌으로 하면서 놀아 주면 좋아요 재밌게 놀아주는 방법 2 5 oem 세라 어 형 넘어지 뿐 넘어질 뻔 했어 축 포어 어딨어 어딨어 뭐 이 어떻게 알았어 자 rs 쭈쭈 일찍 항거와 와 아이 처음에 가르칠 때는 강아지가 물고 안길 때 최대한 가져오게 해 주세요 놀이 할때 계속 찜 하고 싶어요 출처 이익의 짓도 하고 싶단 말이에요 이것을 자기가 가지고 하면 조금 이따가 너무 또 하고 싶어도 또 가지고 올 거에요 으 가주가 줘 또 버퍼 어 5d 문제다 라고 살짝 움직여주면 강아지들은 기본적으로 철학 되게 줄다리기 라는 것 자체가 노는 거에요 오 어 우어 그러면은 이거를 물고 이렇게 와요 o 와 o 아님 쓰다 라고 하면 이렇게 물 구하여 그 때 입에 있는것을 잡을 수 있게 해주는 강아지라면 우리로 거리처럼 그렇다면 입에 있는걸 이렇게 잡아보고 요 왔어요 그러면은 또 다른 장난감 으로 우아 뭐 하고 놀아 주는 거에요 제가 생각할때는 로 본인은 아직 스카 지가 않아 가지고 잘 몰랐지만 재미있게 놀아 주면 은 훨씬 더 드라이브가 높아질 거예요 뭐 해 니가 그 다음에 팔짱만 이 친구의 드라이버에서 높여 볼게요 갖고 싶지 않 갖고 싶어 때 깔아줘야 지혜 아 밥퍼 9 아예 이야기해야 우와 진짜 진짜 빠르다 더 진짜 빠르다 살짝 5 꼬마와 누구나 뭐 먹었어 누구를 떡국 먹었어 힘이 이렇게 좋아 만약 로 거니까 이걸 가지고 갔어요 그러면 이걸 가 진로 가려고 내가 쫓아 가지고 물고 오는 게 아니라 내고 잔치 내가 가지고 오는 것은 아니요 아니라 우리 친구한테 다른 것을 보여주면서 이 뱉는 걸 놓게 하는 거죠 이렇게 할 수도 있어요 오거나 이거 놀랄 응 그래요 아아 그럼 애야 너 건너건너 가거든 빌려야 해 빠이 그리고 이거는 훈련사 들이 하는 방법중에 하나인데 쌀 보리 아들 딸 오릭스 r4 릭 하는 것처럼 입에 무려 고 할 때 살짝 이렇게 빼 거든요 피해요 이거 할때 살짝 강아지 몸을 토닥여 주듯이 하이파이브 같은 느낌으로 찾아 시켜 주면 훨씬 더 빠르게 이거를 물고 싶어 해서 못 물게 되면 * 약 올라 해요 터그 드라이브나 플레이 드라이브도 좋아하게 되죠 아빠 여기 오우 너 예 얘 이런 식이에요 빠 아 아 야 그러지 뭐 이야이야오 이거도 쳤어 이게 알라가 지역 빰 그리고 새로운 걸 보여주고 입에 있는 것을 노면 은 다시 던져주고 빠이 으 예 잘했어 [음악],
44,https://www.youtube.com/watch?v=ZXV4T0wAhVo,ZXV4T0wAhVo,Dog's piggyback talent show｜Mung School of Kang Hyung Wook trainer,강형욱의 보듬TV,[음악] woo 안녕하세요 보드 훈련사 강형우 입니다 이번 수업은 펌 바 입니다 [음악] 강아지가 이렇게 된다 등으로 점프 한답니다 그래서 어부가 이런 모습이 좀 나온다고 하는데 저번주에 도와주신 이용성 그런 4 님과 꽤 발령한 노티 가 나왔습니다 안녕하세요 안녕하십니까 홀레 4 이영선 입니다 오늘 저랑 같이 함께할 후들거 뜹니다 타로 보고싶어요 아머 보이는데 옳고 이 우야 아아아아 아 게임 4 아 보수당이 no 마이터 c5 시냇가 한번 어떻게 하면 좀 단계별로 할 수 있는지 한번 들어볼까 어떻게 하면 도 이렇게 옆에 탈 수 있어요 처음에는 드로 바로 올리기 보다 바닥을 좀 뭐 깔고 누울 셔 가지고 이렇게 높습니다 한쪽 방향이 그리고 올라오면 이 올라온걸 머물 수 있도록 해서 반복하지 때 내려오라고 할 때까지 대감 안 나온 분들은 안되겠네요 저도 좀 넣었는데 그래서 좀 떨어지는 걸까요 세트 그걸 알리오 또 바빠 올라오면 간 씩 주고 요렇게 반복하시면 1단계가 끝이 납니다 어 일단 그 이란게 어떤 1항의 인제 카페에 올라오는 걸 익힌 친구가 이제 그의 올라오는걸 익히셔야 제 그리고 올라올 때는 한쪽 방향을 정해 놓고 하시는게 도움이 많이 됩니다 그 올라오면 얼 침 반쪽 못해서 주시는 겁니다 그다음 붙들 수 있습니다 등을 잘 올라오기 시작한다면 이 상태에서 이 높이 올리는 거죠 있어 넣으면 [음악] 주고 요거를 밤 보카시 는 겁니다 그래서 이거죠 할 얼마나 걸릴까요 사람이면 될것 같습니다 4 올라오는데 하루 등이 올라온 것 바로 모교인 아아 4회정도 하늘 밖에 안 걸린다고 하니까 여러분들도 한번 해보시고요 이용선 훈련 전했습니다 왜 반려견 로 케익 에도 많이 눌러주시구요 어 감사합니다 네 감사합니다 감사합니다 oo 아 oo 아 5 흑백 만지 전하는데 걱정인 배들도 게시된 날이 있어요 요새는 이거는 가능 업소가 어렵겠죠 쉽습니다 이거 집에 쉽습니다 그런데 제가 바보 같은 계획하고 있습니다 한타 으 기 덜미 너나 잘 봤습니다 아자 후반에 힘 설령 이에 힘쓰며 쉬운 농담입니다 뭐야 으 으 으 으 으 으,
45,https://www.youtube.com/watch?v=GuUanxQBaYQ,GuUanxQBaYQ,A dog's training who approaches when we eat! ｜ 2019 Dangdangi festival,강형욱의 보듬TV,안녕하세요 어디서 어느 셔 요 상담회 4성 동부에서 졌고 온 견종을 보니까 내 프리 탄 입니다 브리타니 에요 아 벡터에 우리나라에서 쉽게 보지 못하는 건 종인데 3 턱에 포인터 라고 하세요 포인터 라고 하는 저 살림 개가 있는데 브리타니 도 그쪽 개 어린 데요 이제 포인터는 독일 쪽에 있는 친구들이 많고 뭐 0 포드 요런거 포인터 있지만 브리타니 같은 경우에는 스파 1 한마디로 코카 스패니얼 어레 큰 사이즈인데 귀가 좀 작다 뭐 요런 느낌이에요 에너지가 무진장 넘치는데 키우는게 보통 쉽지 않을텐데요 2년간 뭐 삶을 포기 그 일용할 사용 아 진짜 브리타니 키우시는 분들은 요 와아 4 여하튼 데 궁금한게 어떤 거세요 원래는 그냥 저는 부엌 이나 이런 대로 맘대로 이제 유의하게 났거든요 예 식탁에서 옆에서 나도 줘 이런 느낌을 앉아있는 것을 싫어해서 그때 하우스로 가 있어 하드웨어를 헤어 네 저는 크게 책의 약간 자유를 억압하는 느낌이고 4 할수록 가서 기다리게 하는 게 맞는지 아 식사중 아니면 식사준비 때 강아지를 켄넬 이라는 곳에 하우스 를 시킬지 말지 에 대한 을 의견차 이네요 뭐 우리 강아지가 저 식사를 준비 하거나 할때 어때요 음식 있으니까 네 어 뭐 하나 떨어질까 4 보고 있죠 한 번씩 줍니까 아 저는 한 번 더 그러면 저 옆에 계신 피해 오면 주시죠 우리집에 강아지한테 줘 뭐 주는 사람이 있어요 딱 아 누군들 모르겠어요 내가 부분이 그래서 제가 보 밥먹을 땐 옆에 안 온단 말이에요 어 그런데 그분이 드실때는 자꾸 봐요 왜 그 그런데 어 지금은 제 얘기를 길을 이거든요 애기 이제 우리 주문 일하게 2살 제 친구가 있는데 얘기를 이제 있다보니까 음식을 이렇게 안 먹어요 정말 와 와 이래요 의장을 한 마리가 해도 내 말이잖아요 그러면 이제 명당자리가 생기고 또 자리 싸움을 하려고 한단 말이에요 그래서 저는 그걸 미리알고 우리의 기간 식탁에서 먹기 시작을 할 때부터 밥 먹을 때 우리 규칙은 밥을 먹으려 갈대다 켄넬 넣어요 하우스 하우스 하우스 시키고 문닫고 식사 준비 하고 뭐 하고 그 다음에 이제 애기 이제 우리 준이 뭐 먹으면서 돌아다니고 마귀를 하단 말이에요 그 청소하고 그 다음에 나오게 해요 왜냐면 우리 아기도 그렇게 먹고 싶어할 때가 있거든요 그 찮 아 요 두 사람인데 뭘 알겠어요 이제 안전하게 먹어야 되니까 이제 저도 저희 집에서 사실 하고 있는 규칙이 에요 한국 그리고 또 제 전에는 강아지를 다 침대에서 저였지만 주문이 태어나 거서 부터는 우여 거실에서 제어 요 나중에 우리 준이가 좀 크고 나서는 이제 그것도 좀 후리 하게 해줄 거에요 근데 지금은 안돼요 죽은 이가 좀 사라 와요 여러분들 개 우다 얘가 더 살아 와요 악의 기르시는 분들은 아실 거에요 애기가 훨씬 더 싸 나와요 내가 주니 잘 짓기 미안하다 얘들아 내 같은 그러는데요 저라면 쪼꼼 좀 편하게 편하게 위험한 선을 넘지 않으니 4 제아 아직 자녀는 없이 시작해요 그럴 때는 쪼꼼 은 지금 아내 같은 상태에서 기를 수 있다고 봐요 하지만 한 번 두 번 또는 정규적으로 남편의 생각하는 그런 규칙도 익혀야 해요 제가 여러분 1 질문 드릴게요 내 강아지는 거실에서 혼자 할 수 있다 문 닫고 그러면 내게는 거실에서 절대 언제 어쩐다 난리 난다 제가 걱정하는 게 이런 분들이 거든요 거실에서도 잘 수 있고 내 어플에서도 잘 수 있고 자 내 강아지는 다 견인 데 한 마리만 데리고 자고 한 마리는 것이라서 할 수 있다 이거 어마어마하게 관리 잘 하시는 분들이 에요 정말 관리 잘하고 균형 잘 잡은 분들은 강아지를 여 한 마리는 내 방에서 제후 한 마리는 것이 되어 세워도 걸 잃어 자는 강아지가 오케이 다음은 나니까 라고 해요 이게 건강하게 들이에요 근데 아 아 이러면 이런 걔들이 3막 정말 막 극과 가꾸 뭐 이런 강아지들은 주인이 아직 그 곳에 균형이 조금만 잡힌 것 같은 느낌이 들어요 그래서 아내 분 처럼 도 살 수 있어야 돼 아내분이 하는 방식대로 할 수 있어야 되고 남편 분의 양육 방식이 사실은 뭐 책에 나오는 방식이에요 그런데 그거를 왔다갔다 할 수 있으면 훨씬 더 좋을 것 같아요 [음악],
46,https://www.youtube.com/watch?v=2dQ64vKOmNM,2dQ64vKOmNM,"Beenzino's canine Kkomi, pretending not to know another dog.｜2019 Dangdangi Festival",강형욱의 보듬TV,꿈이 가 체험의 이제 저를 되게 무서웠어요 웨어 특히나 이제 남자 사람을 무서워 하더라구요 예 그 여자들을 더 좋아하고 그리고 좀 가까이 가기만 해도 많이 이제 겁내고 그 처음엔 아예 반지 1년은 시도조차 하지 않았거든요 1a 극적으로 이제 네 울리는 삼림에 이제 영상들 찾아보고 헤딩을 게 회 보니까 강아지라고 목회 부과되어 만지고 싶다 에서 반지 듣고 그런게 아니더라구요 예 예 그런거를 좀 이제 알고 아 이것도 진짜 어떤 관계에 같은거로 느껴져서 일단은 예쁘고 그리고 그런것들 이제 제 친구가 강아지 많이 키워 봐준 에 보조비 오폐수 막 배우고 하면서 자연스럽게 배웠던 2 이제 때는 저한테 마음을 열어 인데 어 되게 조금은 내 성적이 약간 저번에 요소도 정도의 개성 쩌리 편이거든요 사항들을 양도 좀 뭐 더 올드 많고 한 배 근데 이게 주인을 닮 뭐요 정말 군가 에 맞으면 이런 것들 다 입을 수 있어요 어때 이전 전반적인 어떤 정적이 그 동적인 수준이나 이런 것들도 좀 잘 맞아 4 그 조이랑 비슷하게 되게 차분하고 아 근데 좀 궁금한 것들이 a 가 산책을 나가면 은 4 꼬미 가 너무 다른 강아지들에게 신경을 좀 너무 안 쓰긴 해요 어 어떻게 하세요 그러니까 보통 원 타도 궁금해하고 나의 으 고무 냄새를 먹었다가 4 강아지가 접근하는 것 4 어 근데 굉장히 관찰을 잘하신 거예요 이렇게 가보려고 혹시 조금 뭐 과격하고 과 이 행동을 하는 강아지들 한테는 어때요 게 레터 이렇게 조렇게 피하고 왠만해선 꿈이 마음에 드는 친구들은 없더라고 눈이 높은 건지 이게 있어요 거절을 해도 그 상대가 거절을 받아들이지 못하는 환경이나 그런 상황을 오랫동안 접해보면 그 다음에는 아예 다 여러가지 감정이 들질 않아요 이제 포기를 해 버려요 근데 개들도 그런 친구들이 되게 많아요 그리고 또 하나 이제 어여 자 친구분 한테는 조금 더 호의적인 행동을 보여 썼고 우리 빈지노 님에게는 호의적이지 못했다 라고 하는데 이게 제가 남성분의 여성분의 몸짓을 잘 연구하는 사람은 아니지만 기본적으로 이런건 있더라구요 한 발짝 저한테 와 주시겠어요 그러면은 많은 사람들이 한 발짝 길 물러나면서 우리의 거리를 안전하게 유지 하려고 노력을 해요 근데 가 규칙 가끔 c 어떤 사람들은 뭐 남자 여자 상관없이 이 거리를 조금 무시 하는 경우들이 많아요 뭐 이런 거죠 예를 들어 걸어갈 때 만약에 이렇게 조금 골목길에 그쵸 걸어와 보시겠어요 아이치 나가세요 라고 지나가고 이렇게 지나가면 우리가 얼마나 불편하지 않아요 그런데 지나 가보세요 의 정도 체력을 수 있지 뭐 일으키 이러면 은 여 까지도 신경 써야 돼요 내가 어깨를 느낄까 베껴 박하 뵙기 볼까 4 이런 바질은 기지 속에 살며 는 항상 긴장하고 살아야 돼요 그런데 걔들이 그걸 알아요 그래서 나는 아예 이 싸움에서 빠 질내 그래서 다른 강아지 의 소셜을 아예 원치 않고 되면서도 많지 않고 내에 냄새 맡으면 안 보이는 것처럼 행동 해요 근데 문제가 있어요 한계가 분명히 있어요 그 한계까지 도열 하잖아요 그러면 아마 꾸미는 너무너무 힘들어서 화를 낼 텐데 제 생각엔 우리 빈지노 님이 거기까지는 나쁘지는 않았던거 같아요 한마디로 시간을 주고 그리고 마 가지고 으 그랬던거 같아요 저희는 주로 그리고 많이 부제 보고 배워 가지고 훌륭해요 혹시 어떤 유튜브 거에요 조언은 그 일단 강의 하는거 를 많이 봤습니다 그도 좋아요 숫자 이제 너무 의존을 만해도 어예 나중에 하면 알게되어 중독 된건가 의 사람에게 중독 된건지 나는 내가 진짜 꼬미 에 대해서 잘 쓰고 싶어 나중에야 또 피자 열리게 될 거에요 제가요 그 빨 틀로 제스처 이런 것들이 너무 되게 빠져 들더라구요 혹시 주머니에 밸브 보트가 있으니까 지금 제가 주머니에 오늘은 밸브 모터 업소에 오늘 가방에 걸고 쑬 보통 보통 온몸의 1 5 개 씩은 갖고 다녀야 산실 8 u2 다녀야 보든 ti 제 3대 예 제가 근데 그러자 무섭고 무서워서 어디 실존에 없네요 죄송합니다 공연을 하다가 4개 정도 떨어진 적은 있어요 그렇지 이게 진정한 8년 입니다 에 배우 모트 지금 한번 들어볼까요 우리조 노래 부를 때 배운 목표 흔들어 주세요 [음악] [음악],
47,https://www.youtube.com/watch?v=HG29iFkl-0I,HG29iFkl-0I,Do a dog's 'Hello'｜Mung School of Kang Hyung Wook trainer,강형욱의 보듬TV,[음악] woo 안녕하세요 모든 훈련사 강형우 입니다 이번 수업은 안녕 안녕 입니다 [음악] 오늘 여 배울 주제가 안녕 이 거라고 합니다 아니 강아지가 어떻게 이렇게 손을 올릴까요 오늘 훈련을 도와주실 이용선 훈련사 님과 후에 반려견 루트 입니다 안녕하세요 안녕 하실까 불러 사이영 6선 입니다 오늘 저랑 같이 함께할 푸들 넣었습니다 오늘은 서 제가 알기로 안녕이라고 조 들었는데 한발로 요렇게 한다 그런데 그 안양 어 하 먼저 보여 주십시오 네 알겠습니다 1 작 가능 안양 어이 아 아 아 아 이런 귀여움도 아아 딸려고 봐 덥지 않냐 아 보아요 귀엽다 이거 그래 어때 가 되는겁니다 백조 레시피 손 편을 참고하셔서 손을 할 줄 안다는 가정하에 먼저 손 됐을 때 한쪽 발을 정합니다 저같은 경우에는 게 왼쪽발을 고정적으로 가했고 강아지의 키 버피 부터 시작하여 그 높이를 차츰 차츰 차츰 올립니다 우선 했을 때 아까보다 조금 높였고 전 버거킹 조금 더 높게 끔 조금씩조금씩 올립니다 했을 때 어 이렇게 손을 안 쳤는데도 공주의 허공에 손짓을 하며 그 때 보상을 해 주시는 겁니다 그리고 여기서 중요한 건 뭐냐면 em 애들이 계속 하다 오면 개들이 조금 건염 반성합니다 이렇게 살짝 등을 천만 하거든요 초심을 계속 지키도록 손바닥이 저의 정말 향할 때까지 계속 하십니다 설치 잘 합으로 꼬 높게 들면 강아지한테 지음 성심을 입히는 거죠 저같은 경우에는 안녕 이라고 했는데 또 일부 모자 님들 하이 라고 하시는 분들이 계십니다 근데 이게 하이 라고 했을때 하이파이브를 하지 않습니까 제가 낮은 요금 있는 기회가 색깔 안돼서 안약 가면은 인데 이렇게 되죠 조금 넣어 이제 응용할 수 있는 건 이게 무 포퍼 안녕 해야되는 끝이 가 그래서 약간 모피 높이를 쪽방 시골 입니다 지금 입에 있는 상태에서 안녕 이 될 수 있게끔 음 h 요렇게 반복하시면 굉장히 예의바른 강아지 로 거듭날 수 있습니다 이걸 내가 하면 너무 귀여울 것 같은데 일반적인 강아지들이 금성 정도는 해야 되요 손을 잘 하면 이제 바로 간단하게 할 수 있는 농장입니다 어 아 이거 안 줘 얼마나 걸릴까요 오늘 또한 15 10군데 이제 전 맨날 10분이 라고 말씀드리면 조금 그런데 10분 치즈 식품이 맙니다 여러분 해보시고 안되면 은 댓글을 달아 주세요 아 알겠습니다 어 근데 이동 비용 것 같아요 강아지들이 이렇게 선 와야겠다 올리면 어휘도 너무 이쁘잖아요 귀엽고 전 오늘 너무 감사했습니다 예 우리 강아지도 너무 쓰고 있고요 우리 지역이 카메라 보고 인사 한번 해 줘 꽃이 안녕 아 예뻐라 아아아 [음악] 222 으 으 으 [음악],
48,https://www.youtube.com/watch?v=MzZPmL7xB3Q,MzZPmL7xB3Q,What to do when excited dogs are peeing. From Kang Hyung wook To Beenzino｜2019 Dangdangi Festival,강형욱의 보듬TV,내가 집에 오면 은 꼬미 가 난리가 나요 아 j 면서 빨리 가는데 4 김학 별 을 사용해 정모 전부 꽤 잘 알아보고 파리 이제 아 야 어 소다를 이뻐해 줘 4개 0 말벌 폼 이거 그때 이제 반지 어느 소변을 봅니다 그렇지 그래서 그렇지 그럼 금이 피펫 피펫 아 소 방패 도로가 가서 애 같아 이렇게 오케 날 이뻐해 줘 1번 그때 저희가 이뻐 주거든요 약간 점 어 소변을 조금씩 조금씩 이렇게 조하나 마요 4 조금씩 그 양이 많진 않지만 아주 조금씩 형상 그 타이밍에 는 무조건 이더라고요 혹시 여기도 그런거 가지 있나요 있어요 아 그러면 어쩌면 도움이 될 수 있을 것 같아요 사실 그게 어떤 거냐면 예전에는 어떤 방법을 많이 썼냐 면 무시하고 들어가라 조카 서 어 아는 척 하지 말아라 이제 그랬거든요 그런데 이게 무시하지 않으면서 대응하지 않는 거예요 정확히 표현하면 이 들어가요 그러면 신발 까지는 버세요 신발까지 이렇게 벗어서 들어갔어요 그 상태에서 우리 이름만 살짝 그릇 시선을 맞추면 되요 껌이 어 잘 있었어요 정도는 좋아요 어그 경우 그 다음에 약간 살짝씩 좌우로 흔들면서 요즘 도로만 가 많이 계셔요 그렇게 차 한 아들 아 따라해보세요 1 들 자 이게 왜냐면은 자 처음에는 한 아들 가만히 한 아들 가만히 1 드 아들 가만히 그리고 난 다음에 그냥 가만히 계셔야 되요 그러면 강아지가 훨씬 더 빨리 안정적으로 되요 근데 여기서 가만히 있잖아요 그럼 강아지가 왜 왜 왜 아는 척 해달라고 왜 왜 이렇게 될 경우가 있어서 약간 몸을 흔들어 주면서 가만히 있고 해주며 는 강아지가 따라와요 한마디로 눈 마주치지 말고 인사는 한 번 해야 해요 그 다음에 가만히 계셔야 되고 만약에 옆에 벽이 있으면 은 살짝 기대고 있으면 서 있으면 좋아요 강아지가 그런데 만약에 앉거나 엎드리거나 그랬어요 아니면 어떤 가지는 그릇이 써요 어쩌면 꿈이 같은 강아지를 우린 후자가 이상 해 줬어 라고 생각하고 그냥 소파 쪽으로 가기도 해요 그러면 그때 살짝 앉아 줘요 그런데 강아지가 와요 만지면 안돼요 절대 맞이한 한데요 감안해 계셔야 되요 5 근데 여기서 가 또 가만히 있어요 그러면 손을 손 바닥에 아니라 등으로 돼야 돼요 자 한 살 이상의 강아지들은 모르는 강아지들은 앉아 가지고 손 바닥을 내 이미 어떻게 해야 하는지 아세요 어떻게 싸우자 롤 적 잡힐 수 있다라고 생각해요 특히 는 유기계 출신의 반려견 들은 수틀리면 은 손바닥이 나를 잡을 거라고 생각을 해요 그런데 손등을 은 안전하게 생각을 해요 여하튼 한번 그렇게 해보세요 그럼 도움이 될 금 저희가 비데가 했는데 저희는 그냥 저런 스폰 불 더 4 제가 얻어 그거 봤어요 ok 스파의 집에 들어가는데 움직이지 마 지 막 그러면 줘서 혼다는 잡지 그러니까 어 이거 이상하다 고 생각했기 뿐 점 이러한 차이에 따라 뭐 이 꿈이 좀 안정된 것 같을까 이렇게 여기서 잠깐 제 바로 이제 에 원래 좀 부자연스러워 어떤것도 왜 왜요 들어오니까 그리고 하고 다시 앉았다가 손톱으로 살짝 만지고 어 이때 중요한 호 이럴 때를 보아 안 싹 뻔 산타 안 쌌다 이 쌌어 올려요 이렇게 되거든요 ic 재즈 그러니까 네가 많이 호흡하고 다시 앉았다가 일어 났다가 조금씩 반복하면 돼요 어 이때 아자자자 이렇게 앉으면 안 되고 이제 천천히 요렇게만 해주시면 도움이 될 수 있어요 감사합니다 예 [음악],
49,https://www.youtube.com/watch?v=qS7p28nSBck,qS7p28nSBck,Do a dog's 'Between legs walking backwards'｜Mung School of Kang trainer,강형욱의 보듬TV,wow [음악] 안녕하세요 보는 반려견 훈련 4 강형우 입니다 오늘 주제는 에루 걸으면서 다른 사이 사이에 들어오는 겁니다 [음악] 대학교 예전에 조용선 선생님께서 앞으로 하면 다리 사이를 좀 보여 줘 짜 나요 근데 오늘은 이거를 뒤로 한답니다 아 예 한번 봤으면 좋겠는데요 이번주도 도와 주실 선생님 푸쉬를 선생님과 개발된 비싸 소개합니다 안녕하세요 네 안녕하세요 젖은 얼른 삽니다 오늘도 역시나 제 발전했고 덜 리사와 한테 인사드리겠습니다 255 어떻게 하는거죠 그 전에 듣기로 워 길을 2개 가지고 이렇게 이렇게 이렇게 하면서 하는걸로 줘 우리가 배웠어요 이번에는 그것보다 조금 더 고난이도 같은데 한번 져 볼 수 있겠습니다 생 3 4 이런 도자기 되게 4 우리조 솔 지현 스님은 뭘해 옷 춤추는 듯 자연스럽고 아주는 스카 모습 어 정말 정말 보기 좋습니다 1 번져 배우죠 4 어떻게 함 줄까 부서는 어 앞으로 걸어가면서 다리 사이에 동작과 마찬가지로 을에게 조금 도움을 받았으면 좋겠는데 지난번 딸이 사회는 앞에서 아까 쪽으로 이렇게 안에서 바깥쪽으로 돌았는데 오웰 바깥쪽에서 안쪽으로 돌아 나오는 연습을 먼저 하시는게 도움이 됩니다 그리고 제자리에서 팔자 그리는 연습을 요렇게 바깥쪽에서 안쪽으로 또 바깥쪽에서 안쪽으로 이렇게 돌아 나오는 연습을 먼저 해보시면 도움이 될 수 있습니다 제자리에서 팔자 돌리기가 어느 정도 익숙해졌다면 이제 뒤 로버 름을 하나씩 해 봐야 될 텐데요 핸들러의 오리 쪽 다리를 회전할 때 제 왼쪽 반대편 다리 가 뒤로 가고 이렇게 사회도 돌아 나오고요 그 다음에 왼 편 왼쪽 다리를 돌고 있을 땐 다시 반대쪽 다리 가 뒤로 가서 이렇게 건강하고 욥 요런 공작이 연결되면 위로하면서 다리사이의 동작을 완성하실 수 있습니다 4등 질문이 있습니다 아 요렇게 돌아가는 쫌 쉬운데 에 선생님은 도 어두 오는데요 4 사실은 이제 뒤로 가면서 다리 사이에 동작을 하는게 방금 말씀하신 방법 1 그리고 제가 보여드렸던 방법을 하나 이렇게 두가지가 있는데 어 지금 말씀하신 동작이 조금 더 난 위도 상으로는 쉴즈 입니다 근데 굳이 요렇게 펼쳐 주는 거야 사실 여러분들도 보긴 하지만 처벌 중에 하루만에 하냐 이런 니가타 시 되니 훈련 4개 니까 의원 생각하시는데 더 오를 뀌어 르쳐 준 읽어 차근차근 가르쳐 주시면 안 되니까 매 도서는 않은 말씀해주신 방법은 앞으로 가도 앞에 하늘나리 그 다음에 뒤로 가도 앞에 있는 다리를 풀고 로 해서 회사 하는 동작 이구요 이제 5년간 대한 동작은 그 뒤에 있는 다리를 축으로 퇴 전하는 공작이 되겠습니다 그래서 조금 어렵지만 아우어 리그로 조금만 봉사는 몇 번 반복적으로 가르쳐 준다면 그만 하십시오 옥시 져 이거 할때 좀 휩 to 있을까 이 조이 더 쥐 하면 좋겠다 아까 말씀드렸던 앞다리를 흙으로 요 다리사이 동작을 이미 익혀 어떤 강아지 라면은 다리 사회를 통화할 다시 앞으로 돌아오는 게 많이 스판이 되어 있을 겁니다 그래서 리사 도 처음에 연습할 때 이렇게 돌아서 자꾸 이렇게 앞으로 공개되는 경우가 있거든요 그래서 요렇게 되지 않도록 이렇게 받아주는 반대쪽 손으로 동선을 뒤로 가게 끔 여기서 뒤로 가게 끔 요렇게 어 조금 잘 가르쳐 주시면 은 어 금방 이해 하고 또 새로운 동작이 9 나를 이해할 수 있습니다 이거 되게 좋은 픽 같은데 아마 우리 선생님이 가르쳐 주신 대로 해 보시면 은 가능하지 않을까 싶습니다 어 한 번도 보여주시면 안될까요 우리의 아까 처음에 했던 동작하고 연결 도 할 수 있는 착 색 요런식으로 두 가지 동작을 연결할 수 있습니다 여러분도 한번 연습해 보세요 그러면 멋지게 강아지랑 뒤로 갈 수 있는 날이 올 겁니다 오늘 너무 감사했습니다 4 비싸도 너무 고맙고 감사합니다 아 [음악],
50,https://www.youtube.com/watch?v=-Qva3bov7kE,-Qva3bov7kE,Do a dog's 'walking between legs' ｜ Mung school with a dog trainer Kang Hyung wook,강형욱의 보듬TV,[음악] woo 안녕하세요 보는 반려견 훈련 4 강형우 입니다 오늘 주제는 다리사이에서 같이 걷기 입니다 [음악] 아지 옆에도 부 얻는 것도 있는데 다리 사이에 두고 걷는다 g 이게 말이 됩니까 훈련을 도와주실 주신 선생님과 개발 열기 1 리사 소개 하겠습니다 안녕하세요 네 안녕하세요 도전 오는 삽니다 네 오늘도 제 댄스 파트너 에서 함께하겠습니다 오늘 저어 올 개의 우리 쌀을 다리 사이에 두고 이렇게 앞으로도 하고 뒤로돌아 고모 한다고 하는데 하 먼저 먼저 봤으면 좋겠습니다 다래 으 전 간 참 참 즉 아 얘들 등 배우기 힘들 것 같긴 한데 어때요 이거죠 가르치는데 어떤 것들이 는 필요하니까 지난번 스테파 에스테 패했던 동작과 비슷하게 우선은 보호자 님 의 다리 사이 아래의 들어오는 것에 대한 거부감이 조금 없었으며 는 또 자신 있게 할 수 있을 것 같고 또 그 상태에서 하나 추가하자면 이제 r 컨택 이라고 하는 핸들러의 눈을 마주치고 바라보고 있는 시간을 유지하는 그런 동작들이 추가된다면 완성될 것 그러면은 쉽게 우리 초보자 님들도 따라할수 이 쉽게 한번 요 부탁드립니다 고전은 단계를 조금 그분 해보자면 지난번 스텝 바이 스텝 했던 공작과 동일하게 이제 보호자 님 의 다리사이에 아래로 이렇게 들어오는 연습을 하는게 좋겠습니다 마찬가지로 같은 방향을 보고 같이 버릴 거니까 뒤에서 앞쪽으로 이렇게 들어와서 다리 사이에 위치하는 것 부터 조금 가르쳐 주면 좋을 것 같은데 핸들러가 허리를 이렇게 상체를 숙여 해야 하기 때문에 이렇게 곽 잡히지 않을까 해서 다리 사이에 오는 것을 조금 어려워 하는 친구들도 있을 텐데요 그래서 우리 이렇게 보폭을 조금 넓게 벌린 상태에서 어여 집에 보시면 좀 더 쉽게 할 수 있을 것 최종적인 모습은 손을 떼고 허리를 펴는 상태에서도 강아지가 머물러야 한다 라는 걸 이해해야 되기 때문에 여기서 손을 조금 4 따라 다시 간식을 주고 살짝 또 뗐다 간식을 주고 처음에는 더 강아지 입에서 손을 떼는 것을 조금 거리고 짧게 하셨다가 나중에는 점점 점령 빼고 다 중에 완전히 초과할 수 있도록 요렇게 단계를 9분해서 머물러야 한다 라는 것을 좀 가르쳐주면 은 좋을 것 같습니다 너무 집중력 부족 우 도운 것처럼 혹시 이거 할때 강아지들이 혹시나 이렇게 좀 못 아무데나 막 도망갔다 거나 그럴 때는 좋은 걷게 간식을 좀 좋아하는 단식을 중 이렇게 돼야 되겠네요 보통 처음 이제 아까 우리 곽 잡힐까 박 없네 하는 마음이 조금 있기 때문에 어 너 무 간식을 멀찌감치 처음부터 빼버리면 빠져나올 때문에 쪼끔 잠깐 뗐다가 바로 안식을 줘서 머물러 있는 시간을 강아지가 이해할 수 있으며 는 조금씩 늘려 나가실 수 있습니다 조금 어려울 수도 있습니다 우리 출신은 사람이 되게 좋은걸 시작해 주셨어요 여기서 즉 간식을 잘 주고 선 때는 것도 좀 조절을 하며 는 어쩌면 은 성공 이를 높아질 수 있겠네요 뭐 손을 완전히 때도 다양한 제가 머물러 있을 수 있다고 한다면 그냥 바로 걸으면 되겠지만 2 예 손을 완전히 빼지 못했더라도 같이 걷는 연습을 병행할 수 있습니다 아까 말씀드린 것처럼 단식을 쫓던 강아지 입에서 그렇게 멀지 않은 거리 정도만 된 상태로 이렇게 같이 움직여 보고 난 시 거주 근데 움직이기 시작하면 또 마음에 급해서 킥 앞으로 나아갈 수 있으니까 그렇게 강아지가 앞으로 빨리 나아가지 않도록 로 간식을 조금 돼 따다 다시 각각 되어주고 따라 가깝게 주고 그리고 나서 조금씩 조금씩 허리를 펴고 좋을 때는 단계로 구문 해서 하신다면 은 회전 까지도 아실수 있을것 식으로 를 회전 같은 경우는 그냥 불면은 싸라 옵니까 4 요것도 마찬가지로 누워 행해 도움을 조금 받으면서 시작하시면 좋을 것 같습니다 앞으로 걷는 것처럼 루어 링을 활용해서 당하지 9개를 요렇게 퇴 전해 주고 받다 쪽 다리가 따라 움직이 듯이 그렇게 움직여 주고 바깥 쪽 다리가 따라 움직이 듯이 요렇게 움직이셔야 도 되고 처음에는 그냥 이렇게 360도 로 회전하는 연습을 이렇게 가까 해주신 다음에 저처럼 그냥 응용해서 이렇게 해보실 수도 있을까 영원의 개인의 베스트 퍼포먼스 때는 이런 동작을 하기도 했습니다 4 그리고 전인데 이라 가르침에서 낫다고 too 그 순 선생님들을 다 아 멋져요 여러분들도 강아지랑 같이 이런거 되시면 은 인사가 되지 않을까 싶습니다 오늘도 또 와주신 불신은 선생님과 꽤 발리 관리사 했습니다 감사합니다아 [음악],
51,https://www.youtube.com/watch?v=IH4KF7I6xyA,IH4KF7I6xyA,Do a dog's 'Bang' ｜ Mung school with a dog trainer Kang Hyung wook,강형욱의 보듬TV,[음악] woo 안녕하세요 관련 으면서 강해 옵니다 오늘 배울 주제 듯 빵입니다 빠 강아지가 아빠 하면 빡 넘어지는 빵입니다 박 [음악] 빵 교육을 알려주실 공개하는 생과 그의 반려견 공백이 소개해 드립니다 안녕하세요 네 안녕하십니까 모던 발레 공연 4 검색 원 입니다 오늘 같이 교육할 제발 역은 해 보도 코디의 공백 입니다 빠 이러면 강아지가 이게 쓰러져 가지고 줘 그렇게 누는 걸 말하나요 후보 유세 보는데 알겠어 것들이 커드 어 5 아 그저 번째 본건데 전쟁 영화의 굴로 아 내가 보는거 이런 건데 어 뭐야 아 아 아 [음악] 예 항 배우죠 빵이라고 합니다 포르쉐 어떻게 하는겁니까 처음에는 이제 엎드려 자세에서 연습을 하시면 좋습니다 에서 반려견을 마주본 상태에서 엎드려 를 시키고 처음에 이제 강아지가 고개가 옆으로 돌아 가도록 몸의 중심이 한쪽으로 솔리드 도록 하시면 좋습니다 면서 아디 옆으로 간식을 옆으로 빼 주시고 아직 아 옆으로 누우면 그 손을 그래로 밖으로 빼 줍니다 그러면 강아지에게 노인은 자세가 되는데 야 2인 자재를 2초 정도 유지하고 보상을 주시면 좋습니다 처음에는 엎드려 그 다음에 9개 옆으로 돌리기 그 다음에 간 강아지가 중심이 옆으로 누워 지게 되면 손을 바깥으로 빼서 나 약이 3초 정도 유지한 후에 간식을 보상을 주시면 좋습니다 이온 재민 내용 이래도 강아지 알고 당하 지아가 시골 어떤 놀이로 화목을 단계별로 1 만들며 이미 겠어요 처음에는 엎드리어 그 다음에 고개가 돌아가기 그 다음은 옆으로 눕기 그 다음에는 손을 바깥으로 빼서 몸을 쭉 펴줍니다 약 이 초 내지 3초 정도 유지하고 간식 보상을 주고 나중에는 이제 손 모양을 빵으로 만들어서 망 보상을 주고 조금씩 더 반응하게 되면 5장 님은 쪼금씩 멀어져서 이 상태에서 딸 깍 보자 님 쪼금씩 멀어진 상태가 되면 은 내가 멀리 저도 빵을 해도 강아지가 빅 쓰러지는 모습들이 나올 수 있습니다 그들이 빡 빡 아 재배를 맞아야 되는군요 하하 네 알겟습니다 타 알겠습니다 오늘 너무 감사하구요 다음주에도 또 뵙겠습니다 감사합니다 [음악],
52,https://www.youtube.com/watch?v=zO4f_86dB30,zO4f_86dB30,Do a dog's 'Catching treats' ｜ Mung school with a dog trainer Kang Hyung wook,강형욱의 보듬TV,[음악] woo 안녕하세요 관련회사 강미형 입니다 오늘 머스크 주제는 받아먹기 입니다 [음악] 오늘 도와주실 공개한 훈련사 님과 왜 반려견 공백이 소개해 드립니다 안녕하세요 네 안녕하십니까 보던 관련 오는 40g 원 입니다 오늘 같이 교육을 도와줄 보도 퀄리 공백이 입니다 어서 로 좀 보내주세요 어떤 모습입니까 이제 어 이거 아 아 이종열 되세요 r25 채의 신뢰 이후 솔직히 공백이 는 몸이 보니까 너무 가벼워 쭉 탄탄하고 약간 소질이 필요한 였어요 이제 시각적으로 간식을 따라가는 게 스케 해야 되기 때문에 시각적으로 많이 보이는 강아지들은 사실은 잘 가르치지 않아도 금방 이치일 수 있습니다 근데 이제 조금은 이게 연습이 필요한 친구들은 어 조금 연습을 하다 보면은 배도 엄마 익힐 수 있습니다 소질도 소질이 지만 연습을 통해 극복할 수 있다 어 그래요 혈 씨는 길어 리더라고 이렇게 땅에 던지면 떨어지면 그때 이렇게 먹어야 하겠습니다 어떻게 해야 할 수 있는 장을 보겠습니다 알려주세요 어떻게 시작하면 좋을까요 4 에이스 처음에는 강아지 앉아있는 자세에서 이 간식 이라는 것을 눈으로 쫓아가는 연습을 먼저 해야 합니다 그래서 간식을 조금 한 거를 사용 하시기 보단 촉감은 크기가 있는 하루나 간식을 사용하시면서 도움이 됩니다 그래서 처음에는 강아지와 마주본 상태에서 간식을 너무 위로 두지 마시고 이렇게 2종도 있는 상태에서 툭 떨어뜨립니다 트로트 여서 그냥 강아지가 시선이 바다까지 떨어지지 않고 그리고 위해서 먹는 연습을 합니다 아 넘어 높이에서 떨어뜨리면 강아지가 시간 3초 차라는 게 힘들기 때문에 조금 낮은 건도 맞은 위치에서부터 어 밑으로 하고 바닥에 떨어지지 않게 손으로 받아줘서 시선이 바닥으로 떨어지지 않고 이쯤에서 간식을 먹는 연습을 충분히 하시면 도움이 많이 됩니다 그 다음에 중요한 것은 보호제 님이 간식을 던져질 때 강아지의 뭐 짐 멋 일종으로 던져주는 연습을 많이 하셔야 됩니다 처음에 이 던져 줄 때 강아지의 게임 어딜 쪽으로 살짝 던져주고 아니면은 손을 이렇게 되면서 살짝 쥐어 줘도 좋습니다 입 쪼 입 주위로 던져 제가 강아지가 입만 벌려 도 간식을 받아 보는 연습이 되기 때문에 이 멎을 주 의 롭 안식을 주는 연습을 하시면 도움이 많이 되십니다 옆쪽으로 이렇게 어렵게 던져주면 강아지가 쉽게 잘 추천하지 못하고 포기할 수 있기 때문에 처음에는 강아 제드 던지지 말고 어떤 상자 같은 곳에 이렇게 던져 넣는 연습을 하시면 좀더 도움이 많이 되실것 같습니다 요 던질 연습도 해야 되겠네요 언제 너 스 트 충분히 하시면 도움이 많이 됐어요 아까도 보니까 선생님이 손을 대고 하시더라구요 그래서 바닥에 떨어지는 것을 안 먹게 하려고 하는 것 같아요 이건 좋은 아이디어네요 어 이거 을 가지고 온 사람들 연습을 해야 되고 강아지도 조금 덜 한 발 여기 있어야 될것 같은데 보통 좀 개념이 있는가 가진 것 같다 싶은 친구들은 1 얼마나 걸릴까요 조금 이제 이 단식을 떨어뜨리고 간식을 받아 먹는게 더 익숙하고 브런 친구들은 사실 가르치지 않아도 그냥 던지면 먹는 아이들도 있길 합니다 그리고 아예 저 c2 마트 해드립니다 치치 맡은 발리 회원들이 나 이런 좀 시각이 이제 조차 하기 힘들어 하는 관련 들을 사실 자료를 가지고 하루에 한두 번씩 연습을 하시면 보통 평균 단 2주 정도 걸리는 것 같아요 실례지만 저 우리 한 생 님 10주 강아지도 있지 않습니까 그 친구도 이거 할 자네 그 친구도 지금 제가 이브 이거 준비를 하면서 다르 쳐봤는데 한 2주 나이가 좀 있어서 1 3 4 3주 정도 벌린 것 우리조 공개하는 선임 키우는 반려견 중에 10주 가 있거든요 그 1번 10주 예요 50주 걍 외쳐 가지고 라이드 많다고 하는데 1주 정도 걸렸다고 합니다 한번 보자 님 또 강아지 나이 이런거 상관없이 가르쳐 보세요 이게 도구 트릭은 사실 누구한테 보여준다 라기보다 나와 걔가 이런것도 해봤다 이런 일도 같이 했네 나누기도 중요한 것 같습니다 오늘 잘 보셨는지 모르겠습니다 감사합니다 네 감사합니다 감사합니다 [음악] 싹 사랑 3 co 으,
53,https://www.youtube.com/watch?v=CklMh2znaqE,CklMh2znaqE,What if my dog doesn't get along with another dog?|2019 Dangdangi Festival,강형욱의 보듬TV,다른 강아지와 친해지는 걸 어려워 헤어 제가 줘 이런 얘기를 좋아합니다 왜 자기는 다른 사람하고 친하게 지내지 않으면서 왜 내가 가지는 채 쓰면 좋게 싸는 거야 낫다는 옆집 사람하고 인사 한번도 안 했으면서 4개가 염치 사람한테 지지면 안돼 이게 사실 좀 이상한 말이기도 하고 약간 억지스럽지 도 한데요 자 보세요 오늘 여러분들 강아지 보며 웃자 강아지를 좋아하는 사람들의 표정은 정말 밝아요 근데 그런 분들 만나면 은 기분이 좋지 않습니까 내 강아지가 나의 현재 이 마을에서 어떻게 살고 있는지 어느 정도로 친화 를 겪고 있는지를 강아지가 안단 말이에요 분명 다른 강아지를 만날 때 여러가지 기교도 있고 기술되어 있는데 첫 번째는 어깨 피고 오는 거예요 아까 안녕하세요 안녕하세요 해볼까요 안녕하세요 옆에 있는 문화가 머니 사회 봅시다 안녕하세요 아 그러면 정말 강아지들이 만 편안해요 확실히 내 강아지가 아저 사람하고 경계에 상태가 아니고 나를 알 수 있어요 또 하나 제가 몇일전에 강아지 무진장 무서워하고 개 얘기만 나오면 눈물을 흘리는 분을 만났어요 자기가 어렸을 때 이렇게 쳐다보다가 눈 을 불러 때 눈을 어떤 을 눌러 가지고 지금도 자기 이제 화장 이렇게 지으면 형태가 좀 있대요 그리고 나서 영국으로 져 같대요 영국에서 오랫동안 살다가 한국에 왔는데 자기가 영국에 있으면서 경험하지 못했던 거 없었던 강아지 공포증을 한국에서 듣기 어때요 왜 그러냐 라고 했더니 자기도 모르게 때 모르게 때 제가 뭐 그래서 보여줬어요 강아지를 옆에 딱 줄 잡고 이렇게 걸을 때 하고 줄을 길게 잡고 그분이 그러더라구요 두번째 옷을 오니까 내가 더욱 어때요 전환하는 혹시 줄을 놓치면 나한테 달려올 것 같아요 근데 이게 여러분도 오늘도 여기 있으면서 경험한 거 있잖아요 내 강아지 가만히 있는데 갑자기 어떤거 가지가 갑자기 코를 확 내 강아지 똥 치 파는거 근데 이 경험이 쌓이고 싸이 싸이 줘 싸이 싸이 쌓이면 어떻게 되면 어떤 강아지들은 1 이런 것도 생기고요 어떤 강아지 이렇게 주저 앉아요 그냥 주저앉아 버려요 그래서 저 에 들어가면 다른 강아지들이 이를 거거든요 헤이 놓았어 어 웨 어 왔어 어디 와서 마포에서 써 어디서 써 억 광양에서 냐 엇 있어서 이러니까 강아지들 무서운 거예요 그냥 가만히 놔둬야 되는데 사람이 가만있자 또는 것 뿐만이 아니라 걔들도 그걸 가만히 놔둬야 되는데 그걸 못 하니까 그래서 강아지 의 사회성을 높이는 것은 요 정상적인 대화를 할 수 있는 사회를 먼저 만들어야 되요 여러분들 강아지 너무 사랑하고 이쁘죠 그러면 내가 다른 가지를 만드는 뿐만이 아니라 내 개가 다름 강아지한테 가지 않게 하는 것 부터가 먼저 요 음 [음악] to be 5 [음악],
54,https://www.youtube.com/watch?v=98ECfEteENA,98ECfEteENA,Why does my dog keep peeing on the edge of pee pad?｜2019 Dangdangi Zara Festival!,강형욱의 보듬TV,저희 토리는 쉬를 싸는데 패드 안에 못사고 자꾸 패드 끝에 걸쳐서 배변을 해요 이 아 요즘 진짜 많이 받는다 아니 꼭 패드 그 걸쳐 써가지고 밑에도 닦아야 되게 되잖아요 그저 경험한 초 네 앞에도 2개를 딱 났는데 그 사이에 다 써 진짜 쥐가 마 q 기교 뭐야 사실 개 들여 아마 이 강아지는 분명히 자 하나 여쭤볼게요 그러면 이런 강아지들의 대변은 어떻게 봐요 이게 이런 강아지들을 특징이 있어요 배변 성공률이 약간 왔다 갔다 왔다 같아요 어쩔때는 성공 하고요 어쩔 때는 약간 숨겨 써요 잘 안쓰는 바 뭐 오빵 문 살짝 열려 있음을 거기다 싼다 거나 아니면 아예 대놓고 공개적으로 싸요 사실을 배변의 위치를 정확히 알아요 배변의 위치를 모르는 건 아니야 그래서 이런 강아지들 특징은 새우 한 살 이전에는 성공 1 굉장히 높아 그런데 친구도 만났고 한번 줘 좋아하는 강아지도 생겼고 좋아하는 골목도 있고 한마디를 감정이 풍부해 지면서 점점 이런 생각이 드는 거지 야 내가 대로 살면서 내가 집에서 오줌을 어떻겠어 대들이 위 식이 높아진다는 게 좀 웃김 알기는 하는데 개 러 쏘 에 본능을 존중받고 많이 이쁨 받고 생태를 존중 받으면 이 친구들은 자연스럽게 심 내에서 오줌을 안 싸고 싶어요 그런데 굳이 보자 가져 패드 위해서 싸는 걸 좋아하니까 대충 가가지고 올라 가는 척하다가 싸는 거예요 근데 이거 성공률을 높이려고 하면 할수록 보호자 있을 때 안 싸 이런 친구들을 그래서 이 친구들은 사실 어떤 표현을 하고 있냐 나 밖에서 싸고 싶어 이거를 그렇게 표현하는 거예요 [음악],
55,https://www.youtube.com/watch?v=Z7Mq5hyzQ-c,Z7Mq5hyzQ-c,Do a dog's 'Backwards' ｜ Mung school with a dog trainer Kang Hyung wook,강형욱의 보듬TV,[음악] woo 안녕하세요 달리면 사상 처음이다 오늘 을 주제는 x 빕니다 빼 스탭비 exte 피에스텍 [음악] 오늘 좋아 주실 달력을 훈련사 통제하는 샌님 과부의 반려견 송백 입니다 안녕하세요 네 안녕하십니까 모든 관련 형사 0 제원 입니다 오늘 교육을 같이 도와줘야 저의 관련하는 보소 쿼리의 공백이 있다 그대로 우주 빽 스탭이 어떤 겁니까 아무 볼 주제 5 이렇게 이렇게 이렇게 이렇고 이렇게 이렇게 이렇게 이렇게 얼굴부터 어떻게 시작하면 좋겠습니까 일단은 손에 감식을 지신 상태에서 강아지가 앞에 맞을 거 고요 그 다음에 손을 강아지 총으로 보냅니다 bd 상태에서 아주 살짝 몸을 뒤로 보냈을 때 강아지가 살짝 뒷걸음을 판결은 맞춰도 처음에는 같이 보상을 열어 주셔야 됩니다 그래서 처음에 간식을 줬을 때 살짝만 보내도 기록 그래서 살짝 살짝 미션도 됩니다 내가 뒤로 갔을 때 간식 보상의 열린다 라는 생각을 해 주고 그다음에 강아지가 뒤로 갔을 때 앞으로 와서 다시 보상을 받아야 또 뒤로 갈 수 있는 기회가 생기기에 결정 앞으로 의 계에서 보상을 받는 연습을 하시면 조금 더 도움이 됩니다 그래서 혹시나 이거 를 기록할 때 직전으로 뒤로 가지 않고 몸이 자꾸 흐트러지는 발레 그들은 양쪽에 가벼운 벽 같은 것을 세워서 연습을 하셔도 좋습니다 왼발을 걔들은 살짝 또 않은 6인 로 기능이 있잖아요 만약에 강아지가 뒤로 잘 물러나지 않을 때는 요 상태에서 강아지 앞쪽으로 몸을 살짝 앞으로 이렇게 내비치며 강아지가 뒷걸음을 살짝 칠 때가 있습니다 뒷발이 조금이라도 움직이고 한 발이라도 뒤도 보내면 그 때 보상을 하는 연습을 많이 하셔야 된다 2기로 걷는 자세 자체가 관련 들이 익숙하지 않다 보니까 처음에는 한걸음 한걸음 연습하는 걸 많이 하셔야 됩니다 그런 지름 신문을 어떤 거예요 지금 시온은 - 라고 하면 자꾸 앞으로 와서 어 디 로 오라 봐 아 이름도 일이니까 어플리 저하 5일 뭐 하고 너 아 알겠어 혹시 좀 주의해야 될 거 가 있을까요 주의회 달 쯤은 처음에는 이게 강아지 길이 뒤로 걷는거 아까도 말씀드렸지만 뒤로 걷는 것 자체가 익숙하지 않습니다 그래서 처음에는 뒷걸음을 이러한 조치는 동작부터 천천히 한걸음 한걸음 한걸음씩 에 맞춰 가시면 조금 더 도움이 되시도록 당 아직은 주춤하는 행동 이거든요 그래서 처음에는 내가 뒤로 가는 회의 자체가 두려울 크 행해야 하는데 그렇지 않은 상황에서 뒤로 가야 하니까 좀 난감해 하고 어떻게 할 수 있습니다 시간이 좀 궁금한데요 1 성규는 와 가지들이 두발짝 세 발짝 등록까지 관련한 얼마나 걸릴까요 뭐 처음 이 동작을 배우는 반려견의 경우 보호자 님도 이런 교육이나 굉장히 익숙하지 않으실 수 있기 때문에 넉넉히 시간을 좀 잡으시면 도움이 많이 되실거 같아 일드 정도는 넉넉히 시간을 넉넉히 잡으시고 충분히 연습을 하루에 한번씩이라도 호준 해주시면 은 반려견이 금방 잘 따라할 수 있어 어 일주일에 서 2주일 정도 만 연습을 하면 된다고 하니까 통 가능할 수 있을 것 같아요 알겠습니다 오늘 감사했구요 봤습니다 백일홍 어어 사람이 되야 으 으 [음악],
56,https://www.youtube.com/watch?v=c_TrRS4uenw,c_TrRS4uenw,Tips for reducing dog motion sickness |2019 Dangdangi Festival,강형욱의 보듬TV,오늘 좀 어떠세요 괜찮으세요 아이고 감사합니다 여러분 강아지 여기 까지 올 때에 어떻게 오셨어요 자동 새로 오셨어요 멀미 같은거 안 해요 먼저 물체 끈 매기 고요 강아지 안고 타지 않으면 멀미 좀 덜 하거든요 그리고 바닥에 내려놓으면서 사실 더 좋기는 해요 켄 4 가지고 다닌다 자동차의 어어 멋쟁이 될 2분들은 좀 배운 분들 우리 자뎅 이월드 다 한번씩 갔다 오셨어요 혹시 뎅 이월드 가가지고 당하 질 길이 잘 놀아요 원래 우리 동네에서 이런게 아닌데 왜 여기서 여아 왜 안 찌찌 이런 분 있으세요 우리에게 가지 오늘 다르다 1개 왜냐하면 사람들이 반려견 해수 반려 결의 수 대비 사람의 수가 훨씬 더 많으면 발령 흔들이 마까 울지는 못해요 막 직구 달려들고 하지 못해 그리고 또 하나 여기는 분들은 막 강아지가 처음에 지 저도 그 보호자 님이 막 도망가거나 어 왜그래 라고 하지 않고 1 아니 있잖아요 그렇다 보니까 이 친구들이 이것에서 있는 것을 무서워하지 않게 되요 그리고 또 하나 여러분들 내 강아지 이렇게 여기 올 때 아 강아지를 좋아하는 사람들을 만난다 라는 생각으로 오셨죠 그렇다 벌이가 쪼끔 마음의 저편 하지 않았어요 동네에서도 그렇게 아니면 사실을 훨씬 더 편안하게 지금 여기에서 있는 것처럼 할 수 있거든요 제가 보호자 님들 한테 가끔 c 보자니 밖에서 강아지 제어 보세요 라고 그래요 그 말이 산책 무진장 오래 하세요 라는 뜻인데 사실 밖에서 지금처럼 이렇게 돗자리를 깔고 듯 아니면 어디 벤치에 앉은 강아지를 내 옆에서 앉거나 엎드리거나 강아지 쉬게 할 수 있는 거기까지도 달을 하면 그러면 그 강아지가 훨씬 더 밖에 나갔을 때 지금처럼 얌전하게 않는 속도가 훨씬 더 빨라져요 그 산책을 할때 제가 알려드리고 싶은 게 그냥 쫙 음악 달리지 말고 지금처럼 어딘가를 갠 설렁설렁 왔다 땀 안 해도 좋은 산책 될 수 있어요 5 we too 으,
57,https://www.youtube.com/watch?v=PH2jK2wAf7A,PH2jK2wAf7A,Do a dog's 'Roll Over' ｜ Mung school with a dog trainer Kang Hyung wook,강형욱의 보듬TV,[음악] woo 안녕하세요 활력을 면서 강의해 옵니다 오늘 배울 주질 굴러 입니다 쿨럭 [음악] 뇌조 멍 스쿨도 많이 이렇게 차가 쌓여 있지 않습니까 근데 한번도 불러 를 안 했다니 많은 분들이 강아지 앉아 엎드려 가르치며 는 보통 엎드려 있는 강아지를 보고 괜히 이렇게 굴러 보고 싶은 마음이 좀 드는데 그렇게 불리면 안 된다고 합니다 오늘 블러를 가르쳐 주실 공제한 선생님과 그의 반려견 공부해 가 나왔습니다 안녕하세요 네 안녕하십니까 모든 관련회사 공제 원입니다 오늘같이 교육할 제 관련 그는 도덕 원리 의 공백 입니다 배우기 전에 그러면은 플라나 게 돌아가는 것을 볼 수 있습니까 아들이 그 하셨더라 것이 배치 들이 빠른 내 각 알겠습니다 어떻게 배우 및 사회 사귄 2 뭐 단계가 있다고 합니다 한번 들어보죠 어초 메는 이제 강아지야 마주 보는 자세에서 처음에 가지를 엎드려 를 시키시면 좋습니다 그리고 이 자세에서 처음에는 강아지에게 간식을 보여줄 때 옆에 를 자세를 보여줘야 되서 옆으로 누운 자세를 먼저 연습을 하시면 좋습니다 이렇게 손이 가도 옆으로 자세나 나오게 되면 그대로 손을 뒤로 한바퀴 도시입니다 아 얘도 자연스럽게 돌게 되면 그 때 보상을 해줍니다 다시 엎드려 손이 그대로 뒤로 돌게 되면 하게 됩니다 명령어는 e 동작이 충분히 익숙해 지고 나서 굴러 라고 하는 명령을 해주시면 좋습니다 이게 처음에 이 손을 여기로 가서 강아지가 고개가 옆으로 돌아가는 연습을 많이 할 수 있는 대부분 강아지가 고개가 이렇게 돌아가면 몸을 뒤로 빼거나 몸을 일으켜 버리는 경우가 많은데 뵈러 먹을 수 있는 간식을 사용하셔서 강아지가 조금씩 먹으면서 고개가 조금 조금씩 옆으로 이동해서 그냥 옆으로 살짝 무게중심이 이동한다는 느낌이 되셔야 됩니다 그래서 요즘도 까지 강아지가 몸이 넘어간 정도가 되면 은 그 다음 이렇게 굴러 는 자연스럽게 강아지가 배울 수 있습니다 밥을 씨가 새우 나는 모습이 1 우리 한번 자연스럽게 해보자구요 보통 일반적인 강아지가 얼마나 걸릴까요 어 강아지들 마다 다른데 금방 잘 배운 핵심 들이 있고 조금은 시간이 걸리는 친구가 있지만 절대 일주일 이상은 가지 나는 절대 요 을 출자 안 되는 사람들이 많을 것 같은데 이 쿨러 같은 경우에는 강아지가 한바퀴 돌아야 되는데 허리가 조금 약한 층 문은 안되더라구요 그래 좀 허리가 좀 건강한 친구들이 좀 잘할 것 같긴 합니다 그러면 혹시 좀더 좀 칩을 주실 많은 것일까요 손으로 살짝 이렇게 굴려 주시는 분도 계시는데 이게 강아지가 굉장히 조금 터치해 조금 불편한 아이들이 있기도 합니다 혹시나 만져지거나 이런게 편애하는 친구들은 살짝 내가 손으로 볼 수 있게 도와 주셔도 괜찮습니다 그런데 혹시나 너무 조금 민감해 하는 관련 들은 너무 급하게 하지 마시고 천천히 자세를 1 만드시면서 블러를 연습해 보시면 도움이 많이 되실 거에요 딱딱한 사람들은 잡부 돌려 그러잖아요 그런 강아지가 나중에 또 안 하려고 할 수 있기 때문에 천천히 하시는게 도움이 많이 될것 첫번째로 엎드리고 두번째를 고개 돌리고 세 번째로 옆으로 눕고 4번째로 돌아 하면 뿐 나네요 아 4단계로 알겠습니다 여러분들도 절대 일주일이 면 된다고 하니깐요 펀펀 태 보세요 을 줄이면 됩니다 일주일이면 으 으 으 [음악],
58,https://www.youtube.com/watch?v=S6L6ejsGpo4,S6L6ejsGpo4,Do a dog 'spinning'｜Mung School with Kang Hyung-wook,강형욱의 보듬TV,[음악] woo 안녕하세요 보드 물론 사당이 해 옵니다 오늘 배울 교육은 스페인의 입니다 pd 와 도록 스펠링 [음악] 이번 율 도와주신 년 민 훈련사 님과 관련 기술이 후 해드릴게요 아냐 해요 안녕하세요 보드 및 응답 뉴 정리 라고 합니다 오늘 촬영을 도와줄 샤트렌 듯이 또 미스리 라고 합니다 턴을 오늘 외국의 스피닝 이라고 하는데 그 제가 알고있는 돋우어 맞나요 앞으로 오고 난 다음에 옆에 라고 하면 나를 감싸듯이 한바퀴 돌아서 옆으로 오는 거 봤습니까 네 맞습니다 아머 보이세요 4 [음악] 일워 했는데 앞에 따고 옆에 라고 했는데 한 바퀴 돌아서 따지면 못쓰겠다 그거 어떻게 알 수 있는 거야 우선은 가지가 옆으로 돌기 전에 정면에서 않는 동작을 알고 있어야 됩니다 내 앞에서 않는거 어디게 않는거 뛰어난 거에요 아 제가 일단 업소 내에 있는 간식을 따라 오게 한 다음에 내 다리 사이 까지 오게 한 합니다 그런 다음에 천천히 손을 올려 주세요 그러면 최대한 이렇게 앞에서 가까이 안 될 수 있어요 이 상태에서 관심을 양손 해줍니다 발색을 따라오게 해주고 네 빛이 오며 는 손을 바꿔서 왼손에 있는 간식으로 강아지를 이렇게 끌고 옵니다 그리고 어느 정도 익숙해 주면은 손을 할 거 나 앞니로 깨물면서 방식을 먹으면서 오는게 아니라 꿈을 분리해서 요런식으로 이제 루어 링 이라는 걸 분리해 줍니다 조 친구는 원 처음에는 단식 따라움직이는 거네요 4 관심을 따라 오는 겁니다 근데 보호자를 한바퀴 돌았다 라는 느낌보다는 음식 따라가 더 갔더니 이렇게 됐네 요런 느낌 이네요 손에 있는 간식을 따라오면서 가볍게 돌아도 해주고 내지로 도모 근데 앞으로 놀고 이런 공작을 몸풀기 처럼 해주시면 은 지금이 하는 동작을 따라 오는데 많이 찌 어 주의해야 할게 있을까요 중간에 강아지가 너무 이쪽 손만 따라오지 않게 이끼 또는 숨기면서 이쪽 존을 보여주려는 따로 어려워 없이 잘 가르칠 수 있을 것 같습니다 그리고 마지막으로 그냥 뭐 소위 찝 정도로 강아지를 움직이게 합니다 보통 이제 옆에 오는 동작이라고 해서 옆엔 라는 직여 를 사용합니다 그래서 옆에 얜 알겠습니다 2122 뭐라구요 스피닝 입니다 핀이 더 봐야겠어 볼살 뵈었습니다 감사합니다 [음악],
59,https://www.youtube.com/watch?v=6MaAtTWWVpg,6MaAtTWWVpg,Put 'dog's hand on your feet' ｜ Mung school with a dog trainer Kang Hyung wook,강형욱의 보듬TV,[음악] woo 안녕하세요 보유 훈련사 강해 보입니다 오늘 배울 교육을 팔에 소스 입니다 아래 솥 [음악] 오늘 교육을 도와주실 유저 믿는 해님과 개발력 이슬이 소개해 드릴게요 안녕하세요 안녕하십니까 보는 민요 사유 정리입니다 오늘 촬영을 도와줄 제가 가지 셔틀랜드 싶은 있으리라고 합니다 오늘 뵙게 바른손 1 하면서요 네 오늘은 손을 바래 주는 공작 입니다 좀 들 것 같은데 초 5 손 5529 야상 나타난 r 있을래 또 4 이것 어려보이는데 처음 보호자 님이 시작하면 1 얼마 나올까요 촌부 다님 시작하게 되면 은 3일에서 5일정도 벌릴 수 있을 거라 믿는 너구리 4 어떤 것도 시작하면 좋을까요 우선은 이 동작은 강아지 가 손 이라는 공작을 알고 있으면 말이 수월합니다 우리조 솜 배운 물리 종류 줬잖아 요 손을 활용해서 많은 굉장히 받으실수있습니다 우선은 몸 풀기로 변하지 한테 손 동작을 같이 할 겁니다 손 4 그리고 자세를 낮춰서 손을 할 건데 이 손을 파일 등 위쪽으로 할 겁니다 그런 이해해 그러다가 자연스럽게 피부톤을 피할 겁니다 그러다가 팔을 우연히 건드리면 은 그때 칭찬하고 보상합니다 근데 혼이라고 하지 말고 발이라고 가르쳐야 터치 하는 건 강아지가 인지하며 는 그때부터는 손 말고 다른 지시어를 사용해도 됩니다 8 얘 해외 esta es 카제가 지금처럼 계속 60 해주면 다시 허리를 펴서 서있는 상태로 진행을 하면 됩니다 8 아 음 해요 이 역시 5 예 너무 이쁘네요 이렇게 이렇게 할 때마다 다리 옮기는게 2호 학 함수 주의해야할 쯤 있을까요 뒤에 매일 점 은 한번에 많은 진도를 나가는 게 아니라 제가 아까 보여드렸던 것 처럼 처음에는 낮은 장 상태에서 시작하고 천천히 자세를 올리면서 어 한계단 한계단 올라가게 하는 식으로 가르치는게 중요합니다 이수만 등을 할 수 있는 거니까 아마 여러분도 의 이용해서 한번 가르쳐 보세요 너무 탈 배웠습니다 감사합니다 됩니다 오 아 오 오 오 오,
60,https://www.youtube.com/watch?v=cFqe31cY6tY,cFqe31cY6tY,Try a dog's 'ringing bell game' ｜Mung School with a dog trainer Kang Hyung-wook.,강형욱의 보듬TV,[음악] woo 안녕하세요 모두 물려서 항의해 옵니다 이번에 매일 교육은 통칙 입니다 [음악] 오늘 배울 수업은 충치 입니다 아이구 모종 치는게 뭐 중요하냐 솔직히 설치하게 말씀드리면 전을 이거 a 철없고 쪽 버프 했어요 줘 응 많이 쓰는 계속 혈 걔가 왜 약간 좀 먹어줘야 라는 느낌이 들어서 곁엔 오늘 배울 건 종 치기 입니다 을 도와주실 훈련 1인과 그의 알려야 소개드릴게요 안녕하세요 안녕하십니까 모듬 일하다 유정민 이고 중식 일을 도와줄 제 강아지 셔틀랜드 시도 이슬이 라고 하고 정책이 가 어떤 겁니까 총리와 먹물이 주세요 호드 게임 할때 쓰는 쪽으로 사용을 하게 또 식당에 있던데 내 식당에도 있습니다 저희집을 그 강아지 들이쉴 내에서 소변을 보는 친구가 3시가 좀 잘 못 참아요 그래서 최씨가 실내 회 대해 더 싸구요 다른 친구들은 밖에다 하거든요 그때 저렇게 종을 하나 두고 강아지가 치면 이러한 여러 줘야죠 환하게 나가 소변을 볼 수 있게 그룹 그런 용도로 저는 썼었는데 하고 하드 나간다 그래가지고 이제 취업을 했습니다 라스 가르쳐 보려 어 어색해 가르치는 겁니까 철학 알고 있는 숨 동작을 응용 하는건데 아 이어져 손 내 코 나의 먼저 손을 좀 알고 있으면 좋겠네요 4 그래서 손을 활용한 동작이 고 먼저 강아지 가 손 을 할 줄 아는 상태로 만들고 회의 위에 좋을 높습니다 그리고 바지가 똑같이 손 이라고 얘기하고 좋을 손으로 치며 는 이때 관심을 줍니다 2개 자 초기에는 꼭 땡 하고 앉혀 되잖아요 4 처음에는 소리가 나는 게 중요한 게 아니라 발끝으로 조금만 건드려도 보상하는 계주 너 어떤 개들은 고치는데 건 안 크고 가르쳐 노는것도 숨으로 가르쳐 주는 거에요 어쩜 진행하는 거죠 보여주세요 손 걔 해외 손 좀 예해 그러면은 이제 손이라고 가르쳤는데 좋음을 어떻게 가르쳐야 하나요 이제 강아지가 중심이 와의 어느 정도 익숙해지면 은 2종을 바닥에 내려놓습니다 공을 한 번에 내려오는 게 아니라 점점 낮게 당해서 내래 이게 해외 그러나 어느 정도 일찍 해주면 은 이제 총을 내려 놓습니다 손 [음악] 옛 약간 지금 잡고 있어야 되요 뭐 처음에는 잘 속내의 가까이 먹는 것처럼 야 지금 제가 딱히 의도하신 알았는데 강아지가 스스로 해 냈기 때문에 크게 심천 해주는 게 좋습니다 처음에는 손해의 가까이 있는 것처럼 보여서 강아지가 쉽게 접근할 수 있게끔 하고 어느정도 여기서 이제 익숙해 지면 가기가 스스로 할 수 있게끔 기다려 주시는 게 좋습니다 [음악] 아 예 이게 조금씩 조금씩 이제 가까이 가고 살짝 치고 뭐 그러다가 나중에는 땐 하는 소리가 났을 때 보상하고 그렇게 하는 거죠 한번 교육 한번 정말 소리 날때까지 한번 2 아 예 지금도 소리는 나지 않지만 치기만 해도 주는걸로 아 예 어 얘도 출근이 저거를 치는 것 터치하는 것에 확실한 훈련이 되면 이제 그 다음에 갱 소리나게 하는 것 까지 기다리는 거죠 초기부터 무조건 때인 소리나게 하게 안하고 더 쾌 한번 가르쳐 보세요 대체 있을 것 같아요 땡 하면 뭐 산책 가자 가 될 수도 있고 그죠 아떼 가면 간 시킬 수도 있고 요 수심 하셔야 되요 이거 하루종일 땡땡땡 거립니다 알겠습니다 오늘도 수고해 주신 이종민 선생님과 개발력 위한 이슬이 감사합니다 다음에 또 뵐께요 [음악],
61,https://www.youtube.com/watch?v=C28NJ-A1Swk,C28NJ-A1Swk,"[Eng sub/日本語字幕] Do it, a dog 'Vaulting' | Mung School with Kang Hyung-wook",강형욱의 보듬TV,[음악] woo 안녕하세요 모두 훌라 사당 경우입니다 오늘 배우실 주제는 부품입니다 [음악] 이번에 정말 대단한거 가르쳐 주신다고 합니다 오늘 역시나 조시는 선생님과 해발 적 인 리 스타가 보여준다고 하는데 탐 어떤건지 한번 제 여쭤보겠습니다 오늘 보여주실 게 어떤 겁니다 반려견 들의 사람의 신체 일부를 듣고 그 앞에서 점프하는 동작인 볼 팅 솔직히 동작을 한번 보여 드리도록 하겠습니다 5 여러 살짝 옆으로 얻게 될 수도 있구요 그 다음에 할 까닭도 포옹 야 있다 발빠른 해체할 것 같아요 파워 튀어 내지 설명 김해 이거는 근데 이거 조금 재능이 있어야 겠죠 우선은 이제 조금 높이 올라오는 것에 대한 거부감이 조금 없는 반려견 4 당연히 울고 다리가 넘 첸첸 1 친구 2 연습하는 좋을 것 같구요 국민적인 친구들 올려 이런 연습을 통해서 성격이 조금 더 조금 더 활발해 진다고 하는 보호자 년과 의 비밀 함이 조금 더 향상되는 효과가 있을것 그럴 것 같아요 왜냐면 이거 보니까 어떤 만료된 들은 보 호 자 9 의 거리를 씨에게 중요하게 생각하는 신부들이 있어요 어떤 목동 제게 조급하지 면 뒤로 물러난 친구들이 있는데 연습이라도 하면 서로의 관계 나 거리가 훨씬 더 가까워지지 않을까 싶은데 알릴 어떻게 하면 좋습니까 힘을 기댈 수 있는 병이 있으면 좋을 것 같구요 이렇게 등을 기댄 상태에서 왼쪽에서 제 오른편으로 올라오면서 자연스럽게 제 허벅지 부분을 밝게 끙 노릇 연습을 먼저 시켰습니다 미국 가진 할 수 있다죠 여러분 내려다 봐야 됩니다 맨날 바람이 가려 하실수가 때 그 다음은 뭐죠 탭 바이 스탭 연습 하셨을 때 처럼 이렇게 너무 많은 요 볼때는 살짝 다시 일어 일어 줘서 매 다리가 정확히 다리 올라올 수 있게요 와 반복 을 먼저 하셔야 되구요 그게 적응이 잘 되면 이제 조금씩 1달이 높이를 조금 높여 보는겁니다 이렇게 넘어가면서 밟아도 괜찮습니다 그리고 쪼끔 더 높여 보고 그 다음에 이렇게 이제는 높이가 어느 정도 높아 줬으니까 굉장히 벌어서 올라오는게 아니라 살짝 도약의 필요합니다 그러 대담한 친구들이라면 은 아마 쉽게 조작 할 거고 그렇지 못한 식이라면 조금 낮은 즈음부터 반복적으로 써보시는 게 썼습니다 이렇게 그 다음이 나무에서 이렇게 천 투에서 올라 오겠죠 맞는 동작을 먼저 받으셨습니다 올라온 상태에서 국 빠로레 한식을 해야 앞으로 툭 던져서 올라와서 약간 통증이 있어도 좋습니다 올라와서 약간 텀을 주고 개씩을 지금 힛 나중에 완성된 모습은 서있는 상태에서도 튕겨져 올라 가야 되기 때문에 이 올라설 수 있는 2기 공간에 각도를 조금씩 조금씩 낮춰줍니다 써 있을 머물러 있을 공간을 점점 좀 줄여 주는 겁니다 대신에 여기 점프 는 해야 된다는 건 이미 알고 있기 때문에 자연스럽게 도약할 수 있습니다 제가 하게 되면 발바닥 오라고 하십니다 아머 호 1세의 발바닥 라는거 그동안 이렇게 zz 배쪽은 다 성을 밟는 게 익숙해졌고 0 선생님이 알고 있기 때문에 뛰어 아내는 동선을 추가로 받으실 필요는 없지만 펌프에서 도약해야 하는 위치가 요기 야 이게 거기로 바뀌었어 라는 것을 봤는데 조금 가르쳐 주시면 좋을 것 같아요 요렇게 다 아주 들이 좀 충분히 들 수 있는 광고한 뭐 작은 나무 판자 같은거 성판 같은것도 좋구요 그럼 판이 있으면 좋습니다 요렇게 발 바닥의 다가 되구요 4 강아지가 이 넓은 공간에 파 입고 뛰어 오를 수 있게 이미 동선을 알고 있기 때문에 밟으려고 할거고 보호자인 바래 각도도 처음부터 이렇게 수직으로 세우는 것보다는 살짝 올라와서 머물렀다가 뛰는 것처럼 우리 무릎 위에 머물렀다가 뛴 놓아 가르쳐 준 것처럼 갑자기 이렇게 비즈 등이 해주고 요렇게 혹시 이거 하면 주의해야 될 점이 제가요 잘 못 따라온다고 좀 답답해 하거나 짜증을 우리 해준다거나 화 내신은 분들도 간혹 될텐데 강아지 같아 이웃 한다면 어떻게 더 쉽게 이해시켜 줄 수 있을까를 좀 고민이 보시면서 재미있게 칭찬 많이 해주시고 즐겁게 해 보시면 좋을것 봐야 겠습니다 전 지금까지 조시는 상태 님과 개발 여긴 리사 있습니다 감사합니다 [음악] 으 으,
62,https://www.youtube.com/watch?v=c_BQ8gaSPVs,c_BQ8gaSPVs,"[Eng sub/日本語字幕] *Dog Dance Special* A dog's Step by Step ""Do it"" | Kang Hyeong-wook's Mung School",강형욱의 보듬TV,[음악] woo 안녕하세요 모든 관련된 훈련사 강해 옵니다 오늘 배우실 강아지 교육 주제는 앱 바이 스탭 입니다 3 8 3 [음악] 이번에도 약간 춤 이에요 그 스테파 2 스텝 이라고 한다고 하는데 한번 설명한 번 들어 보죠 먼저 선생님 아 인자 부탁드립니다 안녕하세요 회사도 순입니다 네 오늘도 역시나 제발 여겨 보던 리사와 한때 인사드리겠습니다 제가 듣기로는 스텝 바이 스텝 이라고 하는 도를 가르쳐 줄 수 있냐고 했는데 그게 어떤건지 잘 모르겠어요 r 더 강아지가 사람의 다리 사이 안에 들어온 상태에서 앞의 두 다리를 사람 발등 위에 올려놓고 교육 자세를 유지하는 상태에서 한걸음 같이 걷거나 뛰거나 하는 0 가게 되었습니다 아아 예금 이게 스텝 바이 스텝 이구나 제가 가끔씩 저의 셀 애쓴 아니면은 그 유튜브 보면은 이거 많이 보거든요 뭐 어떻게 가르쳐 주는지 한번 들어볼게요 어떻게 가르쳐 줄게요 우선은 강아지가 보호자 님 의 다리 사이 아래의 들어오는 것이 자연스러워 될 수 있도록 그리고 일들에 용 선생님이 그 할인 사이로 땄다는 거 하셨어요 그런 식으로 연습해도 되는데 비슷합니다 그런데 쪼끔 차이점이 있다면 그때 사이 동작의 남아 다 지가 앞에서 뒤로 돌아 왔을 텐데 이번에는 뒤에서 앞으로 이렇게 올 수 있게 왜냐하면 저랑 같은 방에 먹어 버릴 거니까 힐 이지만 이게 다리 길이도 여행 있으니까 었 다 녹일 대 대 환경을 키우시는 보자 님들은 이게 불가능 하기도 합니다 아 혹시 그러면은 농성 팀장도 할 수 있습니까 어려울수도 있을것 어려 주십니까 여우는 팀장은 3파이 탭을 안 하는 이유가 있었어요 매트 리본 안됩니다 이렇게 노을의 활용해서 나 언제 움직여야 하는 동선을 알려주시면 좋은데 어 이때 조금 많이 어려워 하시는 부분이 내가 러 링을 요렇게 하고 싶은데 강아지가 이미 이 티 안으로 들어와 버리는 경우가 있습니다 그래서 이럴 때는 간식을 양손에 다가 쓰시고 아직 이 쪽 손에 집중하게 만든 다음에 내 뒤에 왔을 때 이렇게 왼손으로 연결해서 로그 뒤에서 앞으로 자연스럽게 들어오는 쓸 때 연습해 보시면 쉬울 것 같습니다 그러면 약간 강아지를 염이 더 놓고 이렇게 걷는 연습도 해도 되나요 근데 그런데 걷기 전에 조금 더 관계를 9분해서 해야될 연습이 되고 있는데요 다부 다리가 보호자 님 8p 편에 이렇게 볼 수 있도록 조치합니다 타 뒤는 충분히 통과할 수 있는 공간 마련에 주신 상태에서 앞으로 있지만 이렇게 모아 주실 거에요 그 다음에 6월이 한손 앞으로 조금 당겨서 강아지 두 다리가 넘어갈 수 있지 다시 뒤로 살짝 밀어서 뒷걸음질 치면서 딱 터치하면 어렵지 않게 올라올 수 있고 처음에는 한발만 갈등의 따 올라와도 얼마든 칭찬해주고 보장해 주실 수 있습니다 먼저 조금 더 앞으로 나오게 한 다음 뒤로 하면서 내 발을 밝게 한다 앞으로 당기듯이 노래 했다가 다시 밀어 주실 때 조금 실수 하시는 부분이 월이 한 손의 위치가 너무 높으면 아가들 걸음 질 치기가 조금 어렵습니다 그래서 아주 딱 눈높이에서 당겼다가 살짝 밀어주는 느낌으로 뒤로 움직이는 훨씬 쉽게 하셨어요 요 3 관계는 이제 걷기 위한 준비를 하기 위해서 이렇게 발을 조금 부르고 이렇게 움직임이 있었는데도 방 아직 아 이 자세를 유지 를 잘 했다 라고 한다면 이렇게 한번씩 칭찬 해 보고 또 불러 주고 칭찬해 줘 저도 이거 보면서 느끼는게 아직 월 간단한 원리 를 사용해서 조금씩 조금씩 익숙하게 해주는 것 같아요 조금 이거 하며 이렇게 거르는 것 까지는 얼마나 올릴 얼마나 였어요 사실 유발을 다 굴러 쓸 때 강아지들이 얼 어떻게 받아들이고 던디 냐 의 차이가 조금씩 아이들마다 차이를 보이는데 어 내가 제법 발을 이렇게 움직임을 크게 줬는데도 괜찮다 라고 한다면 바로 걷는걸 분은 고려해 보셔도 성공할 거 고요 어떤 친구들은 쪼끔만 움직임과 동시에 내려 버리는 친구들도 있습니다 그럴 때는 조금 어 모든 연습을 주문해서 하시고 그 다음에 아주 살짝 살짝 미세하게 움직이는 연습 해서 이렇게 단계별로 진행 하시면 좋을것 알겠습니다 그럼 한번 힘 쳤을 때 떤 것처럼 한번 보여주세요 메디슨 딱 좋 들어간다 oo 아 뭐 요런 동작도 제가 확인 4 예 아 오늘 전 조시는 선생님하고 이싸 한테서 정말 좋은 충고를 좀 뵙게 되었는데 나하고 핸들러 하고 위에 긴밀한 애정과 관계가 없으면 이룰 수 없는 거거든요 5단 님들도 도전해 보시면 얼마든지 할 수 있을 겁니다 그러면 회장도 이게 그렇게 한번 퇴장 이고 싶어요 자 다리 파이브 코 제 세브르 최근 하게 개설했습니다 없었습니다 4 왜 이렇게 덕소 빨리 갑니다 착각 술 마셨어요 으 으 으 으 [음악],
63,https://www.youtube.com/watch?v=196a_Ycu85A,196a_Ycu85A,"*Special Dog Dance video* Spin Advanced Lesson "" Do it ""｜Kang Hyung-wook trainer's Mung school.",강형욱의 보듬TV,[음악] woo 안녕하세요 모든 발령이 훈련사 강의 형입니다 오늘 배우실 발령은 교육은 스페인 입니다 s 펫 [음악] 예전에 우리 백출 sp 때 멍 스쿨 말고 그 전에 스핀 이라는 걸 배워 짜 나요 스페인 화면을 보는 거 그거 를 이용해서 사람이 돌면 강아지 같이 보는 교를 가르쳐 주신다고 합니다 우리 저 어둠의 춤 선생 인삼을 해드리겠습니다 안녕하세요 안녕하세요 하면서 출신입니다 여기 오늘 시범을 도와 주제 반려견 리사 라고 하구요 어 보더콜리 만 2살 조금 넘은 여자입니다 조금 막 설명해 주세요 그 숲이 나고 뭐가 다른가요 100 초대 cp 때 보셨던 스핀은 원을 이렇게 끓이 듯이 누워 가지고 강아지가 마치 자기 꼬리를 쏘 뜻 이렇게 한바퀴 도는 공작 이었는데 손으로 졌던 신호를 제가 제자리에서 한바퀴 도는 신호를 보고 강아지가 그거를 악 스캔 이구나 라고 이해하고 따라할 수 있게 또 하나 더 준비한 것 강아지가 스핀 동작을 연속으로 할 때 제가 강아지 주변에 이렇게 한바퀴 도는 동작도 한 번 치는데 좀 어려울거 같은데 우연을 한번 보고 어떤건지 한번 보고 아야 문제가 물어볼게요 한번 보여 줘야 돼 4 잉 그리고 그냥 일반적인 스푼 이었구요 일반적 이력이 엄청 잘하는데 그 다음에 악 이라고 해서 제가 또는 신호를 아래와 같이 보내신 우리라는 이 걸어봐 핀 정도를 배움 강아지가 요거를 배운다 그럼 얼마나 스핀을 할 수 있느냐 어디가 한다면은 굉장히 짧은 샤라 성공할 수도 있습니다 손으로 하는 그 몸짓 신호를 몸동작 으로 바꾸는 건데요 한번 왜 a 3 어떻게 하는건지 아 otp 는 연습하다가 따로 한 번에 감사 안되는겁니다 하심으로 좀 담 벼락에 쓰리고 그 다음에 히든 사라지고 가 저도 이렇게 한바퀴 돌아 군 약간 b 친구가 도는 사이 아래가 다음 거죠 뭐 나 그러면 2 9라 와라 제가 가치나 또는 액션을 칠해주고 점점점 점점 제가 몸을 회전하는 타이밍이 강아지가 동작을 취하기 좋은것 할 겁니다 음 어려운데요 이거 어디에 허름한 에 아까 이거네요 이마에 상황이 이렇게 움직이면 그 통리 바퀴가 돌아가는 것처럼 이렇게 돌아가는 거죠 네 그리고 이제 어이 손 신호도 이제 사라져야 겠죠 점점 점점 간소화 되면은 손 신호를 조금 줄여주는 배신의 하드가 스핀이 달하는 것을 이해를 꼭지 해서 살짝 제자리에서 발을 구르는 동작을 생 주로 주기도 합니다 이렇게 발 아 그가 이 스핀을 하기 직전에 바라보다가 보내는 신호 벌써 한 바퀴 돌기 전에 점프 라는 행동에 돌아야 된다는 것을 인지하고 있는 상태네요 이것 보더콜리 어서 되는거 아니에요 9명의 도토리 그룹내 쓰네 오시는 만 보호된 1 떼서 때 성공 하셨읍니다 하는 건 마일즈 돼요 4 뭐 변종 상관없이 포야 에 네 가능합니다 으 아 눌러 그 아마 오신다면 할 수 있을까 타이거 하고 싶은데 너도 할 수 있어 반 보증이 연락 기다릴께요 그렇다 판매 하겠습니다 그러면 으 아까 뭐 하나 떠 보여 주신다고 하지 않네요 예 차리세요 아 뭐 필요할 제자로서 제가 돌았던 것 보다는 술 신호가 조금 사용됐고 마차나 d 스펙 아 쓰고 또 스페인 신호를 쓰고 은 신화를 쓰고 내가 자랑스럽게 강아지 귀 긁으면서 나중에 손 신호가 없고 그냥 대로 저에게 제가 봤을때 그런데 그 강아지가 먼저 팬들 마음을 집중을 해야 되는 것 같아요 네 맞습니다 뭐 기본적으로 간식을 굉장히 좋아하는 달력에는 좋을 것 같고 재미있게 먹을 수 있는 방법을 가하는 것도 잘 알려주실 수 있다면 단시간에 성공하실 수 있잖아 아식스 꽃이 이거 가르치면서 지금 이 책 가르치면서 주의해야 될 재밌음 일을 몇 가지 마셨어요 혹시나 내가 어디가 소형견 이라고 한다면 회전하면서 혹시나 강아지 발을 밟거나 4 좀 스텝이 꼬여 가지고 그래서 아주 가 부상 당하는 일이 없어 없도록 조심 하셔야 될까 아 알겠습니다 정말로 어떤 견적 일을 할 수 있네요 4 너도 할 수 있어 아 악 아 있음에 감사합니다 야 지금까지 어조 시인은 선생님과 국회 알리게 한 리사 있습니다 함 4 합니다 [음악],
64,https://www.youtube.com/watch?v=m0HFNg6mIww,m0HFNg6mIww,강아지 ‘종이컵 입마개 연습’ 해보개｜강형욱의 멍스쿨,강형욱의 보듬TV,wow [음악] 바이어 내 모든 발레공연 4 강의해 오고 입니다 제가 저번 시간에 저번 수업 라이브에서 인 바 입마개 를 어떻게 가르치면 좋을까 라고 하는 질문에 어 이거 뭐 숲을 해서 한번 더 보여드릴게요 라고 했던 기억이 나요 이 교육을 도와주실 플랜 사진과 뒤에 반려견 까지 나왔습니다 안녕하세요 안녕하세요 흘러서 이영선 입니다 2 터치 캔 아주 v 뭐 이런 것들이 반려견의 주름이 입마개 를 하는 또 터치 안습의 굉장히 도움이 많이 되거든요 그리고 또 하나 우리 조조 2컵 있지 않습니까 일반적인 우리 주변에서 흔히 볼 수 있는 그 종이컵을 이용해서 어이 마개를 할 때 시작할 수 있는 좋은 기억들이 있어요 입마개 를 좀 난 해주고 싶은데 강아지가 너무 싫어하고 채우기 힘들다 라고 하는 분들은 이렇게 한번 연습을 해보세요 여기를 보면 요기를 뚫어 요 여기 이제 이렇게 어 공 부 악보 난단 말이에요 그죠 범부 더 뻑 나면은 2개 강아지의 200일이 쥬드 의 길이에 따라 요 길이를 쪼꼼 달리할 수 있어요 포메라이언 이런 친구들은 짧지 않아요 그러니까 이 갖다가 여기를 요렇게 짜는 거에요 아무것도 안하고 있는 강아지한테 그냥 이걸 이렇게 넣으면 은 뭐 뻔 하겠죠 그런데 정말 좋아하는 당시 촉구할 좋아하는 음식을 여기에다가 씩 떨어뜨리고 요렇게 주는 거에요 여기 이걸 먹으려고 죽음 없다가 때 그것만 해도 거의 이제 절반을 한 겁니다 나중에는 이걸 충분히 하고 달 의식이 없는 상태에서 보여줬는데 강아지가 줘 등의 를 넣으면 잘했다고 간식을 여기다 이렇게 주는 거에요 또 넣었는데 간식을 넣었던 기어 근데 그 기억이 너무 좋았어 이런 것들만 좀 잘 쌓아 나가도 착용할 수 있을 거에요 그리고 또 하나 입마개 를 착용하는 이유는 조금은 낯선 장소 또 조금은 소유욕 에 의해서 공격적 1 수 있는 그런 나의 반려견 들이 누구에게 피해를 주지 않기 위해서 내가 예방차원에서 사고를 예방 차원에서 이 마개를 하는건데 이런 것들을 연습 하면 할수록 반려견이 나왔고요 호흡이 잘 마저 쉬고 그리고 또 어린 강아지들 뭐 아무것도 모를 강아지 그런 친구들 입마개 교육을 하는 것이 훨씬 더 그 친구가 나중에 임마 길을 안 할 수 있고 아니면 임마 길을 했는데도 우리 모자 쓴 것처럼 하나도 거리낌 없이 할 수 있는 계기가 될 거에요 내가 충분히 2개를 통제할 수 있다 라고 하는 것을 여러분들이 주변에 있는 나와 같이 살고 있는 이웃에게 보여주면 아 당신이 충분히 컨트롤할 거라는 걸 믿기 때문에 지금은 음악의 하지 않아도 됩니다 라고 하는 메시지를 될 거에요 조금 더 다른 반려견 문화를 위해서라도 내가 네 개는 책임지고 컨트롤 한다 조절 합니다 라고 하는 마음을 가지시면 훨씬 더 좋지 않을까요 4 de [음악] 으,
65,https://www.youtube.com/watch?v=jVJOFZgXdF0,jVJOFZgXdF0,강아지 ‘병뚜껑 챌린지’ 해보개｜강형욱의 멍스쿨,강형욱의 보듬TV,[음악] woo 안녕하세요 모든 발리면서 강의해 오고 입니다 이번에 배울 주제가 좀 특별한 데요 영덕은 챌린지 토너 [음악] sls 를 보면 굉장히 좀 핫한 어 그 거 보신 적 있으세요 그렇죠 멋진 분들이 이렇게나 가지고 뒤 도료 착 인가요 뚜껑을 차서 뚜껑만 싹 되는 분도 계시고 져 어떤 것 같더니 그냥 뭐 병을 차원이 기도 하더라구요 어떻게 우리도 할 수 있나 했다 이 우리 셔 그 우리 조용선 선생님께서 할 수 있다 그래서 모스크에서 소개 할 듯 합니다 몽몽이 보틀 캡쳐 lng 의 도전 하러 나오신 이용 선생님과 퀴 빨리 게 쓰십니다 안녕하세요 안녕하십니까 이거는 좀 토크를 내게 원하는 쪄 챌린지 줘 도전 야 뭐 좀 하는거예요 4 아무 4 그 교전을 한번 보겠습니다 한번 먼저 보여주시죠 보자 맺어서 문제 8 오전 흐리고 변기 뚫는 입니다 라 없이 아 또 예 숨쉴 때 그 자세에서 시키면 그렇다 1 제지로 실패입니다 2차 시도 도전하겠습니다 으 아 으 아 뭐 어 저기 경어 푸는 건 다 잘하는데 붙여 팼다 알겠습니다 아 그래도 했어요 그래도 했어요 분들 이거 어때요 했으니까 뭐 먼저 준비물이 있습니다 페트병이 필요하고 처음에는 카트 병은 바로 치는게 아니라 이 뚜껑만 먼저인지 를 시키고 그 다음에 의병 위에 얹어서 치게 끔 만들겁니다 페트병 뚜껑 밑에 간식을 1 이렇게 둡니다 그리고 강아지가 앉아 라고 하고 이때 땅에 나왔을 때 냄새를 맡고 건 되면 이게 약간 냄새를 맡는 것보다 손으로 터치 해야지 간식을 먹을 수 있는것 그런데 마세요 이안 행실에 만원 맞는 다 아시며 위에 공을 좀 뚫어 놓으셔도 괜찮 봤습니다 이게 이제 충분히 인지가 되고 똑같이 이제 강아지가 이 안에 관심이 있을 거라 이런걸 예상 하게 되면 병뚜껑 만 땅에다가 이렇게 봅니다 그리고 잠깐 기다렸다가 생활 놈 깊게 하는 걷지 왜 난데 4 너무 몰라 면 약간 틴트를 주십시오 콩깍지 또 더 이제 건들면 발로 건 되면 보상을 해 주시면 되요 그 다음에 이제 이게 익숙해지면 와 이렇게 익숙해지시면 그 때 손으로 4 치기 시작하면 간식을 주고 높낮이가 좀 달라져도 4 아 송 뿐만이 아니라 다양한 법 박스 2 좀 높이가 높은 다른 물체에 의해 도 올라 났을 때 강아지가 손으로 병뚜껑을 치기 시작하면 강아지 키에 맞게 끔 패트병을 준비를 하시면 되는데 처음에 너무 이렇게 높은 것을 힘들어 하는 친구들은 이렇게 생긴 작은 패트병 의 깜찍이 쏟아 같은 병의 이렇게 2시고 예 이렇게 치면 은 뚜껑이 처음에는 안 들려도 많은 말했을 때 앉아 지경을 10 연일 얘기한 게 아니에요 왜 그냥 툭 치는 게 중요한 거 너 병뚜껑을 침해한 간식을 주는 것 지금 이거 이게 반복되다가 아마 이렇게 해 줄 거죠 뚜껑이 열리면 간식을 주는 에 그걸 하는 거죠 한번 보이네요 4 예 지금은 뜯어내어 영웅 똥이 열리지 않아서 아마 보상을 하지 않으십니다 잘 치기 시작하면 4 요것도 음성 싱어 읽기 쉬운 됩니다 뭐 따라 해도 되고 깔아 해도 되는 데저트 명 까 했든 멍 스쿨이 전에 팩토 레시피 돌아 표를 참고하셔서 돌아 하고 간식 주고 까 4 따면 은 줄고 이걸 반모 같습니다 그래서 폰 바뀌면 왜 이렇게 잡으며 이렇게 하게끔 마시며 는 보아서 치는 그런 고 응답한 연결할 수 있습니다 2 라도 알고 치는것도 조금만 알고 있으면 민 알 수 있겠네요 네 맞습니다 어어 놓으셨습니다 오늘 병특 끔 챌린지 보여주신 이용하면 님 너무 감사하구요 우리 져 스팟을 성공했습니다 예 감사합니다 감사합니다 으 으 [음악] 으,
66,https://www.youtube.com/watch?v=lx15EVMYpzY,lx15EVMYpzY,강아지 ‘다리 사이’ 해보개｜강형욱의 멍스쿨,강형욱의 보듬TV,[음악] woo 안녕하세요 모든 발령 으면서 강의해 오고 입니다 오늘 우리가 될 교육은 타 이사 입니다 이 사이 색 [음악] 이렇게 한 발짝 한 발짝 할 때마다 다리사이 왔다갔다 하는거 보인 적이 있으시죠 여러분들의 강아지도 할 수 있습니다 어렵지 않아요 한번 따라해 보자구요 오늘도 이 교육을 도와주실 플랜 살인과 그의 반려견 택시 나왔습니다 아세요 안녕하십니까 혼란 4 의 영상입니다 자 오늘을 어떤 거 가르쳐 주실 거에요 오늘은 어 다리 사이를 어 이렇게 지그재그로 통과하는 동작을 알려 드릴겁니다 이자 끼 들고 사이사이 화면을 야 그건 제 그렇게 해 줬어 뭐니 라고 자 할 수도 있겠지만 사실은 이런거 하나하나가 달력은 더 보호자의 신호를 맞추고 발견과 에 관계도 굉장히 좋아질 겁니다 보세 한번 보여주시죠 4 이사의 어떻게 하는지 먼저 한번 보고싶어요 살 살 살 429 뭐 내 안보일 때 어떻게 시작하면 좋을까요 처음에 가리키 쉴 때는 한쪽 만 먼저 마스터를 하게끔 하시는게 좋을것 같습니다 가질 앞에 두고 5연승 하셔도 좋고 아니면 은 어 진행 방향 쪽에 당하 질 두고 하셔도 괜찮은데 저같은 경우에는 앞에 먼저 하는 것을 추천해드립니다 처음에는 앉아서 약간 대기를 하게 해주신 다음 앉아 라고 하고 다리사이로 손을 천천히 옮기며 앉아 그리고 예 다리사이로 들어오면서 간식을 주게 끔 다시 이걸 반복하는 겁니다 움직이지 마시고 이 상태에서 손이 그냥 뒤로 만 가도 강아지의 예측 하게끔 예 아 그러면 은 왼쪽 소뇌 왼쪽 손으로 만 먼저 준비를 하고 왼쪽으로 만 이렇게 돌려야 되겠네요 네 사실 근데 이제 왼쪽에 먼저다 오른쪽 먼저 다는 아니지만 중요한 것은 안쪽으로 통과하는 것을 먼저 익혀야 되요 더 알겠습니다 한번 몇번 35주 몰 손이 뒤로 감과 동시에 강아지가 통과해서 왼쪽으로 나오게끔 해서 반복 하십니다 앉아 라고 하고 이제는 빠르게 하셔도 아이 건조 여러분들 할 수 있을것 빈손 인데도 이렇게 하면 이제 오지 않습니다 그럼 이렇게 손으로 요렇게 한 다음에 먹이는 다른 손으로 좋으세요 4 요렇게 해서 문제 이렇게 어 굉장히 날렸 해야됩니다 지금도 날렵하게 이렇게 어 선보이고 안됩니다 그러면 아 그리고 이제 신호를 이 피셔 야 되는데 손이 나가는 것보다 조금 0.0 0 0 1초 빠르게 사라고 함과 동시에 이렇게 주셔도 괜찮고 아니면은 아까 하셨던 대로 살 하고 왼손을 이렇게 주셔도 상관없습니다 그러면 오른쪽 으로 바뀔 때에는 다시 누워 링 먹이로 이렇게 강아지를 움직이게 하는 극 없다는게 좋겠네요 내 말씀도 오른쪽에 할 때도 뭐 링을 먼저 하시는게 오른손에서 나온다 라는 더 오른쪽으로 나가야 된다는 것을 인지하기 는 훨씬 더 편합니다 그렇게 충분히 그 길을 잘 알면 그 다음에는 먹이가 없는 손으로도 쌓인 만져도 시노 만져도 움직이는 것은 잘 알겠어요 네 이게 이제 반복이 되시면 빨리 하려고 하지 마시고 손 의 양손에 간식을 주신 다음에 왼손으로 나오면 왼쪽으로 하면 간식을 주시고 나온 방향에서 오른 오늘 보여주셔서 요렇게 그 다음에 저같은경우 왼쪽으로 시작하여 오른쪽으로 빠지는 것을 연습을 했는데 그게 익숙해진다면 오른쪽으로 시작해서 왼쪽으로 빠지는 것도 이렇게 반복해서 연습해 주시면 좋습니다 아예 쓴 글을 이다음 뭡니까 다리를 이제 앞으로 살짝 뻐 드시면서 사이 라고 하면 인재 이렇게 주시면 됩니다 아빠 리 오른발이 나갔기 때문에 웬 바를 그대로 뻐 드시면서 사이 라고 하면 이렇게 들어가죠 아빠 뽑고 사회 하고 또 잘 정렬해서 다시 한 발 뻗고 가 아니라 뻗은 말 기준 을 디딤 빠를 지프 셔서 다시 반대파를 뒤 베푸셔서 이렇게 연결해서 지그재그 형태를 한번 그러며 연결동작 등불 사이 사이 사이 살 4 이게 줘 보도 클리어 서 이렇게 잘하는 거 아닙니까 제가 다른 모자 힘들 하시는거 보니까 마티즈 친구들도 굉장히 잘 왔구요 어 말티즈 포메라니안 친구들은 되게 총총총 이렇게 튕기듯이 잘했던 것 견종 간 상관없이 다 될 수 있나 봅니다 평상시의 요즘 너무 잘 좀 좋아한다고 좀 고민하신 분위기 해주면 의 이거 한번 가르쳐 봄에는 너무 잘 될거 같네요 먹이를 좀 싫어하는 친구들은 어떻게 알수 있을까요 밥먹는 시간 때에 사러 가지고 교육을 하시면은 훨씬 더 좋을꺼 같고 간식 같은 경우에 향이 좀 많이 나는 간식 때 소세지 나 요런 간식들을 좀 사용해 보시면 더 적극적 이게 반응할 수도 있습니다 한번 좀 길게 야 한번 쭉 보여주세요 네 알겠습니다 선사 3 싸이 산책 예 혹시 뒷걸음 됩니까 뒤로 가리키는 것은 조금 더 따고 가리켜 야 됩니다 예 뒤로 가는 것은 다음 시간에 알겠습니다 그러면 이걸 충분히 하시는 분들이 좀 생기시면 어제 우리 강아지 사이 할 줄 알어 라고 하는 강아지가 생기시면 은 이제 뒤로 가는 것 한번 배워 보세요 오늘 감사합니다 뭐 어딨어 4 감사합니다아 [음악] 5 으 으 [음악],
67,https://www.youtube.com/watch?v=8Ldf4MbXxh8,8Ldf4MbXxh8,강아지 ‘브이·코’ 해보개｜강형욱의 멍스쿨,강형욱의 보듬TV,[음악] woo 아니 안의 모든 빨리하면 4강 의해 옵니다 오늘 배울 교육은 브이 v 입니다 v8 [음악] 요즘 보였죠 이거 가르쳐 주고 싶었는데 v 를 하면 강아지 까마귀 물지 않아요 마다 아 네 오늘 제품이 어떻게 하는지 어 한 번 알아보겠습니다 이번 교육을 도와주실 훈련 선임과 그의 활약이 1 2 3 번 해보죠 안녕하세요 안녕하세요 홀려서 이형선 입니다 제가 같이 지내고 있는 보더콜리 스카시 라는 친구입니다 나 어 스펜서 어떤 친구의 숨바꼭질 했었던 깬 스람 남 내고 5 조금 닮았는데 깽 스님 제 남자 해고 스캇은 여자입니다 나이 너 또 밖에 한 사람이 이제 막 나왔습니다 오늘은 선생님께서 줘 부위를 가르쳐 주신다고 했는데 부인은 어떤 모양 인가요 어떻게 하는 거야 보이네 어휘는 etf 이라고 하면 강하게 초 앞쪽에 서 있다가 이렇게 와서 터너 이렇게 이렇게 갖다대는 혹이 지금 볼 수 있네 남자 하고 그 다음에 앉아서 및 그 여기 해약하는 잠깐 멱살 잡은 것 같은데 목을 좀 작은거 에 알겠습니다 여하튼 예 요 보다는 약할 요거 다 아 네 한번 익어라 요거를 한번 배워 보이더라도 알겠습니다 한번 보여주시죠 이거 어떻게 할 수 있습니까 처음에는 어플이 를 만들 손가락 두 개만 표시 고 나머지 하나 둘 세 손가락은 접어 놓습니다 그리고 이 접은 세손가락 안에 간식을 이렇게 지 시면 됩니다 그렇게 해서 그냥 요렇게 주시는데 어떻게 주신 야 면 요 상태에서 강아지가 이렇게 받아먹을 수 있게 간식 줄 때 검지 엄지 로 간식 잡고 이렇게 주는데 이것을 이제 검지 엄지 가 아니라 이 나머지 세 손가락 안에 놓고 이렇게 먹이는 거거든요 뭐 이렇게 먹이는 거죠 이렇게 이렇게 약간 그러면 앉아서 대기하고 있는 상태에서 먹으면 은 효과가 더 좋겠네요 순서를 기다리고 또 그걸 갖다가 그런데 차례를 기다리고 인내심 이길 수가 있는데 밀고를 꼭 들어오게 되면 은 끝내는 이렇게 밀거나 보호자를 밀 치거나 요런 형태까지 만들어질 수 있기 때문에 충분히 이제 교육 할 때는 집중하는 모습들을 유독 하는게 좋을것 같습니다 약간 선행으로 앉아서 조금이라도 제기할 수 있는 그런 것을 먼저 공부를 하고 난 다음에 2 v1 가르치면 되겠네요 그리고 이렇게 먹이고 난 다음에는 어떤걸 하면 좋을까요 이제 이렇게 해서 이렇게 들어오면 민 송인 상태에서도 이렇게 쥐고 있는 모양을 내쉬고 요렇게 쓸 때 강아지가 들어오면 바로 알고 하고 달 따라 고하고 주시면 되면 빈 주 먹일 때 이렇게 v 해도 이렇게 했을때 이제 다른 손으로 돌리는 너무 올립니다 이런 행위 일을 했을 때 간식이 있을 거라고 하는 확신을 갖고 있는 강아지에게 v 라는 행동을 하고 난 다음에 근데 주머니에 있던 반지를 줄게 주는 거구나 그죠 그래서 이렇게 은 이후 부터는 턱을 되고 조금있다 아주 잘 있다라고 하고 간식을 주시면 또 떨어져 주시면 이게 떨어지니까 강아지가 어 놀이에 대한 달 치를 쫓고 자는 흥미 때문에 긴장하고 있다가 간식을 얻게 되니까 조금 덮어 늘 되고 있는 시간이 길어질 수 있습니다 1 연습 시간이 한 얼마나 될까요 하 하루 정도 연습을 해 어 어 그럼 어느 굉장히 빨리 배우는 거 아니에요 보상을 해주는 손을 바꾸는 연습을 충분히 하신다면 이 기간에 굉장히 짧게 떨리 싶읍니다 ve 의 슈마 과정인 코를 배우실 건데 손가락으로 만든 구멍 안에 이제 간식을 이렇게 2시고 강아지가 이렇게 넣으면 이렇게 먹을 수 있게끔 골을 만든 손으로 간식을 주시다 가 여기서 똑같이 들어오면 s v 같은 경우에 너무 마찬가지로 꼭 같은 경우도 마찬가지고 펼침 과 동시 보다 그러니까 펼치기 0.1 초 전에 어이 하고 이렇게 주시면 조금 더 신호를 입힐 수 있지 않을까 쪼끔 널 찍 하고 그 다음에 이제 딱 보여주는 원한 되어왔습니다 그리고 이제 이게 이렇게 하면 사람이 손목이 좀 아프지 않습니까 그리고 바깥쪽으로 잘 되면 아빠 쪽으로 뒤집을 쉬면 돼서는 콕 요리에서 더 잘된다 라고 하시고 내 강아지가 기다려 동작이 선행이 되었다 라고 하시면 강아지 보고 안전 라고 하고 멀리 떨어진 다음에 이제 부위 등 코드 하시면 됩니다 이번에는 코를 할게요 콕 아 네 예 으 아니라 웹툰의 됩니다 5 4 아 oo 아 아 아 예 [음악] 으 으 [음악] 으,
68,https://www.youtube.com/watch?v=N447YHkewqU,N447YHkewqU,강아지 ‘필통 · 양말찾기’ 해보개｜강형욱의 멍스쿨,강형욱의 보듬TV,으 be too 알려주세요 모든 관리기 물론 4 강형우 입니다 이번에도 이번 수업에도 저번주 와 같이 또 찾기 놀이 라고 하는데요 혈통 찾기 라고 합니다 필동 찾기 아무 강아지 하고 어떻게 놀 수 있는지 입힐 통으로 특히 할 수 있는지 창업 배워보도록 하겠습니다 오늘 수업을 도와주실 푸른산의 입니다 안녕하세요 안녕하세요 김겨울 면서 입니다 이거 강아지는 저희 다지 갱스 이고요 요 친구와 함께 오늘 필통 찾기 한번 해볼 예정입니다 그 적 이번주에는 져 선생님이 쑤셔 짜 나요 이번에는 어떻게 하는거예요 필통을 강아지가 찾아서 저에게 가져오는 교육을 한번 해볼 예정입니다 그러면 필통을 원저 찾는 것부터 한번 보고 어떻게 하는지 한번 배워보도록 하겠습니다 [음악] 으 으 으 [음악] 전에는 이것은 저원가 하고 좀 다릅니다 저번에는 선생님을 찾으면 앉아 하고 그 다음에 공을 던져 주셨는데 이번에는 찾고 가지고 오는 거에요 네 인건 에는 가지고 오는 눈만 사용해서 쫓는 게 아니라 코 를 사용하면서 찾다보니까 눈도 뭐 귀도 포도 머리도 다 쓰는 놀이 어서 빨리 오는 되게 좋아하는 수업 이거든요 놀이 또 우리 좋아요 그러면은 조금 연습하는 것도 좀 보여 주실 수 있으세요 네 처음에는 강아지가 필터의 관심을 보이면 단식을 주고 나중에는 필통을 물었을 때 나에게 다시 놓으면 간식을 주는 것부터 강한 야다 알려 주면 좋습니다 킹 5 222 아 먼저 냄새를 맡으니 까 필터 안에 있는걸 내가 열어서 주네요 예 이렇게 한번 물면 또 한 번 죽을 거 그 다음에는 당하지 기다려 시켜 주시고 기다려 상태에서 당하 지어 보이는 곳에 살짝 던지고 한 자 가량 자자 예 야 예 가지고 오면 하나 가지고 오면 아 필통을 열어서 보상해줄 제가 1 쪼끔 태울 드리며 는 보통 강아지들이 가지고 온 것에 대한 개념이 없을 거예요 입에 물면 내가 반대로 뜨는 거예요 그럼 보통 강아지들은 입에 이렇게 보면 입에 문 상태에서 내가 좋아하는 보호자가 뛰면 먹이를 잘 따라 오거든요 입에 있는 계통을 건네받고 뚜껑을 열어서 간식을 주면 이 친구가 나중에는 더 내가 힘으로 이걸 뜨거워야 되는게 아니라 이 안에 있는 간식을 여러 주는구나 나한테 주는구나 아니 내가 뜯어먹을 수 있어 내가 알아서 올 게 라고 하는거 에서 이제 1단계 높아지는 넣어서 표가 되는 거거든요 오늘 이 놀이를 할 때 주의해야 될 쯤 있을까요 이 놀이를 해야 될 때 주의하실 점 혹시 반려견이 음식에 대해서 약간 집착이 있고 공격성을 보인다면 먼저 전문가 상담 후에 요 교육은 나중에 하셨으면 좋겠어요 먹이 냄새가 나면 내가 무조건 갖고자 하는 소유 6 이 있는데 그 소 6의 공격성 까지도 너무 가까이 연결이 돼서 먹이 냄새만 나도 근처에 못 오게 하고 못 만지게 하는 개들이 있거든요 이런 친구들은 조금 관계의 사진 먼저 선행되어야 되겠네요 네 알겠습니다 이번에는 무엇을 찾을까요 어떤 것 같습니까 근데 보자 냄새가 나는 악마 를 찾으려 줘 아 엄청날 텐데 혹시 빵 겁니까 아니면 쉬는 겁니까 더 바로 오시는거 벗어서 하는게 가장 효과 어 양말을 찾는다고 하는데 제가 딴 느꼈을 때 저번에는 필통 안에 간식이 있으니까 잘 찾을 것도 같은데 이번에는 어떻게 하는지 궁금합니다 한번 쭉 한번 보여 주십시오 바로 그 자리에서 쉽고 했던 양말을 버스커 입니다 너무한거 아닙니까 그저 아에 추위 사태가 에 거부를 합니다 자살 사실은 저렇게 드려요 호호 자 양말을 그렇게 좋아해요 이제 보세요 아 아 아 자기야 예 너를 혹시 줘 필통 찾기 하고 양말 짧게 요 차이가 있을까요 더 필통 찾기 에서는 어 처음에는 약간의 시각도 많이 활용하고 그리고 강아지가 좋아하는 간식 냄새를 찾아서 하는건데 이번에는 정말 강아지가 간식 냄새도 안나고 오로지 그냥 보호자 냄새만 찾아서 후각의 더 제일 많이 의존해 싸워가는 교육이라고 생각하시길 필터를 가지고 와서 필통 안에 있는 음식을 받아먹는 것 그리고 이번에 내 즉 필통 아래도 간식이 없는데 물건 하는데 간식 이었는데 심지어 냄새가 나는 양 말인데 그 열을 가지고 오면 보이자 한테 좋은 즐겁고 또 보상 이런거를 받을수 있을거라고 생각을 하는 그 단계 라고 생각 말씀 해주시는 것 같아요 아마 필통 놀이 다음 단계로 이걸 보면 좋겠죠 굿 알겠습니다 어 지금까지 우리 힘겨운 한 생 님하고 우리 피할 얘기 안 갱스 가 찾기 들의 3종세트를 좀 보여 주셨는데요 보자 님스 먼 좋고 필통을 이용해서 하셔도 좋고 강아지한테 줄 수 있는 모든 숨기고 찾는 걸 하면 너무 재밌을 거 같아요 한번 여러분 다분해 보시면 좋을 것 같습니다 [음악] 으 으 으 [음악],
69,https://www.youtube.com/watch?v=n6CbtYQNeKI,n6CbtYQNeKI,강아지 ‘숨바꼭질’ 해보개｜강형욱의 멍스쿨,강형욱의 보듬TV,으 be too 안녕하세요 발리 흡연석 항의하고 입니다 오늘할 수업은 숨바꼭질 입니다 [음악] 선박 푹 찔러 가면은 저 예전에 제가 골목 같은 데서 어디 숨 그 친구들이 찾으러 오고 그 경찰과 도동 놀이 뭐 이런거 하고 비슷할 것 같은데 오늘 이 수업을 도와주실 김경 훈련 산님 화원을 팬은 친구 2 줘 갱스 라는 친구가 견종은 보더콜리 고요 나이가 이제 1 4 쪼끔 너무 친구 모두 플릭 보더콜리 가죠 이제 우리 방송 보시는 분들을 다 우리라고 있잖아요 아 우리 라고 이렇게 털이 조금 쥔 친구들도 있고 이렇게 점퍼로 짧은 친구들도 있습니다 2 단 모종 이라고 좀 설명회 전에 어떤 책임입니다 개 구장인 친구요 너무 좋아 즉 척만 지 축인 친구라서 4 그 갱스 가 어렸을 때 어떤 선생님이 힘과 를 물고 이렇게 이제 걸음 에서 제가 플랜 사도 보도 풀리는 힘들어 그지 라고 했던 귤 안아줍니다 여전히 저러고 있네요 그럼 딱 알겠슴다 오늘 수밖에 없지 선생님 한번 숨바꼭질 하는 것을 한번 쭉 보여 주실 수 있으세요 제가 쓰는걸 못보게 마 자 얼굴을 가겠습니다 아 됐습니다 [음악] [음악] 으 쇼유 그 아 찾고 나면 은 봉을 던져주는 걸로 보상하는 거예요 그럼 이거 어떻게 시작하면 좋을까요 일단 처음에는 강아지 란 신나게 놀아 주는 것부터 시작할 건데요 얼음땡 우리 같이 어 강아지랑 한번 떠 돌아 보게 쓸 때 개입 강아지랑 뛰어도 놀면서 강아지가 앞쪽으로 가면 갑자기 투어러 도망가서 나한테 오면 칭찬해 주고 또 같이 놀다가 쪽으로 하며 도망가서 예 이때 앉으면 실천 해 주면 훨씬 더 좋을 것 같습니다 약간 좀 민첩 해야 되겠는데 조금 순간 저 점수가 품바 력이 좀 필요 없고 요 단계에서 이제 나 내가 숨어 있을 때 앉거나 엎드려 쓸 때 강아지 11 벼 와서 앉아 또는 엎드려 를 하면 그 때 보상을 해줄 겁니다 처음에는 놀아주다가 성능 걸로 그 다음에는 어 지금처럼 이렇게 약간 쑤 몸을 이렇게 움직이지 않는 상태일 때 강아지가 와서 앉아 또는 엎드려 하면 그때 바로 보상을 해 주시면 좀 조금 요건 도울 [음악] 비야 예 아 아 아 이걸 반복하다 보면 이제 나중에는 어떻게 하는 다음은 뭡니까 요 다음에는 이제 강아지가 돈 있는 곳에 먼저 숨을 거구요 그 다음에 수월 있을 겁니다 앉아 기다려 하신 상태에서 처음에는 강아지가 조금 보일 수 있는 곳에 쑹어 주식 거고요 [음악] 음성 신 없이 처음에 와도 칭찬해 주시면 좋습니다 혹시 다운 옵니까 좀 더 시간이 늘어나 나요 어떻게 되요 그 여기서 바로 다음 단계는 이제 눈에 보이지 않는 곳으로 쓰는것 처음에는 노래 보이지만 거리가 조금 멀고 그 다음에는 조금씩 조금씩 아이의 눈에 보이지 않는 곳으로 가서 2층과 찾을 수 있게끔 그럼 왜 기다려도 조금 어느정도 연습이 돼 있으면 좋겠네요 예정대로 또 같이 병행하면 그리고 이게 만약에 한 사람이 더 도와 준다면 훨씬 더 잘 배울 수 있겠는데요 4 유부는 가족 길이라면 굉장히 재미있게 할 수 있는 교육지 그러면 한 번만 더 한번 보여 주시고 이제 우리 마무리 하는 걸 해볼게요 어때요 찾아 예 충분히 집에서 재밌게 할수 있을것 같아요 이게 어 비가 오는 날이나 법과 축구 1 이름에는 산 생각에 하지만 힘들잖아요 찾는 놀이를 하면 훨씬 더 벌려 개라고 재미있는 활동이 될 수 있을 것 같아요 정말 강아지가 나를 어 찾는다 늘 기분 이런 것들을 좀 느낄 수 있지 않을까 생각이 됩니다 흔들림 없이 마지막에 마지막으로 좀 당부 해줄 수 있는 말이 좀 있을까요 재미있게 할 수 있는 그 이구요 전문적인 인명구조견 훈련과 다른 수 다음 점 어유 의 해주셨으면 좋겠습니다 [음악] 해몽 으 으 [음악],
70,https://www.youtube.com/watch?v=A4WerhFHUi0,A4WerhFHUi0,강아지 ‘팔 점프’ 해보개｜강형욱의 멍스쿨,강형욱의 보듬TV,으 be too 안녕하세요 오늘은 그러나 강형우 입니다 오늘 배울 교육은 다음 물립니다 2.5 2.5 [음악] 오늘 교육을 넣어 주실 훈련사 님 나오셨습니다 안녕하세요 안녕하십니까 훈련사 이영선 입니다 카디 누구입니까 아지는 푸들 로티 라는 친구고 여자입니다 그리고 이제 막 한 살이 넘은 친구입니다 자 어떻게 하는지좀 먼저 보여 주세요 예 4.5 예 아 뭐 장한가 제가 이거죠 t 위해서 보지 않으셨습니까 우리강아지 탈 수 있을 겁니다 근데 이거 어떻게 시작하죠 처음에 준비물이 좀 필요합니다 어 켄넬 습을 하셔도 졌고 캘러리 없으시면 벽을 잡고 연습을 하셨읍니다 처음에는 강아지를 단식으로 않게 합니다 그래서 팔마 이렇게 점프 하는 것을 먼저 가리킵니다 저번에 어떤 저 달이 점프하고 조금 비슷하네요 네 맞습니다 근데 이제 팔을 점프해 되는데 팔은 사람이 짧기 때문에 아까 트로 강아지가 더 뛰어 밥을 돌아가 버릴 수도 있기 때문에 그 돌아가는 공간을 막기 위함입니다 아 이렇게 하게 되면 이렇게 돌아 가지고 올 수 있으니까 내 완전 땅에 붙였 음료 4 엎드려서 좋아지고 이렇게 슈퍼맨처럼 이렇게 하시오 왼쪽은 다음 단계의 옵니까 다음 단계는 손을 완전히 뒷짐을 주시고 8만 해서 짝 을 하는 겁니다 6월 이라 하지 않고 여기서 꺼내서 주는 것으로 알려 주어야 됩니다 예전에는 간식으로 유로 유인 에서 이렇게 때리고 냈지만 이제는 점프를 해야지 내가 보상을 받는다 아무래도 손에 들고 있는 연습 자체가 없기 때문에 맨손 이 상태에서도 강아지들 꼭 하면 나오겠구나 라는 생각들을 하곤 합니다 어쩌면 서로 간에 신호와 약속을 정하는 가족일 수도 있기 때문에 반기 영성에 대해 굉장히 도움이 될 것 같아요 좀 실제로 어때요 실제로 부장님한테 이런거 좀 가르쳐 드릴 때 관계가 좀 좋아지나요 아니면 좀 비슷한가요 보호자 님아 부의 일대일 관계에도 개선이 되었지 많은 사람에 대한 경계가 있었던 친구가 낯선 사람의 다리를 뛰어넘는 연습 뜰을 하다가 그 사람과 밀접해 진 경우도 굉장히 많았습니다 사실은 어쩌면 이 것 자체가 사회적인 활동 사회성 을 이렇게 보강하고 어 좋아지게 하는 발달시키는데 도움이 좀 많이 될 것 같아요 울림 에는 낯선 환경에 가서 뛰어 오라고 하면 은 어쩌면 은 5 여기가 내가 평상시에 편안하게 연습을 했던 집과 같은 곳인가 라고 연상할 수 있거든요 그럴 것 같아요 우리도 그래서 외국에 나가서 거야 아 # 거의 마무리 단계인데 이제 어 한 판은 잘 끼어 너 뭐니 림 형태도 팔을 만드셔야 됩니다 처음은 탈의 푹 을 먼저 쪼 핍니다 그럼 그 다음에 점 4 팔의 폭을 먼저 좁습니다 그리하여 팔이 완전히 쫓겼다 라고 하면 역과 팔에 거리를 끼우는 활동을 하셔야 됩니다 그래서 좀 지금 같은 경우에 높여 꽈 불과한 5cm 정도 제가 뛰어 썼고 그 다음에는 좀 벽으로부터 점점 독립되어 야 됩니다 만약에 하는 것을 어려워 하면은 이민 자체를 바닥에 붙이셔도 좋습니다 이렇게 네 이렇게 통 가게끔 하셔도 좋습니다 아 이게 조금씩 다르지만 연결되어 있는 교육입니다 그죠 근데 사실 그렇다 보니까 트릭 만 많이 알려 주어도 나중에 이것들이 연결 연결 되어서 되게 큰 교육으로 발전 되기도 합니다 4 점프 많이 안 된다니까 뭐 해 보셔도 좋을 것 같아요 또 이 스페 이제 일어서 오셔서 일어서 신 다음에 높이를 조 전 맘에 듭니다 그렇겠죠 또 새 조금 더 주의해야 될 점이 있을 때 다리 점프 와 레 그린과 동일하게 바닥에 실력을 많이 쓰셔야 됩니다 충분히 완충 역할을 할 수 있는 뭐 거기 라든지 잔디 라든지 더 미끄럼방지매트 가 구비되어 있으면 좋을 것입니다 마지막으로 좀 연결해서 좀 넓게 보여 주시겠어요 2.9 g 다 2.2 2.3 대통령 예 알려야 한다 좀 밤 아 알람이 나 어 우리 ot 가 3종 전부 점프 3종세트 잘 갈 수 있습니다 여러분도 한번 해보세요 너무 재밌을 것 같아요 가히 점프 3종세트를 완성해서 인스타그램을 올리시면 저희가 상품 드리겠습니다 2.9 2.9 쫌 [음악] 으 으 으 으 [음악],
71,https://www.youtube.com/watch?v=Y5m3daz3a4g,Y5m3daz3a4g,강아지 ‘다리 사이 점프’ 해보개｜강형욱의 멍스쿨,강형욱의 보듬TV,으 be too 안녕하세요 모두 물러나 강형우 입니다 이번에 배울 교육은 4 그레이 입니다 [음악] 오늘 을 도와주실 플랜 살인 나오셨습니다 안녕하세요 반갑습니다 홀려서 이용선 입니다 강아지는 로티 고쿠 드립니다 그리고 여자이고 이제 막 환산 없습니다 저번 시간에 이어서 이번에는 왜그리 라고 한다고 하네요 선생님 이게 어떻게 하는 건가요 레벨을 링 짜 링을 만들어서 강아지를 점프 하게 하는 겁니까 보여줘요 4 레버를 있으니 또 가구 따서 이렇게 점프 하게 하는 겁니다 한쪽이 이렇게 뚫려 있으면 점프 하는게 수월해요 그런데 이렇게 완벽하게 막혀 있는 것은 자기가 점프 한다 라는 느낌의 들어간다는 느낌이 느낌을 좀 받을수 있어서 어쩌면 조금 긴장 스러워 하는 경우도 있겠어요 다리 위를 점포 하는 것은 금방 이렇게 하는데 다리 사이를 통과하는 경우 같은 경우에는 다시 사회에 들어가면서도 주춤주춤 하는 친구들이 되게 많습니다 아 알 그럼 이거 어떻게 시작하면 좋을까요 처음에는 정면을 5기 1 다음 강아지를 않게 합니다 정 맨 그리고 어깨 넓이만큼 다리를 벌리고 그냥 한 번에 들어올 수 있을 정도로 통과 하게끔 계속 반복 에서 가르켜 줍니다 한쪽 방향을 왼쪽 임을 왼쪽 오른쪽이 왜 오른쪽을 정하셔서 한쪽 방향으로만 계속 이렇게 통과 하게끔 그 오른쪽 편으로 이렇게 보라 나오네요 근데 오른 톤으로 나오게끔 저는 알려줘서 골은 쪽으로 이렇게 한방에 계속 애견 합니다 그래서 여기서 처음에는 사이 라고 해서 사이로 들어오면 이렇게 인 시디 인지할 때까지 계속해서 반복을 합니다 그럼 먹이 주는 손을 왼쪽에 왼쪽 쏜 오른쪽이 오늘은 오른쪽 돈으로 딱 하나 저희야 되겠네요 등 다리에 링을 만든 다리에 손으로 주시면 되요 그 다음에 굉장히 쉽습니다 앉아 라고 하고 이 사이를 이렇게 돌지 안쓰니까 다리를 밤 맞추시면 됩니다 한번 하고 조금 좁히고 주고 이루시고 조금조금씩 줄 필요도 괜찮을 거야 아 알겠습니다 다음 네 그래서 만약에 많이 좁혀졌다 라고 하시면 닉을 만들 다리를 뒤꿈치로 기준이 되는 다리를 밟으면 됩니다 아 뭐 이렇게 다리가 좀 길어야 되겠네 즉 어떤 경우에는 4 뜰이 본 안됩니다 병원 메리트를 본 안되면 그 다음에 이제 다음 단계는 동일한 상태에서 힐링이 되는 다리를 조금 더 먹게 된다고 생각하시면 됩니다 뒤꿈치를 밝히 마시고 종아리를 받는다 라고 생각하시고 점 땀 달리 그런데 이 오토 보니까 점프 잖아요 그러면은 바닥에 이것도 좀 안 미끄러져 야 되겠네요 예 뭐 께 뛰기 때문에 입을 위해서는 힘들 것 같고 흑발 하기 라든지 미끄럼 방지 패드가 깔려 있는 것이라든지 아니면 잔디밭이 라든지 노는 애가 좋을 것임 또 나온걸 내가 가지가 높게 튀는 강아지 다 라고 하면 높이를 더 높게 하셔도 괜찮고 앞서 배우신 뭐 예를 들어서 이 다리 위를 점프 하는거에 동 연결 동작으로 쓰셔도 퍼올 히어 되겠네 예 뭔가 좀 뭘 해야될까 고수 같은 느낌도 들고 그러면은 우리 전체 배웠던 요거 점프를 먼저 배우고 할까요 모자에 신체를 뛰어넘는 것에 익숙하기 때문에 사이를 통과하여 바로 넘는다는 걸 쉽게 인지 할 것 같습니다 요조 예의바른 강아지는 안할거 같은데 보자 만 넘고 막 그래야 될 거 좀 금반지 입니다 내가 아니게 잘하면 한번 있으 [음악] 여러분들 연습한 다음에 가족들 타 이렇게 하고 있는 거예요 총점 9점 좀 하면 얼마나 서 있겠습니까 아 미국은 손 쉰 다음에 영상으로 누르세요 올려주시면 감사하겠습니다 [음악] 으 으 아,
72,https://www.youtube.com/watch?v=wNpJSeGit5U,wNpJSeGit5U,강아지 ‘다리 점프’ 해보개｜강형욱의 멍스쿨,강형욱의 보듬TV,으 be too 안녕하세요 모든 누나가 음 형입니다 이번에 배울 교육은 단점입니다 쭉 쭉 쩝 [음악] 오늘 도와주실 훈련 단일 소개해드리겠습니다 안녕하십니까 훈련소 아이용 선입니다 아 앞에 잉 강아지가 있는데 강아지 소개드린 그대로 길안내 푸들 친구입니다 이제 막 한 사람은 없습니다 2 테레 튼튼하고 운동도 좋아 하는거 아닌지 자체는 이런 점프 하는 것들이 얻었지 낫겠어요 빠르면 쉽 꿈 왜요 10분 정도만에 금방 가리킬 수 있을 거 봤어요 이걸 10분만에 다들 될 수 있다고요 낮은 다 아닌 5 부터 시작하기 때문에 조금 간식도 좋아하고 뛰는거 좋아하는 친구들이 뭐 금방 금 아예 있습니다 그러면은 차근차근 단계별로 어떻게 이렇게 다리를 들어서 점프 1 이 방법 외에 오도록 하겠습니다 오늘 읽음 단계별로 차근차근 을 부탁드릴게요 자제 첫번째는 어이 서서 점프를 하기 보다 빤하게 편하게 앉으셔서 다리를 버스 이거 버스가 크리거 그냥 그 위를 따라서 걸어다니는 검마 먼저 연습을 하시는 등이 들고 이게 되시면 이 다리를 좀 풀어서 점프 이렇게 해서 하시면 됩니다 아니 기본적으로 먹이를 은 보아 해야 되겠네요 막 튀는 씨와 함께 사르고 가지고 배고플때 아 조금 하셔도 좋지 않을까 생각이 듭니다 크게 다음 단계 어디 다음 단계는 지금처럼 물을 좀 넣고 피신 상태에서 조금 높이를 죽는 겁니다 핸들러에 자세가 달라져도 날이 위를 점포 하게끔 하는 그런 느낌으로 하셔야 됩니다 그래서 똑같이 이렇게 앉아 그래서 좀 어 1 정도까지는 보통 일반적인 강아지들이 한식 뿌리면 하겠죠 근무 마음 멍한 움 아 끌림 은 bv 캔디데이트 되십시오 아따 예수께서 좀 보여주세요 또 이제 앉으셔서 그냥 여기서 좀 여하한 나 등받이 같은게 있으면 여기서 살짝 기대 심리 다 그리고 잡으신 상태에서 이렇게 이렇게 이렇게 하신 만약에 의자 등받이가 없으시면 벽에 배울 기대고 무릎을 꾹 피셔 가지고 가셔도 좋을것 같습니다 혹시 그러면 한번 가르쳤을 때 몇 분 정도가 를 쓰는게 좋아요 어 한 3분의 따가 1분 정도는 켄 4에서 쉬게 하고 1 2 3 제프 정도 하고 끝입니다 짧게 짧게 4 그렇게 두 마리 생활 키우시는 분들 있잖아요 같이 해야 되니까 부딪히기 때문에 다른 친구들은 캐내 있었고 그 하는 친구만 나와서 하는게 돌파 라구요 알겠습니다 그러면 이걸 충분히 됐을 때 조 마지막은 어디 어디 까지 좀 할 수 있는 마지막 같은 경우에는 그냥 이번에는 간 시간이 뒤 고 하지 마시고 그냥 손 만해서 하시고 그 다음에 이제 발도 바꾸시고 발을 옆으로 했었습니다 이렇게 하셔도 조금씩 연습 하셔도 좋지 않을까 생각이 됩니다 알겠습니다 아니 그럼 요 정도까지 일반적인 이제 우리 주변에 이렇게 돌아가는 말투 지나 플레이 같은 친구들이 하루에 3분씩 3 세트씩 한다면 얼마나 걸릴까요 8월에서 있듯 어학교 식물을 하는 세율 시작되는 망원역 이 릴레이 티그리스 듣게 했다 훈련 아아 주의 뜨거워진 나니까요 강아지도 좀 잘 안되더라도 꾸준히 한번 해 보세요 또 이 1월 하면 주의사항이 되어 있어요 너무 딱딱한 받아 보다는 흙 이라는 잔디 라든지 낮은 단계에서 높이 아니까 이걸 다 깔아놓고 도 하셔 줄 것 같고 그 바위 끄러운 방지 패드가 집에 깔려 있으신 분들은 접하게 파시면 조찬호 카 보호자 그렇게 궁 마시면 정말 재미 있었거든요 여러분들도 더 안 작 들여 충분히 당연히 배워야 되겠지만 이런 놀이 같이 해보시면 은 너무 재밌을 것 같아요 여러분 발매 부분도 와 같이 재밌을 겁니다 으 note 아,
73,https://www.youtube.com/watch?v=ZEZxyGAcePc,ZEZxyGAcePc,강아지 ‘켄넬 교육’ 편｜강형욱의 100초 레시피,강형욱의 보듬TV,[음악] toute 5 안녕하세요 모든 관련 훈련사 강형우 입니다 오늘 배울 배출에 스킬을 켓 내립니다 co 오늘은 유정 미술 은사님 그리고 그의 반려견 이세리 라고 하는 셔틀랜드쉽독 친구가 캔 네 안에 들어가 너를 보여드리겠습니다 보통 편대는 타 스틱 제질이 에요 그래서 조금 이렇게 몸을 부딪치며 는 꽝 소리도 나고 밀리기도 하는 데 익숙하지 않은 친구들은 이런 것에 놀랄 수도 있거든요 첫 번째는 강아지가 켄넬 주변 또 켄 4단 더 didn't 켄넬 일하는 것 자체를 무수 하면 안되요 텐데 주변에 맛있는 간식 이라던지 장난감 으로 놀아주면서 강아지가 기분좋게 켄 4리 옆에 있지만 기분 좋네 라고 하는 느낌만 주면 됩니다 두번째 이번에는 강아지 하고 놀아 주지만 이제 먹이를 켄 내 안에서 밖에 얻을 수 없어요 강제로 하는 건 아니에요 똑같이 놀아 줄 겁니다 하지만 캔 네 안에서 간식을 한두번씩 먹는 경험을 하면 훨씬 더 캣 4 약에 들어가는 것 켄넬 이라는 것 모든걸 다 좋은 거라고 생각할 거에요 그냥 저 친구는 간식을 먹고 싶구요 간식을 찾았는데 n 단에 간식 있는거예요 그래서 전에 들어갔더니 십자 간식인 4 그리고 하시고 먹어요 이 아태 봐 이란 생각을 강아지가 충분히 해야 됩니다 괴 번째 했네 문은 다쳐요 그런데 켄넬 알의 간식이 한두개씩 있는 거에요 들어오시면 어떡하지 정말 들어오신 데서 이렇게 막 행동도 하고 그리고 누 버리고 지금 보쇼 입구를 찾는 모습이죠 답답한 상태에서 마우스 라는 말을 할 거구요 그 말과 동시에 문 이어질 거예요 이렇게 되게 되면 훨씬 더 하우스 라는 말과 문이 열리는 행동이 연결이 되기 시작을 하고요 지금까지는 하우스 라는 말을 들으면 아 또 집에 들어가야 돼 라고 했겠지만 이제는 다 없으 라는 말을 들으면 문이 열려서 내가 캔 늘의 진짜 들어갈 수 있게 된거죠 체내에 들어가면 은 강아지가 갖췄다 다른 생각하지 않게 마음대로 나올 수 있게 도와주세요 한번 하루에 한 번씩 한번씩은 되겠죠 으 이거 하루에 3번 이군요 그런 식으로 해 주시면 아마 그렇게 어려워 하는 켄 4를 강아지가 아주 즐겁게 들어가고 찾아 들어갈 수 있을 거예요 으 으 [음악] 으 으,
74,https://www.youtube.com/watch?v=9nRMOQr3bOc,9nRMOQr3bOc,강아지 ‘스케이트보드 타기’ 편｜강형욱의 100초 레시피,강형욱의 보듬TV,[음악] toute 어 안녕하세요 고증 반려견 훈련 4 강형우 입니다 오늘 배울 백철 sp 늘 스케이트보드 답이에요 cool cool cool 오늘 100초 레시피 스케이트보드 타기 를 도와 주실 훈련 산입니다 유정민 흐른 산님 그리고 그의 반려견 셰틀랜드 10도 이슬이 에요 먼저 강아지 들한테 진용 3 각을 키워줘야 우리 보호자인 가정의 저런 장비들이 좀 없을 수 있잖아요 그러면 솜이 꽉꽉 차있는 비계를 요렇게 몇 개 해가지고 그 위에 올라가는 그 연습을 해도 도움이 될 수 있습니다 처음에 저는 장비 올라갈 때에는 그냥 무조건 강아지로 올려 놓고 기다려 아니라 조금씩조금씩 한발한발 올라가는거 연습을 하는게 좋아요 보자 링도 1 단계 균형잡기 한번 해 보세요 두번째 강아지가 이제 스케이트 보드 위에 올라가는 거예요 스케이트 보드 위에 올라갈 때에는 강아지가 좋아하는 간식을 주변에 뿌려 주기도 하고 스케이트 모두 위에 올려 주기도 하고 그래서 고정되어 있는 스케이트 보드 위에 올라가는 연습을 정말 탄다 안 하게 해주세요 스케이트보드를 버치 없이 올라갔다 내려갔다 밟기도 하고 흔들리는 스케이트보드 힘에도 불구하고 찬 생각이 올라가고 거기서 기다릴 수 있을 거에요 세 번째 단계는 두 번째 단계의 의 응용 이라고 생각하시면 되요 강아지가 앞다리 만 올라가요 그리고 뒷다리는 밑에 내려가 있으세요 혹시 궁금한 게 이 연습을 하다가 좀 놀란 강아지들도 있잖아요 그러면 어떤 좀 과정을 좀 더 버텨야 될까요 이 온 외가 최대 1개의 이제 받는 쪽으로 에서 발로 찬 시작하는 지금 선생님이 말씀해주신 것처럼 움직이면 안된다고 해요 그래서 다루어지고 고정한 생각했구요 자연스럽게 간식을 먹기 위해 두 다리가 스케이트 보드 위에 올라 갔네요 이거 다음 단계는 뭐예요 이제 이다 2 예 잘 움직입니다 아 강아지가 보호자를 따라다니면서 강아지 앞자리는 스케이트 보드 위에 올라가 있고 뒷다리로 이렇게 밀면서 걷는게 될 것 같은데요 다 d 로 케이트 모스 밑에 다리를 넣었어요 그래서 갑자기 더 멀리 멀리 가지 않게끔 다리로 이렇게 조절해주고 되요 우리 보호자는 스케이트 좋아 하시잖아요 강아지 들한테 한번 가르쳐주고 자구요 선생님은 못 하십니까 이슬이와 도발 찾는 거예요 p 1 번져 멋지게 둘이 이렇게 산책하는 스케이드 보드 타는 곳을 한번 기대해 보구요 우리 보호자 정도 한번 해 보세요 [음악] 으 으 으 [음악],
75,https://www.youtube.com/watch?v=I3SpNSFBnxk,I3SpNSFBnxk,강아지 ‘가져오기 교육’ 편｜강형욱의 100초 레시피,강형욱의 보듬TV,[음악] toute 5 안녕하세요 모두 말려 근 일년 4 장 형우 입니다 오늘 대출 s&p 는 가지고 와 타 저와 팀이라 처음 또 강아지한테 이 장난감을 던져주는 게 목적이 아니라 같이 가지고 노는 과정이 승리 부분이 있어야 되요 딱 잡으면 은 꽉 잡힐 수 있을 만한 그런 장난감 2개를 준비해 주시고요 그 다음에 하나를 가지고 놀아요 아 이렇게 하나가 뺏겨 요 뺏기고 나는 뒤로 가야 본능적으로 잘 그렇게 이거를 물고 내 근처로 요렇게 까지 옵니다 여기서 내가 내 나 막 내 나 이제 이런 경우들이 있어요 그럼 강아지들이 도우리 하고자 하는 본능이 쭉쭉 떨어집니다 그럼 어떻게 하느냐 내 손에 있는 장난감을 또 하지 울게 해 주면 자연스럽게 입에 있던 장난감을 철을 기도하여 퍼플의 장난감을 다시 숨기고 내 하고 있었던 물건으로 놀아주고 집에 있는 거를 내가 해소하고 이것을 반복하다 움을 자랑스럽게 상아들은 아 나 혼자 노는게 재미있는 게 아니라 보호자 한테 가지고 가서 당기는 놀이 이거를 할 수 있구나 이게 재미 있는 거구나 라는 걸 배울 거예요 먼저 주도 물 명 뒤로 다 아래 써 이번에는 내가 갖고 있던 거 하고 바꿔 주기도 하고 [음악] 발전한다면 이게 익숙해졌다면 잠깐만 기자를 본래 4 이렇게 1초씩 기다리는 거에요 다 했어요 우와 노짱이 더 보자 님이 이렇게 말도 라도 보세요 그러면 아마 이 3구간 동네 자랑 할 거에요 우리 보호자 정말 재밌다고 최고의 몰라 라고 우 으 to 으 으 [음악] 으 으,
76,https://www.youtube.com/watch?v=_m4BpL0os00,_m4BpL0os00,강아지 ‘이리와 교육’ 편｜강형욱의 100초 레시피,강형욱의 보듬TV,[음악] toute 5 안녕하세요 모든 권력의 훈련사 강의해 옵니다 돈을 알려드릴 100초 레시피는 앤 우리와 입니다 [음악] 이와는 먼저 우리가 생각해 봐야 되는 게 있어요 정말 내 개가 나를 좋아하는가 왜냐면 친구하고 의 관계만 돈독한 다면 그냥 관련 들은 보호자를 따라다닙니다 강아지한테 압박하고 강아지 않게 지적하고 강아지를 부족해 하면서도 내가 오라고 할 때 항상 오게 하고 싶다면 그 6살이 좀 수나 층 걸 먼저 내가 항아 제하고 신뢰 관계가 어떤지 그것을 고려 하셨으면 좋겠습니다 먼저 첫번째로 어 링 가하지 한테 이리와 를 가르쳐 주신다면 넓은 공간이 쓰는 좋습니다 자 제가 한두 발짝 움직였어요 그리고 살지 않습니다 간식을 먹고 저는 또 d 로 갈게요 그리고 로티 가 저한테 오면 간식을 넣어줘요 언제는 정면으로 언제는 같은 방향으로 서서 주는 거에요 그냥 허리를 숙여서 주는게 아니라 온 몸을 낮추는 무릎을 꿇는 행동을 하고 있죠 이게 반려견 한테 나를 이어 팔려고 하지 않는다 라고 하는 메세지를 같이 담고 있기 때문에 가능하시면 허리를 굽힌 것보다 이런 공작 으로 해주시면 좋을 것 같아요 이제 충분히 로티 가 저를 따라 온다 라고 하면 이제부터는 15만 입히면 됩니다 이리와 라고 움직이고 다 아직 아 저는 태우고 간식을 먹어요 잠깐씩 실수 하시는 분이 있는데 강아지가 나한테 오면 이쁘다고 만지는 거에요 그러면 강아지는 나중에 1위는 오지만 가까이 오지 않는가 가지가 될 가능성이 커요 그래서 가능하시면 우리 보호자 님 맛있는 간식 또는 장난감을 주시면 훨씬 더 좋아할 겁니다 내가 먼저 이 친구하고 친하고 내가 이 친구가 얼마든지 올 수 있는 그런 사람이 될 수 있어야지 일이 와도 잘 가르칠 수 있죠 [음악] 으 아 아 아 으 으 [음악] 으,
77,https://www.youtube.com/watch?v=sEMjlZBZWUI,sEMjlZBZWUI,강아지 ‘돌아 교육’ 편｜강형욱의 100초 레시피,강형욱의 보듬TV,[음악] toute 5 안녕하세요 모든 권력의 훈련사 강형우 입니다 오늘 알려드릴 107 sp 낸 돌아 입니다 [음악] 한 장소에서 빼꼼이 360도 도는 행동을 말하는 데요 아들 at 교육을 할 때 여기 스포츠 할 때 훨씬 을 유용하게 할 수 있습니다 입에 강아지가 좋아하는 간식을 되구요 한바퀴를 피해 돌립니다 그리고 한 바퀴를 돌고 나면 간식을 주는 거에요 많은 보호자는 들이 간식을 잡고 공유기에서 이렇게 불리는 경우들이 되게 아니라 강하게 커 에 대해 그 한 바퀴를 크게 돌립니다 강아지를 살짝 당기다 가 보라고 오름 반을 제 손에 방 야후 하치 핏하게 움직입니다 손 2 올리지만 제 몸 전체가 강아지가 한 바퀴 돌 수 있게 하죠 여기서의 포인트는 크 원을 따라 그린다 생각하고 강아지가 됩니다 그리고 난 다음에 잘 하면 원을 축소 합니다 아아아 잘있어 언제는 요렇게 언제는 표 요렇게 언제는 왼손으로 이렇게 예 너무 커 어려운 일이에요 보호자 인데요 처음 내가 가르쳐 주는 그 방향을 유지 하셔야 되요 먹이 없이도 한번 해보시고 나중에는 말까지 펴 주는 거죠 360도를 거의 다 왔을 때 돌아 라고 했으면 이제는 1회 주식도 정도 돌았을 때 그 다음엔 180도 정도 돌았을 때 나중에는 구입도 나중에는 불기도 전에 돌아 라고 말하고 돌게 시켜 주는 거에요 그렇게 하다보면 나중에 보호된 님이 손 손 통 작으로 만 도락 라고 말만 해도 한 바퀴를 펭 돌 그런 강하기 가 될 수 있을 겁니다 어렵지 않아요 한번 해보죠 부안면 깎아 탑니다 으 으 [음악] 으,
78,https://www.youtube.com/watch?v=1s-V_JMmfhk,1s-V_JMmfhk,강아지 ‘손 교육’ 편｜강형욱의 100초 레시피,강형욱의 보듬TV,[음악] toute 5 안녕하세요 모든 반력 의 훈련사 강형우 입니다 오늘 알려드릴 백출 s&p 는 소원입니다 [음악] 많은 분들이 손을 잘 가르치고 계시지만 한 가지 실수를 한다면 그 손을 잡고 흔해 라는게 있어요 터치하는 것 까지만 강아지 하고 해주시면 훨씬 더 재미있게 가르쳐 줄 수 있으실 거에요 한쪽 손으로 그냥 주는 거에요 흘러도 줍니다 iv 빨아 홈바 다 간의 간식을 넣고 손을 살짝 넣어 우려 볼게요 당 분까지 만 해도 그냥 먹을 수 있었는데 호우 2의 간식을 주지 않기 라는 생각을 하게 되면서 혼란이 오게 되요 그 혼란을 극복하기 위한 다른 행동들을 만들어 냅니다 콜라만 주면 안 되니까 약간 도움을 주는 거에요 아 작시 움직여도 봅니다 살짝 c 좀 지어 놓으면 es 아 보셨어요 오른손으로 확 찍는 고 3 그럴 때 제 손을 펼쳐서 간식을 주는 거에요 다시 한번 해 보죠 [음악] 예 동작으로 써보고자 하고 호흡이 맞게 되면 그 다음에 신호를 입힌다 라고 생각하시면 되요 코를 올렸을 때 손 이라고 하고 올리려고 할 때 손 이라고 말하고 가만 있을 때 손 이라고 말해서 같은 이구나 라는 것을 배울 수 있게 하는 거에요 이번에 한번 간 실이 없는 상태의 손 이구요 손 예 그리고 바로 하니 해주고요 그 다음에 선을 조금만 펼쳐 볼게요 손 어 이렇게 편지를 가성을 올리려고 하다 말아요 괜찮아요 웹을 루틴은 지금 오늘 배우고 있으니까 2 한쪽 손 잘 배우면 그 다음에 오른쪽에서 왼쪽 이던 얼마든지 번갈아 다루실 수 있습니다 그건 나중에 한번 해보죠 [음악] 으 으 으 으 [음악],
79,https://www.youtube.com/watch?v=lV5UyJlA1_U,lV5UyJlA1_U,강아지 ‘기다려 교육’ 심화 편｜강형욱의 100초 레시피,강형욱의 보듬TV,[음악] 안녕하세요 보든 반려견 훈련사 강입니다 오늘 보여드릴 주제는 기다려입니다 기다려라고 하면 사실 동작을 멈추는 것을 말해요 그냥 그 장에서 잠깐 대기하고 있어 그를 좀 가르쳐주고 싶잖아요 어떻게 시작하면 좋을까요 그냥 이곳에서 좋은 일이 생긴 거예요 처음에는 그래서이 위에서 간식을 하나하나 하나씩 하나씩 줍니다 그럼 자연스럽게 방석위에 올라가요네 제가 일어나 볼게요 그럼에도 강아지가이 방석위에 있어요 간식을 먹어요 제가 한 걸음 뒤로 갈게요 그래도 방석위에 있네요 간식을 또 줍니다 제가 다른 대로 가겠습니다 그리고 강아지한테 오라고 하거나 강아지한테 뭐 뭐라고 하지 않아요 제가 앉 면 공한테 이일이 오라고 하는 신호가 되겠죠 이때는 왔다라고 해서 간식을 주지는 않아요이 사람한테 빨리 가야 된다라는 생각을 할 수 있으니까 너무 자극적으로 칭찬하지는 않을 거예요 자 이번에 제가 다시 방송 쪽으로 [음악] 걸어가겠습니다 야 야 잘했어 숙련도가 높아지게 되면 이제는 일정 부분 거리가 멀어지고 강아지한테 깨방 릎 방향이 가능하면 강아지 쪽으로 한 다음에 손바닥을 보여주면서 움직이고 강아지한테 손바닥을 마저 보여주면서 가까이 가고 잘했어 잠깐 대기만 할 수 있다면 아마이 도시 생활이 그렇게 어렵지 않을 것이고 많은 사람들이 그 친구를 환영할 수 있을 겁니다 조금만 일관적으로 꾸준하게 하시면은 어떤 강아지 들이든이 교육을 할 수 있을 거예요 예 이제 5카드 5개월 된 모리가 이렇게 오랫동안 엎드려 있잖아요 [음악],
80,https://www.youtube.com/watch?v=aFojR9xDl30,aFojR9xDl30,강아지 ‘기다려 교육’ 기초 편｜강형욱의 100초 레시피,강형욱의 보듬TV,[음악] 안녕하세요 보든 반려견 훈련사 강형욱 있니다 오늘 알려드릴 강형욱의 백초 레시피는 [음악] 기다려입니다이 곳을 찜하고 있는다는 생각 그 생각으로 가르쳐주고 보호자님이 지금 금방 돌아올 것이니 나 그냥 여기 있으면 되겠구나로 이해하거나 아니면은 방석 위에서 대기 잠깐 기다리는 것을 가르쳐 주는게 훨씬 좋습니다 어렵지 않아요 강아지가 먹이 좋아해요 먹이 너무너무 좋아해요 그럼 이렇게 하는 거예요 예 그냥 올라왔더니 제 손에 있던 간식을 먹어요 저 손이 잠깐 떨어질 거고요 고민하겠죠 대체 내가 어디서 먹은 거야 그리고 또 올라오니까 또 먹어요 2개월 정도 된 강아지 집중력이 되게 적을 수 있어요 이럴 때마다 이리 와 이리 와라고 하게 되면 보호자한테 통제 받는다라고 생각을 해요 중요한 거는 이곳을 머니까 이곳에 올라가니까 좋은 일이 생겼네 그것부터 가르쳐 주는게 훨씬 더 좋습니다 야 벌써이 친구는이 먹이를 먹으면서이 방석기 위해서 시간을 보냈네요 아마이 방석기 위해서는 즐거운이 있을 수도 있겠나 몇 개 정도는 아마 머릿속에 남았을 거예요 지금 저는 보상 타이밍을 하고 있어요 하나는 저 위에다가 우연히 찾아먹는 간식을 만들어 줬고요 또 하나는 강아지가 올라갈 때 직접 주는 보상을 하고 있어요 다른 곳에 왔다 갔다 거려도 음식이 나오지 않지만이 노란색 방석위에 올라가면 간식을 먹을 확률이 높구나이 기억들이 쌓이는 거예요네 지금도 오라고 하지 않아요 그냥 가만히 있을 거예요 이러다가 방석 위에 올라가면 그때 보상을 받아요 예스 괜찮아요 강아지가 [음악] [음악],
81,https://www.youtube.com/watch?v=q9JscWEpBpI,q9JscWEpBpI,강아지 ‘엎드려 교육’ 편｜강형욱의 100초 레시피,강형욱의 보듬TV,[음악] 안녕하세요 보든 반려견 훈련사 강욱 있니다 오늘 알려드릴 강형욱의 백초 레시피는 업드려 [음악] 있니다 엎드려 반려견들이 하고 싶어하지 않는 행동들 중에 하나예요 정말 내가 엎드려 있어도 괜찮아 저기 자전거 지나가는데 사람 지나가는데 내가 도망가 도 못하고 보호자님을 보호하지도 못하니 걱정도 되게 많이 해요 아주 기초적인 것부터 가르쳐 드릴게요 단지 집에서 집에서 연습하는 간단한 건데요 앉아 있는 상태에서 엎으려는 훨씬 더 간단할 수 있어요 단지 먹이를 밑으로 내리기만 하면 돼요 앉았어요 엎드리니 간식 먹어요 수원이 엎드린게 아니라 밑에 있는 간식을 먹으려고 그냥 팔꿈치를 댄 거예요 그래서 엎드려 팔꿈치가 닿는 거다라고 인지하는게 훨씬 더 강아지한테 갈리지 않을 거예요 다시 앉아볼까 아 이게 잘했어려 볼까 너무 잘했어 강아지가 당장 내가 원하는 모습이 나오지 않을 때 머리도 만지고 어 말도 많이 하게 되고 한번 그때 보호자님 스스로가 내가 하는 행동을 보시면은 정말 집중하여 앉아 엎드려를 가르치고 있는지를 파악할 수 있을 거예요 그래서 다시 점프해요 슬쩍 앉았어요 반식 밑으로 내렸는데 엎드리면 예 오케이 잘했 줄줄줄 질질 잘했어 처음에는 좀 잘 안 할 수도 있을 거예요 억지로 막 내리려고 하지 마시고요 재밌게 공부해야 됩니다 재밌게 앉고 재밌게 엎드리고 그래야지 강아지가 오래오래 배우고 내 욕구를 조금은 잡아야 되는 하고 싶은 거를 못 해야 되는이 상황을 그래도 만족스럽게 받아들 수 있 니다 [음악],
82,https://www.youtube.com/watch?v=qG3cZgje2CE,qG3cZgje2CE,강아지 ‘앉아 교육’ 편｜강형욱의 100초 레시피,강형욱의 보듬TV,"안녕하세요. 보듬 반려견 훈련사 강형욱입니다. 오늘 알려드릴 강형욱의 100초 레시피는 '앉아' 입니다. '앉아'를 가르쳐 주고 싶을 때, 왜 '앉아'를 가르쳐 주는지를 알아야 돼요. 그냥 앉은 모습을 보고 싶어서? 아니! 사실은 나랑 같이 걷다가 내가 설 때, 내가 어디에 잠깐 대기해야 될 때 그리고 또 우리가 요즘 이야기를 많이 하고있는 '펫티켓', 그거에 준하는 그런 행동이구요 수원이는 이제 갓 2개월 조금 넘었어요. 정말 하룻강아지입니다. 정말 하룻강아지 인데, 먼저 여러분들이 '앉아'를 아직 모르는 강아지를 데리고 있다면 그런 친구를 키우고 있다면은 정~말 좋아하는 간식 정말 좋아하는 간식을 다시 냄새 맡게 하다가 위로 올리고, 다시 냄새 맡게 하다가, 위로 올리고 이얏~다시! 예, 맞아요 이게 리얼이에요! 점프 하면, 손을 내려버려야해요. 자, 다시 다시. 예에~ (아주 잘했다는 듯이) 엉덩이가 땅에 닿는 순간, 바로 '잘했어' 여기서, '1초는 기다려야지'? 아니에요. 초보 강아지들한테는 엉덩이가 땅에 닿은 것만으로도 보상이어야 해요. 앉아있는 상태에서 강아지한테 또 '앉아'를 가르쳐 줄 수는 없구요 그래서 앉은 상태에서 또 내가 옆으로 와요. 이렇게 장난도 치고, 냄새 맡고, 옆으로도 오고, 냄새 맡고 이렇게 아이구~(장난스럽게) 그러다가 섰는데 앉으면 주는 거예요. 단, 그냥 먹이를 마구마구 주는 게 아니라 냄새를 맡게 하고 '이거 먹고싶어? 나 따라와봐' 라고 하는 느낌부터 가르쳐 주는 거죠. 앉아를 너무 잘 한다. 이리와~ 하하하하 이게 강아지 교육입니다. '우리 강아지는 왜 안 돼요?' 아니요, 이게 잘 하고 있는 거에요. 2살 된 아기에게 무슨 집중력을 요구하겠어요. 그 정도면 대단한 거예요.",
83,https://www.youtube.com/watch?v=uE5ioMMhi-w,uE5ioMMhi-w,"여러분, 감수 하실 수 있겠습니까? | 강형욱의 100초 레시피 예고",강형욱의 보듬TV,[음악] 선생님 우리 댕댕이도 교육받고 싶어요 보호자님 다 감수하시겠습니까 [음악] 이것을 대글로 드리십시오 저를 전적으로 믿으셔야 합니다 [음악] TR people,
84,https://www.youtube.com/watch?v=nxPKLcc76Nc,nxPKLcc76Nc,"배우고 싶었던 반려견 교육 팁, 강형욱 훈련사님이 알려드립니다! | 강형욱의 100초 레시피 예고",강형욱의 보듬TV,백초 영상 하나의 반려견 교육 레시피 하나가 담겨 있습니다 여러분 궁금하시죠 앉아 돌아 기다려뿐만 아니라 안녕하세요 캔넬 교육 그리고 또 독 피트니스까지 알고 싶은 교육이 있다면 지금 바로 댓글로 신청해 주세요 여기로 여기 신청 어디 신청하고 댓글로 댓글로 댓글로 어디다 신청합니다 합니까 물어보지 말고 댓글로 I [음악],
85,https://www.youtube.com/watch?v=gV7R-60qDOY,gV7R-60qDOY,"직접 경험해본 유럽의 강아지 매너, 펫티켓 ｜강형욱 X 페퍼TV",강형욱의 보듬TV,아 떤 때도 있을 것 같은데 그건 언제 아무래도 체이스 다 애들이 데리고 놀기 가 너무 예쁘잖아요 자연경관이 거기가 좋아요 세카이 핑을 많이 하잖아요 사람들이 페퍼 랑 같이 가면 음악 타 번 응원해주는 말까 맞습니다 다음에 뭐 좋다고 막 그러고 막 다른 강아지들도 많이 하구 삶도 많이 팝스타 v 확실히 저편 하단 알바 사람들 그 중 이 자체가 꾸미기가 겹으로 좀 그렇게 호의적 1 아니 호의 저기 제가 막 그렇다고 마 유럽이 막 무조건 적으로 넘 좋다 이런 것보다 배울 것도 많아요 어떤 규정도 이래요 강아지들이 이산 사람들한테 피해를 주는 친구들이 많이 없었던 그녀들 일단 기본적으로 교육이다 잘 돼있었고 마주 그냥 일반 분들 강아지 않기 주신 분들도 매너가 없는 수탉이 갖춰져 있고 으 8g 페퍼 한테 어떤 행동을 할 때 저한테 카 허락을 만 그렇죠 그리고 제 나가는 사람마다 그냥 의 결정만 진다고 하는 흐엉 게 선역 소리를 낸다거나 그런 것들은 많이 없어 줘 이렇게 있으면 어떤 분이 도와서 찾은 찍어도 되냐고 왜 조심스럽게 어서 사진 찍어도 되냐고 물어보고 된다고 하면 이 그때 이렇게 찍고 택 모든 행동을 다 물어 보더라 그렇죠 그렇지 그래서 저두 편 했었던것 그런 아셨으면 좋을 게 지금 한국의 밝은 교육은 저 사람이 우리를 싫어하지만 우리는 조용히 하자 저사람이 우리한테 위협적으로 나오지만 우리는 저 사람한테 위협하면 안돼 부디 저사람이 우리한테 뭐라고 하지 않기를 바라며 걸어가자 너무 극단적으로 표현하는지 모르지만 그렇게 되다 보니까 반려견은 당연히 보호자를 지키고 싶은 보고 력이 다들 있거든요 우리가 누구를 좋아하면 지켜 주고 싶잖아요 그렇다 보니까 내 보다가 긴장을 하게 되면 그 내 팔려가는 당신 옆에 오지 마 당신 저리 가라고 하는 행동이 나와요 보호자 님도 그곳에서 느끼시지 않아요 저 사람이 지금 우리의 등장을 불편해 하지 않는구나 어쩌면 은 5 우리 페퍼 로 인해서 내가 우리가 인사도 할 수 있고 그쵸 어 훨씬 더 좋은 경험이 됐을 거야 으 [음악],
86,https://www.youtube.com/watch?v=eSmsnvt5j9c,eSmsnvt5j9c,내 강아지는 비행기를 잘 탈까? 비행기 타는 연습하기 ｜강형욱 X 페퍼TV,강형욱의 보듬TV,아 이거 궁금해 하시네요 비행기는 어디 탄 야구 타 있는 친구들이 타는 탐 그쪽에 탔어요 5 이 중 1차 어땠어요 페퍼 를 데려 가겠다 한거는 일단 제주도나 뭐 비행이 경험이 일단 해봤어요 아 미리 그러면 저 벌써 비행기 타는 것은 좀 해 보셨네요 일이 이제 털의 아지 축류 들이 어느 정도의 스트레스를 없고 어느 정도 견딜 수 있는지 아니까 아웃 부탁 4급 일이죠 제주도가 보고 좀 제주도는 매년 갔었거든요 예 하인 개는 안 되려면 칼 났더니 여기가 3 2 4 비행 스트레스가 있더라고 같아요 많이 힘들었나 봐요 그래서 괜히 제 앞에 희 야 안되겠다 이랬어요 아예 끼니 여행은 안다 감 되는 걸로 하고 제일 괜찮았던 계 획 버스 슈퍼를 계약 약간 차분 했어요 양모 나오네 적응력이 탕 논란 더 잘 되어있고 이러니까 4 분류 다시 켜 거 든 열었을 때 벌써 지어 우리 보호자 님이 준비가 좀 되셨다 라는게 교육이나 이런 것들 없이 여행을 가야 g 가 아니라 벌써 우리 국내에서 부터 쭉 강아지를 이동시키고 또 자리 잡고 놀고 또 그러기 위해서는 켄넬 있으면 좋거든요 1 벌써 그런 것들을 좀 적응을 시켜놓고 하니까 준비가 좀 충분히 되겠네요 그냥 어느정도 경험치가 다 싸이 쉬고 네 하 했을 때 판단을 했을 때 어 나라 충분히 에 갈 수 있다 이럴 때 이제 가는게 좋은 것 아 조금 훌륭한 것 같아 실제로 뭐 적도 복식 가실 계획이 해보겠어요 아 힘들었어 아빠 8평 들었어 [음악],
87,https://www.youtube.com/watch?v=KMUjh6eoNiw,KMUjh6eoNiw,강아지와 한 달 유럽여행! 비용은 얼마? ｜강형욱 X 페퍼TV,강형욱의 보듬TV,어 정말 좀 예민한 부분이기도 한데 얼마나 다녀 오셨죠 한 달 한 달 그러면 혼자가 오신 거예요네 강화 지하고 둘이네 얼마 드셨나요 리 솔직히 궁금하잖아 얼마 하잖아이 일반 성인 여성분 한 분과 보더콜리 한 마리가 유럽 3개국을 갖고요 이거 패키지로 나올 수도 있어 개국을 갖고 한 달 정도 이제 머무셨다 합니다 그 비행기값은 한 어느 정도 들었어 비즈니스를 끊어 가지고 어 비즈니스 얼마예요 하게 했어요 한 300만 원 300만 원에 비즈니스 탈 수 있어요 강아지는 퍼 왔다 갔다 하는게 40만 원 왕복 괜찮네 괜찮아요 20만 원씩 원래는 당으로 뭐 이렇게 했는데 아예 딱 정해졌어요 또 지금은 또 달라질 수 있겠네요 아니 지금 아마 비슷할 거 같아요 근데 비행기를 타고 외국에 나가는 준비되는 비용이 있나요 강아지 예방 격정 뭐 이런 거 정확한 기억이 안 나는데 60 70 아 그게 더 비싸네요 비행기 값보다 검역 서류 할 때는 한 얼마나 걸렸나요 보통 최소 4개월 정도 생각하고 하거든요 4개월네 근데 만약에 그 항체가 또 안 나오면 또 재검사를 해야 되니까 좀 여유 있게 전 반년 전부터 했어요 6개월 어 그게 현명할 것 같아요 혹시 안 될 수도 안 될 수 있으니까 그러면은 이거 이거 다 해서 비행기값이 비즈니스를 탔을 경우 400 나왔어요 그리고 저 숙소 비가 한 어느 정도 나오세요 그니까 제가 아껴 보려고 이제 한입 님 막 뭐 이런 데를 이제 메일을 보냈던 거예요 근데 됐던 데가 두 군데 있었는데 나머지는 또 호텔에서 잤고 조금 한 10만 원 초반 대에 호텔들 찾아 가지고 예약하고 한인 박도 하고 뭐 이런 식으로 해서 여행 끝나고 보니까 한 1천만 원 정도 1천만 원에 세네 근데 지금 가면은 아낄 수도 있을 것 같아요 더 그때는 제가 이제 모르니까 그런 모르는 비용들이 더 나갔고 왜냐면 기차를 놓치거나 뭐 그럴 수 있겠다 기차를 예약을 제 거를 했는데 얘 기차는 뭐 미리 가서 예약을 못 해요 따로 가서 결제를 해야 된대요 저는 그래서 기계로 하면 되는 줄 알았는데 또 카운터를 가야 된대요 또 그런 과정에서 또 기차 놓치고 뭐 막 그런 우여곡절 때문에 나간 비용이 있어서 아 근데 그리고 비행기를 줄이면 그러네 비행기 좀 줄이면 좀 예 어 줄이면 지금 가면은 그러면은 한 절반까지는 아니지만 한 7 7 800 700네 7 800에 한 달 저 강아지하고 유럽에서 있을 수 있으면은 알바를 해야 되나 퇴치 땡 있어야 되나네 죄송합니다 아니 저는 저 저도 여행을 참 좋아하고 강아지랑 여행 가는 거 정말 좋아하는데 해외 여행은 안가 봤거든요 [음악],
88,https://www.youtube.com/watch?v=quq0x5S9Lgg,quq0x5S9Lgg,강아지와 유럽여행 중 위기상황 발생 썰 ｜강형욱 X 페퍼TV,강형욱의 보듬TV,사람도 유럽을 저 많이 못가 보는데 우리 사람도 가기 힘들잖아요 경 경유하는 거 할 줄 아세요 여러분 경유할 줄 아세요 얼마 힘든데 근데 우리 강아지가 유럽에 다녀왔다고 합니다 우리 페퍼가 유럽 어디 어디 다녀오셨어요 난 프랑스랑 스위스랑 이탈리아 이렇게 세계 나라 한 얼마나 계셨네 한 한 달 정도 한 달 정말 좋으셨겠어요 좋았어요 저도 그랬죠 다들 아마 여기 계신 분들 그럴 거예요 여행 가면 좋잖아요 또 해외여행 가면 좋잖아 아 여기서 우리 강아지가 놀면 얼마나 재밌을까 야이 해변에서 우리 강아지가 놀면 얼마나 좋아할까 이런 생각 가지잖아요 근데 실천하신게 진짜 대단하신 거 같아요 막 준비하는게 막 그렇게 짧진 않았어요 막 조사하고 알아보는게 뭐 정보가 워낙 없어서 저도 모르니까 막상 가서 고생한 것도 있지만 아 그냥 돌발적인 상황도 막 생기니까 어떤게 제일 좀 난감하고 좀 막혔어요 제가 이제 한인민박을 막 메일을 다 보내 가지고 허락을 맡았어요 어 근데 허락해 주신대서 안 된데 봤는데 안 된대 아니 갑자기 확장 나네 이거 그건 아니었는데 거기서 이제 숙소를 저라 페포 목소리였는데 언니 안 된데 짜증난다 아 짜증나 된다고 매일 받았는데 언니 안 된데 짜증난다 아 짜증나 된다고 매 받았는데 어 딴데가 그 그건 아니었는데 이제 그냥 갑자기 저랑 상의도 없이 그 제 짐이랑 이런 걸 다 뺐어요 왜요 그분이 한인 민박을 하시잖아요 그러니까 이제 한국분들이 뭔가 고생을 하는 거를 그냥 못 지나치시는 분인 거예요 거기 유럽에 유명한 그런 벌레가 있어요 베드 버그라고 물리면 큰일 나는 거 막 다 막 난리나는 거 그거에 물린 이제 가족이 있었는데 그분들이 갑자기 묵을 데가 없다 그래서 저의 짐을 다 뺐었어 빼서 어떻게 했어요 울었죠 그 뺏어 나가래요 다른 호텔에서 자라고 이런 식으로 해서 뭐 근데 이제 그분이 나중에 이제 사과하고 뭔가 뿐이 좀 있었어요 그분이랑 다이다 해결이 됐으니까 해결은 됐는데 이제 막 그런 상황들 있잖아요 얘를 데리고 있는데 맞아 어 이런 혼자는 어디든가 그죠 강아지 데고 있으면은 뭐 어디가 그리고 얘가 아팠었어요 어디가 아팠어요 감기가 걸려가지고 아 나도 그게 걱정이다 아프면 어떡해 진짜 걔도 아프니까 근데 그때 저 진짜 완전 드라마를 찍었어요 그때 스위스가 이제 비가 많이 왔고 눈도 막 산 타면은 이제 눈도 막 있잖아요 막 거기서 눈을 또 좋아해요 막 그래서 막 몸 막 비비고 막 놀고 막 이랬는데 이탈리아가 엄청 또 급격하게 덥잖아요 어 잘 몰라요 제가 죄송합니다 나 경기도 못 태워줘 이탈리아가 엄청 더운 나라니까 거기서 호텔에서는 이제 막 에어컨도 막 많이 틀어주고 이제 막 아무튼 얘한테는 그 기온 차이가 좀 이렇게 왔는지 감기가 걸렸는데 갑자기 밥도 도 안 먹고 이런 애가 예 밥을 안 먹었어 그리고 장난감을 이렇게 던졌는데 그냥 이렇게 보기만 하고 정말 컨디션이 좀 떨어진 상태군요 그래서 여기서 죽을 거 같은 거예요 완전 이거는 그래서 막 호텔 거기 로비 내려가 가지고 말도 안 통하는데 울면서 강아지가 수을 못 쉰다고 못 쉰다고 막 난리를 치니까 그분들이 더 난리가 난 거예요 막 강아지가 막 숨을 못 신다고 막 난리가 나서 막 갑자기 어디 막 전화를 해서 동물병 에 전화를 해주시는 거예요 그래서 동물병원 전화해서 지금 강아지가 뭐 아프니 뭐 얼른 보내겠다 이하다 그래도 감사 택시까지 이제 잡아주셨고 근데 택시가 안 잡히는 거예요 그래서 그 호텔 그 직원분들 막 들어서 막 잡아 가지고 태우고 영화도 주시고 택시기사분이 이제 강아지를 계속 막 보면서 역주행을 하시면서 거의 막 동물병원에 도착을 해서 가서 이제 어떻게 되는데 뭐 다행히 그렇게 큰 그건 아니었 났어요 그래서 약 먹고네 약을 주셔 가지고 약도 먹고 한 푹 쉬어요 며칠을 아무것도 안 하고 그랬더니 이제 다시 이렇게 돼가지고 활력이 이렇게 거기에 가가지고 강아지 아프면은 그러니까요 그거는 상상도 저도 못 했거든요 아 그런 경우가 있으니 이제 근처에 동물병원 이런 거를 좀 알아놔야 될 거 [음악] 같아음 n [음악],
89,https://www.youtube.com/watch?v=aAGGqw3VhQQ,aAGGqw3VhQQ,강형욱 훈련사도 매일 하는 분리불안 교육 ｜강형욱 X 대도서관,강형욱의 보듬TV,그 제가 토르 션을 좀 1 드린 게 있었어요 저요 블립 을 아니까 혼자 있는 것을 못 한다 라고 해서 57 법칙 이라고 하는 걸 좀 가르쳐 드렸는데 를 이야기하다 보니까 흡연을 하나도 아예 따라하는 생각하 알고 알려 거구요 어떻게 하고 계셨나요 어 그거를 초반에 이제 가르쳐 중간에 이제 외출도 하고 쭉 하다가 4 이제 그 다음부턴 이제 바빠도 아 하긴 했는데 근데 그 이후에 많이 줘야 4 그다음 부터는 이제 저희가 나가는것 저도 집에 강하게 집에 있을 때는 괜찮은거 같아요 것임 나갈수 이렇게 자꾸 불리고 는 굉장히 원인은 되더라구요 학계나 3 밖에 나왔을 때 아니게 외부에서 낯선 공간에서 저한테 분리 그래도 좀 정하고 그에 조 랑 같이 쓰는 뭐 좀 더 나아 4 음 제가 오늘 한번만더 한번더 지퍼 드릴게 4 어떤 거냐면 우리가 어쨌거나 줘 열심히 살고 일을 해야 되니까 외출을 해야 되지 않습니까 슈 분들 해야 되고 그 저도 매일매일 하는 게 있어요 매일 요즘엔 왜 왜냐면 은 없 분리 불안 이라는 것 네 그냥 갑자기 어느날 잘못 우리 나빠서 이렇게 오는게 아니라 아예 감정 관리의 실패 거 든 요 가 감독으로 생물 한마음 하고 비슷해요 감정 관리를 잘 할 수 있는 방법이 있어요 뭐 자고 강아지 아고 이제 우리가 살면서 4 이 방법이 아주 간단한 거에요 제가 좀 일어서서 보이고 왜 그렇게 안전기준에 이게 이제 문 이라고 하며 내 보통 이형관 이잖아요 4 또 내가 5 또 있고 뭐 가방도 이렇게 좀 준비를 했을 거 네 그럼 에게 소리 알아요 그러면 우리 되던 님도 아침에 일어나셔서 화장실 또는 물을 드시는 거 아마 정해져 있을 거에요 와줘요 아침에 거의 대부분 일어나는 일들은 내 행동이 패턴화 되었어 가져가 줘 올해는 무의식 중에 하는 아침에 육아를 에 팔려 핸들은 아주 중요한 사명 같이 계속 보호자를 바라보며 보호자 의 행동을 쫓아다 나요 예 그렇게 하다보면 그 결과가 뭐냐면 보호자가 끝에는 항상 깔끔하게 입고 현관에 가서 다녀올게 라고 하고 나가죠 그래서 제거 옷을 변화 있잖아요 예 그럼 가만히 있다가도 바라보고 있다가도 제가 바지를 익년 그때 투스 와가지고 바지를 먹게 이렇게 해야 멘토를 맡고 나 그래요 이 친구는 아침부터 보호자가 깨어나게 전부터 출근을 하기 까지 보호자 님이 뭐하지 뭐 할까 뭐할까 뭐할까 이렇게 따라다니다가 그 결과가 좋은 장으로 떨어지는것 아 그래서 어떤 마음 관리를 감성 관리를 제대로 못한 관련 핸들의 으 이때 말하죠 하지마 두고 가지마 이제 그것을 이제 우리가 블리 보라 이라고 하고 이제 짐 낸 행동 고 안 좋은 행동 문제 행동 이라고 하지만 좀 그렇지 않습니까 이렇게 짖어 짓는 것을 문제 행동 이라고 그랬군요 거지 마세요 어머 기능 했는데 왜 뭔데 머문 젠더 이제 그렇지 않습니다 그래서 그런데 우리의 출근을 해야 되고 아침에 이제 바쁘니까 4 그렇잖아요 그래서 이렇게만 해도 좋아요 o 어 어 우리 대도 님께서 다 준비했어요 이제 현관에 이제 나갈 준비가 끝난 거야 그때 그냥 현관의 신발 친구 a 친구 앞에서 손맛을 쪽 내밀고 으 한숨도 절정을 한수민 듯 하품 인듯 편안한 거 있잖아요 예 괜찮아 이렇게 말해도 좋아요 어머 단추 야 또는 야 왜 아빠 다녀요 여기서 중요한 아빠 단협 깨다 이렇게 산업계 탄력에 나오지만 사회학의 안아 줘 이게 흔히 레 아래 단 이렇게 차분하게 네 맞아요 전혀 올게 예 너무 재미 있게도 얘들이 알아요 분명 나갈 거라는 걸 4 나 갈 건데 이 사람의 행동이 너무 급하지 않고 조급하지 않고 다 급하지 않으면 예 반려견 들이 이제 내 않은 무엇을 해야 되는지를 스스로 알게 되요 음 이렇게 알겠어 일 열심히 하고 합체 이게 먹고 으 다치지말고 발견된 생각도 하고 늘 어 다녀와 나 여기 있을게 잊지는 마 라고 아 체념 인듯 인정 인듯 기다릴 수 있어요 그래서 감정을 추스릴 시간을 주는 거군요 저하 시간이 필요해요 개들은 우리 사람처럼 나 8시에 나가는 거 알잖아 그런데 왜 매일 같이 왜 그래 나 아니라 괜찮아요 4 다녀올게 이렇게 느낌 주고 나가면 실제로 바로 운이 문 열고 나가서 문닫고 짖어 떤 친구들도 이해하고 인정할 수 있어요 아 출근 하실때 5분 정도만 이거든요 다니 있다가 나가셔도 이 연습에 기본이 될 수 있으니까요 지금도 어무 훌륭하지만 훨씬 어 잘 지낼 수 있잖아요 예 지금 구룹 즐거운 까이 아 tv,
90,https://www.youtube.com/watch?v=oR4_qt_g2GU,oR4_qt_g2GU,다견 가정 필수생활수칙 ｜강형욱 X 대도서관,강형욱의 보듬TV,훈련사님 이야기를 들으니까 되게 심리 3장 받는 거 같아서 너무 마음이 편해지네요 자 그리고 하나 또 알려 드리고 싶은게 있습니다 아마 벌써 아시고 잘하실 건데네 지금 우리 보호자 두 분이 강아지 두 마리하리 사는 거잖아요 모두 내식 구에요네 그러면 여기서 딱 좋은음 시스템이 하나 있어요네네 개가 있어야 돼요 아 맞아요 저희 그래서 가급적네 산책할 때 무조건 나눠요음 꼬맹이는 무조건 엄마 저는 단추는 무조건 아빠 더 중요한 거 있어요네 밥도 아 단추는 우리 대도 님이 주시고 우리 꼬맹이는 윤대 님이 주시고 아 그것까지 아직 안했어요 그리고 쉴 때 얘네들 보니까 계속 같이 이렇게 왔다 갔다 하는 거 같은데 가끔씩은 뭐 공부하실 때도 있고 뭐 알아보려고 내 방에 서지에 있을 때 있잖아요 그때는 우리이 친구만 데리고 들어가고요 그러면 저 방송할 때랑 유님 방송할 때 들어면 되겠네요 이제 알겠다 어 되게 중요한 거군요네 그렇게 하고 산책도 가치도 너무 좋지만 가끔씩은요 친구만 데리고 우리 대도 님이 나가서 산책하고네 언제는 우리 꼬맹이 데리고 윤님이 데리고 산책하고 그렇게 하면이 친구들이 되게 같이 만났을 때 좀 여유로워요 아음 그 서로 소유한 거군요 저희를 그렇죠 그러면 욕심내지 않아요 그럼이 친구 책 나갈 때이 친구가 어 괜찮아 나 언니하고 같이 있다가 나갈 건데 뭐 욕심 내지 않아요네 그렇게 한번 해 보시면은 도움이 될 거 아 좋을 것 같습니다 정말 너무 좋은 솔루션인 거 같아요네 아 어렵 되게 간단한 건데 우리가 실천이 좀 힘들어서 그런데 방송할 때만이라도 정말 이렇게 해보세요 도움 될 거예요네 맞아요 어차피 방송 시간이 같고 방 방이 완전 다르기 때문에 그렇게 놔두면 너무 좋을 거 같아요 [음악] 지금 우리 즐거운 다이아 TV,
91,https://www.youtube.com/watch?v=zfEDP4GW0sg,zfEDP4GW0sg,(참 쉬운) 강아지 친구 사귀기 ｜강형욱 X 대도서관,강형욱의 보듬TV,얘한테 어떤 교육을 좀 시키는 게 도움이 될까요 이런 테 친구가 있었으면 좋겠어요 사용하기 이렇게 사회 교육 이라고 하면 좀 어려운 것 같잖아요 외에도 사회성을 불굴 예 친구 만들게요 단추는 단추 나름 들에 친구가 있어야 되구요 4 꼬맹이는 꼬맹이 나름대로 친구가 있어야 되요 아까 불이 똑같은 공유하는 친구가 아니라 각자의 친구 그러냐 아 그래요 그런 타 일상을 내내 들한테 맞추면 제가 생각할 때 지금처럼 이렇게 건강하게 오래 오래 갈 수 있을꺼예요 친구 만나기 어떻게 하는지 아세요 포트 80 그 억 그냥 뭐 카페나 노동자의 가는 풀어놓은 계란 1알 줄을 매고 같은 방향으로 같이 산책하는 거예요 아 그러니까 플랜 한다고 되는게 아니라 예 저는 같이 받음에 중요한 겠어요 예 나도 그 개입 보호자 하고 친구가 되고 4 인사도 하고 저 좋은 모습 이타적인 모습을 많이 보여주면 걔들이 알아요 우리 보호자가 이 커뮤니티에 소속이 되어 있구나 그럼 나도 편안하게 소속이 돼야지 그래도 우리도 아빠 친한 분들 하고 친하게 되고 엄마 체험분 여러분 신학의 되잖아요 똑같아요 4 보듯 이건 분이에요 왜 내 앞에 교동 밤 동거 뒀어요 예 아내가 그렇게 못했어도 미안하기도 하고 예매자 그래스 드디어 우리가 사회성이 없건 되요 진짜 나중에 저희 센터에 하치 이건 나의 만나서 있겠군 f 줘 네 저희 센터 옷에 저희 센터 새창 것도 있고 그러니까 하산 책보다 그럼 너무 줘 [음악] 지금 후릅 즐거운 까 이어 tv,
92,https://www.youtube.com/watch?v=pHkEIsxVNVI,pHkEIsxVNVI,소음에 민감한 강아지 솔루션 ｜강형욱 X 대도서관,강형욱의 보듬TV,주요 분까지 지금까지 옷 입히고 막 그러셨어요 만화는 수만 있어요 아 어 어 같죠 이때 이렇게 일어나서 예 일어나는 부분에 그리고 예 차 폰카 어 coo 5 그리고 이렇게 돌아서 여기까지 한 번 왔을 애가 모델이 워요 없어 괜찮아요 4 하고 한번 느껴지겠죠 어 그리고 이 울타리 따라서 쭉 걸어서 4 아까 이 친구 가지셨던 방향의 한번 썼다가 4 5 아주 줘요 네 아 요 는 예 편안하게 4 갔다가 거기서 그냥 이 친구한테 손바닥 슬쩍 내밀어 고 있었는데 아주 좋아요 괜찮아 라고 한번 말할게 괜찮아 아주 좋고 예 규율과 4일 꼭 예 어유 운과 안정된 느낌이 턱 등 해요 이게 이제 개들이 원하는게 뭐냐 하면 돼 지금도 주셨잖아요 이게 보호자가 없으면 짓지 않았을 가능성이 커요 아 이게 내가 뭔가를 표현했을 때 들어줄 대상이 있을 때와 없을 때 행동이 되게 다르거든요 그닥 이 친구가 지금 딱 하는 행위가 어떻게 했냐면 나 저 더 어떤 소리 나도 돌았어 그런데 괜찮은것 같은데 예 너가 짓고 안지 골을 잘했어 자라지 않은 안에 써 가 아니라 져 소리 나는 괜찮은데 너는 어때 음 괜찮아 이걸 표현해 주면 개도 그래 알아서 잘 싸서 이렇게 네 갈까 뭔가 이상한 중인지 확인하는 거군요 네 지금 거야 보니까 전담 [음악] 지금 우리 즐거운 까이 아 tv,
93,https://www.youtube.com/watch?v=uvdCG6wA7iU,uvdCG6wA7iU,산책 나가면 집에 가기 싫은 강아지 ｜강형욱 X 대도서관,강형욱의 보듬TV,제것도 궁금한 게 내 산책을 갔다 올 때 가보세요 어 얘는 잘 따라 들어오는데 예 얘는 이제 뭔가 이렇게 산책을 하다가 꼭지 우리 집인가 또는 때부터 부추가 축방향으로 나의 안 갈라고 1 추가요 메간 추가 요금에 있는 사람은 애드 넓은 꾸민 이잖아요 그 빵을 아예 안 갈라 그래요 그러나 야 어쩔 수 없이 지나가다가 지나가다가 설마 들어가지 않게 들어가지 많겠지 이런 놓지를 테마 들어가지 다예 개 뭐 그렇다고 내가 들어 갈라 그럼 요즘에 딱 좀처럼 어 그런데 계속 끌어 떨어도 떨어져 돼서 이렇게 끌리며 도 가만 있어요 어 고집이 있어요 아 제가 이거 영상이 있다라고 처럼 배역 왕의 있어요 좀 한 번 영상을 볼까요 돼 1책 잘 하다가 이렇게 얘기하니 지방이 걷는거 근데 이제 반대 방향으로 바라보면 같아 아 아이고 뻔 해요 이것을 에 들어가기 싫어서 그래 아 이제 알아 하고 싶어서 아직 덜 없다는 거군요 예 산책 더하고 싶어서 이거 이러다가 안 들어가면 어떻게 하세요 우리가 안들어가면 4 이제 윰댕 님같은 경우는 일부러 한번도 타본적이 돼요 그래서 복음으로 주막 그 우리끼리 가고 있으면서 또 왜 겁이 나는 젖줄 아아 저같은 경우는 이렇게 하다가 안 보기도 하고 나 그건 이렇게 하고 있다 내 기다려요 꼭 이렇게 다리고 있으면 매일 먼저 봐도 오는 것 같긴 하더라구요 아 1채널 잘 아시죠 4 1절에 맵 뒷줄에 하는데도 오세요 몸 3만원 + 아 라고 얘기해 진짜 약간의 뭔가 학교 이게 더 허용 인데 이제 뭔가 그 가끔 하루 왜 우선은 매일 할배 한다 그 다 빨아서 나는 산책을 매일 한다 이 아이 게 앞으로 매일 까지 이르고 4번홀 수 있을 때 봐 왜 보정도 그냥 쌩 예 내 가슴에 사랑을 하게 돼 예 [박수] 뭣 mou 지금 통해 봐요 네 번째 결의한 가정하겠습니다 힘들게 아 이제 네 원할 거라 생각하고 왜 말씀을 드리면 왜 칸다 나겠어요 이렇게 해야 돼요 되게 힘들어 하잖아 집에 들어 가는거 어떻게든 전람회를 거야 기다릴 거에요 예 미래를 가만히 있을 거에요 내 친구가 한 10분에서 15분정도 그렇게 가만히 있다보면 으 약간은 자포자기 또는 따라올 수도 있어요 왜 근데 그 상태에서 어떻게든 다시 집에 들어가세요 네 집에 들어갔어요 예 그런 발 닦이지 마시구요 아래 줄도 푸르지 말이구요 예 그 말고 물 정도만 먹게 해주고 5분을 기다렸다가 다시 나가요 아 까 너가 들어오면 된다 갔을땐 or 롤링 거군요 안에 들어오면 다시 나가는거 예 예 너가 이걸 보면 내가 이걸 줄게요 나가 있는 상태에서 또 나가겠다 라고 하는 약속을 하기 위해선 지켜야 해요 들어가면 내가 또 나갈게 그래서 이거 사실 이 상태로 3번 해서 4번 정도 하죠 예 그런지 그들은 아주 좋아요 단 가고자 하는 방향으로 딸려 가서도 안되구요 왜 가만 있어 주셨던 그 많이 인상을 해서 이 친구가 나한테 올 것 같아 있으며 는 그때 않아서 집에 들어간 다음에 줄풀 주말 고갈 딱히 지 말고 놀 정도만 가볍게 주고 다시 나 갖다가 또 가볍게 한번 나가서 1시간 동안 착할 필요없구요 내가 a 동에 살면 a 더 한 바퀴만 돌아도 괜찮고 소변을 보면 소변 정도 만보계 노래 요렇게 한번 해보시면 아마 이 문제는 쉽게 해결되지 않고 하겠습니다 [음악] 지금 우리 즐거운 아이아 tv,
94,https://www.youtube.com/watch?v=kgeYkUNavug,kgeYkUNavug,강아지 안는 방법(이건 절대 금물!) ｜강형욱 X 대도서관,강형욱의 보듬TV,제가 아까 2주 친구 이렇게 노는 거리게 살짝 봤는데 꼬맹이 가지고 눈에 띄더라구요 예 이게 없어지네요 언어의 예 그런것도 있고 또한 안에 우리 단추 같은 경우에는 꼬리가 너무 이쁘게 이렇게 잘 말려서 예 또 살랑살랑 도 움직이고 뭐 좌우 뭐다 하는데 꼬맹이는 살짝 그 꼬리에 뿌리 라고 하거든요 우리 시작해서 부터 올라가는게 거의 엎드려 가져야 깔기 a 루 4 거기서 건 뭐 거의 거죠 4 또 허리를 보니까 허리가 살짝 꺾여 이따 허리가 아취 0이면 꽃 이이가 올라갈 수가 없거든요 아 근데 그 말은 허리 쭉 의 인상이 있을까 라는 생각을 하고 있었는데 걔들은 기본적으로 정상 보행이 이 q 짤이 왼쪽다리 오른 소울 약발 오른쪽 딸이 왼손 아싸리 이렇게 움직여요 뭐 이렇게 어 이게 정상부에 인데 지금 조 친구는 요렇게 이렇게 움직 이거든요 왜냐면 지금 첫째 우리 자 단추는 4 아따 그게 장성 같아 이 딱 멋있어요 가능해도 딱 벌어진 것 같고 손도 앞에 딱 놓였고 그런데 우리 꼬맹이 좀 보시면은 4 어 무슨 행동을 해도 꼬리 가져 위로 암울 초가 따져 위로 안 올라요 맞아요 4 조 위로 안올라가요 그래서 혹시나 조금 뭐 저쪽에 문제가 있지 않을까 라는 생각이 조금 들고 그렇다면 우리가 주의해야 될 게 있어요 예 어 앞가슴을 겨드랑이 게 쯤에 그쪽을 손에 끼고 이렇게 주는 행동은 절대 거듭하며 나는데 그래서 혹시 줘 미안 하지만 제가 죄를 않아 해보는 것을 좀 해보면 4 꼬맹 알라 아닌 제각기 괜찮은게 찬 않고 예 제국이 받아서 4 지금도 모시는 왼쪽 다리 왼쪽 손을 같이 움직이게 4 이제 이런 친구들 않을 때 2 예 그리고 지금 보시면 제가 이렇게 손을 내밀었는데 우리 친구는 적극적으로 그저 친구는 적극적으로 안하잖아요 이때 많은 사람들이 실수하는 게 내가 아 2시까지 그 손까지 내밀었는데 아너 들어와 4 라 옮겨 소영을 가너 잡고 당기자 나요 그러면 관련 들이 되게 실망이야 아 심상 실망에 그런 태도에 예 그래서 이렇게 했을 때 지금 이렇게 스스로 터치를 하고 냄새를 맡고 뭐 핥고 몸을 스쳐 지나가는 이런 친구들은 내 인사에 대해 괜찮아요 4 근데 아직 이 친구는 이사할 준비가 되어 있지 않다 라는 거예요 아까 아직 인사 아기의 이제 하거나 그래야 하나요 네 친구를 해볼게요 예 제가 만약에 반려 그 날 때 오른손을 쓰시고 가슴에 이렇게 도크에 아래 왼손을 강아지 하복부 쪽에 대해서 카 체와 상체를 같이 들어요 어 그런 다음에 둔 다음에 이것을 엉덩이로 이렇게 잡아줘 예 이렇게 평소 이렇게 들어오네 이렇게 하면 어 괜찮은데 이제 문제는 이제 상체를 지금 이 한테는 하지 않았죠 요렇게 잡는 거 있죠 4 이렇게 들면 이 친구가 우리 사람을 서면 이렇게 좀 일자로 되었잖아요 근데 걔들은 요렇게 되어 있는 상태에서 4 이게 정상 이정태 에서 앞에 를 들면 예 이다 d 가 미트를 쳐주면서 허리가 꺾여 예 예 허리가 아프죠 아 그리고 복근에 힘이 만약에 없어 그랬다면 어 이게 들은 순간 허리가 만약 그래서 허리가 아픈 친구들을 손만 지르고 시작하구요 예 예 손 잡으면 게임 거리면 손이 아픈 게 아니라 허리가 아픈 경우 들이 봐요 아 그래서 외가 그 후 말해보라 거 네 그러면 게 이런 여러가지 저의 엑스레이를 찍어봐야 짖어 악하게 쯤에 선생님 그라고 논의 논의를 해봐야 될 것 같아요 얘기 하실 그리고 조 2 강아지 이렇게 드는것을 불러 안좋다고 그래요 네 그렇게 들 때 어 그렇게 되지 말라고 기자 나쁘게 뭐 저야 뭐 딱 딸이 를 이렇게 이렇게 저렇게 화가 잘하고 수영이 도 이렇게 이렇게 이렇게 에 맞아요 이 것도 민망한데 이것도 안돼 이렇게 처음 그래서 한번 손님이 오셔서 이렇게 되시길 고 그렇게 보내지마시라고 절대 하는 저희의 모르겠어요 4 그 아마 요 친구였어 꼬맹이 없었다며 는 그게 버렸을 거야 일일 것이오 [음악] 지금 우르 즐거운 까 이어 tv,
95,https://www.youtube.com/watch?v=lnVT5z47W0s,lnVT5z47W0s,강형욱 훈련사님의 세나개 마지막 인사｜반려견 기초 상식,강형욱의 보듬TV,,"first=RuntimeError: No captions found for languages: ko, ko-KR, ko-orig, ko-ko; second=TranscriptsDisabled: 
Could not retrieve a transcript for the video https://www.youtube.com/watch?v=lnVT5z47W0s! This is most likely caused by:

Subtitles are disabled for this video

If you are sure that the described cause is not responsible for this error and that a transcript should be retrievable, please create an issue at https://github.com/jdepoix/youtube-transcript-api/issues. Please add which version of youtube_transcript_api you are using and provide the information needed to replicate the error. Also make sure that there are no open issues which already describe your problem!"
96,https://www.youtube.com/watch?v=yzVN_8Fa0fY,yzVN_8Fa0fY,뽀뽀의 목줄 적응 교육!｜반려견 기초 상식,강형욱의 보듬TV,아 6 줄에 대한 공포가 엄청난 네요 제강 데려갈 거예요 아귀 하고 나가서 조금 이따가 싫 거에요 퍼가 줄을 풀 수 있게 자리를 비켜 줍니다 완전히 얼어 버린 녀석이 풀 수 있을지 모르겠네요 or 그래도 막 둘이랑 심해지면 할 수 있을 것 같아서 여건에서 꿈을 보여주고 있는데 넘 대로 찌가 얼마나 였어요 그 끝냈던 어느 날 짱 보통 실패의 지름길은 될 거예요 하다 말아요 그리고 해왔다 라고 하고요 칠판 따라와요 그리고 해도 안되더라구요 정말 게 하는 거죠 그러니까 실패의 경험 하고 실패 습관만 싸요 i 음 우리 쫄 뭐 2 플레이 지 줄풀 주도 4 가만 있었어 어려워 싸줄 표현하게 4부 갔나 그 여전히 출에 대한 커버 강을 온몸으로 표출 하네요 그처럼 결코 뚫어 보는군 [음악] 난이도를 조금 낮춰 볼까요 깜박 할 때 돌면 풀어줄 것 같은데 합작을 그렇지 잘했어 달성 q 를 풀자마자 공자 곁으로 가는 이어서 확실히 예전보다는 많이 좋아진 것 같네요 그럼 이제 다시 추를 매 하겠죠 이번에는 어림없어 방 놈과 한번 했자나 같은 말을 계속 반복하게 쇼파위에서 경기를 해보지만 소용이 없습니다 또 왔어요 이것을 힘드니 것이 힘들어서 각설하고 하면 저 책무를 계속 이렇게 살아야 돼 로 다시 쏘 바로 도망치고 또 다시 여객이 사랑합니다 [음악] 그럼 또 다시 방으로 도망치고 또 다시 녀석에게 다가가 줘 이번에도 구석에 멀린 뽀뽀 애벌 저면 해봐라 이렇게 난 틈을 주지 않지 이번엔 가구 간 안나는데 틀을 안내려고 머리를 뒤 바싹 붙였네요 언덕에 붙이십시오 터너 겠어요 됐네 거야 앙 거리나 어때 요 내 쉽지 어찌 이렇게 보주를 있으면 한 번에 줄을 매수가 어떤거 [박수] 엄마 나 예 뭐 이렇게 됐네 결국 이번에도 가 울려 사회 심리 그렇게 하면 안 예뻐 줄 매 구도 안정적인 모습 내친김에 한번 걸어 볼까요 합시당 이럼 749 바로 방법 안되더라고요 제방 짝이 하지마 일부가 부서 즉 향해 여긴 어쩐 치아는 데이지 놀라운 광경을 모음 가족이 치료법이 들어있는거 너무 싫은데 다 차면 있지 말이야 아 그럼 괜찮아 주루 임했고 발걸음을 온기를 이어서 이대로 전공도 갑작 갑자기 되려고 하면 니가 닫혀 아퍼 괜찮아요 괜찮아요 첫술에 배부를 수는 없겟죠 아직은 물러설 기미가 보이지 않네요 5 아 이게 아 한번 8 풍을 실 거예요 괜찮아요 yet 예 올라 새 이런거죠 차례야 [음악] 아 이게 야 맛 너무 마음이 아프 줘 예 맞아주셔서 너무 마음이 아파요 예 아 근데 해야 돼 더 2살 이를 수 는 없는 일 얘를 위하는 거라고 생각하고 방치하는 옮겼던 것 같아요 이런 거에요 1급 연기 힘드니까 한 걸 안 가르쳤고 요 학교가는 행동 란이가 학교 안 보낸 거 똑같아요 [음악] 다음 아이가 참여하는 걸 힘들어해서 깎다가 타 가지고 학교 한 번 했어요 말이 안되죠 반려견 만큼 보호자도 힘든 훈련 있고 그렇다고 멈출 수는 없습니다 [박수] 우리 아마 이 쪽으로 갈 것 같아요 강아지가 에 주 리플리 은 36개 추행 만 조금씩 약의 [음악] 사라지면 해서 우리가 있어요 아 die i love 2 으 진짜 갱 공부 거야 쉬었다 갈까 저 친구한테 줄을 경험하게 해주고 싶었고 아마 그 경험이 적어 친구한테 는 조금은 맵고 저는 좀 쓰 보 어 역한 거라고 생각이 들지 모르겠지만 음 저는 저 친구한테 꼭 필요하다 라고 생각을 해서 몇 번을 반복을 했구요 끝내는 적응을 했어요 그냥 줄을 맨 거예요 줄을 매는 거 무섭지 않아 그리고 다시 줄을 풀어 줬고 어때 괜찮지 다시한번 될 거야 불교는 묻지 않아요 왜냐면 그 친구한테 의견을 물으면 항상 부정적이 거거든요 그렇게 했더니만 지금은 조금씩 줄을 매는 게 받아들여지고 있는 것 같아요 훨씬 어 예 잘 잘 되고 있어요 에 며칠 뒤 강 울 연사를 다시 찾았는데요 그동안 포퍼 보호자는 얼마나 달라졌을까요 며칠은 안되는데 어떻게 지내셨나요 악보가 할 일 은 목자를 좀 해봤는데 생각보다 빨리 살 차더라구요 예 1 얼마나 해보셨어요 그래서 한 4번정도 와 진짜 모든게 다 모으자 한테 달라구요 까 225 보자 님한테 달렸어요 아 하자 아 다른거 크게 할 거 써요 시간을 내서 애정을 주도 그리고 출 무서워 하니까 줄 매는 스파도 충분히 이런데 될거 같아서 좋게 10개를 하고 지금 제가 말 우리한테 치 찌 않잖아요 7 에서만 그렇게 지 잡네요 그 장 우리 한번 2 이렇게 매는 거 해 볼텐데 보자는 지금 어때요 이 친구 집에 있을 때는 제게 싫어 했었거든요 근데 거기서 포인트는 n 아 또 싫어 에 어떡하니 이거 한번 해보자 라고 아주 강한 심지 있는 마음으로 다가 가서 줄을 매는 것 있었거든요 스트링은 어때요 거잖아요 큰 방 안에 거 같아요 5 우리 포즈 안내 m cd 포퍼와 사이는 좋아진 것 같네요 내친김에 목줄 아주아주 줄게 소를 벌려면 청차 이번에는 0 5 to 6 차 괜찮아요 그냥 으 인간 7패 잘했어요 건 참 그 괜찮아요 사랑 222 or 그리고 마침내 처음 0 입니다 뭐야 목줄 해보니까 어떤 이게 전체 뭐 어떡해 오히려 아 오늘 그 점을 둘이 딱 땡겨 주면 안돼 하시게 앉아서 또 끓여 보호자의 부름에 응답한 여성 앞으로는 똥 이처럼 착하고 귀여운 포퍼 가 되게 응원할게요 [음악],
97,https://www.youtube.com/watch?v=MoSkg0VQf-4,MoSkg0VQf-4,빼로에게 올바른 놀이방법 알려주기｜반려견 기초 상식,강형욱의 보듬TV,그렇다고 포기해선 안 되겠죠 잘못된 습관을 하나하나 부터 바로 잡아 볼까요 [음악] 평소처럼 이념 던지기 놀이를 해 보이는 보자 무슨 문제라도 있는걸까요 땅 우연 새 그 모습을 유심히 바라봅니다 보호자와 빼빼로 의 놀이 모습에서 가 눌려서 는 과연 어떤 문제를 찾아내 걸까요 보시면요 더 친구가 장난감을 가지고 놀면서 공간을 차지 아는게 너무 케어 보호자는 그저 빼 로의 뒤꽁무니만 쫓아 다닐 뿐 빼빼로가 공간을 2회 #2 활보하며 놀이를 주도 하고 있다는데요 낮아 바라네요 허위 뭐 라자 바깥 이번에 그 동은 빼 록을 원하는 대로 놀아줘 떤 보호자 좀더 현명한 놀이 방법이 있을까요 자 이걸 어떻게 할 거야 면 바닥에 요로케 내린 상태에서 한번 이소 [박수] 아 그리고 나 넣으시구요 이번에 여기에다 2 0 무수 벽이 다가올 쭉 기억하세요 다시 잡으세요 또 강아지한테 마음 이거 내가 놀 거야 너랑 놀 마음 없어 나 혼자 먹는 거야 아직 이렇다고 냈어요 으 놀이에서 하여 8 부터 다시 배워 보는데요 끌려가지 말고 주도해 나가는 거에요 이렇게 곁에 다가 오면 그 외엔 우쭈쭈 하셨기에 다한 이제 나 집에서 이런 놀이가 이루어졌다면 엄청나게 칩 고 5 보호자 님아 대 앙탈 부리고 그랬을 것 같아요 지금 요렇게 우는 것 자체가 친구한테 재미 있을 지 모르겠지만 전반적인 회칙을 다 어기게 만들어요 어떤걸 4면의 고전이 면해 내나 내나 내나 내나 이게 너무 익숙하지 않아 버텨 온 거야 싫어 또 될 거거든 너가 얌전히 한건 언니가 얌전히 없을 때 그때 줄 거야 로리를 통해 변화된 떼로 기대할게요 모든 것들을 받아주면서 돌아 주게 되면 반려견 들이 실수를 했을 때 또 미안해 하는 것도 실수를 안 하려고 노력을 하는거 그 책을 지키려고 하는 것 이런 것들을 배우지 못해 요 공을 쫒기 위해서 옆사람을 때리고 역사라는 밀친 다 공을 쫒기 위해서 그런 놀이는 없어요,
98,https://www.youtube.com/watch?v=BYDmpmfoZYY,BYDmpmfoZYY,노견을 위한 산책교육!｜반려견 기초 상식,강형욱의 보듬TV,[음악] 은시리 행복한 노후를 위한 솔루션 그 첫단계 18년 만에 홀로서기 혹시 줄 하나 더 없으세요 예 줄 하나 있으시면 좋으세요 조금 길게 하려고 먼저 뽀미와 늘 함께했던 산책 이젠 나홀로 산책의 도전 은시리 산책 법을 배워볼까요 열리고네 요서 잘 나가요네 줄 좀 느슨하게 하고 한번 움직여 볼게요 자이 선만 지나면 돌처럼 굳어버렸던 은실이 오늘은 잘 걸을 수 있을까요 저 우리 쪽으로 저 해 있는대로 한번 가볼게요 어 잠깐만 이거 뭐야 벌써 해결된 건가요 니 잘 겠는데요 오늘 은가 제가 잡고 있을테니까 어 두 손으로 한번 이렇게 해 [음악] 일단 집 앞 50m 통과 그 이상도 가능할까요 이게 항상 허은 행동이에요 나오면 어머니 이때 줄 길게 잡고 요쪽으로 걸어 나와 보세요 그렇지 그리고 기다리는 거야 내가 갈 곳을 먼저가 있으면서 기다리면 따라가지 말고 따라가지 말고 그렇지 또 어 기다리세요 자 줄 당기지 말고 기다려 보세요 어 역시나 집에서 멀어지니 멈춰서는 녀석 왜 이러는 걸까요 기다려야 돼 어머니가 가자는 대로 이런 거 같아 얘가 가고 싶은 대로만 가자던 거 같은데 응 람 되게 제가 조금 도와드릴게요 기다려 볼게요 자 내가 갈 방향으로 몸만 틀었을 뿐인데네 갑니다이 가는 거야 내가 하고 싶은 대로 움직이면 그렇지 그렇지 자 쭉쭉가 볼게요 혼자된 은실이가 안스러워 끌려가 준 것이 문제였네요 이제 지나갈 거야요 어머니 제가 줄 한번 잡아 볼게요 자 보세요 들어가고 싶어 하잖아요 나는 저 까지 갔다올 거야 생각하고 딱 있어 볼게요 예 좋아요 [음악] 자 아 괜찮아요 안 가면은음 그래 난 생각이 달라 저기까지 갈 거야 이몸이 죽고 죽어 번 고쳐 죽어도 더 이상 가지 않겠다이 친구가 이렇게 당기면 나 이렇게 있을 거예요 그리고 제발 가자라고 하는게 아니라 내가 가고 싶은 방향을 보면서 기다리는 거죠과 산책을 리드할 때 주의점이 있죠 견이다 보니까 너무 힘으로 막 당기지는 말아야 되지만 버티는 건 괜찮아요 아 괜찮아요 가자 이리 와 휴 가자 괜찮아요 자 요렇게 안 와요 그러면 방법이 있죠 체력 저화가 심한 노견에 살짝 들어 이동해 주는 것도 좋은데요 보호자의 도움을 받아서라도 자 산책하는 습관을 여야 년의 무기력증에서 벗어날 수 있다네요 갑시다 아이고 [박수] 예뻐다 여기까지 이제 혼자 왔잖아 그지 더 간다네 원래 저기서 저 산을 다 이게 전부 돌아왔었어요 아니 앞으로 은실의 좋은 산책 도미가 돼 주실 거죠 야 이와 이제 가자 이와 와 이제 가서가가 그 그렇 집로 가자 버틸 때는 가는 방향으로 서서 기다리기 지쳤을 때는 안아서 이동해 주기 참 쉽 아유 잘네요 아이 정도면 최고지 뭐 이제 들어가 볼게요 그리고 노견들 위한 또 다른 산책 팀 노견들 같은 경우에는 가능하면 멀리 멀리 갔다가 한 바퀴를 크게 놀고 오는 것보다 짧게 어딘가 어딘가에 가서 충분히 쉬고 오는 거를 되게 좋아할 거예요 내가 내 힘으로 나를 끌고 올 수 있나 또 나를 지킬 수 있나가 되게 중요하거든요 그래서 나이가 많은 친구라면 또는 좀 예민한 친구라면 유모차 같은 거에다가 강아지를 두고 그렇게 좀 거친 구간 좀 복잡한 구간은 유모차로 통과를 하고 한적한 곳에서 줄을 내고 산책을 하고 그러면 훨씬 더 안전하게 산책을 할 수 있을 거예요,
99,https://www.youtube.com/watch?v=QROZJzMOYlU,QROZJzMOYlU,산책이 어색한 콩이를 위한 교육!｜반려견 기초 상식,강형욱의 보듬TV,으 한알 밖에서는 겉이 않으려고 해서 홍이 와 산책하는 데 애를 먹었었죠 만들어낸 우리와 함께 산책을 시도하자 꼼짝하지 않았던 콩이가 한발 착시 움직이기 시작해 모두를 놀라게 했는데요 하지만 잠시일 뿐 개선이 필요한 상황입니다 거기가 산책을 즐기며 잘 풀어낼 수 있는 방법 지금 배워볼까요 너 문주를 너무 짧고 목줄을 연습할 때 쓰고 게 목표 리 강아지 드디어 이렇게 하면 벗겨져요 기가 선 친구들은 이게 어 그렇게만 하면 목하고 두개골의 크기가 거의 비례해 그런 쏙 만든 뭐 저희 런칭 금에 이런 친구들을 쓸어 부터 가슴줄 로 하는게 아니라 내가 가슴 절차 경우 알려 아연 폼 일은 잘 걸을 수 있을까요 까미 를 따라 걸음을 떼기 하지만 또 머뭇거리는 타미 보니 이런 친구들이 면 줄을 길게 하는게 맞아요 흐려 bc 3m 정도로 넉넉하게 주 를 눌러주자 모두 거기 시작합니다 걷는다 직후에 아 그걸 해야 한다 서버 통합 와 얘기해 조리 있는지도 멀어 보면 돼 하지만 아직은 조심스러운 것 같아서요 환영을 줄 땅 겠지 말고 가나안 있어 보세요 그러면 알아서 옵니다 4 다만 항 안이슬 좁 왔다가 그렇지 그렇죠 땅의 우선을 의자 역시 올 수 없잖아 그대를 억장 애가 용기가 있는 거예요 아 기 본 요 구리 온기가 있어 온 우리 강아지 보면서 어 조금 떨어져서 얘기하자 날 거야 아 그래도 코너도 오디션이 따라서 사랑하죠 나 괜찮아 내 손에서 여길 아닌거죠 자기 생각해요 뭐 에 공간에 통 아 마냥 작물 잘 못잡는 넣어 그렇지 또 입 이쁘다 말해봐 걸어 주면서 일로 법이 그렇지 그렇지 이때 갑자기 멈춰서는 콤 있었어요 노동 1 제품 제가 하나 팁을 드릴까요 그들이 저렇게 두 다리에 걸리면 대대 항구에 아 그때 난 뜨시면 않았든 아스터 야 여러 주식으로 찍 그렇지 어머니가 오늘 강아지가 돼서 못 이긴 척 하고 따라와요 일렀다 입을 뻔 거의 컴이 해주면서 톤의 리버 이래서 주르 냈지만 내 옆에서 걷는거 연습할 그래 나중에 줄도 짧게 도 해도 문제가 이젠 조금 익숙해 졌는지 두려워 하는 모습은 온데간데 사라지고 신나게 뛰어노는 데요 거구 얘는 왜이렇게 사장이 하구요 까미 도 신이 났습니다 땀이 에게는 특별한 취미가 있었네요 역시 산책은 제일 이 깜이 도 편안한 모습이죠 [박수] 이 친구 막 간거 꾸 지금 완전 달라 사람 이죠 3 했습니다 그리고 또 아직 이런 시를 가슴줄 하면서 출 길게 잡고 안착한 대해서 내가 일을 쫓아 되는게 아니라 내가 먼저 걷고 뛸 이 오면 어떨까 이리 올래 라는 포즈의 교육이 훨씬 좋거든요 코미 를 위한 솔루션 우주 교육 저지 우수의 말씀하시네요 한가지더 제공되는 방법에 없습니다 지금까지 예 그래 가 니들 그래요 그냥 뭐 뭐 래 건 딜 따로 아이 저희가 아 아 오늘 적도 이었 있으니까 이거 예 요 정도 왔어 예 그러면 강아지가 요 미 만큼의 공간을 또 채울려고 1좋아요 또 이루어 보세요 아 또 우리 닿아 그저 예 여기는 속과 적인걸 2 거에요 줄 한번 잡아보자 내가 강아지가 여기 있을 때 내가 그냥 요렇게 가는것도 좋은데 가능하면 어깨와 턱과 어깨와 무비 하나가 돼서 요건 식을 움직이면 강아지가 더 빨리 와요 자 제가 사람이잖아요 어머님 직접 좀 보세요 차 봐요 어머니는 제가 손 동작에 의해서 이쪽을 보시죠 예 그런데 처음 하시고 아파 오세요 강아지들은 어떻게 되냐면 어머니 이쪽을 보세요 라고 나이에 방향으로 지시 해 줘야 되요 제가 보여드릴게요 아 여기서 거의 이름 알잖아 예 어 예 그럼 이 아 아 아 베니스 전에 쏟아져서 넣었어야 아 보여주셨고 있 꿀 빨기 데려가 줘요 지금도 이거 바이크 잡힐까 봤네요 어울리게 학문의 올해 어머니가 직접 한번 해 보는데요 으 아 o 아 아 걔 또 이렇게 와서 녹차 per il or 엄마가 다른 방향으로 달려오는 팜 4 으 왔냐 브러시 자 내 얼 02 자 통일 산책 뻐 복습해 볼까요 익숙해지기 전까지는 한적한 곳에서 넉넉한 3m 가슴 줄로 산책하기 다 우리 그 턱과 업계 무릎을 5 움직여야 할 방향을 알려주는 포즈 교육도 꾸준히 해주세요 [음악],
100,https://www.youtube.com/watch?v=M84OCLD7NaE,M84OCLD7NaE,겁 많은 반려견에게 다가가는 방법!｜반려견 기초 상식,강형욱의 보듬TV,제가 보면 보면 이런 친구들이 쓰자 브라보 하고 사업이 어떻게 하고 있어요 그 아이의 엎드려 있죠 이런 친구들은 꺼내면 28 할 거예요 그런데 지금 이 가슴을 들고 있는 친구들은 나오면 확인하고 싶어하는 마음들이 좀 있을것 같아요 그게 통계적으로 강아지를 많이 보다보니까 절어 장애에서 있는 태도를 보고 나왔을 때 어떤 행동을 하는지 가 좀 유추가 되는데 이렇게 낯선 곳에 왔는데도 가슴을 들고 있으면 그래도 적응을 할 의지가 있는 거니까 너무 염려는 하지 않아도 괜찮을 것 같아요 이목은 강아지 얼굴 보면서 맞추는 거예요 얼굴에 들어갈 수 있어야지 애니카 많은 분들이 이거를 채우고 나서 그 다음에 조절을 하려고 하는데 다는 하면 치우기 전에 표절을 다하고 채움 에는 훨씬 더 강아지가 편안해 하시오 그리고 여기서 손을 이렇게 했는데 2층과 냄새를 만든다거나 관심을 갖지 않으면 억지를 손을 이렇게 듣는 게 가끔씩 이 친구 다들 위협이 될 수 있어요 그래서 이렇게 있어 보는 거에요 다가 갈 때도 순서가 필요하죠 그래요 이 손을 이렇게 내밀 때 지금도 보세요 2 a 예 좋아요 저한테 손을 살짝 내밀어 보세요 이렇게 하면 어떤 친구들은 그 이렇게 하기도 해요 근데 2층은 어떻게 했냐면 손을 내밀었고 곁눈질을 했구요 이렇게 음식의 써요 이렇게 하기에는 쑥스러워요 이런 이런 상태라면 공격적으로 하지는 않아요 하지만 천천히 와 줬으면 좋겠는 그렇게 개 코가 얼굴은 가만히 있는데 커가 컬러 덜렁거리는 건 어떠 풀리지 상태에요 그래서 한마디 얼어 있는 상태고 더 이상 가까이 보면 내가 화낼 수도 있어 근데 친구 같은 그런게 보이지는 않아요 어렸을 때부터 수 없이 주인이 바뀌고 결국 홀로 남겨진 조이 딩 아직은 사람을 믿지 못하는 녀석에게 조심스럽게 다가가 봅니다 슬며시 목줄을 머리에 걸쳐 보는데요 그냥 아너 우리는 머리 커서 조이 d 에게는 어떤 솔루션이 준비되어 있을까요 [음악] 1단계를 도 그냥 함께 가만히 있는겁니다 조이 디 가 마음이 편하실 때 까지 줘 협회가 [음악] pipe 안좋을까요 으 그 손을 내밀자 조 1위가 피한 해요 손을 내밀지만 그렇죠 그게 먼저 에 앉고 난 다음에 그 다음에 강아지가 괜찮을 때 손을 내미는 거에요 손을 내밀어 볼게요 5 조 1위는 아직 준비가 안 되었는지 한 장발장 얘기로 물러나서 앉았네요 한번 이런 할게요 그래서 한발짝 강아지한테 가까이 좋게 했어요 그 다음에 안 줄게요 기다리고 강아지 옆에 앉을 때는 편안한 자세가 중요합니다 [박수] 그렇죠 노력을 해야죠 으 천천히 일어나 거 최고의 선발 강아지한테 슬적 보인 다음에 한 발짝 가까이 갈게요 더이상 피하지 않는 녀석 흠 알제 가까이 같아요 [음악] 쇼파에 천천히 안정 새 하나죠 펄스 이제는 선을 내밀어도 될 것 같은데요 [음악] 예 된거 야 따져야 그 조금만 더요 그러니까요 서로를 신뢰할 수 있어야 완성되는 거리 꿈 4 1 4 1 그다음 지금처럼 통을 강아지를 슬쩍 쓰이죠 이름도 눌러 주시고 저희의 차 날 정말 오랜만에 느껴보는 보호자의 성기를 겁니다 [음악] 처음으로 예비 대학생에게 먼저 다가오는 6 이제는 앞에 앉기도 하네요 말하자면 이 순간을 기다려 왔던 것은 조이 디 가 아닐까요 그냥 같이 앉아 있기도 하고 옆에도 있어주고 간식 혐의가 직도 먹여줄 수 있는 그런 교회들을 준 것 뿐이에요 근데 그런 과정들이 이 강아지 1 템 진짜 주인이라고 하는 내가 보 자 라고 생각하는 사람과 어떤 식으로 대하는 질 첫걸음을 알려줄 수 있어요,
101,https://www.youtube.com/watch?v=BLfho40EuCw,BLfho40EuCw,카푸를 위한 집 안 산책 솔루션!｜반려견 기초 상식,강형욱의 보듬TV,co 야외 은 속도 2 카프의 본격적인 솔루션을 시작해볼까요 예 우리 저희 옆에 쇼파에 앉아 볼까요 앉아라 가지고 엎드려 라고 하지도 않을 거고요 강아지가 그냥 이 상황에 맞춰서 앉아 에 대한 엎드려 내나 가다가 친구의 행동을 내가 아는 칭찬만 해 주면 되요 많은 부자들이 명령을 좋아해요 앉아 엎드려 그런 강아지를 어떻게 하냐면 몇 명 없을 때는 내 맘대로 하면 되지 뭐 이렇게 이야기 쉬워요 상황에 맞게 대처하는 강아지를 키우는 게 훨씬 어 건강하고 사회적인 개를 키울 수 있어요 이때 벌써 명령이 없어도 스스로 자리에 앉는 카톡 바로 칸 식으로 포상의 싫다는 몰리 오늘 즉 이런 식으로 만약에 교육을 할 거야 라고 생각을 파악하고 보자니 미간이 5개만 탁 가지고 칩을 걸어다니는 걸 드렸네요 그것의 또 일어나고 거구요 천천히 쪽으로 걸어가 보세요 [음악] 이거는 장소를 옮겨 왔다 닦아 해 버렸는데요 아직은 어색한 모습이죠 아 자 제가 도와드릴게요 4 2 좋으세요 강 울 연사가 직접 요령을 알려 줍니다 부장님이 말을 이렇게 하면 이 친구가 5회 할 거에요 어떤 오해를 아니면 내가 지실 타이밍이 가 뭐 내가 싫어 타이 메이크 어 맨 우와 괜찮아 1 잘 해 그래서 차 제 친구한테 말 걸라고 했죠 근데 말을 거는 순간 합니다 이런 느낌을 준다면 말을 하지 말고 그냥 가자 즉 화 작 이런식으로 좀 끌어 더 좋으니까 들어서 저택의 장까지 한번 갈게요 여기서 중요한게 썰 게 제 얼굴을 찾고 이렇게 끌지만 항의를 들면서 놓고 [박수] 반값 [음악] 자타가 대상 섬 섹 그래서 허리를 살짝 이러다 있으면 강아지가 내쪽으로 오거든요 살짝 나 좀 배운 대로 여성을 리드해 보는데요 이번엔 잘 따라 올까요 5 이런 부분에 예 중순 하게 하고 이쪽으로 그렇죠 다시 가속화 너 조용히 잘 따라오는 카포 멜 그 끌리듯 이 상태에서 이제 어딘가에 다먹고 아니면 내가 좀 이렇게 묻고 식사 하십니다 시반 선체의 지만 산책을 하다보면 자연스럽게 고 오션 님한테 귀 집은 내가 마음대로 할수가 없구나 에 보셔야 님 말 잘 듣고 따라 사리는 것이 편하다 내가 이거 라 운 유로 이렇게 할게 아니라 보호자 님을 따라 안양에서 좋았 거야 이런 것들을 훨씬 더 배울 수 있어요,
102,https://www.youtube.com/watch?v=NgiVvPloNuI,NgiVvPloNuI,"보호자 집착견을 위한 솔루션, 3 Don't!｜반려견 기초 상식",강형욱의 보듬TV,tera [음악] 그렇다면 가족들의 가장 큰 국 엄마 주변에서 움직이는 사람들을 유적 화려했던 문제는 어떻게 해결할 수 있을까요 어떨까 아 으 [박수] 그런데 이 집에서는 두가지의 기체 적용이 되는 것 같아요 엄마는 이렇게 다 포용하고 이뻐 해 주는 경 책을 쓰시고 우리 큰 아드님 은 아 그럼 개 키를 내는 안돼 그렇게 게임을 강아지 모르나 빠져 이 집에는 약 방식이 이렇게 달라져 있는 것이 그게 문제이니 우리 보호자 님한테 는 많이 이뻐 하고 많이 만지고 많이 쳐다보고 하는 것들을 조금 뺄 거 고요 우리우리 아빠하고 아드님도 특히 4 우리 큰 0 그 같은 경우에는 강아지한테 엄하게 하는 것들을 조금 될 거에요 제가 여기 왔다 갔다 한국만 움직일 께요 그냥 반응을 보려고 합니다 [음악] 강물 연사가 엄마 블 지나가자 경계하는 모습을 보이네요 카 스 이라 되요 그리고 다시 서쪽으로 하십시오 으 으 탓이란 거야 이쪽으로 3 완전 달아 벌떡 일어나서 강아지한테 한번씩 할 거야 정말 착하시고 차렸어요 때 쌀 그 위층은 소문 학생을 전해지길 허니 표식으로 확대 싶군 허 잎이 숏 곳엔 정책 자기 파 일으킨 에 허리 똑바로 하세요 4 고개도 해줍니다 어색한 하겠죠 강아지 않게 손을 내밀었을 때 허리가 소외되는 에 잘 들어 갈 거죠 나쁜 게 아니 흐미 아니에요 잘못 행동이 아니라 그냥 보고 전 이미 익숙한 행동인데 그거 하고 반대로 하는 연습을 하는 거예요 외채 구한테 조금 혼란스러울 거야 자 한 발짝 앞으 강아지 않았 일부러 보자 님 강아지 어플 감 다 알아요 다시 강아지한테 정면으로 가세요 평소와 달리 곁에 다가오는 카스를 안아주지 않고 오히려 거절 하는데요 제가 보고자 한 뒤 루 돌아갈 게요 [음악] 어떤 행동을 해도 가만히 계셔야 되었고 저는 에 한성 아 보자기 즉 위험할까요 얘는 지금 울 게요 단 준비 돼있어 나는 결제만 떨어지면 한발짝 알수록 다시 op 나는 결제만 떨어지면 더 밀 준비가 되어있는데 왜 이게 답답하게 생각해요 라고 하는데 거기서 님이 지금 기지개 한숨을 쉬면 이 친구한테 는 동의하지 않아 너의 생각해 그래서 한숨을 쉬고 그게 제기를 편한 거에요 그때 가 올려 사가 치는것도 가만히 있는 가슴 지금 엄마가 동의 주시하는 그냥 엄마만 바라보고 서 있는데요 이게 어떤거 리얼을 쫓는 사람들이 오빠 똥강아지 를 선택하는 행복을 위해 하나이기도 해요 이렇게 집착해 고 5 루루 1 왜냐면 은 이렇게 사랑하는 감옥 밖에 모르거든요 지금 우리 여러분들 맡았다 움직이세요 이번엔 가족들도 퍼시 에서 움직여 봅니다 우리 엄마보고 장님을 다른분 따라 가지 않게 지금 더 슬쩍 200승 없이는 커 타이즈 그때 부장님 많은 열을 못하겠어 있는 강아지랑 떨어졌네요 안 줘 볼까요 가지가 돼요 배움에는 모르게 만 하셔야 되요 또 저 쇼파에 앉아 도 좋아요 아직 만약에 올려 그러면 벌떡 일어나 가지고 강아지 앞으로 갈게요 벌 퓨어 싫어 잘하셨어요 그렇죠 아빠도 똑같이 중간에 안 2시고요 오늘 두번 왔다갔다 다시 안 말라요 그때 아파 움직이자 평소처럼 경제 하는 행동을 보이는 카스 자라서 엄마가 바로 앞을 가로 막습니다 평소와 너무 다른 엄마 모습에 어리둥절 해야죠 한동안은 친구하고 지금 이런 관계를 아예 싹둑 잘라 버려야 되요 저는 쓰리 돈트 해브 래요 눈 불지 마라 만들지 마라 말 걸지 마라 세 가지를 하지 말아야 돼요 그래야지 문제가 필요해요 그래서 그래야지 2분들 2세 분들한테 애정이 갈 수 있는 기회가 와요 그렇지 않은 의기 회사 소용이 잖아요 언제까지 하느냐 이 친구가 보장 님 만큼 좋아하는 사람이 생길 때까지,
103,https://www.youtube.com/watch?v=Bj6w-w21QXQ,Bj6w-w21QXQ,산책 시 보호자를 끌고 다니는 요미를 위한 교육｜반려견 기초 상식,강형욱의 보듬TV,비어서 모자와 요미의 관계를 위한 솔루션을 시작해볼까요 [음악] 이제는 산책 줄도 얌전하게 잘 내는 묘 회의 또 돈 a 3 끄러운 보호자를 존중하지 않았던 녀석에게 필요한 솔루션을 은 집안 산책 9 요케 으로 같아 가 막 다시 지금 있는 자리로 들어오시고 어린 동생들 보다 첫째 현지 c 의 역할이 중요합니다 [음악] 자연에게 산책 줄을 매고 집안이 후 저것을 함께 다니는 건데요 목표지점을 바꿔가면서 이동하고 처음에 있던 것으로 다시 오는 겁니다 [음악] 평소처럼 풀거나 덤비지 않고 요미 도손 순순히 잘 따라온 해요 [음악] 뭐 이렇게 있으면 저축을 통해서 애가 느껴요 내가 지금 보호받을 수 있는 사람에게 핸들링 해보 있구나 거야 지금 되고 있구나 그러면 여유가 생겨요 아 뒤꿈치부터 끔 까지 어깨 피부 그렇죠 그리고 제 앞에서 보세요 4 좋아야 그렇게 집을 왔다갔다 왔다갔다 움직이고 여자 보호자 님이 그 리드가 리드 하면서 집을 왔다갔다 움직이게 되면 자연스럽게 우리가 마진은 생각할 거예요 뭐 이 집을 내가 지키는 게 아니라 우리 보호자 님이 이 집을 지키는 건가 내가 굳이 누굴 보고 싶고 누굴 보고 관계 하지 않아도 괜찮은건가 이런 것들을 좀 알 수 있어요 그러질 무작정 뭐 뜨려고 하네 마지막으로 산책 만 하면 무작정 앞으로 뛰어가는 요미 때문에 끌려 다니기 바빴는데 요 설령 제가 원하는 속도대로 만 걸을 거에요 오늘 아주 비협조적인 산책을 할 거에요 지금은 일방적 협조 만 했잖아요 근데 오늘은 그런 탄 책 안 할 거예요 제 거에요 그리고 당겼을 때 못가요 이게 끝인 거죠 올해 또 갔다가 올게요 그동안 제멋대로 살아왔던 요미 를 위해 산책할 때도 규칙을 만들어 주는 거죠 그는 훈련사 님 줄이 너무 짧은 거 아니에요 저는 3m 에 줄을 좋아하지만 이런 곳에서는 4m 를 다 허용하며 걷는 것을 원치 않아요 후렴 하잖아요 그쵸 펀드 보자니 와 버티게 술 잡았어요 이쁘죠 장소에 따라 탄 책 줄 조절은 필수 같이 걸을 수도 있어야 되는데 같이 걷기는 커녕 무조건 달리기 하프 답이죠 왜 살아갈 수 있을 거에요 얘기를 강아지와 가지 정도 속도로 걸어본 적이 있어요 없죠 걸으세요 거에요 녀석이 앞서 가려고 하면 줄을 당깁니다 함께 걷는 걸 알려주는 거죠 요미 가 앞서 나가려고 하면 줄을 당겨 주거나 야성의 앞을 몸으로 막아 줍니다 이렇게 해서 녀석에게 브레이크를 걸어 주고 또 산책할 때 필요한 규칙을 알려주는 거죠 아마 이 책을 생각에는 지금 말도 안될 거에요 뻔히 어떻게 내 앞에 사람이 찍 때 제주를 잡는게 사람인데 건지고 말이야 [박수] 아 아마 그런 느낌일까 아 이런 산채 근데 스타일 이한테 말아야 나와요 예 지금처럼 이렇게 한 사람은 정년을 사람은 1 친구를 보고 못 오게 하면 얻는 것도 방법에 막으세요 다 사라졌어요 4좋아요 으 야 뭐야 님 정말 잘하시네요 철통 방어 왜 44 아주 자 3 아 투미 참 with a com 예 처음으로 부자와 나란히 산책하는 종 잘했을 때는 칭찬해 줘야 된다구요 아 나랑 같이 걷는 거야 다윗 잘 갈 수 있는지 금새 규칙에 자고 나는 걸 보니 앞으로 더 좋아질 수 있겠네요 [음악],
104,https://www.youtube.com/watch?v=6oUZGONHZcQ,6oUZGONHZcQ,산책 시 마킹을 하지 않던 멍미｜반려견 기초 상식,강형욱의 보듬TV,222 으 이제 멍미 에게 아주 중요한 교육이 나왔는데요 사령관 대 소변도 보지 향 새로운 길은 절대 가지 않았기 넣은 산책 문제 각 물려서 와 함께 살펴보기로 했습니다 한번 또 소변 되면 보나 한번 올게요 이렇게 스폰지에 대세에 맞게 하면서 [음악] 역시 냄새는 잘 맞는 법 및 과연 오늘 큰일 낼 수 있을까요 우리 저기 왼쪽에 산책로로 한번 들어가보세요 산책로를 천천히 걷고 있던 그 땡 지나가는 열량이 차기 시작하는 뭐 딱 1회 된거죠 활성이 없어 모이는 않은가 하구요 그거 시제 니까 그 한국에는 조 취해지고 싶어서 씻는 것 같은데요 5 아무리 창 구조 있을 잡았습니다 여친구 저기서 우리가 있잖아요 그럼 적은가 치우고 가면 맑아 내지 못하여 흔적만 남기고 사라져 버리는 방 맥이 저희야 그 다음엔 분명히 저 친구에 대한 정보가 많이 있을 꺼예요 [음악] 적극적으로 정보 수집 중인 멍미 응 가인의 그 한가지에 대한 정보가 소용 보다 훨씬 더 봤다 몇살인지 온수 것인지 않고 것인지 그런걸 교와 술을 먹고 왔는지 이런 것들을 정말 0 활용을 많이 나무 거죠 직접 인상 제한 게 소변 흔적을 탐색하는 것만으로도 사회성이 큰 도움이 된답니다 [음악] 그리고 내가 그렇게 하다보면 은 자기 바퀴 당연 하죠 다 이루어져 대어 하고 싶을까 그런 친구들이 생기면 라일 드럽게 맞게 세트에서 굴 9탄 보 이제 그 전 화질이 많이 모이는 강 국내 자리에 와서 항공 원래 몸이 한번 고 기르기 봤더니 바로 찍고 막 그래 가지고 너무 많은 게 되면 안되요 딱 단짝을 좋아할 스타일인 것 같아 많은 개들이 단짝을 좋아요 흐린 서초 대한 특별 갤 s t 멍미 와 친구가 되어주기 위해 나와준 학부 약 문어 안녕하세요 네 안녕하세요 예 우리 워요 예 타투와 아아 그래요 그때 뜻 갱년기는 저 강아지 꼴 잘 사용 관찰 말라 포틀릿 흔하게 3 줄 서로 몇 번 스쳐 지나갔을 더 친해지지 못했다 는 탁구와 멍 오늘은 왠지 느낌이 좋죠 오늘은 괜찮은데 탁구 되게 괜찮은 했는데 탁구도 고 선임에 철산 아프잖아요 그래야 안식을 만나면 되요 어 그러던 그때 기분이 좋은지 시원하게 흔적을 남기는 탁구 마케 한 것 냄새 맡게 하구요 생각에는 하루에 10분 만이라도 만나면 내 생각엔 저위에 냄새 또 애가 붙일 거에요 자주 만났을 방을 한번 뵙고 아 전 실히 생애 차마 크게 성공한 머문 뒤 2 [음악] wow 아아아 분명한 써도 울뻔 냄새 뭐 일어나요 ero 요즘 썼다 고 칭찬하는 거지 아 무청 첨부터 over 위의 예 배터리 타임 사라졌어요 당연 말을 했는데 압력 감격할 만합니다,
105,https://www.youtube.com/watch?v=b2JUgRBtdQM,b2JUgRBtdQM,다견 가정의 공간 분리 교육｜반려견 기초 상식,강형욱의 보듬TV,아아아 이 친구가 우리 파도 한테 치적을 할 때 파도 한테 뭐라고 하려고 할 때 내가 관심을 주게 되죠 맞아요 그렇게 되다 보니까 이 친구는 잘못된 학습을 하게 되요 귀신이 한테 커널 받기 위해서는 내가 파도를 괴롭혀야 되나 그래서 지금 이렇게 하는거예요 [음악] 4 마 여 가파도를 괴롭게 했던 또 한가지 원인은 바로 보호자의 관심을 받기 위해서 였는데요 이 문제를 어떻게 해결해야 할까요 작사가 쪽에 가서 [음악] 으 자 접으세요 이정도로 앉아 보세요 [음악] 그러면 이 친구가 지금 보이지 않거든요 보통 보호자 님이 그렇게 앉으면 빛의 구를 강 질이 나요 아 처음 무릅에 내려가야 되는데 혹시 파도가 뭐 어떡하지 지금 내가 굉장히 가고 싶진 않지만 1호 가 가면 안 되니까 내가 가야지 잘 와 뭘까 까까 2 그랬어요 좀 부탁 [음악] 이런 느낌이에요 그냥 거기 있어 그냥 거기서 괜찮을거 같습니다 한컵 드리면 아프간 하는 것입니다 으 아까 큰 곳에 가서 똑같이 앉아 보실게요 에 그렇죠 많은 분들이 실수하는 건 되게 잘 하셨어요 한번 # 따가 않는건 너무 잘하셨어요 4 보전 이에요 그래 우리 파도 이름 한번 막으려고 어때요 다물라 어떤걸 다시 일어나서 야죠 그렇죠 파도를 부르면 파도가 보호자 님에게 갈까봐 그곳을 주장하기 위해 이 특권을 시작하기 위해 강아지가 달려 올려 할텐데 쫓아서 그렇게 하지만 파도는 너를 부르는 게 아니야 자 여자 보자니 일어나 보시구요 자 이번엔 여자부 호자 등까지 함께 참여해 보는데요 지금까지 배운 교육 을 활용해 심화학습 에 들어가 봅니다 식을 저 켄넬 안에다가 툭 던져 줄게 사라졌어요 으 [음악] 지금 정도의 이름 불러 볼까요 어 5 여자 우선 님은 나오지 못하게 거기서 맞는 역할이고 강아지가 캔들이 잘 들어간다면 칭찬하는 역할이에요 느낀 않네요 혀를 돌 내는것은 카메 세계는 하나 당황해 내외 거래라는 느낌이에요 아아 그래도 우리 나 그 십시오 보자니 그만하시고 잠깐만 일어나 주세요 그리고 가까이 오셔 가지고 쇼파 하고 계단 사이에 딱 뛰어들어가 주시고요 여자보 전에 한 발짝 뒤로 물러나 시고 그냥 조금 비켜 주시오 시켜주셔야 됐어요 이제 방어와 방패 가입시 5 마초 친구들 감정적으로 할 거예요 2 보우 전임 을 넘어 가야 되고 나를 넘어 가야 되고 남자 보지 않으면 넘어 가야 된다는 생각이 있을 거에요 지금까지는 이런 턱이 하나도 없어요 그냥 컥 이라는 게 없어요 그 영드 저건 가면 되요 그런데 이렇게 싸워 해주는 턱이 있는 거에요 그럼 저 친구가 쉽게 그냥 무조건 브레이크가 고장난 트럭 마냥 달려갈 때 썼던 친구가 보카 하는구나 워커 겠구나 큰 양조 집에 들어가면 간식 먹으니까 집에 들어가는 걸 선택할까 이런 생각을 한두번 하게 되고 그게 쌓이게 되면 습관적으로 파도를 괴롭혔던 것들이 점점 점점 등 서거와 될 것이고 그냥 마셔 추던 거 계속 휘면 되지가 강화가 될 거에요 파도를 위한 방어막을 형성하고 현재 상황에 집중할 수 있도록 함으로써 마요 가울 바른 선택을 할 수 있도록 하는 거죠,
106,https://www.youtube.com/watch?v=GI9RSI-hax8,GI9RSI-hax8,외부 자극에 예민한 도담이｜반려견 기초 상식,강형욱의 보듬TV,파운데이션은 이르마야 대신 경계하기 게 사람들이 원하는 걸 거야 [음악] 트랜 교육을 넘어 갈 거구요 이렇게 서서 기다릴 거에요 그러다가 사람이 지나가면 제 친구가 하는 것처럼 가까이 가서 경계할 거야 중요한 것은 여기 이 때 예민 1 내밀 해져 있는 상태에서 하는게 아니라 아 그래서 이제 모래 중심도 몸을 내 우리가 다리가 2개 잖아요 만약에 제가 앞에 있는 왼발에 무게중심을 둔다면 경계 라는 느낌도 줄 수 있고 보름달에 무게중심을 되게 되면 광고 기가 뒤가 있을까요 쪼 쪽 에 대한 심한 경계를 하지 않는다고 강아지한테 비쳐질 수 있거든요 그래서 괜찮다 베는 약간 몸의 중심이 뒤로 가 있으면 더 좋지 사람이 오니깐 탐 험 또 토 법 바꾸어야 * 아름은 할 것 없이 다 지켜보고 가면 더라구요 다시 쪽으로 왔어요 보면서는 다시 줄을 추스릴 거구요 강아지가 자로 쳐다 볼 때의 인사 할 거에요 의미 잘 있었어 이런 행동을 통해서 낯선 사람은 내가 경계 할테니 이런 신경쓰지 않아도 돼 하는 걸 알려주는 건데요 지금 2009년 8월 당에게 고 눈을 깜빡깜빡 거리면서 잠을 자고 있는 곳을 가면 어 완벽하게 난 졸려서 사는 거야 가 아니에요 나 살짝 빠져 있을게 너희 끼리 한번 해 이런 이렇게 아직 저를 완벽하게 신뢰 하진 않아요 니가 뭐 한다고 했으니까 한번 해서 천 알아보자 욕심 사람이 또 시내 같아요 [음악] to a 제가 여기까지 걸어 올 때 어때요 그냥 편하게 움직이지 않죠 댓글 초부터 막 가끔 치기를 땅에 치면 되면서 움직여야 합니다 e 친구한테 는 굉장히 이곳에서 내가 되게 당황하고 있다라는 느낌을 주지 않을 수 있어요 다시 기회 저걸 나왓다 되죠 콩 괜찮아요 방금 전까지만 해도 미용실 앞에 4 넣자 나가며 문 앞으로 달려가 짖어 되던 도담 할게요 그런데 직접 경계할 필요가 없다는 걸 알려 주자 더 이상은 하나미 신어 가도 반응을 하지 않습니다 와아 sores 다음 단계 이어 가봅니다 더 다바다 회식 있다 내 게시일자 좋아하는 안식의 써 근데 언제 먹을 수 있을까 그 언제 먹을 수 있을까요 지금 달라고 도막 1 해야되죠 정부 전부가 하고 근데 여기서 가 수 있다고해요 여기 이제 펴 글 제 노크를 해 보는 거에요 wee 으 아주 간단하게 소리가 나니까 관심을 먹었어요 이렇게 소리에 대한 경계심을 줄여 주는 건데요 잘 예 찢지 않고 자란 2 이번엔 문 앞으로 이동해서 연 3 아마 지금까지는 이 문소리는 경계해야 된다고 생각을 했을 것이 야 요번에는 똑똑 소리가 나면 제가 이쪽으로 저쪽으로 데리고 갈 거거든요 왜냐하면 소리가 나면 강아지는 지금까지 어떻게 됐을까요 이 쪽에서 소리가 cd 쪽으로 달려가 줘 좀 반대로 갈 것 파 아 잘했어 다시 쪽으로 와서 쇼에 예 에 잘했어 미용실 안을 왔다갔다 이게 무슨 교육이 줘 빠져나올 수 있는 걸 배우는 거에요 빠져나올 수 있는 걸 배운다 구요 아주 안좋은 일이 있거나 안좋은 상황에 놓일 때 너무 화가나고 내 마음을 주체하지 못할 때 가장 먼저 해야 될게 있어요 예 그것을 살짝 빠져나가는데 항상 이 친구는 여기서 밖에서 소리가 나는 꽝 하고 저쪽을 바라봐야 썼어 짠 나요 그 게 아 니 라 저쪽에서 흡연하면 내가 쉬던 장소로 돌아가는 거지 이런 것도 한번 해보는 거야 이런 것들이 하나하나 쌓이고 쌓이고 쌓이면 칡과 쪽으로 반응하고 짓고 달려도 이런것들이 덜 할 수 있습니다 머리 좀 하려구요 손님이 올때 피할 수 있는 법을 알려주는 것도 중요한 거예요 어떠세요 워낙 제가 요번에 밖에 살게 밖으로 나가보는 가울 은상 [음악] 며칠 동안 촬영하던 제작진 더 미용실에 들어설 때마다 질렸던 도담이 과연 이번엔 어떨까요 아 꼭 그게 뭔지 말라구요 손님으로 빙의해 할까 물려 장 컨트 와오 안지 있네요 보호자도 배운대로 착 짜 부담이 더 칭찬의 진짜네 끄리 티 그레이 뜰 언급 이었지만 4 상황을 연출한 거였지만 돼 이런식의 연출을 통해서 강아지가 나중에는 적외선 분 소리가 들리고 사람들이 왔다갔다 해도 빠져나갈 수 있는 여력이 좀 여유가 좀 생겼을 거예요 걘 연습을 자주 해 주셔요 으 어 훨씬 더 오래 많이 될 거에요 손님들이 왔을 때 불편한 상황을 피할 수 있는 방법을 잊기 위해 반복 연습은 페이스 둘 모두 화이팅이에요 마지막으로 강 훈련사 가 특별히 준비한 새해 선물이 있다고 하는데요 [음악] 뭐 니 언니 이게 뭔가요 [음악] 주문제작 인가요 to make 게살 치 않습니까 가 검은 무늬 줘 소비 그렇게 크게 소비 아니다 보니까 도망가고 도망가고 도망가도 기껏해야 한 오류 우메다 정도밖에 안 됐어요 근데 제가 느끼는 도 다미에 안전 거지는 그 거리보다 더 필요해 썼어요 그런 환경에 칸막이 벽을 쳐 주는 게 그 친구한테 굉장히 큰 도움이 될 수 있어요 4,
107,https://www.youtube.com/watch?v=jXRYSlwaONw,jXRYSlwaONw,이유와 목적 없이 방을 지키는 반려견을 위한 교육!｜반려견 기초 상식,강형욱의 보듬TV,아 아 아 아 물리 교육에 이어 진행된 다음 2 살들이 챙겨주고 바로 에게서 설움을 다 하셨던 할머니와 함께 봤습니다 요원의 성령님이 들어가 있을 건데요 이제 할머님이 조금있다가 들어가실 거거든요 먼저 수녀님이 들어가서 잠깐만 계셔 보세요 문제의 소녀 방 에서 진행된 교육 첫번째는 우리 강아지 하고 선생님하고 감정적으로 분리되고 그렇게 하라 보면 이 친구들이 이 방에 대한 소유욕이 떨어지게 되어 있어요 그렇게 생각을 한다면 우리 할머님이 들어가는 것에 대해서도 전혀 거리낌이 없어 질 거거든요 그 왼쪽으로는 보호자 님을 받아 들여야 되는 거니까 지금 연습해 보는 거예요 장기적으로 이제는 소녀의 방에 할머니가 들어가도 괜찮을까요 [음악] 에 아직까지 되요 이방은 내껀 거에요 개그는 내방 돼 왜 병원이라 들어가려고 하는 거야 그러니까 이런 말이야 혼 요 방으로 향하는 할머니를 가려 하는 바로 명칭을 데 이럴 때 나가야 겠죠 아 써주세요 그리고 한 발짝만 이렇게 강아지 요 쪽에서 한 발짝만 즉 내 물어보시면 하셨어요 예 바로 방 사이에 끼어들어 다리로 앞을 가로막는 것이 중요합니다 사실 지금 이 친구가 요 계속 싸움 하고 있는 거야 나 걔 가나가 한데 내가 들어갈 건데 이거 하루이틀 많이 되진 않아요 그럼 지금까지 짜증내는 거에요 아 지금 자 친구는 전혀 그렇지 실크 l 다 실제는 이 친구가 좋아지면 더운 달아 같이 좋아질 것 같은데 그건 좀 있어요 튤 구실로 혼자 측의 들어가기 걸음 말씀도 홍산 3 요번에 강풍은 열고 들어 가실 건데요 우리 바로 같이 안들어가고 항문 이만 들어가 보실까요 되게 때가 문 열 구요 강아지 앞에 보고 이렇게 들어가시면 조금 더 소월 하셔야 한번 해보시죠 그런 여시고 에 뛰어든 쪼금씩 옆으로 8 하셔서 그렇죠 내 들어가지 예 들어가시고 문 닫아 주세요 4 가세요 할머니가 손녀 방을 드나들면서 아 니 것이 아니라는 걸 알려줍니다 [음악] 아 우리 할머니 나오실겁니다 아 네 나오세요 으 으 앙 아직 들어가지 못하게 하는게 좋은 덱 바로의 틈새 공격 기어코 소녀의 방에 들어 오네요 아이언 이마를 말 걸지 마세요 말 걸지 마세요 보호제 님의 말이 비침이 들한테 응원의 소리가 될 수도 있어요 다시보자 님 나오세요 아 강아지 안나오네요 아니었다 오라고 하지 마시구요 안 나오면 다 드세요 말보다 행동이 중요한 때가 있죠 * a 물 같아요 소스를 베이게 생활에 이제 묻어나요 우리는 하나다 이렇게 놓칠 까봐 다 줏어 주잖아요 근데 놓쳐 가지고 블라 매도 봐주세요 튀 키 깎은 나갈 것 이 열렸다 업 분도 토 그런 사이 어 다 시청자도 함께 하는 반려견 참 귤 엄격함 도 설명입니다 각각 또 다시 한 번 해보고 싶으면 으 아 sod 봐주세요 2 에 좀 점까지 그렇게 성장하던 녀석인데 이젠 할머니가 들어가도 얌전히 시켜봅니다 [음악] 무순 아 관계로 [음악] 어쩌면 은 소녀를 지켜야 되겠다 지켜야 되겠다는 생각을 넘어 너무 오랫동안 그런 생각에 갇혀 있다보면 이제는 이유없이 목적없이 그냥 내가 이 방을 지켜야 되겠다 이윤 없어 그냥 지키는 거야 어 가 되기도 해요 그래서 한번 실험을 해보는 거죠 누군가가 들어가려고 할 때 그 방을 지키려고 하는가 그 방에 들어가지 못하게 하는가 이런 것들을 좀 의미로 보고 싶었는데 실제로 끼 얻으려고 하더라구요 그런 것들에 티격태격 이 몇 번 깨 저 일어날 거예요 이 대지 마시고 내 거라는 것 가르쳐 주고 바로 한테 어 할머니가 이 방에 들어가는 것은 좋은 일 생길 거고 나한테도 이득이 고 내가 이 방을 지키지 않아도 되는구나 또 아 알려주고 또 우리 강아지들 한테는 내가 지금까지 한 사람만 믿고 한 사람만 따랐는데 그렇지만 그렇게 하지 말고 여러 사람들 라고도 사회적으로 지낼 수 있어야 되는 문화를 좀 배우면 수신 더 모든 분들에게 좋을 거예요,
108,https://www.youtube.com/watch?v=6PQbxPa2Q20,6PQbxPa2Q20,씹고 뜯는 반려견을 위한 교육방법!｜반려견 기초 상식,강형욱의 보듬TV,예 자 이제 본격적인 솔루션을 시작해볼까요 아무거나 물어뜯는 문제부터 개선 방법을 알아봅니다 양 말이잖아요 예 2 쩍 있는 활동을 하는 것을 반려 밴드 를 좋아해요 근데 이거는 사실 우주가 똑같아요 한마디로 쓸데없는 행동을 우든 동물들을 싫어해요 어떤 뜻이 내면 이곳에 간식 이라는게 들어가 있어요 그러면 이것을 물어뜯는 목적은 뭐예요 큰 시장에서 [음악] 그렇죠 외 활동을 많이 하다 보면 이 친구는 무엇을 하게 되면 간식이 숨어있지 않은 것은 물고 뜯고 자 하지 않아요 그게 당연한 목적이 있는 활동을 하는 사람과 동물의 특징이죠 당연하죠 첫번째 수업이 숀 영 말듯한 10 차기 빠밤 지금 이렇게 이렇게 하면 입을 계속 쓰게 되죠 만약에 입을 쓰는 것에 목적이 있었다면 이걸 통해서 충분히 이제 해소가 될 거 같구요 이걸 하면서 분명히 간식의 들어가있지 않은 양 말들은 이제 쉽지 않고 싶어 하게 되고 그렇게 되게 되면 역시 같은 것도 점점 점점 하고 싶어하지 않아 지게 될 수 있지 너무 쭉 이온 간식이 수있지 안 낸 것에 대한 울고 또 그 찍고 먹는 것이 불가능해 지는 거에요 얀 말수 한식 찾기 에 푹 빠진 쪼 줘 여기도 이제 수장 말이구요 똑같이 볼게요 중요한 건 이거 할때 건들지마 줘 얼굴 이렇게 한다면 하게 됐 그러나 지금 그런 충분히 g 터 활동을 하기는 합니다 그리고 이제 냄새를 통해 서적 있는걸 찾고 요 이것도 이해가 무료 가 거에요 모세는 넣으시오 5 넘어진 것이 뭐 초반에는 저 울타리 같아 저걸 좀 막아 주십시오 으 계속 날수 할 수 있어요 그 저 좀 맞고 좀 고 질 쪽으로 물 그 드렸던 것들 있죠 일좀 않으세요 괜찮아요 외출 하셨을 때 잠깐 치워 는 치워 나도 되고 막 않아도 될 그렇게 해주세요 그렇게 한 다음에 충분히 이런 놀이 하게 하며 는 아마 거의 대부분 그런 행동도 싼 없어져요 싸워 꺼져요,
109,https://www.youtube.com/watch?v=493r27M_xTU,493r27M_xTU,같이 걷는 산책을 위한 스페셜 사운드!｜반려견 기초 상식,강형욱의 보듬TV,지금은 이 친구가 아무거나 줏어 먹는 습관들이 있었잖아요 그저 그게 저를 좀 일정하게 잡고 땅 기능의 원 문제에요 이딴거 뭔데 가지 못하며 냄새 맡는 걸로 후단 말해요 책입니다 이게 지금 이해가 핸들링의 또 밭이 산책한 후에 문제가 가장 큰 문제가 당겼는데 더 이상 당겨지지 않으면 바닥에 있는 먹어요 그걸로 앞으로 봤던 것 같아요 지금 또 해봐 0 또 해볼게요 예 아 잘 걸어요 내 좋아요 예 입소 리의 반응을 했으니 간식 줄게요 저는 이것을 스페셜 싸움 더라구요 스페샬 싸움 세상이 그냥 이거에 반응하면 예 지금 가 당해 만든다 간식을 많이 흘려 봤을 것 같아요 자요 네 그래서 나지가 바다 냄새를 좀 많이 많네요 바로 가 보죠 아 잘 걸어요 그죠 야 이 소리를 들었네요 그리고 설탕을 하니까 빠진다 가보았어요 지금도 보시면 2층과 땅에 있는 냄새를 맡으려고 하지 않죠 우리 다같이 걷는다면 되요 으 [음악] 반려견 이 땅에 있는 음식을 먹으려 한다면 나에게 집중할 수 있도록 나만의 소리를 이용해 관심을 돌려보세요,
110,https://www.youtube.com/watch?v=VWZa6csXSh4,VWZa6csXSh4,보리를 위한 펫티켓 교육!｜반려견 기초 상식,강형욱의 보듬TV,자 고리를 위한 패티 캐 배워볼까요 기본적으로 내가 2분 난 보상을 갖고 있어 하지만 너가 나한테 무언가를 보여야 보호 보여줘야 해 봤어요 좀 냈어 아주 간단한 법칙이 에요 그 네가 내 앞에 와서 앉으면 근데 꿔 간식을 줄게 공대 있잖아 나도 이거 주고 싶은 마음 많지만 내가 안 달라서 주고 싶어서 부르고 그러진 않아요 아 이 비 와 하지 말고 거냐 그렇게 폐 티켓을 위한 머리와 에 올바른 산책 법 및 되어봅시다 근데 너무 당연해요 간식 이니까 이것을 가지고 있으면 당연히 자식은 보세요 제 위치는 그저 저를 계속 따라다니게 같이 걷는거 에 기본은 강아지가 나를 따라다니는 것을 시작을 할 그렇죠 차분하게 산책하기 위해서는 먼저 집안에서 따라다니는 것 부터 연습하는게 필요합니다 지금 강아지가 따라 다니죠 여기서 하나만 추가되면 되요 줄만 추가 되구요 줄줄 계에서 내가 가는데 리가 따라 5개만 하는데요 자 날아다니는 연습을 했다면 이번엔 줄을 매고 교육을 해 볼까요 이제 요번에는 냄새만 실정에 맞게 할 거고요 다시 않지 께요 아 이거를 집에서 충분히 하면 얼마든지 밖에서 더욱 응용할 수 있죠 아 집에서 연습을 학대 그렇죠 진료비 마장 도 이렇게 있으니깐요 4 이번엔 5 머리를 좀 해보죠 줄을 여기가 길 널 지가 아니까 줄을 좀 짧게 잡을 거구요 냄새 마케 할 거에요 그래서 예 그걸로 제가 움직일 때 같이 움직이게 해 볼까요 제 옆에 이 딱이죠 로링 은 이렇게 간식을 이용해 원하는 대로 움직이도록 유도하는 교육 인데요 잘 따라 어져 지금 정부의 주름은 내고 있는 것뿐이죠 되지 않 달래요 이거 이렇게 시도는 해라 영 일 자 요건 이쪽으로 한번 올라가 볼게요 제가 냄새 한번 맞게 하고 이거는 밑그림 그리는 거라고 생각하시면 되요 후 하러 갈때도 차분히 잘 따라가는 거 리 발 따라 오구요 내 옆에서 예쁘죠 es 다됐어 에 당연히 사람들이 많고 텁 아이가 있고 그러면 이렇게 줄을 짧게 잡을수도 있으신 볼 그 사람들 한적하고 괜찮고 편안한 곳에서는 들을 교육의 하는거구요 또 내 옆에 아냐 잘 안 져 앉아 있었으니까 싶어 주게 한 바퀴 돌아볼 꾸어 생각해 봤지 항상 먹을 뻔한 내가 원하는 게 있었으면 은 점프를 했었을 것 같아요 풀 저택에 않고 이렇게 써도 말씀을 먹을수 있어요 예 사람들이 새 나가요 나한테 집중의 es 이렇게만 하면 사람들이 지나가도 얌전 할 수 있겠죠 [음악] 눈 마주칠 때 간식 먹는 어떻게 하면 집에서 얼마든지 교육할 수 있게 슬래브 얌전히 앉아 있을 때 물이 전적으로 한번 걸어 가볼게요 예 이렇게 탄력에 차분히 있을 수 있는 예절을 교육하는 것 만큼 중요한 게 또 하나 있습니다 [음악] 여기도 왔구요 다시 익히는 앉았어요 예 안녕하세요 아내 우리 강아지 이쁘죠 내 엄지 첫 3 내지 차고 노력해야 좀 지초 노래 이렇게 하죠 엄지 엄지 좌 있으십니까 파일 결을 잘 키우는 또 날 방법 바로 자신감 입니다 낙엽처럼 3식 하며 아 그래 그거 하면 아마 아 으 헉 저거 살아온 게 아니야 음 그런데도 사람들이 저렇지 않을까 이렇게 생각하죠 이렇게 어깨 피고 보지 않게 해 보세요 나는 볼이 모두 더 쭉 그렇게 안 되면 이거냐 예 라는 물이 뭐죠 러 내는 보니 물게 될 아까 볼게요 가능 거리 보도록 대면 타기 보여줘야 거제 분석 정보를 몰의 보도록 내는 포일 부르자 다 안녕하세요 더 싶으십니까 아 닭처럼 생긴 사람이 이렇게 따로 이야기야 으 a e i o u 자 보십시오 6,
111,https://www.youtube.com/watch?v=0qdbYJLG5nc,0qdbYJLG5nc,공간에 집착하는 반려견을 위한 교육｜반려견 기초 상식,강형욱의 보듬TV,5 이어서 억 똥이 와 테리가 사이좋게 지내기 위한 솔루션에 시작해볼까요 [음악] 연습을 했으면 좋겠는데 어떤 연습이 되면 참 10년 쇼를 매일 거에요 우리 남편 분은 여기서 우리 친구 쥬얼 매서 애기야 저력에 저도 놓고 했을 때 엄마가 여기서 얘기한 코 탭이 보보 계신데 강아지 하고 앉어 계시다면 와 타 봤다 집안을 맡아 아마다 선생 같 거하시고 하신 않고 또 이렇게 쉽고 바 집안을 맞닿아 움직이기도 해보고 어떻게 되요 그럼 이 친구가 9일 되 식구가 같이 이렇게 있을 때 내가 시키는 역할에 안되도 되겠구나 를 그냥 돼요 트리와 함께 복동 이어 있는 공간을 자연스럽게 탈이 면서 달라진 상황에 익숙해지게 만드는 거죠 그렇다면 보호자가 해먹었던 테리어의 분리 생활은 가능할까요 으 으 엄마 고 옷 아님 먼저 들어가실 건데요 여자 보호자가 먼저 흙덩이 와의 공간에 들어가고 테리와 크 공간 사이를 남자 보호자가 막아줍니다 으 2분과 가이사의 미 친구도 의 게 중요해요 같이 자는 것만이 다가 아닙니다 가을 다 써도 있으며 저는 가지자는 계단 되요 음날 암기가 주니까 그렇게 에 올려 고 싶을 때 있지 않습니다 그럴리 생활의 시작은 잠자리를 따로 가는 건데요 뭐 그럴 때 혼자 밖에 잘 수 있는 좀 여유 있음 여유있는 가져야 되는데 wmn 난 q 거라고 하는 친구들이 있어요 이것이 모습을 이런 연습 해주시면 되요 앞으로도 계속 이런 일이 있을 테니까 이럴 때 힘 쿵 하지 마시고 예 어 어 이만큼 연 됐다 그러지 마시오 외부 하겠 힘들어요 아래 에 마음 임 마음이 뭐 그런데 중요한 건 하루에 한번 정도 에서 두번 정도씩 아이 안 해도 좋았다 왜냐면 내가 있었던 드리니까 엄마에게 이렇게 않으시고 왔다 왔다 왔다 았다 하다가 다시 여기 있고 뭐 훈령 상도를 높여 볼까요 으 강물이 같이 자 당황했는지 펜스를 그렇게 시작하는 여성 다시 열어 보 섀도우 요 생각하지 포자 있는걸 못하여 괜찮아요 일대 감행 [음악] 캐리가 격한 반응을 보이면 다시 방문을 닫아 버립니다 그리고 10초 후 또다시 부분이 어울리죠 이렇게 반복적으로 훈련을 하면 반려견이 공간에 집착하는 습관을 줄일 수 있습니다 또 다시 펜스를 겪는 택 어김없이 문이 닫히자 갑자기 녀석이 짤 늪이 하는데요 드디어 놀이 관건이 잠시 후 눈앞의 부활절을 믿어지지 않는 광경 9년만에 처음으로 녀석이 자기 자리를 찾아 나요 그냥 무조건 강아지한테 얘기를 맡기거나 애기한테 강아지를 소개 하지 말고 않고 다니고 내 옆에서 쉬게 하고 또 내가 페이지 않고 있을 때 강아지 뻐 예 뻐 도 좀 해주고 이런 식의 행동을 해 주면 시간이 지나면 지날수록 분명히 미취학아동 아 갓난 아기를 대하는 행동이 뭔지 어 이거 팔려 밴드도 알 거에요 다이 주의해야 되겠어요 아무리 대가 가지는 이거도 어린아이 갓난 아기와 아아 강아지를 단둘이 도서는 안되요,
112,https://www.youtube.com/watch?v=jhenTOyoktc,jhenTOyoktc,흥분도가 높은 강아지를 위한 여행팁!｜반려견 기초 상식,강형욱의 보듬TV,으 그려줄 하겠습니다 두께 파일 모드 라고 잘못 만나면 심한 싸웁니다 [음악] to opera 원래 먹는걸 좋아해요 태그 좋은데 나오면 사람보고 회 왜냐하면 식욕이 뭐 질 정도로 왜 그가 잡히지 않는걸 이렇게 되면 소변도 잘 아 노력한 소면 한 번 내려 언니나 4 먹는 것들이 다 멈추자 제가 조금만 더 걸께요 8 아 주 를 항상 1 m 로 잡고 다닐 필요 없어요 1m 정도 저희 이렇게 표현해요 뭐 우리 차는 부터 일으키고 까지 달릴 수 있잖아요 8 심으로 가려 파시오 로 가고 112 가능한 110 까지 또 카드 3m 끝으로 만다라 lp 러너 여기서는 이렇게 교육하는 것을 가지고 여행으로 생각하셔야 되요 되어 지금 이 친구를 데리고 그냥 무조건 여행을 다니는 건 사실 패 수만 늘리는 것은 [음악] [박수] 으 으 으 적은 물도 이한테 신경쓰지 않구요 저 애들도 얘한테 신경 쓰지 않아요 이렇게 같이 되어야 되요 [음악] 시간이 회계 많이 필요해요 왜냐면 지금 친구가 이렇게 갈 때까지 있어요 [음악] 저 친구들은 지금 어때요 사실 저 친구들이여 도시에서는 걔들은 그렇게 시작 되요 특히 평온해 보이는 데 근데 왜 그러냐면 여기서는 내가 오전 하니까 경원 한거예요 지금 우리 저기 노란 옷 있고 계신분은 요 다른 강아지한테 마운트 한다고 걱정돼 가지고 오셨어요 깨달음 강아지한테 방탄 아니야 예 그리고 식으로 저의 4일이 님은 동아리 친구들 다른 개를 먹어 치우면 되요 담당 샴 이 친구는 다른 길을 보고 처음으로 달려도 직능단체 있어요 그해 실체 해드려 얘한테 화를 내지도 않고 요 따로 화를 낼 필요도 없고 나도 큰 얘기해 보세요 그럼 괜찮아 그러나 올 때 지금 이뻐해 주세요 [음악],
113,https://www.youtube.com/watch?v=tM9KDCh2PN8,tM9KDCh2PN8,식용견사에서 구조된 ‘도도’의 세상으로의 도약｜반려견 기초 상식,강형욱의 보듬TV,아 아 처음에 우리도 를 봤을 때 이미지 4 악어 클라 타 했어요 어 많이 소극적인 데 근데 이제 성적인 것을 넘어 경험하지 못한 것들에 대한 두려움이 되게 많더라구요 이게 다 안타까운 마음과 함께 친구가 나름 같이 했어요 좀 나아질 수 있을까 라는 그런 생각도 같이 했던게 하시고 너무 억지로 하지 말고 3002 가요 [음악] 아 아 아 으 아 ter 짱 woo hoo woo [음악] [박수] [음악] won 10ml 갑니다 [음악] [음악] [음악] 222 tee 생전 처음 해서 익숙하지는 않을 거야 이렇게 걸어본 적 없어 가지 에 으 정말 뭐 이건 너 이거 놓치면 안 움직일 거란 말이야 who eerie het weer 않았지 4 이 것 재미있는 것 같은데 [음악] 재미 치죠 [음악] ver 저희가 집 이래 들어도 같이 보여줘야 돼 4 조금씩 조금씩 제가 가는 길을 및 있는 것 같아요 조금씩 쿼크 아마 언덕을 올라 봐 올라가 본 경우는 저희 없을 거야 아 [음악] 오오오 마사지할 수 있을 거야 아 [음악] 아 걔 [음악] 아 모르겠네 [음악] 얼어 사람들을 [음악] 싸야 심 강을 건너 로 6등 마을 짜기를 넘어서 세계 그 자랑이자 많고 [음악] 오오오 으 으 으 [음악] franco 으 oo 아 으 #4 query 야 괜찮아 안 들어 라고 하네 있었지만 못해 하하 아 cover 으 2 증가 그건 너무 밖에 나와서 산책을 할때 제가 제일 좋아하는 시간이 세계제일 그란데 강 하더라도 썰어서 어딘가의 가 싸움에 냐 감자인 이렇게 앓는 것 같아 굉장히 5 [음악] 으 으 그래 아주 안전에 한 번 떠난 사람 we [음악],
114,https://www.youtube.com/watch?v=e8lxSdNgA8A,e8lxSdNgA8A,다른 강아지를 보면 공격적인 비누｜반려견 기초 상식,강형욱의 보듬TV,비담 다른 친구들만 보면 후 랑 공존의 이상 닼민 파일 이 문제도 해결할 수 있을까 [음악] 민우의 사용하 교육을 도와줄 새로운 틀린거 조건 안타까이 할까요 친구를 봐도 아무런 반응이 없는데 타더니 개 복장 2탄이 링 자 날 계속 하려 가보지만 제시를 등 하는데요 인해 비누를 다른 강아지가 보이는 곳에 먹는 강훈 3 [음악] oa 이쪽으로 하는데 어떻게 하나만 볼 거야 를 잡고 있을 때보다 조금 쭉 덜 지 차게 신기원 보호 냐냐 저쪽을 바라보고 진행하고 위한 책을 하기도 하구요 잠깐만 여기 계세요 아 노자는 그대로 있게 한 후 욱 빈 5만 데리고 친구에게 더 가까이 가 보는데요 [음악] 아 그런데 이 녀석 다른 친구가 가까워지자 손님이 폭발합니다 할매 라더니 테이블 아주 끌고 다니네요 키 1 지금 여기에 포인트는 보호자 님이 가까이 없을 때 조금 가라 앉는게 보여요 또한 않을 거리가 충분한 것 같아요 저쪽 보다 이쪽을 좀 더 거리가 뭘 거든요 거리가 저만큼 있을 때는 조금 겁내 하는것 같았어요 [음악] 친구를 보고 무조건 짓는게 아니라 다른데 왔다가 허허 뭐 이런게 있어요 이거는 너를 확인하지도 않겠어 그냥 싫어 이 말은 겁이 나는 거에요 그리고 좀더 가까운 곳으로 이동하는 강 우려 사람 줄의 단단히 고정시키고 [음악] ceo 오전 님 개를 만난 지금 우리 둘이 늘 화가 나지도 않았고 탕왕 스럽지 도 않았어 그냥 흘러가게 나 탔어요 되게 중요해요 우리는 사고가 나지 않아 곧 나중에 친구들 수 있다라는 여지를 남기고 빤 하면 되요 아 그러면 이 친구도 나중에 화내 하지 않고도 지금처럼 문제 해결하고 돌아올 수 있어 아닌가요 그냥 국정원 복원에 비료 야 다 둘다 이게 지금 이한테 필요한 4회 월 r 로 약간 만나서 뛰는 게 아니라 아 서로가 안전한 상태에서 서로가 시간을 받아서 유지하면서 레어 이수경 네요 으 아 해 아 더 친구가 생길 것 같아요 나게 분야 정말 가봤자 않다,
115,https://www.youtube.com/watch?v=feDVObRtyqQ,feDVObRtyqQ,견종 이해하기 (ver. 웰시 코기)｜반려견 기초 상식,강형욱의 보듬TV,5 그럼 이런 허주 씨에게도 해결하지 못한 문제가 있었죠 바로 종일 짚고 다니는 하루 민원을 유발할 정도로 생각했지만 짓는 이유조차 알 수 없었는데요 아 free 아 [음악] 마음들이 클리니 않아서 그런것 같아요 아침마다 일이야 마음 대로 일이 풀리지 않아요 웰시 코기 잖아요 헛 인구를 위해 요 양을 쉬고 소를 모는 친구들인데 제 친구들은 정돈돼 있는 상태를 매우 좋아해 [박수] 그래서 사람도 그렇고 이렇게 편하게 움직이면 깨에 속 사람 주변을 뱅글뱅글 도는 친구들이 있어요 예화 행하는 습관들이 있어서 그래 친구도 아마 아까도 저도 되게 당혹스럽고 이상 했던게 홀에 있던 ida 퇴치기 없어요 어떤 아이는 여기서 돌고 어떤 아이는 여기서 걸 것들아 에는 여기서 여기서 여기서 여기선 근데 그런 모든 것들을 내가 보기 싫어요 그래서 진 찍는 거야 저리가 저리가 뵙게 여기 오지 말래 뒤 저리가 저리가 저리가 저리가 저리가 하지 말랬잖아 [음악] 원래가 충 무리의 최적화된 견종 인 웰시코기 짧은 다리로 이리저리 뛰어다니며 양들을 정돈하는 몰던 습성이 남아 있는데요 왜 19기 견종 인하해 없이 다른 강아지들이 부산하게 움직일 때마다 양몰이 를 하듯 따라다니면서 지쳤던 겁니다 [박수] 때론 예 할 수 없는 하나의 문제는 또 있었죠 식사 때마다 다른 친구들이 밥을 먹지 못하게 막고 밥그릇을 4세 왔던 1 왜 활동 할까요 222 이런 격식 방법 이하 너한테는 굉장히 굉장히 약간 더 자극이 돼요 [박수] wood 이제 거의 아무도 언어 요법 14 [음악] 배고픈 게 아니라 지키려고 하는 거에요 한우의 모습을 지켜보던 강 울 려 상 의외의 말을 꺼냅니다 되게 다른 시각에서 보세요 되게 7 물에 보이고요 되게 피곤해 보여요 다른 시각에서 보면 그가 이친구가 이빨을 보이는 것만 눈에 우리가 보이라 보니까 이 빰에 모이고 또 이빨을 보이는 그 사이에 아들이 행기 지나 여러가지 표정들을 못 보는 건데 그 표정은 불안해요 이 음식을 배분해야 되는데 이 음식을 나나 먹어야 되는데 왜 제 내들은 저렇게 마음대로 흥청망청 먹지 안 되는데 이러면 안되는데 우리가 난 한데 우리음식 별로 없는데 하라 걔들은 많은데 레이어 하나 놔 줘야 되는데 안되는데 먹지 마시오 먹지마 먹지마 어떡하지 어떡하지 놓치고 근데 나는 혼나요 아 그렇다 하지만 밥을 먹는 다른길을 공격하기도 했었는데요 [음악] 다만 너무 뒤로 보기 문제 상황을 다시 찬찬히 살펴보는 강 고려장 [음악] 네가 이걸 봤어야 줘 아 이해가 그런 걸었네요 예 그러면 얘도 이 걸 봤거든요 [음악] 얘는 애가 마리아 으르렁 거리는 거 모르고 보고 가고 있는데 예 흘리셨어요 4 아 자 얘는 그냥 앞을 1 보시겠어요 근데 얘는 먹지 만나고 이놈아 먹지 말라고 즉 파 내게 되고 얘는 어 엉겹결에 눌리거나 위협 땅 했어요 둘다 안타까움 아 악 을 녹을 때도 약물이 습성을 바르게 다른 개들을 통제하고 음식을 배분하는 게 자신의 역할이 가 생각했던 거네요 하지만 다른 개들 까지 위험한 이 그대로 둘 수는 없는 노를 어떻게 하면 좋을까요 ep 합주를 때 만약에 내가 할 수 있는 환경과 범위가 홀에서 이렇게 주는게 가장 그나마 적합하고 최선 이라면 여기서 이런 행동을 하는 강아지는 무조건 빼야 되요 따 우주도 안먹어 요조의 로 들어가 봤거든요 예 그런 처음에는 그래요 어 처음에는 걸릴 수 있어요 4 경쟁심을 붙이면서 먹이를 먹을 필욘 한우 값 은 갚으러 꼭 따로 주셔야 겠어요 얘가 조용히 시키는 역할도 하구요 얘가 누구하고 누구하고 싸우지 못하게 하는 역할도 하구요 얘가 먹이를 조절하는 역할도 하는 거에요 그런데 그거를 조금 더 열심히 강아지 소주 내서 열심히 하는 거거든요 그렇다 보니까 어 과학의 보이는 거죠 얘는 사실 이 시스템에 만들어진 역할이에요 그래서 얘는 우리가 어떤 역할을 해야 되냐면 너와 그런 역할을 하지 않아도 될 레이가 할게 내가 지킬 거야 밥 내가 주는 거야 너가 할 필요 없어요 정말 한 마리의 개가 돼서 에 이곳에 리더가 될 지금 시스템은 우리가 하나의 대해 몰랐던 점이 정말 많았네요 조금은 듬직하고 조금은 희생정신이 있고 조금은 힘을 볼 줄아는 숨이 어떻게 움직이는지 볼 줄 아는 친구들이 하루처럼 경계심도 좀 나오고 예민 도 하고 공식에 대해서 무조건 가져가지 못하게 지키고자 하는 것도 좀 생기고 어 그럴 수 있을 것 같아요 그런 행동과 그런 기질을 갖고 있는 친구들이 러시아가 되게 넓어서 여기에 있는 모든 강아지들의 힘의 움직임 감정의 흐름을 잘 알아요 그중에서 하는 그런 기질과 그런 재능을 갖고 있었는데 조금 더 나섰던 것 같아요 그거 그만해 그거 하지마 예 하나의 길이에요 아,
116,https://www.youtube.com/watch?v=Kg_qRUYlCLo,Kg_qRUYlCLo,아이들과 친해지기!｜반려견 기초 상식,강형욱의 보듬TV,[음악] 엄마는 메리와 귀여운 쌍둥이 조카들을 위한 솔루션에 니면 친해지길 말 블레이크 이번 솔루션을 위한 또다른 주인공 상당히 적하 주머니와 쉬워야 안녕 ver 아 제 생각엔 날 질도 칩에서 만남에 대해 친구 글 마 아직 제기 들여서 6달 싸이에게 주셨어요 괴롭 낼 때만 분들께 꼭 맞을 지도 보니까 굉장히 심각하게 밖에서 모르겠습니다 밖에서 보면 3 co 우리 친구들이 이렇게 어린 아이들과 반려견이 채 수캐 지기 위해서는 실내 보다는 밖에서 만나는 것이 더 효율적이라고 요 안녕하십니까 4 be a tooth 예 왜냐면 지금도 보시면 원만한 짜르 co [음악] wie der in later we 크림으로 한가지 아이들 앞에서는 보호자가 바이 해결을 너무 예뻐 는 행동은 금물 잊지마세요 [음악] 아 살자 요리 같이 하자 어 아직 미리 든 두려움이 남아 있는 체 쉽사리 자리에서 일어나지 못하는 쌍둥이들 괜찮아 조금 더 할 때가 돼서 천천히 와 어 마음이 갠 탈 때 움직이게 도 좋아 [음악] 예 알았어 삼촌도 기억할게 전 전형 더 조심스럽게 8 그러므로 옮기는 쌍둥이 득 군과 겉이 피었습니다 5 id 가 그렇게 무섭네 내 딸 얘기라도 하고 5분정도 살았을까요 어느새 메리 그 초까지 다 언니 6대 지금 메리와 쌍둥이는 조금씩 친해지고 있는 중입니다 [음악] 아이들이 좀 아이 친구 하고 있으면서 두려움을 좀 기자 나요 내래 매는 집에 있을때 물렸던 기업들이 쓰림 나 국내 지금 이렇게 산책하면서 이 친구가 몰지 않고 달려 들지 않네요 기억들이 저층 거 같아서 쌓이며 담아 이 친구를 대할 때 너 굉장히 편안해 질 거예요 그러면 두려워 1가 말씀드렸지만 두려워 하는 모습이 없어지면 얘도 같이 없어져요 [음악] 그래서 즉 하 이들에게서 8년을 두려워 하는 모습이 사라지면 달력 연도 자연스럽게 아이들을 배려하지 않는 거죠 아기도 잇꽃 아 어 의원 한 것만큼 좋은게 없는거 같아요 누구랑 친해 지대 적응 아대 [음악] 2줄 듣고 싶어서 느 예 그 구역이 3을 내친김에 메리 산책 줄까지 자 얻었는데요 라 [음악] 3002 알려줄까 이거를 요렇게 적어야 왜 나만 그 렇지 잘했어 그렇지 그 채 그렇지도 5 [박수] ceo 많은 좋아요 아니면 산책 줄 잡는 법도 배우고 메리 와도 가까워 지고 이런게 바로 계속 이 줘 매일 도 싫지 않은데 친해요 그렇다 3001 끝에 내 진료해 아예 좋다 거뜬 i 좋다 [음악] 만약에 내 집에 좀 조카님 들이라 아님을 머리나 아들이라는 별로 사이가 좋지 않는가 바지 그랬다면 7 위에서 만나는 게 아니라 밖에서 만나서 똑같이 평행이 산책하는 충분히 하고 같이 줄도 존 우리 아이들이 좀 잡아줘 보고 한식도 조 추는 거 야후에서 충분히 하고 같이 때문에 훨씬 더 가지가 친구라는 것을 받아들이고 쉴 것 같아요 그냥 덜커덩 데 집에 아이들이 들어온 뭐 강한 1 내 관점에서는 풍 서운 일이 되시겠어요 we,
117,https://www.youtube.com/watch?v=FzJFdECwVp8,FzJFdECwVp8,반려견의 어린이 사회화 교육!｜반려견 기초 상식,강형욱의 보듬TV,per 1 거 태어날 아이를 위해 서라도 개선이 필요한 2배 이에 대한 교육부 배웠으면 난 [음악] 너구나 에 음모로 위해 하루 k 시간을 내준 귀여운 친구 친구 아니요 [음악] 이어서 어김없이 지는 알 이전에도 여러번 시도했지만 까칠한 6점을 번번이 실패하고 말았죠 이번엔 친해질수 있을까요 지금 조금 무서워 수 자 먼저 무섭지 않게 무섭 짜게 3 안전 하게 할 거야 뭐 다 바 가거나 그렇게 할꺼니까 떠 무마 웃어 하시는 마음 같지 반지만 교육을 위해 떫은 곳으로 장소를 옮긴 후 여자 [음악] 그럴 때 마음의 갈리오 놓으시오 새 교육장 va 있습니다 [음악] 강아 잤을 때 말 막 뛰면 쫓아올 봤어요 막 위험을 알았어 그때 아냐 이 친구한테 손 이렇게 해봐요 만약 누가 안되는거 이렇게 말이야 고마 발짝 우리 앉아 볼까 으 아 으 계사 아 되게 것만은 친구 거대 우리가 뛰어다니고 으 멀리서 바라보니 또 배도 편안한 보세요 아이도 강아지도 놀라지 않도록 안전한 거리를 유지한 채 천천히 가치가 봅니다 [음악] 숙적인 앉아 쓰셔도 좋아요 과잉 그리고 제가 그 옆으로 갈게요 쇼가 이렇게 같이 있어본 적은 아니었죠 거의 대부분 하고 이제 되어가고 그럴 때가 훨씬 말았지 지금처럼 이렇게 얌전하게 앉아있는 아니고 도 보이고 간식 좀 던져 50 가 여기랑 키 허가 좀 던져 볼까 8층 2배라고 합니다 fr 함부로 인연을 빈처 내면서 기울일 [음악] 그렇지 그렇지 그렇지 그렇지 멀리 따옴 집니다 이게 펀드 이렇게 같이 걷는게 사회성에 무슨 도움을 주죠 이런 친구가 이제 더 달려들지 않고 뭐 소리 지르거나 그러지 않고 흐름에 안녕하고 간직한 하시고 이제 굉장히 제공 거죠 그리고 또 하나는 지금처럼 이렇게 어 같은 방향을 통해 같은 방향을 같이 가는 것이 서로의 사회성에 돌려 좋아요 옆에서 처참히 걷는 동안 많이 친해진 듯한 쉬워도 배움의 이렇게 한 명 씨의 친해진다 보면 아이를 보고 달려드는 이 없겠죠 최우가 너무 잘해줘서 실제 닭 자리는 4 되지 나중에는 간식 이렇게 지나갈 때마다 이렇게 던져줘 음 그러면 친해질 수 있어 그래도 되게 애교 맙니다 거짓말 하는거 같아서 콱 달 여가 사십시오 [음악] 222 침을 놀기로 했어요 아실 짝 알았어 친구를 재미있게 놀고 갈 때 간식 하나만 쏙 던져주고 뛰지 않고 갈 수 있어 [음악] gta5 걸어가 주는 거죠 가을 그것 사퇴한 데 점점 더 빨라진다고 각각 oo 이 인기 1 8 5 오늘 타일 성은 어떤 마법이 그나마 저 과정 그래서 조금씩 시간도 필요하고 반디 같이 퍼질 수도 있네 그런 과정들이 좀 필요해 활성은 마법이 아닌 꾸준한 노력의 과정이 필요하다는 사실 아셨죠,
118,https://www.youtube.com/watch?v=ctMgTGZNgZ8,ctMgTGZNgZ8,외부인 방문시 흥분하는 반려견을 위한 교육｜반려견 기초 상식,강형욱의 보듬TV,와 외부인 방문 시 대처법 그 첫 번째 현관문 에서 시작해 봅니다 간단한 거머쥘 거에요 아 어머니 계십시오 [음악] 지금 보시면 이었던것 같아요 필요한 응 뭐 일부러 안 하죠 어떻게 해야 될지 몰라서요 왜 평상시 같았으면 누가 이렇게 나갈 때 애가 오른 카나메 서체 질 가능성이 커요 근데 보자 님 따라 나오지 않으셔야 예 그리고 저는 놀라지도 않고 가만히 서 고 데려 2층 가까이 오니까 그 공간을 많네요 그렇다고 해서 제가 공격적이거나 놀라게 거나 아프게 하는 행동이 아니라 그냥 자연스럽게 빼서 에 공간을 네 그건 마늘을 친구 아는 형상 샵을 다를 거 이게 뭐지 이거 왜 그러지 [음악] outer 그때 눈을 쳐다보면 내가 힘이 더 쎄 라고 가르쳐 줘서 데려 이 친구 마음속에는 이 사람이 안 좋은 사람일 수도 있겠네 라고 고민하는 데 그냥 덩그러니 가만히 설 걸 뭐 걸자 님 여자 봄옷 아니면 여기까지 덕이 까지 나온 보실까요 [음악] 으 하 많이서 싶네요 보전 님이 왜 안녕하세요 안녕하세요 네 안녕하세요 [음악] 이치우 꼴이 이렇게 치고 그 다음에 보자 님이 먼저 쪽으로 갑작 그냥 가세요 사라졌어요 [음악] 그녀가 줘 [음악] ce 다시 이쪽으로 오십시오 [박수] 어우 오랜만에 3 요네쿠라 4셀 오랜만인데 야 아 안녕하세요 a e i o u [음악] [박수] 보자 님이 될 줄 알고 또 다를 잡을 짠한 네파가 전혀 안나고 나를 전체 단 그 이상을 거야 되려 이렇게 해보세요 우리 이름 불러 주면서 뭐 예쁜 오랜만에 오션 내 100 이런 느낌으로 한번 해줘야 2분 오랜만에 우선 내 타 기관 사라사 그리고 그냥 저기까지 살짝 갔다가 다시 돌아 오시는데 오전 님이 가는 동안 제가 나가 있을 거에요 자가 있으며 보호자 님이 어서오세요 라고 하면서 문 열어 주실 공부를 열어주세요 같아야 올 때 저는 없어질 거에요 [음악] 으 이때 서울시와 함께 현관으로 뛰어 나가는 후크 어서 새 [음악] 그런 훈련 사회에 어떤 반응도 될까요 으 안녕 갈게요 여 이렇게 번 해 준다며 후쿠야 그래 아니냐 예 너 뭐 하고 있었어 잘 되셨으니까 않는 사후에 너무 착해요 너한테 너무 착하다 이 뭐예요 후쿠야 맞아요 그래요 수가 울컥하네요 괜찮네요 예 계산 네트를 갖게 빨래 내 느 이번에도 얌전히 품과 것 같아요 띵동 하니까 어땠어요 항상 좀 약간 묵을 그러다 할 거니까 괜찮아요 그래 으 개념에는 어쩌면 보존 님이 안되는 그래요 라고 했던 것들도 훨씬 더 이 친구를 더 과격하고 과 2행정 하게 만들 수 있어요 오늘 결국 안 했는데 괜찮다 그렇죠 으,
119,https://www.youtube.com/watch?v=yWK8OF8hwm0,yWK8OF8hwm0,집착하는 강아지를 위한 마법의 방석교육｜반려견 기초 상식,강형욱의 보듬TV,이제 뭐 하고 있는 자세 2 예 달라는 거예요 점프 하지 않고 나한테 오지 않고 어딘가에 올라가면 좋은 일이 생겨야 간식을 먹어요 예 그거 하나 말 있는 거예요 근데 이거를 엄마 방해가 될 거고 보호자 님이 들어가면 애가 다시 여기 들어가면 보전은 간식 주거나 올게요 그렇게 되면 친구가 머리속에 그냥 보온 님이 보면 지정 해지 경계 해야지 라고 하는 회로가 약간 이렇게 바뀌어요 집착하거나 지키려는 행정을 있게 해주 마 소드의 팡 서큐 오유 한번 가져간다는 데요 그냥 이렇게 많네요 자 앉아 보셨 거에요 [음악] 올라가면 가졌구요 즉 한노 3 예 먹고 시피 서브 쉽지 예 평소 자가 직접 교육을 해 보는데요 곡은 처럼 투지와 다시 쪽으로 가서 거기에다가 뚝 떨어 뜻 강아지와 함께 이루어져 것을 별 것 아니라 타 간식으로 유희 감성의 들어가면 좋은 일이 생긴다는 것을 가르쳐 줍니다 [음악] 아 이번엔 방석을 슬쩍 엄마가 있는 안방 으로 옮긴 되요 뭐야 친부 그것도 엄마 옆에 한 준위 날에 경계하는 것이 떠 2 눈을 감 속으로 발길을 돌립니다 tel stern 지거나 그러시면 안되요 아아아 첫발을 살았어 예 물 a 아 그랬어요 [음악] 다양한 선생 날 화상캠 펫 1 소유자가 이제 방송으로 척 차도 스스로도 잘 올라가고 보호자들이 침대에 함께 누워 도 싸이 순이 없네요 [음악],
120,https://www.youtube.com/watch?v=SBlhnIrV6Pk,SBlhnIrV6Pk,반려견이 가슴줄과 친해지는 방법!｜반려견 기초 상식,강형욱의 보듬TV,많은걸 목줄을 하려니까 싫어 있는거예요 자 목줄 친해질 뭐 지금 시작해 볼까요 2 이제 맞춰주는 부분 두고 대토 데다가 엄지 검지로 잡는 거에요 그 다음에 이것을 찾아와서 일어나면 표지를 낮은 4 근데 이거를 약 힘으로만 도면 똥 소리라는 거 아시죠 그럼 아직 아까짱 묻어야 질 거야 뭐라 줄 매 써 [박수] 이 상태에서 또 줄 매고 하지 말고 타인들을 가는거 에 움직여 보는 거죠 예 뭐든 말 담아 이 집에서도 이런 식으로 별매 놓고 볼 때 오면은 빨자 는 대학 1시간을 해요 야 이거 아세요 4 아이폰 l 다시 알아봤어요 4 이거 할때 여 기술적 묶어 보세요 [음악] 아라씨 다 이번에는 좀 천천히 걸어 볼까요 일로 하고 새 [음악] 제가 좀 낫구요 주식을 가지고 온 한번 볼게요 그래 삼식이 이름 좀 더 있고 [음악] 표시해야 어찌 그러면 이렇게 자기가 스스로 줄도 막 끌고 오고 그런 상태가 됐을 때 이제 또 간식도 주고 없고 10시 조금씩 차근차근 2 편식 한번 줘보세요 tibet 한결 자연스러워진 삼식이 워킹 그런데 목줄 착용 싫어하는 친구들은 풀 때도 문제인데요 그래도 어떻게 하죠 어머니 여기 버 기 자 오세요 오세요 2 이렇게 잡으면 요 강아지가 내가 잡힌 줄 알고 이렇게 하러 버려요 그래서 강아지 엉덩이를 를 가게 하고 다리 사이에 다가 살짝 넣고 요렇게 벗겨 주는 게 더 오일을 좀 줄여 줄 수 있어요 뺀 다음에 가지게 되요 뺀 다음에 확 나 줘 버리면 내가 도망 갔다 탈출 했다 라고 느낄까 이렇게 한 다음에 아이성 말 요하는 한식 있잖아요 이거 하나 이렇게 주는 거죠 그 사이에 싸 드시기 목줄 자격 어렵지 않죠 3시가 잘했어 그쵸 이거는 보호자가 배운대로 좋으 심사에 가슴 줄을 작용시켜 보는데요 그래서 느낌이 좋아요 했어요 a 아무 tgm 오픈의 프랑스 짜장 소스 8 84 음식을 다시 한성주 를 착용한 삼식이가 검광 없이 엄마를 따라 제 할지 되요 정렬된 탄식으로 포상 입맛에 안 맞나봐요 앞으로 집에서 줄 매고 모습에서 왔다갔다 거리고 이게 줄 이렇게 좀 뭐 허리춤 이나 손에 잡고 tv 도 보시고 식사도 좀 해보시고 줄을 매는 게 뭔가 아냐 줄 매면 마시는 것도 먹을 수 있고 놀 수 있어 이런거 연결 시켜 주시면 은 으 아 삼식이 훨씬 줄에 대한 스트레스 거부감 줄어들 것 같아요,
121,https://www.youtube.com/watch?v=NQZc3uSQPaI,NQZc3uSQPaI,다투는 다견 가정을 위한 끼어들기 교육법!｜반려견 기초 상식,강형욱의 보듬TV,아 강아지 하고 강하게 사이에 슬쩍 들어가서 이렇게 아주 좋아할 기다릴게요 그래서 강아지 건가 꼬리 라고 하는 어깻죽지 쪽을 따라 다니면서 끼어 드는거 지금은 앉아 있으니까 가만히 계실 께요 잘하셨어요 그렇죠 키는 파우치가 움직이자 그 앞에 막았습니다 약간 빠르게 빼야 돼 잘하셨어요 강아지가 움직이고 내가 아끼는 게 아니라 움직일 것 같은 것을 내가 먼저 거야 강하죠 동안 이 사이에 있어진 하신 좋아야 같 종아리가 볼 수 있어야 돼 주인공이자 4 얘네들이 보고 잤니 모음 봐 주셔야 대까지 안되요 예 아직 내 내가 보호 냥이의 바들이 미실 한번 거에요 번인 아직 갈 길이 멀어요 다시 캉 훈련 사각 막아서 보는데요 [음악] 그러자 어리둥절한 헉 뻔히 5 결국 자리를 피합니다 제가 따름 하니까 조금 다음 스러워 하구요 등 카란 곳으로 들어가서 사실이네요 그런데 재미있게도 이 친구의 행동을 좀 축소 됐어요 왜냐면 보호자 님 한테 가서 이쁨 도 받고 만 진도 얻고 또 약간의 그런 동료를 좀 동료를 좀 받으려 했는데 일체 받지 못하는 상황과 어떤 사람이 중간 역할을 하려고 하니까 하니까 좀 다음 스러운 것 같아요 그래서 들어갔어요 여기가 편하 것,
122,https://www.youtube.com/watch?v=J7t3EKjINmo,J7t3EKjINmo,생각하는 반려견이 되기 위한 노즈워크 응용 방법!｜반려견 기초 상식,강형욱의 보듬TV,자구 활동을 증진시키는 노조 어그 그 흉터 점이 딸려 볼까요 먼저 대학을 너무 크게 담 거에요 뭐지 키우게 힘드니까 안 돼 그러다가 마그 그 더욱 종이컵에 간식을 남아서 세로 대한 에 숨겨 줍니다 벼 페르 보자니 및 제작 달 간 그리고 찾아봐 어머니에게 찾아보게 하는 거죠 거기서 받아야 줘 된 예 코스를 많이 아내가 된걸로 작품을 친구 알수 빨라쪼 그랬듯 거고요 캐리어 처럼 흥분 많이 하는 친구들의 브레이크를 만들어주는게 코 에어 활동을 많이 하는 게 브레이크의 코를 많이 쓰게 되면 생각을 많이 하게 되고 꼬리 보시면 점점 내려가는 게 보이실 거에요 흥분한 소리 렌즈에 기스가 예 생각하는 꾸리는 내려갈 수밖에 없고 내려가요 4 지금도 보시면 곡물 보고 흥분할 때 꼬리가 요동치 지만 냄새를 맡고 생각하면 꼬리가 저렇게 되러 훨씬 하지만 꼬리는 데 쓰이게 머리가 움직이고 있다는 걸 중요성 쓰 팀장 하고 똑같아요 우리 심장을 뛰게 할 9 멈추게 할 수 없잖아요 자발적으로 자진해서 걔들도 나 꼬리 내려야지 꼬리 차이 질 수 술 못 결정 해 꽤 클 키울 dalgona,
123,https://www.youtube.com/watch?v=xxK9P7VUx_g,xxK9P7VUx_g,줄을 당기고 쉽게 흥분하는 반려견 핸들링 방법｜반려견 기초 상식,강형욱의 보듬TV,자 이거는 보호자가 직접 해 볼까요 울음 보여줘요 그냥 거기서 거기 대해서도 그냥 가만 있어도 졸 동자 추를 자본이 여지없이 줄을 당기는 녀석 이럴 땐 어떡하죠 훈련 선임 피칭을 아빠하고 있을 때 힘 쓰는 걸 알아요 아빠랑 이 스탠은 내가 당기는 게 익숙해 아빠 보전이 우리 크라운을 3탄 하품 할까요 123 퍼프 파이스 최근에 주는 차분해 주라 릴렉스테크 edge 그대로 5 5주 그러다가 순간 뜨세요 4 다시 테이션 되면 그때 당겼다가 네 그렇죠 간 다음에 기다렸다가 좀 그렇지 [음악] 다시 한번 쭉 테니까요 아 예 당기고 있다가 4 다만 있을게 가만히 스캔 팝송 1 2 3 co 당기고 놓고 하품 하고 차분한 산책 어렵지 않죠 자 이제 밖으로 나가볼까요 강 울려서 후 갠 운명을 만난 걸까요 엄청 신나 보입니다 어째 땅에서 좋겠어요 아 심합니다 애인과 밤 도움을 줄 압니다 3 가 왜 난 냐 면 거기서 많은 고난이 아니라 이런 되서 그런거 해도 좋아요 이런거 여기서도 흥분하고 따온 덱 흥분하고 싸움 대구를 잘 해야지 내가 줄을 매고 밖에 나와도 기분 좋은걸 알아야 합니다 키프 듯이 밖에서도 흥분 조절은 계속 됩니다 2인 줄을 매고 집에서부터 차분함을 유지한 2 긴장된 산책은 어디가고 평화로 없네요 [음악] 그 제가 만약에 여유가 있으면 전 요렇게 조그만 져있다 갈꺼예요 두 연사가 편안하게 앉은 이라는 호 개 [음악] 그리곤 엎드린 채로 튀는 행동을 하는데요 지금 보시면 누워있는 상태에서 자리를 잡는다 라는게 02 무거워서 일수도 있지만 r 좀 편한거 [음악] 기분 굉장히 좋을 때 자기 몸을 연기될 [음악],
124,https://www.youtube.com/watch?v=zcU_3qn_Bas,zcU_3qn_Bas,다견 가정 내에서의 서열｜반려견 기초 상식,강형욱의 보듬TV,대형견 들을 개 주시는 분들 사이에서 [음악] 서로의 사회를 잡히면 싸우지 않을 거라고 하는 이야기들이 꽤나 5 싶은데 뭐 그래서 서열을 가리게 예 가끔씩은 내버려 두기도 했는데 이 말 많이 들어보셨죠 과 이어 서열은 존재할까 말도 말도 안되요 빨리 잡히면 서로 잘 지낸다 어 저기 야생에서는 서열이 라는걸 다툼을 해서 서예 어느정도 이렇게 좀 잡혔다 라고 하면 둘 중에 누구 하나가 쓰여 기기 없고 졌다고 하면 그렇다면 진 친구는 떠나요 근데 우리 가족 내에서는 떠나보낼 수 없잖아요 강아지 들끼리 서열이 만들어지게 나 떴다 라는 것은 보호자가 그들의 관계를 방치했다는 거예요 그건 보호자가 너무 아니라고 보호자가 너무 나의 책임을 유행했던 거에요 강아지도 일 간에는 서요 를 만들게 해서는 안 돼요 서열이 만들어지는 순간 정말 그것은 사람하고 강아지가 같이 살 수 있는 환경이 아니라 강아지가 정말 울 코 g 도 판단하지 못하는 상태에서 힘과 권력을 잘못 사용하게 될 수 있는 지름길이 될 수 있어요,
125,https://www.youtube.com/watch?v=m8wVHxeyixA,m8wVHxeyixA,겁이 많은 반려견과 산책하기｜반려견 기초 상식,강형욱의 보듬TV,그 이번에는 미니와 함께 산책을 나가 보려 하는데요 지금부터 나게 하셨고 4 안좋게 아주 아주 길게 잠 저는 정말 다 아주 졸 교류 3은 하게 해 보고 지금 줄을 맺지만 꼭 나가지 않을 거라는 걸 좀 알려주고 싶어요 또 2층 거주를 매면 내가 고쳐 길을 가서 엘리베이터를 타야 되고 엘리베이터를 타 가지고 내려와 가지고 외치는 사람들이 갑자기 나타날 거고 이런 두려움을 느낄 수 있으니까 여기서 그냥 가만히 있을 거구요 요번에 아빠 보호자 님이 줄을 한번 잡게 한번 헤드 헤드 해볼까요 그 다음에 보자 네 위쪽으로 툴 크게 걸어가는 없습니다 빨리 지는 말도 줄 길게 잡고 그렇죠 가만히 있으니 고전 조금 더 하까 에 줄이 조금 태현 되지 않게 그렇죠 그렇죠 벌어 줍니다 겁쟁이 미니를 위한 산책 뻔 첫번째 먼저 줄을 길게 해 주고요 여유있게 움직이도록 해 주세요 요연하게 잡으셔도 됩니다 4 [음악] [박수] 으 아 여기서 잠깐 기다릴 거구요 왜냐면 문이 열릴 거니까 그 때 한꺼번에 몰려드는 사람들 결국 겁먹은 미니가 신뢰를 하고 맙니다 새 나가지 그러면 대량 하셔도 좋아요 아 이걸 어쩌나요 아 예 그냥 대 고마워요 고마워요 예 계산 하에 기다릴게요 되게 저게 중요해요 이때 만약에 우리가 출 꽉잡고 그러면 이것을 사 건 왔다고 생각을 괜찮아 우 총사 썰 9 우리가 7월께 괜찮아요 이럴 때 일수록 겁먹은 미니를 홈 나거나 줄을 당기지 않고 차분하게 대하는 것이 중요한데요 얼마나 무섭고 당했을까 싶은 생각에 미니가 안쓰러워 지네요 자 어쨌든 교육을 이어 가볼까요 어떤 사람이 온다 이때는 허 있다네요 그리고 언제까지 더 사람이 지나가면 그 때 움직임은 그 무서워하는 미니를 위해 기다려주는 여 이구요 그런데 보세요 아까 어르신 이렇게 오니까 고개를 뒤로 움직이지 않아요 뒤를 못가게 땡겨 가지고 다가오면 가지고 어떻게 해서 좀 그래도 어느정도는 지금 이렇게 뒤로 가게 해 주고 사실 걸께요 사람 지나 갔으니까 4 얘야 각오가 끈이 피하고 싶을 땐 피할 수 있는 여유 있는 산책 꾸준히 연습해 주세요 [음악],
126,https://www.youtube.com/watch?v=sgutSa6w2ME,sgutSa6w2ME,올바른 가슴줄 착용방법｜반려견 기초 상식,강형욱의 보듬TV,열.열. [음악] 네 . 열 . [음악],
127,https://www.youtube.com/watch?v=FitXzflfNVs,FitXzflfNVs,반려견 사회성의 3가지 유형｜반려견 기초 상식,강형욱의 보듬TV,좀 특징들이 있는 사회성의 모습들이 있는데 이게 세 가지가 있어요 포괄적인 또 제한적인 또 폐쇄적인 포괄적이라 하면 집에 있는 사람 가족이든 집 밖에 있는 사람이든 다 친구가 될 수 있고 이제 제안적 사회성은 가족만 좋아 그런데 만약에 가족이 아닌 당신이 우리를 위협하지 않는다면 친구가 될 수 있어적인 사회성은 가족만 좋아 그런데 가족 중에서 한 사람이 제일 좋아 나한테 조금 특별하게 잘해주는 한 사람을 집어서 좋아하고 또 이중에는 약간의 경계하는 사람이 또 있어요 기는 폐쇄적인 사회성을 지니는 발견으로 함께 있는 사람들 중 순서를 정해놓고 좋아했다가 그 좋아하던 대상이 없어지면 싫어하는 사람에게도 마음을 여는 성격 그만큼 의존적이고 사회성이 결된 거였습니다,
128,https://www.youtube.com/watch?v=58WGFyAeujo,58WGFyAeujo,최고의날 149마리의 개들을 구하라｜반려견 기초 상식,강형욱의 보듬TV,이 친구도 약간 다리가 지금 많은 친구들이 발 질환이 있어 보여요 오른쪽 다리는 습진이 걸렸고 상처들이 많구나 성취하는 발로 철장을 밟고서 있는 것조차 힘들 텐데 밝은 모습으로 손님을 반겨주는 녀석들을 보니 마음이 짠합니다 도 너무 좋아서 그래 너무 좋아죠 어떻게 그럴 수 있을까요 어떻게 사 좋 아 [음악] 보이니까 여태 사람에게 받은 건 사랑이 아니라 상처일 텐데 녀석들이 왜 이토록 사람을 좋아하는 걸까요 그 순수함 앞에서 강 훈련사는 더욱 말문이 막힙니다 [음악] 너무 [음악] 좋아하네요 계라는 동물이 참 그래요 정말 미안할 정도로 사람을 좋아하잖아요 [음악] 우리가 이런 친구들을 보면 조심해야 될 생각이 있어요 어 얘네 이렇게 생긴 걔들은 이런 곳에 있었어 왔어 있어 왔어 그런 생각은 되게 위험해요 왜냐면 이렇게 누런 색계 꼬리고 길고 코는 검정색이 있고 이런 친구들은 그냥 이런 데가 어울린다고 하는 사람들이 있어요 그래서 반려견과 식용견을 구분하기 하는데 어울리지 않아요이 견사 아고 누구도 어울리는 게가 없어요 여기 있는게 여기랑 어울리는 게는 없어,
129,https://www.youtube.com/watch?v=CkPfuSpraMs,CkPfuSpraMs,마운팅을 하는 반려견 교육 (feat.식분증)｜반려견 기초 상식,강형욱의 보듬TV,[박수] 먼저 두부의 가장 큰 문제였던 마운팅에 원인이 무엇인지 원인을 파악하던 중 강훈련사가 흥미로운 사실을 포착했습니다 혹시 이렇게 놔두면 혹시 이렇게 놔두면 혼자 있을 때도 이렇게 막 해요 부자님 방에 들어가고 한번 이렇게 한번 해볼까요 보호자님 두 분 방에 들어가고 이거이 친구한테 놔둬 볼게요 왜냐면 제가 지금 느낌에 어 보호자님이 없을 때 하는지 하는지 되게 궁금하거든요 한번 해 볼게 한번 들어가 보게 어머 오케이 감았 강훈련사가 발견한 두부의 마운팅 법집 보자가 없으면 마운팅을 하지 않는다는 겁니다 정말 신기하죠이 녀석 마운팅에 관심도 없어요이 친구의 패턴을 알았어요 보호자님이 계실 때 시작을 하고요 보호자님 들어가면은 멈춘다 아 그러고 보니 촬영 내내 이렇게 마운팅을 열심히 하다가도 보호자가 없을 땐 얌전히 방석에 기대 쉬곤 했는데요 어떤 이유에서일까요 보호자님이 이제 있을 때에 제 생각에는 보호자님 가고도 싶고 또 인사도 하고 싶고 놀고 싶고 보호자님이 등장하는 순간 여러 가지 뭐 하고 싶은 것들이 좀 많은데 그게 당장 다 안되니까 좀 분출이 돼야 됐었나 봐요 보호자의 관심을 끌기 위해 마운팅을 한 거라니 참 마음이 아프네요 두부를 위해선 마운팅을 생각할 겨을이 없게 보호자가 많이 놀아주는 것이 특허라고 하네요 간식을 이용해 노즈워크도 시켜주고요 사랑받는다는 걸 충분히 느끼면 마운팅을 멈출 거라는 사실 써봐 번 또하나 배변을 아무데나 하고 먹기까지 하는 두부의 엽기적인 버릇 이건 원인이 뭘까요 한번 생각을 해 볼게요 어 되게 어려운 환경 속에서 항상 긴장 상태를 유지해야 되는 어떤 곳에서 살다가 실수한다고 뭐 혼을 내거나 소리를 지르거나 때리면 그게 어 부작용이 되게 많죠 근데 아마 그런 이유들이 쌓여서 먹어요 그까 숨기는 거예요 어떤 아이는 쪼개 놔요 두부가 배변을 먹는 것은 마음이 불안했던 탓이라는 겁니다 조금만 더 내가 정말 여기에 소속됐다 느끼는 순간 아마 여기서 소변 되면 보는 거 또 실수하는 거 정말 줄어요음 그러니까 다시 좋은 가정을 만나 정착하면 두부의 식분증 자연에 고쳐진다는 말씀 그렇다면 앞으로 두부는 어떤 가정에 입양 되면 좋을까요 아 우리 두부처럼 조금 어떤 사연이 있는 친구들은 그 다연이 곳에음 시작하는 것보다 오로지이 친구한테 이제 집중할 수 있는 과정이 사실은 조금 더 적합하기 해요음 과연 두분은 진심으로 사랑을 나눌 가족을 만날 수 있을까요 [음악],
130,https://www.youtube.com/watch?v=pJbFfrXr-qw,pJbFfrXr-qw,반려견의 켄넬 적응 교육｜반려견 기초 상식,강형욱의 보듬TV,"식탄 문제를 해결하기 위해서라도 캔넬에 익숙해져야겠죠? 어, 요렇게 해서 냄새만 쓸 맞게 해 주시고요. 저 캔넬 앞으로 한번가 볼게요. 네. 냄새만 됐습니다. 그 정도면 충분해. 저쪽으로 쭉 한번 해 보세요. 캔들 옆에서 그냥서 주시고요. 아, 잘하셨어요. 그냥 딱 좋아요. 딱 잡아서 톡 던질게요. 먼저 캔넬에 좋아하는 간식을 넣습니다. 간식 하나 잡고 앞에다가 툭 던질게요. 사하셨어요. 시간이 흐르고 있다. 그죠? 강아지는 저 안에 들어가 있고 들어가 있는 동안 괴로우면서 있는게 아니라 지금 맛있는 걸 찾으면서 있다 기다릴게요. 이렇게 간식을 이용해 캔로 자연스럽게 유도하죠. 가서 문을 닫으세요. 잠그셔도 좋아요. 이번엔 발여견이 나오면 문을 닫고 좋아요. 그다음에이 간식을 저 안에다가 철장 사이사이로 넣어 주세요. 그 안에 간식 투차를 넣어보고. 지금 저 친구 마음이 어떨까요? 아 들어가서 먹고 싶어. 그죠? 생각해 볼게요. 저 안에 들어가고 싶었던 적이 있을까요? 스스로 근데 지금 난리가 났어요. 들어갈래? 들어갈래? 나오고 싶었는데. 아니야. 나 들어갈 거야. 그죠? 이제 문 열어 줘 보세요. 그러면 그 문이 열릴 때 기분이 어떨까요? 야싸 아싸. 약간 캔넬에 대한 관점을 좀 바꿀 수 있겠죠? 아싸 들어갔다.이 과정을 반복하고 캔넬 안에 머무는 시간도 늘리면 더 좋겠죠? 산속에 들어가잖아. 왜 못했지? 두방아, 가족들 식사할 때는 캔넬에서 편이 있기다. [음악]",
131,https://www.youtube.com/watch?v=xiztNcZRwy0,xiztNcZRwy0,분리불안이 심한 반려견 교육｜반려견 기초 상식,강형욱의 보듬TV,"그럼 2단계 한 명씩 현관문으로 분리되기를 연습해 볼까요? 따임만 잠깐 계시고 아빠가 현관문 나갔다가 10초 세고 다시 한번 들어와 보실게요. 한번 해 볼까요? 네. 분리불란 어렵지 않아요. 안 적이셔도 좋아요. 따님 좋아요. 해 볼게요. 손 살짝 보여 줄게요. 이렇게 허리 피시고 하품 하나 둘 셋 네 우리 아빠 해 볼게요. 손바닥을 보여주고 하품하는 건 반력견을 차분히 안심시키는 방법이죠. 아더야 불안해 말고 잘해보자. 나가서 다섯만 새고 다시 들어와 주세요. 그때 부르면 안 돼요. 따님 일로 와 보세요. 아까 어떻게 하는지 한번 보세요. [박수] 밖으로 나간 뒤 정확히 오처를 센 뒤 다시 돌아오면 되는데요. [음악] 아빠한테 딱 들어와서 거기 있어 보세요. 다 거기서 그다음에 어깨 이렇게 슬쩍 이렇게 좀 뭐 스트레칭하듯이 한번 움직여 보실까요? 네. 네. 네. 아, 좋아요. 좋아요. 자, 잠깐. 가만히 있을게요. 익숙하지 않죠? 이때 막 만져야 되는데 막 이쁘다 이쁘다 해야 되는데 가만히 있을게요. 신발 벗고 올라와 보시고요. 자 제가 한번 보여 드릴게요. 이게 터벅터벅 걸어서이 벽과 강아지 사이 쪽에 슬쩍 끼어들어 이렇게 기 다음에요 정도면 돼요. 압박 한번 해 볼게요. 내 손맛 슬쩍 내밀어 주셔도 돼요. 그때 막 만지지 말고 내 냄새 맞게 해 주세요. 그렇죠? 아주 좋아요. 이때 부부자님 슬쩍 귀 뒤에를 살짝 만져 줘 볼까요? 그렇죠. 귀 이쪽이에요. 딱 목하고 귀 사이. 네. 예. 배운 대로 인사했더니 아도도 너무 좋아하는 거 같죠?천히. [음악] 먼저 하품을 하고 손바닥을 보여 강아지를 진정시킵니다. 그리고 밖으로 나갔다가 5초를 샌 뒤 바로 돌아오면 되죠. 돌아온 후 인사는 만지지 말고 살짝 손 냄새만 맞게 해 주는 것이 좋습니다. 보자님 혹시 이런 거 좋아하나요? 잠시 후 장난감을 들고 온 강훈련사 볼게요. 줄 한번 풀러 보세요. [박수] 아더의 목줄에 장난감을 묵습니다. 놀아볼게. 우유자님이 한번 해 볼까요? 강훈련사표 장난감에 관심을 보이는 아더. 약간 의욕이 없는 친구들한테 이렇게 놀면 좋아하거든요. 예. 보호자님이 해보세요. 그럼 더 좋아할 거예요. 이름도 불러주면서. 네. 아, 놀자고 해도 무기력한 아더였는데. 네. 이야, 이렇게 좋아하는 모습은 처음 보네요. 이거 어떻게 아도의 밝은 모습에 덩달라 신이란 보자. 이렇게만 지내준다면 걱정할게 없겠네요. 네, 좋아요. 네. 블리브한 교육은 이게 확률이 아니라 하면은 되는 교육이에요. 사실은 분리불한 교육은 안 될래야 안 될 수가 없는 교육이거든요. 이거는 사실은 올바른 방향만 딱 선택하여서 그 방향만 보고 더디겠지만 천천히 천천히 나아가면 배기면 백이 다 교육이 성공할 수 있어요.이 방송만 보고 왜 나는 좌절감을 주고 싶지 않거든요. 우리 보호자님들이. 예, 우리 보호자님도 열심히 하시면은 저처럼 할 수 있어요. 무조건 되니까 빨리 가려 하지 마시고 어, 천천히 천천히 하려고 해 보세요. 그러면 분명히 현상이 나쁜 게는 없다만 봐도 어 아마 분리불 정도는 해결할 수 있을 거예요.",
132,https://www.youtube.com/watch?v=Ia0BJCnk-0s,Ia0BJCnk-0s,산책을 두려워하는 반려견 교육｜반려견 기초 상식,강형욱의 보듬TV,오늘은 더 안 나올려 그러는 거 같아 아이고 또다시 멈춰선 샤넬이 약간의 무기력증이 빠졌네요 이거를 학습된 무기력이 그래요 산책을 하려는 시도조차 두려워하는 녀석을 강훈련사가 조심스럽게 바깥으로 이끌어 봅니다 하는데요 하지만 금세 다시 멈춰서 녀석 이럴 때 어떻게 해야하죠가 어머니 이쪽으로 오셔야 돼 오라고 하지 말고네 덩그런 있어야 돼 아 중요한게 가만히 기다리다가이 친구가 오면 잘했다고 해주는게 낫지 이리 와라고 하는 것은 조금 더이 친구한테 어려울 수 있어 는 조금만 더 기다렸다가 우리 아빠고 저만 볼게 그런데 이때 샤리가 다가오기 시작합니다 이렇게 왔을 땐 충분히 보상해주며 칭찬하는게 필요하겠죠 그런데 녀석 간식이 모자라나 봐요 어머 적극적으로 간식도 쟁취하려고 하고 우리가 아는 샤넬이 맞나요 일로 와서 샤넬 한번 불러 보실까요 자 보시고요 보 머리 좀 다듬 이쁘다 포도 죽고 샤리에게 산책의 즐거움을 알려주는 첫 번째 비결은요 멈췄을 때 줄을 당기지 않고 자리에 앉아 스스로 다가오게 하는 것 충분한 보상과 [음악] 칭찬이었다 하지 않았고요 여유만 준 거거든요네 사실 그랬더니만 이렇게 달라졌어요 애교 부리고 싶어하고 아버지 여기 돌 위에 살짝 앉아 보실까요 이름 한번 살짝 불러서 간식 하나 주셔도 좋고요네네이 또 왔어요 왔고 는 인식해요 인색하지 인색 아 이거 잘해 잘했어 여유로운 산책의 결과는 놀라웠습니다 지금은 한 발짝 한 발짝 다가온다 그죠 그죠 이젠 부르지 않아도 조금씩 다가오더니 극기와 보호자의 주변을 서성 거리기 아지 합니다 지금 뭐 하는 거냐면 강아지들은 보호자가 정착했다고 생각을 하면 그 주변을 훑어야 자기가 직접 걸어가기도 하고 냄새 막기도 하고 앉아도 보고 소 보고 그러면서 이곳에 내 주인이 했음을 스스로 확인하고 어 알려요 지금 요런 느낌으로만 해줘도 솔직히 되게 괜찮거든요 샤넬의 마음이 닫혀 있던 시간만큼 보호자들의 충분한 기다림이 필요하다는 사실 꼭 기억해주세요,
133,https://www.youtube.com/watch?v=X0_K9LaBz8Y,X0_K9LaBz8Y,하수도 구멍을 무서워하는 반려견｜반려견 기초 상식,강형욱의 보듬TV,그런데 잘 가던 두유가 갑자기 멈춰섭니다 그곳은 다름 아닌 하수도 앞인데요 여기 잘 못 건너네 아예 못 건너요 잠깐만요 높이 들지 말고요 살짝 안아서 뒷다리를 저기다가 한번 넣어 볼게요 해볼까요네 됐어요 됐어요 잘했어요 내려놓으시고 아주 좋아요 잠깐서 있을 거예요네 그리고 다시이 돌 걸어 돌아갈게요네 돌아갈게요 그런데이 녀석 철판 앞에서 또 멈춰서네요 여기 드시라는군요 예 저 친구 살짝 안아서이 철판 위에 살짝 올려놔 보실까요네 괜찮아요 네네 안 돼 싫어 싫어요 안 돼 안 돼 괜찮아 이게 뭐가 어려운 거라고 우리 두유 겁이 정말 많네요 하지만 극복해야겠습니다 네 슬쩍 안나 뒷다리를 저 그렇죠 천천히네 내려놓으실 형 안 돼 난 틀린 거 같아 나 못 해 난 틀렸어 먼저가 형 안 돼 뭐해 괜찮아요 예 참 세 살인데 그죠네 세 살이 뭐 어땠어 움 움직여서 다시 다시 한번 도전해 버렸는데요 그렇죠 아까 뒤에서 잡 수 있으면 잡아봐라 잡혔구나 여기까지만 오세요 그렇죠이 녀석 하수구가 정말 싫은가 보네요 저쪽에 있어보세요 앉 지켜보기가 안스럽네요 떨고 있네요 이때 보호자님이 가만히 있어 주면 돼요네 어 힘들겠다 어떡하라고 생각하면 더 못해요네 견을 위해선 보음 굳게 먹는게 중요합니다 포기하지 않고 계속 연습하는 크러쉬 자 그정 아이 딱 좋다 그 정도네 여기까지까 이번에는 어떨까요 바로 그때에 좋아요 와 두상의 최초 하수도 건너기 성공 감동이에요 건다 성공대 좋아요요 연습 많이 하면 나중에 요거 어렵지 않을 거예요 저쪽으로 갈게죠 유야 이제 자신감 가질 수 있겠지 우리 두유 파이팅이야,
134,https://www.youtube.com/watch?v=6IHmUgQJAME,6IHmUgQJAME,보상용 간식 급여방법｜반려견 기초 상식,강형욱의 보듬TV,1차 솔루션 이후 매일 진줄 산책을 하다 보니 보호자도 보미에게 여유가 생긴 것 같은데요 아직도 계속되는 보미의 당기기는 어떻게 할까요 이제 여기서부터는 보호자 님한테 올 이유가 있어야 돼요음 보상 예 보호자님 테 올 이유가 있어야 되는데 올 이유가 없어요 간식 같은 걸 주면서 해야 되는데 예 어 맞아요 간식 좀 많이 달라고요 끼지 말고 네 닭가슴살은 가끔 삶아 주는데 저희가 간식을 좀만 줘도 얘가 살이 금방 쪄버려서 저희가 웬만해서 간식을 잘 안 주거든 평소 먹던 사료를 툭 떨어뜨려도 관심이 없는 봄이 칼에 몇개 한끼 한 끼네 어 이거 한 컵 예 그걸로 하나 예 한 컵 과일 같은 건 엄청 좋아하거든요 수박이랑 사과과 주지 마시고 아과 주지 마요 애키 오셨으니까 하종일과 먹면 밥 먹으려고 하나 애들한테 그게 잘됐는데 말못하는 짐승이 막 침흘리고 있으면 우리만 먹기가 좀 그래가지고 주게 되거든요 솔직히 얘네한테 했거든요 제가 그니까 이만큼을 먹을 건데 레귤러 먹는 건 이만큼이 이만큼은 보상으로 주는 거예요 아하 강 훈련사의 간식 훈련에는 요런 비법이 숨어 있었군요 그동안 간식으로 훈련하면 우리 강아지들 살찌는데 고민하던 분들 많으시죠을 당의 사료 중에서 80% 밥주고 남은 20% 사료를 이용해 산책이나 훈련에 사용하면 비만 걱정 없이 보호자에게 집중하는데 딱 좋다는 말씀 산책을 아침에 하니까 밤에 밥을 좀 주고 아침에 산책을 하면서 주면 정말 좋아하겠네요 그렇죠 전 그래서 모든 음식은 저녁에 한끼로 줍니다 한끼를 굽 당장 그말 취소해요 안 그러면 간도 다 뺏어먹을 아 벌써부터 졌어네 그럴 수 있어요,
135,https://www.youtube.com/watch?v=541KBSyFvC4,541KBSyFvC4,보호자를 지키는 반려견의 짐 덜어주기!｜반려견 기초 상식,강형욱의 보듬TV,아마 몽이가 자발적으로 누구를 지키고 누구를 보호하는 것을 선택을 하긴 했을 거예요 근데 하지만 그게 되게 힘든 일이에요 너무 일찍 철 들었어 어 우리 애들도 보면은 조금 어린 나이 때 철 빨리 드는 애들이 있듯이 그거 보면은 기특도 하지만 안쓰럽기도 하죠 너무 이제 우리 승현 씨만 지키려고 하는 모습들이 강조되고 강화되고 반복되니까 어이 어깨에 눌렸던 짐의 무게는 이제 잇고 어 인지도 못하고 경계만 했던 거 같아 승영 씨를 지켜야 한다는 몽이의 무게를 덜어주기 위한 첫 번째 교육 우선은 우리 승현 씨가이 집을 좀 이렇게 왔다 갔다 해 볼 수 있을까요이 휠체어로만으로도 누가 이렇게 도와주셔도 상관없어요 그리고 엄마가 우리 승현 씨하고 우리 몽이 사이에 슬쩍슬쩍 끼어 만들 거예요 이왜 면 우리 승현 씨가 천천히 걸어서 여기까지만 와보세요 네가 아니어도 괜찮아라는 인식을 심어 주는 건데요 우리 엄마 보호자님이 딱 좋아요 우요 친구하고 승씨 사이 슬쩍 끼어들어 보세요 예 그 몸으로만 슬쩍 하다가 이렇게 그렇죠 딱 기다리시고 또 강아지하고 승현씨 사이에 살짝 끼어들어 보세요 어머님이 승 씨와 뭉이 사이에 끼어듭니다 정도 딱 줘요 가만 을게요 승영 씨한테 껌딱지처럼 붙어 있었는데 가로 막히자 몽이가 당황했나 보네요 그래도 교육은 멈추지 말아야겠죠 가서 똑같이 이쪽으로 바라봐 주시고 지금 살짝 끼어들어 볼까요 엄마가 슬슬 하다가 승현 씨하고 강아지 사이에 끼면 돼요네 좋아요 잘하셨어요 굳이 휠체어로 이동하면서 끼어드는 이유가 있을까요 승현 씨가 할 수 없이 한 곳에 오래 머물러야 되시아요 그러다 보니까 강아지가 자연스럽게이 자리에 있는 승현 씨 어 내가 좋아하는 승현 씨 어 여기서 더 움직이지 않을 거네 그럼 여기에 이제 정착을 할 거야 그럼 나는 정착을 한 승현 씨를 위해 내 몫을 다 해야 되겠네 이렇게 지키는 거일 수도 있거든요 그래서 승현 씨의 위치를 이렇게 계속 바꿔주고 움직이면서 승현 씨의 보호자는 엄마야음 자연스럽게 아 이거는 내가 할 거야 승영 씨의 보호자는 몽이가 아닌 어머님이라 사실을 알려주는 겁니다 그런데 그때 바닥에 코를 받고 다시 엉뚱한 행동을 보이는 몽이 왜 이러는 거죠 승현 씨가 움직이면서 자기 일자리를 잃었어요 근데 일자리를 잃으니까 슬퍼하는게 아니라 호기심이라고 하는 장난기가 발동을 해서 냄새를 막고 다니네요 그니까 사실은 누군가를 지키는 거 자체가 굉장히 힘든 일이에요 이젠 지켜야 한단 부담 좀 덜고 여유로운 몽이가 되렴 몽이한테 바라는게 많지 않더라고요 승현 씨는 그냥 몽이가 너무 고마워서 몽이가 힘들지 않게 됐으면 좋겠다라고 생각하는게 어 너무 멋지고 너무 고맙고 그런 승현 씨가 주인이여 보호자라고 몽이가 너무 행복할 거라고 알려 드리고 싶었어요 우우리 승현 씨만큼 좋은 보호자가 없을거다 우리 승현 씨가 있어서 우리 몽이가 너무 행복하고 있다이 세상에서 아마 제일 좋아하는 사람을 꼽으라고 하면 승현 씨라고 할거다 이거 좀 알려드리고 싶어요 너무 멋진 보호자고 아마 나중에 우리 몽이가 말을 할 수 있게 되면 당신의 강아지 당신의서 너무 좋았 없다고 너무 행복하다고 한번 할 거예요 너무 고마워요,
136,https://www.youtube.com/watch?v=qOnLjKQi8yQ,qOnLjKQi8yQ,반려견 입마개 착용법｜반려견 기초 상식,강형욱의 보듬TV,"[박수] 자라면서 갈수록 산납고 무섭게 변해 버렸다는 금표. 결국 대부분의 시간을 견사에 갇혀 지낼 수밖에 없는 신세가 되고 말았습니다. 혹시 모를 상황을 대비 입마게를 착용하고 솔루션을 진행하기로 했습니다. 안전은 언제나 중요하니까요. 근데 이게 어 확실하게 딱 쪼여져야 돼요. 특히나이 윗부분이 네 공호자가 직접 금표에게 입마개를 착용시키기로 했는데요. 아무쪼로 큰 거부감이 없어야 할 [음악] 텐데요. 만 있어 봐. 보호자에겐 온순한 녀석. 입마개를 착용하는 동안에도 별다른 반응은 없었습니다. 정말 다행이죠. 어서 안 일어나네. 네. 자기가 알아서 막 빼려고 막 가둥 쳐도 빠지지 않아야 돼요. 한번 다 당겨 보세요. 입마개가 잘 채워졌는지 확인하는 방법. 당겨봤을 때 공간이 생기면 안 돼요. 그러면 위험해요. 다리를 툭 치면 빠져야지. 더 이상 갈 데가 없는데. 타이트하는데 타이트하게 안 돼도 타이트하게 안 돼도 빵꾸를 뚫어서라도 해야 돼. 아 그러면 뚫어 뚫어야 되는데 그게 그러면 뚫는게 낫겠다. 세악의 최초 솔루션에 등장한 전동 드라이브. 금표의 입에 맞게끔 입마게를 고쳐서 다시 씌어 보는데요. 이번엔 잘 됐나요? 딱 잡고 요렇게 한번 들어보세요. 오케이. 오케이. 드디어 입막에 착용 완료. 그런데 잠시 후 강훈사를 향해 달려드는 금표. 여전히 경계가 심하네요. 그래도 입마귀를 단단히 했으니 교육하는 데는 문제 없겠죠. 이게 만약에 어 물리게 되면 그 순간 훈련사님들은 오랜 경험을 통해서 강아지를 제압해야 되고 또 강아지를 떨어뜨려 내야 되는데 그 과정이 터프예요. 그리고 물리는 거는 물리는 거지만 그 물렸을 때 그 해결하는 방식 자체가 그 강아지하고 교육이 진행되지가 않아서 입망에는 반드시 해야 되고 저는 어 꼭 이야기하고 싶은게 있는데 이거는 꼭 나갔으면 좋겠는데 어 사람 반려견을 대하는 수위사님, 미용사님, 훈련사님들은 안전해야 돼요. 그래서 반드시 어 입마개를 꼭 착용하시고 또 그게 절대 속스러운게 아니거든요. 그래도 당연히 나의 안전과 반려견의 안전을 위해서 입마귀를 꼭 하고 진료를 보시고 미용을 하시고 교육을 하셨으면은 좋겠어요.",
137,https://www.youtube.com/watch?v=FBge0GjqD8Y,FBge0GjqD8Y,물건에 예민하게 반응하는 반려견 (세나개)｜반려견 기초 상식,강형욱의 보듬TV,곧바로 이어진 다음 교육은 보호자가 하려는 모든 행동에 예민한 반응을 보였던 다중이 쫑이를 위한 솔루션입니다 [음악] 그냥 들고만 있을까요 가만히 있써 볼게요 보호자가 빚을 들자 역시나 돌변해 으르렁 거리는 쫑이 괜찮아요 괜찮아요 괜찮아요 괜찮아 일촉즉발의 상황인데요 바닥에 떨어뜨리게 빛을 바닥에 던져놓아도 녀석은 흥분을 가라앉히지 못합니다 그런데 어디론가 향하는 녀석 조에 근처를 맴돌며 경계를 늦추지 않는데요 기억인 거 이런 일이 있으면 제가 또 나한테 와서 른 리고 싸우겠지 나를 또 치겠지 난자 보장이 [음악] 일어날까요 대체 이런 상황에서 보호자는 어떻게 행동해야 할까요 어떤 사람들은 이런 소리를 들으면 화가 같이 나는 사람들이 있어요 아무 화나면 안돼 간식하나 툭 떨어뜨려 주세요 차분한 마음으로 바닥에다 간식을 하나 떨어뜨리는 보호자 쫑이가 반응이 없자 다시 한번 간식을 던집니다 그러자 슬그머니 나와 간식을 먹는 쫑이 물론 으르렁 거림이 보상으로 연결될 수도 있어요 근데 가끔은 어 인심 쓰는 것처럼 그냥 보상을 주기도 해요 보호자의 행동을 신뢰하지 못하는 우리 쫑이와 같은 반려견에게는 가끔 이렇게 보상으로만 줬던 간식을 목적없이 마음껏 먹게 하는게 필요한데요 보호자와의 신뢰 회복에 도움이 될 수 있습니다 예 엎드려 와 정말 금색 강 훈련사를 따르는 우리 쫑이 참 신기하죠 우선은 풀어진 거는 같아요 근데 지금 저 저런 기억보다 으르렁 거리 어떤 뭐 휴지라 뭐 빛이라 이런 기억이 훨씬 더 저한테는 강렬한 것 같아요 여기서 빛을 만지거나 그런 것들은 최소 하면 좋을 것 같아요 쫑이 이게 좋은 기억이 많아질 때까지 당분간 트라우마가 있는 물건을 사용하지 않는 것이 상책,
138,https://www.youtube.com/watch?v=uY19dLVICa8,uY19dLVICa8,[반려견 기초 상식] 볼을 볼록거리는 반려견 (세나개),강형욱의 보듬TV,"[음악] 우선 영상을 통해 골드니의 행동을 확인하는데요. 써. 가자. 산책을 거부하는게 가장 큰 문제. 줄을 매면 안 움직이는구나. 네네. 집에서 이렇게 멀어지는 거 자체를 거부를 하자. 막무관로 버티기 일수였죠. 앞으로 앞으로 나갈수. 그런데 영상을 보던 강울연사가 골든니에게서 특이한 행동 하나를 포착합니다. 이런 것도 자주 보세요. 바로 볼을 볼록볼록 부풀리는 행동인데요.이 입을 하는 거. 응. 예. 그게 어떤 표현인가? 음. 어떤 표현인가요? 입을 다물면서 숨을 쉬야 되니까. 건강하고 좀 편안한 친구들은 이렇게 할 텐데 이제 약간 나의 행동을 좀 되게 숨기고 그러고 싶은 친구들이 흥분을 하면음 아 발탁 이렇게 숨을 몰하시는 것 같은 흥거린 소리를 내요. 흥분을 하거나 긴장 상태에 놓였을 때 반려견들은 숨을 핵 몰아시는데요. 소심한 성격을 가진 녀석들은 행여 마음이 들길까 봐 입을 다물고 숨을 쉬다 보니 불이 부풀게 되는 거죠. 어, 지금 산책은 그러면은 거의 엄마가 오전에 아이들 등교할 때 제가 한시간을 이렇게 얘기를 할지 잡고 나가요. 무조건 안고 가야 돼요. 근데 맨 처음에 골든이 왔을 때 11월 말에 와서 굉장히 추웠거든요. 그래서 잠깐만요. 12월 12월 달쯤에 12월 그럼 저 친구가 6개월 정도 있다가 집에 온지는 근 정도 됐네요. 전문 견사에서 살다가 생후 6개월쯤 부양된 골든이. 무슨 얘기를 하려는 걸까요? 이야기를 들어보니까 근 6개월을 견사에서 살았는데 견사에서 그렇게 오랫동안 살았 살았다면 또 형제들하고 어느 정도 오랫동안 있었었다면 강아지들은 생후 45일 이후에 누구하고의 관계가 진지했느냐에 따라서 조금 더 강아지하고만 대화를 잘하는 친구로 또는 사람하고만 대화를 잘하는 친구를 커요. 환경이 좋은 전문 견사였지만 보통의 강아지들이 분양되는 2개월을 훌쩍 넘긴 6개월간 견사에 머물렀던 골든이",
139,https://www.youtube.com/watch?v=jgTjk8XZiyg,jgTjk8XZiyg,반려견의 공격성을 누그러뜨리는 법｜반려견 기초 상식,강형욱의 보듬TV,,"first=RuntimeError: No captions found for languages: ko, ko-KR, ko-orig, ko-ko; second=TranscriptsDisabled: 
Could not retrieve a transcript for the video https://www.youtube.com/watch?v=jgTjk8XZiyg! This is most likely caused by:

Subtitles are disabled for this video

If you are sure that the described cause is not responsible for this error and that a transcript should be retrievable, please create an issue at https://github.com/jdepoix/youtube-transcript-api/issues. Please add which version of youtube_transcript_api you are using and provide the information needed to replicate the error. Also make sure that there are no open issues which already describe your problem!"
140,https://www.youtube.com/watch?v=SGg4YxZmRlo,SGg4YxZmRlo,"송은이, 김숙과 닮은 강아지는?!｜반려견 기초 상식",강형욱의 보듬TV,우리는 언니네 레이디오 우리가 이제 김수 씨가 맨날 본인 얼굴이 개상이 그러거든요 예 그 약간 패키니즈 약간 이런 느낌 있죠 패키니즈 퍼그 이런 느낌 그래요 네네 얼마나 이쁜데요네 저는 어때요 저는 강아지로 치즈면 치아와 치아와 미니핀 치와와 치와와 미니핀 아닙니까 포 미니핀 미니 핀보다 제 생각에는 약간 포메라이언이 좀 더 가까운 거 아무 그 귀여운 선생님 진짜 내가 들었던 칭찬 중에가 좋은 칭찬이야 서울이 성격 좋다 보다 더 기분 좋아 다 저기 아니 훈련사님 나메 너무 좋은데 서원 씨 흥분 그만하시고 아하고 우리 훈련사님서는 개만 잘 버지 사람은 못 봐요 그 사실인 거 같습니다 예 사람을 진짜 더럽게 못 봐요까지 다시 보니까 저 킹 찰스 스페니얼이라고 킹 찰스 스패니얼이라고 해서 그 굉장 이쁜 그 강아지가 있는데 제 생각에는 퍼그나 패키지보다 그쪽이 훨씬 더 지금 바로 김수가 검색 들어갔는데 케리어 킹 찰스 스페니네 아 이거네요 어 이건 아니에요 선생님 카발리의 킹 찰스 스페이 금 얘는 아닌 거 같습니다 얘 너무 예쁘다 진짜 너무 아 근데 영농하게 생겼다 얘가 예 정말 좀 비슷해요 예 딱 나갔네 얘는 약간 사람 잘 보죠네 사람 되게 잘 보시네 그리고 지금 보니까 눈빛이 촉 한게 약간 사람으로 따지면 직업군 중에 약간 시인을 할 것 같은 느낌인데 김수이 절대 그렇지 않거든요 뭐 하시는 거예요 얘 얘는 감성 저는 원시인을 하게 생겼죠 김 씨는 감성이 없는 분이라 감성이 없어요 무슨 감성이 없어요 예 진짜 어 난 계속 이러고 다녀야 되겠다 너무 예쁘네요 아 완벽하네 아 나를 찾았네 [웃음] 저장하셨다면 l,
141,https://www.youtube.com/watch?v=xH8ka8g-RG4,xH8ka8g-RG4,강형욱 훈련사님이 제안하는 연휴에 반려견과 함께할 수 없을 때｜반려견 기초 상식,강형욱의 보듬TV,"푸른밤 이동진입니다. 휴가나 여행 같은데 갈 때 진짜 고민되거든요. 걔 아니라 저는 이제 고양이인데도 불구하고 고민이 되는데 보통 이제 뭐 애견 센터 이렇게 맡기기도 하고 아니면 호텔에 요즘 많이 맡기고 네. 동네에 이제 그냥 뭐 이웃이나 혹은 뭐 부모님들게 맡기거나 이런 일이 흔히 있잖아요. 제일 좋은 방법은 뭔가요? 데려갈 수 없을 때. 저도 사실 전문가라고 하지만 가장 고민이고요. 저는 다행히도 어머니가 어머니하고 이제 저희 가족하고 어 여행 스케줄을 조금 서로 다르게 해서 어머니가 저희 집에 와 주셔요. 그래서 강아지들을 돌봐 주시고 어머니가 어디 가실 때는 제가 어머니가 키우는 강아지를 돌봐 주고 있거든요. 네네. 가족끼리 그렇게 하는 것도 되게 좋을 것 같고 근데 요즘에 굉장히 시설이 좋고 프로그램들이 잘되어 있는 강아지 호텔 그죠 위탁소들이 좀 많이 있어서 주변에 내가 당장 급하지 않더라도 찾아보면 좋을 것 같은게 어 응급 사항이 있을 수 있잖아요. 아, 평상시에도 네. 뭐 갑자기 친구 뭐 일이 생겨서 가져야 될 수도 있고 그럴 때 이제 강아지를 갑자기 맡겨야 되는 순간순간 때 주변에 좀 그런 시설이 있는지 좀 알아보면 좋을 것 같고요. 또 요즘에 패시터라 그래서 네. 어, 어떤 전문적인 어, 직업으로는 아니지만 그래도 어, 품맛시 같이 요번에는 내가 좀네 강아지 맡아주고 다음에는 내가 급할 때 어, 너 강아지 내가 데리고 있어 줄게. 음. 그런 분들이 되게 많아서 그렇게 서로서로 맡기고 좀 산책도 좀 같이 하고 그럼 좋을 거 같아요. 네.",
142,https://www.youtube.com/watch?v=Jxutw_jLuf8,Jxutw_jLuf8,강형욱 훈련사님이 말하는 반려견의 행복｜반려견 기초 상식,강형욱의 보듬TV,[음악] 푸른밤 푸른밤 이동진입니다 저는 그래서 실외 화장실이라고 해서 반려견들이 하루에 세 번에서네 번 정도 규칙적으로 밖에 나가게 되면요 실내에서 소병화 대변을 안 하거든요 아 그래요 네네 그래서 모든 우리나라의 반려견들이 다 실외 배변을 했으면 좋겠습니다 아 그래요네 그러면 개 입장에서 본다면 그 모든 패턴들을 자기가 다 습득한다는 얘기잖아요 예를 들면 주인이 2시간쯤이면 자기를 산책을 시켜 주고 산책에 나가게 되면 밖에서 배변을 보게 되고 이런 것이 이제 그이 말하자면 그 뭐라 그럴까요 정해진 순서대로 하루하루를 지내는 것이 걔한테는 사실은 가장 행복한 어 그 작은 일 하나하나 어 산책 나가네 너무 좋다 내일도 나가겠지 그리고 기다리고 와 내 보호자가 또 산책을 데려가 줬어 너무 좋다 이런 거 하나 행복하지 로또 이런 거 행복하 그렇겠죠 걔가 로또 돼 가지고 아싸 금 사려 먹을 거게 안 되는 거죠네 하루하루 작은 기대가 이루어지는 것에 만족스러워하는게 강아지 들이고 우리가 그 기대 작은 기대 하나를 어 이렇게 들어줬다는 거에 또 어 마음도 좀 뿌듯해지는게 이제 보호자의 어떤 보람일 것 같은데 그런 것들을 하나하나 쌓아 나가면서 실내도 쌓이고 그런 거 그렇다면 y,
143,https://www.youtube.com/watch?v=BI14cyXt4H0,BI14cyXt4H0,강형욱 훈련사님이 알려주는 반려견의 사회성 (컬투쇼)｜반려견 기초 상식,강형욱의 보듬TV,[음악] 어느 날 와이프가 그 자기네 걔한테 코를 물려 갖고 온 거예요 코를 물려 갖고 반찬 권을 붙이고 왔더라고 그거요 꼬매고 뭐 이런 식으로 해 갖고 그러니까 앞에서 이렇게 이렇게 하다가게 물었대요 근데 와이프 오빠만 그렇게 따른다는 얘기가 있던데 모든 개들 다 그렇습니까 그렇잖아 그 약간 혈액 형이라고 하긴 좀 그런데 태어나면서 세 가지의 성격으로 태어나요 내가요네 하나는 폐쇄적으로 폐쇄적 사회성이 하고 제한적 사회성 포괄적 사회성 이렇게 세 가지로 나누는데 예를 들어 드리면 포괄적 사회성은 가족도 너무 좋고 그 다른 사람들도 너무 좋아요 너 너무나 다 그런 개도 있고 골든 리트리버 뭐 라브라 리트 골든 리트리버는 더 진짜 런 식들은 그래요 근데 제한적 사회성은 가족만 좋아 그런데 가족과 친한 사람 또 나에게 친하게 친절하게 해주면 그 사람하고 가족은 아니지만 친구까지 될 수 있어 아 그렇게까지 또 그분을 짓는구나 근데 이제 폐쇄적 사회성은 가족만 좋아 근데 가족 중에서도 한 사람이 제일 좋아 그게 개 종에 따라 그런 거예요 아니면은 이게 스피츠 그룹이라 그래서 뭐 차우차우 진돗개 또 토착견이라 그래서 그 이름 자체가 지역 이름이 친구들이 있어요 치와와 아 치와와 이런 친구들이 약간은 이런 폐쇄적 사회성을 갖고 있는데 예 이거는 특징이고요 근데 재밌는게 있어요네 사람 중에 그 오빠를 굉장히 따랐 아아 오빠가 잠깐 뭐 출장을 갔다 그러면은 다음 사람을 찾아요 그 다음 그 계급에 있는 사람 그리 또 재밌는게 있어요 그런 강아지는 미용실에 맡기면 미용사들 조금은 좀 타이트하게 행동을 하지만 보호자가 없으면 순간 그 미용사 중에 또 한 사람을 주인처럼 행동해 아니 만약에 그러면 2위 오빠가 출전하는 거 갔어요 그 어 동생을 막 따라네네 오빠가 다시 오면 다시 원상 먹고 다시 바요 몇 년 있다 와도네 다시 바요 성형에 따라서 거기서 내가 적응을 해야 되겠구나 그러면이 사람을 찾아서 그렇게 탁 아주 어 그렇게 사는 방식이에요 그게 종에 따라 그 폐쇄적일 수게 더 많고 확률이 높은 거군요네 근데 이게 좀 말 자체가 폐쇄적이라는 말 자체가 조금 좀 나쁜 이미지를 심어줄 수 있기는 해서 좀 부드러운 표현으로 좀 제한적이라고 하고 좀 예민하다고 하는데 그런 이거는 견종의 차이도 있겠지만 사실은 골든 리트리버 안에서도 네 그런가 있기도 해요 다 골든,
144,https://www.youtube.com/watch?v=SZTXn1yMrW4,SZTXn1yMrW4,강형욱 훈련사님이 알려주는 유기견 구조 방법 (컬투쇼)｜반려견 기초 상식,강형욱의 보듬TV,[음악] 아 그럼 단도 지적으로 좀 물어보고 싶은데 유기견이에요 그래서 소회도 많이 받고 걔가 싸나워 네네 그럼 막 모르는 사람을 보고 막 물려고 하고 막 이러잖아요 으르렁 거리고 그러면 사실은 보통 사람들은 물릴까봐 접근을 못 하거든요 네네 그렇잖아요 더군다나 약간 개가 또 강아지도 아니고 이만 커 어 그러면 무서워서 접근을 못 하거든요 그럴 경우에 그 강아지를 좀 이렇게 순화시키고 하 어떻게 접근을 해야 돼 접근하 방법부터가 일단은 우선은 얼마나 빨리 구조해야 되는지부터 알아야 될 것 같아요 만약에 다리가 부러졌을 수도 있고 상처가 나섰다면 그 친구한테 접근하는 방식이 조금 거칠고 터 하더라도음 어 최대한 빨리 접근을 하는게 맞을 텐데 만약에 그 친구의 영향 상태나 상처 정도가 그 정도가 아니라면 만약에 제가 구조하는 입장이라면 충분히 시간을 주고 그 친구한테 제가 위협적이지 않을 거라는 걸 보여 준 다음에네 어떻게 어떻게 위협지 않다는 걸 보여주냐 얘기죠 질문하지 않으면 돼요 물어보지 않으면 되고네 가까이 가지 않으면 되고 그냥 우리가 상대를 알 때 질문을 해서 답을 얻는 방식으로 알 수도 있지만 관찰하고 경험하면서 알 수 있는 방법이 있잖아요 그냥 늘 곁에 있는 거군요 이렇게 그렇죠 그래서 예전에 한 어 구조 단체의 어떤 분 어떤 분은 정말 나한테 믿음을 주지 않는 강아지 옆에서 길거리에서 같이 잤어요 어 그니까 그거를 열흘 정도네 열흘 정도 하다 보니까 잠자고 있을 때 잠자는 처 척을 했겠죠 입을 덮고 그 옆에 와 가지고 기대고 이뻐해 줬고 줄을 매서 아주 아무 어 부담없이 강아지를 보호소에 데고 갈 수 있었어요 근데 이게 굉장히 중요한게 어 만약에 그 그 구조 과정이 너무 거칠었다 men음 구조는 됐지만 다른 새로운 사람을 만날 때 되게 힘들어질 수 있거든요 그 오히려 그래서 나중을 생각해서라도 구조 과정이 되게 어 부드러우면 훨씬 더 나중에 병 힘들었던 경우가 어떤 경우,
145,https://www.youtube.com/watch?v=5HI2JnOjbSA,5HI2JnOjbSA,겨울철 반려견의 면역력을 UP! 시키는 방법｜반려견 기초 상식,강형욱의 보듬TV,[음악] [박수] [음악] o [음악],
146,https://www.youtube.com/watch?v=2C-Elp-CjOM,2C-Elp-CjOM,[Private video],,,"first=RuntimeError: No captions found for languages: ko, ko-KR, ko-orig, ko-ko; second=VideoUnplayable: 
Could not retrieve a transcript for the video https://www.youtube.com/watch?v=2C-Elp-CjOM! This is most likely caused by:

The video is unplayable for the following reason: This video is private

Additional Details:
 - If the owner of this video has granted you access, please 
 - sign in
 - .

If you are sure that the described cause is not responsible for this error and that a transcript should be retrievable, please create an issue at https://github.com/jdepoix/youtube-transcript-api/issues. Please add which version of youtube_transcript_api you are using and provide the information needed to replicate the error. Also make sure that there are no open issues which already describe your problem!"
147,https://www.youtube.com/watch?v=iV41H0HnLtQ,iV41H0HnLtQ,[Private video],,,"first=RuntimeError: No captions found for languages: ko, ko-KR, ko-orig, ko-ko; second=VideoUnplayable: 
Could not retrieve a transcript for the video https://www.youtube.com/watch?v=iV41H0HnLtQ! This is most likely caused by:

The video is unplayable for the following reason: This video is private

Additional Details:
 - If the owner of this video has granted you access, please 
 - sign in
 - .

If you are sure that the described cause is not responsible for this error and that a transcript should be retrievable, please create an issue at https://github.com/jdepoix/youtube-transcript-api/issues. Please add which version of youtube_transcript_api you are using and provide the information needed to replicate the error. Also make sure that there are no open issues which already describe your problem!"
148,https://www.youtube.com/watch?v=OJ_AVFLS4CU,OJ_AVFLS4CU,[Private video],,,"first=RuntimeError: No captions found for languages: ko, ko-KR, ko-orig, ko-ko; second=VideoUnplayable: 
Could not retrieve a transcript for the video https://www.youtube.com/watch?v=OJ_AVFLS4CU! This is most likely caused by:

The video is unplayable for the following reason: This video is private

Additional Details:
 - If the owner of this video has granted you access, please 
 - sign in
 - .

If you are sure that the described cause is not responsible for this error and that a transcript should be retrievable, please create an issue at https://github.com/jdepoix/youtube-transcript-api/issues. Please add which version of youtube_transcript_api you are using and provide the information needed to replicate the error. Also make sure that there are no open issues which already describe your problem!"
149,https://www.youtube.com/watch?v=QgT13KndSLE,QgT13KndSLE,[Private video],,,"first=RuntimeError: No captions found for languages: ko, ko-KR, ko-orig, ko-ko; second=VideoUnplayable: 
Could not retrieve a transcript for the video https://www.youtube.com/watch?v=QgT13KndSLE! This is most likely caused by:

The video is unplayable for the following reason: This video is private

Additional Details:
 - If the owner of this video has granted you access, please 
 - sign in
 - .

If you are sure that the described cause is not responsible for this error and that a transcript should be retrievable, please create an issue at https://github.com/jdepoix/youtube-transcript-api/issues. Please add which version of youtube_transcript_api you are using and provide the information needed to replicate the error. Also make sure that there are no open issues which already describe your problem!"
150,https://www.youtube.com/watch?v=kDtSGxpekNc,kDtSGxpekNc,[Private video],,,"first=RuntimeError: No captions found for languages: ko, ko-KR, ko-orig, ko-ko; second=VideoUnplayable: 
Could not retrieve a transcript for the video https://www.youtube.com/watch?v=kDtSGxpekNc! This is most likely caused by:

The video is unplayable for the following reason: This video is private

Additional Details:
 - If the owner of this video has granted you access, please 
 - sign in
 - .

If you are sure that the described cause is not responsible for this error and that a transcript should be retrievable, please create an issue at https://github.com/jdepoix/youtube-transcript-api/issues. Please add which version of youtube_transcript_api you are using and provide the information needed to replicate the error. Also make sure that there are no open issues which already describe your problem!"
151,https://www.youtube.com/watch?v=_wg_vnboSkI,_wg_vnboSkI,[Private video],,,"first=RuntimeError: No captions found for languages: ko, ko-KR, ko-orig, ko-ko; second=VideoUnplayable: 
Could not retrieve a transcript for the video https://www.youtube.com/watch?v=_wg_vnboSkI! This is most likely caused by:

The video is unplayable for the following reason: This video is private

Additional Details:
 - If the owner of this video has granted you access, please 
 - sign in
 - .

If you are sure that the described cause is not responsible for this error and that a transcript should be retrievable, please create an issue at https://github.com/jdepoix/youtube-transcript-api/issues. Please add which version of youtube_transcript_api you are using and provide the information needed to replicate the error. Also make sure that there are no open issues which already describe your problem!"
152,https://www.youtube.com/watch?v=GDAuvYDFgv4,GDAuvYDFgv4,[Private video],,,"first=RuntimeError: No captions found for languages: ko, ko-KR, ko-orig, ko-ko; second=VideoUnplayable: 
Could not retrieve a transcript for the video https://www.youtube.com/watch?v=GDAuvYDFgv4! This is most likely caused by:

The video is unplayable for the following reason: This video is private

Additional Details:
 - If the owner of this video has granted you access, please 
 - sign in
 - .

If you are sure that the described cause is not responsible for this error and that a transcript should be retrievable, please create an issue at https://github.com/jdepoix/youtube-transcript-api/issues. Please add which version of youtube_transcript_api you are using and provide the information needed to replicate the error. Also make sure that there are no open issues which already describe your problem!"
153,https://www.youtube.com/watch?v=08R-E-82NEU,08R-E-82NEU,[Private video],,,"first=RuntimeError: No captions found for languages: ko, ko-KR, ko-orig, ko-ko; second=VideoUnplayable: 
Could not retrieve a transcript for the video https://www.youtube.com/watch?v=08R-E-82NEU! This is most likely caused by:

The video is unplayable for the following reason: This video is private

Additional Details:
 - If the owner of this video has granted you access, please 
 - sign in
 - .

If you are sure that the described cause is not responsible for this error and that a transcript should be retrievable, please create an issue at https://github.com/jdepoix/youtube-transcript-api/issues. Please add which version of youtube_transcript_api you are using and provide the information needed to replicate the error. Also make sure that there are no open issues which already describe your problem!"
