playlist_index,video_url,video_id,title,channel,caption,error
1,https://www.youtube.com/watch?v=8s3ybEgTpQY,8s3ybEgTpQY,My dog walks around food-in-mouth. Can I make my dog eat at one spot? | Kang Hyung-wook Trivia Q&A,강형욱의 보듬TV,5 4 으 아 으 허위의 있죠 네 있을 수 있죠 텅 맨 1 까니 님이 주신 사이에요 따 가지가 간식을 물고 다니는 데 딱 한 자리에서 먹게 할 수는 없나요 두 가지 측면으로 우리가 생각을 해볼 수 있어요 돌아왔다는 해서 먹는 걸 보니까 불안해하는 것 같은데 문제 없을까요 라고 하는 마음에서 이런 질문을 할 수도 있고요 베릴 강아지가 어 간식을 먹는데 이것 저것 돌아다녀서 지저분하게 만들어요 한 곳에서만 먹을 수 있는 방법이 없을까요 이렇게 두 가지의 그 이후로 이 질문을 한 것 같아요 모자 님이 뭐 어떤 노던 간의 똑같아요 요전 1 켄넬 있어요 캔의 레서 강아지를 먹게 해주세요 또는 강아지가 편하게 먹을 수 있는 어떤 장소를 제공해 주세요 그리고 거기에 문을 닫 받고 그걸 다 먹고 나오게 해주세요 제가 우리 어어 아기를 키우면서 느끼는 겠어요 지금 닦아 2나 이따가 주나 더럽히는 똑같다 학교에서 마음먹게 하고 다 먹고 난 다음에 그 다음에 채워 지거든요 혹시 다 경과 적 있나요 사경 과정이며 는 더욱 또 그렇게 해야 되요 그 이유는 좀 싸우지 않게 하기 위해서요 왜냐면 간식을 우주 처럼 하나씩 하나씩 나눠 먹을 거라고 생각하면 안되요 그럼 뺏고 쉽고 자기 꼴을 안 먹더라도 내가 못 먹는 한이 있더라도 저 강아지 도 못먹게 하고 싶은게 강아지들의 마음 이거든요 아셨죠 으 오 오 오 오 오 오 오 오 오 오 power to 탐구,
2,https://www.youtube.com/watch?v=MMD5LdjrLcg,MMD5LdjrLcg,"If My Dog Barks When the Phone Rings, Is He Trying to Tell Me? | Kang Hyung-wook's Trivia Q&A",강형욱의 보듬TV,3 병 다른 내막이 있을 겁니다 꽃 유니 님이 실신 사이에요 사람의 리 올리면 지 저요 너 나온 걸 알려 주려고 하는 건가요 전화벨이 울리면 조금씩 같이 봉 부자간 놀라는 경우들이 있어요 또 전화는 이 오면 팡 급히 달려가서 전화를 받는 경우도 있더라구요 뭐 그럴수 있잖아요 그런데 그 모습을 보고 반려견 들이 언젠가 생겼다 라고 여기고 짖는 개 들이 있어요 그런데 전화벨이 울렸을 때 5 요정도로 끝나면 괜찮지만 전화를 하고 있는 사이 계속 복을 자르기 위해서 하셨거나 달려 드리려고 하는 행동을 하는 발림 애니인데 달려든다 라는게 점프하는 거에요 물론 친구들은 거의 99% 로 보호자 님한테 응석 쟁이가 되어있는 반려견이 마늘 거구요 그 외에 그렇게 점프를 하고 달려들 때 마다 맛있는 간식 이라던지 예쁜 말이 라든지 뭐 다정한 손길 같은게 분명히 보상의 따와 썼을 거에요 그리고 때 하는 어쩌면 보호자 님이 전화를 하는 모습이 평상시 모습하고 달라서 일수도 있어요 뭐 좀 가식적으로 전화를 한다거나 아니면 은 화를 낸다거나 그래서 보호자 님이 전화를 받는 모습은 무서운 몹이 약 라고 생각을 하게 되면 그때 전화를 하고 있는 중에 테슬라 아지 말하고 말리기 위해서 짓는 경우들이 간혹 있거든요 보자 님 불이 꽃 유 님 어떤건지 한번 살펴 봐 주시고요 만약에 우리 친구가 전화벨이 올릴 때만 이렇게 지는거 라면은 이렇게 해보세요 전화를 올리게 할 수 있잖아요 소리 줄여주고 밸리 울려고 4가지가 칠 때 병 화기를 나한테 뭐 불러요 그래서 강아지가 나한테 보면 a 자 시키고 간 시켜주는 것 그것만 한번 해 보세요 전화 벨이 울려요 쓰더라 이리와 앉아 사데스 간식 이렇게만 연결해도 마치 찍는 것은 없어질 수 있을 거에요 저자 짝 한번 그렇게 한번 해보세요 도움이 될겁니다 [음악] 으 222 으 으 으 으 으 [음악],
3,https://www.youtube.com/watch?v=yTgRSMT_njA,yTgRSMT_njA,Is There a Reason My Dog Sniffs Through the Cracks of Closed Doors? | Kang Hyung-wook's Trivia Q&A,강형욱의 보듬TV,3 으 으 음 으 모터 허리를 꺼내 내 있져 있죠 그럼요 살림이 준 사람입니다 저희 강아지가 물이 닫혀 있는 및 문틈 사이로 코 씀을 엄청 크게 쓰는데 무슨 뜻일까요 뭐 이게 어떤 거냐면 좀 문이 닫혀 있으면 은 밑에 틈이 있잖아요 문이 거기에다가 콜 더 이러면 맞춰 이런소리 작례 그냥 이렇게 이제 하는건데 거미 가고 싶다는 거에요 궁금하다 4 뭐 아파 들어온 것 같은데 엄마 들어온 것 같은데 마시는 것 같으나 이런 뜻이니까요 너무 걱정하시 건의 그럴 필요 없어요 여러 상하게 할 수 있다면 그런 좋죠 근데 만약에 뭐 엄마가 들어오는 걸 싫어해 수 없다 그러면 좀 어 문제를 가진 그렇지만 만에 갈 수 있다면 문 열어 주면 되죠 우리 저 바로 갖고 되게 많이 에요 샤워 하려고 2분 봤잖아요 그러면은 이제 화장이 좀 토너 쿨 이렇게 이렇게 돼요 샤워할 때 구원을 가끔씩 문 풀이가 나 펼쳐지는 않는데 문이 이렇게 부딪치는 소리가 나요 여러분을 제가 못하고 무역상 열매는 바로 와 이렇게 놀라야 합니다 바로 뭐 여러가지 합니다 누군가가 쉬고 있거나 자고 있거나 그러면 그 옆에서 누워 있는 걸 좋아하거든요 주인의 방에서 자면 문을 이렇게 단 한단 말이에요 안전 문을 그러면은 거기에 넣고 를 만해서 막고 거기가 또 아래턱의 사요 예 주은이 가 남자이고 쪼금씩 거칠어 요 그래서 이게 아이를 위해서 있지만 강아지를 위해서라도 북 애들 키우고 있습니다 여하튼 4 가고 싶게 가고 싶다는 거니까 그쪽으로 가게 해주세요 4 [음악] 으 으 으 으,
4,https://www.youtube.com/watch?v=43todNAPysg,43todNAPysg,Is it better to take my dog with me when traveling for the holidays? | Kang Hyung-wook's Trivia Q&A,강형욱의 보듬TV,아 3 op 레오 예 네 어 어딜 [음악] 어딘 어릴 그럴 거에요 okdal 이미 주신 사인 이에요 명절 날 큰 집에 강아지를 데리고 가능한 강아지가 힘들어 할까요 헌 자 집에 있는게 더 힘들까요 평소 조용하게 지내는 편이라서 갑자기 많은 사람들이 있는 집에 데리고 가면 스트레스 받을까봐 걱정이 됩니다 편집이 1시간 반 정도 거리인데 어떻게 하면 좋을까요 내 활력의 니 그 큰 집을 알고 있는 상태다 그리고 또 큰집에 이 계시는 여러분들이 내 발 10년을 알고 있고 되게 만나고 싶어한다 아 저는 문제 없다고 생각해요 괜찮아요 그런데 만약에 완전 모르는 사람입니다 그중에는 강아지를 좀 불편해 하는 사람들도 있다 라고 하면 좀 문제가 될 수 있을 것 같아요 80 것을 관련 하고 같이 하는게 행복하고 좋은것만은 아니에요 인간이 되고 하는 부분과 또 반력 애니좀 좋아하는 부분 또 서로 싫어하는 분들이 명확히 있거든요 이런 것을 인정하고 같이 공유해야 될 때와 공유 하지 말아야 될 때를 판단하는 것이 전 올바른 반려견 생활이라고 생각을 해요 저는 제가 레오를 내리고 크 집에 간다면 레오를 마당에 다가 될 거에요 그리고 이제품 집에 있는 분들은 되었어 보겠죠 혹시 레오가 따로 이렇게 혼자 있을 만한 곳이 있나요 베일 은 더 어떡하지 그러면 저는 텔레 를 따로 가져갈 것 같아요 사람들이 왔다갔다 해 줄 만 하지 않은 말한 곳에 다 두고 어우 우리의 네오를 하고 시키고 애기 시키다가 내가 할 것 뭐 제사를 지내거나 뭐 송편을 좀 먹고 난 다음에 홍도 자유 밖에 나가서 우리 레어 하고 산책을 한다거나 후배는 보게 한다고 하는 물음 먹게 해줄 것 같아요 그냥 덜커덕 안고 뭐 아파트 며 층이 이렇게 올라가서 우리 좀 똘똘이 도 될거 왔어요 라고 하면서 그냥 데리고 가져와도 밑에다 딱 내려놓고 강아지도 프리키 우유 이름을 서모 크지 돌아다니게 하는 것은 반려견 한테도 좋지가 않아요 그래서 만약에 지금 이사도 어우 리지 우리 큰 집은 아파트 얘기도 하고 어 반려견은 그닥 환영하는 집이 아닌데 라고 한다면 지금부터라도 호텔 을 좀 찾아 보셔도 좋을것 같아요 되게 좋은 호텔들이 많이 생겼다 하거든요 그 단 한번 집 주변에 괜찮은 위탁 소가 있는지 하자도 가서 확인을 한 다음에 알렉 않은 잠깐 맡기고 엄 연결 다녀 오셔도 괜찮을 것 같거든요 제가 존중이 해드리고 싶은 간 그냥 덜커덕 더 네 자식 같은 내가 많은데 왜 우리 친척은 이 못해 라고 하는 생각만 하지 않으셨으면 좋겠어요 우리 보호자 님이 한번 주변 상황과 큰 집 상황과 내 반력 있는 성향과 또 나의 성향 뭐 이런 것들을 고려해서 좋은 판단해 보셨으면 좋겠습니다 [음악] [음악] tier 5 5 5 5,
5,https://www.youtube.com/watch?v=GTAo2ftClOc,GTAo2ftClOc,"Do Dogs Suffer From the Korean Holiday Syndrome, Too? | Kang Hyung-wook's Trivia Q&A",강형욱의 보듬TV,아 3 으 폭주 아 명 * 6은 있을 수 있습니다 파일 임자 님이 주신 사이에요 반려견의 명절증후군 이라는 건 뭐죠 관련된 2 보호자 랑 같이 오래 있잖아요 그러면 좀 휴가가 끝나면 블리 브라이 이렇게 터지는 애들이 있어요 보호자의 오랜 휴식도 로 인해서 이제 또다시 출근하는 보고자 를 그리워 하는 거죠 만약에 우리 보고 일단 님께서 큰 집이다 또 반대로 반려견을 데리고 큰 집에 가거나 그러면서 손님들이 많이 오잖아요 빨리 온 들이 정말 정진 없소 하고 부 라면 친구들이 있어요 그런데 생각해보면 자연스럽고 슬기롭게 좀 해결할 수 있어요 7척 4 큰지 이런데 안가시는 보고자 님들은 같이 집에 있으면서도 1 책도 좀 하고 가끔씩 분리되는 연습도 하고 다른 강아지들이 는 어울리기도 하고 너무 막 늦장을 오랫동안 살지 마리 중 쉬는 시간도 좀 비슷하게 하면 괜찮을 수 있어요 투표로 친척집에 간다해도 충격 들이 우리 집에 온다 해도 그 분들한테 알려 자기를 만든다거나 아니면은 뭐 계속 강아지를 부른다 거나 엎드려 속 2009 뜰 좀 좋아하시는 분들이 꼭 있거든요 네 그런거 좀 자제해 달라고 한다고 하죠 또 1 만약에 우리 집이 재 집이 큰 집이면 면서 같은 경우에는 사람들이 있을 땐 저는 펜네 레다 가 넣어 놓을 것 같아요 그 캐내는 약간 좀 구석진 곳 그런 곳에 두고 이제 하우스 시키고 문닫고 심적 들에게는 가까이 가지 말라고 하고 그리고 꼭 그 모으는 친척들 다 볼 필요가 없어요 4 활력이 니모 어제 서 지네요 그래서 인 살 필요 없거든요 그런데 가끔 명절 때 다른 친척들 많이 이렇게 기분이 좋은게 아니라 자기도 기분이 좋아서 약간 실수를 좀 하는거 같아요 왼쪽이 긴장하고 있어야 되는 거에요 외국의 친척이 오는게 아니라 반려견을 반쯤 에서는 맞선 사람이 온다 꼭 그럼 낯선 사람을 내상 아직 어떤 식으로 대하면 줄까 뭐 이사람 저사람 무릅이 올라가게 한다 던지 저라면 하지 않을 거에요 이런 것들 좀 인지하시고 대처 하시면 아마 잘 지나갈 수 있을 겁니다 우리 부장님도 명절 잘 쇠시고 요 행복한 한가위가 되었으면 좋겠습니다 [음악] 5 [음악] 싸 아 아 아 아 아 아 으 [음악],
6,https://www.youtube.com/watch?v=iJ01pZaRBzo,iJ01pZaRBzo,Is There a Reason Why My Dog Sleeps on Top of Me? | Kang Hyung-wook's Trivia Q&A,강형욱의 보듬TV,아 3 아 아 어 이유가 있어요 여름이 가을이 도그마 미주 인사입니다 로만 있으며 는 배나 가슴에 올라오는건 왜 그럴까요 주변 자 유 게 대한 얘기 남들이 좀만 친구들이 배위에 올라 오는 친구들이 많아요 그런 사회성을 키우는데 좀 어려움을 갖고 있는 친구들이 많을 수도 있어요 또 이런 친구들은 대체로 3명의 가지고 있다면 그 중에 한 사람을 좋아할 가능성이 있어요 조금 이제 어 소극적인 친구 라는 거죠 그래 좋아서요 들어도 보호자 네 옆엔 사고 싶어도 9 또 보호자 님을 지키고 싶어서 도 좆아 님 하고 있으면 편에서 일거예요 내려면 이렇게 자기 쉽지 않거든요 왜 움직이는 보호자 님 몸이 에는 산다 라고 하는 것 자체가 원체 보호자 님 잃고 신뢰한다는 뜻이니까 나쁘거나 이상하거나 전혀 그런 것은 아니에요 단 보통 정상적이고 건강하다 라고 하는 친구들은 이렇게 누구 위에 자는 것은 사진은 한 거 않거든요 이걸 언제 하는 거냐면 애기때 엄마한테 하는 행동 이에요 그런데 이거를 지금 보호자 님한테 한다 소농 적이고 조금은 내구성이 약하고 난 쪼끔 소극적이거나 아니면은 너무 넘 너무 애교가 많고 거야 그런데 이런 친구들이 간혹 조금 예민한 것들까지 갖고 있다면 돼지 좋으시다 가 살짝만 움직여도 로 로 로 로 로 로 로 로 로 로 로 로 로 거리는 강아지 다 그렇다면은 전문가 고 상담을 좀 받아 보셔야 되구요 제가 좀 당부드리고 싶은 겠다면 어 보고자 님하고 5만 사회성을 키우는 것은 차회 성을 좋아지게 하는 것을 방해할 수 있거든요 그래서 사람보다는 비슷한 강아지 해가 되면 되면 관 이지만 주는 그런 강아지 더라도 어울리면 훨씬 더 밝은 성격을 가질 수 있으니까 그런 친구들하고 좀 만나서 산책도 해보시고 이야기를 나누고 좀 그런 시간을 가지시면 은 전반적인 반려견의 상태 컨디션에 도움이 될 수 있을 거에요 이런 행동을 하는 것은 약한 반려견의 모습을 표현 아니까 그냥 방치 하지는 말아주세요 라고 말하고 싶습니다 으 으 으 아 아 으 [음악],
7,https://www.youtube.com/watch?v=kOen0OKhXpM,kOen0OKhXpM,Dog Barks Like Crazy After Pooping - Does It Want Me to Clean It Up? | Kang Hyung-wook's Trivia Q&A,강형욱의 보듬TV,아 3 치우 라는 거 일 가능성이 커요 다른 이유가 또 있습니다 매우 이니 미수신 사인입니다 * 강아지가 똥을 싸면 나오지 있는데 치유 라는 건가요 밥먹을때 이런적 많습니다 고 호전 님은 강아지를 키우면서 배변 교육을 했겠죠 또 배변을 잘 할 때마다 간지를 좋겠죠 그죠 보통 우리 그렇게 하니까 밥 먹을 때 이른 적이 많다 똥을 싸고 어 짓는다 저 말은 아마 이 친구가 힘까지 기억했던 농가 하면은 간식을 먹는다 그 보호자 님한테 다 싶으면 어 그걸 조용하게 시킬려고 간식을 줘 따거나 안 이는 너희 피운 마음에 달력을 기쁘게 충돌 하다 보니까 서로 그런 것들 좀 섞인 것 같아요 이런 친구들 좀 있어요 뭐 염료 학원을 그럴 건 없는데요 뭐 이렇게 보면 좋을 것 같아요 모자는 식사할 때 줄을 매 새 그렇게 줄을 그래 이렇게 잡고 식사를 하세요 어떤 식사에서 식탁에서 식사를 한다면 줄을 요런 데다가 외국 식사를 하세요 그 다음에 보호자를 식사가 하면 강아지가 먹을 수 있는 간식 하나 이렇게 주세요 이것만 일주일만 해도 밥 먹을 때 밥 식사하실 때 똥 싸는 것도 없어질 거고 요 또 똥 싸고 난 다음에 짓는 것도 없어질 거에요 아마 이게 거의 대부분은 보호자인 평상시에는 똥 싸고 나서 짓지 않을 텐데 식사하실 때 등 가하고 직능 취직 걸려 그죠 나중에 제 1번 댓글 달아주세요 [음악] 으 으 으,
8,https://www.youtube.com/watch?v=73wYkPnvcnI,73wYkPnvcnI,Is There A Way to Overcome My Fear of Dogs? | Kang Hyung-wook's Trivia Q&A,강형욱의 보듬TV,아 3 5 아이아 t 있어여 있긴 있죠 있겠어요 어 2부 0 1 패 님이 주신 사연입니다 전 강아지를 좋아하는데 무서워합니다 친구네 집에 강아지를 볼 때도 무서워요 강아지 앙 무서워 하는 방법 없을까요 그냥 나는 개념 부서 하며 살 거고 개는 형 호적이 고 싫어 라고 하는 마음에서 끝나는게 아니라 되게 친구가 될 수 있는 방법이 없을까 를 고민하는 모습이 너무 감사해요 왜 램을 가끔씩 간호 정말 개를 보면 어 너무 무섭다 보니 샤를 내 쉬거나 아니면 되 혐오 적인 말을 한다거나 또 심할 경우에는 아무 행동도 하지 않았던 반려견을 데리고 있는 사람에게 배려 자기가 불편하다 고 위협을 하고 있는 그런 사람들도 분명히 있거든요 여하튼 전 안해 님의 이런 모습이 너무 감사하고 너무 고맙습니다 아아 좀 무서워 하시는 분들을 위해서 반려견을 데리고 있는 사람들이 해야되는 자세가 먼저 해요 왜냐면 우리가 왜 무섭냐 면 게 7을 못해도 무성 거거든요 우리도 뭐라 그럴까 그 상자에 눈 가리고 손 넣으면 너 가만 자질 지 몰라도 베딩 하잖아요 근데 알고보니 01 수도 있고 근데 개를 무서워 하시는 분들은 그런걸 가능성이 커요 전혀 예측 되지 못했던 상황에 계획 아가에게 달려들었다 거나 아니면 졌다가 아니면 누군가가 물리거나 위협 받는 모습을 간접적으로 체험했던 분들이 이런 공포증이 생길 수도 있고 무서울 수도 있거든요 상대가 마지리 무서워 한다 라는 것을 알게 됐다면 그때 서 부터는 내 강아지를 그 사람으로부터 떨어뜨리려고 노력을 먼저 해야 된다고 생각해요 개를 무서워 하시는 분들도 자신에게 를 잘 통제하고 핸들링 하는 사람을 보니까 안심할 수 있을 거에요 그리고 안 심한 마음이 드니까 가만히 있는 발레 변을 좀 유심히 볼 수도 있고요 어 꽤 괜찮은 것 같은데 그런데 2분이 배려 없이 왜 거지는 무 서우 에 예쁜데 5 왜 그냥 점프하는 거에요 예 그냥 뽀뽀는 거에요 내가 말하는 사람들을 만났기 때문에 무서움이 치료되지 않은 걸 거에요 그런데 만약에 대저 심도 있고 우리가 같이 사는 거라는 걸 알고 있는 반려 긴 보호자를 만난 다냐 아마 우리 난 햇님도 반려 그를 좋아하게 될 거고 어쩌면 나중에 손 냄새도 맡게 해 줄 수 있는 도전도 할 수 있을 거에요 저는 우리 난 햇님이 조금 더 어 질서가 있는 보호자 들을 많이 만나 쓰는 좋겠구요 무서워 하는 마음을 극복할 수 있기를 바랍니다 너무 감사해요 정말 뭐 무서워 하는건 잘못이 아니에요 알아 줘 우리 제발 여인들도 이런 분들을 위해서 조금 더 매너 있는 반려견 보호자가 되려고 노력을 해야 될것 같아요 [음악] wee [음악],
9,https://www.youtube.com/watch?v=Xdo-bBmmksE,Xdo-bBmmksE,Do Sounds That Are Emphasized and Repeated Make Dogs Nervous? | Kang Hyung-wook's Trivia Q&A,강형욱의 보듬TV,5 4 으 으 아 줘 얹어 않아요 아 아 예 불안하게 하기도 합니다 4 아 김희겸 님이 주신 상이라 강조되고 반복되는 소리는 강아지를 불안해 게 만드나요 강조되고 반복된 소리는 강아지를 풀어 나게 해요 4 하죠 강조되고 강판 복된 소리는 강아지를 불안하게 하는 거예요 그래 그래 그래 미끼 미끼 이런 표박 제가 왜 이렇게 까 부르는 지 모르겠어요 지금 이 방송을 좀 받아 그 때 어머니 어머니가 너무 캐 실수를 하거나 그런건 아니었는데 제가 그때 좁아 했어요 예 죄송해요 너 오늘도 저희 강아지 너무 사랑하는 마음에 이제 그랬을 텐데 아 내가 왜 그때 그제 그런지요 그렇지 그런 마음입니다 4 이었던거 내면이 거예요 안돼 안돼 아주 안돼 안돼 하지마 안돼 안돼 안돼 안돼 안돼 안돼 뭐 요런거 나 이미 그 꼴이지 쭉 블로그 것 나고 이제 하는 소리가 강조되고 반복되는 이런 소리는 발림도 불안하게 한다 라는 얘기를 좀 어학 5 싶었던 건데 암흑에 때 3 행동이 너무 좀 좀 뭐라 그럴까 아 좀 계속 더라구요 내가 봐도 터커 길고 마와 북핵 2 예 [음악] 왜 그러지 아 박사 훈련하다 보면 정말 엄청 집중을 마 하거든요 그리고 약간 이게 5 직업병 같은 건 몰라도 설득을 못하면 및 처리 게 쓰 뭐 그래서 어떻게든 설득하려고 정말 작정하고 들어가거든요 그렇다 보니까 더 꿈 그렇게 한건데 4 여러분들도 발간 들을 위해서 좀 이루고 해주거나 뭔가 이렇게 힘을 주기 위해서 말을 가끔씩 반복하고 강조하기도 할 텐데 조금 주시면 관련 핸들이 조금 더 잘 이해하는 데 도움이 재지 되지 않을까 싶습니다 그렇죠 어머니 조 마음이 좀 풀어 주기를 바래요 예 건강하시고 강아지 하고 행복하게 오래오래 타세요 [음악] 으 3 4 5 으,
10,https://www.youtube.com/watch?v=pEGoghmDbJs,pEGoghmDbJs,Should I Be Concerned If My Dog Doesn't Bark Much? | Kang Hyung-wook's Trivia Q&A,강형욱의 보듬TV,아 3 으 5 경우엔 아 문제가 있을 수도 있지만 없을 수도 있어요 이노센트 님이 주인 사이에요 너무 안 짓는 걔들은 그냥 성격 인건가요 너무 짖으며 문제 행동인 것 같은데 안 되는 행동도 그런 것인지 궁금합니다 고리 집에는 특질을 않아요 듣고 싶어서 제가 더 멍멍 짖는 것 같아요 바로 같은 경우에는 좀 많이 짓는 편이에요 * 걸 아는 거 해도 또 자주 저요 두려움이 많거나 불 아님 않거나 그런 또 방어기제가 좀 높은 친구들 그런 친구들이 수록 지는것을 훨씬 더 많이 하구요 키테 퍼드 레온은 대체적으로 굉장히 안 져요 정말 외부에서 어떤 침이 들어올 것 같은 그런 소리들이 서울이 너울이 들여와 가지고 살짝 뭔가 뭐 퍼트린 던지 그런 일들이 있을 때면 무보 보고 있고 요정도로 쪄요 의 기성품 차이가 분명히 했어요 문제는 아니에요 훨씬 더 어울리 어나고 사람으로 따지면 자존감 이제 딱 라고 해야되나요 이런 친구 들수록 증거를 거의 되구 그 나네요 이런 경우들은 있어요 자기가 느끼고 있는 감정을 제대로 표현하지 못하는 친구들이 있어요 그런데 그런 친구라면 행동으로 까지 표 1 되거든요 저는 이런 친구들을 유기견 보호소에서 많이 봤어요 뭐 10마리가 예를 들어 있을 때 안다성 가정에서 8 많은 정말 눈을 있으셔요 허가나 주도했고 욕을 많이 기도하고 있죠 그런데 그 와중에서 꼬리 틀고 그냥 혼자 이렇게 얘기 잠만 자는 개 들이 있어요 졸려서 라기보다 포기 한 거에요 사회적인 활동을 이런 외부 성의 손상이 아주 커서 자기를 혼자 일으킬 수 있는 힘이 없어진 걔들이 있어요 그런 게 를 같은 경우에는 직능 걸을 뭐 잊어 먹었다고 할 정도로 아주 조용 하 줘 보자 님이 키우고 있는 발리 계시니까 이 사례는 아닌것 같구요 제가 생각할 때는 굉장히 의 련 하고 아주 튼튼하고 그런 강아지 지 않으셨어요 너무 염려 하지 마시구요 이렇게 중요합니다 아이의 소리를 못 들어 보셨어요 아이의 정말 그렇다면 병원에 한번 가봐도 괜찮거든요 텔 캡이 있는 친구도 있을 수 있으니까 한번 체크해 보시면 좋을것 같아요 [음악],
11,https://www.youtube.com/watch?v=8c8fbb8t298,8c8fbb8t298,[Eng sub] Is There a Reason Why My Dog Sleeps by My Head?｜Kang Hyong-wook’s Q&A,강형욱의 보듬TV,5 4 5 a 네 네 머리 쪽으로 만원은 친구들도 생명이 있어요 특히 이런 친구들은 작은 친구들 꽤 많이 보이긴 하는데 그렇다 큰 친구들 한테 없는 것은 아니에요 이런 친구들은 기본적으로 제가 봤던 친구들은 사회 또한 문제가 있었던 친구들이 좀 않았었어요 그리고 좀 더 비 줄 적이었던 친구들도 있었구요 또 하나는 긴장을 좀 많이 했던 친구들이 있었어요 그래서 이런 친구들의 특징 에는 초파 이렇게 앉아 있으면 무릎 이나 옆에 있는게 아니라 등받이 있으면 요 쪽에 있어서 저희 어깨에 다가 턱을 이렇게 개고 있는 개들도 있거든요 그런 친구들 같은 경우에도 잠자고 있을 때 머리맡에 사는 게 드라고 비슷한 시위로 조금 진 장도가 좀더 있다거나 어딘가가 좀 불편했다 거나 또 사회성이 좀 부족해 따거나 이런 친구들 하세 많이 보여줍니다 그런데 보통 일반적이 아주 평균적인 그런 게 틀을 발 쪽에 누워 있는 경우들이 많아요 이런 차이가 조금 있어요 [음악] 5 아아아 아 아 으 [음악],
12,https://www.youtube.com/watch?v=MMcuXAhhu-U,MMcuXAhhu-U,Is There a Reason Why My Dog Stops Abruptly in the Middle of a Walk? | Kang Hyung-wook's Trivia Q&A,강형욱의 보듬TV,5 4 그 어 다양한 이유가 있어요 연 님이 님의 주신 사이에요 산책할 때 잘 가던 강아지 간 갑자기 멈춰서 있는 건 왜 그러나요 어르고 달래도 가 말이 있어요 산책이 너무 좋아서 충격받은 거예요 제가 봤던 경우를 말씀드리면 줄 컨트롤을 잘 못해서 1 경우들이 많아 썼어요 보호자가 나로 앞당길 여고 하면은 당겨지는 게 두려워서 그 자리에서는 친구들이 있어요 이렇게나 들어하는 술들이 있어요 멀리가 배는 그냥 또 멀리 갈 것이고 또 가까이 오면 을 줄이 자동으로 추출해 지니까 굉장히 보장이 편할 거예요 하지만 이 줄은 c 반려견을 땅기고 있다는 걸 잊지 마셔야 되고요 이럴 경우에 관련 들이 순간 순간 딱 멈춰 서는 이유가 있어요 두 번째 이유는 보호자 님이 갖고 있는 도시에 대한 개념과 관련 들이 느끼고 있는 도시에 대한 개념이 완전 달라요 지나갔는데 옆에서 으 이제 오토바이에 지나가면 오랫동안 도시에 살았던 인간도 몰라 잖아요 4 갈려면 은 그냥 그 자리에서 멈추는 것만 들어도 다행이에요 도망가고 싶어 할 거에요 볶아 겠다고 여길 수도 있고요 아니면 좀 지켜 보고 싶어하는 마음도 있을 수 있어요 그래서 어떤 반려견 들은 사람들이 많거나 도시 뭐 복잡한 곳에 가면 을 아예 고개를 들지 않고 바닥에 냄새 맡으면서 하는 친구들이 있거든요 그러면 그때 보호자 님들의 저한테 이렇게 질문해요 왜 유리 반력 에는 그렇게 냄새만 맡고 다니죠 그게 냄새를 맡고 싶어 하는 행동일 수도 있고요 반대로 무서워서 고개를 들지 못하는 행동일 수도 있어요 그거 확인해 주셔야 되구요 마지막으로 세번째 우리 지구로부터 너무 멀리 떨어 졌다고 판단하면 반려 게 저희 상 가지 않을 수 있어요 보통 어렸을 때의 집 주변에 그 반경을 넘어가는 것 자체가 어 도전이 될 수 있잖아요 근데 반려견 들도 그래요 내가 지금부터 떨어질 수 있는 한계 까지만 가고 더 이상 안가고 환해질 있어요 됐죠 첫번째 줄 조절을 잘 못한것 두 번째 도시가 너무 복잡해서 세번째 아직 거기까지 가기는 용기가 안 날 때 다른 이유가 있을 수 있죠 분명히 하지만 간단하게 여기 세 가지로 나누어 같구요 한발짝 물러나서 돼 반려견의 행동을 관찰해 보시면 은 분명히 이유를 찾아 낼 수 있을 겁니다 [음악] 5 아 아 아 으 으,
13,https://www.youtube.com/watch?v=khMHnH_g5pM,khMHnH_g5pM,[Eng sub] Can Dogs Laugh At You?｜Kang Hyong-wook’s Q&A,강형욱의 보듬TV,5 4 으 됩니다 4 아 아 아 아 아 웃기면 강아지도 문 나요 라고 했으며 는 내라고 할 텐데 웃기면 얻나요 아 그건 함수 7 5 줘 신용 찬 님의 주인 사연 이에요 강아지도 웃기면 얻나요 1 책 중 미끄러져 넘어질 뻔 했는데 걍 아직 아 비우는 뜻일까 그 묻더라구요 이렇게 그런 듯 하구요 도 회사가 넘어지면 해보면 그렇게 한다고 애들이 그래요 이거 조영구 깜 인데 우선은 저 실천 님 어쩌면 제가 어 경험이 부족한 걸 수 있어요 빌링 얘기 개를 저는 아직까지 본 적은 없어요 전신용 이찬 님이 비우는 걸 봤다 라고 믿고 싶어요 개들은 아직 연구가 덜 되었기 때문에 얼마든지 새로운 사실들이 밝혀질 수 있어요 아직 저희가 제가 경험하지 못한 걸 수 있으니까 다시 네 번 더 넘어 좀 그리고 찍어주세요 그리고 저한테 주시면 어 너무 감사하겠습니다 나는 이런 것을 모르겠네 [음악] 으 [음악],
14,https://www.youtube.com/watch?v=GKYtC1h1UBk,GKYtC1h1UBk,Is There a Reason Why My Dog Sleeps by My Feet? | Kang Hyung-wook's Q&A,강형욱의 보듬TV,5 4 그 5 어이 이유가 있습니다 터 비 은 이미 주의사항 이에요 강아지가 달 밑에서 만 자는 이유가 있나요 뭐 있어요 만화 아니메 영화 이런 데서는 달력에 라고 이렇게 포근하게 이렇게 얼굴을 족 맞대고 이렇게 누워 있는 걸 상상 하잖아요 근데 반력 에는 기본적으로 얼굴과 얼굴에 정면으로 있거나 같은 방향으로 이제 이렇게 대치 게 능가 눈이 좀 마주친 에 또 코아 코에 끝이 뭐 비슷하게 맞닿는 이거로 와 주 싫어 하는 거에요 개들이 잘 때를 보면 얼굴을 맞대고 자는 경우는 없어요 뭐예요 한번 나중에 개 독일이 자는 모습 보시면 은 동 서 남 도 따로 따로 이렇게 엎드려서 누워 있을 겁니다 그리고 또 하나는 발 쪽에 있을 때 훨씬 더 이철 되나 2부 자리에서 이탈 함게 수 월에서 또 하나 스포츠 그룹 조금 예민한 친구들 그런 친구들이 더 발 쪽에 누워 있는 경우들이 많아요 바로는 붙지 않아요 바로 는 좌우 고안에 사이에 있는데 어디에 기대되지 않나요 너무 염려하지 마시고 염력을 전혀 아니고요 그냥 반려견 들을 보자 하고 얼굴을 맞대고 자는걸 불편해 한다 이렇게 여기 주면 됩니다 [음악],
15,https://www.youtube.com/watch?v=25_Uo7-XUlo,25_Uo7-XUlo,My Dog Touches Me When I Stop Petting it. Does My Dog Want Me to Continue? | Kang Hyung wook's Q&A,강형욱의 보듬TV,5 4 그 5 너희 군용 그럼 더 우울한 님이 주신 사인입니다 강아지 배를 쓰담쓰담 하다가 그만 하려고 손을 치우면 강아지가 자기 손으로 발톱을 세워서 최소 늘 자기 앞으로 끌어 당기는 데에 더 해달라고 하는 건가요 근거합니다 어 그럼요 상아 지들이 손 해줄게 끌었다 이걸 가지고 자기 만져달라고 하잖아요 또 아니면 자기 손에 다가 주둥이 코코 코쿤 이렇게 넣어가지고 툭툭 익혀 가지고 어 긁어 달라고 도 하고 어떤 친구는 손 딱 치고 105 해도 이런 책을 도 있거든요 내가 좋아하는 누구인가 왜 스 케이블 좋아해요 단지 우리 사람이 좋아하는 스킨쉽과 왜 들이 좋아하는 스킨쉽 이 조금 다르다 라는 건데 기본적으로 칠레 관계와 또 서로의 애착 관계가 잘 형성된 관계에서는 어딜 만져도 너무 좋아하구요 또 특히 만들 때 굉장히 좋아합니다 좋은 거니까 너무 염려 하지 마시구요 만지지 말아주세요 애정을 관리 해야 됩니다 라고 하는 사례들은 애정을 쉽게 받아서 행동에 문제가 있을 때만 말하고 요 인재가 있는 강아지들 중에는 툭 춰요 그런데 안 만지면 그럼 항 생동하는 친구들도 있거든요 용무 적인 행동이 무시된 2 그거에 대한 경우를 하는 친구도 있으니까 혹시 와서 툭 툭 쳤는데 쓰담쓰담 해 주지 않는 않았는데 왜 그럼 거리 나거나 당할 또아리 틀고 김장 한 듯이 몸을 멈췄다 안에 있다거나 그러다가 조금 있다가 혈장 만졌던 야 또 라고 하는 이런 친구가 있다면 그런 친구는 전문가 하고 상담 받아 봐야 되는 거에요 그런데 그렇지 않고 그냥 만져달라고 치구 전 끌어 땅기고 105 해주고 이런 친구들은 어순 동숭동 을 치니까 염려하지 않으셔도 됩니다 [음악] 오 아 오,
16,https://www.youtube.com/watch?v=HIDSfr7tbYc,HIDSfr7tbYc,Does my dog run around after pooping because it feels happy?｜Kang Hyong Wook’s Q&A,강형욱의 보듬TV,5 4 으 으 [음악] 아싸 라는 기운으로 막 뛰어 다녀요 이렇게 수행 님이 주신 사이에요 고리 집 강아지는 쉬를 싸고 신나게 달려 오고 온갖 싸고 엄청 신나게 달려 오는데 골 1 국회 변을 해서 기분이 좋아서 그런건가요 대변 보고 나면 캐스 한 느낌으로 정말 딱 뛰어야 하는데 버린 강아지들도 하지만 나이 먹었다고 아는 친구들은 왔거든요 근데 뭐 이런 것들이 있지 않을까요 어쩌면 도전이라고 너무 사이가 좋은 거에요 그래서 보호제 님하고 뭐 뭐 출 내 작게 같은 그런 놀이를 1차 하고 있는데 냉각을 쓸 때의 표정 아시죠 그 오묘한 표정 뭔가 운 통 집중하고 있는 그죠 그러다가 줘 정말 고가 딱 들킨 듯한 그 표정 우리 이따가 보호자가 초조하게 젖 바라보는데 뭔가를 꽤 짜 맞아 예 모르겠다고 도망가는 뭐 그런 느낌을 수 있어요 어쩌면 저 대구 징 강아지들이 선생들도 아냐구요 것은 패인 임 음은 강아지 하고 사이가 친하다고 해야될까요 싶어 쓰고 강아지 하고 서서 넘는다 이 의상은 말이긴 한데 좀 서술 어느새 였어 반려견이 아싸 하면서 인가를 쌓는 게 아닐까 이제 소변은 제가 그런 경우도 많이 봤거든요 은괴 하지 않을까 싶은데 한번 유심히 보시고 뭐 제가 생각했던 은 그 이 질문 자체가 굉장히 화목한 집에서나 할 수 있는 질문이라고 느껴져서 넣어 아주 기분이 좋습니다 행복하세요 [음악] no,
17,https://www.youtube.com/watch?v=SeUxfBxT4NA,SeUxfBxT4NA,Is there a scent that dogs are scared of?｜Kang Hyong Wook’s Q&A,강형욱의 보듬TV,5 4 으 됩니다 5 아 아 무서워하는 냄새 솔직히 잘 모르겠습니다 썰린 이 주신 사이에요 양하 지들이 무서워하는 냄새가 있나요 편 채 가다가 갑자기 냄새를 맡더니 꼬리를 말고 집으로 간 적이 종종 있어요 분명히 있는것을 같아요 그런데 그 냄새가 주는 고 얌 혐오감 그래서 그런건지 아니면 은 깜짝 놀랄 만한 사연이 있는 냄새 인지 이것은 제가 정확히는 모르겠어요 제 경험에 의하면 좀 찌르는 듯한 세정제 중에 굉장히 기록하거나 아니면 특별히 많이 무라고 희석해 써야 되는 그런 제품들을 냄새를 마스트 맡을 때 우리 사람처럼 막 크흐흐 이런 것도 본 적이 있어요 아니면 멀리서도 버섯 그대는 생기고 그 중 최악이 않는 경우들도 봤거든요 제가 예전에 뭘봐 냐 면 수영장 물을 녹조가 생기지 않게 하는 이렇게 돼 똥그란 그 있어요 그거를 이렇게 열었는데 개들이 우리 애들이 그냥 싹 했어요 그런 이거 있는걸 혹시 후각에 대한 전문가 분이 계시면 댓글 남겨주시면 좋겠습니다 우리 설리 님이 궁금해 하고 계십니다 [음악] peer-to-peer 으,
18,https://www.youtube.com/watch?v=YdiiFX1T8ZY,YdiiFX1T8ZY,"If I provide a foster home and find a new home for a stray dog,｜Kang Hyong Wook’s Q&A",강형욱의 보듬TV,5 4 으 됩니다 5 아 꼼 오해가 있는 것 같아요 오오오 김윤아 님이 주신 사이에 요물 거고요 질문이 있습니다 유기견 아가를 임시 고 하다가 좋은 주인을 찾아서 입양을 보낼 때 요 아이가 또 버렸구나 라고 생각하지는 않을 까요 또 제가 상처를 주게 되는 건 아닐까요 저는 이렇게 생각을 해요 그럼에도 좋은 곳이 탐내는 보내 줘야 된다고 생각해요 어떤 분들은 그 과정이 길어서 위 15도 안하시는 분들이 계시거든요 그런데 그렇지 않아요 모든 헤어짐은 다 두려운 것 같아요 우선 것 같아요 그죠 균이 같은 경우에도 자기랑 잘 놀아 주던 사랑하고 떨어질 때 수퍼 해요 근데 그거 때문에 그 잘 놀아주는 좋은 사랑하고 만남을 제가 방해하지는 않거든요 모든 과정 안에는 얼마든지 읽을 수 있어요 도운 영원한 보호자를 찾는 과정 중에 여러분들을 만난다는 것 어쩌면 은 굉장히 행운 같은 길이에요 여러분 이런 생각하시는 것 자체가 너무 감사한 일 이거든요 바닥에 위하는 생각이니까 하지만 이 생각으로 인해서 임시 볼을 뭐 주제 한다거나 환경에 맞지 않게 많이 키우는 상황이 없었으면 좋겠어요 그게 훨씬 훨씬 불행한 얘기에요 그렇죠 [음악] 아,
19,https://www.youtube.com/watch?v=C1Sgchr2Fas,C1Sgchr2Fas,"My dog gets scared of its own fart, does it not know it's theirs??｜Kang Hyong Wook’s Q&A",강형욱의 보듬TV,5 4 4 [음악] 그리스 데요 그 펭귄 추 님이 주신 사회입니다 강아지들은 자기가 방비를 퀸은 걸 아나요 자기가 껴 놓고 놀라면서 째려 보던데 제가 퀸 건 줄 아는 걸까요 자기가 알던 되요 여러분도 숨기고 싶은 방법은 데 크게 나면 올라가나요 아니면 뭐 숨기고 싶었는데 냄새가 있게 됩니다 개들도 아야 줘 어 사이가 하는 것을 알 건데 나도 모르게 나오는 광고를 좀 놀라는 것은 이제 않을꺼라 행각이 좀 듭니다 행 윈 7 너무 져 예 염려 하지 마시구요 그래 같이 잘 키시면 됩니다 예 괜찮습니다 4 우리 제 강아지는 반기 끼는 것을 알 수도 있다 예 으 으 [음악],
20,https://www.youtube.com/watch?v=kYUGSfyo2mI,kYUGSfyo2mI,"When your dog is panting, can you tell if he/she's laughing or stressed? ｜Kang Hyong Wook’s Q&A",강형욱의 보듬TV,5 4 그 어플리 할 수 있죠 4 김아현 님이 주신 산입니다 강아지가 털을 내밀고 헥헥 대는 게 기분이 좋아서 그렇다는 말도 있고 스트레스를 받아서 그렇다는 말도 있는데 따로 9분할 수 있는 방법이 있을까요 호흡에 따라서 감정을 한번 표현할 수 있는데 편안한 강아지들을 호흡의 횟수가 말해 달라 보일 거예요 그냥 이 이거 하고 또 속도가 빠른 거 있죠 뭐 어떤 친구들은 100회 이상 1분에 그럴 경우에는 강아지가 흥분되 따라 고 생각하면 되구요 만약에 해태 꺼리며 섰던 다면 뭐좀 고개가 흔드는데 걸리다 든지 뭐 전후좌우로 이렇게 흔들흔들 버린다면 훨씬 더 국에 스트레스를 많이 받아 오고 놀라는 거 일 수 있어요 헥헥 꺼린다는 건 무언가에 집중하고 있다 라고 하는 모습이 좀 강해서 아마 다른 나라 지를 보고 해 꺼린다는 지 아니면 이 퀴어 가는 아이들을 보고 생각했거든요 그럴 수 있거든요 그거 말고도 아마 다양한 행동들이 있을 거에요 흥분된 강아지라면 은 점프 2 많이 할 수 있고요 아니면 뱅글뱅글 돌 수도 있구요 또 편안한 강아지라면 이렇게 편안한 강아지라면 은 고기 움직임도 아주 느슨하고 평화롭고 걸음걸이도 아주 편안 할 수 있겠죠 담아 이거는 코베 어떤 횟수보다 눈으로 보여지는 다른 행동들이 훨씬 더 잘 보일 겁니다 그런데 몸을 담아 놓으면 핵이 만 것입니다 아주 심한 호흡을 한다 그러면 있고 병원에 가 보십시오 뭔가 이상이 있을수도 있으니까 꼭 어 1 강아지를 잘하는 오랫동안 우리 강아지를 가 보시던 수의사 님하고 상담하시면 은 아마 좋은 상담해 주실 수 있을 겁니다 [음악],
21,https://www.youtube.com/watch?v=VYOXggvZSHI,VYOXggvZSHI,[Eng sub]Do dogs get sick and tired of nose work? ｜Kang Hyong Wook’s Q&A,강형욱의 보듬TV,5 4 그 4 [음악] 아 구조 큰 진리가 힘든데 한번쯤 읽어 볼게요 진주님 진 주님이 주신 삶입니다 강아지들이 노 저그를 계속하면 진리 나요 여기서 노스 워크는 간단해요 왜 코 활동 이에요 걔들이 이게 냄새 맡는 거 있죠 이렇게 뭐 뭘 찾던 아니면 뭐 좋은 냄새가 나다 온 냄새 만약 활동 자체를 노소 크 노 적극 누리 여러가지로 표현 하는데 그런 생각은 두 가지로 좀 설명을 드릴게요 하나는 냄새 맡는 행위는 질릴 수가 없어요 우리도 아침에 일어났는데 언어 어제는 너무 많이 떠서 지는 안 뜬 내 오냐 이 좀 붕 그는 하잖아요 이럴 수 있겠다 너 피곤해서 맛 좀 더 잘 내어 1 눈도 안 떨어져 이룰 수 있겠다 그저 넣어 서클을 하는 것 자체는 너무 자연스럽고 당연히 해야 되는 거기 때문에 진리가 힘들어요 그런데 어쩌면 그런걸 수도 있어요 요즘에 좀 상용화 된 노조 칼 수 있는 장비들이 좀 있잖아요 좀 하다보면 야 질려 하기도 해요 이게 이게 질리는 게 아니라 배가 불러 살릴 수 있어요 밴을 이게 한정적 이니까 많이 먹으면 그 냄새 막후 싶어하는 a 라고 하는 관 간식을 찾고자 하는 동기가 떨어질 수 있잖아요 그래서 그렇거든요 그러니까 너무 염려 하지 마시구요 않으신 주님의 강아지는 지금 배가 불러서 그렇다 라고 생각할 수도 있고요 또 이건 애 쓸 수 있어요 긴장을 우씨 1 강아지들이 넣어줘 q 코 활동을 안 할 수도 있거든요 왜냐하면 긴장을 하게 되면 코를 활성화 하기 보다 눈물 더 활성화하여 긴장하고 무서우니까 아니 여기까지 왔는데 냄새맡고 파악하기도 전에 이렇게 때려 버리면 은 클린 나니까 거에서 또 미드 먼저 확인하고 괜찮은가 하면은 그 때 가까이 가서 좀 더 정밀하게 냄새로 상대를 파악하는 거에요 그래서 한번 우리 보존 님 여러방면으로 한번 확인해 보시구요 아니고 잃을 수도 있잖아요 호전 이미 딴 센시 가 노조를 시킨거 양식을 계속 부려서 근데 3 시간이 지나니깐 오조크 안에 질려 미 야 이거 놈 4 에 질리지 며 낳고 활동 자체를 진리일 수는 없습니다 [음악] tel [음악],
22,https://www.youtube.com/watch?v=LWbQxLKdodQ,LWbQxLKdodQ,Can effort change my dog's favorites?｜Kang Hyong Wook’s Q&A,강형욱의 보듬TV,5 4 으 4 5 [음악] 어 아 5 그럴수 가 있을까 한번 썼던 여쭤볼게요 9명 님이 주신 사인입니다 노력으로 애정 순위를 바꿀 수 있나요 년 개월 포메라이언 을 키우고 있는데 5개월이 면은 얘기죠 가족 중 좋아하는 순위가 너무 며 합니다 교사 원하는데 노력으로 애정선 이를 뒤집을 수 있나요 할리 가족적 예정 순서를 바꾼다 구요 다섯명의 가족이 있잖아요 근데 그 중에서도 순위를 정하는 건 아니지만 제일 좋아하는 사람이 있어요 판 사람 어떻게 친해지고 애정이 쌓게 되면 은 나머지 내 사람하고 사회가 안정도 아니에요 다 좋아요 다들 너무 좋아하고 꾸 도 하고 같이 산책도 하는 것도 좋아하고 앞쪽 도 좋아하고 하지만 특별한 뭔가를 1 사랑받고 있는 거에요 이것을 바꾼다 라는 걸 좀 어려울수 있어요 한번 3 색도 많이 해 보시구요 이뻐도 많이 해 줘 보세요 그런데 이건 있어요 중 보호자가 해야되는 3가지가 있는데요 다섯 명 중에 제일 좋아한 이준 보호자는 산책을 매일 해요 그리고 그 사람이 밥을 주고 예절을 가르쳐줘요 이 세가지를 하는 사람이 주 보자 라고 하거든요 2 주보 자가 해야 된 역할을 나누어서 하는 경우들이 있더라구요 탐색은 남편이 좋은 뭐 엄마가 교육은 동생의 이럴 경우에 반력 이르게 깔려 하는 경우들이 있어요 그래서 어쩌면 은 우리 무명 님이 그칠 추하고 계시는 첫번째 보호자인 이미 어쩌면 은 이거를 지금 하고 계시는 보호자 님이 실수 있거든요 그래서 이 세가지를 하시면 바뀔수도 있겠지만 템에 라이언 들은 꽤 의리가 있는 친구들이 와서 좀 바꿀 지는 모르겠네요 야채는 한번 노력해 보려고 할 수도 없고 언니 뭐 이렇게 쫒아 하세요 안녕하세요 예 그럴 수 있어요 아니 남희 난희 옆집 아저씨가 난 수동 소외되는 것들이고 내가족 아뇨 [음악] [박수] [음악] 에 살겠다 [음악],
23,https://www.youtube.com/watch?v=PVg_2NcENUE,PVg_2NcENUE,Is there anything I should be careful of when complimenting my dog?｜Kang Hyong Wook’s Q&A,강형욱의 보듬TV,5 4 으 네르 222 도어 투 유 투 봄에 감에 를 쓰니 미주 인사입니다 반려견을 칭찬할 때 주의해야 하는 것 어떤 게 있나요 약간 측 찾는 방법은 여러가지가 있는것 같아요 실수는 무시하고 다른 행동을 칭찬하며 는 되려 실수가 없어지는 경우들이 많이 있거든요 동호 자 님들이 좀 실수 하시는건 강아지가 정말 좋아하는 것을 주지 않아요 제가 16살 때 강아지 훈련 처음 시작할 때 가장 먼저 공부했던 게 이거예요 강아지가 정말 제일 좋아하는 킬 1 좋아하는 게 뭔지 를 알아내고 가장 싫어하는 게 뭔지를 알아내 봐 그래야지 그것을 피하고 이것을 줄 수 있으니까 저도 이거 보면 많이 했었거든요 간식을 좋아할까 강연을 좋아할까 그런 식으로 마 찾았던 기억이 나요 하지만 상 황이 되게 좋아 중요한 거예요 단 이에게 다 지가 밥을 먹고 난 다음에 또 그 밥을 상으로 받는다면 아마 그 만큼의 감동이 없을 것 같아요 하루종일 산책하고 와서 강아지한테 공 던지기를 하는 것으로 칭찬을 하려고 한다면 아마 그것도 좀 그럴 거예요 이거부터 찾아보세요 내가 아직 진짜로 좋아하는 3가지 순위도 한번 매겨 보시구요 연어를 제일 좋아하고 돈을 좋아하고 마지막 세번째로는 사료를 좋아한다 뭐 이런식으로 좋아하는 것들을 좀 나열해 보세요 그리고 좀 실수 하는 것들 하나만 더 소개해 드리자면 7차 해준다고 강아지를 안고 뽀뽀하고 잘했어 가 없는 실 엄두도 내보지 거 있는 것을 강아지가 그렇게 좋아하지 않아요 생각해보세요 한달 열심히 일했는데 사장님이 돈은 안 넣어주고 나한테 어깨를 두드려 주면서 쑤고 했어요 라고 하면 가운데 손가락의 이렇게 어 제 3자 아 해외 잘랐어요 여튼 예 보상을 원하는 보상을 주셔야 돼요 아셨죠 222 [음악] 으,
24,https://www.youtube.com/watch?v=Cpv9_04dhRk,Cpv9_04dhRk,[Eng sub] Will our dog's depression get better if I get another dog?｜Kang Hyong Wook’s Q&A,강형욱의 보듬TV,5 4 으 으 으 엉 손을 추천하지 않습니다 내의 스팅 님이 주신 사이에요 같이 키우던 고양이가 죽은 걸 강아지가 봤어요 우울증 2 온 것 같은데 시감 전패 수준이죠 대 남편은 어린 강아지를 데리고 와서 친구를 만들어 주자고 하는데 부리게 우울증 극복 방법 좀 알려주세요 개돌 도울 중 이에 따라 고 하더라구요 분명히 우리 보호자 님이 생각하는 것처럼 불안해하는 거 실 수 있어요 그런데 많은 보호자 님들이 이런 분들이 좀 있으시더라구요 9 마리의 강아지가 있었는데 한 마리가 먼저 갔을 때 요 그래서 이제 이 강아지한테 또 너 링 강아지를 이렇게 조 만들어줘서 슬픔을 좀 없애려고 하는 거죠 그런데 한번 생각해 보는 거예요 b 친구는 그 고양이가 필요했던 거지 친구가 필요했던 것이 아닐 수도 있어요 5잔 님의 가 가지 잖아요 그럼 보호자 님은 이 강아지를 위로해 줄 수 있어야 되거든요 산책 쥬스 키 그 한 치료를 더 만나야 하고 맛있는것도 주고 또 하나 안다 나 엎드려 나 아니면 한 번 더 배워 보지 못한 장끼 같은거 배우는 것도 굉장히 도움이 되요 활동을 더 많이 하게 해주세요 그럼 반려견 들은 잘 극복하고 이겨내고 잊을 수 있어요 뜨거 움직이는 강아지 되고 왔다 거 안 맞을 수 있거든요 친구가 필요하다면 요즘에 운동장 되게 좋은데 많으니까 좋은친구들 알고 올리게 해 주시면 도움 많이 되실겁니다 고양이가 떠난 것에 대해서 많이 3 보실 텐데요 꼭 회복하시길 바라구요 분명히 좋아하실 겁니다 으 으 으 [음악] too 5,
25,https://www.youtube.com/watch?v=JKAuSI4_AXM,JKAuSI4_AXM,[Eng sub]Is there a reason my dog steps on me when passing me?｜Kang Hyong Wook’s Q&A,강형욱의 보듬TV,5 4 그 아 16r 번째 곱게 먼저 0인 님이 주신 사연입니다 강아지가 밝고 하는 이유 알려주세요 충분히 뛰어 넘거나 그냥 지나갈 수 있는데 제가 누워 있으면 꼭 밝고 넘어갑니다 놀때도 뛰면서 밟고 넘어가요 아고 2위가 있겠습니까 친근하고 좋으니까 또 실수 록 밟지 않았을 까 쉽구요 뭐 이런 경운 있을 수 있어요 좀 의 적인 개들이 어떤 계획을 지배할 때 어케해야 를 턱으로 눌러요 올라타게 돼요 제가 집에 한 느낌을 줘 이렇게 4 예 예 그런 것이 있는데 발 꽃이나 한다니까 실수 겠죠 예전에 좀 무섭게 교육을 할 때는 뭐 을 치도 못하게 하고 무릎 에 올라온 것은 뭐 꿈에도 못 꾸죠 범퍼 2도 폰 도망 100 어라 이게 그러면 강아지가 그냥 싫어서 안 박는 것 같아요 그래 보통 보호자 하고 7항 관계일 경우에는 조금 밟기도 하고 넘어가기도 하는데요 근데 보통 일반적인 애들도 가끔 발찌 뭐 침묵이 지는 않거든요 귀 영이니 어떤 건지 모르겠지만 실수를 한 두번씩 밟는 거죠 생각해 보세 보자 님 박는다 라고 하셨잖아요 근데 뭐 전임 어떤 부자 뇨 강아지를 내 물음에 계속 앉혀 요 무릎에 안기 위해서는 밟아야 되요 그럼 허락하시는 거잖아요 또 강아지를 않아여 앉기 위해서는 사실 이렇게 안기는 게 아닐 강아지는 쫌 투 하고 난 다음에 이렇게 안겨 야 되요 어쨌거나 보호자 님의 몸을 밟는 것을 허용하게 되는 거잖아요 그러면 강아지들이 이렇게 합니다 넓은 아량으로 많이 봐 주시고요 만약에 너무 아프다 너무 싫다 그러면 무릅이 올라오는 것도 터에서 좀 못하게 해야 되는데 이것 부터 못하게 하고 허락할 때만 올라올 수 있게 그러면 괜찮아요 예 살짝 너무너무 염려하시는 마세요 to [음악] oo 아 아 아 아 아 합니다 감사합니다 [음악],
26,https://www.youtube.com/watch?v=0WzTLyx85Jc,0WzTLyx85Jc,[Eng sub] Do dogs get in the state of ennui with their owners?｜Kang Hyong Wook’s Q&A,강형욱의 보듬TV,5 4 그 5 4 콘택 1례 글쎄요 흰 나이 미 주신 사연입니다 당하지도 보호자에게 권태기를 느끼나요 되세요 걔들은 안 바뀌는 친구들이에요 보호자가 변하면 변할 수 있겠죠 브로우 자 분들이 말하는 선택이라고 느끼는게 어떤건 주는 알아요 아마 걔들이 조금 피 한다거나 걸리면 좀 덜 반긴다 거나 아예 밖에 나갔을 때 좀 덜 즐거워 한다 거나 그죠 아마 그런 것들을 좀 권태기 라고 느낄 수도 있을 것 같아요 그런데 아플 걸 수도 있어요 어디다가 아니면 보호자 님하고 해 줘 산책 이는 우리가 재미가 없는 걸 수도 있어요 강아지에게 원인을 찾기 보다 보자니 만 더 원 을 찾는 게 훨씬 더 나을 수 있어요 얘 면 내가 쪼꼼 지루하게 놀아줄 수도 있고요 일방적으로 6 보여줄 수도 있고요 아 그러면 어쩌면 가 아주 의 조합을 나한테 애교 후리는 거라고 생각하는 걸 수 있잖아요 그래서 어떤 분들은 그러더라구요 아 우리 강아지가 너무 반기는 게 귀찮아요 라고 했으면서 강아지가 반기지 않으면 은 좀 섭섭해 하더라구요 우리 신랄한 이미 그랬다는 건 아니에요 강아지가 아 그거 나 우리 보호자인 님이 강아지한테 좀 소울 했구나 아니면 이런 경우들도 있을 수 있어요 1 그런 씩 쌕 의 화를 냈을 수도 있어요 그럼 반려견 들이 무서워요 혼을 냈는데 미안한 마음에 아주 이뻐 하잖아요 그러면 미친 줄 알아라 예 아 근데 그런 사람들이 많아요 순간 욱해서 있냐 그런데 하나님이 그렇게 미안해 인도어 그리고 강아지가 슬슬 필요합니다 한번 보세요 대아 품지 않은 지 역시 내가 좀 실수 하지는 않았는지 감사합니다 5 [음악],
27,https://www.youtube.com/watch?v=aZSCNBGRUjQ,aZSCNBGRUjQ,[Eng sub]My dog barks at coughs It is because it sounds like barking? ｜Kang Hyong Wook’s Q&A,강형욱의 보듬TV,5 4 으 4 5 아 어 네 그럴 수도 있겠네요 5 수민 김 님이 주신 사이에요 이제 4개월된 4개월 반 종도 된 포메라이언 입니다 대전에 안그랬는데 며칠 전부터 기침이나 재채기를 하면 왕왕 있습니다 아파트 밖에서 누가 크게 이 침을 해도 짓고 주인이 해도 지 스 미래 새침이 개소리 같아서 왕왕 짓는 건가요 놀라서 그런거고 예민한 친구들이 좀 있습니다 그래서 기침을 위협적으로 읽기는 친구들이 좀 있어요 가끔씩 보면 제가 예전에 식당에서 밥을 먹는데 말이야 아 빨리 아아 리우는 분이 있더라구요 그러면 번 먹고 자란 더 아주 채 길을 아장 그니까 4 정말 먹던 숟가락을 떨어뜨릴 해주고 논란 말이에요 왜 그래 이제 이렇게 좀 가리고 좀 그러면 안되는 근데 잘 아 예 뭐 이런거 농담이지만 그런 경우에 개들이 놀랄 수 있습니다 안 그러겠어요 보자 님 역시 그랬을 수도 있고 를 그는 가족을 굉장히 그랬을 수도 있구요 여튼 놀라서 그러는 겁니다 제가 나 방법을 알려드리면 우리 오늘 휴대폰을 보면 녹음기를 4 있잖아요 액 라고 노후를 한 다음에 볼륨 로리 되잖아요 볼륨을 죄가 코 상태에서 강아지한테 들려준 같이 강아지가 5 이건 뭐지 요정도 할 수 있죠 또 듣고 2 풀면 하죠 그러면 강아지가 뭐지 라고 하면 빨고 이쁜 해라고 한식 안아줘요 그리고 또 쪼끔 소리를 볼륨을 올려요 그 다음에 아침 배치 그리고 들려주고 관심 들려주고 싶 쭉 그럼에 앞으로 이 소리를 좋아하게 까지는 오래 걸리겠지만 두려움에서는 좀 탈피할 수 있거든요 이 교육감은 해보시면 도움이 되지 않을까 싶습니다 4 강아지 4.5 게 올려고 됐으면 아주 얘기니까 요 지금부터 8성 많이 키워 중에 노력해 주시고 어예 조규만 해주시면 은 정말 못 증강 하셔야 될겁니다 으 으 [음악],
28,https://www.youtube.com/watch?v=8PYFWnISSqY,8PYFWnISSqY,Is avoiding other dogs the best solution when my dog's aggressive towards others?｜Kang ’s Q&A,강형욱의 보듬TV,5 4 그 아 우선은 피하시는게 좋겠죠 한번 읽어보겠습니다 처음엔 님이 주신 질문이에요 반려견과 산책 중인 끈을 묶지 않은 강아지에게 공격을 받고 나서 개만 보면 긴장하고 공격적으로 달려 나가는 데에 이태 어떻게 반응해야 강아지가 나아질까요 강아지를 비해 다니는 편인데 이런 방식으로 대처 하는게 맞나요 마음이 아프 줘 나를 향하여 찍거나 달려드는 것도 아닌데 그냥 벌써부터 내 가을이고 금 다칠 거고 제가 나한테 무조건 달려와서 나를 놀라게 할 거고 나는 줄 수 있어 라고 하는 어떤 피해를 봤었던 기업들이 예 친구들을 훨씬 더 힘들게 만드는 거죠 그렇다 보니까 현실에 없는 공포 인 경우들이 되게 많아요 현실이 없는 지금 학내에 일어나지 않는 등 그거를 이제 방어하기 위해서 터 씬도 공격적인 성향을 보이는 경우도 있죠 우선 을 중요한게 있어요 편제 내 개가 어떻게 하고 있느냐 자 나인가 있으니까 있죠 이유가 분명히 있죠 근데 그 이유는 편제가 아니에요 지나간 얘기에요 그래서 현재 내 개는 다른 개를 보고 공격한다 가 현재는 거예요 그러면 우리의 행동 수정을 하고 교육을 할 때에 분의 과거에 대한 기업들도 이거 어떻게 하고 또 치유할 수 있으면 쉬운 해야 되겠지만 달력 인 같을 경우에는 현재의 행동을 교육하는 게 가장 좋거든요 그래서 지금 어 첫번째는 내게는 다른 게 를 보고 공격적이다 라고 하는걸 기반으로 해서 우리가 교육을 사랑의 좋겠는데 화물 지금은 보호자 님이 정확한 훈련 기술을 익히지 못했구나 정확한 정보가 없는 상태에서는 다른 강아지를 만났을 때 혹시나 서로가 실수 할 수 있잖아요 뭐 내가 놓칠 수도 있고 반대로 상대가 내 강아지가 공격할 수 있는 것을 모르고 다가올 수도 있고 만약에 내 강아지가 유사시 누구를 공격할 수 있다면 이 나기도 하시고요 또 피할 수 있으면 피하시구요 지금 현재는 그렇게 하시고요 가장 좋은것은 전문가 분들 있죠 훌륭한 그런 산님들이 많이 계시니까 그분들 하고 상담 하셔서 이런 어떤 행동들을 수정 하려고 노력하는 모습이 좀 보이십니다 운명이 좋은 성과가 있을 거에요 [음악],
29,https://www.youtube.com/watch?v=yo7MSP8ndiw,yo7MSP8ndiw,My dog runs away when he comes wanting to be petted. Does he not like me?｜Kang Hyong Wook’s Q&A,강형욱의 보듬TV,5 4 으 4 5 아 아 아 이건 보호자 님을 싫어해서 는 않을 거예요 근데 제가 좀 알려드릴게요 나루 님이 주신 사이에요 3 아는거 달라고 해서 쓰다듬어 주면 또 안가는 강아지 왜 그런걸까요 싫어하는 걸까요 보호자 님한테 와서 쓰다듬어 달라고 하는 것을 보면 보자 님을 싫어하는 것은 아닐 수도 있을 것 같아요 조금만 더 좀 찍어 보조 강아지들이 쓰다듬어 달라고 온 게 아닐 수도 있어요 어미의 불편한 것일 수도 있구요 어디에 같이 가자고 하는 거 일수도 있구요 아니면은 어 윗 수상하게 있다라고 할 때도 강아지들이 이렇게 와서 코르 튀기도 합니다 그리고 또 하나 뭐 이거는 정말 쓰다듬어 달라고 했을 때의 이유인데요 스카드 뭐 살라고 해서 왔는데 만족을 김현도 망한다 어쩌면 보호된 님이 이게 맞는지 내 방법에 좀 어서 로 마찰이 있을 수 있는 거예요 우리는 쓰다듬어 달라 라고 하면은 이제 보통 올 사람은 손이 아무도 이렇게 모아 지니까 요로케 요렇게 만져 주거나 아니면 양 손으로 잡는 행위들을 많이 하잖아요 근데 개들 중에는 그냥 손만 대고 있는 것만으로도 좋아하는 강아지들 있어요 너무 손끝으로 살짝 품에 이렇게 긁어 주는 거죠 그런데 이제 고유의 님께서는 쓰다듬어 달라고 보라고 했지만 잡는 게스 케이블 했던 것일 수도 있는 거죠 그 두 가지 중의 하나일 거에요 다이 말 내 쪽으로 아주 도망 가는게 않다 그쪽으로 와 달라고 하는 걸수도 있고 또 하나는 조금 내가 생각하는 터치와 보호자가 생각하는 터치가 달라서 일수 있어요 한번에 두가지를 염려 염두하고 강아지를 관찰해 보시면 아마 답이 나오지 않을까 싶습니다 조금 더 귀를 기울여 주세요 ee ee ee ee ee 5 [음악],
30,https://www.youtube.com/watch?v=z8cyJvmHHwo,z8cyJvmHHwo,[Eng sub] Do dogs think kisses are an expression of affection?｜Kang Hyong Wook’s Q&A,강형욱의 보듬TV,5 4 으 4 5 어 반발 반반 해요 반박 이거 보조 콩떡 돌이 님이 주신 질문이에요 당하 지한테 뽀뽀 해 주는게 대정 표현인 걸 아나요 강아지 오는 그렇게 달갑지 않은 것 같은데 9년을 받는데도 너무 사랑스러워서 본 몸 특히 이마랑 양 오래 자주 뽀뽀 해 주게 됩니다 이거 존나 합니다 여기저기 코스트 이라고 해야되나 거기에다가 정해서 뽀뽀도 하고 특히 이마 정말 많이 합니다 그런데 이제 보호자 님이 잘 강아지를 보신 것 같아요 그렇게 좋아하진 않습니다 저는 그걸 하기 위해서 잘 살려고 노력을 합니다 규칙도 지키려고 하고 강아지한테 심각한 어떤 불편함을 주지 않으려 부르고 더록 어려도 잘 유지하려고 하고 싫어할 때 있잖아요 폭우 나 이렇게 자고 있을때 그때 꽃바 건 그러지는 않고 드려요 마일리지로 저도 쌓는다고 해야될까요 하루동안 내가 잘해서 뽀뽀나 그거를 할 수 있는 마일리지를 잘 싸요 이제 그러다가 호포 하는 거에요 근데 마일리지 이상 쓰면 안되죠 먹고 한번 사실 정도밖에 안 봤는데 아 세 번 한다거나 앞으론 강아지가 취할 수 있죠 그래서 하루를 잘 살고 예 그 다음에 이제 이렇게 해 줘 뽀뽀를 하는 뭐 그런 행동을 하는데 지나치게 되면 혹시나 문제가 될 수 있으니까 내 강아지가 하루에 꽃볼 몇 번 정도 겪을 수 있나 한번 읽어보세요 그런데 따 집에 왔는데 엄마가 오셔서 해 보게 해 버립니다 이 경우는 단 판자에 연구하고 내가 세웠는데 어 어 내가 막 엄마 그래도 뭐 우리콩 또 볼이 님 유머 그 문제를 키 자한테 손을 한번 잘 찾아 보신 다음에 개정 필요 하시면 우리 콩 덩이 라고 보링 가요 콩 일수도 있고 떨 수도 있고 버릴수도 말타고 예 행보에 할 수 있을 겁니다 [음악],
31,https://www.youtube.com/watch?v=DltKAF5VLgs,DltKAF5VLgs,[Eng sub] Can I get an apology from my dog?｜Kang Hyong Wook’s Q&A,강형욱의 보듬TV,5 4 으 4 4 0 없이 5 에 다음 번 더 생각을 안 해봤네요 내가 봐도 내가 보란 님이 주신 너 질문이에요 강아지한테 사가 받는 법은 없나요 강아지한테 사과 하는법은 알려주셨는데 사가 받는 법은 모르겠네요 놀다가 그 손가락을 모으는데 아파서 아 해도 제 속도 모르고 장난감 가져가서 멀리 도망가요 괘씸해서 그러는데 당하지 않는 사가 받는 법도 알려주세요 예 정말 내가 훈련사 생활을 하면서 개한테 4 받아본적이 학군 너무 요 채 월은 아니잖아요 그죠 체벌을 복수 고 인간이 같은 그런 복수심이 고 그 복수를 해서 그 반려견이 이렇게 좀 우울해 진동을 보면서 4 감았다 라고 느끼면 안 되는 거예요 줘 그런 님이 원하는 건 그게 아닐 거니까 걔들이 미안해 라는 감정은 없을텐데 미안한 감정은 그런 죄책감이 라는게 들어야 되고 죄책감이 들어 오면은 쇄 란 걸 해야 되고 그러면 후에 때문에 괴로워 야 되고 그 강아지가 뭐 이러나 막타 몰타 먹는 거죠 내가 뭐 빨리 먹어 주시고 또 뭐 이러나 불씨는 않잖아 아 올해 줘 뭐 내용증명 보내볼까 얘들한테 한번 그렇게 어떻게 해야 되지 걔들은 그런 마음이 없는 것 같아요 최소한도 제 몰라요 [음악] 네 저도 고민해 보겠습니다 사람은 법을 아시는 고생을 되시면 좋은 방법이 있으신 분들은 댓글 남겨주세요 으 아 아 아 으 으 [음악],
32,https://www.youtube.com/watch?v=CiNVWilop84,CiNVWilop84,[Eng sub] Do dogs think it's rude if people try to take photos of them?｜Kang Hyong Wook’s Q&A,강형욱의 보듬TV,5 4 으 4 5 a 아 r 그래야 다 생각하지 않죠 4 김 네 뷰 님이 주신 사이에요 냉대 이한테 사진찍는 행동이 무리하게 느껴지기도 하나요 사진 찍으려고 하면 정색하면서 째려 봐요 아마 그 째려보는 행동이 렌즈가 이제 눈 이라고 생각하는 경우들이 있어요 또 빛의 있는 경우가 있잖아요 예 그때 강아지들이 인정합니다 5 뉴 길게 컵 또는 헐 후에 단체 어떻게 보지 떨어져라 얘기 찾아보면 좀 긴장을 하거든요 그래서 개 들의 년간 오늘 이렇게 정면으로 마주보고 있는 어깨나 뭐 무배 또 얼굴 시선에 위치가 나한테 상해 있는데 율 뻗어라 이렇게 보고 있을 때 반려견 들이 긴장을 몹시 합니다 경우 계와 대립이 라고 생각하는 친구들이 있기 때문에 그래서 아마 이 친구가 절 카메라 울렁증 같은거 좀 그런게 있을 수 있어요 그래서 먼저 보던 님 다른 것보다 카메라 감상 시에 이렇게 2시구요 카메라 근처로 가면 우리 클리커 라는거 있어요 아주 훌륭한 강아지 훈련도 운데 강아지 큰 차이가 스테 클릭하게 간직 하고 이렇게 하시다보면 카메라 잘 쯤 형아 지게 될 수 있거든요 이런 스탭 오시면 나중에는 카메라 고 밝게 웃는 가야 되지 않으니까 방문해보세요 [음악] ter 으 [음악],
33,https://www.youtube.com/watch?v=S4VDi188bPI,S4VDi188bPI,Is it more important to take farther walks than to take longer walks?｜Kang Hyong Wook’s Q&A,강형욱의 보듬TV,5 4 그 너무 오 어 아 아닙니다 싶어 해 볼까요 이화선 님이 주신 사이에요 강아지랑 산책 을 할 때 산책한 거리가 주요 하나요 아니면 산책한 시간이 중요한 아요 거리를 중요하지만 또 시간도 중요하지만 그 경우 남을 유지하는 시간이 중요한 것 같아요 1시간을 산채 그래도 그 1시간 동안 내가 개하고 집중하지 않고 걷기만 하고 뭐 달 생각할 수도 있고 휴대폰을 만 보고 그러면 질이 좀 떨어지는 상책이라고 생각을 합니다 또 거리 같은 경우에도 아니 못 달리기 빠른 분들은 강아지 아고 이제 넌 이 하듯이 이렇게 걸으면 은 훨씬 더 강아지가 좀 많이 걷게 되잖아요 좋은 산책 질 이 높은 산 책이라고 못할 것 같아요 실제로 반려견 하고 조깅 하고 달리기를 매일매일 하는 것은 반려견의 긍 적성의 반려견의 어떤 과민 행동에 도움이 되지 않는다 라고 이야기 하기도 하거든요 저같은 경우에는 내가 이 강아지 하고 얼마나 많 교회 집중을 했나 또 같이 활동을 했나 얘도 중요한 것 같아요 거리도 중요할 수 있구요 뭐 시간도 주의 할 수 있겠지만 개들 마다 많이 걸어서 좋아하는 친구가 있고 아니면 집주변 두 분만 걸어도 좋아 하는 강아지들이 있으니까 이것은 내 강아지를 이렇게 살펴보면 어떨까요 여러분들은 점점점 더 건강해 지거나 점점 더 훌륭한 사람이 되고 있겠지만 그 옆에 있던 강아지는 점점점 늙고 두드리고 어 모든 것들이 등 가해지고 있다는 것 절대 잊지 마시구요 어 내가 한 채가 어떡하면 좋을까 한번 내가 아직 이렇게 보시면 아마 보자 님 스스로 다 물어 볼 수 있지 않을까 싶습니다 아 아 아 으 으,
34,https://www.youtube.com/watch?v=4j5RLWEeyzA,4j5RLWEeyzA,Do dogs sniff something again during walks because they find something strange?｜Kang Hyong Wook,강형욱의 보듬TV,5 4 5 4 5 3 4 5 [음악] 수 상어 수상할 수 있겠네요 태형님 3 형님이 주신 사연입니다 산책할 때 냄새를 맡고 지나 가려다가 다시 냄새를 맡는 건 뭔가 수상한 점이 생각나서 인가요 그럴 수도 있을 것 같아요 걔들도 이렇게 냄새를 맡으면서 어이 냄새는 뭘까 인 염색 내가 알고있던 낸시 아니야 라고 하는 더 기분을 느낄 수도 있을 것 같아요 강아지의 코는 사람보다 더 좋다라고 그래요 정말 뭐 어떻게 따라갈 수 없을 쪽에 누이의 후 걸 갖고 있다 라고 하는데 아마 이 친구는 타다가 기도라는 냄새 맡는 게 여러가지 식사 피 들이 한 북에서 이렇게 발견되서 냄새를 이렇게 맡을 수 있을 거예요 매니 나가던 길인데도 불구하고 낸 죄를 해서 오랫동안 로우 레트로 맞는 정말 들어 있거든요 그러니까 끝이 것도 모자들 보면 환장 하고 있는 분들이 계시더라구요 지금 건 억지 아주 호 집에 언젠가 언젠가 아니라고 이렇게 1장 하시는 분들이 계시는데 이해합니다 우리 최씨가 되요 다음에 의 실시하여 끈 적도 있어요 사실 좋은게 인 데어 정말 집에 갔음 산책 한번 하면 정말 그 바운더리 가 있습니다 그곳에서 냄새를 어마어마하게 맡아요 정말 뭐 책 보듯이 많이 기대를 주고요 충분히 막 생각에 되면 가자 라고 해도 괜찮거든요 그리고 분명히 빠르게 지내야 가야되는 그간 있으니까 두 가지를 잘 조절하면 좋을 것 같아요 충분히 냄새를 낳게 해준 것과 또 냄새 맡지 않고 걸어 가야 될 때 이렇게 잘 떠서 걸어가는 이 두가지를 적절하게 섞어서 교육해 주시고 기회를 주면 음악 아마 만족스러운 가지게 되지 않을까 싶습니다 어 수상 할 수도 있겠네요 그죠 아 아 아 아 아 아 아 아 아 아 [음악],
35,https://www.youtube.com/watch?v=TDK4mplayRQ,TDK4mplayRQ,"[Eng sub] My dog poops on my pillow, is it looking down on me?｜Kang Hyong Wook’s Q&A",강형욱의 보듬TV,5 4 5 5 저는 뜻 그 업신여기는 않는 거에요 아오 이건 업신여기지 할지 5j 있더군요 자고 있는데 대개 주변에 또 싸 놓는 건 저를 업신여기는 뜻인가요 우선은 잡음 모전리 머리말 태울 가를 정말 날 먼지 아니면 어디 라에서 하고 근간을 가지고 오는 건지 가 때문에요 만약에 다른 곳에 했는데 그걸 가져온 경우 여 2 우적 신혜진 행동이 보자는 머리맡에 다한 해주는 거예요 개 이 제품은 그 집이 불안해 살 가능성이 커요 그 집의 안녕하지 못한 거죠 보통 걔들은 안전하지 못하다고 생각을 하면 그러나 내가 지킬게 내가 경우 변이 될게 라고 생각을 해서 뭐 짓는다 거나 아니면 주변을 살핀다 거나 이런 행동 하거든요 그런데 그 러 리 만큼 당하지 라 용기도 500 요 성도의 하키 그러면 강아지는 자기 외의 자를 가지고 오자 린 곁에 온다거나 게임은 근간을 하곤 한다 는 그냥 그 원가에 안 져 버린 자거나 아니면 근간은 울 구기고 쭉 어 줄 돌아가 된다거나 아니면 소면을 이런저런 이룬 곳에다가 쏜다 오나 이런 정상적이지 못한 대변 패턴을 보이거든요 그러나 사실 이것만 으로 봤을 때는 이 강아지는 불안이 라는것도 와 싸우고 있다 불안과 대립하고 있다 라고 느껴지거든요 보호자 언님의 가정의 지금 어 음 괜찮은 상태인 자 아니면은 보자니 니 몸 사리는 감기 등 심하게 앓았다 거나 그래도 이런 행동을 하는 걔들이 있어요 이거는 쪼금 찰 필요가 있고요 그나마 지가 정상적인 한거라 1 10년 하지 않고 어울리는 것은 자라가 아내는 산책을 보이는지 주기적으로 해주셔야 본가 음식을 겁나 또는 보자는 가족 중에 누군가 화질을 좀 못살겠구나 아니면 발견되는 상상 캠프가 높은 상태에서 큰 상태에서 있나 이런것들을 따져볼 것 같아요 강아지의 문제가 아닐 수 있어요 왜 반려견 행동과 보호자 님의 주변에 한번 살펴보시면 은 어 파악된 이후 명이 있을 겁니다 [음악] der sie 으,
36,https://www.youtube.com/watch?v=FkULUPNBWfc,FkULUPNBWfc,[Eng sub] Do dogs want to join in when others are having fun?｜Kang Hyong Wook’s Q&A,강형욱의 보듬TV,5 4 으 5 아 피고 싶어 한다고 느낄 수 있어요 궁 민경의 메시 신사입니다 강아지도 사람이 옆에서 재미 수하는 끼고 싶어 않아요 저랑 친구 난 그냥 대화할 때는 가만히 있다가 같이 수다를 떨거나 상단 치거나 바닥에 앉아 있으면 은 달리 와서 자기도 껴 달라는 것이 아빠 추천 아 저랑 친구 사이에 끼어 들리거나 지진에 방 일을 합니다 너무 귀여운 행동이라 이유가 궁금해요 갱 경우 미 고 의 다리라고 그래서 끼어들기 라고 하는 반려견의 가능성은 어 아마 오히려 고객님이 시 나눌 수 친구랑 이렇게 좀 제일 게 어깨 치우 깨를 얼이 구라는 모습이 어쩌면 우리 보호자 님의 달리 가는 이상하게 생각하고 쭉 이상한게 영이라고 황지 했고 위험을 해결하기 위해서 탄력 언어 주기 위해서 그러다가 중간에 끼어드는 피어오르기 라고 하는 감시 면허를 행동하고 있는 볼 수도 있거든요 달력 인들이 문제가 생겼다고 생각하고 그 중간에 껴서 서로 거리를 멀리 려고 하는 거에요 그래서 가끔씩 우리 저얘기 강아지들 중에는 져 엄마 보호자들이 있잖아요 애기 무릅에 이렇게 1층 엄마 얻은 그러면 그 애기하고 보호자 긴 사이에 낄 여고 날려 나겠다 하더니 있어요 또 가끔씩 난 편하고 좋게 쇼파에 앉혀 가지고 탭이 보려고 할 때 꼭 사이에 끼워 가지고 10년 오려고 하기도 하구요 보전 이미 침이 학교 떨어져 보자 아 딱 떨어져 오세요 그러면 멈출 겁니다 한번 해볼게요 알고 보면 더 잘 보일수 있어요 으,
37,https://www.youtube.com/watch?v=YlxNRSUbBIs,YlxNRSUbBIs,Is there a reason my dogs fight each other after barking at some other dog?｜Kang Hyong Wook’s Q&A,강형욱의 보듬TV,5 4 으 4 5 음 그 아 5 아 쭉 무조건 있죠 r9 박철한 톡 천민 하나님이 주신 사이에요 궁금한게 있습니다 저희 알려 개인이 강아지 가진 말인데요 같이 산책과 섭 아름다운 이랑 마주치면 마주친 강아지에게 교활하게 짖으면서 흥분을 하다가 갑자기 우리집 강아지 두마리가 싸워요 왜 그럴까요 그리고 저미는 임은 잘 파악하고 5 통제도 하고 또 허락도 하는 어떤 그런 역할의 있는 사람이 아닐수도 있어요 대라고 하면 선장이 겠죠 강아지들은 고전이 선장의 구입하는데 선장을 안 하고 계신 거죠 그렇게 되다 반려 분들을 혼란의 빠져야 어떤 강아지가 나타났어요 그러면 저 강하게 나타 서방 아직 안 타서 빨리 어떻게 했는지 말해 봐 니가 알잖아 뭘 몰라 왜 몰라 왜 몰라 쇼케이스는 나한테 다 끊고 자는 또 생각한 너 잔대 무기질 잡고 있는 사람 말리지 못해 해외 근육 저 아마 저도 오게 할 거야 어 뭐 와 거 또 경험한 이 왔어 너 안 물려 봤어 넘 이불 가지고 어떻게 해야 될지 몰라 는 거예요 제가 그걸 열반이 하게 된 야 예찰 분자들을 공격하고 문구 걸로 내 흥분을 갈아줘야 된 경우도 이특 이봐 어떻게 안타까워 줘 이것은 하나의 3일 거구요 아마 국자가 떨어져도 싸우는 경우도 있을 거에요 아니면 총정리 모르잖아요 그러면 현관에 나가다가 싸움이라 할 거에요 무슨 그 신중 하 시 죠 그리고 한마디를 알아주고 내려 놓은 걸까 밑에 있었던 강아지가 오전이 안고 있었던 강아지를 공격하는 경우도 있을 수 있어요 그래서 우리 보호자 님이 지금 해야 되겠어요 다 마리는 형제가 아니어야 되고 동료가 아니어야 되요 지금 모자 님 의 강아지는 요 두 마리가 얼마나 친하고 말 행복하고 얼마나 같이 있어야 하는지를 배우게 필요하지 않고 멀고 는 경쟁하는 대상이 아니야 라고 알려 줘야 되요 하는 보호자 애들이 그냥 강아지를 키울때 부대의 마음이 가 름대로 키워요 내가 안아주고 싶어 않고 주고 싶으니까 좋아요 l 낮이라 살아갈 15 년 이십 년의 삶은 고려하지 않고 그대는 내가 지금 당장 해주고 싶은 것만 해줘요 그러면 강아지가 만들어 지더라구요 그러면 강아지가 요 그랬는가 가지는 싫어하게 되요 다리를 고치는 당장에 분말의 만 내고 산책 해보세요 그러면 흥분하지도 않고 아무렇지도 않은 가능성이 커요 빨래 부품을 하더라도 부활이 했었을 때문에 훨씬 덜할 거에요 아셨죠 너무 심한 경우에는 전문가의 봄 꼭 받아 주시고요 이게 조금씩 조금씩 조금씩 심해지게 되면 그냥 눈만 마주쳐도 쌓아져 될 수 있습니다 [음악] be be be [음악],
38,https://www.youtube.com/watch?v=lhDL-nBD6e4,lhDL-nBD6e4,[Eng sub] Can a dog tell between human genders?｜Kang Hyong Wook’s Q&A,강형욱의 보듬TV,5 4 c55 top 5 [음악] 으 맞다고 생각합니다 트가 핑크 님이 주신 차이에요 강아지는 자신의 주의해 성별이 남성인 지역 언어 인지 구별할 수 있나요 정말 궁금합니다 도 사람의 성별에 따라서 더 많은걸 짐을 주거나 더 강한 공간 표현을 할 수 있나요 남태 세럼과 여성호르몬이 움 과 면이 있잖아요 부성 2동 영어로 논의를 나온다고 나구요 서혜부 명이라 겠죠 그렇죠 어렵지 않을 거구요 울 방어는 남주를 치료해요 그러면 모든 남자를 싫어한다 라는 게 아니라 투박하고 거칠고 자기를 막대 하고 때 공격적인 모습을 보이는 사람이 싫어하는 거야 왜냐면 우리는 빨리 학습하고 를 원하고 빨리 접어 하기를 원하고 또 피해를 최소화하기 위해서 이미지라는 게 조금씩 생기잖아요 여러분 생각해 보세요 5살 쓰 사랑은 이미 슈 판단했습니다 그게 나이가 들면 들수록 경험을 하는 할수록 겁이 많아지면 많아질수록 또 실패를 두려워하면 두려워 할수록 이미지가 생기고 사람을 첫인상 애좀 판단하고 싶어하고 이게 실패하고 묻지 않고 낭 돼 하고 싶어서 쓰지 않는 그럼 어떤 생존 본능에 의해서 만들어져 있는데 강아지들도 너무 타고 너무나 반복적으로 뭔가 당했다면 남성만 보면 직업을 하는 문제들이 생길 수 있죠 이거는 여성도 비슷해요 여성에게서 당의 허나 보통 계속 느꼈다는 분명히 그 낸 지에 대한 어떤 음 서로 껴안 이라고 해야 될까 이런게 생길 수 있습니다 분명 이에요 4 개 들한테 중요한 것은 남성 인지 어헝 인지가 아니에요 나한테 안전한지 안전하지 않을 지 가 중요하기 때문에 그렇게 그 뒤로 행동하고 있는 사람이면 나무 짧 여자 바람 없이 오딘 동물들 하고 잘 o 이구요 강아지에 대한 역적의 행동이나 거치는 것 같고 있다면 페이 또한 야 니 자 여기서 상관없이 바가지 들이나 많은 도움들이 피할 수 있을 겁니다 oo 아 아 아 아 아 아 아 아 eie to,
39,https://www.youtube.com/watch?v=b3Il8qJ3tzs,b3Il8qJ3tzs,"Your style seems to have changed a lot, Mr. Wan Kyu, can you sing us a song?｜Kang Hyong Wook’s Q&A",강형욱의 보듬TV,we here we 아 으 네 살 히어로 써있어서 에 아 그래서 동주 카메라 들고 있는 사람을 칭찬하면 믿음의 안되거든요 4 아 뭐 아예 [음악] 아 아 아 아 아 으 too we go 5 지금이야 [음악] 여러분 2 바지 마세요 예 그 독하지 마세요 으 아 아 우리가 봤어 내가 아 자회사가 왜 다 이걸 봤을 거야 4 처녀 아내가 we 아 아 아 으 누나 아 안녕하세요 강황 입니다 당뇨 입니다 아 동침 티켓 5 아 아 아 [음악] 코미 tv 70 10 0 폼 트위티 온 유튜버 에 벌써 최 10만 되셨네요 축하드려요 단시간에 이 정도 되는거 최초 아닌가요 강아지 중이에요 으 라이트 퓨린이 미술사 일입니다 몽몽 목 왈 왈 걸 음 컴컴 아 아 으 쉬운 애교 외면이 아니야 저는 지금 일하는 중입니다 예 열심히 살고 있어요 예 10시 앞으로 100만 되기까지 100만 때는 진짜 우리 줘 형님이 5 제가 섭외 군 효능도 이제 짧은머리 하시고 전심 못 시끄럽게 루 심하긴 부순 구치 원래 소심 한가요 그리고 그 고슴도치도 나야 되면 세미한 아케 폐암 이제 그 고슴도치 제가 어떻게 김경원 입고 으 어 발랑 2 씨스타의 많이 바뀌었네요 너의 물론 있어요 차냐 도움에 학생인데요 상여금이 머리는 어떻게 항상 앞머리 쪽에 떠 있나요 아주 악수가 아름다워 제가 팁을 드리면 이 손 끝에 만 왁스를 바르는 거예요 요렇게 를 그렇게 즐기는 흐려 이렇게 여긴다면 아까우니까 피부가 먹을수 있어요 여기 설득한다면 살짝 ce 겉은 잘 아 한다면 이 올려주시면 굄 안 되면 뭘 시킬까 100만 때는 진짜 우리 줘 평민 님이 5 제가 무섭 외국에서 초이 아 문제 나중에 혹시 네 우리 주 의회가 유튜브를 하게 되 거야 아빠의 모습을 볼 수도 있어 줌 나 이런 것을 보더라도 했네요 4 아 4 cool 아 왜 왜 모르겠다 거야 oa [음악] 여러분 전 여러분이 즐겁다면 뭐든지 할 수 있습니다 여러분이 료코 등 채널의 20만원 시댁 여러분 어 새해에 어 계획 하시는 일 모두 다 이루시길 바라구요 여러분들도 행복한 여러분들의 가족도 건강하고 행복한 간의 되셨으면 좋겠습니다 자 팬 사람은 즉 널고 있는데 저도 울고 싶습니다 우리 모두 울고 싶은 사람 1 [음악] 보는 사람도 울고 있지않은가 3 새로 많이 가지십시오 으 아 아 아 아 아 wow [음악] 으 [음악],
40,https://www.youtube.com/watch?v=Vsl80nrBVn4,Vsl80nrBVn4,Do dogs blame others?｜Hunter Kang’s Q&A,강형욱의 보듬TV,5 4 5 5 으 아 우선은 많이 라고 하고 싶어 예 5 얘 1편 이미 주신 사이에요 강아지도 남 탓을 살아요 으 생각해보면 저도 남부를 하고 사는 것 같아요 뭐 잘 되면 제 탓 갖고 안되면 않다 우선 저는 가지 못 갔다 예 하지만 불가능 엄구 는 아닐 수도 있다 이런 경우엔 있어요 만약에 내가 가령 과정이에요 근데 강아지가 있는데 보호자 님한테 한식을 넣어 달라고 하는거 예 주소를 주세요 좀 구도 햇다가 왔다갔다 왔다갔다 왔다갔다 거리다가 만약에 옆에 강아지를 보면 다 어떤 친구들은 그냥 그 강아지를 그걸 모르는 거죠 아 이걸 보면 이렇게 오해하는 고 여럿 있을 수 있어요 552 로우의 내가 가지만 주고 있다고 옆에 있는 강아지한테 화 4 이거를 난 탓이라고 여길 수도 있겠다 그쵸 그런데 사실 이건 않다 시 라기보다는 이상하지 한테 가까이 오지 못하 이해하기 위해서 공격적이거나 물려고 하는 거야 제가 지금까지 오랜 시간동안 강아지를 본 일하다가 대체로 많은 강아지들이 추리로 인생들을 해석하고 또 올해 하는 경우는 5 만큼 발달되는 않았더라구요 나는 실수 안 했는데 에 일하는 동료가 실수해서 이런 피해가 있는 거야 그래 이 일은 네 것이 아니라 떳떳이 그 이런 식의 해석은 조금 강아지가 힘들어요 그래서 양 탓을 하는 경우는 저는 보지 못한것 같습니다 분명히 앞으로 좀 더 연구를 하다보면 보일 수도 있지만 애매합니다 아 으 [음악],
41,https://www.youtube.com/watch?v=Ip8q4JU-i4U,Ip8q4JU-i4U,Are there signals or signs dogs give when they want to go for a walk?｜Kang Hyong Wook’s Q&A,강형욱의 보듬TV,5 4 co 아 이 디 2 있죠 예 ssl 님 강아지가 산책하고 싶어서 물어보는 신뢰가 있나요 설마 네 나간다 거나 아니면 어떤 보호자 님이 가슴 줄이 던 거리도 쭈리 던 이렇게 보관하는 장소 있더라구요 제가 아시는 분들은 거의 대부분 신발장 에다가 규칙으로 이렇게 놓으시는 분들이 많았어요 그래서 신발 짬을 툭 친다 뭔지 산책과 연관된 보구를 찾아가는 경우를 많이 썼어요 땅이 하는 한 말에서 이렇게 엎드려서 강하니 보고 있다던지 겨울철이면 산책 나갈 때 춥지 않아요 보호자 님이 왜 툴을 좀 이렇게 걸치고 나갈 수 있죠 30 책 나갈 때만 입는 매트 뭐 그런거 있지 않는데 뭐 코트 든 못해 3이 된 그런 것을 가지고 오는 용 들도 있어요 실제로 그런 것들이 하면 메시지가 될 수 있는데요 어우 리보 전임 강아지도 분명히 그런 것은 이들을 보면 있었군요 섀도 많이 하세요 겨울철에 통 대적으로 상체를 좀 덜 하잖아요 어떤 경우에는 안성 들이 있거든요 그러나 가 이제 3을 정도 되면 딱딱해 지니까 그때 주말에 강아지들이 밀려 나오는데 3월 4월 복날에 고원의 가보면 겨울동안 삼치를 잘하던 강아지 멋과 롤 또한 실로 자라지 않아 텀이 강아지들이 뭐 아예 거든요 요즘 너무 다할 거에요 한 채 겨울이지만 열심히 해 주시구요 분명히 우리 강아지가 주는 실로 가 있을텐데 될 마다 조금씩 다를 수 있으니까 한번 유심히 한번 봐주시면 좋을 것 같구요 그래서 약 어떻게 했는지 아 [음악],
42,https://www.youtube.com/watch?v=Sq0ZtrAd5Y8,Sq0ZtrAd5Y8,Will my dog eat its food if I pretend to take and eat its food instead?｜Hunter Kang’s Q&A,강형욱의 보듬TV,5 4 으 5 물자 아 고전 됩니다 아 몸은 이미 주신 사이에요 질문이에요 강아지가 사료를 안먹을 때 제가 먹는 척을 하면 먹더라구요 진짜 주인이 먹는다고 생각하고 그런 걸까요 울어 다감 올려요 내가 먹는다 대 가 넘는데 암 녹음되어 먹을 게 에 너가 빨리 한번 얘 뭐야 계신분들께 이라는 행동은 분명히 강아지들의 어떤 경쟁이 쉼 을 유발할 수 있어요 사탕 갔다가 내가 한게 더 먹을래 뭐 나 먹는다 이런 느낌 아 완전 달라요 관련 핸들은 음식은 전부 다 경쟁으로 상존 2강 연결되어 있기 때문에 먹는 것을 강아지 하고 경쟁하는 느낌을 주는 것 만으로도 그것을 벌써 겨우 장님과 반려견 간의 신뢰 관계의 엄 촘 만 본회를 뭐 뭐 시타 계산 먹었다가 밥 그리고 밑에 떨어질 수도 있고 그러면 강아지는 악플을 달면 안 순간 꼭 이건 있구요 그리고 자그초 에모 두게 해야지 라는 생각을 또 할 수 있고요 또 하는 음식을 먹었던 장소 뭔 예를 들어서 뭐 쇼파 엽기 될 수도 있고 발코니가 될 수 있겠죠 그곳에 보이지 하고 같이 있게 되면 아무리 굉장해요 왜냐면 나는 여기서 보고서를 했던 곳이니까 저희 그만이고 명 한거라고 후기 없어요 아셨죠 그리고 님이 것 앞으로는 하지 마시고 사례를 잘 안 먹으면 그것이 로 적게 주세요 수장이 괜찮을 아 그리고 걷게 해 주시고 규칙적으로 그러면 자연스럽게 100억을 거구요 아 빛을 가지게 돼 있을 거에요 혹시나 우리 부모님이 알려드린 아이가 7세가 넘었다면 것처럼 에는 조금이 갚을 수도 있고 걸 사료가 좀 불편할 수도 있거든요 요즘 s 식사도 들은 있는 생식 이들 부드럽게 먹을 수 있는 거 많이 있으니까 응시를 가까 보는 것도 추천드립니다 으 [음악] 톡,
43,https://www.youtube.com/watch?v=z7SQv9qX_Es,z7SQv9qX_Es,[Eng sub] Do dogs think of their favorite items as family?｜Kang Hyong Wook’s Q&A,강형욱의 보듬TV,5 4 [음악] coupon 5 그런데 그러지 아 이 오잖아 회원 저를 염불을 해 보겠습니다 아스트랄 텐데 550 아갈 넘어갈 거 사실 그런것도 힐 앞둔 라이딩 영적인 뭐 말이 뭐죠 [음악] 아 멘 두어 전달이 q&a 위 까 로 큰 키 제어 우리는 뭐 위가 로 오픈 kj lee ode to a ok 가 체어 편해서 발표했던 뭐 키워서 17 유서와 뭔 저희에게 비쌌던 맞고 서 빼 뭐 해 어 모두 할 수 있어 되 걸리니까 물 뜻임을 알 것 같아요 아 말던지 줘 대걸레 같은 경우에는 이렇게 움직이자 나요 그러면 에 그냥 얼핏 보면 토크 이나 아니라면 조그마한 저 작은 증 성이나 아니면 그렇지 입주 강아지 동료 가지 이렇게 움직인 단 말이에요 그러냐 깜짝 안 이러면서 이제 자꾸 그러거든요 영업권에 계신 분들한테 모든 무지 마시고 일하고 있습니다 요 안에 그 많은 분들이 이걸 누를수 있게 곳 음에 화살표 를 누를 수 있게 더 좋은 컨텐츠를 만들고 엄마는 정보를 드리려고 노력하겠습니다 강아지가 제일 싼 걸 거에요 뭐 한올한올 막 으 으 털고 하면 음악 뭐 하겠어요 아 정말 정말 좋아하구요 커피 라고 하니까 쪼끔 테라는 쉽지 들을 좀 이런 장난기 들이 조금 없어지는 경우들이 있어요 그래서 그냥 많이 놀아 주시고요 대걸레 1 또 사주세요 빨간색 대걸레 노란색 때 거래 그래서 엄마도 아빠도 같이 그 오는 거에요 그래 울스 추가하세요 무진장 좋아 할 거고 뭐 하시구요 아스트로 편리 만요 [음악],
44,https://www.youtube.com/watch?v=P0kLUde2RX8,P0kLUde2RX8,Should I stop and wait for my dog who enjoys sniffing things while taking walks?｜Hunter Kang’s Q&A,강형욱의 보듬TV,5 4 오 오 오 오 르 아 대가의 총 냄새 같습니다 원 혜지 이수 14회 아니에요 매일 매일 산책을 하는데 칸 색시 냄새 맡는 건 너무 좋아하는 것인지 행사를 많이 느라 한 거죠 한걸음 나아가기 가 힘들어요 얘기 3 맞는걸 계속 기다려 줘야 하나요 그거를 기다려 줘야 된다 안된다 라고 딱 말할 순 없는 것 같아요 어떤 분들은 그래요 아멘 나가는 산채 끼는데 냄새를 이렇게 많이 나나요 왜냐면 내가 생각할 때는 똑같은 선생 거지만 얘 뭐 제가 당의 속 바뀌더라구요 너무나 많은 사람들이 많은 걸 드리고 또 많은 자동차라고 두발 일이었다 했다 보니까 계획을 같은 경우에는 사람들이 만들어낸 흔적인 자극에 대해서 고민해요 이게 뭐지 아 이제 뭐지 꽃님 생각을 갑자기 입니다 한마디로 예측의 못 하는 거예요 그런데 시골이 라고 하면 사람들이 나모 자극들을 이런 것들은 많이 없지만 자연의 떠나 같잖아요 자연스럽게 내가 예측 하는것 만큼 변하기 때문에 사실 이렇게 스트레스 받지 않으면서 발로 점들이 설치를 할때 큰데 편안하게 생각해요 우리 회 주님이 너무 바쁠 때가 있잖아요 그때는 조금 불러 주기도 하고 같이 옆에 붙여놓고 걷기도 하고 그런데 중요한 건 있어요 내가 이 친구가 테일이 뭐라고 하기 위해선 충분히 된 3 맞게 해주는 과정이 필요해요 이거 없이 1일 오라고 하면 달려 주식은 이해하지 못할 수 있어요 그러면 뺏긴다 라고 생각할 수 있거든요 아예 기동 그래서 먼저 충분히 남겨주세요 그러고 나서 내역 애석 없게 하는 거 내용 배우게 하는 것을 가르쳐 주셔서 선택을 하시면 은 좋을 것 같아요 뭐 냄새 맡게 해 락 맞지 말게 해라 이렇게 나눌수 있는 거 같아요 [음악] 으 으 으 으,
45,https://www.youtube.com/watch?v=LBHaeWs4K3Y,LBHaeWs4K3Y,Is it okay to educate your dog by hitting their nose if they make a mistake?｜Kang Hyong Wook’s Q&A,강형욱의 보듬TV,5 4 c55 4 오 예 4 이제 그 정지 집엔 가요 어 강아지가 배회 실수를 하거나 씻거나 할 때 코르 때리면 자기 잘못을 인지하고 진짜 고쳐 지나요 아 그럴 리가요 고쳐 지는 것처럼 느껴질 수 있어요 왜냐면 은 혐오스럽고 아니면 조금 많이 아프니까 배변 실수를 했는데 코를 때렸어요 그러면 그 강아지는 내가 어디에서 소변을 받기 때문에 혼이 났다 라고 생각을 하는 게 아니라 그냥 보호자가 나를 아주 쎄게 그렇게 봐요 라고 듯 할 때 문에 보호자 님이 개시는 앞에서는 아마 소변과 등을 하지 않을 거에요 예를 들어 원 눈처럼 생긴 구조의 집을 살고 계신데 화장실에 위치가 평 간하고 멀었어요 그렇게 되면 강아지는 술기 위해 그 화장실을 선택을 할 거고요 거기서 수정할 수도 있어요 그러면 보호자는 이렇게 생각하겠죠 언니 뭐야 광야 가운데 컷들이 좀 알아 될 거야 뭐 호텔이 니까 아주 지 쿄 이 그만 효과가 좋아 라고 생각할 수도 있지만 공포와 또 두려움이나 통증 회피하는 행동이 그냥 보호자 님이 원 하던거 맞아 떨어졌던 것 뿐이에요 실수를 보호자 패서 안하겠지만 실수만 하지 않는게 아니라 해야 게 교토 하지 않을 거에요 풀어 나야지 않을 겁니다 이거 액자는 오세요 내가 이런걸 또 언제 더 받아 보겠어 이런 중간에 이런 날들이 있었지 이런 질문을 받을 때도 있었죠 라고 하면서 회상하게 이제 있죠 4 통제하지 때 드시면 안되구요 화장실 어렵잖아요 강한 3 이번 을 위해서 온 잉크 비테 다 이렇게 했지 예 버튼 와 물론 그렇습니다 4 아 아 아 아 아 아 아 아 아 아 아 아 아 아 아 아 tet 5,
46,https://www.youtube.com/watch?v=G7kRAqlFUJQ,G7kRAqlFUJQ,Does my dog relieve some stress if I run around with it?｜Hunter Kang’s Q&A,강형욱의 보듬TV,5 4 [음악] 5.0 어 김 꽃 동 이미 주신 사인입니다 산책할 때 막 뛰어 주면 스트레스가 풀리나요 저는 신나고 스트레스 풀리는 데 강아지도 신앙 것인지 했어요 어 그럼 요 보호자 님이랑 같이 일고 달리 부터 채널을 또 뭐 나 잡아봐라 세 대라 그러니까 그런 것들을 관련 들이 기분을 좋게 해 주세요 아 근데 뭐 괜히 훈련 사니까 1 뭐 높아 심이라고 할 수 있는 것은 항상 산책을 지금처럼 클리오 달려듭니다 그냥 또 이것도 문제가 될 수 있어요 그러면 에너지를 다이카 라는 것에만 익숙해 지다 보니까 사람은 교회는 무조건 피곤해서 점프 하는 것을 배울 수 있거든요 스트레스가 풀리는 원 좋아요 하지만 계속해 길이는 거에 얘기를 하는 것은 도용한 것 같아요 뭐 우리가 흡연 이라든지 롱 주 라던지 없어 한밤 벽에 저희는 위험한 거잖아요 그래 똑같이 앞으로의 산책을 무조건 튀어 다녀야 된다 보호하면 피부는 문제가 될 수 있 거야 적당히 골고루 먼저는 냄새도 맡고 갈리기도 하고 너무 던져주고 뭐 숨겨서 찾기도 하고 이렇게 다양하게 주면은 아마 훨씬 더 스트레스를 잘 일시 풀지 않을까 합니다 하지만 그게 좋아하는 어린 양 열심히 해야돼 아 아 아 아 아 아 아 아,
47,https://www.youtube.com/watch?v=9g2QDRYaFdA,9g2QDRYaFdA,Will my dog think our family is getting along if we fight while laughing?｜Kang Hyong Wook’s Q&A,강형욱의 보듬TV,5 4 c55 텝 됩니다 너 뭐 아 제품 물 아 크레인 님이 주는 사연입니다 가족끼리 웃으면서 조금조금 싸우면 강아지가 눈치를 안 될까요 제 혈액 보고 탄 하거나 언성 높일 일이 생긴다면 웃는 표적 조근조근 말로 때리라고 했거든요 아마 지가 눈치 안 치고 화목한 몬스 풀어볼까요 가능성을 있어요 반려 핸들을 말에 높낮이를 뭐 거의 하거든요 그래서 만약에 접속 뭐 이렇게 말하면 아니면 한데 거라고 말하면 반려견 들은 다르게 이해할 수 있어요 왜냐하면 우리의 관련 들은 내가 입에서 나오는 이소리 분만 소통하는 것이 아니라 이 사람의 몸치 매일 핏빛 뭐 솔직 어 만에 높낮이 여러 상황 또 나이 어떤 에너 c 이름 모든 것들을 조합해서 느낌은 없잖아요 너 왜 인데 붓 있고 나갔어 뭐 뭐야 뭐 이렇게 말이야 괜찮을 수도 있기는 하겠지만 들키지 말고 한번 해 보세요 야우리 푸린 통해서 제가 하나 배웠습니다 sf1 내용과 해보실 거 뭐 댓글좀 달아주세요 [음악],
48,https://www.youtube.com/watch?v=DoXj7vFztyM,DoXj7vFztyM,Do dogs think they have teleported when they are on the elevator?｜Hunter Kang’s Q&A,강형욱의 보듬TV,5 4 co 브로리 가요 4 하루 36 이미 수심 사회 아니에요 강아지가 엘리베이터를 타면 순간 이동했다고 생각할까요 아마 사람의 엘리베이터를 처음 봤을 때 순간이동 이라고 생각했을 수도 있겠다 그죠 1 간 이동 이라는 느낌이 어떤 건지 모르겠지만 보통의 강아지들은 이 문이 열리면 빨리 여기를 나가야 된다고 는 보통 생각 하더라구요 그래서 엘리베이터를 타 하면은 처음 산 연상하게 들은 문이 열리며 는 무조건 나가서 뛰어 나가서 어떻게든지 멀어지려고 하는 친구들이 많이 있고요 익스 방 친구들은 엘리베이터를 타면 악보를 연결 되어있다는 걸 알고 넘 기분 좋아 가지로 엘리베이터 만 찾아가는 친구들이 있어요 그래서 엘리베이터 만 보면 그 사이에 있잖아요 거기다가 이제 콜을 받고 요렇게 큰 큰거 타면 문이 열리는 순간 그냥 수업 들어가는 친구들이 있는 걸 보면은 엘리베이터를 처음 느꼈을 때는 아마 정말 순간이라고 느끼겠지만 경 점점점 딸을 둔 곳으로 데리고 간다 라고 생각을 해서 아마 좋은 물건 좋은 2부 부탄 되고 생각할 것 같아요 단 요즘에 엘리베이터에서 반려견 되지 못하는 것에 대한 문제가 많잖아요 그래서 우리 보호자 님도 엘리베이터를 타면 부석 뭐 뭐 소리에서 상아질 가 낳아야 앉혀 놓고 있는 또는 유모차를 태우는 이런 기본 어 엘레베이터 매너를 좀 우리 모두가 알고 있으면 좋겠죠 강아지도 훨씬 더 편할 겁니다 [음악] to,
49,https://www.youtube.com/watch?v=DaZDmojL6E4,DaZDmojL6E4,"When dogs splash around in their water bowl, is it because they're upset?｜Kang Hyong Wook’s Q&A",강형욱의 보듬TV,5 4 으 5 아 아니 아니야 아닙니다 안에 몰라 가지고 마이크가 떨어졌네 너무 일단 몰라요 어 팀복 콘 님이 주신 사인입니다 먹는 물에 첨벙 거리는 강아지 불만이 있는 건가요 혹시 저 보호자 님 의 반려견이 뭐 다양한 견종 일수 있지만 이게 롤 실버 친구들이 많이 그래요 아주 특수한 물을 좋아하는 친구들이 있잖아요 일어 친구들이 거 정말 많이 하구요 레오 같은 경우에도 물을 좋아요 뭐 셰퍼드 지만 물론 엄청 힘이 좋아서 이룹니다 또 다 오리 같은 경우에도 평상시에는 안 울었는데 더우면 좀 이렇게 팡팡 방 거리기도 합니다 제가 알았고 백사장은 의 주민들도 좋아하는 것 입니다 4 해보실 우리 강아지들 물그릇을 칼로 쳐 모처 뭐 아주 좋아하는 거예요 그렇게 또 어딘가 맞이 들수록 노래를 많이 하구요 굴 많이 라기보다 그냥 넘겨요 이게 놈 있게 보지 마시고요 사람이 맘껏 할 수 있게 이렇게 좀 그런 세수대야 같은거 있잖아요 님이여 뭐 달 간 썰 크 뭐 있죠 바구니 이런것도 좀 선물해 주시면 은 5 사용하겠다 1반 선물을 줬어요 쌀 er 30살 으,
50,https://www.youtube.com/watch?v=8AZFlqzbcfw,8AZFlqzbcfw,[Eng sub] Do dogs give up on their owners?｜Hunter Kang’s Q&A,강형욱의 보듬TV,5 4 co 으 어 경우에 본 적은 없어요 [박수] 진 유미 님 못된 주인들은 애완견을 포기하는 경우도 있잖아요 반대로 강아지도 주인을 포기하는 경우가 있나요 제가 한번도 본적은 없어요 그리고 경험 은 좀 또 없는 것 같아요 이제 포기 라는 게 떠나는 걸 말아라 수 있죠 떠나는 거 아니면 예 자포자기 라고 하는 기대를 하지 않는다고 뭐 그렇죠 그런 건데 그런 강아지들이 정말 흔치 않거든요 보호자를 무서워하는 게 되는 되게 맞지만 무서 함에도 계속 보호자에게 희망을 놓지 않는 갭 이유는 굉장히 많아요 이 보호자가 나한테 조금이라도 잘 해주면 꼬리를 흔들고 덜 아 역시 뭔가를 군데가 얼마나 순종적인 지를 표현하기 위해서 노력하는 게 되는 정말 많이 봤지만 나를 데려가 피한다고 어 아 cour 을 포기하는 달려 분들은 많이 보지 않았어요 이런 경우는 있었던 것 같아요 그 집에는 못들어가고 그것이 밖에서 야그 지군이 처에서 배라는 상할 일은 꽤 좀 봤어요 그리고 멀찌감치 b 사람을 봤을까 사람이 나타나면 꼬리는 흔들 때 눈 서서 다가가지 못 하는 게 는 쭉 봤어요 떠돌아다니는 개들이 그냥 이런 친구들 등에 많이 맞거나 그러면 그 보호자가 점 멀티를 감치 나오면 나와서 꼬리 찰 와서 군데 잡히지는 않아요 이리 오라고 해서 오지는 않아요 하지만 어딘가로 가지는 않아요 어떤 사연인지 직접 경험 하고 있는건지 여기서 말하는 주인이 우리 보호 전 이미 신지 이런 것들을 묻고 싶은데 물을 수 없으니까 안타까움의 좀 있네요 8 000 보호자로 포기하지 않습니다 네 사람은 알력을 소개할 수 있어도 제가 알고있는 제가 실시가 부족할 수도 입을 경우 부족할 수 있지만 아직 가지는 것 같습니다 여러분 줘 드디어 내 강아지 마음 상담소 가 출간되었습니다 저희 소소한 qna 하시죠 수산 qna 있는 정말 정말 다양한 질문들을 120까지 를 이렇게 모아서 술 간 했는데요 어 소소한 내용이지만 관련 드라고 있으면서 꾸 궁금한 것 또 필요한 내용들을 모아 놨어요 여러분도 많이 보시면은 좀 나는 도움 될 것 같습니다 지금이 하면 이거 하면 이 하겠죠 이거 하면 이하에서 아 으 켈 집에서 헬 태그와 함께 1 타이어 업로드 해주시는 30분을 너희가 뽑아서 보든 리드줄 풍물 해드립니다 4 많이 해주세요 아 어 아 관심과 성원 부탁드립니다 [음악] 5 peer-to-peer 5,
51,https://www.youtube.com/watch?v=ccYRDqRBPhw,ccYRDqRBPhw,My dog wakes up and starts sniffing me Is it because he's nervous?｜Hunter Kang’s Q&A,강형욱의 보듬TV,5 4 으 5 으 어 에 아 그랬어요 그래서 한번 갈면 4 백지원 님 저희 강아지는 새 옆에서 자고 있을 때 갑자기 볼 또 일어나서 제 냄새를 킁킁 하고 왔습니다 그러고는 다시 잠을 자는데 혹시 제가 어디 갔을까 봐 불안해서 냄새를 맞는건가요 아 고 의장 님이 어디 갔을까 부랑 해서 있는 않을 줘요 갈변 들이 그 밖에 까지 좀 달아서 호전이 미드 척 이거나 이렇게 일어나서 문을 난다면 잠자고 있다가 보자 가다가는 지 않나 가는지 모르는 개는 없거든요 좀 정확하지는 않겠지만 추측하건데 보통 성인은 하루에 14에서 25회 정부 앱 방구를 나도 모르게 낀 데요 질수 매탄 냄새가 안나고 암모니아 황화수소 같은 건 냄새가 나는데 한마디로 보존료 법률 소제로 올라서 꺼질 수 있어요 그렇잖아 자다가 방법 뛰는 사람 받침 싶었어요 봤죠 호저 님 예 예 14 예 왜요 늘 자기 이름을 그대로 썼어 팩트의 왔네요 백지원 님이 하루에 14번 에서 25번 하는데 저녁 간의 했을 수도 있다 뭐 강아지가 놀랄 수도 있다 이건 자연스러운 거리를 스쿨 하지 마시고요 강아지도 우리 무기 먹었구나 생각할 겁니다 여러분 쪄 드디어 내 강아지 마음 상당수가 출간되었습니다 저희 소소한 피해 내 하시죠 수상 쿄애니 있는 정말 정말 다양한 질문들을 120까지 를 이렇게 모아서 술 간을 했는데요 어 소소한 내용이지만 앓는다고 있으면 했고 궁금한 거 또 필요한 내용들을 모아 놨어요 여러분도 많이 보시면은 정말 많은 도움 될 것 같습니다 지금 이 화면 이거면 2 예 2 화면 이러한 이었어 아 으 켈 득해서 헬 태그와 함께 2 타이어 업로드 해주시는 30분을 머리가 꼽아서 보던 리드줄 통보해 드립니다 4 많이 해주세요 아 어 [음악] 관심과 성원 부탁드립니다 [음악],
52,https://www.youtube.com/watch?v=b_J-XKBGf0A,b_J-XKBGf0A,Will my dog know that I'm in a good mood if I shake my bottom in front of him?｜Hunter Kang’s Q&A,강형욱의 보듬TV,5 4 c55 to 5 [음악] 아 하이브 야외 그랬어 좋을지 경우엔 읽어보겠습니다 대답으로 되겠네요 손도 도 님께서 보내주신 사연입니다 강아지가 기분좋아서 꿀이 힘들 때 저도 같이 좋다 고 엉덩이를 사정없이 흔들어 주는데 그걸 보면 제가 좋다는걸 강아지가 알까요 그럴리가요 어 그런데 좋아하는 친구들이 있어요 분명히 흥분해 그 기분 주와 하는 행동은 다 비스타 잖아요 모리조 외국 나가서 요기요기 1 것 같다라는 것이죠 있을 수 있고 기분 좋을 때 하는 표현들 어딜가나 이렇게 다 우리가 소통이 되지 않겠습니까 강아지들도 재미있게 논다 싫어한다 이런거를 좋았는데 만약에 우리 보호자 님이 엉덩이를 흔들면서 기분좋게 흘릴 줄은 거에요 뭐 짖어 봐 요 뭐 그러면 알지 않을까 어 어 4절 흔들어 보지 않았는데 흔들어 보시고 한번 그 한번 찍어서 올려주세요 찍어서 보내주면 은 제가 한번 보고 강아지가 진짜 좋아 난 좋아 1 한번 어 이야기를 해 드려 볼까요 이게 가끔 c 우리 보호자가 아픈가 라고 생각할 수도 있어요 또 나 이끌 수도 있어서 기겁하고 도망가는 강아지가 있을 수 있으니까 오전 님 어 한번 사정없이 흔들어 보시면서 기운 좋게 해 보시고 그래서 찍어서 보내주세요 어휴 솔더 아 오늘 좀 에 여러분 줘 드디어 내 강아지 마음 상당수가 출간되었습니다 저희 소소한 퀘 내 하 시 죠 수산 퀸이 있는 정말 정말 다양한 질문들을 120까지 를 이렇게 모아서 술 간 했는데요 어 소소한 내용이지만 반려견을 하고 있으면서 꼭 궁금한 거 또 필요한 내용들을 모아 놨어요 여러분도 많이 보시면 저는 하는 도움 될 것 같습니다 지금 이 화면 이거 하면 이 하계 이거 하면 이 하며 썼어요 좀 아 켈 집에서 펠 태그와 함께 이 타의 업로드 해주시는 30분을 저희가 뽑아서 돋음 리드줄 생물 해드립니다 4 많이 해주세요 아 어 좀 아 관심과 성원 부탁드립니다 쌈 싹 싹 삭삭 싹 싹 싹 으,
53,https://www.youtube.com/watch?v=oPbjhaF_DKY,oPbjhaF_DKY,[Eng sub] Do dogs also feel bad when they get rejected from their friends?｜Hunter Kang’s Q&A,강형욱의 보듬TV,5 4 으 으 으 으 과 이 상처 받지 않습니다 4 o&m mj 님이 주신 사이에요 6개월된 브랜치 부족을 기르고 있습니다 단 두 종이라 그런데 친구들에게 인기가 없어요 산책하다 친구들을 만나면 0 b 를 하늘로 향해 힐 굴리고 놀자 가 하는데 사회 강아지는 이론 거리거나 취하고 가버리는 경우가 많아요 그 모습을 보는 제 만도 mm 찝 959 당하 지도자 기간 올 대고 한 친구한테 거 제 10장 했을 때 마음의 상처를 받을 까요 아 그렇죠 그럼 힘으로 읍을 아니라면 쑥스러운 것도 알아야 되고 그러면 걔들이 다 미용 하는 사체 않나 같고 그런 나눌수록 넥 애들한테는 뭐 쑥스러움이 라든지 뭐 창피 이런 감정은 따로 없구요 그냥 아 아으 싶은데 써야 지금 싫다고 하네 라고 하는 사실 되게 어 자기가 자기 조절을 할줄 아는 강아지 일 거에요 기본적으로 단도 좀 같은 경우에는 어 다른 강아지들이 오해를 좀 해요 얼굴을 찡그리고 있다 고 또 이제 불독 이나 파헤쳐 으로 뿔 중에는 약 기 간 무게중심이 앞으로 좀 이렇게 나가 있는 듯한 모습을 보입니까 그 때 상대 강아지가 너도 나한테 화내 라고 하면 그냥 더 피아노를 이정우 들이 많이 있거든요 그래 이제 어떤 분들을 우리가 아닙니다 라는 식으로 따라가는데 부르는 그런 틀을 층들이 더 싫어하는 해요 65 나 또 보색 홀리 같이 활동량도 많고 또 크게 놓여 있고 그런 친구들하고 놀게 해 주시면 자막 정말 찾을 수 있을 거에요 그러고보면 님 지금 이렇게 놀게 하면서 우리 값이 가르쳐 줘야 될 것은 다른 강아지를 만나도 안 울 수도 있어야 돼 이것을 계속 가르쳐 주시면 되는데요 만나면 커 냄새 맡게 하고 엉덩이 냄새 맡게 하는 게 아니라 그냥 일정과 에 의지한 상태에서 보호자 아니면 더 집중하게 하고 도 선임하고 모공을 일을 하게 한다던지 간식을 주면서 예술교육을 한다던지 한마디로 뇌 조건도 의 고 싶어서 다가가는 드럼 것만 좀 어 요이 해주시면 은 멋진 반려견을 클 수 있을 것 같구요 너무 속상해하지 마시고 지금 가지고 좋은 지금 많이 사게 되면 좋겠습니다 여러분 쪄 드디어 내 강아지 마음 상담소 가 출간되었습니다 저희 소소한 퀘 내 하 시 죠 수상 캔이 있는 정말 정말 다양한 질문들을 120까지 를 이렇게 모아서 술 간 했는데요 어 소소한 내용이지만 반려견을 하고 있으면 자꾸 궁금한 거 또 필요한 내용들을 모아 놨어요 여러분도 많이 보시면은 좀 하는 도움 될 것 같습니다 지금이 화면 이거 하면 이하 예 2 하면 2일 하면서 아 kldp 에서 헬 태그와 함께 이 타의 업로드 해주시는 30분을 너희가 뽑아서 돋음 리드줄 흥분해 드립니다 4 많이 해주세요 아 어 좀 관심과 성원 부탁드립니다 [음악] 5,
54,https://www.youtube.com/watch?v=OpltBa7CzCQ,OpltBa7CzCQ,Do dogs like it if their owners scratch the area they were scratching instead?｜Hunter Kang’s Q&A,강형욱의 보듬TV,5 4 오 오 예 아 한번 사용해 볼게요 어 김사 올림이 주신 사연 이에요 긁고 있는 부위를 대신 긁어주면 시원의 하나요 가끔 자기가 다식을 더라구요 그래서 혹시 대신 긁어 주는 게 별로 이 까 싶네요 뭘 그걸 대신 글도 줍니까 아까 아직 에그 통 방법이 있을텐데 이건 한번 시원하게 그렇게 나쁜 다음에 고잔 이미 할 일은 그것을 살펴보는 거에요 5주 못읽는 나 상처 난 나 그러면 피부발진이 좀 있나 여러분께 요런데 있죠 뭐 그건 했는데 그 얘기를 괜찮지 괜찮은데 귀 같은 경우에는요 약간 자 우리가 좀 바르게 어 이런 소리 내면서 긁는 경우가 있구요 아니면 가만히 있는데도 살짝 위를 한쪽을 내리고 있다든지 아니면 이제 뾰족 성기가 정렬되어 있는 게 아니라 함께 살짝 주저 내려가 있다든지 아니면 이게 그닥 못해 이 귀 뒤를 보낸 게 아니라 귀한 있죠 그 안을 이렇게 국내 경우에는 상처가 정말 심하게 나거든요 그래서 귀를 긁는 다 하면 반드시 피는 살펴 주시는 것이 좋아요 요 정도야 딱 을 줄 수 있죠 그렇죠 네 귀는 꼭 살펴 주세요 그리고 또 하나 얼굴 얼굴을 뭐 이런 친구들이 있어요 특히나 또 얼굴을 그리면서 코를 땅에 자꾸 찍는다 이런 무조건 배워야 하고 싶어요 뭐 여러가지 뒤 강이라고 한 그 쪽에 문제가 있을수도 있고요 눈 쪽에 문제가 있는 경우에도 요 이런 행동을 한다고 하니까요 우리 부장님 귀 또는 얼굴 정년을 한 쪽이나 양쪽으로 기금 는 경우 그런 경우에는 큰 살펴주세요 실제로 여기에 출전의 바 그가 갑자기 막 차기 얼굴을 교체 하지 못하더라구요 뭐야 뭐야 뭐야 하다보니까 시간 나누 쉽다 가 남 나무가 1에 이어 가지고 큰 잘하길 고 있더라구요 제가 이렇게 살짝 빼 줬는데 어 잘 살펴 주셔야 됩니다 4 여러분 줘 드디어 내 강아지 마음 상담소 가 출간되었습니다 저희 소소한 퀘 내 하시죠 수상 퀸이 있는 정말 정말 다양한 질문들을 120까지 를 이렇게 모아서 술 간 했는데요 어 소소한 내용이지만 관련된 하고 있으면서 꼭 궁금한 것도 필요한 내용들을 모아 놨어요 여러분도 많이 보시면은 좀 하는 도움 될 것 같습니다 지금 e 파면 이거 하면 이 하계 이하면 이 하셨어요 힘 아 으 켈 집에서 펠 태그와 함께 1 타일 업로드 해주시는 30분을 저희가 뽑아서 돋음 리드줄 생물 해드립니다 4 많이 해주세요 아 어 좀 관심과 성원 부탁드립니다 [음악],
55,https://www.youtube.com/watch?v=1PfeRHUI5NA,1PfeRHUI5NA,Do dogs learn from their friends too?｜Hunter Kang’s Q&A,강형욱의 보듬TV,5 4 으 4 딴은 연구가 되고 있다고 알고 있어요 한번 보죠 내 나라 곧 깍 님 해주신 사연입니다 일주일에 두세번씩 같이 산책하는 갈 친구가 있어요 그 친구 보호자인 말로는 원래는 안그랬는데 저희랑 산책하고 부터 고급 배웠는지 내면을 그렇게 발차기를 한다고 합니다 상아 지도 친구를 보고 배우나요 어 마크의 콥트 라고 하는 학자가 있어요 그분이 쓰신 책을 제가 읽었는데 거기에 어떤 내용이 있냐면 개들은 누구로부터 사는걸 배웁니다 우리 같은 경우에는 노래 걸 을 보 했고 보호하는 사람들이 먹는 방법 읽는 방법도 누군가와 인사도 하는 뭐죠 사실 합니다 이런 것들을 가르쳐 주셨잖아요 강아지는 윗줄의 2번 3번 정도만 강아지 더 라고 우리고 그 외엔 3억 올리니까 역 턱에 공연을 사람이 강아지를 가르쳐야 되는데 우리가 그런 완벽한 엄마가 악연이 될 수 있을까 이런 아주 흥미로운 생각에서부터 엄 악보 베버 풀 거야 어 고민을 했던것 같아요 또 애견 운동장이 외국에도 많이 있잔아요 달력으로 놈 자들이 거기서 핀이 그 운동장에 자주 모이는 강아지 느끼기 차는 행동 유비 이런 유행 가 크게 이 따라 그래요 그래서 얘들도 파괴적 동물이기 때문에 수량 자가 지그 또 자그만 나는 강아지도 영향을 안 받는다 라고 할 수 없고요 강아지 운동장이나 아니면 뭐 애견 카페 나 이런 곳에 갔을 때 어떤 알려 견이 이곳의 분위기를 만들고 있나 이런 것들을 우리구 자들이 사람들이 판단하고 잘 인도 했으면 좋겠어요 그렇지 않을 경우에는 어떤 힘 있는 강아지들이 적은 강아지를 괴롭 되는게 그냥 2곳이 문화가 뭐 또 어떤 경우에는 요 그냥 불안해 가지고 왔다 갔다고 지고 가만히 있는 강아지 늘 까지도 불안하게 만들 그런 상황을 은주 되기도 하니까 이런 것들은 좀 피해야 되겠죠 한번 잘라 주시고 가르쳐 주셨으면 좋겠습니다 백발 차기는 거라든지 해도 괜찮은 행동이 니까 많이 차게 해 주세요 으 으 [음악] power 5,
56,https://www.youtube.com/watch?v=QdJVnJAJmLA,QdJVnJAJmLA,[Eng sub] Can dogs tell who the owner's family members are just by their scent?｜Hunter Kang’s Q&A,강형욱의 보듬TV,5 4 cout 오 오 오 오 오 없군요 오에오 이 아오 애니 주신 사인입니다 강아지도 변주 보호자 의 가족을 냄새로 알아 보나요 냄새를 맡으면 내 주인의 엄마다 내 주인의 아빠다 라고 하는지 궁금합니다 아마 젖 치밀함 은 알 수 있을 거에요 왜냐하면 가족이니까 자주 만나고 냄새도 이렇게 섞이고 조식 싸져서 다시 찾고 이제껏 같아요 있다 보니까 아 맞어 엄마네 앞판에 뭐죠 동생이 4 세 살 많은 4촌 이내 뭐 이렇게 까지는 모르겠지만 값 까라는 것은 알 수 있을 거에요 가족 이라는 게 꼭 현 단계 만이 아니라 동료도 어떤 측면에서는 우리가 그 가족이라고 할 수 있잖아요 그래서 가까운 사람들을 알아보는 것 같아요 연구결과에 의하면 요 그 사랑도 그 친 을 막기 위한 본능이 있기 때문에 나와야만 게 이 군은 사람들의 냄새를 깊이 한다 라고 해요 왜냐면 은 이제 우리의 후대에 나오는 친구들의 건강에 조문 제 되실 수 있잖아요 그래서 우리는 본능적으로 혈연관계를 좀 p 양 라고 하는데 아니 사람도 그것을 인지 한다면 발 여전히 촬영 관계에 있는 사람들의 내통 쪽이 냄새가 알 수 있지 않을까 딱 와는 어초 대륙 궁금증 있었어요 우리 보호자 님들 혹시 이런거 잘 아시는 분 있으면 은 우리 같이 좀 알려주세요 합니다 [음악],
57,https://www.youtube.com/watch?v=2Hh7Umg5Zcs,2Hh7Umg5Zcs,[Eng sub] Isn't it noisy for dogs when they run  because their ears flap about? ｜Hunter Kang’s Q&A,강형욱의 보듬TV,5 4 c55 5 결백 업계 여러 수매 어떻게 흘러 커 예보 이에 님이 쓰신 사이에요 귀가 생각하지는 뜰때 플라 플라 트와 플랫 하니까 시끄럽지 않아요 아그대 못하나요 머리 계신분들은 할 됩니다 이런 소리가 1 원하는 한 번도 머리가 길어 본적이 없어 가지고 걔들은 자기 귀를 자유자재로 이렇게 움직일 수 있거든요 그래서 귀를 나의 내 머리 뒤에는 이렇게 숨길 수도 있고요 귀를 앞으로 이제 정면으로 쪽으 탈 수도 있거든요 그래서 아마 뛸 때는 뒤로 이렇게 접고 떼지 않 을까 우리 저기에 머리 귀 신 분들은 뒤로 모 없잖아요 그런 것을 귀를 뒤로 이렇게 닥터 친다는 게임이 않은 환 막히지 않을까 그런데 내가 입고 왜 이렇게 정성스럽게 답변을 하는 직업이 예 시끄러 짧고 왜 그렇지 않을 것 같아요 4 그리고 내려가 얘들한테 문제가 함부로 별까지 교회가 다면 봐도 진짜 시끄러 야 괜찮냐 어떠냐 이렇게 물어보는데 워 대답을 할지 할지는 모르겠습니다 [음악] 쌀 [음악],
58,https://www.youtube.com/watch?v=2X1Ha7l7_PE,2X1Ha7l7_PE,[Eng sub] Are dogs' moods affected by the weather as well?,강형욱의 보듬TV,5 4 5 더해 4 꼬미 님이 주신 은사입니다 강아지도 날씨에 따라 기준이 처지거나 c 나기도 하나요 그럼 용어 엉 말 날씨 춥지도 않고 너무 넓지도 않고 이렇게 좋고 이럴 때는 걔들 표정이 정말 빵 타카시 거려요 고딩 하고 싶어하고 어 확실히 이런 친구들이 많이 있구요 또한 에 눈이 오게 되면 아 이제 교환의 틀에서 더 좋아하는가 지는 거죠 돼 있고 얘야 눈이 오는 싫어하는 친구들도 있습니다 그런데 이렇게 되게 왜 외향적인 친구들 뭐 뭐지 붙이고 보도 풀 이런 친구들은 아시는 눈이 오거나 비가 오거나 뭐 이수를 언 11건 없이 항상 쟁 좋은 상태일 수 있잖아요 근데 조금이나 건 안 잼은 조금은 혼자 있고 싶어하는 솔로 그리고 우리 바로는 비우면 발 밖에 나가진 않아요 요즘에 저희가 안개가 많이 거든요 저희 높은데 살아가지고 그래도 안 나가요 이슬이 맺힌 바다를 팔찌도 않아요 그래서 뭐 이렇게 차마 욕실을 했고 나와요 그랬어요 예 하는 편인데 이런 친구들은 날씨의 영향을 정말 지배하게 봤기 때문에 저는 이제 비가 오거나 눈이 올 때는 눈이 오고 있는 상태일 때는 초 * 되면 좀더 밖엔 하고 오는 간단한 아직 하세요 라고 합니다 날씨 좋아지고 있잖아요 가을 정말 좋아야 되는데 그 x 산책도 좀 많이 하시고 아마 걔들은 살구 많이 할 수 있는 도움이 많이 될겁니다 그리고 또 하나 이것은 저 내 키 빈 제 요 그 지금 산에 가는 지금이 진짜 많아요 단풍구경 한다고 하자 고 이렇게 가다가 같다 없는 정말 깨 들이 이렇게 돼 몸에 까이 1 경우들이 있으니까 국보 전임 아직도 방심하지 마시고 1 11월 중순까지는 그 진드기가 강제하는 뭐 뚫는 것들이고 뭐 있잖아요 그리고 충분히 하시고 다니 싶은 좀 많이 될겁니다 으 으 으 으 으 [음악],
59,https://www.youtube.com/watch?v=xywu-1smW3s,xywu-1smW3s,"[Eng sub] Why does my dog always lick me, yet dislike it when I lick them back?｜Hunter Kang’s Q&A",강형욱의 보듬TV,5 4 co 4 오오오 아 아 르 또 우선적 제 볼게요 예 아 예 불이 붙었나 어 닭 미가 님 강아지는 사람이 자기를 혀로 핥으면 싫어하면서 자기들은 왜 우리를 그렇게 한 나요 아 이게 자활 터는 의미가 되고 여러가지 에요 기본적으로 가장 확실한 얘는 어린 애기 때 이 강아지가 엄마가 강아지한테 나 이유식 초 배고파 배고파 라고 할 때 엄마의 털 그렇게 할 탈 이마 것이었고 힐 차 적으로 소화를 한 그 중 식물들을 개헌 해달라고 턱을 한 탔던 게 e 반려견 들이 내가 수원 하거나 또 그 소리 하고 싶거나 아니면 저 사람한테 순종한다 라는 걸 표현하고 싶을때 개설하면 그렇게 할까요 그래서 얼굴을 할 트는 의미가 야 당신에게 생 종 해요 여기서의 순정은 내가 나 당시 너무 무서워 가지고 내가 아무말도 못하고 즉 소리도 안 할게 아니라 온 전에 당신을 믿어 4 약한 부위까지 약한 모습까지 다 보여줄 수 있어 란 당신의 무료 좋아요 더 당신이 나의 리더 고 당신이 우리를 대표해서 좋아요 라고 하는 그런 모습에 셀에 무늬의 요 순종하는 모습을 좀 보여주고 싶은데 갑자기 보호자가 나한테 선종을 하니까 이상하게 쪼 으 우 벅 악 하다는 깟 없던 우탄 데어 이루게 찍 회가 내가 내가 소주 하고 싶은데 보면 이거 순종의 얼마나 와야겠어요 원 아실텐데 난 난 리더 싫은데 왜 그래요 이렇지 않을까 생각이 좀 되구요 모자 4 강아지 할지 마세요 예 바꾸어야 할 거 1시 봤어요 깔 줄 아시고 이제 강아지가 꼭 보 하면 잘 이렇게 대응해 주시면 잘 대응한다 나는게 가만히 있는거예요 할짝 피하고 4 그게 쉬운 아마 강아지도 충분히 우리 부장으로 좋은 관계를 오늘 유지했다 이렇게 않습니다 [음악] [음악],
60,https://www.youtube.com/watch?v=Qq8plwaQDHU,Qq8plwaQDHU,[Eng sub] Do dogs express gratitude?,강형욱의 보듬TV,5 4 222 4 하계 2225 아 이게 네 저는 한다고 생각합니다 어 어 민지 애니 미주의 사이에요 강아지도 고맙다는 표현을 하나요 사리를 주거나 새로운 일로 바꿔주면 와서 손등을 두번정도 헬름 되요 4번 그래서 우연은 아닌 것 같아요 오 이게 고맙다는 편인지 궁금합니다 펑크 측하게 말씀드릴께요 봐도 잘 모르겠어요 어 하지만 아마 우리 민재 님이 느끼는게 고맙다 라고 하는 거라면 아 막 고마웠다는 거 일수도 있어요 많은 강아지를 경험했지만 이게 또 보고자 님하고 가게 하고 의 관계는 또 다르지 않겠습니까 가끔씩 우리가 우리가 저한테 해 라고 하고 가요 정말 느낌이 뭐였죠 아 아 아 아 처음 느끼는 거야 되죠 그래서 아마 적 얘들한테 항상 감동도 만큼 물었 왔고 이제 그런 것 같은데 모공 극적인 좋으나 팔짜 어깨를 부딪힌 응 쌍동이 나 길게 있는 행동을 하고 또 어떤 친구는 애교를 우리는 것처럼 오지 마 오지 마 리 될 거야 라고 하듯이 맞아 꽂고 하시고 그런 친구들도 있거든요 근데 그게 보라 4 으 가져가지 말라 아내 음식 어서 내 거야 나는 또 또 있는데요 율 도 이렇게 한 곳에 있고 밥줄이 한곳에 있잖아요 그러면 어떤 강한 얘들은 포유 계주 높아져서 그 뜻을 내꺼 라고 생각을 하기도 해요 한번 쪄 실험해 볼 수 있는 방법은 있는데요 사료의 손을 이렇게 넣었는데 강아지가 그래도 께 에서 할 텐 다 그래 를 손 초 입니다 또 이제 좀 아름다운 것을 좀 깨고 싶지 않았지만 조금 더 무시하고 보세요 4 그렇지 않고 폼 넣는데 개냐 모자 이제 그 안이 있다 아 그렇다면 그와 전혀 상관없는 굉장히 힘들 수 있으니까 실험 하지 마세요 내 말에 마지못해 이렇게 되겠습니다 아 아 아 으 [음악],
61,https://www.youtube.com/watch?v=2QU-9T_hBsk,2QU-9T_hBsk,[Eng sub] Do dogs know if it's an emergency or we're just acting?｜Hunter Kang’s Q&A,강형욱의 보듬TV,5 4 c55 예 으 아 어 2개 마다 조금씩 다릅니다 어 새해에는 이미 주인 사안입니다 sns 에서 주인이 죽은 척을 하면 막 짖고 놀라는 어안 절 주지 못하는 강아지 영상을 본적이 있습니다 그걸 보고 저도 똑같이 따라했는데 기대 원한이 무시하고 가더라구요 강아지도 사람이 진짜 위급한 상황 인지 아니면 그런 척 하는 것인지 알수 있나요 내가 뭐 어 내 쪽으로 아니면 육체의 나도 감지하지 못하는 위급하게 생길 때 있잖아요 그런 것은 벌써 내 아내 에서 일어나는 것에서 보호자 하고 의 관계가 좋은 친구들 또 보호자도 그 강아지 하고 의 관계를 잘 유지했던 그런 가족은 개들이 걸 느낍니다 그런데 그 특히 낸 걸 느끼지만 행동하는 것들이 조금 달라요 우연한 되게 성숙한 개들 중에는 되려 정말 제 문제를 어떻게 해결하면 조치 라고 생각을 하고 다 내겠다 내가 보호자 옆에서 이렇게 가만히 써 줘야 되겠다 또는 주변의 짖어야 되겠다 대한 도구 나옵니다 어떤 애들은 그냥 옆에 이렇게 다 아니 앉아 있는 애들도 있고요 실제로 불안해 가지고 무서워 가지고 어디 숨어 있는 개들도 있구요 어떤 친구들은 그 보호자를 끌고 다른 대로 자기 집이나 자기가 좋아하는 뭐 뭐 침대 옆에 될 수도 있고 거기를 데리고 가려고 물고 이렇게 떼 길고 하는 경우들이 있어요 대부분의 반려된 질이 보호자 님 의 이상 행동 후 이상한 몸의 변화 이런 것들을 파악하고 요 나름대로 최선을 다해서 표현하려고 하는 거니까 구질의 강아지가 어풀 착 되지 않는다 라고 해서 섭섭해 하지 마시구요 어쩐 연기가 발령 되었을지도 몰라요 제제 거 못 보셨어요 제 연기하는 거 그 정도는 돼야 걔들은 속일 수 있다 꼭 5 5 5 5 예 255 [음악] 으 으 으 으,
62,https://www.youtube.com/watch?v=DfXK8S9gwik,DfXK8S9gwik,[Eng sub] Do dogs know amongst themselves who is smarter?,강형욱의 보듬TV,5 4 오 예 앞서 돼 에렌이 미주는 사이 님 지내긴 5평 가지도 있구요 진행이 비교적 낮은 강아지도 있는데요 강아지들이 서로 진행 차이를 느낄 수 있을까요 공감 쪼꼼 설명이 필요할 것 같아요 혹시 보이던 님 진행 이라고 하는걸 뭐 암기력 단기 안 기적 이라고 하나요 그런거 를 뜻하는 건지 아니면 촌 명함이나 협동 명이다 이런 것들을 좋다는 건지 제가 사실 잘 뭐 정확하게 이 불만으로 이해가 안됐어요 그런데 제가 생각하는 질문은 사회성도 진행 이라고 생각해요 다른 사람들이 던 이를 개들이 더 황 존 자동차를 잘 타는 것 은 전 이 모든 것들을 지능이 높다 라고 이야기 하는데 아마 보호 전임 또 윤 지능을 강아지한테 대입해서 질문하게 않을까 싶어요 그들은 4 이성의 떨어지면 죽음이 떨어지는 것 같다 라고 하는 우리 킴 적 느낌을 갖추는 했어요 나 뭐 이제 일방적인 행동한 아예 5 아니면은 무조건 욕만 찍는다 거나 이제 그런 것들을 강아지들이 알아보지 어제 어디 출신이자 나 뭐 어렸을때 경제 tv 나 때 않은 다가 오고 싶게 돼 이렇게 예 알리는 지 못하니까요 얼마나 유하고 잘 어울리다 또 얼마나 잘 적응한 아 이런 것들이 강아지에게 는 돋보일 수 있는 진행 이라고 저는 생각을 하는 합니다 그러나 실제로 그런 강아지들이 인기가 있어요 그래서 개들 3개의 되새 껴 는 어떤 단기 암기력이 나 얼마나 앉아 교류를 잘하는 거 아니까 가고 오고 배려하는 야 이런게 아닐까 라고 느끼고 요 그런 측면에서는 개비를 얼마든지 느낄 수 있습니다 [음악] 으 [음악],
63,https://www.youtube.com/watch?v=u6-RQ9Ny54A,u6-RQ9Ny54A,"[Eng sub] When dogs start growling at each other after sniffing, are they mad?｜Hunter Kang’s Q&A",강형욱의 보듬TV,5 4 c55 5 아 매화 나니까 어려우니까 뭐 여러가지 이유가 있으니까 의료 되는거 일겁니다 콩 태 태 님이 주신 사이에요 다른 강아지와 서로 냄새를 맡다가 갑자기 으름 된건 빨아서 그러는 걸까요 이제 그냥 가서 잘 냄새 맡는 게 아닐 겁니다 아마 이런 걸 거에요 4 어디서 있냐 넣어줬어요 으 처음 보는데 이건 안되는거 몰라 이런 실패 돌아가 그런걸 야가 형태가 협조적 이지 못하니까 봐 준 거라고 한 걸릴 수 있습니다 강아지들 퀴리 이렇게 인사하는 것 처럼 만났는데 보호자들은 떨리게 좋다고 이렇게 하고 있어요 그런데 제가 봤을때는 정말 격투기 선수들이 서로 아 이루고 있는 듯한 느낌을 받을 때가 있거든요 아 실내 입니다 안녕하세요 얘기 아니라 그냥 이렇게 가서 으 냄새 봤는데 아 음 5 아주머 아 그게 보호되는 가지 못하게 이렇게 생기고 있는 거죠 그래도 괜찮은 거 같은데 라고 출 딱 주는 그냥 딱 하는 경우들도 있구요 아니면 은 서로 예 좆을 드럽게 냄새를 맡고 있는데 옆에서 누가 되었기에 치는 거에요 그러면 놀러가지 이제 그건 건군 이래 면에 긴장된 상태에서는 코르티솔의 라고 하면서 호르몬 의 분비가 많아지게 되는데 호르몬의 분비가 많아 진 상태에서 어떤 꽈 안 아님을 옆에 이런 접촉 만으로도 당하 3 막 하는 방아쇠가 될 수 있는 효과가 있거든요 그래서 보자 얘기좀 말씀드리고 싶은 것은 생기면서 그렇게 강아지한테 가까이 가지 않게 해야 되고요 편하게 강아지를 만날 수 있게 어떻게 해야 되려면 표상 3 만나지 않아야 되요 냄새를 맡는 게 타일러가 안되구요 아주 무례한 인사는 화면 할수록 - 고 좋지 않으니까 거리를 충분히 둬서 그 상대 강아지가 내 강아지를 충분히 받아들일 수 있는 상태가 됐을 때 만나게 하는 그런 사회성에 회복을 위한 노력을 좀 해줄 해주셨으면 좋겠어요 한번 보든 잘 괜찮으시다면 위력적인 행동이 눈에 보일 거에요 좀 관찰 한번 해 보세요 [음악] 오 오 오 오,
64,https://www.youtube.com/watch?v=ThrMKE62sck,ThrMKE62sck,[Eng sub] Does chewing dirt or grass reduce stress?,강형욱의 보듬TV,5 4 그리고 좀 아 음 4 예 개 이민정 님이 주인 사이에요 강아지들이 산책하러 나갔을 때 흑인 앞을 놓는 것을 막아야 하니까 마음껏 스트레스 풀라고 내버려 뒀는데 다른 사람들은 못하게 하더라구요 꽃 스트레스라는 거든요 여러분 받는게 문제가 아니라 스트레스가 풀리지 않고 마야 학생은 개 문제거든요 플레이 지가 않고 순환되지 가 않으니까 자정 전 좀 어떻게 되겠어요 모발을 기도 하고 다니면 평상시에 목 안하게 있다가 뱅글뱅글 경건하게 꼬리를 잡으려고 하기 같고 아니면 그냥 무작정 체를 이런 아예 근데 이런 친구들은 계속 수시로 스트레스를 풀고자 하는 넘고 있는 거에요 sc 많이 받는 친구들이 산책을 나가면 아 칼스 풀립니다 1 아니라 더 제외 져 있어 화나서 사람 무서운데 흩어 버리는 거야 걔를 스트레스가 많이 쌓이는 경우들이 있어요 그렇게 되다보면 짚차 카드 시 냄새 맡는 질문들이 있죠 지금 우리 보자는 풍미 장님의 받는 거쳐서 d 벤 개미는 품들을 게 넣어보고 일부 먹는거 괜찮아요 뭐 조금 먹을 수 있지 뭐 로 볼 수 있어요 근데 이렇게 그래도 먹고 하고 먹고 올까 하고 흙을 또 과학 여야 할 꽂은 이루는 목에 숟가락으로 또는 것처럼 먹다 보면 정말 입니다 제가 말하는게 들어보니 어때요 스트레스를 받게 하고 프로모 놈으로 스트레스를 풀게 하지 바라고 아아 마시구요 스트레스가 굉장히 높은 상태라는 것이 증명된 거거든요 그래서 분명히 풀어주기도 먹으면 스 캐리가 좋은 낮아지지만 모니터링 것을 말할 수 없어 예 콘 상태 의 4개가 어선 스트레스를 갖고 있었나 이걸 찾아보면 좋고요 뭐요 위협할 수 있는 거니깐 1호 이 돌을 그냥 방치하지 마세요 어떻게 하면 우리가 바지가 좀 검형 한 방법으로 쌀 생각할 수 있지 않을까 아 이걸 논의로 봤으면 좋겠습니다 으 으 [음악],
65,https://www.youtube.com/watch?v=FmNbBFO3QA0,FmNbBFO3QA0,[Eng sub] Do dogs not like it when I pet them with feet?｜Hunter Kang’s Q&A,강형욱의 보듬TV,5 4 5 4 5 4 5 어 좋아하는 친구들도 있습니다 어 썸머 님이 주신 사이에요 걔들은 발로만 저어주면 싫어 않아요 한 개만 유독 손으로 만져 주면 좋아하는데 발로 쓰다듬어 오면 안 좋아 하더라구요 앉아서 일을 자주 하는데 나름대로 발로만 저도 아무튼 반조 주는 거니 좋아할 거라 생각했는데 유유 아 알고 저도 가끔 c 우리 이렇게 레오 있으면 후에 다 지로 이렇게 파절 때가 있기는 해요 어 근데 어 레온은 크기가 많이 씁니다 이렇게 평안이 있고 우리 줘 아빠가 아들 이렇게 좀 발로 지압하는 것처럼 그냥 가마 안에 있어요 그러니까 앞장 눈 깜짝 정도 이렇게 힘이 최신의 최신의 하니까 너 납니다 가끔씩 제가 이렇게 접할 밑에 있잖아요 그러면 제가 이제 쓰다듬으려고 싸 듣는게 아니라 최씨를 움직일 수 없을 때 수실 잠깐만 비켜 주 오자 땀만 하고 다리 이렇게 8.1 그러면은 팔짝 모르게 밀리지도 않았어요 그냥 밀 것 같은 느낌 만들어온 화들짝 놀라 하더라구요 아마 이유는 살면서 우리 최씨는 에 가끔씩 좀 의자에 나 1만 좀 제가 다리를 한두번씩 이렇게 좀 모르고 이제 밟을 때가 있었거든요 아마 그 그 기억의 쌓여 있는 것 같아요 그래서 이제 발로 만져주는 좋아하는 친구도 있는거고 얹으면 조금 싫어하는 친구가 있다면 한두번씩 발에 밟혀 벗거나 치 얻거나 이제 그럴 때에 이렇게 놀라는 친구들이 있는데요 단 이 논란은 친구들이 있으니까 조금 주인을 하자구요 4 [음악] wee,
66,https://www.youtube.com/watch?v=hW6Q5STcrEc,hW6Q5STcrEc,[Eng sub] Will they think they're receiving greater compliments when given larger treats?,강형욱의 보듬TV,5 4 5 5 슌 아 맞는데 [음악] 어 박지헌 님이 주시 사연입니다 저 정말 궁금한게 강아지 칭찬 명으로 간식을 하나씩 줄 때 말이에요 큰 간식을 주면 더 큰 칭찬을 받았다고 생각할까요 이루신 분이 있어요 간식을 막 3개씩 주세요 어 그룹의 를 강아지한테 기뻐한다 고 생각하시는 거죠 그런데 실제로 엄 아무리 교육은 이렇게 많이 합니다 이제 이거 아 마지막으로 한번 하고 끝내야지 라고 생각할 때는 나머지 간식을 잘 할 때다 둬요 그렇게 하면 강아지가 정말 기분도 좋아 하고 그 교육 자체를 즐겁게 이렇게 흘러 않은 경우들이 많아요 만약에 대박 맛있는 간식이나 많이 주는 단식은 교육 중심 쪽에 되잖아요 그걸 주문한 다음에 보상 여기 타국 떨어져요 그래서 라는 하면 마지막에 하는게 전반적인 교육을 할 때 효과가 좋습니다 그리고 또 하나 소고기를 말려 있거나 뭐 닭고기를 많이 했거나 키나 좋아하는 것을 이렇게 새로운 걸 배울 때는 좋아요 그런데 그 새로운 걸 배운 것을 이제 강화해 나갈 때 반복해서 가서 칭찬해야 될 때는 조금은 그것보다 희가 나진 조금은 쌍 간식들 있잖아요 우리를 시중에서 많이 차는 거 그런 것들로 주기도 해요 제가 팁을 하나 드리면 은 우리 강아지가 좋아하는 음식 보상의 순위를 둔 매겨 놓고 있으시면 훨씬 더 좋을 수 있어요 평상시에는 뭐에 이라는 간식을 주고 어 너무 자랄 때는 비라고 않은 정말 좋은 간식을 이렇게 주는 거에요 그렇게 되면 강아지 되요 와 내가 정말 잘했구나 우리 별로 전임 나한테 정말 괴뢰 방 맛있는 간식 줬어 라고 생각할 수 있으니까 그렇게 해주시면 도움이 됩니다 한번 해 보시면서 보호자 님이 실력을 쌓아 하시면 소식으로 내 강아지가 좋아하는 게 어느게 어떻게 칭찬하는 걸 좋아한 알아낼 수 있을 거에요 왜냐면 어떤게 들 먹는 것을 좋아하는데 경험을 주면은 정말 먹는게 10배는 기뻐하게 되고 있어요 한번 찾아보세요 도움이 될겁니다 가장 재밌게 보았던 소상 팬에 썸네일을 캡쳐해서 테스트 그 아니고 인스타 에 올려 주시면 저희가 30여 명을 뽑아서 어 선물을 드립니다 여기부터 이제 보십시오 애꾸 주의를 님의 들어올 테니까 만든 참가 부탁드리구요 어 저번에 3배의 제품들도 못합니다 이번에 한번 더 기회가 있으니까 한번 해보자구요 [음악] 으 으,
67,https://www.youtube.com/watch?v=pX9bosgIRbQ,pX9bosgIRbQ,[Eng sub] Do dogs feel they're being bothered when they're being treated? ｜Hunter Kang’s Q&A,강형욱의 보듬TV,5 4 5 4 도씨 냉 빨고 그럴 수도 있어요 4 에 어 진 착 진천 님이 주신 사인입니다 강아지들이 아파서 병원에 갈때 게 상아 지들은 본인을 치료해 주는 게 아니라 괴롭힌다고 느낄까요 아 이게 기본적으로 개들이 치료라고 하는 개념이 없어요 딱 요리는 뭐 스스로 교정도 하잖아요 아오 내가 자세가 안 좋네 자세 좀 바르게 해서 어 허리 통증을 완화시켜 야지 뭐 이런거 있잖아요 그런데 걔들은 기본적으로 그렇지가 않아요 만약에 허리가 삐뚤어져 허리 통증이 있어도 노력해서 좀 교정 좀 해봐야지 얘들을 그렇지가 못합니다 그렇다 보니까 자기가 어딘가 다쳤을 때 나를 진료하는 아무런 선생님 한테 도입 말도 보이고 요령도 버리고 이제 그런데 병원에 가서 무서움 만 느끼는 게 아니라 병원에서 재민 들이 재미있는 일이 있었다 라는 게 조금 더 크면 한 두번의 무서운 일들은 이렇게 넘길 수 있어요 그래서 우리가 해야 되는게 있는데요 예 진료받을 때 우리 병원 많이 하잖아요 병원에 가면 추석 만든다 따운 소독한다 이런걸 좀 느낄 수 있으니까 평상시에 뭐 강아지 간식 하나 사러 갈 때에도 변하지 하고 병원을 놀러 가는 것처럼 이렇게 갈 수 있으며 는 저는 훨씬 더 좋겠다 라는 생각이 들어요 으 아 프 치유를 할 때만 뭐 주사를 맞을 때만 병원에 가면 어떤 강아지들은 정말 괴롭힘을 당한다 라고 느낄 수도 있으니 이런 것들을 주의하면 좋겠어요 가장 재밌게 보았던 소상 팬에 썸네일을 캐치해서 스택은 아니고 비스타에 올려 주시면 저희가 3명을 뽑아서 어 선물을 드립니다 여기 밑에 이제 보십시오 애꾸 주의를 이벤트 될테니까 만든 창과 부탁드리구요 어 저번에 참배 있었던 즐거운 감사합니다 이번에 한번 더 기회가 있으니까 한번 해보자구요 [음악] 으 아 으 [음악] 아,
68,https://www.youtube.com/watch?v=Crl9AoWHckw,Crl9AoWHckw,[Eng sub] Is there a way to tell my dog that I love her?,강형욱의 보듬TV,5 4 아 아 아 아 아 아 아 1 6 아 어 박해미 님 저는 가끔 가다 여름이 가 너무 사랑스러워서 쉽게 앉거나 뽀뽀 이룰 때가 있는데요 강아지를 껴안으면 싫어 한다고 들었습니다 저는 사랑을 어떻게 전달할 수 있을지 알려주세요 제가 이제 훈련 자로써 진짜 알려드리고 싶은 방법이 있어요 어 건강하신 거에요 밝은 든요 둘이 보호자가 얼마나 건강한지 를 항상 염려하고 걱정합니다 이 건강하다는 한계를 다양한 의미 잖아요 좋은음식 드시고 운정 도와주고 좋은 생각 많이 하시고 그러면은 반려견 들이 되게 편안해요 아 우리 보호자 가지 오니까 나도 그냥 좋아 우리도 한번 생각해보세요 어렸을 때 어머니 아버지가 줘 기분이 좋으면 당연히 우리는 기분이 좋았어요 오냐 아버지가 얼굴표정이 하려면 그런것처럼 여러분의 먼저 건강 하는거 그리고 또 여러분이 건강한 사회 생활을 하고 있는 것 정말 사실 내 활력있는 요 우리 보전이 나만 바라보게 숨 그렇게 살기를 바라지 않고요 정말 인간으로서 어딘가에 일원으로써 정말 건강하고 행복하게 살기를 바랍니다 그리고 또 그 보호자가 누리고 있는 행복을 자기 하게 쪼꼼 줬으면 좋겠어 하는 거지 당신은 어 나한테 헌신의 나한테 무조건 정성을 좀 라고 하는 개는 절대 없어요 그렇기 때문에 우리 박해 비님 황금 하시고 행복하시고 항상 웃으시고 16 분들하고 행복하게 잘 하시면 아마 박 개빈 님의 여름에는 너무 행복할 거고 정말 하는 말로 들어오는 없을 겁니다 가장 재밌게 보았던 소상 팬에 썸네일을 캡쳐해서 테스트 태그 아니고 인스타일 오리를 주시면 저희가 3명을 뽑아서 어 선물을 드립니다 여기부터 이제 보십시오 꾸즈 a 를 입에 드릴테니까 만든 참가 부탁드리구요 어 저번에 3배 잊었던 분들 넘 감사합니다 이번에 한번 더 기회가 있으니까 한번 해보자구요 [음악] 아 아 아,
69,https://www.youtube.com/watch?v=4q0A8deu5mc,4q0A8deu5mc,"[Eng sub] My dog barks when I'm doing a face mask, can't he recognize me?｜Hunter Kang’s Q&A",강형욱의 보듬TV,5 4 co 이렇게 넘어 필요 거야 빠 더 검사라 보기도 합니다 아 하늘은 이미 주신 4 이래요 팩을 할때 강아지가 짓거나 의 롱 되거나 그런데 제가 아니라고 해서 그런건가요 아니면 제 얼굴에 뭐가 더 파에서 짓는 건가요 어떻게 해 줘 충격적 2시 겠지만 아마 못 알아보는 걸 겁니다 겨울에 우리가 가끔씩 후부키 같은거 있지 않습니까 이제 그것만 해도 오더라고 로 걔들이 있어요 그리고 또 이제 모자 써도 모자도 줘 우리 그냥 일반 캠 말고 뭐라 그러죠 뭐 있자니 거 이거 뭔 지르고 그 다소 했는데 [음악] 으 분담 소처럼 보자 그런거 그리고 아주 큰 거에요 그런거 하면은 그런가하면 강아지 내 못알아 볼 가능성이 커 실제로 그래요 꿈은 어쩌면 예민할 수도 있는 강아지 인데요 몸에 약간 묽게 있잖아요 그렇게 묽게 해서 팔지 않아요 강아지가 오히려 는 지금 보호자가 아픈지 하거든요 보호자가 먹어 문제가 생긴거 여서 계속 핥아 줘 간식을 하나씩 주면서 이게 이렇게 이렇게 해봐요 [음악] 이렇게 게 어 간식을 주면서 죽으 난 다음에도 나야 난 해가지고 이렇게 줘 보세요 그러면 공부 잘하는 걸 인지한 은 강아지 상당히 많습니다 여하튼 조금 예민한 그럴 수 있습니다 예 문제 아니에요 [음악] be a 으 으 [음악],
70,https://www.youtube.com/watch?v=eDiQXzD0on8,eDiQXzD0on8,"[Eng sub] We're newlywed, are we allowed to get intimate in front of our puppy?｜Hunter Kang’s Q&A",강형욱의 보듬TV,5 co 4 5 그래요 하셔야죠 고 불러 불루 신 것 같아요 하여튼 강아지가 주 인기 리 애정행각 하는 것을 지켜봐도 되는건지 궁금합니다 저희는 신혼 이에요 저랑 남편이 뽀뽀만 하면 막 하울링 하면서 남 편입을 할 타요 그리고 그 외에 스킨십을 할 때 빻아 아니 아니 쳐다보기도 하고 그래서 민망합니다 문을 닫으면 열라고 그렇고 어떻게 해야 할까요 어 예전에 저희 그 향 담을 직접 했는데요 넌 당당하게 하라고 했구요 만약 강아지가 이러면 어 대고 4 시라 내보내고 충분히 사랑 하시라 라고 했었던 냐 기억이 납니다 어 보호자인 님들이 목격하게 하는거 문화 그게 개들이 이렇게 불어요 왜 뭐라고 이렇게 않은 뿜어 하면 되지 뭘 더 1 적당히 하시면 괜찮습니다 되면은 뭐 따로 응답과 전 아니 포터 이게 안 좋고 안 하는데 이런거 아니에요 마을이 까지 하는 얼마나 술 더 5 하겠어 이게 딱 서로가 서로를 묻나 라고 해야 하는 경우들이 많아요 서로마 싸운다고 생각하는 경우들이 많아서 강아지가 말리려고 중간에 끼어 들기도 하고 또 심지어 이게 심하며 는 이제 막 중간에 이제 쇼파에 더 갖지 못 함께 한 개도 되었어요 조금 좀 애정행각을 적금 좀 부드럽게 해 주십시오 아머 강아지가 마음이 아프지 않을까 생각이 들고요 괜찮아요 그리고 아마 이게 분리되는 연습을 좀 못했을 게 있는데요 혹시 어 좀 떨어져서 자는 연습도 해 보셨나요 가끔씩은 거실에서 강아지 혼자 자기들 할 수 있어야 되거든요 출산 을 준비 중이신 분 이 시거나 4 그렇다면은 같이 자지 않고 거실의 서면 자기 하는 연습을 어 그 전에 미리 어색해 놓으시면 은 이런 문제라든지 예방할 수 있으니까 너무 걱정하지 마시구요 지금부터 어 제가 말씀 드린 거 하나씩 한번 해보세요 그러면 도움이 될겁니다 꼭 좋은 2세 갖기를 바랍니다 잎을 거야 축복이 으 er [음악] 아,
71,https://www.youtube.com/watch?v=ylb2TdDcLJ4,ylb2TdDcLJ4,[Eng sub] Do dogs understand when I tell them not to bark?｜Hunter Kang’s Q&A,강형욱의 보듬TV,5 4 으 5 1 아 아저 알아듣는데 좀 제문 알아들을 수가 있어요 주 약해 인 님 유야 k 님이 주신 사회 이에요 강아지한테 주지 마 하지 마 하면 알아 듣나요 어 이게 끝이 찜 아 하지마 그 음 색만 해볼게요 어 하 지 말 거야 그 그 래 어 이제 보통 이렇게 하잖아요 지금 느낌이 어떻습니까 아주 막 기분 좋게 와서 막 뭔가 나한테 어 이뻐 주는 그런 느낌은 아니잖아요 내가 너를 너무 좋아하는데 다시금 은 짓지 않아 줬으면 좋겠어 이거는 모르고 그냥 우리 보호자가 나한테 화난 파 냅니다 이 걸 알기 때문에 어이 강아지와 앓았던 데요 라고 하시는 분들은 그 개가 그냥 쭉 무서운 거예요 겁나는 거죠 그래서 적는 이유는 상관없이 그냥 겁을 주니까 그지 젓더니 후보다 지금 보고 자가 나한테 하는 그 행동이 조금 더 겁나서 몸짓 할 수 있어요 확 토리를 한 거죠 그래서 듣지 말하고 있을 때 강아지한테 교육적 효과 보다 소리를 지르는 사람이 소리지르는 벌어 시가 생길수가 있어요 한마디로 이 방법은 강아지 1 3 5 되기 없고 보유자 1 3 5 들게 없어 그래서 보자 님은 계속 소리 지르는 사람이 될 가능성이 크니까 가능하면 필요 하시면 어떨까 합니다 4 암 아저씨에 캔이 기회로 하는 분들이 궁금해 하셨을 겁니다 감사합니다 [음악] 으 [음악],
72,https://www.youtube.com/watch?v=5v7WO-NBGt0,5v7WO-NBGt0,[Eng sub] Does a dog that grew up with another animal think he's that animal?｜Hunter Kang’s Q&A,강형욱의 보듬TV,5 ce 4 5 어 아 으 [음악] 글쎄요 그냥 밀고 비전의 신경이 에 야무진 하루 이미 주인 사야 됩니다 다른 녹물 들이랑 같이 자란 강아지는 자기가 그 동물이 라고 착각할 수 있나요 아 뭐 이런 말이죠 말하고 같이 산 개는 말이라고 생각하면 지금 그렇소 그렇다면 사람만 보고 자란 강아지는 자기가 사람이라고 생각할 수 있나요 얘기에 내가 뭐 대로 태어났는데 말이라 아니면 뭐 사람이다 이렇게 제 칭해지는 못해요 왜냐하면 개들을 스스로 자기를 인지 하시는 생각하는 능력이 사람 많지 그렇게 높지가 못합니다 더 를 보여주며 는 5 오늘 벗지 뭐 이런 강아지들은 없거든요 그 자기가 사실 어떻게 생겼는지 몰라요 내가 말이다 되다 라고 하지는 않지만 포토 주변에 있는 여러 동물들과 안전한 관계를 유지하면 내가 너와 같은 종족이 다 다른거 를 느끼는 것보다는 어 내가 우리가 가족이다 라는 것을 느낄 수 있고요 물이 동물 한마디로 사회를 이루고 있는 동물들은 거의 대부 그 어 상호 써 상호 관계를 어 이루고 살기 위해서 그 받으려 위치가 굉장히 발달이 많이 되어 있대요 말 염소 취 사회를 이루고 있는 거의 대부분의 동물들이 그 관계를 잘 유지하기 위해서 그 서로 로와 서로의 불편함을 주지 않기 위한 그런 행동을 한다 라고 합니다 또한 아는 사람을 보고 자란 강아지를 자리에서 사람이 를 생각할 수 있나요 이거는 요 뭐 이런걸로 맞아 우리에게는 게 자기가 사람인줄 알아요 이 말은 사실은 내 강아지는 사회성이 부족합니다 라는 뜻이에요 카드 웨어는 개로 태어난 잖아요 근데 이제 뭐 어떤 분들은 바쁜 이유로 아니면 좀 여건이 안되는 이유로 사람하고만 이렇게 지내게 하다보니까 계획 아 개로 태어났는데 도 개에 대한 방법을 하지 못하고 듣지 도 못하고 사람하고만 잘 지내게 하는 그런 연습을 할게 아니라 걔들 하고도 잘 지내게 해야지 개들의 소프트웨어를 갖춘 상태에서 사랑하고 의 삶을 잘 살 수 있는 겁니다 게 라고 의 사회성을 절대 간과하지 마시고 꾸준히 좋은 친구를 만날 수 있게 도와주시면 자막 훨씬 더 건강하고 훨씬 더 사람하고 잘 지내고 우리가 만든 4배 인간이 만든 사회에 잘 녹아 되는 달력을 느낄 수 있을 거라고 생각하고 어 당부드립니다 보자는 데 어 생각할 수 있지만 억에 라는 것을 어 이제 먹게되는 마세요 [음악] 으,
73,https://www.youtube.com/watch?v=nV5A5MAeyzY,nV5A5MAeyzY,"[Eng sub] When dogs bark at one another, are they communicating??",강형욱의 보듬TV,5 4 c55 멋집 아 너 예 4 3 2 니아 4 여름이라 베란다를 열어 놓았던 요 바깥에서 들리는 강아지 짖는 소리에 같이 저요 대화를 하는 건가요 예전에 줘 그랬죠 2001 원리 펌 인한 중요한 축구대회 이런 이렇게 있는데 잠깐 밖에 나와 있었어 그러면 꼴 소식을 어떻게 하냐면 갑자기 좋 아파트 단지에서 화한 우리가 들려요 그거를 대화라고 할 수는 없지 않아요 그런데 뭔가 적 의사소통은 되기는 하는 것 같아 소식이 전달 받았어요 약간 그런 느낌이라고 생각하시면 됩니다 나 아직 보자 났어 오는 눈 나 봐 이런 대화가 아니라 그냥 저장하지 같은데 뭐야 뭐야 뭐야 뭐야 뭐야 어 그래도 요렇게 질이 가능성이 커요 안 위원은 조금 소극적인 강하제 허가제 연달아서 하는 경우가 있고 만약에 그게 랑 증명 모습을 보고 가끔씩 만나기도 하고 어머 고 그랬어요 나중에 보자 라고 떨어져도 받고 즉 그랬으면 문제가 안되는데 이 대부분 논란 성인 경우들이 많습니다 제가 조금 좀 팁을 드리면 말은 하지 않고 옆에서 주고요 조금씩 그 친구가 불편함을 조금만 느낄 수 있게 살짝 힘일 차요 그리고 강아지가 지지를 멈췄어요 그러면 보통 보지 않는데 이 서 있는 행동을 멈추 더라구요 멈추지 말고 성공하는 거기 기대고 서 있어야 돼요 그러다 강아지가 뭐 앉거나 없게 되거나 줘 한쪽으로 가서 좀 타는 모습을 보이면 그때 이제 철수 하고 이제 돌아오는 거죠 그렇게 해주는 효과가 좀 있고요 현 책도 많이 시켜 주십시오 라는 친구들하고 활성도 키워주시고 제가 말한 베팁 또 한번 활용해 보시면 은 아마 도움이 될겁니다 [음악],
74,https://www.youtube.com/watch?v=yX-Jf_h8DG4,yX-Jf_h8DG4,[Eng sub] Do dogs like to play hide and seek?｜Hunter Kang’s Q&A,강형욱의 보듬TV,5 [음악] co-op 그 예 뭡니까 안 보니까 아님 이준 사이에요 강아지도 숨바꼭질을 즐거워 하나요 저만 즐거운 건가요 이건 대들이 진짜 좋아요 보호자 찾는 이런 놀이를 일부러 가르칩니다 저희 센터에서도 붐비지 않은 오전 시간에 많이 하는데요 사라의 이렇게 좀 부실한 이런데 뒤에 숨어 있으며 는 강아지한테 이렇게 보호자 냄새 찾아 보호자 어딨지 라고 애 대출을 딱 흘러 주면은 어 강아지가 이렇게 찾아 가지고 보자니 마셨다가 요 가지고 가 포토 작업 밀치기 더 뭐 하고 하는데 엄청 좋아요 그리고 나중에는 엄마 든 뭐 동생이 든 누구든 약충 꾀하고 엄마 뭐 휴대폰 아니면 엄마 손 쓰 것 냄새 맡게 한 다음에 5 이렇게 누구지 엄마 4 즉각 엄마 라고 해서 엄마가 나 여기서 찾아가 이런거 말고 뭐 그렇게 가르쳐 보시면은 정말 재밌었고 노력한 이거 너무 재밌는거 구요 강아지가 이거 정말 좋아요 너무 울 때 또 장 맞춰 아니면 너무 추울 때 뭐 궂은 날씨 그럴 때 집에서 이거 하면은 너무 집에 있어요 저희가 너무 좋아요 저도 좋아하셨어요 으 오 오 오 오 으 [음악] 으,
75,https://www.youtube.com/watch?v=ZjcSxfeastc,ZjcSxfeastc,[Eng sub] Are black dogs more sensitive to heat than white dogs?,강형욱의 보듬TV,5 4 5 4 좍 저희 궁금하더라구요 저도 궁금합니다 4 5 이 경우 님 검은털 강아지는 흰 털 강아지보다 더위를 더 파나요 뭔가 몸이 더 뜨거울 것 같아요 저두 이거 궁금해서 수의사 님한테 여쭤 봤거든요 그런데 그럴까 라고 하더라구요 제가 이렇게 예 검사를 하지는 않았지만 검정색 층위가 훨씬 도 뜨거워 한다 라고 들었습니다 혹시 아시는 분 있으면 댓글 달아주세요 감사합니다 5 머시 날씨가 밟습니다 털이 까만색 이라 것 없나요 검은 옷을 입으면 더 더 우신 야구 요 5씩 바로 쉽 [박수] 와서 처음 뭐 이렇게 아 예 oo 으 [음악] 음 5 [음악] 음모 으 또 뜻 문 빙고 꼭 뭐 모핑 으 꼭 는 먹 꼭 뻔 으 [음악],
76,https://www.youtube.com/watch?v=ikN-bcUqxek,ikN-bcUqxek,[Eng sub] Do dogs roll on the ground to scratch their backs?,강형욱의 보듬TV,5 4 c55 5 으 [음악] 아 뭐 그럴 수도 있긴 한데 다른 이유가 있을 건데 어 이 크리스티 님 강아지가 카펫이나 잔디에서 항상 이렇게 뒹굴어 요 이렇게 뒹굴어 요 뭐 이렇게 생겼죠 이 영상은 우리집 가는 복도 인데 매일 걷는 길인데 도 항상 된거 는데 이거 혹시 가려운 건가요 그거 사실 이거 제가 답을 뜬 있을거라고 하려고 했거든요 복도에 똥 있을 리는 없는데 카펫에 또 용어 그 최 손 이게 어떤 개들이 그 냄새를 몸에 묻히기 위해서 이런 활동을 되게 많이 해요 정말 최악은 저희 최씨가 예전에 싸 업은 생선의 몸을 엄청 bb 어떤 거에요 피하고 싶었어요 어 얘 얘가 왜 나한테 오지 아 내 게 아닌데 위력에 싶은 생각이 들 정도로 정말 냄새가 지독해 했는데 그리고 짜고 있으면 저한테 온 적이 있어요 또 우리의 다 우리는 7살 정도 까지는 흥 목욕 바닥에 등 비비는 걸 하지 않았어요 그런데 친구가 좀 성격이 이렇게 밝아지고 올라가면서 바닥에 등을 bb 구모 냄새를 자기의 몸에 묻히고 이게 종가 정말 정말 많아졌어요 그래서 지금은 지렁이 거나 고양의 동이와 끊게 똥 이거나 회전 지력을 한 것들에 막 묻혀 요 예전에 제보자님 은 어떤 사람이 이렇게 개헌 행거 있죠 저 저흰 주 있잖아요 저 저 로데오거리 같은데 얼굴을 막 블로거 예전 죄송합니다 너야 제 그런데 왜 복도에서 그런 냄새가 나지 이럴 수도 있어요 그 카펫 사이에 뭐 딱정벌레 한 마리가 조금 이렇게 죽어 있을 수도 있어요 뭐 그럴수 있잖아요 예 아니면 발한 닦는 사람인 한타 거 가지 예 보호자 님의 지금 깨끗할 거예요 그 집이 좋고 편안할 때 이런 행동을 하니깐요 범인을 떡차 보십시오 [음악] 으 아 으 아 으,
77,https://www.youtube.com/watch?v=ASwWNKZ8xBc,ASwWNKZ8xBc,"[Eng sub] My dog barks when I vacuum,  should I lock it up during those times?｜Hunter Kang’s Q&A",강형욱의 보듬TV,5 4 co 아 어 어 에그 것도 방법일 수 있겠네요 4 뭐 메이크 t 0 1 9 2 님이 주신 사연입니다 청소기를 무서워하는 강아지가 있습니다 방에 가둬놓고 청소를 해야 하나요 쫓아다니며 짓더라도 그냥 풀러 놓고 해야 하나요 청소기 할 때마다 걱정됩니다 소외의 대부분의 반려견 들이 그 청소기 모터 서린 하잖아요 어 이 소질 제일 무서워하고 또 움직일 때 나를 쫓아 웃다가 뭐 나한테 해럴드 되더라 굉장히 두려워 하는 친구들이 많이 왔어요 사실 이거는 극복이 충분히 가능하거든요 첫째 청소를 하지 않더라도 청소기를 방 한 가운데 나가 내려 먹는다 그리고 강아지가 긴장할 수 있잖아요 5 총수 하려고 준비 아까 지질 준비할까 이제 그럴 새 그냥 초소 하지 말고 다시 일어나요 그럼 반려견이 깜짝 놀라요 어 물청소 안하지 그거를 몇 번 반복하는 거예요 그런데 강아지가 꺼내도 뭐 흥분하거나 5코스 걸리지 않는다면 그 빽 약하게 틀어 요 중요한 겠어요 틀 급 바닥에 내려 놓으셔야 되요 그러면 5 조그만한 소리 나잖아요 프로는 그 상태에서 또 강아지가 긴장 해도 그냥 가만히 나 뜨는 거예요 그러다가 강아지 가야면 해지면 끄고 다시 넣고 이걸 반복하면 훨씬 더 훨씬 더 좋아질 거 고요 만약에 이럴 시간이 없잖아요 매일매일 청소기 돌려야 되니까 그러면 만약에 옆에 뭐 엄마나 아빠나 뭐 윤하나 언니라 누유가 있으면 그때마다 산책 좀 해달라고 현생 나갔다 와달라고 그렇게 해 주시면서 제가 방금 전에 말씀드렸던 이 방법을 해 보시면 분명 효과가 있을 거에요 또 하나 낳아 누가 도와 주지도 못한다 그리고 청소는 좀 해야 될 것 같다 그러면 강아지 줄을 내세요 그리고 줄을 한 허리춤에 다가 되세요 그러니까 한쪽 소 이제 들고 다녀도 좋고 요즘에는 좀 무선청소기 들이 있으니까 그래서 줄 잡고 천천히 달리면서 한수 쪽에는 강아지 잡은 줄 좀 짧게 잡으세요 한쪽에는 청소기 으로 괜찮 차원이 믿는 거예요 그러한 강아지가 처음에는 좀 향 거리 있습니다 중요한 건 이거예요 조용해지면 청소기를 끄고 갖다놓고 줄 풀어 주면 되요 한마디로 지 졌을 때 청소기를 멈추는게 아니라 짓지 않을 때 청소기의 소리를 끄는 거예요 그렇게 하다 보면 이 친구가 청소기의 소리에 대한 트라움 1 뭐 살포시 민아 두려움이나 승부 니냐 이런 것들을 극복하고 탈피할 수 있을 겁니다 아셨죠 한번 해보세요 도움이 될겁니다 [음악] 으 아 으,
78,https://www.youtube.com/watch?v=sUvoKiJWLv8,sUvoKiJWLv8,[Eng sub] Do dogs know who their owner dislikes?,강형욱의 보듬TV,5 4 cote ooo 어 이런 강아지도 정말 많습니다 볼게요 컨 토포 님이 출신 사연입니다 강아지도 주인이라 사이가 나쁜 사람을 알고 경계 하나요 가끔 좀 싫고 불편하다고 생각하던 사람들이 집에 오면 으르렁 거리면서 물려고 하더라구요 다른 사람들한테는 발라당 먹는데 저는 이거는 어 정말 뚜렷하게 반려견이 않나 라고 생각을 해요 지금 내 보호자가 그 환경에 어 이타적인 배 절을 받고 있는지 또는 좀 업 배타적인 상황에 처해 있는지 반려견이 너무나 잘 아나요 그래서 가끔 제가 이런 얘기를 해요 아니 보자니 모자 님 역시 사람하고 인사도 안 하면서 어쩜 사람으로 강아지를 듣지 않게 하기를 바라서 요 뭐 안 그럴 수도 있지만 4 강아지가 조금 더 사회성이 좋아지기를 바란다 걔네 쓰면 좋겠다 라고 생각을 한다 미 야 나 부터가 마음의 문을 열고 사람들한테 친절하게 대해 요 그러면 아마 우리 반려견 동 조금 더 따뜻한 마음으로 또 그 사람들을 좋아하고 친근해질 수 있을 겁니다 한국사람 문제는 아닌 것 같아요 통신 데도 지인들이 약간 어 사람 하고 어떤 접촉으로 불편 해야 한다거나 아니면 은 로 대화를 좀 어려워 하는 경우들이 많이 있잖아요 옆에 있으면서도 이렇게 문제 하고 싶었고 그런 것들이 발레 팬들은 적응하지 못하는 것 같아요 후자 님이 실제로 내 주변에는 사람들하고 내가 잘 지내고 있다 라는 것을 보여주면 사회성도 할수도 좋아질 수 있을 겁니다 굉장히 우리 보호자 님 홈 포포 님의 관련도 도전님 이주의 사람들을 어떻게 되는지 아 알고 이런 행동을 하는 걸 거에요 으 으,
79,https://www.youtube.com/watch?v=_LDtn8znrtY,_LDtn8znrtY,[Eng sub] ｜Hunter Kang’s Q&A,강형욱의 보듬TV,5 4 5 4 5 에 5 66 i 식 가족인 건 알아요 4 어 jms 님이 주신 사연입니다 성전이 된 강아지는 새로운 가족이 된 아기 사람의 아기를 어떻게 생각할까요 주인과 같이 지키고 보살펴야 하는 존재로 인식 할까요 아니면 하위 서열로 생각할까요 아마 보통 대부분의 발견들은 임신을 하셨을 때 부터 아마 내 가족이 생겼다 라고 알 수 있을 거에요 그래서 보통의 이같은 하잖아요 강아지들은 벌써 알아요 paul's 알아요 거쳐 친구 우리 아기 구나 보살펴야 될 나라고 것 보통 호의 대부분의 관련 핸들이 인지를 합니다 하지만 헤어 ri 다이 5 또 보호자가 엄마처럼 내 봤으니까 현세 갔으니까 다급해 하는 모습 보구 또 애기가 기어 다니고 또 자꾸 일어나고 하면서 자신을 재그 계속 괴롭히면서 그 아기가 조금 싫어지는 질 순간들이 와요 많은 부분은 들이 모르고 실수 하고 반복적으로 잘못한 게 있어요 방해가 강아지한테 가려 가는걸 못하게 해야 되요 강아지는 아기를 다룰 줄 몰라요 생각해보고 우리애기 울며 이렇게 들춰 않고 이렇게 해 줍니까 못하잖아요 단지 개가 최선을 다해서 할 수 있는건 애기가 기 오고 우리면 엄 정말 도움 으로서의 강아지들은 애기한테 핥아 주려고 한다거나 아니면 강 위에 올라가서 깔고 앉아 있어요 근데 그러다가 정말 아기 위험해질 수 있거든요 같은 간 여러분 어우 우리 강아지는 올해 여러분이 임신 하시거나 가족들이 임신을 하시 하시는 분이 있으면 그 때부터 벌써 안다 알고 있다라는 걸 좀 이해해 주시고요 애기 강아지가 태어나서 가족이라는 것을 가르쳐 주고 싶다면 먼저 엄마 아빠 보호 전 이미 그 얘기가 너를 공격하지 않게 해줄게 라는 것을 먼저 보여주면 강아지들은 컴이 될 부분 여러분들의 자녀를 소중하게 여기고 사랑하게 될 겁니다 아셨죠 [음악] people 5 으 [음악],
80,https://www.youtube.com/watch?v=9yryt1_ZgDs,9yryt1_ZgDs,[Eng sub] Do dogs know their own voice?,강형욱의 보듬TV,5 4 아 아 하 아 정확히는 모르겠지만 모르더라구요 후진 캠 님이 주신 사진입니다 강아지들도 자기 목소리를 알까요 가끔 찍어둔 동영상을 보면서 짖는 소리가 들리면 막 달려와서 처럼 보더라구요 땅강아지 가 짓는다고 생각할까요 자기 짖는 소리 라고 생각할까요 어 제가 예전에 ebs 교육방송에서 그 프로그램을 했잖아요 그러면은 저 b4 영상들을 좀 찍어주세요 그러면 t4 영상을 우리 2 거기 가족 분들하고 같이 이렇게 보잖아요 시가 나와 여지가 여기 있는 애 가지가 나와 다시 가지 져 그 다음엔 아이가 또 지 저요 지우고 제가 다 져요 4 그런게 도 있고 꼭 해가지고 엎드리는 친구가 있어요 그래서 제가 이렇게 때 농담으로 알고 지 잘못한거 알고 쑥스러워 하나보다 라고 보호 저한테 이야기했지만 사실은 위협적인 기회가 앞에 있으니까 놀라 가지고 이렇게 있는 경우도 있거든요 내가 나를 몰라요 만약에 자기 낳고 게 늘 면제한다 그러면 자기 모습도 인지 해야되는데 거울보면서 이런거 가지고 온 적이 있으세요 없죠 없어요 자기 거울보고 놀라요 재밌는 관련된 이렇게 원성이 대한 테 여기에 물감 묻히고 거울 보여주면 이렇게 딱 는데요 근데 걔 들한테 기울 경 붙여주고 보여주면 엄마가 됐는데요 자기를 이해하는 능력이 어떤 부족한가 봐요 그래서 아마 자기 목소리는 잘 못 알아 듣지 않을까 생각이 됩니다 4 [음악] 으 [음악],
81,https://www.youtube.com/watch?v=PWBLC6n1CYI,PWBLC6n1CYI,[Eng sub] Do dogs like perfume scent that people like?｜Hunter Kang’s Q&A,강형욱의 보듬TV,5 4 아 예 5 안 좋아하는 것 같아요 박성민 님이 주신 사이에요 사람이 좋아하는 향수나 방향제 냄새를 강아지 들이 좋아 할까요 집에서 쓰는 섬유탈취제 나 외출할때 풀이는 향수 같은게 강아지 들한테 스트레스를 주지는 않을까 걱정이 됩니다 어 저희 보 드 메 계시는 훈련사 님들은 어 1 규칙이 있어요 뭐 규칙 이라고 맨날 우리가 기억하고 있는건 아니지만 그냥 하지 않아요 향수를 뿌리는 거예요 향수를 뿌리면 달려 핸들이 약간 심각하게 냄새를 맡는 경우도 있고 단일 피하는 경우도 있고 가끔씩은 놀라서 뭐 고모부 보고 이렇게 짓는 경우도 있어요 그래서 저희 훈련 산님들 한테는 향수를 뿌리지 않는 게 너무나 너무나 당연한 일처럼 우리가 받아 드리고 있는데요 반려견 들을 향수나 방향제 이런 냄새를 향긋하다 라고 생각하지 않아요 왜냐면 먹을 거 하고 연구 아니었거든요 생각을 해보면 우리 사람도 좋아하는 걍 아 좋다 라고 하는 향은 거의 대부분 취직할 수 있었던 것들이 많아 썼어요 뭐 아카샤 냄새가 우리 되게 좋고 그런 이유 중의 하나가 그 꼴이 있었구요 그런데 반력 인들은 아카샤 향을 그렇게 좋아하지 않을 거에요 왜냐면 취직할 수 없었거든요 자 결론 향수 내가 좋아하는 거다 방향제 내가 좋아하는 거다 사실 관련 들은 약간은 꿀이 탄 냄새를 좋아한다 예 저는 그런거 같아요 4 좀 그런것 같아요 중 그건 무걸 그리고 당하자 스샷 향수 뿌리고 강아지한테 향수 뿌리고 애기는 굉장하죠 생 말숙 술하고 창피합니다 상습 뿌리지 마세요 그렇죠 으 으 으 으 으 으 으,
82,https://www.youtube.com/watch?v=ptGtWzKtHHM,ptGtWzKtHHM,[Eng sub] Can I put my dog in a stroller when I take him for a walk?,강형욱의 보듬TV,5 4 cote 5 아 i5 더 빵빵 님 우리 동네의 강아지를 유모차에 태워서 산책 하시는 분들이 많이 있습니다 이렇게 한 채 기도한 책이 되는 건가요 아픈 강아지나 노병 길러 보시는 분들은 알 거에요 1 열두 살만 딱 넘 잖아요 알고 옛날 많지가 안내 요즘 하는 4 주가 뭐 고데기를 하나다 줄까 아니면 그 유모차를 해줄까 이런 마음 들거든요 우리집에 유모차가 1 은 그 3 3개나 돼요 3개나 봤다 저도 유모차가 있어요 그리고 복잡한 곳을 곳들 있잖아요 주상복합 에 사시는 분도 계시고 아니면 뭐 그거 아니더라도 차동 차가 한 후 인도가 없는 돈도 있고 그저 그런 것 아닐 때 그럼 위험 구간 잘 통과 한 다음에 한적한 곳에서 줄 매서 이렇게 선택하시는 것은 저는 도시 생활을 하면서 적극 추천해드립니다 4 얘 유모차 좋아요 한번 유모차가 끈 아니면 이거 못 보도로 태어날 껄 [음악],
83,https://www.youtube.com/watch?v=JVYDKX_4hy0,JVYDKX_4hy0,[Eng sub] Do dogs resemble their owner's personality?｜Hunter Kang’s Q&A,강형욱의 보듬TV,5 4 co 4 됩니다 5 [음악] 으 그럼요 제가 뭐 올려주는 질문을 읽어보겠습니다 캠 텐 입 강아지도 주인의 성격을 않나요 궁금합니다 너무 낮죠 왜냐면 보호자 아가 키우는 거잖아요 보호자가 눈치 오면 같이 눈치보고 요 보호자가 대담 하면 강아지도 대단합니다 그리고 보호자가 쫒아 나면 강아지도 쫒아 나구요 사이언스 g 인가요 거기 6월로 에 나온 연구 결과라고 하는데요 사람이 스트레스 를 받았을 때 나오는 코르티솔의 하고 하는 호르몬이 관련도 그대로 전달 그걸 느끼고 전달받는다 그래요 그래서 이게 안 닮을 해야한다 볼 수가 없는게 많은 강아지들이 보호자 님의 성격을 또 보자 님의 행동이나 이런 것들을 굉장히 유심하게 이렇게 관찰하고 또 그 비밀을 맞추려고 노력을 하기 때문에 네 이건 무조건 담습니다 마음을 곧게 쓰셔야 되요 er 으 으 으,
84,https://www.youtube.com/watch?v=RgVM-vk2AmI,RgVM-vk2AmI,"[Eng sub] When walking on hot pavement in summer, should I put shoes on my dog?",강형욱의 보듬TV,5 4 c55 어허 위험하죠 놀음에 산책 위험 할 수 있어요 어 리우 이외에 1기 매매 주신 사연입니다 여름이라 바닥 지면이 뜨거운 네요 강아지 산책할 때 양말이나 신발을 시켜야 할까요 여름에 발바닥 관리하는 방법이 있을까요 어 여름에 정말 뜨겁지 요 저같은 경우에는 한 채칼 때 보통 바닥에 손을 한번 해봐요 그러면 며칠 리스트 것 날에서 적막 뜨거워 라고 할 때 있는데 좀 그땐 산세가 안합니다 아니면 장비 잔디는 그래도 폐의 온도가 낮아 요 괜찮아요 그리고 또 금을 잔디는 여기가 좀 쉬워 사단 하는 느낌도 있어서 산책을 하게 하는데 아스팔트 아니면 뭐 콘크리트 정말 달걀 같은거 이렇게 딱 보면 아 마이키 않을까 싶을 정도인데요 어 강아지들이 아주아주 힘들어할 거에요 그런데 이때 신발을 신인 신긴다 아 신발을 시킨다 개들은 몸의 열을 발바닥 하고 더 이 두 가지로 열을 배출하는데 팔에 다가 신발을 시키면 열이 안 빠져가지고 몹시 힘들어 할 것 같아요 그런데 제가 알기로 조금 괜찮은 강아지 신발 들이 나오고 있다는 걸로 알고 있거든요 제가 정확히는 몰라요 그래서 쪼꼬 활동할 수 있을 또 강아지 발을 보호할 수 있을 때 또 온도를 잘 순환 시킬 수 있을 그런 신발들이 있다면은 힘 제도 좋다라고 생각합니다 하지만 그런거 없이 약간은 뭐라 그럴까 장화 같이 생긴 신발 주도 있더라구요 그래서 자칫 잘못하면 강아지 열이 배출이 안되서 몽 엄청 뜨거워 질 수 있으니까 조심 하세요 특히나 2 더 퍼그 쭈 패키니즈 단 2조 들은 여름에 진짜 진짜 조심하셔야 됩니다 잘 관리해주고 여름 잘라 줘요 아셨죠 으 으 아 [음악],
85,https://www.youtube.com/watch?v=FFImgi0c6gY,FFImgi0c6gY,[Eng sub] Do dogs know it is raining when they look out the window?｜Hunter Kang’s Q&A,강형욱의 보듬TV,5 co 4 5 강아지 중에 비가 오는 거라 합니다 어제 2집 mem 제일 임 이렇게 j 님 이제 장마 입니다 아 강아지도 창문 보면서 비가 오는걸 않아요 나가서 확인 하기 전까지 오르는 것 같아요 뒤 올 때 상체가 어떻게 해야되나요 보통 비가 오면 집안의 습도가 높아 지잖아요 그들은 그 내린 느끼 수리를 썩고 무나 너무나 너무나 탄 알아요 실제 눈이 오는 것도 아니에요 그래서 아마 * 썩지 증자 진작 알고 있어 알고 있을 거구요 뒤 울 때 산책은 견종에 따라 조금씩은 다 달라요 교통비가 오면은 야생은 할당 걔들은 본걸 속이나 이런데 들게 있어요 오줌도 좀 참 구요 먹는 것도 좀 참아요 그 다음에 비가 그치면 나가서 소변이나 대변을 보고 먹는 것도 좀 먹고 이게 그러는게 이제 야생의 있는게 들의 특징인데요 어 보통 일반적인 개들도 비가 오면 안 나가고 싶어하는 게 맞거든요 근데 이름의 느끼고 들은 나는 걸 좋아하더라구요 그래서 그거 또 안정에 따라 쭉 음식 달라요 어떤 애들은 비가 오면은 엄청 좋아요 나가서 막 하늘에 있는 내리는 비를 당 먹어 버리게 되는 식으로 쭉 하는 신뢰도 있고 어떤 친구들은 아예 b 이제 물기가 있는 걸 알 밟지 않으려고 하는 애들이 있어요 교회들은 줘 왜 바로 같은 애들 바로는 비가 오는 날은 아예 오징어 라싸 아예 오지 못한 다 가질 않아요 나가기를 하는데 안가요 와 내밀고 혼자 밖에요 [음악] 꼴값 이야 엘튼 그렇게 하구요 레오 셰퍼드 레온은 전혀 상관없어요 비가 없는지도 모르는 것 같아요 그렇습니까 견적만 쪽을 파는데요 보통 산책은 저는 소변 만하게 하게 하고 와요 그렇게 합니다 [음악] 으 으 으 으,
86,https://www.youtube.com/watch?v=UYQ2t0gJt8E,UYQ2t0gJt8E,[Eng sub] Do dogs glare at people too?,강형욱의 보듬TV,5 4 cote 5 어 들어 리가요 상세히 님이 주인 사인입니다 강아지도 사람을 째려 보나요 저희 강아지를 혼낼 때 마다 째려보는 데 세력 오는게 만드신 거예요 왜 붙네요 코네리 같아요 보조 혼돈의 가짜 보는거 아니야 무서워하고 있는 강아지는 일 이라고 했어요 이 자는 측 같이 눈을 저축한 이지 깜빡깜빡 하구요 아마 이런 행동이 않게 도움을 얼어 있는데 고개는 따른 내려가고 있는데 의원 이렇게 보고 있다면 아 그렇다면 도자 님이 진짜 잔소리 많이 했던 거예요 이게 피하고 싶은데 피하지 못할 때 어떻게 해야 될지 모를때 또 3의 쓰거나 가 쭉 음 어려울 때 그리고 또 보호자 님한테 그런것 보여 줘 봤자 알아채지 못할 때 그 때 어떤 강아지들은 째려 보는 것처럼 재료와 이게 째려보는 게 아니라 눈 치우는 거에요 알도 망하고 싶은데 어떻게 되지 치아가 더 갈까 그러다가 보호자 님이 뭐 일어나거나 따는 대로 하면은 선사가 짙다는 대로 이렇게 피하거나 움직이는 거죠 아마 그런거를 보셨지 않았을까 생각이 드는데요 어느 지 마세요 회원 네요 어떤 것들은 없는거예요 어떤 것 때문에 없는거예요 혼낼 이유가 많지 않아 솔직하게 보통 없어 많이 없어요 정말 없어요 어 내가 외출 전에 제가 라면을 딱 들었는데 라면을 뜯었는데 라면을 먹었어요 딱 뜯고 꼭꼭 하고 있는 김씨 오케 김치는 맛이 찍혔던 좀 신교대 점프하고 내려가지 그렇게 뭐 거에요 다행히 스프로 나 놓고 몇 누웠는데 화가 나더라구요 너무 먹고 싶었거든요 우리 동네 슈퍼가 멀어요 1 무는 라면은 정말 기 하단 말이에요 제가 보통 라면을 2세 먹어요 그걸 2시 어떤 시간이 되면 제 아내가 잘 때 요 잘때 몰래 먹는 라면은 정말 물이 끓어 요 김치 꺼내려 밀러 하는데 극복 묻고 아 강제로 다이어트를 했는데 기분이 참 그때 그냥 인정했습니다 내가 좀더 안쪽에 다 될 걸 그래요 그 후 내해 내지 마세요 않았죠 그럼 내려오는 것도 많이 없을 겁니다 [음악] 아 네 제가 뒤 처리에 달인 이에요 어영 30분 듣지요 안되겠네 예 여러분을 도와 하지 마세요 아 아 비밀이 없어요 [음악] eb-5 5 으 으 [음악],
87,https://www.youtube.com/watch?v=2Tjf0c1n8H0,2Tjf0c1n8H0,[Eng sub] Do dogs talk about their owners with each other?｜Hunter Kang’s Q&A,강형욱의 보듬TV,5 4 co 4 5 음 반해 생각했는데 시작했다 네 고객님 이여 아뇨 똥 인데요 님이 쥬시 사이에요 강아지 들끼리 만나면 집사 이야기를 할까요 집사들의 장점이나 칭찬 같은거라고 자란 같은거 있잖아요 강아지가 친구들을 만나면 무슨 대화를 하는지 궁금합니다 저는 어 할 것 같아요 우림 오르자 있잖아 아무리 보자 어제 나한테 모사 것은 오 이런거 할 것 같아요 더 그저 농담으로 강아지한테 카톡 보냈다 라고도 하거든요 콜라 산님들 하고 이렇게 이야기할 때 너무 늦었다 뭐 이제 강아지한테 밑에 진 보내라 제가 이렇게 해요 농담으로 해요 플랜트 우리 흘러 산님들 다른 착해요 조금 늦어 미안 이렇게 한 은혜 에 어 패스를 좋겠어요 그래서 쓰면 쓸수록 반 했으면 좋겠는데 대신 조회수 어느 신 흐물 그 패션 좋겠어요 그래서 음 아마 어떤 이야기가 아니더라도 서로 그건 알 거예요 예 아마 훨씬 훨씬 더 많이 알 거에요 4 왠 사실 있으신가 봐요 우리 아니 또 이거 으 저흰 대구엔 아자 사람과 해 줬으면 좋겠는 분들이 이런 무너지는데 네 아마 하지 않을까 싶고 했으면 좋겠습니다 예 [음악] 으 [음악],
88,https://www.youtube.com/watch?v=CWGLt3mhkAU,CWGLt3mhkAU,"[Eng sub] A blind dog, will she feel uneasy if I take her out for walks??",강형욱의 보듬TV,5 4 c55 5 음 으 돌아가야 할 수 있습니다 어 김지헌 님 눈이 안보이는 장 애견을 키우고 있습니다 어 이런 강아지들은 산책하러 나가면 좋아할까요 아니면 불안 해야 할까요 산채 좋아하죠 정말 죽기 전까지 밖에 나가서 내세 맞고 그리고 싶어하는 게 깡 아지 에요 문제는 아직도 같이 내 해요 특히나 절대 해지 하면 안되는게 뭐냐면 낯선 강아지가 산책하고 있는데 강아지에게 다가오게 하면 안돼요 절대 안되요 그러면 파밍 시그널 서로 대화하는 것들을 아이 못하고 대처도 못해요 그래서 앞에 있는 강아지가 갑자기 냄새를 맡는다고 그러면 놀라서 요런거 리 나랑 암흑 물려고 할 수 있거든요 건강한 강아지를 기르시는 분 도 요 허락 받지 않고 가까이 가서 내가 생각해 하면 안되요 어디가 아프면 두려움에 높아진 갓난 아기의 조심해 주셨으면 좋겠구요 팁을 좀 드리면 같은 없네 만 가셨으면 좋겠어요 어 루트를 같은 곳으로 해서 짧게 자주 그 유투브에 2가지가 알고 있는 사람 2명 또는 세 명의 이렇게 좀 기다려줘요 그래서 그곳에 가면 냄새 맡게 해주고 이렇게 a 척 할 거 아니에요 꺾고 내가 아는 사람이 네 그럼 기뻐해 주고 뭐 한식을 1 주셔도 좋고요 친구가 좋아하는 장난감을 줘서 또 마음을 편안하게 해 줄 수도 있고요 조금씩조금씩 그 루트의 팥을 바꿔서 어 대기 해주는 거에요 그럼 강아지가 요 자신감도 좀 생기고요 그걸 기대하면서 이렇게 걸어가고 그 보세 감염 취한 사람이 있다 라고 생각을 해서 더 신라 계산 할 수 있어요 김제 아니 뭐 되게 어려운 일이구요 그렇게 힘드니 일이에요 그런데 이 친구는 아마 정말 우리 지연님 좀 같이 있는 하루하루 방을 즐겁다 라고 생각을 할겁니다 어 1 체제가 말한 대로 할 수 있다면 해주세요 아마 너무 즐거워하고 감사해야 할 거에요 으 으,
89,https://www.youtube.com/watch?v=6PTszhwEqVg,6PTszhwEqVg,Will dogs be upset if their old toys were to be thrown away??｜Hunter Kang’s Q&A,강형욱의 보듬TV,5 ce 4 이렇게 뵙게 됩니다 으 [음악] 으 아 조금 애매합니다 예 어 이수은 님이 주신 4 했는데요 강아지가 가지고 놀던 장난감이 찢어지고 더러워져서 버리려고 하는데 아 또한 가지고 놀던 장난감을 버리면 석상이 할까요 기대를 시키고 숨기고 다 우리가 찾아오고 그 노래 되게 좋아하는데 그 놀이를 좀 같이 많이 하던 장난감이 있어요 그래서 그것만 딱 들면 너무 신나요 뭘 할 줄 아니까 그런 것들이 강아지 안되게 행복감을 많이 주거든요 그래서 오래된 장난감 5 이런 것보다 강아지 하고 나오고 추억이 있는 장난감을 강아지가 좋아하고요 그거 예전에 제가 버렸거든요 큰 봉투에 넣어져 있으니까 지금 다 우리가 거기서 계속 기웃기웃 거리고 막 하고 막 후막 같구 근데 저는 쓰레기봉투 뜨 드리려고 하니까 아웃도어 음식물이 혹시 들어있나 해가지고 하지 못하게 하지 못 했는데 어떻게 그게 투 더 줬어요 그래 솔직히 좀 조금 아우 쯤 짜증이 났어요 아우 거 왜 또 추가 어 어 진짜 어글을 딱 봤는데 거기서 장난감 있는거예요 그래서 그 장난감을 누르고 저한테 오는데 조금 미안했어요 예 그러면 을 어 벌써 우리 다 우리는 드 장난감 에 대한 추억이 있는 거에요 저는 우리 보자 님처럼 주적은 하니까 예 좀 딱딱해져 취미 하드 묻어 가지고 딱딱해지고 막 끊어지고 버렸는데 백신 군을 그거를 찾더라구요 그래서 어 군대 션 다시 급 어렵구요 다른 장난감 으로 놀아 들이 가장 많이 있던데요 아마 우리 이룬 님도 다른 장난감 으로 이렇게 잘 눌러 주시면 어 있지 않을까 싶습니다 예 근데 강아지는 그 장난감 으로 나랑 어떻게 놀아줘야 되느냐가 더 중요한 거니까요 저는 냄새가 너무 많이 나서 버렸어요 예 사람들도 모두 끝내야 제 3 5 으 [음악] 으 으,
90,https://www.youtube.com/watch?v=f1etjdKz5rM,f1etjdKz5rM,[Eng sub] Do dogs think they won if they attain the toy during tug-of-war?,강형욱의 보듬TV,5 4 5 5 거기에 있다고 생각할 수도 있어요 4 할 수도 있죠 탄 수 지 님이 올려주신 사연 이에요 강아지나 퍼그 놀이를 하다가 턱은 오리가 뭐냐면 이 거 있잖아요 그 뭐 깡 겼다 가졌다고 하는 커버 놀이를 하다가 장난감을 놓아 주면 자기가 이겼다고 생각할까요 고기 없다고 생각하는게 쪼꼼 9 족적이 거나 아니면 내가 반대를 계획에 승 종적인 모습을 보여줬다고 착각 하지 않으셔도 괜찮아요 어 저는 사실 교육을 할 때 이것을 조금 이용해요 어린 강아지의 아니면 자신감이 좀 떨어지는 강아지들은 제가 허브인 쓰네 포옹의 힘 3 4 라고 하면서 넘어지는 신용 되어 온거 오고 이렇게 뺏기는 척을 한 거죠 어떻게 택했어요 제가 아줘요 준비한 반대로 도망가요 막 도망가면 강아지가 처음에는 아시아 네 힘으로 뺏었다 라고 생각이 들어서 기분이 좋아요 그런데 혼자 울고 있는 것도 잠깐 재밌지 이거를 누가 당겨주고 낳아주고 하는게 재미 있는 거거든요 그래서 조금 당황하다가 그거를 몰고 저한테 달려와 요 그럼 저한테 달려오면 입에 있는것을 또 잡으려고 하면 안되요 달려가면서 주머니에 편 개정도 가 더 있어야 돼요 1개 정도로 이렇게 보여주면서 미래의 있는 것보다 이게 더 주체로 미 라고 한 다음에 입에 있는걸 놓으면 손에 짚고 있는 것을 모르겠어요 그런 식으로 건가 라고 하면서 하자 보면요 나중에 강아지가 무언가를 가지고 자꾸 다 될 거에요 많이 줘 주세요 많이 줘 주면 강아지가 보호자 님하고 더 누르고 싶어할 거예요 으 으 으 [음악],
91,https://www.youtube.com/watch?v=EbFdBz0Q2dU,EbFdBz0Q2dU,[Eng sub] Do dogs also eat in order to relieve stress?,강형욱의 보듬TV,5 c55 4 4 튜 아 그럼요 저는 뭐 배꼽 있는 모든 동물들이 이걸로 풀지 않을까 싶습니다 곽 시야 님이 주신 사이에요 강아지들도 먹는걸로 스트레스 가 풀리나요 어 이거는 무조건 맞습니다 먹는다 라는 것보다 심는다 라는 표현이 훨씬 더 맞을 것 같아요 발을 시합할 때 턱을 사용할 그게 3턴 이란 물질이 나오는데 기분이 좋아 잠 외국 호르몬 이라고 하더라구요 뼈를 씻는다 거나 아니면 은 뭐 이불을 씨는 다거나 머드 쉽을 게 있으면 50년의 육아 스트레스를 받아서 풀기 위한 건데요 이때 맛있는걸 께서 조 그렇다면은 맛도있고 쉽기 로 하니 얼마나 좋겠어요 하지만 이것을 너무 많이 이용한다면 짤을 너무 많이 찌게 될 거예요 그래서 강아지들이 비만인 경우도 있잖아요 그냥 강아지에게 먹을 것만 많이 줬기 때문에 살이 찐거 다 라고 판단 하잖아요 다 가지를 건강한 환경 속에서 언어로 출 시키지 않았고 건강하지 못한 방법으로 그것을 대신한 죄가 있는 거예요 다만 세럼 강아지가 살이 줬으면 보자니 면 주니의 예 예 아 조금만 주시고 자 께서 산책을 해 주셔서 코를 쓰게 하는 걸로 스트레스를 낮춰 주는 게 훨씬 도움이 될 거에요 왜냐면 쎄라토 니라고 하는 물질이 움직이는 다리를 사용하는 것 물을 마시는 거 다른 강아지 하고 좋은 관계를 갖는 거 이런 걸로도 충분히 나올 수 있기 때문에 그런 걸로 대신 해 주시면 좋겠습니다 않았죠 이거 위험이 우리 박사님 약간 좀 어 지금 강아지 상태를 봐야 될 것 같아요 222 으 으 으,
92,https://www.youtube.com/watch?v=nZVonHRa4WQ,nZVonHRa4WQ,[Eng sub] Do dogs get tired of meeting friends?,강형욱의 보듬TV,5 4 5 4 5 4 어 아 그럴리가요 수 있대요 김 디폴트 님이 주신 사이 인데요 강아지도 친구끼리 자주 만나다 보면 질려 하나요 매일 분은 친구랑 이제 만나도 즐거워 하지 않아요 처음엔 2시간 쉼없이 놀던 애들인데 디젠 질린 것 같이 울지 않습니다 우리 적임 디폴트 님은 친구가 지으신 이 까 이건 치우가 편해 있었잖아요 강아지들도 처음에는 그래야지 어디 살어 너 2회 한거 뭐 좋아해 이런 식으로 각 놓을 수 있어요 뭐 엎치락 그치 라 뭐 내 아내가 도망하는 내가 잡을게 한번 넘어가 봐요 이런거 있잖아요 이제 어느정도 서로가 컬러에 대해서 좀 알고 게 처음부터 뭐 데이 견적 쌍 다 말 해 줘야 되는 것도 아니고 어디 가니 구나 어머니 살고계신 2 뭐 이런 것 처럼 아주 편안해 지는 거예요 그래서 사실 음 우리 보고자 님이 걱정하시는 거하고 조금 반대로 저는 저 이런 친구를 많이 사귀고 음 작 있습니다 라고 많이 이야기 해드리고 싶어요 좋은걸 오전 1 좋은 친구 만나게 해주신 겁니다 으 으 으 으 으,
93,https://www.youtube.com/watch?v=C3SsKBbBOpw,C3SsKBbBOpw,"[Eng sub] If an owner is chatty,  does the dog become chatty as well?｜Hunter Kang’s Q&A",강형욱의 보듬TV,5 ce 예 4 이렇게 목 10 즉 3 2 뭐 어 어 이거는 좀 더 무조건 많아집니다 아따 싶다 아 아 예 언 언 놈이 주인 사인입니다 보호자가 말이 많으면 다 아직도 많이 말하지 나요 저희집은 스스로 운집 입니다 키웠던 관리 되는데 모두 싸 스러워요 친구네 집은 조용한 집인데요 기운은 반려동물 모두가 과학 편이에요 이거는 이제 정확합니다 강아지한테 자꾸 말을 시키거나 이런거 있잖아요 라고 하면 어떤 보호자 님들은 호모 그래 뭐 뭘 친구 2 강아지 하고 이렇게 좀 소통 이기는 한데 너무 사람이 좋아하는 방식이 소통을 강아지랑 하다보면 김필건 있는게 많아져요 이제 지금이 목소리를 어떤 강아지가 내고 있다면 어떤 상태니까 요 불안한 것 같지 않으세요 또 소리를 내지 않더라도 어떤 강아지들은 불안하면 3만에 수 있게 되요 쓰다 스러운 집이 안좋은거 아니에요 화목한 12 줘 그런데 아주 안쪽까지 그렇게 나를 아니라 전엔 강아지들이 요 내 보호자가 불안해 하고 있다 라고 착각 할 때가 있어요 아 우리 고자가 오늘도 게임 낄 버린다 아 오늘도 우울하다 라고 생각을 해서 개가 그런 할 수 있는게 뭐지 라고 생각을 해서 같이 뽕 걸린 다든지 문제를 찾기 위해 문제를 해결하기 위해 주변을 왔다갔다 왔다갔다 왔다갔다 걸리기도 해요 그래서 모자 님 얘가 일방적으로 하는 대화 너스 타고 쪼끔 그려주시면 아마 강아지들도 조금 더 차분해 지지 않을까 싶어요 사실 이런 수다를 좋아하는 게 는 많지 않아요 또한 아 이게 참 안타까운게 튀다 스러운 강아지 기요 좀 인기가 없어요 그러니 어 말을 하는 강아지 입니다 행동과 표정이 풍부한 강아지가 훨씬 더 교훈 강아지 라고 할 수 있으니 그것만 줄여보세요 도움이 될꺼예요 으 [음악] [음악],
94,https://www.youtube.com/watch?v=82_CR1nn7UA,82_CR1nn7UA,[Eng sub] Are dogs pretending when they look dejected after causing trouble?,강형욱의 보듬TV,5 4 [음악] c55 [음악] 여길 수 있지만 아주 본능적인 대처 방법입니다 기억 나무 님이 주신 사회 아니에요 잘못을 했을 때 후 내지 않았는데 마치 애가 혼낸 것처럼 춰 저요 잘못한건지 않은 걸까요 또는 용기 하는 건가요 한번 내 나이에 예전에 행동들을 한번 생각을 해보시면 더 좋아요 강아지한테 폰을 내지는 않지만 수반되는 거예요 아 쪄서 때문에 못 살겠어 뭐 이럴때 있죠 이런 것들이 강아지한테 는 아 의 소작 1 구나 라고 인식이 될 수 있어요 제가 예전에 있었던 일인데요 보호자 님께서 우리 강아지는 남은 나가면 쓰레기통 엎어놓은 다는 거에요 그래서 내가 집에 딱 들어가서 보면 쓸게 해지고 있는 날 강아지가 이진옥 들어있다고 해요 실수를 했는데 잘 못하니까 확인 할 줄 알고 제 눈치를 보내요 라고 말씀하시더라구요 제가 그분의 이렇게 설명했어요 그동안 자기가 다고 앳된 섹스를 가진 현재 보호자 님께 지켜서 손 잃을까 봐 준 해주지 닿아 그냥 보호자 님은 외출 하게 들어오면 나를 험 일 거라고 생각하고 있는 거라고 근데 보호자 님이 에이 아니에요 정말 얘는 자유와 샴 참고를 알아요 라고 해서 제가 그때 그 자에 대해 실험을 했어요 아 요만한 크기의 휴지통이 있더라구요 제가 그거 뚜껑을 열어서 그냥 바닥에 이렇게 뿌려 봤어요 쪼끔 지나니까 강아지가 스스로 모션 이라고 하잖아요 춤 출판이 걷고 조휴일 파고 에어컨 사이 쪽으로 쑥 들어가 어 3 누워 있더라구요 그 강아지는 알고 있었던 거에요 쓰레기가 이렇게 너저분하게 되어있는 상태에서 보호자가 돌아오면 아 한마디로 자기의 행위를 추적해 가지고 허나 홀랑 했다라고 하는 게 아니라 이렇게 너저분한 상태에서 보호자 님은 나를 항상 홈 했어 라고 생각을 해서 그렇게 주 누굴 들어하는 그런건 보였던 거에요 기억나 목 오전 님 예전에 내가 했던 행동 그거 살펴보세요 도움이 될겁니다 [음악] 아 [음악] 아 아,
95,https://www.youtube.com/watch?v=K-HKWcizpgU,K-HKWcizpgU,"[Eng sub] When a puppy hackles up, does it mean they're scared?｜Hunter Kang’s Q&A",강형욱의 보듬TV,5 ce 4 4 아 어 무서워서 그러기도 합니다 꼭 하나님이 주인 사이에요 우리집 강아지가 산책할 때마다 말 갈기 처럼 금 가운데 털을 바짝 세웁니다 무소속으로 하는 건가요 아니면 신나는 그런건가요 데이터를 세운다 뭐 사람으로 따지면 가슴을 크기 하고 또 어깨를 이렇게 넓게 하는 거하고 비슷한데요 털을 세운다 헉 그럼 이라고 하는데 보통 2가지 마음이에요 엄청나게 긴장했을 때 또 상대의 그 싸 예 어 강한 힘을 드러내고 싶을 때 그런데 드러내고 싶어 죽겠어 가 아니라 드러낼 수도 있다 이렇게 킴 있어요 나 들었나 라고 해요 사실 다른 강아지를 만났어요 탱커를 세운 는군요 궁극적으로 거절하는 거에요 아 싫어 하기 싫어 으 아 만나기 싫어 그래서 이런 허 프로그래 쓸 때에는 4 강아지가 지금 위급한 상태 구나 도움이 필요하거나 지금 이곳을 별로 좋아하지 않는구나 라고 우리 보호자 님이 어 마시기를 바래요 그래서 우리 친구한테 너무 편 두지 다른데로 가자 라고 할 수 있구요 우리 하느님의 강아지가 산책을 나갈 때 안좋은 경험을 경험 아기 사례가 있을 것 같아요 또는 산책을 나가서 또 우리 강아지 한테 이렇게 나쁜 일이 일어났던 게 아니라 그냥 팀 보호 장님과 자신 에게 문제가 있었을 때에도 이렇게 순간 긴장 할 수 제가 추천을 도와드릴께요 줄을 매시 고요 집을 죽음 거 싹 아 그러다가 천천히 삼천리 3세계 한번 해보세요 그러면 이렇게 순간 긴장하고 흥분하는 것들을 이렇게 낮춰줄 수 있을 거에요 도움이 될겁니다 한번 해보십시오 [음악] 아 [음악] 아 아,
96,https://www.youtube.com/watch?v=6BtdfcT8gL8,6BtdfcT8gL8,[Eng sub] What does a dog want when it scratches your hand?,강형욱의 보듬TV,5 4 c55 4 2 그 어 달라는 것 같아요 어 팀이 않아 님의 사연을 좀 읽어 볼게요 강아지가 맨날 제손을 빌 거에요 뭐 달라고 하는 건가요 그거 7 c 가 되게 많이 하구요 바로 도 꽤 많이 해요 특히 이렇게 쇼파에 앉아 있으면 은 제 손과 허벅지 사이 의 저 주둥이를 이렇게 너 쭉 칩니다 머리에다 이현중 올리라고 긁는 이유는요 긁어 쓸 때 우리 보호자 님이 클랜은 무엇을 줬을 수도 있어요 만져 주는 것도 있을 수 있구요 말을 걸어 주는 것도 있을 수 있고요 안아 주는 거 여기서 이제 조금 더 강렬한 보상은 손을 덜 것들만 평소 좋아하는 음식이 이렇게 딱 떨어지는 것을 갑자기 조우 자가 준다 라는 거죠 그렇게 계속 반복하게 되면 아마 이 친구는 고전 이마트 요구하는게 아니라 아 아 보고 손 쳐 보라고 알겠어 쉽게 [음악] 이제 강아지한테 는 의무 같은 숙제 같은 행동이 된 거에요 보호자가 식탁에 않으시면 나는 보지 않게 손을 춰야 해 필요는 좋은 물이요 이런식으로 이해할 수 있어요 어둠 연한 님 한번 수대 핑을 이렇게 겉이 해서 뭐 나를 한번 찍어보세요 아직 아 이렇게 그렇고 있을 때 내가 어떻게 하는지 담아 우리 강아지가 원하는 것을 즉각적으로 대응 해주지 않으면 마음이 행거 어디 기장 고쳐질 수 있을 겁니다 오 오 오 오 오 오,
97,https://www.youtube.com/watch?v=JGaIojWBhaA,JGaIojWBhaA,"[Eng sub] My puppy hid my stuff, should I secretly take them back?｜Hunter Kang’s Q&A",강형욱의 보듬TV,5 ce 5 4 됩니다 4 아 [음악] 아 그럼요 그럼요 탕 현 규 님이 주신 4 했네요 6살 박 순 툴을 키웁니다 어디서 찾았는지 이것저것 물어다가 자기 집에 숨겨 놓고 하는데요 강아지가 보는 앞에서 그걸 꺼내면 자기 집을 안전 하지 못하거나 깊이 비밀 스럽지 못한 곳이 라고 생각하게 될까요 저도 모른 척 하고 있다 한가지가 안 볼 때 꺼내야 할 까요 아 이거요 보자 님 저는 어 가지가 안 보는 상태에서 꺼냅니다 숨겨놓고 보관하게 따라 고 하는 마음은 있지만 덜 아침에 적어야지 이런 생각을 많이 없나봐요 그런데 강아지 칩은 조금 다를 수 있어요 딱 봤을때 음 어 좋아하는 것을 숨기는 구나 라고 생각할 수도 있지만 게 집을 조금 더 소유하고 있다고 하는 걸 조금 더 주변에 게 표현하고 싶을 때 이런 행동을 하기도 해요 자기 집에다가 무언가를 칡 축적하고 저장하고 있잖아요 그거 는 다 가지고 없을 때 이렇게 치우가 주셔서 아 축 척하지 못하게 않은 게 나중을 위해서 훨씬 더 현명한 방법이 될 수 있어요 그렇지 않으면 그건 숨겨 맞고 그 장소를 감정한 점점 더 끌게 될 나중에는 뭐 우리 정수기 코디 니더 분이나 집을 수리해 주시려고 오셨던 분들이 그 집 근처에서 왔다갔다하면 경계를 하다가 끝내 공격을 하는 말이라는 날 알어 어 요 이 친구는 어쩌면 점점 점점 환경 맞선 파 반려견 하고 의 사회성은 점점 떨어지고 그래 그럼 낼 자리 으 그거나 또는 데 가장 조금씩 더 예민하게 지키고 경계하는 강아지가 돼 가고 있을 수 있거든요 강아지가 안 볼 때 살짝씩 이렇게 치워 주시고요 그리고 가능하면 특질을 위치를 바꿔 주시던 아닌 10을 바꿔 주시는 것도 도움이 될 거에요 이 행동을 정말 큰 음 중심이 되는 문제 의 가지 정도로 생각하시면 은 도움이 될 것 같아요 좋은친구들 사귀게 해주세요 그러면 그 친구들하고 놀면서 또 이야기 하면서 또 사회성을 조금 회복하면서 꼭 이런 것들을 축 척하지 않고 저장 하지 않고도 2대가 안전하고 내가 편한 할 수 있다는 것을 배울 수 있을 거에요 이걸 신호로 여기시고 요 갖던 훈련 산님 또 행동 전문가 거라고 상담하시면 은 총 더 건강하고 편안하게 살 수 있을 겁니다 5 으 [음악],
98,https://www.youtube.com/watch?v=rIVsZ3ySuG0,rIVsZ3ySuG0,[Eng sub] Do Dogs Discriminate People As Well?,강형욱의 보듬TV,5 4 co 4 4 2 2 [음악] 좀 다르게 대하는 경우는 있어요 한번 사연을 읽어 볼까요 파이브 담이 주신 사이에요 제가 밖에 나갔다가 들어오면 그냥 조용히 에요 아주 가끔 달려와서 안기고 그런데 부모님이 들어오면 쉽고 막 달려 나가서 반깁니다 아 저 차별 당하고 있는 건가요 아 분명히 근데 차별적인 하네요 보호자 님한테 는 방 비지는 아코 어두우니 아버지가 오시면 반긴다 라는 걸 보면 조금 섭섭할 만 어허 일것 같아요 그런데 이게 쪼꼼 주변 상황을 우리가 좀 살펴 볼 필욘 있어요 지금 사연 주신 차이브 대한 님이 이렇게 들어올 때는 혼자 집을 지키고 있는 상태에서 부장님을 나지 하는 거고 엄마 아빠가 오실 때에는 보호자 님이 집에 계신 상태에서 부모님이 들어오시는 거기 때문에 약간 상황이 다르잖아요 아직은 혼자 있는 것에 대한 스트레스가 남아있어서 보자니 므흣하게 아주모 정답게 어 반기지 않는 걸 수도 있어요 아니면 우리 카 이브는 님이 온게 그냥 아무렇지 않을 수도 있어요 왜 파이브 아님은 매출 잘 하셨다가 건강하게 돌아올 거니까 내가 업무 걱정할 필요 없다 라고 생각해서 그런 생각할 수도 있어요 너무 염려 하지는 마시고요 이렇게 한번 해보세요 5잔 님 나갔다 들어오시면 요 숨 발 벗고 거실로 들어가 앉아서 퀼 냄새 이렇게 맞게 해주시고 뭐라고 하지마세요 만약에 손을 내밀었는데 강아지가 오지 않아요 4 년식 가만히 계세요 강아지가 와요 않아 번쩍 들지 말구요 그냥 쓰담쓰담 이렇게 잡지 말고요 요렇게 쓰담 쓰담 쓰담 해주시고 강아지를 좋아하는 잔 적이 있으면 계획을 하나만 이렇게 주 보셔도 좋아요 그랬었죠 아마 그러면은 우리 강아지도 고전 이미 왔을 때 4 [박수] [음악] 으 으 222 으 [음악],
99,https://www.youtube.com/watch?v=v2CC9EG2U7s,v2CC9EG2U7s,"[Eng sub] If My Dog Smells Another Dog's Scent From Me, Will It Get Jealous?｜Hunter Kang’s Q&A",강형욱의 보듬TV,5 4 co 4 oo co [박수] 어 아 음 대한 친구들이 있기는 합니다 뭐 사용해 볼게요 양 떴 u 양서류가 양띠 어려운 이미 아주 인사해요 동물 병원에서 근무를 합니다 1회 특성상 매일 다른 강아지에 냄새를 못 주고 돌아오는 데요 상아 제가 저를 반겨 줄 때마다 냄새를 참 맡아요 보호자에게 매일 다른 강아지 냄새가 나면 우리 강아지가 질투를 하지 않을까요 아 이거는 요 약간 좀 아픈 강아지 또는 냄새가 좀 강한 강아지 특히나 중성화를 하지 않는 스커트 한테는 그들만의 냄새 갈 수도 있나봐요 또 발정 중인 친구들 이런 친구들을 만나면 위독 냄새를 맞더라구요 아 또 어린 강아지 2개월 3개월 된 그 퍼피 그 친구들을 한 번 이렇게 뭐 만져주고 또 놀아주고 교육하고 집에 들어가면 어 그렇게 냄새를 맡아요 맞는데 사실 투 까지는 하지 않는 것 같아요 그 냄새가 중요한 게 아니라 건강하게 돌아온 고자가 중요한 거구나 이게 훨씬 더 강아지들이 더 집중하는 내용 이거든요 그 초기에는 혼란스러워하고 뭐 바지 옆에다가 내가 바지를 입어서 논고 아니면 옷을 걸어놓은 곳 주변에 다가 소변을 좀 본다고 대변을 실수 할 수도 있습니다 그런데 우리 고자 님 쑥 집에 오면 내 강아지 안듯이 좀 잘 아시잖아요 그래서 아마 괜찮을 걸 질투하고 그러지는 않을 겁니다 단 강아지들이 그거는 알아요 조금 많이 아픈 강아지를 다뤘던 보호자에게 흐 런 냄새가 나나 봐요 그래서 강아지들이 좀 걱정 할 수 있어요 꼭 고사가 아픈 건가 왜 이런 부부 이런 냄새가 보호자 한테 나지 이제 그럴 수 있어서 정전 님이 웃기도 쓰시고 조금 더 기운차게 들어오시면 은 강아지가 조금 그런 걱정을 덜 하지 않을까 생각이 들고요 항상 하는 말이지만 보호자 님이 나갔다가 들어오시면 보자 님은 그 당하지 하고 같이 산책 한번 해 보세요 으 아마 이 친구가 보자 님을 갖고 있는 냄새가 다 그냥 냄새 일 뿐이고 진짜 보호자는 그대로 이 그 날을 알 겁니다 4 걱정하지 마시구요 질투는 음 애기때 껌 하겟지만 결국은 호전이 미시 구나 알겁니다 너무 걱정하지 마세요 으 으 [음악],
100,https://www.youtube.com/watch?v=KNT61EacYrY,KNT61EacYrY,[Eng sub] Do dogs understand multiple languages?,강형욱의 보듬TV,5 4 5 예 횡 [음악] 허 이에 하기도 합니다 뭐 사야 해 볼까요 부제 모바 [웃음] i 이렇게 거야 되라 어 체크인 캔 이미 주신 사야 됩니다 많이 더워서 내피에 퍼온 것을 태세 md and us 언니 알파 고 몰라요 파파 온거 예 오 오오 예 오 아 으 바둑 잘 드는 애가 알파 보고 영어 잘하는 애가 파 거구나 자 [웃음] i was no free poster 더 그 말 조건 2 씨젠 써 있는걸 좀 었소 엔고 질 선택 써 베가스 겁나 인구 일지 아 업 괜찮아요 왜 님이 캐드를 그 언어가 갖고 있는 쿤 정의와 속 뜻을 이해하는 게 아니라 5조 와 느낌을 보고 하거든요 그래서 어떤 개들은 편익 한국에서 완자 엎드려 를 배우다가 어미 디게 가서 미국 분이 앉아 엎드려 머스 쫓 그때의 2 이런 것을 해도 그대로 하는 강아지 보겠어요 그런 강아지들은 소리로 쓰는 것보다 교육을 하는 핸들러에 몸짓을 보고 앉아 인지 엎드린 너희 거 엎드려 인지를 법학 하는 거거든요 그래서 언어의 좋은 소통이 힘들다 어 어머 너를 이렇게 맞추게 힘들다 라고 하면 몸 치수를 맞추면 은 아마 합시다 이런 언어의 부산 없이 어 잘 적응하고 살지 않을까 싶습니다 이렇게 하면 어때요 안자는 손이 밑에 있다가 위로 가능 거에요 앉아 또 엎드려 는 소니 의해 있다가 밑으로 내려가는 거예요 또 기다려 는 손바닥을 요렇게 보여주면서 기다려 이렇게 하면 좋을것 같아요 또 어 자동차에 탄 은과 같은 경우에는 보통 올라가 많이 하시는 날 괴랄 라고 맞춰도 아마 강아지가 혼란스럽지 않을 거구요 4 감세 강아지가 음 제 국어를 하면 어째야 하게 돼 줄 겁니다 [음악] 으,
101,https://www.youtube.com/watch?v=LULLni8RiRs,LULLni8RiRs,[Eng sub] Do dogs recall their memories sometimes?｜Hunter Kang’s Q&A,강형욱의 보듬TV,5 4 5 예 5 5 될수 있겠습니다 보기 좋습니다 전수연 님이 주신 사이에요 강아지도 추하게 생기나요 초보 * 주로서 6개월 등 홈에 를 주말마다 애경 공원 안면도 등 여러 군데 내리고 나이인데 사람처럼 여행에 추억을 가지고 가끔 생각하고 그럴까요 평일에는 혼자 있는 시간이 많아서 주말에 최선을 다해 놀아 주는 데 강아지도 주말에 미흡으로 평일을 견뎌낼 수 있을까요 어 그랬으면 좋겠다 아마 직장인이 식문화 때문이죠 직장 해주시면 전주 중에는 직장 때문에 좀 시간이 많이 없으시고 주말에만 이렇게 시 같은데서 하시잖아요 저도 우리 친구들이 추억으로 삼았으면 좋겠습니다 왜냐면 좋은데 가야되고 다니는데 기억 안 난다고 하면 좀 아깝잖아요 이렇게 아내가 영상 어 오늘 유 3 지도도 갔어 뭐 이런거 어 이런애들이 어 어 보 짠 떠나는 여행을 좋아해요 좋아요 정말 요거 좋아요 그런데 보자 님 음 이런 것들을 주말에는 느끼기 있게 한 방이 힘든게 이어지는 것도 참 좋은데 소송을 하는거 있잖아요 소설 행복은 각 노드 주었으면 빈도가 중요하거든요 주말에 이렇게 멋진듯 않으시고 주중에도 제공된 시계 담아 가볍게 던진 빠지게 편 책 한번씩 해주시면 가량 한인들이 훨씬 더 소소한 추억들 많이 쌓을 수 있을 겁니다 으 으 으,
102,https://www.youtube.com/watch?v=Ex-a_hoGiN4,Ex-a_hoGiN4,[Eng sub] Does smiling while showing your teeth mean that you want to start a fight?,강형욱의 보듬TV,5 4 아 오 아 오 아 오 아 으 아 오 수 있어 어떤 어어 shake 님이 주신 사연입니다 스크 님이 주신 사람이에요 강아지 앞에서 치아 보이면서 웃으면 싸우자 는 뜻으로 받아들인 아요 옛날에 제가 어렸을때 정말 어때요 그렇죠 할 때 그때 에요 그렇게 어 배웠어요 그래서 관련 애들에게 엄지 말라고 했어요 아니 침체 보내면서 었지만 후 어깨 너머 을 벌써 벌써 이렇게 해라 그런데 그렇지 않습니다 8 잠 쓰십시오 활짝 있고 어 훨씬 더 좋아 해주셔도 괜찮아요 어떤게 4 보호자가 백작 는 치아를 이렇게 개방에서 웃는 모습을 우방 해서 자기도 진짜 이렇게 얻은 아니까 아 이렇게 해서 웃는 걔들이 있어요 그래서 발매 들의 치아를 보여주는거 시 문제되지는 하잖아요 하지만 오늘이 돌아서 보면 보는 것이 달릴 외과 아예 경계와 된 이글 조장할 수 있어요 어린 강아지 때부터 사랑하고 누 눈이 마주치는 것을 재밌는거 야 주 우는 거야 라고 알려 주시는 게 좋아요 왓 츄 뭐 는 보자 라고 하려고 그런 뷰 쉽게 갈수 있거든요 이건 번 해보시면 에 훨씬 오래 같이 주면서 치아를 팝니다 [음악] 으 으 으 으,
103,https://www.youtube.com/watch?v=6bBABfcRV0U,6bBABfcRV0U,[Eng sub] My dog licks my tears.  Is he trying to comfort me?｜Hunter Kang’s Q&A,강형욱의 보듬TV,5 4 오 오 오 오 오 오 오 오 오 아 저도 이렇게 보고 있습니다 목적 미주 시사 입니다 슬픈 드라마를 못하다 울면 가지가 무릎 위로 올라와서 인구를 핥아 되는데 위로 하고 싶어서 그러는건지 짠 눈물 맛이 좋아서 그런건지 궁금합니다 보호자가 이제 눈물을 되잖아요 왜 이래 뭐 무슨 글이 있어 라는 의미로 나서 얼굴도 핥아주고 어떤 친구들을 그 옆에 이렇게 또아리 들어서 앉아 있기도 하구요 어 위로해주는 거에요 너무 많이 보여주는 건 좋지는 않아요 각 부위를 반려견이 대처 해 주고 싶어 해요 위로 에서 끝나지 않고 무엇이 문제인지 고민해요 그래서 결과적으로 조금 더 예민한 조금 더 우물안 조금 더 주변 의 주변으로부터 모자를 지키려고 하면 그런 반려견이 되기로 해요 갔더니 지금 내가 누구한테도 보여주지 못하는 눈물을 내 반려동물 얘기 특히나 권력에 대해 보일 중도 하는데 너무 크게 자지 거야 내 감정에 항상 강아지에게 나 쏟아 버리는 그런 거에 너무 익숙해 지게 되면 나의 보통 이 달력의 넘어갑니다 나중에는 강아지가 힘들어지게 되는 경우들도 있어요 내가 습관이 되서 내 발 얘기 위로를 받는 것에 너무 감사하고 좋아서 그런 것들을 넘어 찾아다니고 그 다음에 강아지에게 너무 내 감정 수 없는것을 익숙해 지지 않으려고 눈은 하셔야지 건 쿨러는 다른게 가 될 수 있어요 5 으 으,
104,https://www.youtube.com/watch?v=cTGfz5SUTrU,cTGfz5SUTrU,[Eng sub] I wonder if dogs do not recognize that their leashes are stuck somewhere｜Hunter Kang’s Q&A,강형욱의 보듬TV,"[Ask anything you want, though answers are not promised: Trivia Q&A] [I wonder if dogs do not recognize that their leashes are stuck somewhere] (Yay) No, they don't know (Give me the story, please) It's from Dubidubapba I wonder if dogs don't realize that their leashes may be stuck somewhere While taking walks, my dog's leash gets caught in something like a pillar If this is a pillar, the dog goes this way and I go the other Even though I pull on the leash, he doesn't seem to get  that he has to go back Can dogs understand this principle through training? From your story... I think I think I know how you walk your dog I think that you hold the leash with one hand and with the other hand, you hold  your smartphone or put it in your pocket You probably just want to walk your dog without paying attention I'm sorry, you may not,  but it's very likely If the leash is stuck in somewhere, you should go around for your dog That's why your dog just sits on the ground without knowing what you want him to do! I saw this guy holding the leash but put both his hands in his pocket When his dog was stuck somewhere, he just yelled, ""Come here"" Oh, man... (Lots to say, but not going to) Hold on tight to the leash and pay attention while taking a walk!",Korean captions unavailable; filled English manual captions
105,https://www.youtube.com/watch?v=XoXnKMqGjmc,XoXnKMqGjmc,"When I scratch his tummy, his leg flaps around. Does that mean he wants me to keep doing it?",강형욱의 보듬TV,5 4 아 예 4 어 아닐수도 있구요 맞을 수도 있습니다 아 그 요도 님이 중인 사회입니다 1년된 진동 끼를 키우고 있어요 강아지 벨을 읽어주면 다이 2 동시에 받았고 있는데 해달라는 뜻인가요 간질 어디서 라는 겁니다 이게 개 드디어 겨울이 사람으로 따지면 갈려면 는걸 죽을 게 천천히 띄워주면 의 질 때 러 한계 허정 퍼줄 거래요 그게 더 해달라는 득보다 4 뚜껑 첨단 줄어 타워 단지 러 하원 지 러 라고 해서 어떤 친구들 게임인 알지 그들은 벌떡 일어나는 경우도 있구요 어떤 친구들을 골문에 7이 모드 있잖아요 그 친구들은 그냥 텅 바통터치 기도하고 아마 우리 글도 님이 키우는 진돗개 비노 개들은 평균적으로 다른 전쟁 에 비해서 조금 예민한 이까 개 친구들은 심지어 그 긁고 있는 손을 밀어 내기 돼요 일단 요 아까 리 보다는 길 다리로 말랐는데 쓱 밀어 요 아 그렇죠 허나 지금 그래서 얻어 만져 다른 부사 드리고요 어 그냥 보호 라는 뜻일 겁니다 실제로 배 가슴을 이렇게 떠나 떠나 요즘은 것까지는 괜찮은데 학부 있죠 그 갈비뼈가 없네 되게 오픈됩니다 특히 라고 뼈 번 뼈로 불러 쌓여 지지 않은 배 쪽 부분을 이렇게 만들려 그러면 의 어쩌 꼽은 씰 거리는 듯 현행 도로 보이는 친구들도 있을 거에요 때문에 설계를 하게 되요 어떤 친구들은 좋아하지만 무조건 안전하다는 뜻은 아니다 슬쩍 p 해주셔도 좋구요 아니면 그냥 그 옆에서 다가 아니한 정의 써주시면 다 마크 강아지가 일어나서 그리고 무장 님이여 페스 를 쪽 기대지 아닐까 싶어요 쭉 만져 다른건 아니라 에 두 번 주의해주세요 aeiou 으,
106,https://www.youtube.com/watch?v=P_D0A8YeeJQ,P_D0A8YeeJQ,[Eng sub] Do dogs get revenge on their owners?｜Hunter Kang’s Q&A,강형욱의 보듬TV,5 4 c5 owe to on 5 뭐 아 d 라는 강정은 없는 것 같습니다 꽃사슴 감히 둘이 2분이 회 질문을 주셨습니다 산책하다가 실수로 발을 밝았는데 집에 도착하자마자 재료는 물어 버렸어요 원래 절대주의 난 묻는다 가지인데 국수를 한가봐요 그거는 뭐 물리쳤다 니까 넘어서 제 방법이 없구요 음 개 등을 얘기 차라는 강조합니다 정말 힘든 대한 정의에 왜냐하면 내가 미피 불판 항을 노예 겪었는지 스리 할 수 있어야 되는 수리 능력이 있어야 되는데 개들의 그걸로 교회의 어 어 능력을 갖고 있지 오늘 밥을 계시면 밖에 있다고 주세요 전 인물 그럼에 따라 씨가 아군은 오전 이미 뭐 이거 때문에 서거 때문에 늦어 가지고 없는 합을 느껴 줍니다 이런식으로 생각하느냐 이런걸 수 있죠 답 1 받아 가발을 달라서 밥이 아주 또 아 아 아직도 아픈데 보호자 님이 집에 돌아와서 생지를 꾹 눌러주세요 쭈쭈를 풀어주세요 오즐 뵙기 면서 훼손을 난 졌을 수 그러면 아퍼서 하지 마세요 라고 아 불교 이렇게만 하는게 아니냐 이런 거였지 마우스 째 마우스 펼쳐야 하는데 그 마우스 퍼즐을 맞춘 거예요 그래서 그럴 수도 있거든요 저라 미래 계획 검기로 밥이 더 아쉽다 팬더 부터 라고 생각을 하고 덜 병원에 데려 하지 않을까 싶어요 정말로 아빠 쓸 수 있어요 국수는 아닐 겁니다 [음악],
107,https://www.youtube.com/watch?v=t8zEJgp0Lso,t8zEJgp0Lso,[Eng sub] Does my dog think that he is  abandoned when he is hospitalized?｜Hunter Kang’s Q&A,강형욱의 보듬TV,5 4 [음악] 4 5 5 5 5 5 예 아닐 겁니다 아니길 바랍니다 학생 힐링 안녕하세요 간절하게 최 해 질문 드린 데 어 병원에 강아지가 장기 입원 하고 있습니다 그대 연애를 가면 오히려 강아지 입장에서는 보호자 랑이 내 집에 가는 줄 알았는데 날 떠나 두고 가고 있네 하고 부터 슬퍼 한다고 해서 잠깐 는 몰래 보고 오고 있습니다 실제로 인사를 하고 오는 것보다 참고 올래 부모는 것이 관련해 마음의 상처가 되지 안 된 방법일까요 이번 예상 인간 45 일입니다 강아지가 버려서 따라 고 생각한다 아 이것 조금 싶은 되어 있네 애들이 몸이나 치고 내가 내 가족으로 떨어지지 않아요 그러면 실제로 애들이 내 치료를 받고 있다 라고 생각하셔도 타미야 4 그래서 어 조금 왜 어려운 할게 보다 모자가 나를 찾으러 오겠지 라는 생각으로 있을 거에요 네 그런 마음이 더 많을겁니다 말고 뭐 예민 한다 예미 타고나서 미만이면 음 그러면 너 이렇게 생각할 수 있겠지만 좀 밝은 별 아니라면 아마 보화 장님이 어 잠깐 어디감 나오자 라고 생각할 수 있어요 이렇게 아이케 교육 하시길 바라구요 병원 받아 이번 실의 환경이 그 연애를 자주 했을 때 한 마리가 석고 나갔다가 들어왔다가 나갔다가 돌아왔다 아까 화면에 옆에 있는 다른 관련된 이번주의 다른말 여인들에게 되게 미치는 경우가 있다더라구요 수의사 님과 간호사 님에게 어쩌 보시구요 그분들이 말씀하시는 것을 들으시는 게 아마 가장 그 반려견을 위한 일일 거에요 222 으 으 [음악] 으,
108,https://www.youtube.com/watch?v=l04kugfBrsk,l04kugfBrsk,[Eng sub] Are there any ways to play with old dogs?｜Hunter Kang’s Q&A,강형욱의 보듬TV,5 4 co 4 5 싸 거야 5 아 드 줘 알면서 알면서 어 어 한재 님이 주신 질문입니다 노견 강아지들은 뭐 하고 놀아야 할지 그 부네요 장난감도 예전 만큼 흥미로와 하지 않고요 휴식도 하지만 가끔 장난치고 싶어 하는데 뭘 하면 좋을지 궁금합니다 똘 가장 좋아하는 것은 채 화채 칸은 되죠 아 이렇게 산책 말고 다른거 이런 분들이 많아요 아 상체 등대가 바쁘니까 다른거 그러고는 하루가 아니죠 안돼요 선택하세요 젊었을 때 산책 30분 했으면 지금 흙길 하면 되지 밖에 나가서 새로운 잔대 박하고 그쵸 이렇게 맞게 하고 앉아 쉬면 그거 넘 좋은거 겠어요 근데 이건 되요 다른거 없습니다 옛날 만큼 뭐 활발하게 공을 그렇게 가기 수는 없겠지만요 찬이 걷는것 그거 만큼 좋아하는게 없어요 걔들은 요 주께 직전에도 먹고 주변을 살피고 냄새맡고 간혹 소변도 조금 보고 그런 활동을 정말 좋아요 라 새로운 거 좋아하고 그렇지 않거든요 뭐 굳이 뭐 하나 알려드리자면 아주 지 숨기고 찾는 거 되게 좋아해요 이제 나이가 들면 은 귀도 종이 약해지고 등도 좀 약해 지잖아요 국내 코드 조금 약해 지는데 다른 어떤 기능보다 후는 그래도 마음 한 일이야 그래서 2층도 굉장히 좋아하던 장난감 아니면 굉장히 좋아하는 목이 이런 것들을 뭐 큰 오다가 이렇게 싸서 집에다가 쌀 기능 거에요 숨기고 창작 라고 해서 그것을 찾고 찾아오면 그 장난감 장난감 을 이용해서 놀아준다 든지 또는 먹이를 찾아 싸면 그 보기 이런 식의 우리도 좋아요 봤는데 3층 나가는걸 결 을 게을러 하지 마세요 위계 받는 말이야 결로 태을 할 터 그거 아 주 매거나 가십시오 그 밖에 서 좋은 날씨 마키 칸은 것만으로도 아마 이게 강아지 좋아할 거예요 으 으 아 으 [음악],
109,https://www.youtube.com/watch?v=BUAfaz8_InQ,BUAfaz8_InQ,[Eng sub] How do I reduce my dog's stress from moving to a new place?｜Hunter Kang’s Q&A,강형욱의 보듬TV,[음악] [음악] 아 완벽하게 없앨 수는 없지만 줄일 수 있습니다 김보들보들 님이 주신 사연입니다 질문이요 이제 아파트로 이사하는데 이사 스트레스가 심할까 봐 걱정입니다 열 살이라 더 걱정인데요 이사 갔을 때 해주면 좋은 것들이 뭐가 있을까요 사람도 평생 살던 동네를 떠나서 낯선 곳에 정착하는게 굉장히 힘든 일이잖아요 항상 그리고요 반려견들도 그래요 아직 이사 전이신 거 같아요 지금부터 이사가는 동네에 놀러 가세요 그 동네를 왔다 갔다 움직여서 익숙하게 만들어 주는 거예요 뭐 가끔씩 소도 좀 볼 수 있잖아요 그 정도의 흔적을 남겨 주시는 것만으로도 그 강아지가 훨씬 더 그곳에 대한 정착을 도와줄 수 있어요 그리고 또 하나 이사를 하고 나시면 첫째 날이 중요합니다 우리 강아지가 뭐 청소 같은 것도 다 끝난 다음에 이렇게 집에 들어올 거라고 어 예상을 해요 그러면 그냥 집에 들어놓고 그냥 가만히 놔두는게 아니라 줄을 풀지 않은 상태에서 집을 같이 걷고 또 한 5분 정도 뒤에 다시 밖에 나가고 이사오기 전에 남겨놨던 여러 가지 흔적들도 냄새 한번 맞고 다시 집에 갔다가 그런 것들을 반복하면 내가 여기에 이동했나 여기에서 이제 정착해야 되는구나라는 행동을 할 수 있어요 그리고 이사를 하게 되면 주변에 자극에 지음으로 대처하는 경우들이 있어요 또 없던 분리불안 아니면 진작에 해결됐던 불리불안 증세들이 다시 나올 수 있어요 직장에 휴가를 좀 낼 있다면 휴가를 좀 내주셨으면 좋겠어요 그래서 산책도 좀 자주 해 주시고 주변의 소리 주변의 냄새들을 같이 들어 주시는 거예요 같이들은 다음에이 소리나 별거 아닌 거 같아이 냄새 아 이제 익숙해져 익숙해져야 되겠다라고 하는 것들을 우리 살된 친구한테 알려 주면은 충분히 정착할 수 있을 겁니다 [음악] C,
110,https://www.youtube.com/watch?v=TqqxwT4SW90,TqqxwT4SW90,"[Eng sub] My dog turns round and round, is it because it’s happy?｜Hunter Kang’s Q&A",강형욱의 보듬TV,[음악] 아 그럼요 기쁘면 돌죠 한니 별이 님이 주신 질문입니다 강아지가 좋을 때마다 계속 빙글빙글 도는 거 같은데 맞나요 맞아요 산책하러 가자고 하거나 좋아하는 음식이나 간식 주면 좋아해서 계속 빙글빙글 노는데 그 이유가 무엇일까요 혹시 저 한니 별이님 돌면서 꼬리를 살짝 살짝 물지는 않나요 깨무는 거라기보다는 느낌을 좀 하는 친구들이 있는데 이게 어린 강아지 때 정말 철부지 때 있죠 그때 이거 되게 많이해요 그런데 저는 좋아하는데 이런 행동 좋아하는데 너무 심해지지 않게음 주의도 같이 합니다 왜냐면 기분이 좋아졌다 싶으면 뭐든지 날뛰고 뛰고 점프하고 달리는 걸로도 이렇게 전이될 수 있어요 그래서 가능하면은 어린 강아지 때는 그냥 신나게 놀아주 가끔씩은 내가 간식을 딱 잡고 있을 때 뱅글뱅글 도는게 멈추면 간식을 주는 이런 약간의 순서를 바꿔만 줘도이 도는 행동이 조절될 수 있거든요 나쁜 행동은 아니나 이걸 그냥 놔두면 조금 과한 행동이 될 수 있어요 줄을 맺 계속 빙글빙글 돌면서 달려가려고 한다거나 뭐 저 강아지하고 놀고 싶다고 빙글빙글 돈다거나 이런 식에 너무 과잉 행동으로 번질 수 있으니까 이런 거를 예방하기 위해서 어떻게 간식을 들고 있을 때 빨리 먹고 싶다고 뱅글뱅글 돌면 그땐 주지 마시고 잡고 가만히 있다가 앉아 있거나 가만히서 있을 때 그때 좋으세요 그럼 아마이 행동이 아 차근차근히 조절이 될 겁니다 l [음악],
111,https://www.youtube.com/watch?v=NIsEvkfxdQM,NIsEvkfxdQM,"[Eng sub] When I pet my dog, he licks my hand. Does he mean stop?｜ Hunter Kang’s Q&A",강형욱의 보듬TV,5 ce 예 4 뭐 5 가 됐습니다 아 그럴 수도 있습니다 예 검댕 랜드 님이 주신 질문입니다 질문입니다 강아지 만질때 오늘 핥으면 싫다는 건가요 음 그럴 수도 있어요 두 가지를 보면 되요 타 할텐데 비가 뒤를 잡히면 이것은 쪼금만 좋습니다 네 라고 하는거예요 거기에 눈이 약간의 라고 하는 느낌은 있어요 굉장히 성격이 착한 친구들이 파견 확실하게 자기 표현을 못하고 응 하 지 말 지 줘 라고 할 때 이런데 좀 아픈데 만들려고 하면 마 같아요 또 하나 꼬리가 요동친다 8t 면서 꼬리가 요동친다 그러면 너무 즐겁고 어그 손 맛 게임으로 오르 쉽고 할 터 버리고 싶고 우아 학과 점심 뭐 뭐 하는 거야 라는 뜻이니까 그건 꼬리 귀 이걸 한번 자캐 보시면은 감정에 이름을 알 수 있을것 같아요 핥으면서 귀가 뒤로 접혀 있다 그러면 빠지지 않았으면 좋겠다 라는 뜻입니다 으 으 [음악],
112,https://www.youtube.com/watch?v=udM6mlwJb5w,udM6mlwJb5w,[Eng sub] Is there a reason my dog is tilting his head?｜ Hunter Kang’s Q&A,강형욱의 보듬TV,5 ce 4 됩니다 5 아 어학에 있습니다 예 아니 감사해요 아예 맞는 박사 1 박사님이 주신 너 실 문입니다 강아지들이 가끔 고개를 갸우뚱 하는 행동을 하는데요 이게 무슨 의미인가요 뭔가 궁금해서 그러는 것 같은데 그냥 하는건지 항상 궁금했어요 아 이제 이런 거죠 가만히 보다가 어 이런 느낌이죠 어 이게 음 보통 아 이렇게 말씀드리면 좀 그렇지만 혼자 이상한 행동을 많이 하는 보호자가 키우는 게 드림 아니에요 아마 이걸 자주 보셨다면 무료 보호자 님이 무슨 행동을 하고 있나 걸로 비춰 보세요 얘들이 한 번도 보지 못했네 객실 굉장히 해야 되라 좋아 해야되나 다하거나 정말로 빨어 라고 할 때 고개를 살짝 움직입니다 아마 보호자 님을 뭐라 그대로 라고 하는 마음이 있을 수도 있는데요 그게 귀여운 행동 이에요 이거는 뭐 슬프거나 즉 뭐 그런게 아니라 그냥 뭐지 라고 하는 행동인데 금방 풀립니다 또 이게 어린 강아지 일수록 많이 나와요 정말 호기심이 왕성할 때 나오는 행동 인데요 그러면 이 행동 저도 가끔씩 보는데 너무 너무 즐겁고 너무너무 좋아해요 바로는 바로는 지금까지 몇 번밖에 안 했어요 스키나 언제 했냐면 우리 어 센터에는 그 더 지들이 좀 있나봐요 그래서 가끔씩 두더지 끼리 이렇게 보이는데 그 두더지 끼를 볼 때마다 이렇게 행동을 합니다 그런데 최씨 나다 우리들은 아해가 한 적이 있었나 비오기 않아요 근데 어 링 가지고 호기심이 많은 말씀 많이 하구요 또 분명히 저 뭔가 있는 데 집중하고 싶을 때 알아내고 싶을 때 그때도 9개를 대 뜬 곁에 한기대 기온에 놈이니까 4 이렇게 하니 찍어놓고 비디오도 찍어 놓으세요 뭐 조금 나이먹으면 못 봐요 c55 으 으 으 으,
113,https://www.youtube.com/watch?v=pSpYbeGc5FA,pSpYbeGc5FA,[Eng sub] Do dogs cry when they are sad too?｜ Hunter Kang’s Q&A,강형욱의 보듬TV,5 ce 4 됩니다 으 [음악] 으 아 으 아 하아 아니라고는 합니다 판 하은 님이 주신 사연 한번 읽어 볼게요 강아지도 슬퍼서 눈물을 흘리 나요 우리집 까지는 혼자 있거나 아플 때 눈물 흘리는 것 같은데 슬퍼서 그러는 걸까요 실 품에 의해서 눈물을 흘리는 건 사람 뿐이 없다 라고 좀 책에서 본 것 같아요 그런데 많은 분들의 이야기를 들어보면 아니에요 우리집 강아지는 저기 제가 어디 멀리 떠날 때 정말 쓸 거야 너무 커 지더라구요 제가 블루 명이었는데 제가 전역할 때 우리 제가 담당했던 근거는 제가 전역할 때 누구를 풀리더라구요 싸고 하는 이야기를 제가 들은 적이 있어 그래서 저는 음 사실 뭐 어떤 게 정답일 지는 모르지만 저는 믿고 있습니다 그거는 어떤 사람도 정답을 알지는 못하는 것 같더라구요 그런데 저는 믿으려고 요 슬프면 눈물을 흘린 으로 같아 좀 그렇게 믿고 있습니다 [음악] er 으,
114,https://www.youtube.com/watch?v=o1t-cSidZys,o1t-cSidZys,[Eng sub] Can dogs with large age difference become friends?｜Hunter Kang’s Q&A,강형욱의 보듬TV,5 ce 5 4 5 4 5 꼭 5 검 용어 군 서영 님이 올려주신 사회입니다 강아지들이 나이차이가 많이나는 강아지와 친구가 될 수 있나요 걔들 많아 조금씩 다른것 같기는 해요 우리 사람도 그렇잖아요 되게 좀 크 란 분들은 나이가 뭐 적든 많든 뭐 연령 이런거 상관없이 되게 친구가 될 수 있지 않습니까 걔들도 그래요 나이가 많다 라고 하면 아마 물건을 좀 스친 하지 않을 않으셨을까 싶은데 녹여 니 몸 중에 어딘가 가지고 마 아프다 싶으면 젊은 강아지 하고 친해지는 게 쪽 후에 어려운 것 같더라구요 젊은 감아 지들은 뭐 육체적으로 노는 거 좋아하잖아요 뚫리고 달리고 부딪히고 그런데 허리가 좀 안 좋거나 아니면 뭐 모교 좀 안 좋거나 그런 강아지들은 그렇게 역학의 육체로 노는 친구들이 좀 더 어려워 할 수 있거든요 그래서 노견 들은 기본적으로 천천히 다가와 주는 반려견을 좋아해요 조금은 조심성이 많은 전동 당하지 더 라고 좀 잘 맞을 것 같아요 그런데 노견 도 굉장히 영어 지가 좀 좋고 건강하지 라면은 그런거 하고 상관없죠 그리고 또 하나 만약에 나이대 상관없이 잘 어울리게 하고 싶다면 나이가 많으니까 아직은 아이가 잡은 가지고 서로에게 무리한 경영을 하는 사라지 를 조절을 해 주셔야 되요 그냥 강아지 들끼리 너희들이 한 번 칠해 줘 보렴 안 하는게 아니라 보호자가 누구도 누구에게 무리하지 않고 예의 없지 않게 행동할 수 있게 조절해 주시면 시간이 조금 걸리더라도 나이 성별 견종 이런거 상관없이 7개월 해 줄게요 나이고 많다고 의 하시면 안되요 다 친구 될 수 있어요 [음악] 으,
115,https://www.youtube.com/watch?v=ZS9-aE9f3EU,ZS9-aE9f3EU,[Eng sub] Do dogs have a spot where they like or dislike to be touched? Hunter Kang’s Q&A,강형욱의 보듬TV,5 4 5 4 or a poor 예 에 [음악] 즉 구입 아빠스 달린 미주 시사회 입니다 강아지가 만져지면 좋아하는 것과 싫어하는 것이 어디인가요 또는 만지면 아픈 곳이 있나요 안저 주는 좋아하는 것 그 주둥이와 이 마하 닿는 그 눈과 눈 사이 거기를 이렇게 살짝 열자 이렇게 만져지며 는 잠을 자는 것처럼 더 하구요 그 다음에 아래 터 양쪽을 이렇게 이뻐 지면은 참 좋아합니다 그리고 싫어하는 것 싫어한 곳이라고 굳이 뽑자면 몸에 끝점 인데요 즉 발 카라 뒤쪽 관절들이 되게 약하고 작아요 그런데 우리가 악수 한다고 그 발을 잡고 흔들거나 뭐 그럴때 림 싫어할 수 있구요 허리가 좀 불편하거나 골반의 좀 문제가 있을 때 발을 발음 저리다 라고 합니다 그래서 좀 그런 친구들은 발을 만드는 것도 싫어하죠 또 정말 정말 싫어하는 곳이 있어요 꼬리 m 꼬리 꼬리 이렇게 움직이면 정말 흐뭇한 표정 지으면서 이렇게 가까이 가서 이렇게 만들 때가 있거든요 정말 깜짝 놀라요 그 상대가 어 나를 억압하는 비는 것 같은 그런 느낌을 강아지들이 받나 봐요 꼬리가 잡히면 순간 한 꼬리와 연결되어 있는 항문 또 하복부 쪽을 안쪽으로 확 말면서 순간 꼭 오라고 이렇게 피하는 모습들을 많이 볼 수 있습니다 그래서 꼬리 만지면 안 되구요 아 파는 곳이라면 은 으 급소 겠죠 그리고 부터 강아지가 만지면 좋아하는 것 싫어하는 것 뭐 이런것들은 요 그 사람이 누구냐에 따라 좀 달라지는 것 같아요 만약에 내 강아지 라면은 어느 신뢰 관계를 잘 쌓는다면 은 아마 어떤 부드러운 터치 들도 잘 받아 드릴 건데요 모르는 강아지라면 은 4 뭐죠 흙 냄새를 맡게 해 주면 훨씬 더 좋습니다 특히나 처음 보는 강아지 안되는 손바닥보다 손 등을 보여주면 강아지들이 조금 더 마음의 평화를 같고 그 사람이 안전하다 라고 느낄 수 있으니까 손등을 먼저 보여주고 냄새 마케 해주며 는 훨씬 더 빨 칠해주고 자기 몸도 이렇게 만질 수 있게 허락하지 않을까 싶어요 이거는 개 밝힙니다 겸 경과하면 개 반 뭐 알아서 들으세요 e25 으 [음악],
116,https://www.youtube.com/watch?v=SDaPPBYM2ts,SDaPPBYM2ts,"[Eng sub] If a dog doesn't smile, does that mean they're unhappy?｜Hunter Kang’s Q&A",강형욱의 보듬TV,5 ce 4 됩니다 5 아요 오예 어 아 몰디브 님이 주신 사이에요 강아지가 않으시면 안 행복한 거나요 유튜브에 강아지 션을 도 종종 보는데 많이 있더라구요 저희 g 강아지는 산책하러 가도 간식을 줘도 웃는 모습을 한 번도 본 적이 없어요 행복하지 않아 서 있지 않는 걸까요 개그도 표정이 있죠 뭐 우월한 설정도 있고 길 표정도 있고 그런데 우리가 생각하는 것처럼 그거 점과 반점이 이렇게 맞아떨어지는 것들이 그렇게 많지는 않은것 같아요 또 사람마다 조금씩 다르게 느끼는 경우들도 있잖아요 제가 조금 더 사실적인 걸로 반려견의 감정을 않은걸 가르쳐드릴게요 오늘을 보며 할 수 있는데요 이 꼬리에 끝이 중요해요 꼬리 끝이 다리 뒷다리 사이로 말려 들어가면 이것은 지금 내가 어떤 무서워 두려워 어디 아퍼 라는 뜻이고요 이 꼬리가 다리 하고 다시 사이가 아닌 바깥으로 이렇게 살짝 내려가 있다면 이건 편안한 상태에요 여기서 숙자 기분 좋은 계획 꼬리는 헬라 게 살랑 이란 느낌 아시죠 꼬리 뿌리에서 2 움직이는게 아니라 꼬리 끝만 삶은 살람 이렇게 움직 이거든요 그거를 보면은 훨씬 더 좋을 것 같구요 굉장히 좋은 게를 놀라고 있어도 이렇게 웃고 있는 것 같잖아요 어쩌면 은 모형과 납작한 단 2종 같은 경우에는 약간 그런 얼굴이 안 보일 수도 있거든요 그래서 그럴 수도 있을 겁니다 너무 염려하지 마시며 보자니 먼저 많이 웃어 주시고 뭐 개 처음 뛰어 놀아 본 애가 왜 보호자가 나하고 같은 높이 같은 톤으로 놀아 준다 라고 하면 정말 기분 좋아 하고 웃으니까 악기 때 웃는 얼굴 볼 수 있지 않을까요 한번 해보세요 개처럼 보시면 해 드려야 할 5 소소한 qna 질문의 책 개 중 1개는 [음악] 반려동물을 위한 프리미엄 공개할 건조가 씩 토크 되서 간식을 보내드립니다 [음악] 으 으 [음악],
117,https://www.youtube.com/watch?v=S-0QsHQ46To,S-0QsHQ46To,[Eng sub] do dogs feel left out if people eat without them?｜Hunter Kang’s Q&A,강형욱의 보듬TV,5 4 5 4 예 맞아요 있었습니다 이제 단 이미 kna 처합니다 가족끼리 많은 음식을 먹으면 강아지가 서운해 하나요 파워 낼 수 있지만 사실을 이거는 서원의 하지 않아도 될 문제의 보호자 님은 강아지 먹을 때 이렇게 물 꿇어 를 보고 그런거 안 하시잖아요 근데 강아지도 사실은 음식을 먹는 대상에 대한 존중이 있어야 되요 음 올해도 먹는 강아지 막 건들고 부르지 않듯이 강아지도 우리가 식사를 하거나 의식을 먹을 때 옆에 온다거나 달라고 떼를 쓴다거나 그런 행동들을 하지 않게 관리하는 게 좋은데요 정말 그 있잖아요 그 월하 그렇게 되기 깜빡깜빡 거리면서 얘기 옆에 앉아있는 또 어떤 애들은 때도 안 써요 안정환 있어 어때 쓰면 뭐 위 어랏 알 수 있지 a 왜 그래 근데 발도 안 해요 브라이언 거 다 아니 에게 눈을 뭐 세포주 이렇게 않는다고 해야 될까 는걸 이름의 친구 같고 말 그러면 어떻게 안 줘 라고 하면서 주시는 분들이 이제 계시는데요 사실 어 내가 하 내가 먹고 있는 이 식사에 강아지를 참여 시키지 않는 게 훨씬 더 앞으로 우리가 발견 하고 사는 데에 도움이 많이 될거예요 그렇지 않으면 은 계속 보호자 님하고 음식을 나눠 먹고 싶어 할 거고요 나중에 나눠 먹고 싶어 했던 행동이 이제는 음식을 내가 쟁취 또 소유하고 싶다 라고 잘못된 의사를 표현을 하고 혹시나 보호자 님이 울고 복구 스타 올수 라고 하듯이 강아지한테 나는 뺏길 것 같진 않았는데 상황이 뺏기 드 강아지한테 주게 되면 가끔씩 어떤 반력 에는 보호자가 음식 만들고서 위협적인 행동을 하거나 심하게 점프 해서 어 요구하는 경우들이 생기더라구요 솔직히 저도 주고 싶을 때가 있지만 주지 않습니다 만약에 강아지가 보호자 하고 음식을 같이 나눠먹는 이런 습관이 안 생기고 적절한 식습관을 갖고 있다면 강아지 하고 도시 어디도 갈 수 있고 정말 수 있는 것들이 훨씬 더 많아져요 그러니까 강아지들 하고 식사를 같이 하지 않았으면 좋겠습니다 소소한 퀘 내에 질문에 채택되신 분들께는 후 아 야 반려동물을 위한 프리미엄 동결건조 다시 보패 되서 탈색을 드립니다 co 으 으 으 으 [음악],
118,https://www.youtube.com/watch?v=RZOw-c9mPEM,RZOw-c9mPEM,[Eng sub] Would my dog think it's weird when I pick up his poo?｜Hunter Kang’s Q&A,강형욱의 보듬TV,5 c55 뭐 이 과 이하의 생각하지 않습니다 5 리얼 p 스님이 주신 사이에요 산책해 로 나와서 자기가 싼 똥을 해 다시 주어서 들고 다닌 튼 주인을 보면 무슨 생각을 할까요 이게 무슨 질문이 일이 엄호 내 뼈에 관심이 있나 보지 않고 생각이 나겠죠 왜냐면 응가 에는 척만 하는 정보가 이 따라 그래요 성별 또 뭐 질병의 정도 뭐 뭘 먹었는지 그래서 의 관행을 이렇게 맞추면 그 상대 길 정보를 얻을 수 있다 그래서 어떻게 보면 우리 보호자가 나를 자 안에 그 생각할 수 있으니까 우리가 잘 채워 주세요 대질 어깨 좀 특별 틀 꺼리며 는 이렇게 똥 치우지 마시구요 당당하게 그냥 다 걔들은 치운다 쉽게 내가면서 we 되는 아마 다음 아이들이 좋아할 크 아 이렇게 모은 소개 5 소소한 퀘 4 의 질문에 착해 중 1개는 [음악] 반려동물을 위한 프리미엄 공개할 건조가 이제 폭포 되서 간식을 보내드립니다 [음악] [박수] top 5 으 으 으 으,
119,https://www.youtube.com/watch?v=IiPlOlSCpVE,IiPlOlSCpVE,"[Eng sub] if i walk my dog only at night, would the dog feel down?｜Hunter Kang’s Q&A",강형욱의 보듬TV,5 4 5 4 5 5 5 5 5 으 [음악] 허 좋으세요 이렇게 아 어그로 님이 주신 사연입니다 사람이 오랫동안 햇볕을 쬐지 않으면 우울해지기 쉽다 뜻이 매번 저녁에만 산책하러 나가면 가 이제 우울해 하나요 이게 햇볕 때문에 있는지는 모르겠지만 아래 글들은 어두운 상태에서 산책을 하는 것보다 새가 있는 상태에서 산책하기 를 좋아해요 어두운 상태에서 비츠 움직이고 또 어떤 사람이 갑자기 나타나는 그런 상태를 조금 겁내 합니다 근데 이게 직장 다니시는 분들은 아침 일찍 산책하는 게 너무 힘든 일이잖아요 그래서 퇴근하고 뭐 씻고 밥 먹고 나서 성취를 나갈 때를 보면 향상해 가진 상태인 경우들이 많아서 아마 저녁 산책을 많이 하실 거에요 약간 사회적 이지 못한 친구 거나 소극적인 친구들은 저녁에 산책을 할때 우울한 것처럼 보이기도 한번 보자 님 낮에 한번 해보세요 그럼 조금더 달라질수 있구요 같은 코스를 해가 있을 때 하면 국물에 한 거나 약간 좀 소극적으로 보인다 라고 생각이 안들 수도 있어요 또한 캐릭의 실무에 채택되신 분들께는 [음악] 반려동물을 위한 프리미엄 동결건조 1씩 퍼펫 외서 단식을 보내드립니다 [음악] 으 으 으 으 222,
120,https://www.youtube.com/watch?v=ia3-eCrMLA0,ia3-eCrMLA0,[Eng sub] Will my puppy understand his new name?｜Hunter Kang’s Q&A,강형욱의 보듬TV,5 ce 4 이렇게 뵙게 됩니다 뭐 이끼가 room 예 알았습니다 김 맨 주님이 주신 사야 됩니다 월롱 이도 사람처럼 중간에 이름을 바꿀 수 있을까요 개명 하면 알아 될까요 그거 합니다 많이 고민하시는 분 계세요 특히나 어육 이견 고속 이에 가면 파악에 부를 수 있는 이름이 하나 있긴 했는데 이제 새로운 가족이 됐으니까 이름을 하나 정해 주고 싶은 거예요 근데 반려견 들은 나 를 지칭한다 라고 하면 이름을 의장 처럼 이렇게 중요하게 생각하지 않습니다 중요하게 생각하는 건 그 이름 이라고 하는 소리 다음에 마요 일가가 따라올 지가 더 중요해요 만약에 이름을 누르고 오늘 더 많이 난다면 그 강아지한테 이름은 퐁 나는 소리가 될 것이구요 왜 이름을 부르고 하나에게 보호해주고 항상 학생 나가고 맛있는 것도 먹고 그 이렇게 즐거움이 따라오면 그 이름은 어 굉장히 기분이 좋아지는 소리가 될 수 있어요 아자 우리 강아지 지금 공격적인 데 다시 한번 교육을 시작할 거야 이런 마음을 바꾸고 환경을 바꿔 주고 교육방법을 바꿔주면서 이름을 바꾸시는 분들도 있고 저도 가끔씩은 추천 하게 되요 만약에 똘이 라면은 프로이 아이 저의 써 보기 한식 이런 씨 이런 식으로 잘 연결만 시켜주면 은 이른바 까도 저희는 상관없어요 어쩌면 은 예전에 들었던 이름보다 훨씬 더 좋아할 수 있어요 제가 얘기 해 드릴까요 우리 최씨는 7 실행 말이야 아 아아악 강남 하자 라고 하면 어 이러면서 움직여요 솔직히 이런 이름 불러봐 차량 어 나가자 산책 가자 뭐 탄식 이런 엄청 좋아하잖아요 저는 어 이름을 바꾸는 거에 대해서 그렇게 나쁘게 생각하지 않고요 이름을 바꿀 마음이 있다면 4 얼마든지 바꿔도 괜찮아요 [음악] 으,
121,https://www.youtube.com/watch?v=IKXGe-ynn5g,IKXGe-ynn5g,[Eng sub] Why does my dog growl when we play tug of war?,강형욱의 보듬TV,5 4 ce 5 뭐 뭐 아 아니에요 4 엔딩 사운드 n 먹방 님이 해주신 질문이에요 터미널이 할 때 으르렁 되는데 나온 자 들 거야 그만 나라 거라는 뜻인가요 아니에요 이게 턱은 우리 이제 모르시는 분들이 계시니까 강아지가 좋아하는 헝겊 아니면 뭐 장난감 그 인형을 가지고 분자 릭이 하듯이 좀 빼 키 뺏겨 주는데 또 뭐 안 뺏겨 주는 듯 하면서 이렇게 중 룰 9 당기는 줄다리기 하나씩 이렇게 하는 우리 인데요 있어 3 피부에 너무 좋고 너무 약간 좀 20 여기 있는 개들이 소리를 이 운다면 으 이런 소리를 해요 근데 이거는 어 되게 열심히 하는 소리 중의 하나입니다 뭐 의 시작 위험 차 라고 하는 소리니까 먼로 염려 하지 마시구요 재미있게 보세요 이거구나 나랑은 모두도 환했다 그러나 너무 재미있게 뭐 하려고 하는데요 그만하라고 라고 하면 아마 예 뻘쭘 할 겁니다 그러지 마시고요 재밌게 놀아 주세요 그때는 같이 소리를 해 주세요 아 주시면 감 화 최고의 친구가 되지 않을까 아마 터브 정말 사랑 하게끔 그런데 아무래도 일으키고 너무 걱정하지 마세요 재밌게 노세요 더하세요 [음악] 으 으,
122,https://www.youtube.com/watch?v=iG0R_vUndG4,iG0R_vUndG4,[Eng sub] Do dogs also feel awkward when they are alone with a stranger?｜Hunter Kang’s Q&A,강형욱의 보듬TV,5 ce 4 됩니다 5m [음악] tote 아 아 그럴 수도 있겠죠 아 아 아 아 아니 나 근데 솔직히 있죠 좀 좀 그래 질문들이 요즘 에서 힘들어 쥰님 강아지도 칠하지 않은 사람이랑 단 둘이 남게 되면 어떻게 아나요 검색하게 찍어 모르는데 왜 생각이었지 모루 사회를 어떻게 그래 에 아이 사람에 따라 좀 다르거나 제거합니다 저희 다 우리 같은 경우에는 저랑 같이 있을 때는 상대 사람한테 인사도 하고 냄새도 봤는데요 제가 그 사람이라 다 우리 이렇게 딱 둘만 놔두고 뭐 잠깐 화장실에 간다거나 매점에 간다거나 그러면 그 사라를 아예 없는 사람 취급을 하고 젊은 기다리기도 합니다 그 제가 또 이렇게 보면 은 다들 이 제품도 봤구요 또 뭐 공구를 가지고 갔는데 저만 딱 없어지면 이제 제가 나가 안쪽으로는 이렇게 쳐다보고 있는 그런 상태를 많이 볼 수 있어요 이게 아마 보호자가 없어서 2 불안함에 라는 감정 일텐데요 아마 그 상대가 친절하게 해주고 뭐 막 만지 받아 어 아 뭐 소리를 주셨으나 그러지만 않고 차분하게 인사하고 기대를 주고 또 많은 것도 주고 그러면 아마 낯선 사람이라도 괜찮을 것 같아요 그런데 먹고 나선 사람이 이렇게 보유 머리를 힘껏 하려고 그러면은 아 맞 먹색 하겠죠 4 으 으 [음악],
123,https://www.youtube.com/watch?v=dAIJAHihI9M,dAIJAHihI9M,[Eng sub] Are there dogs that don't howl?｜Hunter Kang’s Q&A,강형욱의 보듬TV,5 4 5 4 뭐 썼어 들어용 모아논 님이 주신 사연입니다 하울링 을 아멘 강아지 됐나요 저희 집 미니 삔 을 의미하는 지 2년째인 데 한 번도 하울링 하는 것을 본 적이 없어요 소매 나를 강아지들이 하울링 해도 반응 없고 영상을 보여 줘도 무관심 합니다 혹시 소 심하거나 사회성이 부족한 것 아닐까요 선릉 을 안하는 이유가 뭘까요 하울링 하나는 개는 어쩔 정상일 수 있어요 걔들은 좀 당발 적 이라고 해야 될까요 컴컴 컴컴 이런 소리를 많이 내지만 늑대들은 그 표현을 할 때 그 음율이 있는 소리를 많이 내요 그게 하울링 이에요 어 옛날에 좀 덩치가 크고 또 다른 강아지 더 라고도 그냥 풀어 놓고 살고 어울리고 이런 친구들은 물이 의식이 좀 이렇게 강 했나봐요 그래서 옆에 있는게 한테 지금 어떤지 이런거를 물어볼때 하 월드를 많이 하기는 하는데 근데 요즘에 왜 있는게 들은 하울링 을 하는 경우 들은 정말 정말 극히 드물죠 평상시에는 하울링 을 한다면 사실은 안타깝게 저는 볼 것 같아요 왜냐면 하 원림 을 했다면 지금 자신의 상태가 온전하지 를 못한 볼 수도 있거든요 나 지금 좀 외로워 당신 어디 갔어 보통 요런 상태이기 때문에 하울링 을 한다면 조금 이 친구가 불안감이 있지는 않나 라는 생각을 할 수 있을 것 같아요 아니면 어떤 친구들은 음악에 맞춰서 노래를 부른 징후도 있는데요 이런거 아니라면 약간 불안할 때 조금 자신의 상태 의상을 늦게 할 때 하울링 을 많이 한답니다 밀리 핀 하울링 하는 친구를 제가 한말이 봤나 두발이 봤나 몇마리 더 있겠지만 흔치 않습니다 너무 염려 하지 마시구요 하울링 자주하면 미원 들어와 [음악] 으 으 으 으 으 [음악],
124,https://www.youtube.com/watch?v=ksd3eLpQOEc,ksd3eLpQOEc,[Eng sub] Is it okay to watch videos about problematic dogs with my dog?｜Hunter Kang’s Q&A,강형욱의 보듬TV,5 ce 4 이렇게 뵙게 됩니다 오 예 오오오 으 아 예 빛님 2주 심사 입니다 9개월된 골든 레트리버 를 키우고 있습니다 혹시 문제 견 들을 다루는 tv 프로그램을 강아지와 같이 봐도 괜찮은 건가요 짖는 소리나 문제행동을 하는 강아지 영상을 많이 쳐다볼 때가 있는데 그것을 따라 할까봐 혹시나 걱정스럽습니다 너무 염려하지 마세요 어떤 친구들을 달려가 가지고 정말 티비 속에 들어갈 정도로 이렇게 굉장해 하는 친구들도 있다고 하는데 저같은 경우에는 되려 그런 강아지 일수록 그 팀이 프로그램을 이용해서 빌 구할 수 있다라고 설명드리기 도 하거든요 또 보호자 님이 트리 보시면서 막 아픔을 주지는 않을 거잖아요 얌전하게 이렇게 까 아니어서 저런 강아지가 앞에 나오지만 라는 괜찮아 라는 모습만 보여주면 뭐 저 강아지가 있는데도 저런 소리가 나는데도 보호자 님이 괜찮네 뭐 지금 괜찮은 건가 라고 이런 해주네 그런 연습이 되기도 하거든요 아직 어린데 이거 뭐 고갤 병원 강아지 보지 말라고 붙어 있는 것도 아니고 24개월 미만의 강아지는 시청 하지만 이런 것도 아니고 걱정된다 라고 하시는 분들은 요 우리집에 줄이 있잖아요 강아지 줘 딱 내고 이제 뭐 블러셔도 거라는 게 아니라 액수를 이렇게 가볍게 매고 쇼파에 앉아서 의자에 앉아서 강아지 하고 tv 보시는 강아지가 훨씬 더 차분해지고 교육적으로 도움이 될 수 있습니다 많이 보세요 또 특히 줘 어 유튜브 같은거 있잖아요 보존 팁이라고 4 강아지와 같이 보시면 어 도움이 되지 않을까 우리 채널은 3개월 이상의 가 가지는 같이 찾았어요 최소 입니다 같이 재밌게 보시구요 긴장을 좀 하는 강아지 라면은 줄을 매고 앉아서 보거나 조금 더 많이 굉장한 은영아 지면은 아오 끔 집을 왔다갔다 하면서 없으며 는 훨씬 더 교육적으로 도움이 될겁니다 [음악] 으 으 으 으 으,
125,https://www.youtube.com/watch?v=CeoNCK-9vVw,CeoNCK-9vVw,[Eng sub] Do dogs like using pillows?｜Hunter Kang’s Q&A,강형욱의 보듬TV,5 4 아 네 뭐 [음악] top 5 터 줘야죠 엄 청 적 5 어 황정민 님이 보내주신 사연입니다 어 살때 같이 베개를 배고 높습니다 애들도 베개를 했는걸 평안의 하나요 걔들이 가장 좋아하는 3자는 형태가 자기를 완벽하게 숨기는 것이 아니라 내 몸은 어느정도 숨기는데 얼굴을 살짝 내밀고 있는 모습을 되게 좋아해요 완벽하게 은폐하려는 누군가가 주변에서 날 내 쪽으로 옳은지를 살피기 힘드니까 고개 정도는 왔다갔다 움직일 수 있게 고개를 살짝 기대고 있네 꼬미 이렇게 내밀고 있는 모습을 좋아하기 때문에 배쪽에 다가 그렇게 많이 할 수 있어요 그 보통 그런 친구들이 조금 수동적인 친구들이 많아요 주도적인 친구인데 머리맡에 잔 나면 그건 쪼끔 긴장해야 될 필요는 있어요 이 주도적이고 같은데 자꾸 머리 마셔야 한다 라고 하는 것은 보고 자를 소유하려고 할 때 이런 행동을 하기도 합니다 그래서 보호자가 조금만 뒤쳐져 도 어 이런 소리를 내려고 하는데 머리만 살아간다면 은 바이런 친구들은 조금 활용할 수 있으니까 아예 같이 작은걸 하지 않는 게 좋고요 그리고 또 하나 보호자 님들이 너무 쳐지는 게 많고 너무 8 4 뭐 이런 분들 있잖아요 이렇게 자는 강아지들이 아유 후자 고참 자고 싶은데 저 발 밑에 있다가는 한데 맞을 것 같고 옆에 사다가 는 한데 이렇게 될 것 같고 그러니까 위로 위로 위로 올라가다 보니까 보호자 님 어 머리맡에 있는 경우들이 있어요 원래는 안그랬는데 요즘에 좀 위해서 한다 라고 하면 내 잠 벌어서 한번 생각해 보고 그 다음에 강아지의 뭐 컨디션도 살펴보시면 좋을 것 같습니다 괜찮은 거에요 굉장히 편안해 양보 되는 좋아할 때 많이 이럽니다 오 오오 예 오 으 으,
126,https://www.youtube.com/watch?v=uP6Ns4RqsEI,uP6Ns4RqsEI,Do dogs whine too? | Kang Hyung-wook's Small Q&A,강형욱의 보듬TV,5 4 ce 4 oie 아 뒷 일이 왜 이렇게 그거 에 아비 bsl 이미 주신 사인입니다 강아지도 정말 피지 나요 등돌리고 앉아서 아이의 안 보겠다는 듯이 흥 칡 삐졌어 하는 느낌으로 있을 때가 있는데 그럴 때 이름을 부르며 새초롬한 이 고개만 돌려서 흠 왜 불러 하는 듯이 바라 보고는 합니다 스 모습이 웃프다 5 하고 막 달래 주고 싶은데 제 착각인가 요 거래 강아지가 지금 쿠션 나 라는 느낌을 지금 각국에 지금 보호자가 있으시다면 분명히 보호자 다 뭔가 지금 강아지한테 섭섭한 행동을 했어 난 속 미안해 국내 강아지가 저렇게 떨어져 있는 듯한 그런 등돌리고 있으니까 아이 그저 거저 어떤 나한테 좀 섭섭하게 느꼈나 보다 라고 생각해서 미안한 마음에 이런 거 같은데 아마 삐져 타는 표현보다 어 조금 굉장하고 있다 고민해 봅니다 강아지들은 얼어있는 거에요 왜 아직 이 좀 화를 했죠 아흐 g2 말하고 싶었어 화 내니까 아버지가 어러 조기가 많이 쓰니까 빼진 게 아니라 조 무서워도 이렇게 있는 경우도 이런 많이 있습니다 4 그리고 어쩌면 고잔 1동 자기는 컸을 수도 있어요 한번도 부드럽게 하며 는 강아지들이 결혼해도 하지 않을 거고요 강아지가 만약에 그렇게 있을 때 네 다 가지고 야 미안해 8 투어 라고 하는 것보다 앉아 가지고 이렇게 손 내밀어서 가지가 나한테 오는지 안 오는지 를 확인 할 만져주고 말 걸어주고 또 예뻐 주면은 아마씨 급속한 마을이 될 겁니다 가장 좋은 화 에는 더 산책 이니까요 탄생 나 같아요 고 말이에요 데리고 나갔다 오면은 자 풀려 있을 겁니다 [음악],
127,https://www.youtube.com/watch?v=7c_0n0wLTwA,7c_0n0wLTwA,강아지도 집이 더러우면 싫어하나요?｜강형욱의 소소한 Q&A,강형욱의 보듬TV,5 4 5 4 5 4 5 4 2 lee [음악] 아 어구 진로 그렇지는 않습니다 4 어 반 단 님이 주신 사연입니다 대인 들은 집안 청소를 안하고 더러운 싫어하나요 흐흐 청소를 안해서 더러운지 깨끗한 지 알고 있나요 쇼트 이걸 있어요 그 더럽다 더럽지 않다 뭐 이런거에 기준이 우리 사람하고 조금 달라요 그 모레가 떨어져 있거나 뭐 나눔 일이 이렇게 바닥에 썰어져 있는 것들에 대해서는 울도 자신의 터다 가지 탈 떨어져 있는 것들에 대해서는 그렇게 개의치 않아요 그런데 음식 가끔씩 보면 과자 부스러기 될 좀 있을 수 있잖아요 음식 아니면은 어 정말 좋아하는 장난감 들이 집에 이렇게 널브러져 이 쓰는 어 더러워서 싫어 가 아니라 이 음식이 왜요 있지 왜 이 장난감이 여기 찌 아니면 좀 의무를 강아지 소변이나 대변 들의 좀 떨어져 있을 수 있죠 그런 것들이 아무렇게나 방치돼 있으며 는 그런 것들은 굉장히 불쾌해 하고 버티질 못해요 내가 자고 쉬고 이런 곳에 어떤 우물이나 아니면 굉장히 좀 불쾌한 뭐 싸움은 것들 있잖아요 그런 것들에 대한 경계심이 있어요 이런 것들을 잘 해주지 않으면 은 반려 핸들이 이상행동을 훨씬 더 마누라 합니다 첫번째 더 익은 소변 실수를 많이 할 수도 있고요 두번째 내 위치가 노출됐다 라는 걸 텐데 디자인의 불안해 할 수 있습니다 또 1 반려견 들이 대변 소변을 자주 몸에 붙인다 우리 강아지는 원래 응가 이런 개념이 없다 이런 친구들이 굉장히 불안한 상태에 수 있으니까 이런 친구들은 주변에 있는 동물 전문가 행동 전문가 더 라고 좀 상의하면 좋을것 같구요 여하튼 강아지도 깨끗한 걸 좋아하나 우리 가지고 하는 그 정도의 청결도 는 아니고 옴을 또 음식들이 흥 그려져 있는 것을 싫어합니다 잘 기억하시고 요 즈 깨끗하게 사용하시면 은 다 & 좋아할 수 있습니다 으 [음악],
128,https://www.youtube.com/watch?v=ui3D45Tt3mY,ui3D45Tt3mY,강아지도 연애하나요?｜강형욱의 소소한 Q&A,강형욱의 보듬TV,5 4 아 예 4 5 양어 5 어 왜 verse2 알리미 보내주신 사연입니다 개들에게 도 연애 옥은 연인 이라는 개념이 있나요 영상 페퍼 티비에서 보면 다른 개들 한테는 안 그러는데 유독 특정 개들 라고만 꽁냥꽁냥 걸린다고 하니 너무 신기합니다 회 woo 거의 적의 스윗한 데 사이가 좋은 친구들이 있어요 그리고 또 사이가 좋은 친구들의 거의 대부분 들이 어 동성 보다는 이성윤 경우들이 굉장히 많습니다 그리고 또 이것은 아마 자주 만나다보면 은 어 서로간의 톤이 좀 맞아요 걔들도 아마 익숙함과 칡을 함이 이런 연인 같은 모습을 많이 어 미칠 텐데요 이게 가끔 좀 조심해야 되는게 뭐냐면은 자칫 내가 보호해야 되는 대상 이라고 잘못 생각할 때가 있거든요 이런 것들이 또 다른 강아지들을 이렇게 두루 두루 만날 때 좀 문제가 될 때가 있어요 브리치 양분은 좋은데 그래서 어우 서로가 서로를 소유했다 라고 하는 착각을 하지 않게끔 만 예를 떨어뜨려 놓는 것도 중요해요 좀 어렵죠 근데 이게 자견 가정교육 할 때도 그런데요 다른 강아지 더 라고 친하게 지낼 수 있게 많은 기회를 넓혀 줘야 되요 꽃의 홀 우리 강아지 하고 연인관계 아니었어 왜 다른가 가자고 놀아 라고 하는 생각을 보호자 분들도 조금 덜 해 주셨으면 좋겠고 4 3 좋은 친구다 두루두루 좀 사기 이런 것이 좋게 다라고 생각하셨으면 좋겠습니다 그런데 이렇게 이제 우리 해버 템이 채널 파트 입에서 나오는 그런 모습 보면 너무 입구 니까요 이런 친구들이 생기는 건 나쁘지 않습니다 겁니다 ers cool 5 으 [음악],
129,https://www.youtube.com/watch?v=iwZlE3bSuUg,iwZlE3bSuUg,강아지도 멋진 풍경을 보면 감탄하나요?｜강형욱의 소소한 Q&A,강형욱의 보듬TV,5 4 5 4 5 tou 5 아 이 풍경이 라는게 좀 의미가 다를 수 있지만 나타납니다 어 최지희 님 당하지도 아름답고 멋진 풍경이나 경치를 보면 놀라고 감탄을 하나요 너는 이제 우리 친구들하고 여행을 좀 이렇게 다니고 좋은데도 이렇게 달이는 데 어 제가 감탄하는 숭 강하고 반려견이 감탄하는 순간이 비슷할 때도 있지만 좀 굉장히 다를 때도 있더라구요 어 우리 대 멋진 건축물이 있잖아요 이쁘고 조명 금액의 많고 우리는 좀 와 라는 생각이 배우고 감정이 일어나는데 반려견 들은 엇 a4 아주 다양 할 때 그렇게 감탄하는 것 같아요 좀 평직 아니면은 좀 언어 것 같은데 이런데 이제 풀이 이렇게 있네 그런 곳에 이렇게나 뜨면 은 우리는 보이지는 않는데 냄새가 이렇게 색깔별로 이렇게 있나봐요 경 씨는 우리가 닭 눈으로 보는 경치 1 것 같은데 얘네들은 너무 노루가 지나간 나 뭐 새가지 나갔나 이런 냄새에 경치가 있나봐요 강아지 키우는 사람들이 바라보는 그 경치가 좋고 편한 하니 조금 바뀌긴 하더라구요 개 같아 줘요 정말 강아지가 좋아하는 순간들이 익숙해 지다 보니까 우리 강아지 여기서 진짜 좋아하겠다 이런 순간들이 있잖아요 그래서 우리가 좋아하는 풍경과 경치 또 개들이 좋아하는 풍경과 정치가 조금 다르지만 이런 것들이 이렇게 맞아가면서 아마 반려 생활이 반려견과 함께하는 생활이 조금 더 만족도가 높아 p 풍요로워지는 것 같고요 그래서 저는 감탄을 한다 라고 이야기하고 싶어요 우리 보호자 님도 강아지가 좋아하는 풍경과 경치를 알았으면 좋겠습니다 으 오 오 오 오 오 오 오 오,
130,https://www.youtube.com/watch?v=aYI3VeM5x1Y,aYI3VeM5x1Y,강아지가 휴대폰을 질투하나요?｜강형욱의 소소한 Q&A,강형욱의 보듬TV,5 4 아 예 4 5 q 하루 그럴리가요 김종현 님이 주신 사연입니다 강아지가 휴대폰을 질투 할 수 있나요 휴대폰을 들여다보면 아빠를 뻗어서 저를 툭툭 치거나 발밑에서 신경질적으로 질때가 있습니다 수입한 내려놓고 만져 주면 세상 만족한 표정을 지어요 필리포 4 질투를 한 아니요 아마 우리 보호자 님이 반려견 에 대한 관심이나 반려견 에 대한 어떤 세심한 부분들이 조금 줄여 드는거 라바울 의원들도 알거예요 반려견이 굉장히 1회 보호자 님한테 하루 일과를 이렇게 말해주고 싶어 해요 태그나 거 들어오셔서 강아지 하고 천천히 뭐 그냥 어 슬금슬금 집을 왔다 앉다 거리 실학 아 여기 그랬어 여기서 냄새나 싸워 여기서 소리 났어 이런 행동들이 강아지에게 많은 위로를 줄 수 있어서 굉장히 반려견이 요 기뻐할 거에요 그래서 저같은 경우에는 우리 어 좋으니 교육도 생각을 해서 집에 가면 휴대폰을 최대한 하지 않으려고 노력을 합니다 네 뭐 강아지 때문에 휴대폰까지 못한다는게 좀 이상할 수 있지만 관심을 좀 가져 달라고 하는 편이니까 정말 휴대폰만 너무 많이 하면 은 이렇게 폰을 어깨 불어 버리는 수가 있습니다 휴대폰만 너무 많이 하지 마시구요 강아지도 이제 산책도 하시고 많이 보여주시고 그러면은 이런 모습들 많이 없어질 겁니다 [음악] aero 아 아 으,
131,https://www.youtube.com/watch?v=x-iKwcqki6g,x-iKwcqki6g,Is there a way to apologize to a puppy?｜Hunter Kang’s Q&A,강형욱의 보듬TV,5 4 아 예 4 5 첫 합니다 [음악] 아 으 어 있습니다 야 프 님이 보내주신 사연입니다 강아지 바를 모르고 밟았을 때 이럴때 많죠 저도 되게 많아요 사과는 법이 있나요 어우 우리가 모르게 가라지 발을 밟을 때가 조금 있어요 저같은 경우에도 가끔 없이 우리 다 우리가 좀 동작의 밀어서 이렇게 쉴수 를 바라볼 때가 있는데 그런데 이때 많은 보고자 님들이 실수하는 게 하나 있어요 미안하니까 괜찮아 하고 얼굴은 만지는 나거나 잡는다 거나 발을 잡고 퍼 계획에 만져 줄 때가 있는데 그런 것들이 발견 한테 조금 더 비스트 사랑을 줄 쇠가 미트라 게요 를 가장 좋은건 은 저는 이렇게 합니다 강아지의 바를 모르고 가는 곳에는 강아지가 뭐 게이밍 하거나 9 라고 하잖아요 그때 저 레가 만 했어요 우리 강아지가 자기가 벗어나고 싶을 만큼 뒤를 봐요 뒤로 간 다음에 다리 이렇게 내리고 또 괜찮은 표정 쥘 때 앉아 가지고 손 이렇게 내면은 강아지가 이렇게 와야 이게 이제 사과를 받아줬다 라고 생각해도 좋을 것 같은데 오지 않고 뒤에서 이렇게 가만 있으면 다 싶다 주거든요 그런데 그때 내가 다 가지고 생 무조건 막 만지고 뭐 아픈데 어딘지 이렇게 빼서 볼려고 어 하 지 마시구요 옆에서 이렇게 가다니 써주시면 은 강아지가 통증이 가라앉고 마음이 풀리면 은 지금 다가옵니다 자 기억해야 될 것은 그래서 차를 사라 을 놓으며 안에 아프지 라고 우리 친구가 되는 것처럼 가져와 타는 것처럼 하지 않으면 은 아마 갈려면 도 쉽게 사과를 받아주고 건강해질 수 있습니다 [음악] er [음악],
132,https://www.youtube.com/watch?v=Qg0Fwu72TSs,Qg0Fwu72TSs,차에서 음악 틀면 불안해하나요?｜강형욱의 소소한 Q&A,강형욱의 보듬TV,5 4 [음악] c55 아 그럴수록 꼭 4 크리스티나 이은 님이 주신 사연입니다 운전할때 자동차에서 음악을 틀어놓으면 애가 도 불안해 하나요 조용히 가는게 더 좋을까요 사실 제가 노래부를때 다우리 것들요 있어 으로 그러면 이렇게 안오더라구요 싫은가봐요 음악은 트론 을 좋아하는 것 같아요 근데 부르지 말자 예 조심히 선생님은 이렇게 강아지 이렇게 않고 이렇게 노래 분노 3 본 적이 있는데 되게 편안해 하더라구요 근데 다 우리는 엎드려 가지고 얼굴을 저 구석에 갖고 있다거나 그럴 때가 있어서 스스로 판단해서 내가 괜찮다 싶은 나를 부르시고 그렇지 않고 노래는 굉장히 좋습니다 제가 하나 팁을 드리면 요 악의 를 들릴 좋아하는데요 얘들이 그러나 나게 내게 내게 왜이래 락의 라고 않아 g 내게 있자나요 내의 4개를 좋아한대요 그래서 요번에 저희 굉장히 패스 이번에도 여개 가수 온도 이렇게 오셔 가지고 블러그 해주셨거든요 4개를 한번 풀어 봐 주시면 좋지 않을까 야메 야만 야 맨 자매는 종교인 종교가 아냐 아 아 예 예 아 아 왜 그냥 아 다음에 쭉 아 야메 나 뭐라고 야만 야만 지 스 피 요 제가 이런 사실이 좀 부족해서 tv 를 안 보니까 그래 스펠링 행복하세요 [음악] 으 으 으,
133,https://www.youtube.com/watch?v=6oJOx895gLU,6oJOx895gLU,강아지 세계에서도 미의 기준이 있나요? ｜강형욱의 소소한 Q&A,강형욱의 보듬TV,5 4 아 예 4 톡톡 좀 했어 아 됐어요 됐습니다 photo to 이미 강아지들도 강아지들 만해 세계에서 미애 기준이 있나요 막 마주치면 예쁘다 잘생겼다 생각할까요 아 예 예쁘다 잘생겼다 라고 하는 것도 있을 것 같아요 정말 개들이 볼 수 있죠 그런데 건강하다 건강하지 못하다 가 훨씬 더 반려견 들이 집중하는 외형 중에 하나요 이게 몸의 균형이 라는게 있어요 어 가슴쪽 이렇게 내미는 말로 갱들이 있어요 그러면 반력 인들이 불안하게 생각해요 그래요 내 쪽으로 이밖에 가슴을 내밀면서 고개를 앞으로 내면은 의욕적인 게 라고 생각하는 경우들이 있어요 그런데 1 4 어 몸의 중심이 바르게 쓰거나 아니면 상대를 만났을 때 앉거나 아니면 건강하게 이렇게 다음 단하게 서 있거나 이런 모어 노면을 아 저 반려견이 나한테 위협적이지 않는데 나는 생각을 하기 때문에 훨씬 더 그들을 좋아하게 될 수 있어요 그리고 또 하나 그래 주둥이가 이쁘게 이렇게 나와 있는 친구들이 있고 아니면 은 예쁘게 이렇게 들어가 있는 친구들이 있잖아요 이게 어 단도 조미라 그래요 이주도 이가 없어 그냥 코가 이렇게 붙어있고 앱의 이렇게 안쪽으로 이렇게 벌어져 있어요 브루더 퍼로 패턴이 g 이런 친구들이 있는데 이런 친구들의 어우 의를 해요 얼굴을 이렇게 풀이 고 있다 라고 생각을 해서 밝은 들이 되려 이런 친구들은 피하거나 아니면은 너의 나한테 한해 라고 해서 된고 안 하려고 할 때가 있어요 5 오해할 수 있으니까 아주 천천히 만나게 해 주면서 괜찮다 라는 것을 알려주고 만나면 문제가 없을 거에요 바퀴로 경우 이렇게 비만이 아니고 또 너무 이렇게 뭐 마르지 않으며 는 보통 애들을 다 잘생겼다 라고 생각합니다 건강한 개를 잘생겼다는 생각을 하니까 여러분 관련 들도 다 잘 생애 줄 수 있습니다 으 으 으,
134,https://www.youtube.com/watch?v=nycUg6OjOLc,nycUg6OjOLc,매일 같은 간식을 주면 질려할까요? ｜강형욱의 소소한 Q&A,강형욱의 보듬TV,5 4 5 [음악] 으 [음악] 아 그렇지 않습니다 4 시원이 잠 끌어 기니 주인 사연입니다 강아지도 매일 똑같은 음식을 주면 줄이 나요 아무리 가지를 좋아한다 해도 간식을 살때마다 대용량 간식 을 해야 할지 작게 여러가지 해야할지 모르겠습니다 질문을 많이 주세요 얼굴을 먹어야 되지 않느냐 어이 먹다 올해는 진료 해서 실제로 먹지 않는 나 이게 질려서 아니라 에 물러서 거구요 반려견 들을 기본적으로 조금 허기진 상태에서 주는 단식이 맛이 찌 그냥 만약 이렇게 배를 불리는 간식은 이 1실 줘도 안 좋아할 거예요 한가지 간식을 꾸준히 좋아하는 친구들도 많아요 단지 내가 지나치게 배 불리고 있는 것 아닙니다 왜냐면 은 개들 한테는 주전부리 가 없다 라고 저런 보호자 님에게 많이 가르쳐 들이 거든요 물의 부력 하면서 살아야 되잖아요 보셔서 저를 시키면서 살아야 되잖아요 내가 항상 이렇게 부른 상태에서 후 카심 한다고 뭐 하나 쇼 먹이려고 하면 은 아마 어느 저도 잘 먹지 않게 되고 쉽게 질리게 하나요 질린다 라고 하는 행동이 행동 자체가 보고자 200 에 집중을 좀더 라고 배운 려고 하는 마음이 없어지고 있다는 거니까 질리지 않게 뭐 간식 조금 줄이시고 요 아 많이 강아지 아마 쫌 해줬을 껄 홀케 쉽고 그렇게 할 수 있구요 아따 아예 4 라테 조금 허기질 비하면 다 좋아합니다 5 [음악] 으 으 으 으,
135,https://www.youtube.com/watch?v=HUxBQYaohO0,HUxBQYaohO0,한국 강아지와 미국 강아지는 서로 말이 통하나요? ｜강형욱의 소소한 Q&A,강형욱의 보듬TV,5 4 [음악] c55 양님 더 그럼요 그럼요 반려견 들은 어느 나라 반려된 들이다 많이 통합니다 제안 님이 보내주신 사연입니다 한국 갱 등이랑 미국 등 대인은 선로 말통 않아요 만약 통한다면 댐 데모는 만국 공통 어 인가요 궁금합니다 카밍 시그너 가있다 반려견 들의 바디랭귀지 4 다 똑같아요 우리도 우리 사람도 5 웃는 표정 또 어두운 표정 이게 다 똑같잖아요 걔들은 어떤 소비로 내는 것보다 몸짓도 표정 이런걸로 이게 대화를 하기 때문에 어느 나라의 반력 여기던 다 이야기와 대화를 할 수 있습니다 이것은 써요 지역이나 나라마다 문화가 조금씩 다르잖아요 그리고 굉장히 는 조금은 의연한 행동들이 되게 많아요 아마 보호자 하고 올해 있는 시간이 좀 만나보시죠 1 책도 좀 자주 하나 보죠 주변이 좀 어 반려견을 키우는 데 괜찮아 보이죠 그런 환경 속에 사는 반려 개인들은 어 서로 어울리고 장난도 잘치고 상대가 싫다 라고 하면은 장남 시형씨 다 가도 멈추는 그런 언어들을 많이 볼 수 있어요 제가 이런 얘기를 왜 하냐면 은 한국에 있는 반려견 들은 조금 걷어 치운 대화를 많이 하거나 않으면 어느 방어적인 대화를 많이 하더라구요 아마 우리 한국 강아지가 된게 어 미국 댕댕 일을 만나면 은 조금 처음에는 태화 1 데는 하지만 아마 시간이 잖아요 잘 어울려 될겁니다 부드러운 마들렌 기지를 쓰는 강아지가 흥분된 바디랭귀지를 쓰는 강아지를 이끌어 줄 거에요 올해는 항상 올바른 길로 가고 싶어 하잖아요 개들도 같아요 아마 문제는 사람이겠죠 말을 모르니깐요 [음악],
136,https://www.youtube.com/watch?v=RcCZ5xklvYw,RcCZ5xklvYw,코를 심하게 골면 강아지가 힘들까요? ｜강형욱의 소소한 Q&A,강형욱의 보듬TV,5 4 5 [음악] 5 [음악] 으 아 됨을 마라 조금 다릅니다 m jk 님이 보내주신 사연입니다 제가 피곤할 때 코를 본다고 하더라구요 강아지들 기가 너무 좋아서 일반 현관 등만 켜져 나도 그 소리에 짜증이 난다 던데 우리 강아지 한테 미안해서 어쩌죠 어 누구라고 밝히지는 않겠지만 제동 거에는 코골이를 많이 합니다 저두 본다고 합니다 피곤할 때 자주는 아닌데 본다고 해요 다 우리는 끔 짝 하면서 이제 피해 근데 실시간 p 하더라구요 이게 예민한 개들의 따라서 보면 다른 것 같아요 그리고 이런 것보다 붙여 기는 것을 더 무서워해야 소리보다 그래서 우리 가끔 즉 자다가 이렇게 움직이지 않아요 그러면 그것 때문에 다시 이제 옆에 자다가도 다시 내려가요 여러 가다가 아마 보호자인 이 일어날 때쯤 되면 은 다시 올라와 있는 경우들이 대부분이다 그래서 코를 고는 것부터 뒤척이는 게 조금 더 알갱이들이 예민하고 아니면 조금 씰링 쓰는거구요 아마 우리 제발 이게 뇨 보호자 님에게도 좋은 점을 많이 께서 콩 없는 것들로 괜찮아 할 거에요 너무 걱정하지 마십시오 으 으 으 [음악],
137,https://www.youtube.com/watch?v=t41CPwFaSiU,t41CPwFaSiU,강아지도 패션 감각이나 취향이 있나요? ｜강형욱의 소소한 Q&A,강형욱의 보듬TV,5 4 오 예 5 튀는거 겠어 선 현 명 님 * 되니까 강아지가 너무 추워 해서 사실 나갈 때 옷을 입히는데 어떤 옷을 신경 안 쓰고 잘 노는 데 어떤 옷은 잎이 미안 구리 표정으로 서 있어요 최항 있어서 그런걸까요 5 취향이라고 하며 는 기본적으로 자기를 인지 해야 돼요 그래서 내가 상대에게 어떻게 보일까 를 알아야지 담아 뭐 나는 뭐 검정색 오토 흰색 옷 안 주장 연내 블링 들이 이런 취향의 좀 있을텐데 개들은 기본적으로 각 이를 인지하는 능력이 조금 부족해요 그래서 친구들은 취향은 없지만 이거면 있어요 옷을 입힐 때 선발을 좀 어렵게 가지고 입히거나 아니면 특히나 이 겨드랑이 하고 손의 움직임 다리아 다리의 움직임을 막는 옷들이 있더라구요 그래서 아마 여기 좀 구린 표정을 지었다고 하며 는 아마 8 움직이는 특히나 뒤 땋 이에 보행을 좀 불편하게 했을 가능성이 커요 그리고 또 하나 최가 않은 어떤 옷은 뭐 가발 는 옷도 있었고요 r 개가 이렇게 얘는 옷도 있더라구요 그릇들은 걔들이 계속 뭔가 따라다니고 편안함을 느끼기 때문에 거부할 수 있고 또 1 예 잘못 입히면 다른 반려견 들이 안 놀았어요 그러면 검 나거든요 또 반대로 안 놀아주는 것 뿐만 아니라 공격 의 대상이 될 수도 있어요 그래서 이쁜 옷을 입히는 것보다 편안한 러셀이 굉장히 좋구요 너무 화려한 옷을 입히는 것보다 조금 무난한 흑색 깔아 아 그거 입히며 4 자연 하고 좀 비슷한 어 그런 옷을 입히면 반려견이 커브 짧지 않을까 싶습니다 [음악],
138,https://www.youtube.com/watch?v=9XJwTCoKXgY,9XJwTCoKXgY,강아지도 시간 개념이 있나요? ｜강형욱의 소소한 Q&A,강형욱의 보듬TV,5 4 co 노루 아아 엄청나죠 엄청나요 의심이 들 아 이거 엄청 나요 김수민 님이 올려주신 질문입니다 저희 강아지라 아침에 산책하고 나면 점심때 간식을 좀 먹고 놀다가 낮잠을 자는데 요 잘 자다가 꼭 4시 쭝 되면 일어나서 놀자고 어필을 해요 제가 될 시간에 특별히 다른 행동을 한 것도 아닌데 제 시계 보다 잘 만든 것 같아요 걔들도 시간을 않은 걸까요 아니면 생체리듬이 그렇게 정해진 걸까요 반려견 든요 정해 진 행 알을 되게 좋아하고 안전 적이라고 느껴 해요 그래서 어느정도 짜여진 삶이 안정감을 줄 수 있으니 지킬 수 있다면 뭐 내 시에 항상 나가 주시고 만약에 내가 그럴 수 없는 환경이라면 은 10분 전 뭐 30분전 또는 10분 후 30분 후 이런식으로 쭉 껌을 변칙적으로 어 산책 나가 주시면 은 아마 이런 행동 해주고 없어지지 않을까 합니다 산책도 살라 가 주시고 관련의 이런 행동을 알고 있다라는 것은 관찰을 잘 오셨다는 겁니다 언어 멋진 보호자는 있는 시군요 어떤 것 같구요 반려견의 처리 등 시간 개념은 엄청나고 대단합니다 으 으 으,
139,https://www.youtube.com/watch?v=-i11x5LnSNc,-i11x5LnSNc,강아지는 전화기 너머의 목소리도 알아듣나요? ｜강형욱의 소소한 Q&A,강형욱의 보듬TV,5 4 [음악] c55 5 아라는 5개 들이 있습니다 어 이부영 님이 주인 사이에요 엄마가 저랑 더할 때 스펙으로 폰으로 해두고 강아지한테 제 목소리 들려 주면 열심히 강아지 이름 불러주기 는 하는데 우리 강아지가 제 목소리를 알아 될까 궁금할 때가 있더라구요 저도 궁금해서 좀 많이 해 보거든요 가끔씩 한 번 이름을 불러주고 하면은 귀를 좀 붙들려 꺼립니다 달력 & 는 기본적으로 시야에 워시 보였을 때 확신을 해요 그래서 똑같은 음성이 라도 그 사람을 유추할 수 있지만 그 사람이 근간에 있다라고 8화 날줄로 할 때가 있어요 그것은 개체마다 조금 다른 것 같아요 한번 해 보세요 여러분 어떤 개들은 귀만 쫑긋 걸을 수 있구요 어떤 그 뭐 걍 있을 수 없지만 실제로 보호자가 만나 보호자를 참여 애들도 있다고 하니깐요 한번 이거 확인해보시면 좋을 것 같구요 어 걔들은 논지 술 굉장히 중요해요 생각을 하고 눈에 보이는 걸 중요하게 생각합니다 아프다고 왜 나 전화만 하지 마시고요 직접 강아지를 빨리빨리 만나러 집에 빨리 들어가자 연말이 어 가지고 줘 바뀔 도 많으실텐데 우리 반려견 도연 말이다 너만 연 말이냐 나도 연말이다 가족과 같이 먹자 라는 생각을 활력은 들이 많이 하니까 강하기 거라도 즐거운 염을 보낼 수 있으셨으면 좋겠습니다 [음악] 222 으 na 으 으,
140,https://www.youtube.com/watch?v=ZwD261BkDRE,ZwD261BkDRE,"강형욱 훈련사님의 아무 말 대잔치, 크리스마스 특집 '쌩뚱한Q&A' ｜강형욱의 소소한 Q&A",강형욱의 보듬TV,5 4 예 예 [음악] 안드 에 뭐 가정하자 아 아 안 이거 진짜 나 완전 뜨거나 진짜 걔들 털은 뒤 갔어 4 ero 예 이렇게 예 에 써 너무 간지러 4 예 여러분 열심히 사는 거라고 생각했어 예 5c 안녕하세요 그런 사 강 용 입니다 아 접하며 털이 역 들어요 어 네어 요 오 오 2절 통한 착하게 사람은 요 크리스마스 를 맞이해서 자꾸 눈물 4 5 [음악] 부어 선경 님 최희 질문은 어디에 올리는 건가요 여기에다 올리라고 이걸 쓰지 말고 어 이거 딱 아 이거 찔 요즘 외주 올라오는 거예요 와 고역이 언니의 예 예 지금 뜻을 곳에다가 쓰시면 됩니다 아 근데 이 입에 지금 털이 엄청 들어있어 아 잠 사형이 배고픈데 뭘 먹을까요 예 화면 어떻게 105 군데 어 먹지 [음악] 커리 키 마 시 따 라 커리 q 이러지 왜 펄이 퀸 4 커리 캠 이라고 정의 제피 콘도 님 그의 영상 다섯번째 그가 잘 생겨 보이는데 아 아 아 무대와 마음 쉽지 않은데요 요즘 댓글에 경향 내 의견에 내 댓글에 경우 이야기 아시 짤에 말하면 안되는 되요 그 소 외교의 남자 그저 미인 님 아 난 내가 난 그렇게 생각하지 않아 와니 물뽕 약학 그 네 어 정준기 에요 아서 손예진 아닙니까 정해 인정해 인 아 아 위한 이제 아내 분 을 바꿔 고 그 드니까 아 서울의 지네 남자 정의해 lc 가 그 닮았다는 소리를 요즘에 4 아니야 진짜 이렇게 한 다음에 아 etl 따라 잘 아 아 때는 아 요즘 방법 물 아 으 내가 아람이 아니라 대표는 그런다고 정해 보입니다 아 비장 언닌 어째서 강론을 은 하나님은 바라보다 귀여운거 같아요 법화 내 가끔씩 보면은 그분들 유지태 유지태 님 얼굴도 있다고 그분이 한류스타 해요 혹시 그러면 누굴 그외 궁궐로 먹겠네 아 노이즈의 은 이미 다 오리랑 바로는 직급이 어떻게 되나요 그리고 최 사과는 언제 생기나 줘 어 즉 끅 즉 뭘로 하지 수치 선으 예수님 한번 시험을 봐야 되겠네요 싱 시험보고 아마 최 사 하는 곳 어 지금 주임 정도 되니까 대리를 올라 가야 되나 3년차 연구는 돼야지 되겠죠 시험 내용이에요 어 하루에서 몇 번 주나 하루에 오라비 얼마나 자료나 놈이 나이가 먹던 힘을 자보 지나 회사 대표 대표 잖아요 불루 면제 깍지 봐야 되는데 아마 s 자의 백지은 님 거의 매번 이름을 흘리시는 데 혹시 진짜 멍멍이 라서 그러시는 건가요 그렇다면 저희가 몽 히어로 질문을 드려야 하나요 꼬 내가 이름을 맨날 틀려 예 네어 제 3 4 백주의 님이라고 했냐 백지은 님 어제 3 제가 그릇에 모델 거예요 이아이 질문들을 주세요 멍멍멍 광범위 막 해주시면 제가 뭐 맞춰 버렸습니다 그 해진 잉 강아지에게 허락 받을 때 어떻게 허락 봤나요 허락 맡은 반응을 어떻게 하나요 야 이거 되게 주관적인 데 보통 반려견이 일어나지 않아요 음 이런 느낌이 있어요 딱 뭔가 이제 2번 2번 가지고 놀래 이건 가지고 놀래 하면은 오컬트 치기도 하고 아니면 발로 치기도 하고 아니면 여기에다 온 이런식으로 행동 하기도 하거든요 4 천천히 한번 즉 중에도 보시면 되게 하락하는 그 말한 놈은 답정너 다 이미 여기 무슨 채널이 에요 강 형님이 운영하시는 거 그럼 조 하트 좀 주세요 오늘 뭐야 아 제가 이런걸 잘 몰라요 계속 많은지 그럼 저 하트 좀 주세요 5 왜 아트를 어떻게 줘 내가 이렇게 좋게 아 빨래를 할 것 같아요 ok 예 그 나란 놈 은 답 정보 다 돼 양 팀의 끝입니다 으 으 이건 안해도 어 너무 사랑을 많이 받아서 너무 기분 좋았구요 내년에도 굉장히 좋은 어 질문들 어 좋은 답변으로 뭔 말이야 아 이 상아질 말해주세요 제가 답변 잘 해 드릴께요 최선을 다해 답변해드리겠습니다 저도 모르게 많지만 그래도 알고 있는 선에서 많이 주문해 드릴 거구요 여러분 요건 하루동안 진짜 재미있는 질문들 많이 줄었구요 저도 여러분들 이제 정말 정보를 들이 모자 하는 질문들은 정말 성심성의껏 정보를 들리고 했구요 더 재밌는 질문들은 또 재밌게 해 드리려고 노력 했는데 뭐 저희 소설 퀘 4를 보고 그냥 재미있는 강아지 이야기다 라고 생각해주시면 좋을 것 같습니다 내년에는 훨씬 더 재밌게 좋은 알찬 정보로 어 찾아뵙겠습니다 한해 마무리 잘하시구요 건강하시고 어 꼭 이번에 목표했던 거 다 이루어 졌기 바랍니다 그러면 내년에 뵙겠습니다 일이 내게 맺습니다 아 [박수] make a 아 위한 이크를 용어의 들어가지고 전차 us 아 아 아 아 아 연구생 을 가져오는 세계 으 수가 있습니다 아 이제 code 으 [음악],
141,https://www.youtube.com/watch?v=Jbo8oeMTqB8,Jbo8oeMTqB8,강아지가 뽀뽀해서 바로 씻으면 상처받을까요? ｜강형욱의 소소한 Q&A,강형욱의 보듬TV,5 4 [음악] c55 잘 아 아 아니요 아니 아니에요 네 안에 스텝은 님이 올려주신 질문입니다 강아지들이 얼굴에 뽀뽀를 하고 나서 바로 물로 실수의 상처를 받을 까요 가끔은 물로 씻는 걸 지그시 쳐다보기도 하구요 마치 내가 뽀꼬 해줬는데 그걸 씻어 나는 느낌으로 어 쳐다봅니다 강아지를 상처를 받을 까요 상처를 받지는 않아요 우리 사랑처럼 뭐 튀거나 아니면은 뭐라 그럴까 섭섭함을 토로하고 나 뭐 이런 것은 아니나 이거 됐어요 꽃볼 했을 때 이런거 있잖아요 우리가 우리가 터가 깍 들어와요 그러면 꼬리를 되요 와 악성 이렇게 되는데 그러면 반려견이 알아야 불펜에 한다라는 것은 않아요 왜냐면 을 고개를 주도하고 뭐 그렇게 해 루턴 도 하고 또 입술이 오늘 주게 되고 이런 행동들을 보면 분명히 상대가 그렇게 좀 좋아하지 않는 않는구나 하고 는 알지만 내가 좀 불편 해 라는 표현을 하잖아요 그럼 반려견이 어부 현애 알겠어 라고 하고 더 뻑 벌어요 위로 해 주려고 얼굴 그럼 왜 그래 그래 덮어 블럭 1억을 넘어 볼을 어른 더보기 5 타우포 앱의 빠지게 됩니다 그래서 그냥 그 때는 같다 이런 하셔 가지고 4 물한잔 마시고 예 그 말해라 하는게 좋습니다 너무 뽀뽀 하면 좀 그렇잖아요 4 석궁을 이렇게 이렇게 하면 좋은데 내 같은 너무 걱정하지 마십시오 잘 닦으시고 요 네 많이 상하지 않고 극복하세요 으 [음악] 으 222,
142,https://www.youtube.com/watch?v=3dU9yuL21P0,3dU9yuL21P0,강아지 소리를 내면 제가 강아지인 줄 알까요? ｜강형욱의 소소한 Q&A,강형욱의 보듬TV,5 4 [음악] c55 core 아 안녕 아 아 아 아 아 아 4 김아연 님이 어 주신 질문입니다 해결된 스피츠 남매를 키우고 있는 보호자 입니다 강아지들에게 강아지 울음소리를 흉내 내 보았는데요 저를 쳐다보며 지 떠라 구요 속씨 제가 강아지 울음소리를 흉내 낸다고 해서 제가 강하진 줄 아는 걸까요 이 강아지라고 않은 안다 라기보다 저사람이 왜 개 소리를 내나 라는 생각을 할 거에요 걔들은 요 개와 사람을 9분을 해요 아주 오랫동안 사람하고 살면서 우드 치 않게 선택적 으로 개량이 되면서 사람이라고 하는 존재를 알아요 기본적으로 사람은 사람 소리를 낼 때 발 10개는 편안해요 아마 보호자 님이 울음 소리 라고 하면 먹었다고 따위는 하울링 이겠죠 그래서 그 우리를 냈다면 아예 엄청난 보호자가 불안해 하는구나 라고 생각을 해서 놀라서 주셨던 것 같아요 그런데 혼란스러워 하는 경우는 있습니다 즉 다리가 좀 다치셔서 목발을 짚고 걸을 때 아니면 휠체어를 한 번도 보지 못한 상태에서 휠체어를 볼 때 또 무비 같은거는 노력이 있거나 아닌가 하는 사람인데 팔을 쓰거나 7세 미만의 이제 미취학아동 있죠 약간은 좀 흘리는 걸 좋아하고 소리도 존 파이터 4 허리를 도 되고 또 동작도 막 그렇게 부산한 아이들을 보면 하냐 라고 이내 생각을 할 때가 있고요 또 한 살 두 살 정도 되는 아이들은 걷다가 넘어지고 뭐 그렇잖아요 뛰어다니고 그런 친구들을 자칫 잘못 생각해서 덥게 나 아니면 작은 사슴 정도로 생각하는 경우는 있어요 그러면 좀 위험할 수도 있겠다 그죠 그러면 구별을 못하는 경우도 를 있지만 우리 보호자 님이 울음소리를 낸다고 개가 되지는 않습니다 예 재미있는 어 질문인 것 같구요 너무 염려 하지 마시구요 이제 울지 마세요 으 으 [음악] 으 으 으,
143,https://www.youtube.com/watch?v=OmjLFubk68g,OmjLFubk68g,강아지가 부모 형제견을 기억할까요? ｜강형욱의 소소한 Q&A,강형욱의 보듬TV,5 4 아 예 4 5 아 글쎄요 의 완전 글쎄 입니다 분류 줘 썬님 미 주신 기분인데 새끼 때 데리고 와서 키우고 있는데요 많이 사랑해 주고 있지만 가끔 을 내 반려견 들도 형제들이 나 엄마가 보고 싶어 할 수도 있겠다는 생각이 됩니다 볼도 될까요 아라는 볼까요 궁금해요 에디 강아지 때는요 엄마 반려견 에게 무리하게 행동해도 내 가 져 주세요 아라 놀고 싶어요 얼마 꺼려 가지고 놀아야지 그런 것들을 모성애 라고 하는 그게 다는 서해 정으로 받아도 주고 훈육 또 하는데 이게 3개월이 지나 가면 그냥 야매 가하지 같은 느낌으로 변해 버려요 그런데 만약에 엄마가 하지가 형제 강아지에 대한 지금 찔 탐을 가지고 있었다면 은 행 물체를 동안 났어 어 지료 라고 하는 어미 개 들이 많아요 휴지로 되게 많아요 멀리 져 밝혀본다 그거를 기본으로 해서 질문을 좀 답변을 드리면 형제 라고 하는 생각을 못합니다 그냥 친한 친구 난 내가 알고 있던 게 가끔 만나서 너무 좋게 라고 알고 있구요 형제들도 너무 자주 보면 문제가 있을 수 있어 그러면 자칫 내가 어렸을 때 뚫는 맞은 기억이 나 울었던 기억이 나 엄마 젖을 맨날 뺏겼던 기업들이 있는 발리 개인들이 특정한 형제 강아지를 좀 피하고 기피할 수 있으니깐요 좀 알고 있는 남의 가 화질을 만난다 라는 생각으로 어 만나며 4 아 좋은 관계가 될 수 있을 것 같습니다 [음악] be a 으 으,
144,https://www.youtube.com/watch?v=6iuqTXLEc40,6iuqTXLEc40,[Kang Hyungwook's Small Q&A] My Dog Keeps Looking Out the Window. Does That Mean It Wants to Go out?,강형욱의 보듬TV,5 4 아 예 5 샤브 4 어 그럴 수 있습니다 4 한번 보죠 김 휴 0 님이 주신 사람입니다 창밖을 자주 내려다 보는데 현재 까고 싶어서 그런 건가요 아파트나 뭐 빌라 원음 이런데 가끔씩 이렇게 보면은 저 조금은 좀 무서움 없게도 강아지가 그냥 고개만 해주셨어요 딱 내밀고 있을 때가 있어요 기본적으로 나가고 싶은 걸 거에요 밖에 나가서 걷고 싶어 하고 냄새맡고 아시잖아요 걔들은 산책을 너무 좋아요 하루에 한 버리면 되지 않아요 아니에요 2 버리면 좋구요 세 번이면 더 더 좋구요 네 번 봐도 또 하나는 경계 아니면 경호 하고 있는 걸 수도 있어요 질 사람이 있나 쫓을 까 라고 생각하는 마음에서 하기도 하고요 실제로 어떤 강아지들은 그 만약에 내보자 차가 흰색 차 닭 여름에 또 그걸 알아서 흰색 차가 지나간 이면 송 말로 발을 국민 중 중동 거리면서 좀 단거 않은 그런 행동을 하는 개들도 있다고 들었어요 근데 아마 보호자 님을 기다리거나 뭐 다른 가족을 기다리는 이유도 있을 수 있으니까 그렇게 끓이고 나가주세요 저는 기본적으로 이런 친구들 보면 근데 안쓰럽다는 생각이 쪽 얘기는 하더라구요 전 책 좀 나가 주십시오 오늘 했어도 또 나가 주시면 아마 우리 효령 님 강아지가 감옥 받지 않을까 합니다 4 으 으 으,
145,https://www.youtube.com/watch?v=N_hrxQ9t-Jg,N_hrxQ9t-Jg,[Kang Hyungwook's Small Q&A] My Dog Is Not Interested in Toys! Did He Grow out of Toys?,강형욱의 보듬TV,5 4 [음악] c55 다른 이유가 있을 것 같아요 한번 사용해 볼게요 박 소 헤밍 어 3살된 스위치를 키우고 있는데요 2 살까지는 던져주면 무루 손자 쉬우면서 갖고 놀고 했는데 쉬움 은 던져주면 각인 갔다가 그냥 쳐다보고 돌아오기도 합니다 앞에서 흔들어 주면 조금 관심을 보이긴 하는데 그것도 잠깐 이구요 장난감을 갖고 노래 스트레스가 해소되는 건 아닌가요 장 안깔려 쓰니까 하루를 심심해요 다른 견종에 비해 에 스패츠 그룹 모스 끝이나 분도 깨나 뭐 10 아이 누나 안 그런게 도 분명히 있겠지만 쪼끔 은장 낭비가 달의 현정 에 의해 빨리 떨어져요 아니면 원조 보호자인 님 다른건 안하고 집에서 맨날 그것만 해서 일수도 있어요 보호자 님을 앉아 가지고 오세요 이렇게만 하면 강아지가 그걸 변화가 없어 한다거나 또 하나는 좀 많이 뺏겨 벌여 타 잖아요 그러면 그거를 좀 가려고 할 수도 있어요 제가 추천해드리고 싶은 놀이가 있는데 언 냄새 맡는 거예요 너 어제 장난감 올려 5 $1 같은데 있죠 이런데 숨겨서 사자 라고 해서 찾으면 실험용 다시 타고 바깥 해보세요 찾기 놀이 는 어린 강아지 때부터 아이가 맞나 가지 까지 통 는 생 좋아하는 놀이의 개념 인한 해 줘 담아 너무 좋을 거구요 그럼 한번 해 보세요 4 [음악] 으 으 으 으 으 으,
146,https://www.youtube.com/watch?v=uoP38u_hB-w,uoP38u_hB-w,[Kang Hyungwook's Small Q&A] Can Dogs Recognize Their Own Kind?,강형욱의 보듬TV,5 4 [음악] c55 짠 어여 알아봅니다 알아봅니다 주 가 형님이 보내주셨습니다 강아지들도 같은 견종 끼리 알아 보나요 닥스 보면 어 이 아닌 악성 투구 나 뭐 알아보니까 거기에 정확하게 언어 박스 투기나 뭐 왜 식후 기구나 년 느낌보다 4 아마 모양이 같은 것을 알 거에요 또 하나는 아들을 이미지들이 비스타 잖아요 특히나 어 단도 종들이 있죠 뭐 또 어떤 테리어 나 섹스 불도 이런 친구들은 어 나 너무 기분 좋은데 기분이 나쁜 것처럼 얼굴이 표현이 되기도 해요 그래서 이견 중이 아닌 다른 분들은 이렇게 앞가슴이 크고 머리가 크고 좀 다리도 좀 7 2 들을 겁내 하는게 더 자기 들길 오경 말해주세요 또 이게 잘 맞는 관중들이 있어요 특히나 뭐고 더 퀄리아 그정도 께 들은 서로 조금은 예민하면서 빠르기도 하고 좀 놀리면서 놀고 또 이런 것들이 있어서 변조 끼리 잘 맞는 친구들도 있고 서로에 대한 견종을 좀 알기도 하고 다리가 짧은 지도 알고 또 나이가 어리고 나이가 많은지 알고 알겠어 여하튼 갈 변종을 알아봅니다 좋은 사람 나쁜 사람도 알아봅니다 4 뭐 그래요 내 안녕 [음악] 으 으 으 [음악],
147,https://www.youtube.com/watch?v=hl9YapBdvLU,hl9YapBdvLU,[Kang Hyungwook's Small Q&A] Does a Dog Feel Ashamed When It Made a Mistake?,강형욱의 보듬TV,5 4 co 또 슈 뿅 아니오 아닙니다 한번 살펴볼까요 어 집 갈래 님이 주신 사회의 미래 강아지가 뭔가 귀엽고 웃기 실수를 해서 웃으면 컴 컴 컴 컵 하고 1번지 있거나 머리도 저를 꾹 밀어 요 자기 돌린다고 빈정 상한 걸까요 가지 실수를 하면 체어 피해야 하나요 아 들어 치 않습니다 예 창피해 한다면 아마 굉장히 많은 일들이 있을 거에요 뭐 방구를 끼면 홍보하고 모습니다 던지 응가도 보호자가 이제 마련해 준 패드에서 안 한다든지 반려견 들한테 는 어떤 맨 50 이라는 게 없어요 그래서 어 창피해 하질 않습니다 아마 우리 보호자 님이 이렇게 웃으며 는 같이 즐거워서 자기 논리는 진로 루 값인 올려요 아 같이 재미있어요 라고 하는 거니까 염려 하지 마시 며 근데 좀 걱정 된다 나게 오다 1 좀 어 유추할 수 있는건 이런 친구들은 어쩌면 보호자가 박 친다거나 좀 크게 움직일 때도 컹컹 걸을 때가 있거든요 이게 자체 어린 아이들 한테는 위협으로 될 수도 있으니까 뭐 예 졸기 욱 이라든지 아니면 은 앉아서 좀 오랫동안 기다려 써있는 다 라던지 이런것들을 하면 좋을 것 같아요 아 너무 귀엽습니다 괜찮아요 상패 하지 않으니까 많이 오십시오,
148,https://www.youtube.com/watch?v=MY0OeTkEyto,MY0OeTkEyto,"말대꾸하는 강아지, 강아지도 사춘기가 있나요? ｜강형욱의 소소한 Q&A",강형욱의 보듬TV,5 4 아 예 4 5 epon [음악] 아 사춘기가 있을 수 있습니다 스타일 한번 보죠 깐풍기 님이 주신 4 일입니다 강아지도 사춘기가 있나요 말 덱과 하고 반항하는 것 같습니다 하자 없이 5 아 아 아 아 아 이거 널 절 들린 듯 특히 토핑 쓸어 특 제가 봤을 때 우리가 1품 인 님이 아까 제가 말이 많으신 것 같아요 많은 많이 하는 보여준 님들이 있어 어 이거 왜 그랬어 왜 그래 음 그래 그랬어 그러나 강아지가 뭐라고 말하면 어 그래 그래요 우리의 쏘 라고 이제 저 격하고 또 잘 반응을 해 주시는데 그러나 아닙니다 뭐 아니면 그 있는 이런 특정한 행동에 대해서 모자가 잘 반응해 주시면 좀 특히나 행동을 더 자주 할 수 있어요 특히나 어떤 친구들을 밥그릇을 이렇게 굵으며 보호자가 저걸 있을 있다가도 알고 무런 니 알고 배고프다고 라고 해서 간식을 준다거나 뭐를 준다거나 그러면 밝은 들이 뻑 뿐인데 그렇게 커요 말 개그 하기보다는 요 우리 보호자 님하고 잘 대화 하고 싶고 보호자 님이 행동에 재밌어 하시니까 좀 몇 번 반복해서 하는 것 같거든요 나빠 보이지는 않구요 뭐 나중에는 정말 많은 한번 드셔보세요 4 이쁜 강화됩니다 안에 넣어 바람 이라고 생각하지 마시구요 초 뿐만 반려견 한테도 말을 주시면 어떨까요 4,
149,https://www.youtube.com/watch?v=vLnUS7ZkxSY,vLnUS7ZkxSY,[Kang Hyungwook's Small Q&A] My Dog Loves Looking at the Mirror! Is It in Narcissism?,강형욱의 보듬TV,5 4 ce 4 5 oo 아 아 네 모르겠어요 4 끊임이 보내준 사인입니다 매일 거울 보는 강아지 혹시 나르시시즘 에 빠진 걸까요 제가 좌식 화장 떼를 쓰는데 매일 화장대의 아빠를 디디고 서 가만히 걸어봅니다 사랑이 거울모드 본인 얼굴을 감상하는 걸까요 사람도 올거 를 보고 자신의 얼굴을 감상 하나요 단 한번도 그런적이 없는데 오는 알려드리고 싶은가 걔들은 요 거울보고 나라는 걸 인식하지 못해요 원숭이 있죠 원숭이 머리에 포스트에서 이렇게 붙이고 거울을 보기 하면 거를 보고 포스트에 실력이 때인데요 그런데 반려견 들은 거를 보면 놀라요 너 이거 야 너 왜 다 봐 너 왜 이렇게 생겼어 라고 하는데 거울에 나랑 똑같은 행동을 하고 있는 그 관련해 보고 무서워 하지 않는 경우들이 있어요 제가 봤을때 보호자는 강아지 사회성도 좋을 가능성이 있어요 또 조금은 의원 하다고 해야 할까 조금은 여유 있어서 그냥 게 상태에 대해서 어려워하지 않는 그런 모습일 수 있어서 제가 생각할 때는 모든 님 어 좋은거예요 괜찮은 거예요 4 너무 고민하지 마시구요 어 얼굴에 한번 포스팅 한번 붙여주고 한번 이렇게 보세요 그런데 이렇게 혼자 때는 게 아니라 걸어 이렇게 보고 뭐야 라고 하듯이 때라 할 때나 확인해 보시면 좋을꺼 같고 혹시 모르잖아요 정말 걔들 세계에서 최초로 자기를 인지하는 다 가질 수 있으니까 정말 그렇게 행동하면 영상 찍어서 한번 올려 줘보세요 저희 가면 또 신기하게 먹어보겠습니다 222,
150,https://www.youtube.com/watch?v=ljAzNjXKM_A,ljAzNjXKM_A,[Kang Hyungwook's Small Q&A] My Dog Doesn't Bark When the Door Bell Rings If I'm Not Around!,강형욱의 보듬TV,5 4 [음악] c55 무서워서 앉아 있는 걸 수도 있어요 상단 층 임 우리집 강아지 4 제가 집에 없을 때 배를 누르면 안 짓는 데 꼭 제가 있을때만 진짜요 제가 없어서 무서워서 앉아 있는 걸까요 이런 사람도 굉장히 많아요 제가 지금 교육하고 있는 강아지들의 절반 가까이가 지금 이런 친구들이에요 사실 이런 행동이 전혀 나쁘거나 잘못된 것은 아니에요 보호자 님이 있으며 는 호전이 밖에서 분석 않았어요 엉망 망막 보자 님이 없으면 밖에서 문 소리가 났어요 라고 물어볼 사람이 없는 거에요 그래서 이 소리를 알려 줄 보호자가 없을 때 조용하고 는 자연스러운 행동 이에요 그런데 보자 님이 계실때 특별히 또는 너무 많이 사실이야 이걸 문제 라고 이야기 하는 거에요 그래서 제가 좀 솔루션 을 드릴수 있는데요 보호자 님께서 지금 어쩌면 은 반려견을 좀 과하게 아니면은 평균보다는 조금 더 지나치게 애정 하고 있을 수도 있어요 또 내가 상아 지에게 계속 말을 거는 경우도 있어요 이럴 경우에 반려견이 라는 고저 밖에 없어 보호자 하고만 사회성을 키울 수 있어 다른 반려견 다른 사람하고는 사회성을 확장할 필요가 없어 라는 생각을 하게 되면 지금처럼 이런 행동이 나오는 경우들도 많아요 보자니 제가 추천해 드리고 싶은 것은 보호자 님이 주는 애정을 조금 줄이시고 요 다른 사람 다른 반려견 하고 치나 를 중 어 할 수 있게 기회를 주시면 은 아마 지금 같은 행동들 많이 없어질 수 있구요 어허 너무 걱정하지 마세요 혼자 바 있는 관련 들은 거의 대부분 조용하고 안전하고 이게 정상적인 행동입니다,
151,https://www.youtube.com/watch?v=Cl3D6ZCuLHY,Cl3D6ZCuLHY,[Kang Hyungwook's Small Q&A] My Dog Poops When I'm Eating! Is This a Revenge or Something?,강형욱의 보듬TV,5 4 [음악] c55 숨 아닙니다 옥상과 입니다 김기민 님이 주신 사안입니다 강아지가 제가 밥 먹을 때 응가를 합니다 각인은 안주고 저만 먹어서 복사는 걸까요 굉 별을 그때만 하는건 아닌데 그 때 꼬 응가를 해요 바로 옆에서 말입니다 재밌는 사이인데 이유는 간단해요 우리 곳엔 이미 식사를 하실때 강아지가 하나씩 두개씩 얻어 먹었을 거에요 한 두 번의 경험이 0 그런데 보호자가 생각하겠죠 맞아 이거 주면 안돼 내 주지는 않겠어 라고 했는데 강아지가 갈라고 했는데 주지도 않고 라고 하는 생각이 들면 쪽 홍 좀 더 하고 굉장 될 수 있어요 흥분을 하거나 긴장을 하게 되면 소 벤 욕이나 탭은 요기 나오는데 그때 한 거에요 대변 같은 경우에는 5 이웃은 냄새야 뭐지 뭐지 하고 일어나서 아 음 가 있어라 학원가를 춰 주잖아요 반려견이 꼭 그렇게 관심이 없던 모자가 나한테 관심이 있네 그리고 또 하나 우리 보호자는 논제를 성공적으로 잘 하면 칭찬을 해줘야 되니까 또 간식을 주시는 분이 계시잖아요 그럼 강아지가 머리 쪽에서 파악 생각이 들어요 어 보호자가 밥 먹을 때 내가 응 다나 소변을 하니 단식을 먹을 수 있네 내가 보지 않대요 그래서 달라고 뚤고 롬 따서 바로 이래도 소용이 없고 그냥 인간 소외를 하는게 훨씬 더 효과가 있네 라고 생각을 해서 뭔가 나 소변을 하는 친구들이 많아요 원래 먼저 그냥 간식을 줄 생각은 아예 하지 마시구요 그냥 인가를 하면 인가를 키우고 아무것도 하지 말아 보세요 더 좋은 방법은 이 거에요 뭔가를 치우지 마시고 식사를 마무리 하세요 냄새는 나겠지만 응가를 치우지 마셔야 돼요 그걸 반복하면 2층 가 응가를 안 하게 될 확률이 굉장히 넓구요 더더더 좋은 방법은 보호자 님이 식사 하시기 전에 강아지를 데리고 밖에 나가서 산책을 해서 응가를 먼저 하게 하고 그 다음에 식사를 하시는 아마 이런 행동들이 자연스럽게 없어질 겁니다 이걸 혼내거나 뭐 지적하거나 왜그래 싸워 라고 하거나 소용 없구요 제가 말한 이 방법이 가장 훌륭하고 좋을 겁니다,
152,https://www.youtube.com/watch?v=yEmkGDa1e_E,yEmkGDa1e_E,[Kang Hyungwook's Small Q&A] Can Dogs Be Right or Left Handed?,강형욱의 보듬TV,5 4 ce 4 5 4 솔직히 모르겠습니다 아 환풍기 님이 올려주신 글입니다 강아지도 웬말 자비 옳은 말 자비가 있나요 저희 강아지가 마킹 하는거 관찰해 보면 항상 오른발 만들더라구요 응 거에 대해서 저도 제가 알고 있는 몇몇 훌륭하신 훈련사 님들께 이렇게 질문을 해봤는데 하다 도 모르게 써 잘 모르겠어요 왜냐면 순 이라고 했을 때는 오른손만 주고 또 어떤 개들은 왼손 만조 근데 다른 발로도 얼마든지 시 이렇게 놀아 실제로 손이라고 하면은 옳은 말만 주는 반려된 인데 그 스낵 뿌리라고 하시나요 이렇게 불리면 다시 떨어집니다 그거를 할 때는 왼발로 튄다 거나 들어 친구들이 굉장히 많이 있어요 습관인 것 같아요 내가 생각할 때는 보호자가 왼손잡이 인지 오른손잡이 인지에 따라서 달려가니 그에 맞춘 것 같아요 저도 보세요 집어 먹을 때 라고 하면서 동작을 표현할 때 오른 손을 움직이자 나요 좋은 혼잡 이거든요 그렇게 하다 보니까 반려견 한테 간식을 들 때 오른 손으로만 줘요 그래서 이 친구가 항상 제가 뭔가 칭찬 해 주려고 하면 제 오른쪽 금방 있을 때가 많습니다 아마 반려견의 오른손잡이 외손자 공의 보호자 님이 어떤 손을 쓰느냐에 따라 달려있지 않을까 라고 저는 촉촉하고 있습니다 222,
153,https://www.youtube.com/watch?v=eSEG6H-5eAk,eSEG6H-5eAk,[Kang Hyungwook's Small Q&A] Should I Turn On The Light Before Going Out?,강형욱의 보듬TV,5 4 c55 4 5 짠 차 어 맞습니다 4 박선영이 올려주신 글입니다 두 마리를 키우는 닭 연 가정입니다 외출할 때 불을 켜 놓는 게 낫나요 흑우 나가는게 났으니까 아 이거 조금 말씀드리고 싶은게 구원 집안을 다 환하게 켜 놓는 것도 나쁘지 않고요 불을 끄고 가는것도 나쁘지 않아요 근데 제가 추천해 드리고 싶은 것은 간단하게 음 안 방 불 하나 또는 거실에는 화장실 꿀 하나만 딱 켜 놓고 나갔다 오면은 좋을 것 같아요 보통 걔들이 어두우면 더욱 조금 더 편안하게 좋아요 근데 완전 어두우면 은 갑자기 보호자 님이 이제 들어오실 때 또는 뭐 우리 집 앞에 누군가 가져 왔다 갔다 걸릴 수 있잖아요 그럴때 내가 완벽하게 숨어 있다라고 생각을 한 상태에서 외부 작용이 들어오면은 떡 짝 놀라 돼 있어요 그래 나는 숨어 있었는데 갑자기 문이 열리며 는 설정 몰라서 있거든요 그래서 나중에 배달음식 앤 아니면 택배아저씨 들한테 조금 더 경계를 많이 할 수 있으니까 너 같은 경우에는 화장실 불을 1 찐다 거나 아니면 은조 주어 색깔의 불 있잖아요 그런 것들 하나 이렇게 안방에 켜놓고 가면은 이 친구들이 가끔씩은 안방에 들어가 있다가 가끔 그런 것이 있다가 왔다갔다 하면서 자기 기분이 좀 이렇게 조절하는 같더라구요 그래서 환하게 켜 놓는 것보다는 하나 정도만 차 펴 놓고 봐도 좋지 않나 생각이 됩니다 으 으,
154,https://www.youtube.com/watch?v=Xv-_xQJsSt0,Xv-_xQJsSt0,"[Kang Hyungwook's Small Q&A] Dog Sniffs and Welcome People, Are There Any Reasons Why?",강형욱의 보듬TV,5 4 아 예 5 자 어 이 있습니다 4 4 봉봉이 오전 님이 주신 사연입니다 저희집 강아지는 제가 들어오면 저를 계속 쳐다보다가 제 냄새를 맡고 나서야 방방 뛰면서 반겨 줘요 왜 제가 보이자 마자 바로 반 반겨주고 냄새를 맡고 반겨주는 걸까요 여러가지 이유가 있는데 이것을 통해서 우리 00 님은 개 주 갈 수도 있겠다라는 생각이 들어요 뭐 아아 이런 애들도 이뻐 해 주시지 않습니까 당겨 주가 말까를 고민하는 걸 수도 있습니다 9 1 발레 랜드를 그렇게 냄새를 맡으면서 오늘 보호자 의 하루를 한번 생각해봐요 냄새 맡으면서 아침에 뭘 먹었는지 나갔 어떤 사람 만났는지 사실 우리가 말을 하지 않아도 그 친구들은 보호자의 냄새를 맡으면서 이런 것들을 알 수 있거든요 들려 저같으면 냄새를 이렇게 맡게 될 거야 아 예 어 냄새 이렇게 맞게 해주시고요 퇴근하고 들어 오셨을 때 무조건 막 가 일요 안할 거 하지 말고 나쁜 냄새 맡아 봐 나 오늘 건강 했어 잘 돌아 왔네 라고 해 주셔도 좋을것 같구요 1 팁을 드리면 낙엽 이냐 아니면 나뭇가지나 이런 것들이 이렇게 들고 들어와서 강아지한테 선물 하잖아요 어 옛날에 우리 져 아빠가 출근하고 이렇게 들어오실 때 빵 같은거 사들고 들어오는 것처럼 그런 느낌을 받을 수도 있거든요 직접적으로 보호자 님의 냄새를 맡고 오션 님한테 아는 척하기 좀 쑥스럽고 나 굉장 될 때 괜히 다른 것들을 냄새 맡게 해 주면 훨씬 더 좋을 수 있으니까 걱정하지 마시구요 아마 보호자 님을 너무 좋아한 나머지 약간은 소극적이거나 약간의 굉장히 내 마음을 숨기고 싶어서 가게 처한 해 어 했어요 처음에 그렇게 되는 해 맡을 수 있는 거니까 너무 염려하지 마십시오,
155,https://www.youtube.com/watch?v=tfTmO2ZIOkc,tfTmO2ZIOkc,[Kang Hyungwook's Small Q&A] Dogs Following Me Whenever I Go to Toilet,강형욱의 보듬TV,5 4 c55 5 [음악] 뭘 시키니까 아닙니다 에 풍 밤 톤 님이 주신 질문입니다 저희 아가는 4살 남아 입니다 멋지게 능인 믹스견 인데요 제가 화장실에서 볼 일을 보거나 세수 양치 할 때 따라 들어와서 옆에서 쳐다보는 데 왜 그럴까요 저를 지켜주려 오는건가요 이거죠 다 우리가 정말 임 망할 정보를 정면에서 제가 보통 탄거 를 볼 때 2 팔꿈치를 용케 이렇게 되지 않습니까 그렇게 되면 우리의 다 우리가 딱 요렇게 와요 바 한테 이제 폭 다가와요 그럼 제가 호저 깔구 하는 식으로 이렇게 맞고 요렇게 이지 사는데 우리 강아지들도 많이 그래요 제가 항상 샤워를 하거나 화장실에 들어갔다 나오면 1항 제 눈 앞에 있구요 제가 서재에서 공부를 할 때면 역외 상상이 있구요 특히나 다 우리가 많이 흐르고 아우르는 저를 참 좋아합니다 그런 것처럼 어쩌면 우리 친구도 보일라 님이 그냥 너무 좋아서 그 순간에도 같이 있고 싶은 것 같아요 걔들은 대변을 통해서 정보를 굉장히 많이 얻어요 뭘 먹었나 잘 화가 됐나 낫고 싶은 거에요 아마 우리 보호자 님을 훨씬 더 많이 알고 또 이해하고 싶어서 들어오는 게 아닐까 라고 하는 답변을 드립니다 4 걱정하지 마시구요 지켜주려고 하는 걸 수도 있겠다 그쵸 아니면 보전 이마가 치고 싶은것도 되는데 괜찮은 거에요 많은 강아지들이 그리고요 너무 좋은 발 여행을 하는 것 같아서 보기 좋습니다,
156,https://www.youtube.com/watch?v=7aHaQik9T8Y,7aHaQik9T8Y,[Kang Hyungwook's Small Q&A] Small Q&A 'Anniversary' Award,강형욱의 보듬TV,"5 4 c55 예 오 어 오 자연 오늘은 겁니까 다 오는 어 우리 퀘 4 1주년을 맞이해서 어 수수한 언어들을 한다고 합니다 [박수] 아셀 1년이 넘었네요 채널 21 마당이 있으면 한 책의 필요 없나요 이런 질문을 첫 번째 업로드를 시작을 해서 지금까지 총 53회 예수 상쾌한 의미가 제작했습니다 좋아요 조회 수 댓글 순으로 각각 탑스 를 선정해 봤는데요 가장 많은 조회수를 기록한 탑 쓰리 이야기 해봅니다 마방 3위 강아지가 사오고 뛰는 이유는 뭔가요 좋아서 그런건가요 아 이거 좋아서 그 루프 이즈모 있는걸 털어 내기도 하고 뭐 여러가지 이유가 있었는데 이게 3위를 기록했습니다 2위는 탄색 중 그러고는 강아지 따라 오는지 확인 하는 건가요 와 이거죠 많은 분들이 그 이유를 듣고 감동을 했다고 가장 많은 조회수를 기록한 1위는 야 67 16,000 조회수를 기록했습니다 아침마다 몸에 올라와요 제가 서열이 낮은 건가요 아 이게 1위를 기록했습니다 이게 아침마다 봄에 올라오는 강아지들이 많아서 그랬던것 같아요 다음은 좋아요 탑 쓰립니다 4위 수시로 엉덩이를 들이대는 강아지 무슨 뜻인가요 많은 분들이 좋아요 를 눌러주세요 2위는 한 책 중 돌아보는 강아지 따라오는 확인 않은 건가요 5 이거 똑같네요 조회 수 하고 좋아요 순위가 2위 똑같습니다 자 그러면 가장 많이 좋아 요즘 먹는 걸까요 아 이거구나 이것도 같네요 아침마다 몸에 올라와요 제가 서열이 낮은 건가요 가 5천 800개의 좋아요 간 울렸다고 합니다 대단하죠 이 가장 고음이 하셨구나 자 그러면은 가장 많은 댓글 탑스 리를 읽어보겠습니다 3위는 사료를 가져왔다 들린 강아지 나눠 복자는 걸까요 아 이거였구나 이걸 의미가 되게 많은데 이게 어떤 분들은 나눠 먹자 라고 생각을 했었던 것 같아요 4 문제가 해결 했는지 공부합니다 자 2위 당신은 회사인가요 이게 뭐야 이게 위 야 아 아 아 거야 끝까지 말해주지 않을 거야 가장 많은 댓글 1위 대표들이 와 천 한 개 굉장히 말려야 겠네요 이렇게 많이 달릴 수 있나 크리스마스 특집 쌩뚱 질문답변 편이었으며 데 굉장히 외다 한데 여하튼 어 댓글 탁스 리까지 어 선정이 왔는데요 정말 감사합니다 저희가 일 년 동안 전체 토탈 800만 조회수가 넘었다고 하고 와 댓글이 3만 개가 넘게 달렸다 라고 하네요 정말 감사합니다 저는 0 택 쪽으로 또 재미있는 사연이 왔을 때 좋은 자아 이건희 거지 i 거의 건데 라고 말하는거 를 만들어보자 라고 시작을 했는데 이게 벌써 일년이 됐고 5 10편이 넘는 컨텐츠를 이제 만들어지게 되는데 괜히 기쁘고 이중 의원도 되고 시고 3 기능도 되고 싶은 마음이 있습니다 앞으로도 많은 관심 부탁드리구요 많이 많이 사랑해 주셔서 감사합니다 4 앞으로도 어여 여러분들의 소소한 질문들 어 개의 기울일 거구요 제가 답변해 드릴 수 있는 최선을 다해서 언제나 열심히 답변 드리도록 하겠습니다 오랜만에 플레이한 물어 한번 마무리 해 볼까요 4 이번 언제나 바로 잘모르겠어 예 컸네요 샵에 꽤 4 궁금한건 뭐든 물어 봐도 되지만 사실 4 궁금한건 못 물어 봐도 되지만 정부 답해줄 수 없는 소소한 취미 2 아 줘 i 궁금한건 뭐는 물어 봐도 되지만 전부 답해줄 수 없는 소산 qna 많아요 222",
157,https://www.youtube.com/watch?v=_8JbzS98wnw,_8JbzS98wnw,[Kang Hyungwook's Small Q&A] Dog is Giving Snacks to Me. Does This Mean that Dog is Sharing Food?,강형욱의 보듬TV,5 4 c 5 4 5 4 5 5 그렇지 않았습니다 걔들은 나 먹는거 를 잘 못해요 4 김민성 님이 주신 타임입니다 간식을 먹다가 꼭 제가 누워있으면 책 아리나 배 위에 올려놓고 가거나 초당 혹은 아님을 짓습니다 저한테 먹어보라고 주는 큰 칼을 합니다 안에 맡겨 놓을 테니 보관 하라는 건가요 간식을 가지고 오고 그것을 보고 짓는다는 것은 먹어봐 좀 보관주의 해주어 아니라 보호 자한테 연구하기 위한 행동 이에요 이게 어떤 친구들은 요 나 외롭다 나 아는 척 쭉 해줄래 라고 간식을 그냥 한가운데 거실 한가운데 다 두고 지키는 느낌을 주기도 해요 그리고 보호자 니 무릅이 올라오 싶은데 보호자 님의 따른 사람하고 이야기하는 동안 나한테 아는 척을 안 해요 그러면 이야기하고 있는 사이에 장난감 또는 내가 좋아하는 간식을 등 모자 옆에다 놓고 보호자는 투서 많이 먹혀 있어요 그런데 그 때 보호자가 세척 이면 괜히 그때 바로 그런거라 관심을 갖기 위해서 이런 행동을 하는 거예요 나한테 가지 가져오면 아는 척하지 말고 방으로 들어가 보세요 그리고 방에 들어가서 3분 정도 있다가 다 오는데 나왔을 때 강아지가 나한테 오는게 아니라 간식 쪽으로 가서 간식을 지키려고 하거나 간식을 가져가려고 한다면 이것을 예외적인 행동이고 약간은 은석 뿌리는 행동일 수 있어요 그래서 예절교육을 조금 해야되는 상태일 수도 있습니다 나중에 한번 피드백 주세요 예 감사합니다 으 아,
158,https://www.youtube.com/watch?v=BssP7es7f5Y,BssP7es7f5Y,[Kang Hyungwook's Small Q&A] My Dog Licks Body After a Shower...Is It Trying to Dry?,강형욱의 보듬TV,5 4 c55 5 [음악] 아 닦아주는 것은 아닙니다 아닙니다 총 소인 님이 주신 사야 됩니다 열사 코카 스패니얼 입니다 샤워하고 나오면 강아지가 제 발목이나 종아리 에 남은 물기를 핥아 먹어요 닦아 주는 건가요 a 입을 닦아 줘요 닦아주는 것은 아니고요 이게 보호자 님이 물기가 있으니까 위험하다고 그래서 이렇게 빨리 먹어 주는 거에요 바로 물 물기 많네요 이렇게 좀 수건으로 닦아 요가 아니라 보자는 지금 몸 이상해요 빨리빨리 닦아요 빨리 빨리 자 8 그래서 나도 같이 도와주는 거예요 이게 우리 다 우리가 이걸 많이 하구요 바로 같이 뜻이에요 제가 이제 샤워하고 나오면 뭐 물기가 있잖아요 그러면 어 보통 이 부름을 붙이고 있어 이런 느낌으로 와서 계속 핥아 요 제가 농담으로 말합니다 오빠가 문제 아니야 우리 오빠 줘 물에 빠진 거 아니야 괜찮아 하면 되게 딱 거든요 그럼 또 금방 뭐 저요 이걸 강아지가 걱정해서 하는 겁니다 보호자 님이 이상해졌다 우리고장 님이 급해졌다 라고 생각을 하구요 이런 강아지 하고 물가에 가는 논문은 물에 나갔다 오면 아마 몸에 있는 물을 땅에 이렇게 비비면서 딱 끌려고 되게 노력을 많이 하는 강해질 거에요 한마디로 우리 몸의 있을 때 자기도 예민한 상태에 가능성이 커요 그리고 또 하나 콰 습한 여야 이라고 하니까 귀가 혹시 조금 안 좋나요 귀가 안 좋은 친구들이 우리의 몸에 닿는 것에 대한 거부감이 조금 있고요 자기가 거부감이 있으니까 보호자도 그럴 거라 생각을 하고 위험을 위험하고 이렇게 닦아주는 거거든요 그래서 보자 님 빨리 쓰세요 빨리 땄고 빨리 물 제거해주시고 그렇게 말하며 는 뭐 큰 문제는 없을 겁니다 너무 염려하지 마시고 댓글 달아주세요 어떤지 아,
159,https://www.youtube.com/watch?v=8lIm1URC0R8,8lIm1URC0R8,[Kang Hyungwook's Small Q&A] Electronic Fan and Canines,강형욱의 보듬TV,5 4 co 어 q 땅 풀이 좋아야 상품이 좋습니다 2째 귀요미 강아지 에게는 선풍기가 무용지물이 인가요 훌륭한 되는 많이 넣으면 헥헥 거리면서 선풍기 앞에 가 있기 하는데요 뭐가 짓인지 모르겠습니다 그리고 강아지들에게 여름은 어떻게 나눈 게 제일 좋을까요 그러면 이제 선풍기 바람을 셈이야 이 피부에 닿는 져 시원한 바람에 좋잖아요 근데 달려 밴드는 몸에 닿는 시원한 바람이 아니라 주변에는 시원한 공기를 만끽하는 데 좋아요 펌 풍기를 틀어지는 의원을 1분기를 맞아서 시원 하라는 게 아니라 강아지들이 집에 있거나 좀 한정되어 있는 못 했을 때 공기가 빨리 순환하게 하려고 선풍기를 틀어 주기도 해요 강아지들은 선풍기 나쁘지 않습니다 좋습니다 지 위험하게 있다면 은 여름철 화제의 그 원인 중의 하나가 강아지가 성격이 물어 뜨거운 경우들이 상당히 많습니다 요즘 조심 해야 되고요 여름에 가장 좋게 나는 방법은 크게 두가지 에요 요즘에 대리석 있잖아요 요즘에 그 강아지 5로 팔더라구요 집 한가운데에 강아지 가지고 있을만한 곳에 대리석을 이렇게 깔아주면 강아지가 그 위에서 굉장히 좋아합니다 정말정말 좋아해요 또 하나는 태 표 거기에다 이제 물 놓고 냉동한 다음에 수원으로 한번 감아 가지고 나두 늘 강아지가 요 뒤 그 옆에서 가만히 눕고 있구요 어떤 친구들은 그렇게 살 틀려 고 하기도 하구요 그 제가 1 이거 정말 조 조은 티비 있네요 물놀이 할때 장난감 던지면 장난감 물속으로 꼬로록 으로 들어가자 좋은 방법이 있어요 와인 코르크 있죠 코르크 장난감 에다가 살짝 트다 가지고 3개 정도를 누크 다시 이렇게 바느질 하면 코르크가 물에 떠 물 해서 도가 끊을 수 있는 장난감이 됩니다 물놀이로 더위를 할 수 있는 좋은 방법일 수 있으니까 제가 말씀드린 이런 장난감 만드셔서 기본 열을 잘 하시길 바랍니다,
160,https://www.youtube.com/watch?v=ALWycPmPM1c,ALWycPmPM1c,[Kang Hyungwook's Small Q&A] Do Dogs Swallow Saliva When They Get Nervous?,강형욱의 보듬TV,5 4 c55 4 ooc 5 그럴 수 있습니다 4 예 김민영 님 저희 강아지는 의 제구를 위해서 절 바라볼 때나 만져달라고 배를 보여주며 누워 있을 때나 눈을 마주치고 만져줄 때 침을 꼴깍 삼키는 경우가 종종있습니다 왜그런걸까요 제정을 불편하게 한 걸까요 제가 봤을때 보자는 이거 침 꼴깍 삼키는 게 아마 이 거 아니에요 아 이게 우리가 생각할 때 딱 이건데 이때 금융의 혀를 한번 내일은 할 것 같아요 보호자 님이 강아지가 무릅이 올라오고 배를 보여주고 늘은 와 주실 때 아마 너무 이뻐서 막 만져 준다거나 아니면 너무 좋아서 이렇게 소리를 줍니다 아 그럴 때만이 개들이 혀를 낸 등 거려요 보호자 님이 너무 과도하게 나를 만들까 가 과도하게 인사 할까봐 이런 두려움이 좀 있어서 그런 낼름 거리는 걸 수 있거든요 이렇게 한번 해보세요 무릎 위에 있을 때 만지지 말고 손을 내려 보세요 또 배를 보여주고 있을 때 배를 만지지 말고 그냥 옆에 이르게 기대 있어 보세요 눈을 마주칠 때 거기를 살짝 돌려 보세요 그렇게 하는데도 강아지가 꼴깍 넘기면 그냥 습과 습관 잃고 제가 드린 좋은 대로 했는데 괜찮다면 이것은 강아지가 좀 2편 하고 있었던 거에요 나의 행동이 쪼끔 강아지한테 표현할 수 있었던 거죠 한번 그렇게 한번 시도해 보시고 어땠는지 앞 댓글로 달아주세요 제가 우수 해보겠습니다,
161,https://www.youtube.com/watch?v=PMJHbV-flEo,PMJHbV-flEo,[Kang Hyungwook's Small Q&A] Walking Outside with Hugging Dogs During Monsoon Season,강형욱의 보듬TV,5 4 [음악] c55 co 아아 매매합니다 아주 애매합니다 강아지를 안고 산책을 한다 음 바라는 것보다는 날겁니다 4 한번 보죠 우리 엉 더 칸 님이 질문을 주셨어요 상만 산책은 어떻게 합니까 비가 오니 제가 안고 산책하면 정말 강아지가 산책했다 고 느낄 수 있나요 아 이게 요 장마는 진짜 싫어요 그냥 저도 싫어요 장마 좋아하는 사람은 없을 것 같아요 특집 하잖아요 그런데 개들 그래요 실제로 장마때 스트레스 너무 많이 반하는 친구들도 많구요 피부 질환 생기는 친구들도 있구요 식이장애 오는 친구들도 있어요 장마 때는 요 그냥 산책을 많이 하는 것보다 요 소변 대변 만 하고는 산책도 만족해 할 수 있습니다 물론 이때 뭐 우리 코 단어나 이런걸로 뭐 서클 활동을 많이 해주면 은 장마 스트레스를 좀 극복할 수 있어요 근데 완벽하게 대체할 수 있다라고 할 수는 없어요 그래서 장만하여 아침부터 저녁까지 오는 비는 없는 것 같더라구요 아침에 먹어 시간 오고 또 여 씨가 나누다가 밤 중에 오고 많이들 그런데 뭐야 님 비가 안 올 때 한 번이라도 나가서 소매 들면 잠깐 볼 수 있게 해주시면 좋고요 않고 하는 산채에 으 아는 것 보단 나아요 라는 것보다 훨씬 더 나오니까 정말 이렇게라도 해주신다면 나와 강아지 감사해야 할 것 같습니다 그리고 비가 안 올 때가 있다 며 는 또 내려 나고 산책 해도 좋으니까 이렇게라도 밖에 나가서 호빠 라미란 쓰게 해 주시면 을 아마 강아지가 너무 보호하고 좋아하지 않을까 싶어요 그래서 장마 시즌에 해야 될 게 뭐 다 산책도 꾸준하게 해주시는 것도 좋구요 피부질환의 좀 걸리는 친구들이 많으니까 질도 좀 자주 시켜 주시면 은 다른 도움이 되지 않을까 습니다,
162,https://www.youtube.com/watch?v=8DGqDuZqw44,8DGqDuZqw44,[Kang Hyungwook's Small Q&A] My Dog is Not Using Toilet,강형욱의 보듬TV,5 4 c55 4 5 좀 [음악] 아 음 맞기도 하고 아니기도 하는데 싫어진 겁니다 4 우리도 햇님이 질문 주셨습니다 원래 배변을 화장실 안에서 잘 하는데 요즘 자꾸 화장실 입구에 다가 합니다 사장실 이라는 장소가 싫어서 그런걸까요 우리가 화장실이 라고 하면 타일이 되어 있고 욕조가 있고 변기가 입고 세면대가 있는 그런 것이겠죠 그런 곳에 강아지가 소변과 대변을 보는 것을 좋아한다 라기보다 그것이 그나마 마땅하고 괜찮으니까 하는 거거든요 그런데 만약에 우리 강아지가 큰 소리가 나오나 놀라운 일이 있으면 그 안에 세력의 변하는 경우가 있어요 샤워 게 이렇게 노다 가 떨어뜨려 가지고 과 과 과 간 거리는 소리 날 때가 있잖아요 또 하나 강아지가 거기에 가 쳤을 때도 그 안에 현행 하려면 안 하려고 할 때가 있어요 또한 아이가 있어요 거기에 물기가 조금 많으면 소변 대변 하고 싶어할 때가 있거든요 그러니까 그런 것도 한번 고려해 보시고 그리고 마지막 집에서 소변과 대변을 하고 싶지 않습니다 않은 어떤 메세지가 틀 거에요 그냥 우리 노래 님 의 반려견은 사실 그 곳에 하고 싶지 않았던 거예요 이 교육을 할 때 다시 교정 하려고 할 때 제가 부탁드리고 싶은게 있어요 화장실에서 소변을 하게끔 가르쳐주는 훈련이 아니라 밖에서 설정 가 되면 하게 하는 교육을 하면 자연스럽게 시내에서 설명과 되면 하지 않을 꺼고 실수하지 않게 될겁니다 소 변화되면 밖에서 하는 것이 이 반려견의 기본적인 스트레스를 낮춰주고 기본적인 생태를 존중해주는 거여서 한번 집에서 실천해 보시면 아마 이런 문제가 없어지지 않을까요,
163,https://www.youtube.com/watch?v=1NYMGaGf5Rg,1NYMGaGf5Rg,[Kang Hyungwook's Small Q&A] My Dog Make Noise when There is Thunder Storm,강형욱의 보듬TV,5 4 c55 4 5 있습니다 짠 안에 있습니다 있습니다 2부 논의 우위 강아지가 천적 2시면 너무 무성합니다 괜찮다고 안아주고 좋아하는 거 울 저도 굉장히 게임이 되고 8 걸 떨기만 하는 데요 천둥이 멈출 때까지 힘들어합니다 얻어 좋을까요 저의 다 우리가 거에요 우리는 소리가 들려야 좀 창조인 책 뿌나 라고 하잖아요 다 우리를 천둥이 칠 것 같은 전조를 아나봐요 그때 제가 하는 방법이 있어요 그냥 집을 천천히 걸어 다닌 거야 그리고 우리 친구가 어디에 숨어 있잖아요 억지로 끌지는 않고요 그냥 당당하게 집을 와 다 봤다 움직이고 보통 형과 또는 발코니에서 부천 등 소리가 들려오자 나요 거기에 서서 이렇게 강한 이렇게 써있어요 예 이게 조금이라도 도움이 됩니다 사실 이 선동을 숙 하는게 쉽지 않아요 왜냐면 천둥이 치게 되면 우리 5 아님 의 반려견 처럼 너무 긴장을 많이 해서 치료 까지도 끈기는 경우들이 봤구요 이건 꼭 천둥번개가 아니라 요건 노릴 때도 똑같은데요 이땐 의 보호자 님이 얼마나 침착한 지를 보여주는 게 그나마 좋은 방법이에요 너무 쉬가 희망 경우에는 가슴줄 이렇게 매고 집에 와 닿았다 움직이면서 괜찮다 괜찮다 해주거든요 그렇게만 해주면 은 아까 처음에 그렇게 놀랐던 것 보다는 훨씬 괜찮아 지기도 한답니다 이제 또 b 가져오면 천둥이 치게 쬲 이제 장마가 올 때가 되니까 우리 보호자 님도 제가 말씀드린 이 방법 써 보시면 도움이 될겁니다,
164,https://www.youtube.com/watch?v=lV2MNWjmWTs,lV2MNWjmWTs,"[Kang Hyungwook's Small Q&A] My Dog is Biting Hair, Is This Because of Stress?",강형욱의 보듬TV,5 4 co 4 5 자 어 아니오 4 이지훈 님이 보내주신 사연입니다 3년 조금 진한 말티 풀을 키우고 있어요 저희 강아지는 가족들이 누워있거나 앉아 서 있으면 옆에 와서 자꾸 머리를 싶 어 요 강아지가 스트레스를 받아서 그러는 걸까요 그리고 그래 습관 된것 같습니다 제 생각에는 우리 강아지가 가족들 간의 놀이 라고 생각할 수 있어서 정말 우리 이 주인님이 걸 원치 않으시면 벌떡 일어 나거나 강아지를 미 십시오 저희 까 라고 하시면 충분히 없어질 수 있구요 그렇게 하신 다음에 강아지 장난감 강아지 거 뭐든지 물고 뜯고 찔 수 있는 그런 것들을 주셔서 대체할 수 있게 해주시면 요금 가 없어 지거든요 그냥 보호 잔인하고 이렇게 같이 있을 때 모든 님이 머리를 물면 그 기분이 좋고 보호자 님들도 날 귀여워 하니까 이 행동이 나은 것 같아요 이유는 데 앞서서 꺼낸 이 될 수 있으니까 그 치울 봤습니다 서산 캐 레이무의 채택 되신 분들 때는 트 카 받은 자연식 퀄리티에 워커 리아 에서 활력을 잘 하시길 괴물 빨리 해주세요 [음악],
165,https://www.youtube.com/watch?v=Lq8ruTqBSDA,Lq8ruTqBSDA,[Kang Hyungwook's Small Q&A] Why Some Dogs Try to Eat Right Before Going Out?,강형욱의 보듬TV,5 4 co 어 뾰옹 짤 어 어 이유가 있어요 분명한 이유가 있습니다 한번 타일 한번 볼게요 정민 입추 파 또는 침대에 누워 있다가도 개가 외출을 하려고 하면 후다닥 뛰어가서 나 사료 먹으니까 봐줘 라는 듯이 사료를 먹고 저를 쳐다보고 로 반복해요 왜 그러는 걸까요 블리 브란 있는 걸까요 지금 이 친구가 이런 행동을 하는 것은 난 차를 보는 것 봐주고 아느냐 지금 보호자 님에게 공대 거야 를 한번 말하고 싶은 거에요 이거는 소유욕 에서 부터 시작이 되는 경우가 많구요 사료를 먹는거 이외에도 적전 에는 다른 거를 이렇게 수집하고 있는 경우가 있을수 있어요 사실 이런 행동은 보호자 님한테 조금 힐 보여주고 있는 거에요 당신에게 부터 내 자리와 안에 공단과 안에 먹이와 내가 소중하게 생각하는 무언가를 지킬 거야 라고 하는 것은 보호자 님께서 강아지의 물건을 자주 뺏았다 거나 쉬는 장소를 빼서 없다거나 쉬고 있을 때 안아들었다 거나 한마디로 휴식이 충분치 못하여 이래 공간을 지키기 위해서 이제는 팔을 내는 거죠 한번 밝은 유심히 봐 주시고요 그리고 내가 한번 생각해 보는 거에요 우리 강아지는 잘 잤나 우리 강아지는 잘 쉬 었나 먹었나 다른 강아지들을 만나면서 즐겁게 놀랐나 1 색도 잘 했나 기본적인 것들이 온전하게 제공이 되고 있었나 를 먼저 생각해 보시고 혹시나 그런 것들 중에 한두 가지가 잘 안되었다면 괴도 부터 먼저 채워 줘 보세요 그리고 또하나 달 급식을 멈춰주세요 하루에 정해진 시간에만 밥을 주고 먹지 않으면 치워 주는 걸로 대처 해 주시고 차례가 없는데 장난감 또는 보호자 님 의 어떤 물건으로 이런 행동을 대처한다면 진짜 내꺼 를 지키기 위한 나를 지키기 위한 그런 행동이기 때문에 가까운 발령은 전문가를 만나면 좋을 거 같아요 소소한 캐리 무 의 채택되신 분들께는 특허받은 자연식 퀄리 c 의 보컬이 아에서 팔려면 잘 해주시길 기운을 빨리 해주세요 222,
166,https://www.youtube.com/watch?v=n2bP3qPmTsI,n2bP3qPmTsI,"잘 때 장난감을 물어다 놓는 강아지, 왜 그러는 걸까요? ｜강형욱의 소소한 Q&A",강형욱의 보듬TV,5 4 c55 4 4 4 아 ol [음악] 어 4 [음악] 우리 2시간 님이 보내주신 사연입니다 침대에서 같이 하는데 자다 보면 아끼는 장난감을 울고 와서 내 주변에 둬요 분들이 태 왔다 빽빽 솔잎 때문에 깰 때도 있는데요 고식 4개정도 무료 넣었는데 왜 그러는 걸까요 두 가지의 요 하나는 왜 내가 갖고 놀고 싶은 장난감들을 가지고 와서 가지고 놀려고 하는 거구요 또 하나는 보홀 아님을 지켜주기 위해서 내가 좋아하는 물건을 그것의 다 가져다 주는 거에요 발락은 들도 내가 정말 아낀다 내가 정말 좋아한다 그럴 때에 내가 좋아하는 무언가를 그 곳에다가 거요 혹시 우리 보자 님이 주무실때 강아지를 툭 치며 1 강아지가 늘 짝 놀라거나 또는 어린 울렁거린다 거나 또는 실제로 공격도 합니까 꽃 전문 관련 흐른 사람만 하시구요 그렇지 않고 그냥 치우는 것도 그냥 해 벨 내 하고 로 이렇게 가지고 오면 아마 개는 강아지가 보호자 님을 너무 좋아하고 보자는 옆에서 장난 치는거 너무 좋아해서 그러는 거니까 너무 염려하지 않으셔도 됩니다 주무시기 전에 장난감 치우고 중심이 안 훨씬 더 좋지 않을까 또 장난감을 춰 놓으면 방사에 강아지가 쓸쓸해 하고 심심 할 수 있잖아요 장난감을 치우 신 다음에 산책하면 가볍게 나가서 소변 한번 찍 보고 들어오고 자면 아마 관련도 장난감 없이 잘 잘 수 있지 않을까 싶어요 너무 염려 하지 마시구요 어 괜찮아 에 장난기 일수 있어요 약간의 룬 형인 의 공격성 만 붙지 않는다면 전혀 문제 없습니다 소소한 캐리의 진우의 채택되신 분들께는 특허받은 잠실 퀄리티에 워커 리아 에서 관련자 유심을 잼은 빨리 해주세요 [음악],
167,https://www.youtube.com/watch?v=R-7AWd2cR7s,R-7AWd2cR7s,강아지도 노래를 알아 듣나요? ｜강형욱의 소소한 Q&A,강형욱의 보듬TV,5 4 c55 4 5 꼴 네 맞습니다 돈까스 님이 주시 사야 됩니다 강아지도 노래를 알았나요 자기전에 자장가 눌러주고 강아지가 편안해지는 노래도 틀어 주는 데요 별로 신경 쓰지 않는 것 같아요 아니면 관심이 없는 걸까요 아 사실 노래라는 것이 반려견 들에게는 파울리 라고 하는 것으로 전달될 가능성이 커요 의미가 여러가지가 있는데 멀리 떠난 나의 동료에게 난 위치를 알려주는 뜻으로 하울링 을 해야 나 여기있어 빨리 돌아와 또 하나는 나 지금 돌아가는 길이 야 너 뭐 해 너 살인이 또 마지막은 여기에 우리 무리야 너희들은 들어오면 하는데 라는 뜻으로 털리는 하기도 합니다 아울 아 어 이게 어떤 의식 같은 거에요 그런데 지금 우리 부장님이 하울링 을 하시는 거예요 걔들이 정말 하울링이 라고 느끼면 100% 따라하는데 바라지 않고 있는 나면 그냥 내 보호자가 어디 아픈가 왜 킹 거리지 라고 생각할 가능성이 큼 이나 혹시 보이던 님 내가 노래를 부를 때 강아지가 늘 깜빡한 바 꺼리거나 팔을 낼름낼름 걸리거나 자꾸 고개를 따른 대로 피하거나 26 하거나 귀를 막거나 고개를 숙이고 있어 뭐 이런 행동을 한 해요 아마 지금 우리 돈가스 님이 강아지는 엄 없이 힘들어 하고 있으니까 뭐 를 하지 마세요 만들지 않고 말 걸지 않고 아무것도 하지 않으면 잡니다 깨우려고 노력하지 마시고 노래는 마세요 아 조 수수 않게 레이무의 채택되신 분들께는 특허받은 자연식 퀄리티에 워커 리아 에서 8년차 유심을 잼은 빨리 해주세요 [음악],
168,https://www.youtube.com/watch?v=knuZSOfhwtc,knuZSOfhwtc,"자자고 하면 사료 먹는 강아지, 이유가 있나요? ｜강형욱의 소소한 Q&A",강형욱의 보듬TV,5 4 [음악] c55 디자이 오늘도 예 다운이 같아서 하고 있어서 움직이다 가지가 다 치거든요 4 이유가 있을 거예요 제가 한번 보시죠 ys 방음이 주신 4 이름이라 가족들이 다 잘 때가 되서 찾아 라고 하면서 자기 방으로 들어가려고 하면 막 강아지가 그때부터 사료를 먹기 시작해요 왜 그러는 걸까요 지금 잘 급식을 하시고 있는 것 같아요 조금 더 살펴 봐야 돼요 영향을 시키려고 하는 문지 뭐 그것을 지키려고 하는 건지 여기서 한가지 정보가 없어요 그 사유가 거실에 있느냐 아니면 작은방 있는 에 큰 방이 있느냐 그럼 정보가 있어야 되는데 제 생각에는 보호자 님이 쉬는 동선과 겹칠 것 이런 친구들은 내 거라고 하는 것이 강한 친구들이 어서 보고 전임 의향 6다운 씩 교육방식을 쭉 음 들어서 봐야 되요 지금 어떤 행동이 려면 치유가 집에 놀러 왔어 왜 평상시에 아니 갖고 노는 장 나타 미야 갖고 놀지 않아요 그런데 친구가 끼와 라고 하고 그 돌을 만들려고 할 때 그거 내 거야 감 겠지만 내 거야 병이 를 와 전에 내 거야 내 거야 그런데 이게 오덕의 션 이라고도 하는데 왜냐면 음식을 먹는 것 자체가 공격하고 연결되어 있지는 않았지만 나 조금만 건들면 퍼낸다 나는 곳을 내포 하게 되요 그러니까 한번 우리 100님 전문 훈련 산님이 나 주변에 행동 전문가 하고 상담을 좀 해 보시길 바래요 이게 아주 큰 문제 점일 수 있어요 1 잘 보내셨고 요 꼭 상담받으세요 아셨죠 수상 캐리 모의 채택되신 분들께는 특허받은 잠시 퀄리티에 워커 리아 에서 활력을 자유시 5 질문 빨리 해주세요 오오오,
169,https://www.youtube.com/watch?v=cW_Z7lOyijg,cW_Z7lOyijg,강아지도 한숨을 쉬나요? ｜강형욱의 소소한 Q&A,강형욱의 보듬TV,,"first=RuntimeError: No captions found for languages: ko-orig, ko, ko-KR; second=TranscriptsDisabled: 
Could not retrieve a transcript for the video https://www.youtube.com/watch?v=cW_Z7lOyijg! This is most likely caused by:

Subtitles are disabled for this video

If you are sure that the described cause is not responsible for this error and that a transcript should be retrievable, please create an issue at https://github.com/jdepoix/youtube-transcript-api/issues. Please add which version of youtube_transcript_api you are using and provide the information needed to replicate the error. Also make sure that there are no open issues which already describe your problem!"
170,https://www.youtube.com/watch?v=IVJNE7rGbHE,IVJNE7rGbHE,당신은 호야인가요? ｜강형욱의 소소한 Q&A,강형욱의 보듬TV,5 4 [음악] c55 아 어 자 뭐 들 수도 있고 아닐 수도 있고 4 조금 풀어 초 4 아 주로 젊은 이미 질문을 주셨습니다 진짜 호야 맞나요 그리고 황씨는 강아지 강씨가 맞으시죠 어쩜 그렇게 강아지 마음을 잘 하시는지 라고 질문을 주셨습니다 어근 칭찬으로 듣고 있어요 강아지를 그만큼 잘 이해하고 있고 또 강아지처럼 생각한다 라는 것 같아서 호야 맞느냐는 또 강아지 감시 아니 있냐 라고 하는 이야기를 하시는 처음에는 당황했지만 없이 당했죠 왜 나옵니다 근데 지금은 너무 재미있게 듣고 있고 너무 감사하고 기쁘답니다 어제가 좀 추천해 드리고 싶은 게 있어요 여러분들도 빨리 은과 대화를 할 수 있습니다 어 이 책 정말 좋다 다른 사람들한테 알려주고 싶었다 라고 하는 책이 있었는데 그 책이 바로 이 책입니다 마방 카믹 시그널 이라고 하는 책이에요 이게 트레이드 가지라고 1 굉장히 세계적으로 유명하신 카밍 시그너 반력 은행동 검과 이신데 제가 이 책을 너무 우리나라의 수간 하고 싶어서 선생님 한테 어 그냥 비책 내가 한국에서 출판 해도 되냐고 그래서 정말 계획을 했어요 시간이 좀 걸렸습니다 왜냐면 책을 내는 과정들이 언어 먹지 않으니까 어 사진도 우리 곧 음에서 가질 수 있고 함수도 하면서 세계 이게 드디어 나왔습니다 안력을 행동 하나하나를 설명하는 어 내용의 그리구요 여기 카비 시그너 14개 에 대한 관찰 노트 가 있습니다 그래서 한번 직접 이걸 보면서 체크 한번 해보세요 그러면 은 정말 언젠가 부터는 반해 반력 이는 지금 현재 이런 기분이 겠구나 라는 것들이 눈에 보이면서 아마 여러분들한테 는 새로운 시각과 새로운 감정이 생길 거예요 어디서든 다 어 구매 하실 수 있으실 겁니다 많은 분들이 이게 받으셨으면 좋겠구요 4 안되시면 빌려 보세요 도서관은 있지않을까요 으 5 네 감사합니다,
171,https://www.youtube.com/watch?v=poxwdQiebF8,poxwdQiebF8,"산책하다 신발을 무는 강아지, 이유가 있나요? ｜강형욱의 소소한 Q&A",강형욱의 보듬TV,5 4 [음악] co2 쪼금 차 장 어 어 이유가 있죠 그럼요 원 스타일을 읽어보겠습니다 김민준이 뭐 편 책 중에 이렇게 계속 신발을 물어요 신나게 뛰다가 달려와서 제 발을 물고 옆에 있던 언니 발 도구입니다 도대체 왜이러는걸까요 제가 이어 영상 a 따라 가거든요 영상을 해볼까요 얼어 쿠나 아 이거 너무 간단합니다 어린데 의식 거기다 호 훨씩 곡인데 벌이 더 늘 깨어 문화 특히 냐 발을 깨문다 왜냐면 웰시코기 라는 견종 자체가 옛날에 황소의 뒷다리를 깨물면서 몰이를 하던 친구들이에요 제외시 펍 이들은 장난으로 와 발이 다 꽉 움직인다 라고 하면서 이렇게 발가락이나 손가락 이나 이런걸 많이 깨우는데 지금 이거는 3 책을 할 때 신발을 식구 걸어 다니지 잖아요 활동에 있는 그 실타래 이거 가지고 장난치고 싶은 건데 보다는 이렇게 한번 해보세요 지금 딱 산책 연습을 해야 되는 시기 니까 아까 제가 정말 좋아하는 인형 있죠 그거 들고 다니면서 장난 쳐 주면서 선택하시면 의 아마 훨씬 어이 층위가 신발보다 낸 보호자 님 손에 들고 있는 장난감을 좋아하면서 같이 이렇게 걸을 수 있지 않을까 싶어 이거 나쁜 행동이 아니라 너무 염려 하지 마시구요 웰시코기 엉덩이 보고 입양한 사람들 많은데 2 시 폭이 엄청 때 물어요 아 줘 이건 많이 어색해 주시고 많이 놀게 해 주시고 그러면은 좋지 않을까 있습니다 좀 자 소소한 캐리 무의 채택되신 분들께는 특허받은 자유시 퀄리티의 허리 아에서 달력은 잘 인식을 합니다 질문 많이 해주세요 자 오오오,
172,https://www.youtube.com/watch?v=mbql6-rZWX8,mbql6-rZWX8,A dog drops food. Is he asking to share it? ｜Kang Hyung-wook's Small Q&A,강형욱의 보듬TV,5 4 [음악] c55 아니오 아닙니다 네 사람이 왔습니다 아 김세정 님이 올려 주셨는데요 사료를 먹기 시작하면 몇 알을 입에 물고 안방 으로 입니다 그런 다음에 보란듯이 바닥에 떨어뜨리는 데 요 나누어 업자는 걸까요 아니에요 이게 자 양한 이유들이 있어요 첫번째는 지금 눌러 있는 밥그릇에 위치가 강아지가 마음껏 먹을 수 없는 위치인 경우들이 있어요 밥을 그렇게 노출되어 있는 곳에서 먹는 것을 좋아하지 않아요 뭐 소리에 얼굴을 대고 이렇게 고개를 밑으로 한 다음에 밥을 먹고 싶어 해요 또 하나 닭 요한 가정식 4 내가 먹을 때 다른 강아지 않다 타겟이 된다 라고 생각해요 그래서 하루에 가가지고 입이 한 꿈 치고 언니가 이에 가서 먹는 친구가 있어요 마지막 세번째 인데요 어쩌면 은 밤 작 먹을때마다 고전 님이 칭찬을 해 줬거든요 아 이뻐 해 줘서 이런 행동이 나타나는 걸 수도 있어요 사실 이런 행동을 한다는 것 자체가 강아지가 무언가 불안이 있다라는 거에요 고라니 있어서 내가 정말 좋아하는 음식을 그 장소와 하니 빠르 곳에서 먹는 거죠 3장 님 지금 친구가 조금은 어딘가 불편할 수 있어요 여러가지를 추 할 수 있을 것 같은데 보호자 님도 제가 말씀드린 답변 듣고 한번 이 상황을 파악해 보시면 좋을 것 같습니다 예 아 소소한 쾌히 실물 채택 되신 분들께는 특허받은 자야지 쏠리기 케어 버프 코리아에서 관련은 자연식을 지금 가요를 이세요 으,
173,https://www.youtube.com/watch?v=TMZnSiN2674,TMZnSiN2674,"가족끼리 말다툼 후, 화목한 모습을 보여줘야 하나요? ｜강형욱의 소소한 Q&A",강형욱의 보듬TV,5 4 [음악] co-op out on 그거 참 예진 이미 타이어를 지었습니다 가족끼리 사소한 말다툼을 하면 강아지들은 불안해 하나요 말다툼 후 강아지에게 화이 하는 장면이나 화목한 모습을 연출 해 주어야 하나요 걔들은 보호자가 싸우면 우리 공동체의 문제가 생겼다는 생각을 하고 그거를 해소하고 싶어요 머리 가족 지금 문제 많으니까 우리 주변에 오지마 더 문제 커지면 안되잖아 나는 마음으로 주변에 조그마한 자극이 라도 들 그걸 경계하고 재는 친구들이 굉장히 많아요 보호자들의 다툼을 강아지는 정말 많이 불안해요 보통 인간적인 반려 분들은 그렇게 다툰 이후에 우리가 아 미안해요 사랑해요 라고 해도 아마 강아지가 오해를 풀 지는 않을 거에요 그래서 더 좋은 방법 알려드릴게요 만약에 되요 엄마 싸운 거에요 봐야 하는 모습을 강아지한테 보여주고 싶어요 그러면 엄마에게 택은 하실때 강아지랑 같이 엄마 마중 나갔어요 볼모 께서 엄마와 걸어오면 어 엄마 다 엄만 택하자 이런 강아지도 엄마 보고 막 즐거워하고 그 과정 자체가 엄마랑 나 강아지 이 셋이 있을 때 즐거움을 느낀다 라는 것을 한번 더 재 확인 시켜줄 수 있으니까 그렇게 하시면 너무 좋지 않을까 싶습니다 서서 한 qna 질문에 채택되지 분들께는 특허받은 자유시 홀리 케어 버프 커리 하에서 반려견 자연식 을 들어도 분 아니세요 으 으 [음악],
174,https://www.youtube.com/watch?v=dZLcaofZo8c,dZLcaofZo8c,"허공에 짖는 강아지, 귀신을 보는 걸까요? ｜강형욱의 소소한 Q&A",강형욱의 보듬TV,5 4 아 예 아 아니에요 아닙니다 아닙니다 네 뭐 사연을 읽어 볼게요 김수현님 강아지가 허공에 으르렁거리며 치는거 진짜 저희는 보이지 않는 귀신이 있는 걸까요 사실적으로 는 그렇지 않죠 그 텅 걔들은 사람보다 조금 더 귀가 밝아서 윗집에 악단 해머 진동 또 소음 박해 지나가는 어떤 사람이 어떤 목소리에 자극을 받기도 해요 그런데 그냥 정말 정말 소리가 나지 않았는데 각 음식들도 뭐 쉬우 뭔가 고로 와 짖는 강아지 들이 있어요 정말 뜬금없이 저요 그런 친구들은 어쩌면 지금 현재 만성 스트레스 라고 하는 것에 만성적인 신경 장애를 겪고 있는 친구들이 단오 그래요 도시에 살고 있는 하는 발현 들에게서 보여지는 행동 중에 하나에요 그런데 정말 우리 강아지가 술 스 하나도 맞지 않는다 정말 멋쟁이 더 라고 하면 뭐 그럼 그 수가 없네요 얘가 틀 보자 님 너무 수고하셨고 네 제가 수가 있죠 사실 아아아 빈 표현 님 내 감사합니다 이런 답변이 좀 되셨기를 바래요 아 서서 한 qna 질문에 채택되지 분들께는 특허받은 자유시 홀케 머프 크리 하에서 반려견 자연식 요새 분 아니세요 으 으 [음악],
175,https://www.youtube.com/watch?v=cOj9UE_6oeE,cOj9UE_6oeE,강아지도 사람이 슬퍼하는 걸 알까요? ｜강형욱의 소소한 Q&A,강형욱의 보듬TV,5 4 co 으 그럼 요 알죠 당연히 할까 5년 님이 보내 주셨구요 강아지도 사람이 슬퍼하는 걸 아나요 제가 울고 있는 걸 눈치 채면 문앞에 와서 낀 것 이거나 무릎 위에 올라와서 얼굴이나 손 같은 데를 울음이 그칠 때까지 계속해서 할텐데 제가 우는게 저희 강아지를 불안하게 만드는 건 아닌지 걱정이 됩니다 그럴 때 어떻게 해서 안심 시켜 줘야 하는지 모르겠습니다 어 걔들 위엄 4 보호자 의 감정을 파악하는 아주 놀라운 여기 있어요 반려견이 우리 보호자 의 슬픔과 감정을 어떻게 느끼고 있는지 어떤 감정인지 어떤 상황인지 이런 것들을 보호자인 표정이 아니라 냄새 아니면 직감 이런걸로 다 알거든요 귀 친구들은 보호되는 얘기해서 행복하기를 가야 갖고 있기 때문에 아마 보호자 님이 더 이상 울지 않는 거지 i 친구들한테도 을 거고요 아니 뭐가 그렇게 슬프 길래 에 이르 보자 님께서 어 자주 오실까 강아지도 담아보자 님을 걱정 될 거고요 보호자 님이 기운 차려 주시고 좋은 일 많이 있으시다면 아마 우리 강아지도 훨씬 더 나아지지 않을까 싶어요 힘내시구요 우리 강아지는 우리 온 연임 밖에 없잖아요 4 중요하세요 [음악] 아 네 소소한 qna 실무 4 채택되신 분께는 특허받은 자연식 폴리 케어 오브 코리아 에서 알려준 자연식을 분해를 아니 올려주세요 you,
176,https://www.youtube.com/watch?v=Kc32ieJwbAc,Kc32ieJwbAc,강아지도 결벽증이 있나요? ｜강형욱의 소소한 Q&A,강형욱의 보듬TV,5 4 [음악] co2 쫙 왜 될 쭉 아 아니 그렇죠 박주영 님이 보내주신 사연입니다 강아지도 결벽증 있나요 아기가 똥을 싸면 땅에 떨어지기 무섭게 조망을 합니다 그래서 2월에 떨어지고 이상한 곳에 떨어져요 이에 응가를 싸는 중에 어딘가로 막 간다는 거죠 그래서 이불이나 아니면 그 외에 다른 곳에 떨어진다는 것 같아요 그리고 슬쩍 와서 냄새를 맡고는 다시 이렇게 도망간다 아 라고 하는 것 같은데 제 생각에는 어 조금 다른 것 같아요 강아지가 응가를 1 라고만 하면 놀래킨 다거나 말을 벗어나거나 이 또 뭔가 했을 거에요 강아지가 등 가를 땅에 떨어뜨리기 전에 걸 받으려고 했잖아요 아니면 응가 실수를 조금 했을 때 내가 는 야 너 그간 어떻게 해 라고 했다 거나 또는 완전 반대로 응가를 잘해서 칭찬을 들으려고 아 이럴 때 박수 치면서 소리지르면서 또 하잖아요 근데 이제 관련 들한테 는 굉장히 없고 어렵고 고 5단 님에게 내가 소변 대변 하는 모습을 보고싶지 않아 저도 있거든요 그래서 나의 어 과오를 한 번 되돌아보고 문제 원인을 파악할 수 있을 것 같으니까요 우리 죄 없이 너무 염려 하지 마시구요 강아지 어 한 번 잘 관찰해 보세요 예 아 네 소소한 qna 실무 4 채택되신 분께는 특허받은 자연식 콜리 케어 오브 코리아 에서 관련된 자연식을 분해 될 그 안이 올려주세요 으 으,
177,https://www.youtube.com/watch?v=SWblEuV3Z8w,SWblEuV3Z8w,"산책 후 이불에 등을 비비는 강아지, 간지러워서 그런 건가요? ｜강형욱의 소소한 Q&A",강형욱의 보듬TV,[음악] [음악] 짠 어 아닙니다 오현정 님이 보내주신 사연입니다 강아지가 산책을 다녀오면 이불에 곧장 뛰어들어서 배를 보이고 부비부비를 합니다 기분이 좋아서 그런 건가요 간지러워서 그런 건가요 기분이 좋아서 그런 거일 수도 있고 아니면은 산책이 조금 내가 어렵고 조금은 좀 긴장되고 그러면 그럴 수도 있어요 오토바이가 웅 지나가고 자동차가 웅 지나가고 내가 호기심이 좀 생겨서 가고 싶은 것이 있었는데 가면은 안 되고 놀라는게 많고 제재게 많고 하고 싶은 거를 하고 싶은데 하지 못하게 됐을 때 집에 와서 슈퍼소닉이대형 다리 안 보일 정도로 막 뛰어다니기도 하고요 지금처럼 막 등을 구이기도 합니다 너무 뭐 걱정하거나 그럴 필요는 없으시고요 한번 이렇게 하고 난 다음에 다시 한번 산책에 나갔다 와 보세요 그런데 나갔다 왔는데도 또 이걸 한다라고 하면 진짜 산책이 좋아서 이러는 거고요 이거를 하지 않는다라고 하면 기분은 좋았는데 조금 부족했던 거일 수 있어요 그때 행동에 따라 따라서 그 앞의 행동이 진짜 무엇 있는지를 알 수 있지 않을까 싶습니다 너무 걱정마세요 연정님네 아네 소소한 q&a 질문에 채택되신 분께는 특허받은 자연식 홀리케어바프 코리아에서 반려견 자연식을 보내드립니다 문 많이 올려주세요 [음악],
178,https://www.youtube.com/watch?v=MkqIdPSA_Ao,MkqIdPSA_Ao,"방을 옮겨가며 잠을 자는 강아지, 이유가 있나요? ｜강형욱의 소소한 Q&A",강형욱의 보듬TV,5 4 c55 4 오 오오 예 있어요 네 이제 4시 5 지우 성웅 이 보내셨습니다 1년 4개월 된 암컷 비중을 키우고 있는데요 밤에 가족들이 불 끄고 잠자리에 들면 강아지가 여동생 방 침대에 가서 잠을 자다가 새벽 3시에서 4시까지 나면 제방 침대로 옮겨 와서 잠을 잡니다 이렇게 장소를 바꿔가며 자는건 왜 그럴까요 어제 생각에는 우리 지음 손님이 좀 깨진 것 같아요 내 옆에 있으면 내용의 차지 예 아따 은지야 예 예 어 개들의 우리 가족의 안전을 매번 까기 나오실 거에요 뭐 자기가 다 가 일어나서 구입해 갔다가 또 다른 사람들에게 갔다가 이렇게 번갈아 가면서 계속 사람들을 관찰해요 우리 가족들의 요 이거 어렸을 때 보면 우리 엄마 나 봐봐 자고 있으면 에 들어와서 이렇게 미리 없이 강아지가 그렇게 까지는 못하지만 잘자 나 안전 1 * 일은 없나 계속 확인하면서 머시따 움직여 지식인들이 맛이 이제 그러다가 어쩌고 안정적이게 되고 우리 가족들이 확실하게 건강 할 거라고 생각을 하고 성숙한 열게 되면 이런 것들이 훨씬 훨씬 줍니다 근데 이렇게 저녁에 계속 일어나서 보고자 님들 한번씩 확인하는 것은 나쁘지 않은 거에요,
179,https://www.youtube.com/watch?v=uQ10VpJ8xNo,uQ10VpJ8xNo,"외출 시 바지를 무는 강아지, 나가지 말라는 건가요? ｜강형욱의 소소한 Q&A",강형욱의 보듬TV,5 4 ce 4 5 그런거 뭐 예 그럴 가능성이 커요 최다은 님이 보내주신 사연입니다 저희 g 애기가 이상하게 가족 중에 제가 나갈 때만 화난 것처럼 이빨을 드러내고 자국인 함께 발목이나 바지 밑단을 물어요 혹시 제가 나가지 말라고 하는 의미인가요 혼자있는게 휠체어 이렇게 행동을 해야 해 줘야 될 거야 또 하나는 보호자를 그렇게 걱정하여 있는 상태 주시겠어요 너와나 봐도 되어서 너가 나가서 잘 있을 수 있겠어 나가지 마 칩의 있어 어디에나 봐라 이런 경우에 강아지가 보호자를 모든 얘기 하는 경우가 있어요 처음에는 타워 나 혼자 있는게 본 슈어 라고 시작했던 분리 불안이 보호대 님 의 과잉 보 로 인해서 요구 저 가 되게 되요 제가 봤을때에는 우리 보호자 님 나갈 때만 이렇게 얼렁 거리는 건 절대 아니에요 이런 강아지들의 특징 2 골든 이 법에서 잠이 드는 거예요 어 자 이제 문 완전 맛으로 다 일어나야지 라고 강아지를 내리려고 하는순간 어 하게 되는 경우들이 많아요 체온이 j 영상 보시면 댓글을 달아 주세요 만약에 실제로 제가 말한게 봤다면 참나리 필요한 상태에요 4 반려견의 고유의 특성 알고 싶으신가요 나는 어떤 견종의 강아지와 잘 맞는지 궁금하세요 진심 생활밀착형 변종 탐구 가 경우에 변증 백과에서 그 탑을 찾아드립니다 걸리고 5시에 만나 체 tel 5,
180,https://www.youtube.com/watch?v=z4BXc6f3-oY,z4BXc6f3-oY,"악몽을 꾸는 것 같은 강아지, 깨워야 할까요? ｜강형욱의 소소한 Q&A",강형욱의 보듬TV,5 4 아 예 4 오오오 아 예 아니오 봤어 아 신도 1 이미 주신 은사입니다 꿈에서 열심히 달리고 그럴 땐 좀 후 구는 것 같아서 내 뜨는데 움찔거리고 눈도 떨리고 그러면 꼭 사람이 악몽 뿐 것 같아서 살짝 쓰다듬어 주면서 깨우는 게 좋을지 그냥 주는게 좋을지 모르겠어요 고서는 강아지들이 그럴 수 있어요 통증이 있거나 안좋은 기억이 있어서 이런 행동을 할 수도 있지만 그냥 몸이 반응하는 걸 수도 있거든요 실제로 어떤 강아지들은 뭐 이렇게 달리 듯이 이렇게 다시 친히 저어 드시면 써 어떤 경우에는 뭐 아시는거 먹는 것처럼 쩝쩝쩝 버리기도 하고요 강아지의 잠을 당하지 않는 즉시 올거 하구요 꿈꾸는 것을 옆에서 볼 수 있다면 강아지 아 같이 주무시는 것 같은데 보호자 님이 계획에 있다는 것만으로도 더 될 거에요 걱정하지 마세요 모든 캠퍼스 채울 벤츠의 통 창 하세요 어디 리키 행동 풍구 예절교육 프랜드 체험 프로그램들이 기다리고 있습니다 벽 오드 불면 사당 욕과 함께 가는 퍼피 친구들도 맞나요 신나게 놀아볼까요 100 회원이 아니더라도 참여할 수 있는 기회 어찌 지나서 [음악],
181,https://www.youtube.com/watch?v=Hb2UEefuNx4,Hb2UEefuNx4,"다른 가족과의 산책을 거부하는 강아지, 안 나가도 되나요? ｜강형욱의 소소한 Q&A",강형욱의 보듬TV,5 4 c5 또는 등 으 짱 아뇨 아닙니다 서영 빈 님이 8살 된 푸들 링 키를 키우고 있는데요 가족 5명 중에 져 말고는 아무 람도 산책을 안 나가려고 하는데요 바쁘거나 제가 여행을 갈 때면 정말 곤란합니다 이럴때는 그냥 산책을 안 나가도 되나요 아 8살 먹은 푸들이 다 타도 를 친구들이 다른 견종에 위해 한 사람에 대한 애착이 지 퍼져야 조금 조금 더 깊어져 밍키 하고 다른 가족하고 만 어느 그러한 현재를 내 보내지 마시구요 털 미니미 같이 산책 2 차 회 한 모습으로 3시 산책을 나가서 엄마 잠깐 줄 잡고 있어 나 매점에서 음료 사업 깨에 이러면서 밖에 나가서 조금씩 엄마하고 우리 밍키 하고 같이 있는 모습을 그런 상황을 만들어 주면 충분히 좋을 거에요 엄마하고 친해지면 고생이 될 수도 있고 아빠가 될 수도 있고 푸들 친구들이 좀 그렇게 특별함 을 부여하는 사람들이 있어요 우리 사용 빈 님은 아마 밍키 한테 특별한 사람일 것 같고 엄마가 산책하는 것도 재미있어 사실 엄마가 거의 나 웃겨 이런것들 이게 알려주고 된소리 5 왜 안녕 으,
182,https://www.youtube.com/watch?v=PzbIQRn9f4Q,PzbIQRn9f4Q,My dog ​​licks my blanket or mat. Is it smelly or hungry? ｜Kang Hyung-wook's Small Q&A,강형욱의 보듬TV,5 c55 오 아니에요 그렇지 않아요 근데 너 이거 이고 끝이 찡 님이 올려주셨습니다 저희 강아지가 이불이나 매트를 헥 되는 행동을 많이 하는데요 냄새가 난다거나 배고파서 그런 행동을 하는 걸까요 체력을 다 소요 이거 버터 강아지들이 안 본다 며 근데 진짜로 그럴 수 있어요 가 우리가 가끔 c 침하가 y 의 어떤 부분 해보세요 뭐지 하고 보면 제가 심 흘렀어 라고 먹고 좀 의심해봐야 됐건 있어요 우리 다 우리는 몸의 어떤 부분에 이상이 있을 때 그런 식으로 표현해 료 검사를 통해서 치료적 진찰을 해보니 허리가 아프거나 아니면 당숙 씨가 높아졌을 때 그 때 이런 행동을 하더라구요 먼저 보호자 님 첫번째를 할 수 있는게 떤 다물고 중 세 요 가장 간단한 1 따르길 분리를 잘 닦아주세요 먼저 그거를 하고 그래도 그러면 한번 수량이 왜 체크해 보는 거에요 그냥 간단하게 내가 할 수 있는 것으로 부터 하나씩 하나씩 해 보면 아 정말 이게 선택하더라도 생각합니다 문제가 있었는가 이런 것들을 알 수 있을 거에요 우리 그 찡 님 화이팅 어둠의 신기 프로그램 가요계 변종 백과 코스 터너의 출연 r 보호자 님을 모집합니다 제가 푸들 키워 보니까 정이 너무 많은 것 같아요 징그럽게 만의 매력이 있어요 사람들 말처럼 예민하고 공격적인 것만은 아니랍니다 저는 골든 레트리버 만삼 그 책 키우고 있어요 오랫동안 듯 입을 키워서 경우 했던 것과 시식을 나누고 싶습니다 왜 반려견 만에 견종 고 위에 특성 자랑도 하고 에피소드도 나누고 궁금증도 해소할 수 있는 기회 저와 함께 폭 통 숫자를 사실 보이는 님 지금 재심을 링크로 신청해주세요 [음악],
183,https://www.youtube.com/watch?v=ts-fas5BX7A,ts-fas5BX7A,"무지개다리를 건넌 반려견, 남은 반려견에게 말해줘야 할까요? ｜강형욱의 소소한 Q&A",강형욱의 보듬TV,5 4 c5 으 4 5 저는 말해 줄 거예요 어 조금 무거운 것 같은데 우리 이지연 님이 사연을 주셨어요 기르던 강아지가 무지개의 다릴 건넜을 때 같이 지내던 강아지에게 도 말을 해 주는게 좋을까요 눈물이 나서 이름도 내 백희 힘들어서 아직도 말래 주지 못했어요 한달전에 의해 자 우리도 시료 받다가도 죽을 수 있다 라는 이야기를 들었어요 그래서 만약에 다 우리가 죽었다면 남아있는 실시하고 바로 한테 어떻게 이야기를 해줄까 라고 다 순 없는 거예요 저도 고민이 많이 될 거에요 먼저 좋은데서 잘있다 돔 일하게 해 줄 것 같아요 저도 작은 가지는 기르고 있고 언젠가는 무지개 다리를 건너 올 건데 나중에 우리 가족 이었다는 것을 기억하고 싶어요 힘내세요 이제님 아마 우리 강아지도 항상 고마워 많으실 거에요 끝까지 보호자로서 의 역할을 다 해 주셔서 구어 우리 강아지 4 행복했을 거예요 [음악],
184,https://www.youtube.com/watch?v=YfH-D3Ucpoc,YfH-D3Ucpoc,"수시로 엉덩이를 들이대는 강아지, 무슨 뜻인가요? ｜강형욱의 소소한 Q&A",강형욱의 보듬TV,5 4 code 5 ce 짤 아이 나쁜 거 아니에요 5월 좋은거예요 주연 린 이미 저희 강아지는 저랑 잘 놀다가 갑자기 엉덩이를 저한테 들이 되요 손 달라 고 애정 더 이런 되고 장난감 은 물고 와서 더 엉덩이를 됩니다 그게 무슨 뜻인가요 요 굉장히 자연스러운 행동이고 젤로 따라가는 텐데요 여자친구 하고 남자친구가 가지가 있을 때 교미 직전에 서로 춤을 추는 행동을 하는데 그때 털어 엉덩이를 보였다가 치여 딱 그 외 접사가 루피 했다고요 이것들을 반복하면서 서로 이렇게 좀 추울 신라 라고 이야기를 하는데요 이런 것에 연결되서 내가 너무 좋와 하느님께 좋아하는 바랑 좋아하는 어딘가 이에 이 모든 것들이 너무 좋아서 너무 기뻐서 그럴 때 엉덩이를 이렇게나 들리 되기도 하거든요 카페 거 아니고요 공용어 천천히 그거 주세요 4 좋아할 거에요 [음악] [음악] 올바른 타기 게임 분야 올바른 보고자 로부터 시작됩니다 [음악] [음악] er to [음악] [음악] 올바른 패 특히 무나 모두의 관심으로 완성됩니다 [음악],
185,https://www.youtube.com/watch?v=qzmYrLqd-X0,qzmYrLqd-X0,"TV 속 동물 보고 짖는 강아지, 집에 들어왔다고 생각하나요? ｜강형욱의 소소한 Q&A",강형욱의 보듬TV,5 4 coupe 4 poultry 들어왔다고 생각하는 것은 아니에요 예 [음악] 구름 좋아 님이 예전엔 tv 에 강아지나 하는 국물이 나오면 지었는데 이제 사람이 나와 도지 저요 우리집에 다른 사람들이 들어왔다고 생각하는 건가요 들어왔다 고 생각해서 듣는 것은 아니고 티비 안에 있는 개의 모습을 개들이 부부를 해요 가로 같은 경우엔 퀴어 큰 얼굴이 티비에 딱 그거에 대한 관장하고 갱 게 할 때가 가져 있었어요 그때마다 제가 어떻게 하냐면 그래 옆에 가서 가만히 서있고 다음에 것도 아니야 신경쓰지마 적은 양 당의 강아지야 라는 행동을 좀 많이 보여줘요 근데 여기서 중요한 건 내가 너무 흥분한 탈크 에 그 1박과 록 앵거스 놓치는 않구요 강아지 하고 집 안을 왔다갔다 움직이시면 도움이 될 거예요 그리고 또 강아지가 tv 에 달하면 발 규모 시간 이라고 좀 알려주면 훨씬 더 잘 극복할 수 있을 거에요 이거는 없애는 게 아니라 교육 하는것보다 교육해 주시면 도움이 되지 않을까 합니다 어서 퍼피 요즘은 처음이지 모든 캠퍼스 체험을 벤츠의 평창 하세요 어제 디키 행동 콩 9 예절 교육 훈련 등 에 처음 프로그램들이 기다리고 있습니다 벽 오르면 사당 욕과 함께 하는 퍼피 친구들도 만나고 승낙에 돌아올까요 국회의원이 아니더라도 참여할 수 있는 기회 꼬치도 나왔어 [음악] [음악],
186,https://www.youtube.com/watch?v=N8e1rJgC7Ws,N8e1rJgC7Ws,배변 패드에 성공한 걸 나중에 칭찬해줘도 알까요? ｜강형욱의 소소한 Q&A,강형욱의 보듬TV,5 4 c55 짠 을 하고 난 직후에 칭찬하는 게 죄 해줬죠 [음악] 카나 제가 배운 패드에 성공한 걸 나중에 발견했을 땐 대변 카드를 가르치며 칭찬과 안식일 줍니다 강아지는 자신이 왜 칭찬 닿는 gr 까요 쉴수 빈도가 줄어 들지 않아요 중요한 것은 실수 할 때 지적하지 않는 거예요 한자를 어떤 분들이 이런 분이 있어요 그 엉뚱한 대답으로 하잖아요 그러면 엉뚱한 곳에 가서 너 이러면 아래 왜 이렇게 써라 고 콘을 에어 황용이 하루를 오마케 들고 배변 패드 위에 올려놓은 다음에 이 거야 여기 다 해야 돼 라고 칭찬하면 강아지가 이상아 기본 애칭 참 않는 거야 마는 거야 우리보다 성격 이상해 이렇게 생각할 수 있거든요 배우고 있는 시기 한창 하고 있는 시기라면 은 적재적소 땅 영화를 하고 있거나 파손한 직후에 칭찬하게 제일 좋죠 하려고 하는데 칭찬하면 강아지가 들어온 딱 참아요 예 컵만 좀 조심하시면 좋아요 그럴 경우 되지 맞구요 또 어떤 경우에는 강아지가 화장실을 가리기 위해서 뿐만이 아니라 나의 감정을 표현하기 위해서 도 소변 되면 활용을 하니까 우리 보호자 님도 한번 이봐 뒤에 그 일가의 대해 히프 관심을 주시면 보장이라고 행복한 거쳐 촬영부 설명이 되지 않을까 싶습니다 해태 [음악],
187,https://www.youtube.com/watch?v=132srnityLA,132srnityLA,"다른 동물보고 낑낑거리는 강아지, 같이 놀고 싶은 건가요? ｜강형욱의 소소한 Q&A",강형욱의 보듬TV,5 4 아 예 o co 꽃 어 돼 징 거야 울트라의 휭 하세요 어 아니 아 유 성 어 님이 신청하셨습니다 밖에 나가면 저희 강아지가 다른 강아지나 3 납 동물을 보면 힘 깅 거리면서 소리를 지르는데 같이 놀고 싶다는 건가요 왜그런걸까요 이게 다른 강아지를 만나서 깨기 거리는거 누르고 있다는 것은 확실한 것 같아요 그런데 새나 다른 동물 를 만났을 때 낑낑거리는 건의 어쩌면 은 아가의 다 죽고 싶은 걸 수도 있으니까 조심 하셔야 돼요 혹시 보자 님 방 아제 와 같이 당연히 나는거 아냐 됨 강아지들이 그건 너무 좋아해서 800만 보면 막 따라 하려고 하거든요 웬만하면 은 세대라고 잘 아시듯이 씨스타의 왔다갔다 거리는 연습이나 다니는 연습 이냐 들어 가시면 좋을것 같구요 조심히 황색 해주셨으면 좋겠어요 4,
188,https://www.youtube.com/watch?v=rE8yrAeMy2o,rE8yrAeMy2o,쌩뚱 질문 답변 크리스마스 특집 편 '쌩뚱한 Q&A'｜강형욱의 소소한 Q&A,강형욱의 보듬TV,5 ana 아 그거 were 예 예 예 하는 경우에 가장 화려한 걸리죠 [음악] 그러나 아빠 이라는 거야 아빠 그래야 아까 얘기야 이라는 거니까 내가 커서 이런 모습 보더라도 그래야지만 그러고 나 열심히 일하고 있어 해후 붙자 그것은 크리스마스 특집으로 소설 쾌거 아닌 상혁 동안 qna 를 준비했습니다 예 예 요놈이 혹시 훈련 나는 댓글 보시나요 왜 영상 마라도 키워 주신 거죠 그러니까 이름을 1가 야 요렇게 아 실험 그러니까 어 자제해주세요 어 송수현 님이 주신 재운 입니다 강아지랑 같이 뛰다가 저도 모르게 뒤꿈치로 강아지는 퍼 찼어요 강아지에게 정식으로 사오고 싶은데 어떻게 해야 불을 끄세요 뭐 아 푸시 저도 가끔씩 저 가끔씩 좋 아 우리 뒤꿈치를 받을 때가 있어요 미안한 마음을 못 받는지 안 맞는지를 의미만 어 정말 미안해 합니다 어제 최선을 다 아세요 진심은 통합니다 j and 님 분리 불안이 너무 심해요 걔는 멀쩡한데 제가 걱정돼서 아무것도 못하겠어요 호주 실 내 생각에 j & 님 그 쉘 스티비 하는걸 강아지 ctb 있죠 야 이것 잠깐 중급 되는것 같아요 그래 볼 때만 슬퍼요 누워 있잖아요 쉬고 있잖아요 근데 볼때마다 안좋아요 쓰셔야 되요 끊기 힘든 데 자체 그리고 주문하세요 강아지 더 혼자 있는 연습을 해야 지요 쿨하게 들어가지 않고 보호자 님이 막 소리 내고 아 보고싶었어 어떻게 라고 하면 우리 강아지들은 보호자 님이 다치고 오지 않는 말이에요 어떤 강아지들은 너와 나 없이도 나가서 잘 있겠어 라는 생각 때문에 분리불안 생기는 친구들이 있으니까 도장리 마음에 1단 해야되요 달력은 없는 친구는 애견 카페에 가도 되나요 예 어 그럼요 괜찮습니다 괜찮은데 거기는 강아지들을 망 주면 안되요 지쳐 있을 거에요 손님맞이 하느라고 이 사람한테 만들어야 될 저 사람한테 만짐 장해 애견 카페에 있는 강아지들이 어 어 뭐라 그럴까 노동법 의사 각질의 놓인 아이들이 많아요 이 친구들이 연차가 있나 게 되어 된 근무를 하고 있나 한번 보세요 그래서 노동법을 사각지대에 있는 건 아닌가 댓글 남겨주시고 만드 만든 님이 궁금한게 있는데 질문을 어디다 하는 거죠 지금 이걸 마지막 부분에 지금 여기다 하면 되요 여기다가 제가 이익을 말고 여유 주자가 쓰십니다 우리 페이스북에 있구요 유튜브에도 있어요 또 절 퀸이 올라가 잖아요 거기 밑에다가 궁금한거 그냥 톡 돌려주세요 4 네이버 를 빼먹었네요 5a 매년 이 황금 개띠 해라고 해요 정말 우리 반력 인들과 더 행복한 시간을 보내라고 또 이렇게 한국의 때가 온 것 같습니다 이번 년도 너무 수고하셨구요 또 이번에 못 이룬 꿈 들 여러가지 1등 어 내 를 할 수 있을 거에요 내 래도 또 계획하면 세워보고 어 뭔가 건강이 또 하시는 일 모두 잘 됐으면 좋겠다는 생각을 하면서 내 레드 우리고 등의 2 소소한 qna 와 또 고등 티비와 여러가지 컨텐츠 들과 함께 하는 황금 개시 해가 됐으면 좋겠습니다 새해 복 많이 받으십시오 [음악],
189,https://www.youtube.com/watch?v=JDa_NohDlpQ,JDa_NohDlpQ,[Eng sub] Does my dog get tired of taking the same walk every day?｜Hunter Kang’s Q&A,강형욱의 보듬TV,5 4 co 어 어 뭐 더 좋으세요 [웃음] 제가 물리어 보겠읍니다 안 미 내 님이 주셨어요 강아지들도 매일 같은 길로 산책하면 지겨워 하나요 뒷산에 올라 갈 때 제일 좋아하고 자주가는 한창 노로 하면 별로 알지 나 보입니다 크크크 이게 지겨워 한다기 보다 새로운 장소에 갔을 때 신랑도 2 낯선 장소에 가서 이 냄새 등 하고 더는 되더라고 그런데 너무 재미 있잖아요 그런데 너무 새로운 곳만 가고 또 매일 다른 사람들 만나다보면 강아지가 산책 자체를 너무 흔하다는 일요일날 여길 수가 있으니까 이것은 적절하게 좀 2 했으면 좋겠구요 들어 우리의 요 정말 산책 재미있게 많이 많이 할 수 있거든요 사람들이 많이 없으니까 또 내가 가계도 길 나오는데 라고 핵 했는데도 가라지 하고 겨울에 한번 싸 웃으면 또 여름 하고 다르게 물개 재미있는 일들도 많이 생길것 같습니다 아직 많이 하시구요 겨울에는 강화한 새 게 제일 좋은 운동이라고 생각합니다,
190,https://www.youtube.com/watch?v=UjuC-j01Pjw,UjuC-j01Pjw,"자기 냄새 못 맡게 하는 강아지, 정보를 주기 싫은 건가요? ｜강형욱의 소소한 Q&A",강형욱의 보듬TV,5 4 [음악] c55 eoi 뽑아 줘요 네 맞습니다 대 다솔 이미 보내주신 사연입니다 산책하다 다른 강아지를 만나면 엄청 좋아하는데 자기는 냄새를 맡으면서 자기 냄새를 못 맡게 엉덩이를 피해요 그래 다른가 가지고 있더라고요 가게 정보를 주기 싫은 걸까요 어 자기 정보를 주기 싫은 것 보다는 자기 정보를 남이 알까봐 쑥스러워 하는 거예요 아직은 사회와 에 익숙하지 않은 친구들 그러면서 치 해주고 싶어하는 친구들이 이런 행동들을 많이 보여요 안된다면 좀 심화가 친구들을 처음에 만나서 친해진 쓰리고 충분히 이런 경험을 하고 난 다음에는 자기가 너그러운 강아지가 되지 않을까 이게 사회와의 목적 이에요 내가 얻은 도움을 과정에는 다른 강아지한테 주는 거죠 기 친구의 좋은 사회와 를 위해서 제 생각에는 좋은 친구들도 좀 맛나구요 좋은 교회를 만이었다 보면 훨씬 건강한 생들이 나오지 않을까 생각이 됩니다 [음악],
191,https://www.youtube.com/watch?v=witLhchvgtw,witLhchvgtw,[Eng sub] Is my dog who looks back at me during a walk checking if I am following along?,강형욱의 보듬TV,5 4 아 예 오 예 [음악] 근데 es 올려준 질문을 좀 보겠습니다 무지 미니미 질문 주셨는데요 산책 중에 앞서가던 강아지가 자꾸 돌아보는 행동은 제가 뒤따라 가는 지를 확인하는 건가요 어 약간 좀 저는 들어보는 향한 저한테 한동우 좀 봐주세요 어 우리는 좀 늦게 온 사람한테 좀 빨리 오라고 그러잖아요 근데 걔는 빨리 오라고 하지도 않고 제 추가도 안되고 4 먼저 가서 내가 쳐다봐 주고 줘 어느정도 따라 오면 또 자기가 먼저 요 네 그런 모습을 볼 수 있는데 우리 줘 어 지민님 강아지가 보호자 님이 잘 따라오는 g 내가 먼저 가서 이렇게 하딘 하늘의 확인하고 그 다음 되돌아서 여기까지는 괜찮아 이런 거니까 예쁘게 봐주세요 4,
192,https://www.youtube.com/watch?v=T9FUtCBKBcs,T9FUtCBKBcs,"배변 후 뒷발차기, 자기 발 닦는 건가요? ｜강형욱의 소소한 Q&A",강형욱의 보듬TV,5 4 [음악] c55 빵 아니에요 아니 아니 아예 4 올려주신 질문을 보겠습니다 검 규리 님 현재 까서 눈가를 싸고 난 뒤에 뒷발로 흙을 차더라구요 어떻게 써요 최씨가 엄청 잘하는 거예요 집안에서도 응가 하고 가장 싫 앞 발 패드 위해서도 발을 빡빡 찾아오는데 더러운 걸 알고 자기 발을 닦는 걸까요 발리 앞 의원들은 자기 응가를 하고 난 다음에 근거를 주변을 퍼트리고 싶어요 날개 왔다 왔어 아 이었다 술에 이놈 저와 그러다 보니까 응가를 하고 뒷발 딜을 하는 거에요 다리를 따는 게 아니라 좀 자존감이 높고 자신만만하고 약간 그런 친구들은 소변을 보곤 해요 그리고 소변을 안 봤는데도 그냥 해요 마구마구 괜찮은 거니까 너무 걱정하지 마시구요 어 발등 조심하세요 [음악],
193,https://www.youtube.com/watch?v=sH5b7FoYgXo,sH5b7FoYgXo,강아지가 눈을 피하는 것 같아요. 눈을 마주치면 안 되나요? ｜강형욱의 소소한 Q&A,강형욱의 보듬TV,5 4 c5 여기십시오 으 어 눈을 일부러 말 쉬려고 하면 안되죠 제가 관리로 볼게요 말미잘 이에요 저는 강아지가 좋아서 눈을 맞아 주로 쓰다듬어 주고 싶은데 강아지가 눈을 자꾸 피하는 것 같습니다 어디서 본 것 처럼 눈을 마주치면 싸우자는 표현이라 p 하는걸까요 눈을 마주쳐도 될 지 않나 주 쳐야 할지 팔렸어요 화질은 반려견 드는 눈 쳐다보는 거 자체에 대한 어 경계심을 등 갖고 있어서 일부러 낯선 강아지의 눈을 쳐다보는 것은 좋지 않을 수 있어요 하지만 내 반려 면 이라는 조금 달라요 어렸을 때부터 파라나 고무 마주치는 것을 어려운 게 아니야 저 사람이 너를 위협하는 게 아니야 라고 하는 그런 교육이 있었으면 해요 사람을 눈을 마주치며 이야기 하고 칭찬하고 여러 가지 활동들을 하잖아요 그런 발 유민들이 오해를 좀 할 수 있어서요 뭣이 라고 하는 교육이 있는데요 강아지가 좋아하는 간식을 들고요 그냥 강아지 앞에 가난이 서 있어요 이렇게 보고 있는데 강아지가 눈을 쳐다보면 씨에스타 관심을 둬야 그리고 내 한식을 처음에는 여기 있었잖아요 점점점 좀 여기다 여기 다 드는 거예요 간식은 여기 있는데 여기를 보지 않고 나를 이렇게 보는 순간 큭 해줘야 그러나 걔는 눈이 마주치면 은 와 봐바 라고 해야 돼요 하남 라고 할 때 나를 보면 철썩 내게 눈을 마주치는 연습을 해 주시면 강아지가 사랑하고 같이 사는데 오해를 좀 덜 하면서 비로서 다른 사람하고 도 친해지면서 살 수 있을 것 같습니다,
194,https://www.youtube.com/watch?v=ZxBRo5y3f_c,ZxBRo5y3f_c,"친구가 없는 반려견, 애견카페에 데려가도 괜찮을까요? ｜강형욱의 소소한 Q&A",강형욱의 보듬TV,5 4 co [음악] 어 세모 정도 악법 태양전지 읽어 볼게요 킴 아영 님이 주신 사이인데 다른 강아지를 많이 만나게 해주 라고 하셨는데 꾸준히 만날 강아지가 없습니다 갑작스럽게 애견카페 나달은 처음 보는 강아지 들이 많은 곳에 데리고 가도 괜찮을까요 다른 강아지들을 많이 마디 많이 만나는 것도 어 좋을 수 있지만 갑작스럽게 많은 책으로 만나게 하는 것은 가끔 어쩔때 너무 핑크색이 될 수도 있어요 만약에 정말 처음 강아지 친구를 만나는 게 힘들다면 은 새로운 강아지를 아이고 결로가 면서 이렇게 딱 만나는 것보다 운동장 이렇게 있어서 신뢰와 신뢰가 를 따라 작화 비디오 처음 2002 멀리 있다가 천천히 가까워지게 끔 만날 수 있는 그런 환경이라면 그리고 그냥 강아지를 나두고 음료만 마시는 거 교란이 공이 아니라 내 반려견 한 마리 한 마리를 전부다 눈으로 보고 있고 책임과 관리를 하는 곳이라면 은 전을 음 괜찮을것 같아요 그렇지만 가능하다면 단짝 책으로 먼저 만들려고 노력해 보세요 그리고 난 다음에 같이 애견카페 를 다면 약도 탈 생각입니다 [음악],
195,https://www.youtube.com/watch?v=0PB1KHgh5CU,0PB1KHgh5CU,"보호자 쳐다보며 배변하는 강아지, 반응을 해줘야 하나요? ｜강형욱의 소소한 Q&A",강형욱의 보듬TV,5 4 [음악] c55 [음악] 짠 아 이거 간단합니다 예 어 마치 m 님이 주셨는데요 강아지가 1층 나가서 레벨이나 소변을 볼 때 저를 보는 데 그럴 땐 반은 어찌해야하나요 응 헤헤 썰 은 쌓은 일텐데 막 급하게 마무리 하는 느낌이에요 대체로 강아지들은 토 병 보다는 대변을 볼 때 내가 취약해 였다고 생각을 해요 소변을 싸다가 빨리 왼 턴 정말 바꾸십시오 4 대면 같은 경우에는 모았다가 싸고 준비 운동도 해야 되고 갭이 유래 커야 해야 되기 때문에 약간의 긴장감이 있다거나 약간의 위축감을 있을 때는 잘 안 하는 경우들이 조금 있어요 어쩌면 은 우리 보호자 님을 보면서 남을 편하게 하는 걸 수도 있고요 또 반대로 보호자 님한테 그 산 얼마 방향이 아니야 오 오지마 라고 하기 위해 좀 경계하는 모습을 수 있거든요 만약에 저라면 은 강아지가 이렇게 능가할 때 살짝 다른데 것입니다 봐 아 아 아 뭐 지켜주세요 그 시간만은 4 이제 되게 예 [음악] 으,
196,https://www.youtube.com/watch?v=VvM_aFriQX4,VvM_aFriQX4,현관문 쪽에서 자는 건 보호자에 대한 애착 부족인가요? ｜강형욱의 소소한 Q&A,강형욱의 보듬TV,5 4 co 으 어 아닙니다 아 제가 뭔 살려 볼게요 김경민 이 보내 준 사연 이에요 제가 키우고 있는 강아지는 저희 부부가 잠만 자려고 침대에 누우면 저렇게 거실 현관 문 쪽에 혼자 나가지 않는데요 취 에 대해 내 책이 부족한 건가요 침대위에서 좀 놀아주다가 자려고 해도 함께 놀다가 길 그 돌아보지 않고 가 하는데 가끔 서운하기도 합니다 아 솔직히 굉장히 큰 애 보이거든요 한번 생각해 보셔야 되요 내 잠 벌을 쓴 어떤가 우리가 컬을 거나 발차기를 1 저녁에 자다 보면 추워 가지고 입을땐 길로 그러면 단 편견을 돼 있죠 그때는 나도 우리 확 땡겨 버리면 강아지가 어 불편한데 라고 생각하고 침대 밑으로 내려가요 근데 많은 개들이 그래요 또 하나는 여름이 얻자 나요 우리 더 써 짜 나요 그래서 더우면 현관 쪽에 얘기 무리가 어떤 파일이 니까 좀 시원 해서 그럴 수 있잖아요 어이 애착이 부족하기 보다 너무 그 집에서 편하니까 보호자 님이 저방 해서 다고 있어도 굳이 내가 확인하지 않아도 되니까 이러는 거에요 너무 염려하지 마시오 서울의 하지 마시구요 괜찮습니다 4,
197,https://www.youtube.com/watch?v=TfOJDt1so4Q,TfOJDt1so4Q,[Hunter Kang’s Q&A] Does my dog create his own place by digging on a cushion or the ground?,강형욱의 보듬TV,5 4 아 예 맞습니다 제가 한번 읽어 볼게요 매미 칸 님이 사연을 보내 주셨어요 강아지가 자꾸 방석이나 땅바닥을 파는데 밑에 아무것도 없거든요 왜 자꾸 파는 걸까요 자기 자리를 만드는 걸까요 맞아요 4 자기 자리를 만드는 거에요 우리가 이제 방석을 이렇게 주면 굳이 그 이불을 옆으로 봐 가지고 다크 이불과 바닥 사이에 들어가 있는 친구가 있어요 땅을 판다 라기보다 땅을 봐서 2판 것을 며 파다가 돌아서 강 중에 효율 있어요 그 이불을 통해 은폐 나온 패를 하고 싶은 마음인데 그거를 또 우리는 타입의 내가 이쁘게 깔아 졌는데 그걸 그렇게 파헤치면 어떻게 라고 하고 강아지를 구워내고 다시 이쁘게 깔고 다시 강화된 로크 그런데 회복할 악의 말도 안 후에 높았다 라고 뭐라고 하지도 말고 다시 깨끗하게 깔아 주려고 하지도 말고 마음껏 파괴 쭉 괜찮습니다 4 [음악],
198,https://www.youtube.com/watch?v=uKM3ATehqQA,uKM3ATehqQA,[Hunter Kang’s Q&A] Does my dog jump around after a shower because he likes it?,강형욱의 보듬TV,5 4 아 예 또 있자 어느 맞습니다 좋아서 그러는 거에요 제가 한번 읽어 볼게요 김윤정 님이 사회를 보내 주셨는데요 강아지가 # 후에 막 이리저리 컬렉션이 끌어다 이런 4 기분이 좋아서 그러는 건가요 기존 강아지가 한 살 미만 인가요 한살 미만이면 언제나 일에 언제나 하루에 몇 번씩 막 그래요 그러한 삶이 많이 아닌데 1 2살 3살 되는데도 이런거 보면 기분이 종양은 이유를 우리가 생각해야 되요 어떤 경우에는 목욕을 할때 참고 있어서 그럴 수도 있어요 그러니까 이런 거 있잖아요 이런 것처럼 딱 그 만들고 싶은데 깔끔한 멈추고 싶은데 아까 데 어떻게 하다가 그 화장실에서 나와서 거실에 와 뜨니까 좋다 먹기는 거거든요 야 이거는 아닌데 목욕을 조금 더 부드럽게 제 받게 해 주시면 은 이런 행동을 좀 덜하지 않을까,
199,https://www.youtube.com/watch?v=hXhw9Yi_E1Y,hXhw9Yi_E1Y,"반려견의 명절 스트레스, 줄여줄 방법이 있을까요? ｜강형욱의 소소한 Q&A",강형욱의 보듬TV,5 4 아 예 5 있죠 4 훈녀 있습니다 3 번째 사연 중 읽어 볼게요 빈 님께서 보내주신 질문입니다 저는 4살 말티즈 밍키 와 함께 살고 있는데요 이번 추석에 밍키 를 따로 맡길 때가 없어서 할머니 되게 데리고 가야 하는 상황입니다 근데 할머니 되게 어른 물도 많이 오시고 많이 오죠 어린 사촌 동생들이 엄청 많이 오는데 미키의 명절 스트레스를 줄여줄 수 있는 방법 없을까요 큰 아빠가 가작 막 이런거 할때 또 아이들이 이렇게 이렇게 막 낸 아내나 내가 밍키 하고 넓 거야 이런 거를 또 저희 감당할 수 없을 거에요 우리 빙 키가 너무 스트레스를 많이 받아서 아이들을 싫어 한다거나 이빨을 보이면서 나한테 오지 마 나 가지고 장난치지 마 라고 할 수 있어요 이뻐해 주고 만 주고 싶고 그럴 텐데 밖에서 같이 산책하고 뭐 링크 이리와 라고 해서 뭐 달려오게 하고 켄 4를 만약 이 강아지가 좋아하면 쉴 시간을 주셔야 되요 이렇게 비는 방들이 있잖아요 거기서 강아지 이렇게 2시고 쉬게 나 또 주시는 거에요 그럼 훨씬 더 도움이 될거구요 우리 민기도 즐거운 연결되자 수 있습니다 [음악],
200,https://www.youtube.com/watch?v=X4Z2vyryiUM,X4Z2vyryiUM,"이불 등을 물고 자는 강아지, 제가 못 해줘서 그런가요? ｜강형욱의 소소한 Q&A",강형욱의 보듬TV,5 4 [음악] c55 어 낸 데 아니기도 해요 제가 한번 읽어 볼게요 정효진의 뭐 한살 6개월 정도 돼 토이푸들 낮 대화하는 게 살고 있습니다 걱정 인건 자기전에 꼭 이렇게 이불이나 칩의 커버 쇼파 매트를 물고 잠 들어요 가만보면 엄 마 정 먹는 아기 강아지들 처럼 꾹꾹 누르면서 이불을 물고 있어요 저희가 잘 못해줘서 그런건가요 어쩌면 우리나라 때는 불안감을 평상시에 많이 느끼는 아이일 수도 있어요 카울 움직인다 라는 것은 곧 찰스 반응 이거든요 우리 사람도 똑같아요 파악에 국가 널 거에요 분명히 이 행동을 하는 뭐 따로 있을 거에요 그 이유를 알기 위해선 보 거지 아닌가 우리 다 대해서 조금은 자리에 알아야 돼요 행동 전문가가 주변에 있다면 간단하게 나마 상담으로 해보셨으면 좋겠어요 보호자 님이 잘못했다 라기 보다 조금 고치고 있는 근거가 있을까 그것만 좀 예 아 뭐야 저는 5 취미는 봤어요 저도 우리 다뤄 에 대해서도 7 된 부분이 있어요 우리 같이 노력해 봅시다 예 교주님 8색,
201,https://www.youtube.com/watch?v=H4Qhwod4OiU,H4Qhwod4OiU,"산책 때 잦은 마킹, 횟수 계산해서 아껴 싸는 건가요? ｜강형욱의 소소한 Q&A",강형욱의 보듬TV,5 4 ce 4 5 잘 어 그럴리가 있네요 줘 보시죠 김 후리 님 신뢰의 배변하는 스컷 강아지를 키우는데 산책을 나간 오줌을 찔끔찔끔 쌓입니다 많이 말이 옳 만도 한데 아껴 싸더라구요 빨리 싸게 하고 들어 오시는데 마키 날 횟수를 계산해서 아껴 쓰는 건가요 어릴때 안 그랬어요 하루 3식을 5번이나 합니다 이게 보호자 님은 어 빨리 싸게 하고 들어 봤으면 좋겠어 않아요 근데 카드가 알아요 그러니까 이 오줌싸는 시간이 굉장히 소중한 거에요 그 아스크림 이제 아껴 먹는 것처럼 오줌 다 쓰면 빨리 집에 가는 거잖아요 그리고 여러분 데에 그 좀 증표를 좀 남기고 싶은 거예요 sls 하트 남기고 좋아해도 올리는 것처럼 그런 거니까 너무 걱정하지 마시구요 어 조금 여유있게 보세요 오줌 다 섰다고 8 들어가지 말고 1종 한바퀴 돌고 앉아 있다가도 들어가고 그렇게 보시면은 강아지도 우리 기울인 님도 좋지 않을 때 않습니다 [음악],
202,https://www.youtube.com/watch?v=NIV2emcNoNg,NIV2emcNoNg,"Dogs are more welcoming to strangers, but don't recognize their owners? ｜Kang Hyung-wook's Small Q&A",강형욱의 보듬TV,5 4 [음악] c55 없죠 으 어 우리 최씨가 그런데 으 음 맞을 걸려 한번 예상해 좀 읽어 볼게요 쭈 짱 님이 보내 주셨는데 산책하다가 지나가는 사라는 만 봤다 하면 끝까지 뒤로 넘기고 엉덩이를 신나게 흔들면서 따라 가려고 해요 주인공보다 더 좋아하는 듯한 느낌이 들어 인정 이상 하곤 하는데 아직 주인을 인식하지 못하는 걸 알 우리 기능을 우리에겐 우리가 우리 첼시도 그래 나 한은은 그래야 안줘 가지고 왔냐 씻어 요런 느낌의 저녁에 화면에 근데 성격이 좋은 강화돼 들게 되요 이제 포괄적 4 있어 모든 사람들을 좋아하고 모든 친구들도 좋아하고 자기가 그런 친구들이 이런 행동을 하는데 보통은 한 살 미만 때 굉장히 많이 보이구요 어느 정도 독립심이 생기면서 보 내가 정말 좋아하는 모자 하고 의 관계가 이렇게 지터는 되는데 그래도 이런 예쁜 모습이에요 괜찮은 모습이구요 우리 보자니 너무 속상한 하지만 어떤 마음이 좋아요 어 강아지 이런 모습 그대로를 좋아 해도 괜찮을 것 같아요 걱정하지 마시고 좋은 강아지 키우시는 거에요 4 [음악] 으,
203,https://www.youtube.com/watch?v=-pG0V14sACM,-pG0V14sACM,[Hunter Kang’s Q&A] Is my dog who is licking a wound telling me to get better?,강형욱의 보듬TV,5 4 co 어 어 조금은 그럴 수 있어요 알약 이제 예영 님이 보내셨는데 강아지가 가족들 몸에 있는 상처를 잡고 찾아내서 핥아 줘 요 아프지 말라 그런건 나요 어 그녀의 내부를 드는데 왜 그러는 걸까요 분명히 아픈 상처를 알아요 또 뭔가가 잘못됐다는 것도 알아요 자꾸 강아지가 어딘가를 핥고 깨물고 실 이언은 공격하는 느낌 이어 가지고 왜 그런가 싶어 가지고 병원에 갔더니 특종 함이 있어 따라 그래요 아마 그 강아지는 내가 좋아하는 보호자의 몸 어딘가에 난 상처를 계속 유심히 보고 확인하고 이 겁에 그러지 라고 곰이 했었던 건데 그렇게 큰 문제가 아닌데 그거에 강아지가 집중하고 있다면 이 때는 좀 다른 친구들도 정 만나고 하고 싶은 것들은 사게 하고 이런 것들을 좀 해주면 전반적으로 강아지가 이런 행동들이 좀 완화될 수 있어요,
204,https://www.youtube.com/watch?v=NrpAjmVRHMQ,NrpAjmVRHMQ,[Hunter Kang’s Q&A] Is my whining dog trying to tell me something?,강형욱의 보듬TV,5 4 아 예 4 5 맞습니다 [음악] 성향 님이 강아지가 자꾸 뭘 거리는데 이 가볼까요 정말 궁금해요 가끔은 저를 바라보며 누워 버리기도 하고 뭐 격하 러 욕 씨의 들어가는데 우월 으 이런 소리도 네요 기분이 좋은건가요 아님 뭔가 말하고 싶은 건가요 어쩌면 우리 보호자 님하고 강아지 하고 이야기를 많이 하는 타입일 수 있어요 한마디로 보호자 님이 1 히 에 어 그랬어 이랬어 그런거 야 너 왜 그랬어 라고 않은 좀 미각 등 더 가는 거 있잖아요 사실은 어 션 소리로 강아지가 될 수 있거든요 그런 이야기를 많이 하다보면 강아지들이 꽁 이런 소리들을 좀 아니네요 이게 보호자 님 어떡하죠 이거 가지가 근심 걱정 많은 강하게 옷을 이라고 해석하면 되구요 제 생각에는 보존 님이 조금 만들 의원 하고 좀 보호자처럼 행동을 하면 이런 행동은 조금 줄지 않을까 4 완전 나쁜 행동은 아니어서 무조건 없앨 필요는 없어요 괜찮아요 4,
205,https://www.youtube.com/watch?v=g4e34cJR4YE,g4e34cJR4YE,"종일 놀아달라는 강아지, 괜찮은가요? ｜강형욱의 소소한 Q&A",강형욱의 보듬TV,5 4 co 4 5 아 어 괜찮아요 괜찮아요 아주 괜찮아요 하지만 조금 방법을 바꾸면 좋을 것 같아요 자 올려주신 댓글을 한번 보겠습니다 김희진 이미 아침에 눈떠 나부터 잠들기 직전까지 물고 와서는 노란 하려고 하는데 캐서 놀아 줘야 되는거 나요 아마 어쩌네 는 우리 퀴즈 님이 우리 강아지가 놀아 달라고 할 때 아마 잘 놀아 주시나 봐요 근데 이걸 조금 순서를 바꾸는 거죠 놀아 달라고 할 때 놀아주세요 누가 그거 한참 막 10분 20분 물어 주잖아요 한 5분만 딱 쳤다가 강아지가 또 나한테 놀아 달라고 말하기 전에 표현하기 전에 내가 먼저 보자 라고 하는 거에요 그렇게 한 5번 내고 뻔 보자 님이 먼저 놀아 줘 보세요 그렇게 해 보면 우리 강아지가 나중에 아웃 어디서 얻어요 5 차 뭐 이렇게 해보세요 빨대 i [음악],
206,https://www.youtube.com/watch?v=5ig9Cba3GHE,5ig9Cba3GHE,"퍼피교육, 6개월인데 늦었나요? ｜강형욱의 소소한 Q&A",강형욱의 보듬TV,[음악] 아 늦지도 않고 너무 빠르지도 않습니다 허피 교육은 사회화 교육을 말해요 그때는 모든 것들이 다 긍정적으로 받아들일 수 있는 어떤 필터가 있다라고 그래서 이걸 사회화 시기라고 하는데이 사회화 시기는 생후 3주부터 생후 15주가 이제라고 우리가 일반적으로 이야기를 해요 절대 늦지 않았어요 어떤 분들은 강아지 교육 시작을 언제부터 해야 되냐고 하는데 강아지 교육의 시작은 내 집에 왔을 때부터 시작을 하는 거예요 우리가 생각하는 교육이란 못 하게 하는 거에 집중돼 있을 때가 많아요 조용히 하기 말 잘 듣기 움직이지 않기 화장실 아무데나 하지 않기 근데 못 하게 하는게 교육이 아니라 집에 왔을 때 재밌게 적응하고이 집을 좋아하고 좋은 사람들을 만나고 쉴 수 있는 곳을 찾고 소변과 대변을 어디서 하면 칭찬을 받는지를 그런 장소를 좀 찾으면 훨씬 더 도움이 많이 되고 강아지가 즐거워하지 않을까 싶습니다네,
207,https://www.youtube.com/watch?v=nApl81xcezY,nApl81xcezY,[Hunter Kang’s Q&A] My dog sits on top of me every morning. Does that mean my rank is beneath it?,강형욱의 보듬TV,[음악] 갑니까네 아닙니다 어 저 한번 줘 보실까요 그거네 제가 한번 읽어 드릴게요 올려주신 댓글을 한번 보면 강서현 님이 제가 자고 일어날 때마다 빵 일어나라고 이렇게 올라타요 이렇게 이쁜 얼굴로 빵 일어나고 친근감의 표시인가요 아니면 제가 서열이 낮아서 그런 건가요 11km이다 보니 너나 무겁습니다 티티티티 유유 살려줘요라고 하는데 사실은 늦잠을 주무시나 봐요네 그 빨리 일어나라고 하는 거 같아요 저희 강아지도 아침 되면 저는 정말 딱 딱 7시에 일어나고 싶은데 6시 58분에게 아는지 모르겠어요 와 가지고 뭐 이불로 이렇게 슬쩍슬쩍 긁기도 하고 좀 그런 행동을 하는데 어 이거 그냥 일어나라고 하는 거예요 배 위에 올라가는게 어떤 뭐 서열이나 그런 거라고 생각 안 해도 괜찮을 것 같고요 뭐 거의 이런 거죠 뭐 어깨 동무 같은 어깨 동무 한다고 우리가 좀 어 불쾌 하지는 않잖아요 괜찮습니다 좋은 거예요네 잘 지내세요 디 아이 자 중간 점검의 시간이습니다 저희 프로 명을 외우 셨을 빠밤 오르죠 내가 어떻게 알아 소소한 키즈 지갈 수없는 바로 뭐지 뭐 어떻게 외워 읽을 수 있게 시간을 드리도록 하겠습니다 소속으로 읽어드립니다 금 모 궁금한 건 모두 답해 줄 수 없지만 소소한 건 궁금한 거는 [음악] 물어보고 궁금한 건 뭐든 [음악] 물어보지만 전부 답해줄 수 없는 소소한 크네 자 한번 가볼게요 궁금한 건 뭐든 물어봐도 되지만 전부 답해줄 수 없는 [박수] 소소한네 질문 많이 해주세요 바라바라바라 [음악],
208,https://www.youtube.com/watch?v=U1w43kEeqok,U1w43kEeqok,"발바닥 털, 밀어줘야 하나요? ｜강형욱의 소소한 Q&A",강형욱의 보듬TV,[음악] 어 될 수도 있고 안 될 수도 있습니다 만약에 산책을 제대로 못 하거나 아니면은 아파 가지고 이렇게 원 중인 친구들 같은 경우에는 발바닥 터리 이렇게 잘하고 또 마루 같은데 이렇게 올라서게 되면은 미끄러워질 수 있거든요 그럴 때는 발바닥 털을 좀 다듬어 줘도 괜찮아 것 같아요 근데 이건 있어요 산책을 매일매일 한다면 강아지하고 밖에 나가서 활동을 계속 한다면 반려견들의 발바닥 털은 적당한만큼만 자라고 그다음의 털들은 이렇게 자연스럽게 잘려 나갈 거거든요 한마디로 발바닥 털이 많고 발바닥 털을 꼭 잘라 줘야 된다라는 말은 산책을 잘 안 했다라고 하는 거예요 만약에 강아지에 발바닥 털을 고민하고 계시다면 고민하지 마시고 산책해 보세요 그러면 강아지한테 딱 적당하고 알맞은 길이에 발바닥 털이 생길 거고 용실에 가서 아니면 내가 이렇게 잘라 줄 필요는 없어요 만약에 너무 어린 강아지 너무 애기 강아지 그래서 발바닥 털을 잘라 줘야 된다면 가위로 조금씩 조금씩 조금씩만 잘라주면 좋을 것 같아요 왜냐면 발바닥은 되게 예민한 것 중에 하나예요 또 6개월 위만의 강아지들은 아직 굳은 살이 좀 없는 상태이기 때문에 뜨거운 클리퍼로 이렇게 자르다 보면은 발바닥이 좀 손상될 수 있거든요 그렇게 하다 보면은 나중에 발바닥을 만지는 것도 그닥 좋아하지 않게 될 수 있으니까 가위로 이렇게 삐져 나오는 것만 조금씩 조금씩만 잘라 주면은 좋지 않을까 그런데 꼭 뭐 습진이 걸리거나 아니면은 뭐 치료 목적으로 발바닥 털을 자르는 거는 괜찮겠죠,
209,https://www.youtube.com/watch?v=2dXyjGrfFA0,2dXyjGrfFA0,마당이 있으면 산책이 필요 없나요? ｜강형욱의 소소한 Q&A,강형욱의 보듬TV,[음악] 아닙니다 마당이 있어도 산책은 꼭 해야 돼요 이게 마당 있다라는게 공간이 넓은 거지 산책을 대신할 수는 없거든요 대문 밖으로 나가서 집 한 바퀴를 돌고 항상 가던 장 장소에 가서 냄새도 막게 하고 소변도 대변도 하게 하고 이런 환경 자체가 강아지한테 굉장히 편안함을 주기 때문에 마당이 뭐 100평 200평지라도 대문 밖을 나가서 보자하고 같이 걷는 그런 느낌을 강아지한테 주면 강아지가 너무 좋아할 것 같아요 우리 다오리 아고 첼시 바로도 마당이 있지만 항상 밖에 나가서 소변도 대변도 보고 산책도 같이 하거든요 여러분들도 만약에 마당이 있더라도 마당이 강아지한테 편안함을 주고 안정감을 줄 수 있지만 산책을 대신해 주지 못하니 우리 보호자님도 산책은 꼭 마당 밖으로 나가 가서 해주셨으면 좋겠습니다 우리 프로그램이 이제 새로 생겼는데요 제목이 궁금하면 뭐든 물어봐도 되지만 궁금하면 뭐든 물어봐도 되지만 아니 아니에요 궁금 자 궁금하면 뭐든 아닙니다 찬스 궁금한 건 모두 물어보지만 땡 한번만 뭐지 궁금한 거 든 뭐든 자 한번에 한번 볼게요 저희 위니 프로그램 궁금한 건 모두 궁금한 건 모든 물어보지만 모든 물어봐도 되지만 궁금한 건 모든 물어봐도 되지만 전부 답해줄 수 없는 소소한 q&a 야 너무 어렵다 이거 저희 미니 프로그램 궁금한 건 뭐든 물어봐도 되지만 전부 답해 줄 수 없는 소소한 q&a 많은 질문 [박수] 부탁드립니다 n,
210,https://www.youtube.com/watch?v=33vJ9pnTC78,33vJ9pnTC78,[Private video],,,"first=DownloadError: ERROR: [youtube] 33vJ9pnTC78: Private video. Sign in if you've been granted access to this video. Use --cookies-from-browser or --cookies for the authentication. See  https://github.com/yt-dlp/yt-dlp/wiki/FAQ#how-do-i-pass-cookies-to-yt-dlp  for how to manually pass cookies. Also see  https://github.com/yt-dlp/yt-dlp/wiki/Extractors#exporting-youtube-cookies  for tips on effectively exporting YouTube cookies; second=VideoUnplayable: 
Could not retrieve a transcript for the video https://www.youtube.com/watch?v=33vJ9pnTC78! This is most likely caused by:

The video is unplayable for the following reason: This video is private

Additional Details:
 - If the owner of this video has granted you access, please 
 - sign in
 - .

If you are sure that the described cause is not responsible for this error and that a transcript should be retrievable, please create an issue at https://github.com/jdepoix/youtube-transcript-api/issues. Please add which version of youtube_transcript_api you are using and provide the information needed to replicate the error. Also make sure that there are no open issues which already describe your problem!"
211,https://www.youtube.com/watch?v=_RpP90DXhZU,_RpP90DXhZU,[Private video],,,"first=DownloadError: ERROR: [youtube] _RpP90DXhZU: Private video. Sign in if you've been granted access to this video. Use --cookies-from-browser or --cookies for the authentication. See  https://github.com/yt-dlp/yt-dlp/wiki/FAQ#how-do-i-pass-cookies-to-yt-dlp  for how to manually pass cookies. Also see  https://github.com/yt-dlp/yt-dlp/wiki/Extractors#exporting-youtube-cookies  for tips on effectively exporting YouTube cookies; second=VideoUnplayable: 
Could not retrieve a transcript for the video https://www.youtube.com/watch?v=_RpP90DXhZU! This is most likely caused by:

The video is unplayable for the following reason: This video is private

Additional Details:
 - If the owner of this video has granted you access, please 
 - sign in
 - .

If you are sure that the described cause is not responsible for this error and that a transcript should be retrievable, please create an issue at https://github.com/jdepoix/youtube-transcript-api/issues. Please add which version of youtube_transcript_api you are using and provide the information needed to replicate the error. Also make sure that there are no open issues which already describe your problem!"
212,https://www.youtube.com/watch?v=FBObpfxMzzU,FBObpfxMzzU,[Private video],,,"first=DownloadError: ERROR: [youtube] FBObpfxMzzU: Private video. Sign in if you've been granted access to this video. Use --cookies-from-browser or --cookies for the authentication. See  https://github.com/yt-dlp/yt-dlp/wiki/FAQ#how-do-i-pass-cookies-to-yt-dlp  for how to manually pass cookies. Also see  https://github.com/yt-dlp/yt-dlp/wiki/Extractors#exporting-youtube-cookies  for tips on effectively exporting YouTube cookies; second=VideoUnplayable: 
Could not retrieve a transcript for the video https://www.youtube.com/watch?v=FBObpfxMzzU! This is most likely caused by:

The video is unplayable for the following reason: This video is private

Additional Details:
 - If the owner of this video has granted you access, please 
 - sign in
 - .

If you are sure that the described cause is not responsible for this error and that a transcript should be retrievable, please create an issue at https://github.com/jdepoix/youtube-transcript-api/issues. Please add which version of youtube_transcript_api you are using and provide the information needed to replicate the error. Also make sure that there are no open issues which already describe your problem!"
213,https://www.youtube.com/watch?v=ruLuDtYgsjc,ruLuDtYgsjc,[Private video],,,"first=DownloadError: ERROR: [youtube] ruLuDtYgsjc: Private video. Sign in if you've been granted access to this video. Use --cookies-from-browser or --cookies for the authentication. See  https://github.com/yt-dlp/yt-dlp/wiki/FAQ#how-do-i-pass-cookies-to-yt-dlp  for how to manually pass cookies. Also see  https://github.com/yt-dlp/yt-dlp/wiki/Extractors#exporting-youtube-cookies  for tips on effectively exporting YouTube cookies; second=VideoUnplayable: 
Could not retrieve a transcript for the video https://www.youtube.com/watch?v=ruLuDtYgsjc! This is most likely caused by:

The video is unplayable for the following reason: This video is private

Additional Details:
 - If the owner of this video has granted you access, please 
 - sign in
 - .

If you are sure that the described cause is not responsible for this error and that a transcript should be retrievable, please create an issue at https://github.com/jdepoix/youtube-transcript-api/issues. Please add which version of youtube_transcript_api you are using and provide the information needed to replicate the error. Also make sure that there are no open issues which already describe your problem!"
214,https://www.youtube.com/watch?v=qlqC_5xQHRE,qlqC_5xQHRE,[Private video],,,"first=DownloadError: ERROR: [youtube] qlqC_5xQHRE: Private video. Sign in if you've been granted access to this video. Use --cookies-from-browser or --cookies for the authentication. See  https://github.com/yt-dlp/yt-dlp/wiki/FAQ#how-do-i-pass-cookies-to-yt-dlp  for how to manually pass cookies. Also see  https://github.com/yt-dlp/yt-dlp/wiki/Extractors#exporting-youtube-cookies  for tips on effectively exporting YouTube cookies; second=VideoUnplayable: 
Could not retrieve a transcript for the video https://www.youtube.com/watch?v=qlqC_5xQHRE! This is most likely caused by:

The video is unplayable for the following reason: This video is private

Additional Details:
 - If the owner of this video has granted you access, please 
 - sign in
 - .

If you are sure that the described cause is not responsible for this error and that a transcript should be retrievable, please create an issue at https://github.com/jdepoix/youtube-transcript-api/issues. Please add which version of youtube_transcript_api you are using and provide the information needed to replicate the error. Also make sure that there are no open issues which already describe your problem!"
