playlist_index,video_url,video_id,title,channel,caption,error
1,https://www.youtube.com/watch?v=ZHpM_Scrpxk,ZHpM_Scrpxk,강아지 유산균으로 입냄새도 없앨 수 있다고요? 🤭 l 강아지 입냄새 없애는 법 l 설채현 행동학 수의사,설채현의 놀로와 ,[음악] 안녕하세요 설치는 여러분 설치연수의 삽니다 이번 시간에는 우리 반려견 보호자분들이 가장 고민하는 것 중에 하나 바로 우리 아이들의 입냄새입니다 사실 뭐 저도 좀 부끄럽지만 세상에 유일한 단점 바로 입냄새거든요 은근히 열심히 칫솔질을 해주거든요 양치 해주는데 세상이 같은 경우엔 처음에 데리고 올 때부터 상당히 심했었어요 치과 치료도 좀 받았고 지금 이빨이 강냉이가 많이 털렸어요 잇몸 자체도 안 좋은 것도 좀 있고 그래서 양치를 잘 해줘도 노량진 수산시장 냄새가 나서 저희가 되게 많은 고민을 했었거든요 그래서 오늘 그 구취에 대해서 한번 말씀드릴 건데 옆에 있는 수의사는 누구냐 저의 수제자 수제자인데 내가 더 많이 물어봐요 수의학계에 여에서도 최민경 수의사입니다 안녕하세요 놀러의 최민경 수의사입니다 오늘 설쌤과 함께 입냄새 관리하는 방법 알려드릴게요네 우선 오늘도 광고가 있습니다 미리 말씀드려요 저희가 고민을 좋은 걸 만들었고 그걸 또 가만히 저만 품고 있을 순 없잖아요 필요하신 분들은 알려드리면 좋으니까 오늘도 저희 제품 광고가 들어가 있습니다 단 구찌에 대한 정보도 들어가 있어요 우선은 우리가 이거부터 한번 확인을 해봐야 될 것 같아요 입냄새 이게 양치를 해도 없어지지 않는 경우들이 있습니다 입냄새의 원인은 무엇인지 가장 큰 원인은 세금 때문이에요 사람도 마찬가지이고 강아지들도 마찬가지고 입 안에 세균들이 있잖아요 근데 그 세균들이 음식물 찌꺼기나 침 속에 있는 당 단백질 이런 성분들이랑 결합해서 치태 그 플라크라고도 하죠 그걸 형성을 해요 지태가 이제 손톱으로 긁으면 나오는 그 약간 필름 같은 거 치석은 그게 딱딱해져서 돌처럼 된게 치석입니다 근데 우리 입에는 음식물 찌꺼기가 없을 수가 없으니까 좀 살 수 있는 환경이 되고 그 세균들이 그걸 먹고 살면서 이제 합쳐지면서 치태를 형성하게 된다는 거죠 그 안에서 치대가 이미 생기면 거기서 계속 세균들이 번식을 하면서 이제 그 황 화물이라고 하는 우리 그 음식물 써 놨는데 결국에는 그 황 화합물이 나오기 때문에 구치가 나는 거죠 그러면이 구취를 좀 줄일 수 있는 방법들을 다시 한번 알려 드려야 될 것 같아요 첫 번째가 우리가 가장 많이 알고 있는 치약으로 양치하는 거 양치를 하게 되면 결국에는 음식물 찌꺼기를 제거해주고 그렇게 되면 굶어 죽이는 거죠 먹고 살 수 없는 환경을 만들어 줘서 세균들이 더 이상 번성하면서 그런 냄새를 못 만들어 내게 하는 거죠 그래서 물론 치약마다 다르겠지만 치약이 자세히 보시면 세균의 성장을 억제한다 이런 말이 많아요 결국에 세균을 죽인다라는 건 우리가 흔히 말하는 거 항생제나 그런게 들어가야 되는데 맞아요 이게 치약인 그게 들어가면 안 되잖아요 약품이 들어가면 안 되니까 매일 그거 하면 내성 생기니까 특히 강아지들은 뱉는게 아니라 먹게 되니까 구약 외품인 거죠 치약은 그래도 양치를 해도 왜 냄새가 나는 거예요 아무래도 증식을 억제하는 거지 모든 세균을 죽일 순 없어요 그래서 일부 남아있는 세균들이 어느 정도의 황화물을 형성하기 때문에 그리고 아무래도 양치를 전문가가 아닌 이상 완벽하게 꼼꼼하게 할 수는 없거든요 전문가도 못해요 저도 못해요 사람이야 뭐 하루에 세 번 적어도 두 번 이렇게 하지만 강아지들은 그렇게 했다가는 보조와의 관계가 엄청나게 나빠질 겁니다 얘들은 왜 양치하는지를 모르니까 그러면 두 번째로 또 뭐가 있을까요 구취를 억제할 수 있는 방법 저는 구강소독제도 한 가지 방법이라고 생각을 해요 근데 문제는이 구강소독제가 유익균도 같이 죽인다는 거예요 나쁜 세균만 죽이는 아니라 그냥 다 죽여 버리는 거죠 구강소독제를 써보신 분들은 아시겠지만 이거 했을 때는 되게 좋은데 금방 다시 올라오기 시작해요 그리고 문제는 구강소득제를 뭐라고 보시면 되냐면 리스테린 가그린 이런 느낌인데 우선 애들이 싫어합니다 그 맛 자체를 상당히 싫어하기 때문에 우선 기호성의 문제도 좀 있다 그리고 장기적인 관점에서 볼 때 유익균에도 영향을 주기 때문에 일주일에 한 번 아니면 정말 한 달에 한 번 정도 해주는 건 좋지만 너무 자주 하루에 한 번씩 이렇게 하면 장기적으로 되게 안 좋다고 생각을 해요 왜냐면 구강 내에 유익균들이 어느 정도 면역력을 형성을 해주는데 그걸 다 죽여버리잖아요 항생제 먹었을 때 다 죽여버리면 이제이 안에서 면역력이 떨어지게 돼요 그래서 약간 만성장염도 잘 걸리게 되거든요 그래서 우리가 영양제로 전 연령의 뭐 필요한 영양제 중에 이게 유산균을 얘기하는데 사실 이제 마지막으로 조금 설명해야 될게 저희가 만든 제품이기도 하고 부광유산균입니다 부광유산균 우리가 유산균이라고 하면 사실 장에 있는 유산 생각하는 경우가 되게 많은데 유산균이 장애만 필요한게 아니라 구강에도 필요하다 왜냐면 소화기관에 첫 번째 시작 부분이 입이에요 어 맞다 생각해보면 유산균은 어떻게 해서 우리와 우리 아이들한테 도움을 주고이 구취를 줄여주는지 얘기해 주세요 일단 구강 유산균은 사람 그 장유산균도 강아지 유산균도 종류가 다양하잖아요 그 중에서 저희 제품 안에 들어있는 구강 유산균의 한 종류인 락토바실러스 가세리라는 균이 있어요 강아지들한테 발라주면 발라준지 3시간부터 과산화수소를 생성을 한대요 근데 과산화수소가 많이 들어보셨을 거예요 그 상처 소독하는 거잖아요 세균이 죽죠 그리고 이거 뿐만이 아니라 얘네들이 박테리오신을 생성하거든요 박테리오신이 천연 항생물질이라고 해서 유산균들이 만들어낸 물질인데 유해균은 죽이고 유익균은 안 죽여요 그렇기 때문에 우리가 구강을 발라주면 입속 유해 세균만 골라서 죽일 수 있는 거죠 간단하게 설명하면 착한 놈은 유산균 나쁜 놈은 구취를 형성하는 세균 우리가 아무래도 군대끼리 싸움을 할 때 쪽수가 더 많으면 이길 가능성이 높아지잖아요 우리의 입이라는 한정적인 공간에서 유산균을 더 많이 넣어 줬을 때 결국에 유산균이 뭔가를 만들어내요 싸우기 위해서 얘네들이랑 락토바실러스 가세린이들이 과산화수소수도 형성하고 박테리우신도 형성을 해서 얘네들을 죽이고 자기네들이 더 많이 살아남는 거죠 그런 환경을 조성을 해주면 냄새를 만드는 유해 세균들이 줄어들게 되기 때문에 극치가 줄어들고 염증도 줄어들게 되는 거죠 그거 얘기해 줘야 돼 경험담 나는 우리 최민경 수의사의 경험담을 듣고 저도 해봤거든요 제 반려견이 지금 8개월 정도 됐어요 근데 저는 진짜 양치를 잘 시켜주고 있거든요 근데 어느 순간부터 가족들의 민원이 오기 시작했어요 얘가 입냄새가 난다 근데 그때쯤이 제품이 나와서 신기하다 한번 써볼까 그래서 이제 이게 캡슐 형태로 되어 있어요 유산균이 장유산균도 같이 들어있고 구강의 작용하는 의상균도 그래서 두 개가 같이 들어있어요 그러면 진짜 우리 그동안 유산균 영양제 많이 먹이라고 했는데 그동안은 장에만 신경을 써줬다면 이거는 구강 유산균 플러스 장유산균이 되는 거잖아요 그냥 차라리 이걸로 해주는게 훨씬 나은 거잖아 그래서 원래는 뭐 사료에 뿌려줘도 되고 그냥 이것 통째로 줘서 씹어먹게 해도 되는데 이제 가장 좋은 효과가 있으려면 이거를 이제 까서이 안에 있는 가루를 손에 묻혀서 발라주면 돼요 친구한테 그렇게 해봤더니 어느 정도부터 효과가 있었어요 근데 이거 이렇게 말씀드리면 거짓말이라고 생각하실 수도 있는데요 저 정말 솔직하게 말씀드리면 다음날부터 효과 나왔어요 약장수 같다 아 조금 걱정이 돼서 완전 못 드리겠는데 제가 이렇게 얘기할 수 있는게 있어요 그래서 처음에 우리 최민경수 의사가 그렇게 얘기를 했을 때 거짓말하지 말라고 근데 이제 세상이한테 한번 해 줘 봤어 이제 세상에는 워낙 심하니까 발라 놓고서 제가 한 3 4시간마다 한 번씩 이렇게 냄새를 맡다가 조금 줄어들고 같은데 하고 다음날 딱 맡았는데 확실히 줄어드는 거예요 제가 우리 레퍼런스에서 논문에서 봤을 때는이 유산균이 들어가서 과산화수소수와 박테리우신을 만드는게 한 3시간부터 12시간까지요 기전을 거치게 되고 그러면 유해 세균들을 좀 죽인다 하루에 한 번씩 유산균 준다라고 하면 확실히 부치가 떨어질 거라는 거죠 그러면 우리 수의학계의 여에스더 선생님으로서 좀 어떤 아이들한테 추천하실 것 같아요 전 첫 번째는 화식이랑 생식하는 친구들이요 왜냐면 얘네들이 그냥 건식을 먹을 때보다 습식사료 위주로 먹을 때 이빨에 음식물 찌꺼기가 엄청 많이 껴요 그래서 아무리 양치질을 해도 어느 정도의 찌꺼기도 남아 있기 때문에 세균이 증식할 환경이 더 잘 조성이 되는 거죠 그래서 저는 그런 친구들은 양치를 아무리 열심히 해줘도 부족하기 때문에 저는 진짜 이거는 무조건 해야 된다고 생각을 해요 실제로 이거 치태 억제 효과 있어요 또 추천할 만한 상황 이거는 제가 또 사람 좀 레퍼런스를 가지고 왔어요 사람도 치주질환이 잘 걸리는 사람들이 아무리 충치 치료를 하고 킬링을 했어도 구강의 세균 조성이 똑같대요 그래서이 안에 있는 유익균을 늘려주지 않으면 또 그냥 재발을 한다고 하더라고요 사실 스케일링을 한다고 하는 거는 가장 건강한 상태를 만들고 그 뒤로 관리를 잘 하는 거지 그게 완치 뭐 이제 더 이상 신경을 안 써도 된다가 아니잖아요 스케일링을 해서 가장 좋은 환경을 만들어주고 그 이후에 더 나빠지지 않도록 관리할 때도 상당히 많은 도움을 준다 이게 은근히 또 사용법이 중요하잖아 그래서 그 사용법을 한번 보여 드리죠 우리 구치세 선생님과 함께하는 바이플라그 사용하는 방법 우선은 가장 추천하는 방법 먹이는 것보단 발라주는게 더 좋다 먹이면 바로 장으로 가요 그냥 이제 입에 가는게 아니라 바로 장으로 가니까 지금 캡슐로 돼 있잖아요 우리 이렇게다가 그릇에 담아줘요이 양이 진짜 많아요 생각보다 그러네요 이거 진짜 실제로 먹어보셔도 돼요 무슨 맛이라고 해야 되지 달짝지근하면서 뭔가 고소한 땅콩가루만 약간 그런 느낌 맛있어요 그래서 이거를 애들 넣어줄 때 그렇게 안 싫어할 거예요 저는 일단 이렇게 손에 붙이고 혓바닥으로 먼저 할게 해줘요 왜냐면 혓바닥에도 세균이 있잖아요 그리고 이제 이렇게 하면 여기 침이 묻혀요 이게 더 잘못하면 여기 잇몸이랑 미안해 여기 사이 있죠 여기에 이걸 이렇게 발라줘요 그리고 여기도 똑같이 이렇게 해주시면 돼요 저도 앞 이빨이나 이런데도 양치는 싫어하는데 이거 이거 좋아요 여기 포켓까지 우선은 가장 이제 기본적으로 우리가 줄 수 있는 방법이이 방법이고 또 제가이 디자인을 설계한 많은 분들이 아시는 허니콤주 이게 진짜 다용도에요 맛있기만 해서가 아니라 제가 이렇게 디자인한 이유가 있습니다 이것도 발라준 거 귀찮아하시는 분들이 계신단 말이에요 그러면 이걸 이용해서 바이플라그를 쉽게 또 먹일 수가 있어요 여기다가 그냥 바이플락을 가루를 집어넣으면 흘러내려요 다 떨어지기 때문에 물을 한번 적십니다 살짝만 적셔서 물을 좀 털어내요 여기다가 뿌려줍니다 잘 들어가게 이렇게 하면 어때요요 안에 유산균 가루가 들어가고요 씹으면서 당연히 치아 사이사이로이 유산균을 아까 우리 손으로 발라준 것처럼 훨씬 더 또 쉽게 급여를 할 수가 있습니다 그래서 저희가 지금 얘기를 하면서도 걱정되는게 약간 수가 있잖아요 아 이게 진짜 맞아라고 생각을 하실 수 있어서 요즘 지금 행사를 하고 있는게 11 테스트킷입니다 그래서 이걸 구매를 하시면 그래도 뭐 어째 해야죠 그쵸 좋은 거니까 잘 설명드릴게요 이걸 구매하시면이 11 테스트킷을 드려요 이걸 먹여 봤는데 애가 안 먹는다거나 효과 좀 별로인 거 같아 그러면 그냥 환불 환불할 수 있게 지금 테스트킷을 드리고 있으니까요 부담 없이 한번 사용을 해보시고 제가 솔직히 허니콤 추에 더 많은 관심을 가지고 디자인이나 설계 관여를 했는데 제 친구들 지인들 보호자님들한테 요즘 제가 제일 강추하는게 바이플라그입니다 12월 31일까지지만 테스킷을 증정하고 있으니까 구취 때문에 걱정이셨던 분 우리 아이들 구강건강 때문에 걱정이셨던 분들 건강 가장 최전선입니다 입이 한번 부담 없이 사용해 보시길 바랍니다 저희가 한번 정리를 한번 해볼까요 이제 구찌의 원인 세균 유해세균 때문에 생긴다 구취를 줄이는 방법은 양치를 통해서 유해 세균이 먹고 사는 음식물을 없애주거나 아니면 유해세균을 닦아 주거나 아니면 소독약 같은 걸로 유해세균을 죽이거나 근데 소독약은 기호성이 떨어지고 유익균까지도 다 죽이고 그리고 구강 유산균이 있는데 구강 유산균은 장애도 도움이 되지만 부강 안에서 유해세균이 좀 살 수 없는 환경을 만들고 그러다 보니까 구취를 줄이는 역할을 한다 그리고이 세 개 중에 뭐가 제일 좋다가 아니라 당연히 이거 먹어도 양치를 해야 되고요 영양제 같은 느낌이에요 우리가 다 전 연령의 유산균은 추천을 하고 있으니까 수의사 선생님들이 장유산균뿐만 아니라 구강까지도 도움을 줄 수 있는 유산균으로 바꾼다면 1석 2조의 효과 볼 수 있다 더 이상 설명할 필요 없이 입냄새 제거에 너무 좋은 효과를 많이 봐서 여러분들도 강아지와의 뽀뽀가 두렵지 않게 바이플락으로 입냄새 없애주셨으면 좋겠습니다네 우리 채수이사가 가장 잘하는 분야가 사실 우리 보호자 여러분들이 정말 궁금해하는 분야거든요 영양제는 이럴 때 어떻게 먹여야 돼요 우리 아이가 여기가 좀 아픈데 어떤 영양제를 먹이거나 어떤게 좋아요라는 것들이 일반 수의사 선생님들이 조금은 간과하고 있는 부분인데 우리 채소 이사가 그런 분야를 진짜 잘 알아요 그래서 이번에 첫 번째로 바이플라그에 같이 나왔지만 이제 여러분들이 궁금해하시는 그런 영양제나 일상생활에서의 궁금증 행동학을 포함 일상생활이 궁금점들도 계속해서 우리 최민경 수의사와 함께 여러분들에게 더 자세히 설명드리도록 하겠습니다 다음번에 더 좋은 정보로 찾아오겠습니다 또 놀러오세요 안녕,
2,https://www.youtube.com/watch?v=pdeMGKLAUkM,pdeMGKLAUkM,[Private video],,,"first=DownloadError: ERROR: [youtube] pdeMGKLAUkM: Private video. Sign in if you've been granted access to this video. Use --cookies-from-browser or --cookies for the authentication. See  https://github.com/yt-dlp/yt-dlp/wiki/FAQ#how-do-i-pass-cookies-to-yt-dlp  for how to manually pass cookies. Also see  https://github.com/yt-dlp/yt-dlp/wiki/Extractors#exporting-youtube-cookies  for tips on effectively exporting YouTube cookies; second=VideoUnplayable: 
Could not retrieve a transcript for the video https://www.youtube.com/watch?v=pdeMGKLAUkM! This is most likely caused by:

The video is unplayable for the following reason: This video is private

Additional Details:
 - If the owner of this video has granted you access, please 
 - sign in
 - .

If you are sure that the described cause is not responsible for this error and that a transcript should be retrievable, please create an issue at https://github.com/jdepoix/youtube-transcript-api/issues. Please add which version of youtube_transcript_api you are using and provide the information needed to replicate the error. Also make sure that there are no open issues which already describe your problem!"
3,https://www.youtube.com/watch?v=Mq_WN5BRWWk,Mq_WN5BRWWk,"Winter Walk: Should I Dress My Dog Up or Not?! | Seol Chae-hyun, Veterinary Medicine",설채현의 놀로와 ,안녕하세요 독설 tv 소천 수 있습니다 네오는 공간이 밖에서도 오셨어요 그동안 약간 저희 병원 공간이 조금 어둡고 볼까요 침침하고 저도 보니 있으며 합니다 아버지가 떨어지는것 변 다 긁어 온 순간에 겁니다 정말 있었어요 근데 이제 조금 더 밝고 2분간 로 옮겨 왔습니다 4 [음악] 그래서 이제 유튜브 도 절대로 빼먹지 않고 정말 열심히 할 건데요 이제 겨울이 완 잖아요 겨울이 와서 많은 분들이 이제 고민 하시는 게 있어요 강아지 옷을 입힐 것인가 말 것인가 어 이게 상당히 저도 생각이 많이 바뀌는 부분도 있었고 걱정이 되는 부분도 많았는데 우선은 겨울 산 책부터 한번 말씀 드릴게요 겨울 산책 외국인들이 우리나라에서 사는 외국인들의 한국에 대한 10대 미스터리 중에 열 번째 가 그런 게 있대요 그 많던 걔들은 다 어디로 가는 것일까 겨울에 그 많던 개들은 다 어디로 가는 것이다 그만큼 우리나라 보호자 분들이 겨울에 강아지 산책을 많이 안 해요 역 쪽 내가 춥다고 보호자 없으면 안 나가는 못 나가는 우리 아이들을 집에만 있게 하는 거죠 근데 그렇게 되면 강아지들도 똑같아요 해피 못 바꾸 산책 해서 냄새 못 맡고 걸어가 내지 못하면 우리가 행복할 뭐니 라고 불리우는 실제로는 호르몬은 아니지만 이 세로토닌 이라는 신경전달 물질 자체가 합성도 잘 안되고 방출 도 잘 안되면서 사람과 똑같이 계절성 우울증에 걸리는 경우가 많아요 그래서 꼭 겨울에도 내가 좀 춥지만 산책을 나가셔야 됩니다 [박수] 근데 이상 책을 나갈때 항상 꽃잎이 는 게 이렇게 고민이 실 거예요 그래서 보면 제가 자료를 찾아서 보여 드리는데 강아지 별로 보이죠 강아지 별로 크기별로 좀 추위에 어느정도 온 두면 취를 탈 수 있는지 위험 할 수 있는지에 대한 기본적인 표를 만들어 놨어요 4 보시면 음 이제 3번 부터 어느정도 이 온도의 이 초록색 3부터 좀 어느정도 이 온도의 밖에 나가 있으면 좀 추울 수 있다 귀여움 할 수 있다 거든요 4 보시면 소양면 들은 7도 까지는 괜찮은데 3 사도 여기 보시면 우리 화씨 아 섭씨 로 사도 부터 어느 정도는 좀 안전하지 않을 수 있다 라고 있어 말을 하고 있습니다 강아지들은 대부분 털에 덮여 있기 때문에 어느 정도 옷을 입고 있는 것과 마찬가지 잖아요 그런데 소형견 우리가 가장 많이 키우는 소용되는 옷을 입고 있음에도 불구하고 사도 이하면 위험할 수 있고 영하 4도 부터는 위엄 그리고 지금 보면 소용 전에 같은 경우는 영하 6도 부터는 올해 밖에 나가 있으면 생명에 위협을 줄 수 있다 라고 얘기를 하고 있습니다 그러니까 결국에는 소형견 같은 경우에 이 사도 이아 부터는 옷을 입혀 주는 게 좋다는 거죠 그런데 여기서 특정 변종에 따라서 약간의 변화는 있을 수 있습니다 뭐 시베리안허스키 나 알래스칸 말라뮤트 나 원래 추운 곳에서 살았던 아이들은 아무리 대형견 이라고 하더라도 훨씬 더 견디는 능력들이 뛰어날 거고요 저희 세상 이처럼 이탈리안 그레이하운드 고 사이트 하운드 약간 하운드 이 세상이 처럼 생긴 아이들이 있죠 이 친구들은 선천적으로 몸의 열을 잘못 네요 갑상선 호르몬의 활성화 정도가 쪼끔 낮아서 사이트 하운드 라고 보통 얘기를 하거든요 그런 친구들은 갑상선 호르몬의 수치가 선천적으로 조금 약해서 몸의 열을 잘못 내다 보니까 추위에 훨씬 더 약해요 세상에는 얼면서 를 벗어 감기에 걸렸어요 제약도 먹고 이제 많이 나왔는데 요즘 그래서 맨날 저희 센터에서 놀 때는 옷을 입고 있죠 4 강아지의 특성에 맞춰서 옷을 입혀 줘야 되는데 기본적으로 집에선 2pc 필요없습니다 집에서 입으면 오히려 강아지들 더워 해요 그리고 피부도 숨을 쉬어야 되는데 옷을 계속 입고 있으니까 털의 5 세우려 더워서 스트레스 받을 수 있어요 우리가 보통 겨울에 강아지들이 적정 온도가 18도 에서 22 do 라고 얘기를 하거든요 강아지 들한테 또 우리 22도 이상으로 다 하잖아요 겨울이나 만들어 놓으면 오히려 더워서 다 문 앞에 가 있단 말이야 집안에서는 온 입히지 마세요 오히려 더 스트레스 입니다 어 그리고 옷 입는 것 싫어하는 아이들이 있어요 옷 입는 것 싫어하는 아이들이 있는데 그러나 이들 보호자 분들 다 느껴 보셨을 거에요 다리 낼 때 앞다리 늘 때 그때 다 싫다고 아 앙 하면서 물려고 하고 도망가려고 하고 하는 경우가 많아요 그래서 요즘 옷들을 보면 앞다리 앙 껴도 되는 옷이 있어요 우리 사람 모처럼 이렇게 팔을 안겨도 되는 머리만 집어넣고 요 뱀이 쪽으로 스트랩 만 한번 감아 주면 되는 옷이 있거든요 그런 것 같은 경우에는 훨씬 더 편하게 입는 경우가 많기 때문에 만약에 옷 입는 것에 거부감을 느끼는 아이라면 그런 옷을 사서 입혀 보시는걸 추천드립니다 어 마지막으로 겨울이라고 절대로 산책 게을리 하지 마시구요 겨울이라서 더 산책을 해 줘야 돼 꼭 산책을 통해서 행복한 관련 생활 하시구요 다음번에 더 좋은 정보로 찾아뵙도록 하겠습니다 안뇽 어쩜 우리 원래 새로운 거 하지 않았었어요 뭐 딴거 해야되나 밤 말 산책해 선택해야 될 겨울에도 단체가 빼 예 으 그때야 나누 밖에 꽃 예 아 예,
4,https://www.youtube.com/watch?v=UyjcuBZIv68,UyjcuBZIv68,"[Everything About Dog Neutering Part 1] The Secret to a Long Dog's Life: Surprisingly, Neutering?!",설채현의 놀로와 ,반려견 에 대한 궁금증을 솔직하고 독하게 알려드리는 설치 할 수 있습니다 아 오늘 주제는 많은 분들이 이제 댓글로 궁금증을 많이 남겨 주셨는데 우선은 가장 많이 나 옷 중성 이거 제가 어딜 가도 가장 많이 여쭤 곳입니다 이 중성화 에 대해서 보자 분들 정말 걱정 많으시고 이걸 해야 되는지 말아야 되는지 해야 되며 언제 해야 되는지 이런거에 대해서 정말 궁금해 하시는 분들이 많아요 그런데 저도 사실 이건 되게 조심스러워 중성화 에 대한 연구 결과들이 너무나도 많은데 그 연구 결과들이 막 상반되는 연구결과 들도 또 너무나도 많구요 제가 정리를 해 봐도 이걸 하려고 않은 내용임에도 불구하고 어제 또 다시 다 자료를 찾아봐도 저도 어려워요 저도 막 머리가 터질것 같고 이걸 어떻게 설명을 해 드려야지 여러분들이 가장 좋을 지에 대해서 사실 상당히 어려운데 이것은 제 개인적인 의견이라는 거죠 오늘 방습지 개인적인 그래도 위안을 기반으로 한 개인적인 의견이라는 거렸고 명심해 주시면 감사하겠습니다 가장 처음으로 중성화 주 소리 란 무엇인지 한번 본다 라고 한다면 남자아이들은 땅콩을 없애는 거구요 어 여자아이들은 난소와 잡음을 드러내는 소설입니다 남자아이들 수술은 상당히 간단한 편을 속해요 왜냐하면 땅콩이 몸 밖으로 나와 있기 때문에 수술이 되게 간단하고 위험성도 훨씬 더 적고 금방 끝납니다 당연히 수술 비용도 여자 아이들에 비해서 훨씬 더 저렴하게 쬲 그 여자 아이들 수술 같은 경우는 어 솔직히 많이 하시긴 하지만 이 수술이 그렇게 간단한 수술은 아니에요 우리가 흔히 말하는 개복 수술 어 배를 열고 해야되는 수술이기 때문에 아주 간단한 수술은 아니구요 남자 아이들보다 훨씬 더 시간과 노력이 많이 필요하고 그러다 보니까 비용도 훨씬 더 높아지게 됩니다 우선 가장 먼저 리 얘기를 들어봐야 할 것 중성화 수술 해야 되냐 알아야 되냐 해야되냐 말아야 되냐 이게 가장 어려운 문제 중에 하나일 것 같은데 정답은 없습니다 정답 안할게요 제가 우선 이제 장단점 분들 한번 말씀을 드릴게요 중성화 수술의 첫 번째 장점 5 남자의 들의 중성화를 하는 가장 큰 이유 중의 하나는 행동 문제의 예방에 행동 문제에도 그리고 여자아이들의 중성화를 하는 가장 큰 이유는 행동 문제 예방 보다는 이걸 하지 아무 않음으로써 생길 수 있는 병 의학적 원인들에 대한 예방 이에요 둘이 쪼끔 다르다고 볼 수 있죠 남자애들도 이거를 수술을 하면 병이 예방되는 것들이 있어요 뭐 고환암 아니면 항문낭 주위에 암 어 전립선염 이런 것들도 조금 어느정도는 도와줄 수 있지만 여자아이들 만큼 중요하진 않고 주로 행동한 문제를 예방하기 위해서 남자대로 중성화수술을 아니 권해 드리게 돼 요 어 여자 아이들 같은 경우에는 중성화수술을 하지 않았을 때 생길 수 있는 가장 큰 질병 두가지가 있습니다 첫번째는 자궁축농증 정 자궁의 동희 가득차는 질병 이에요 그리고 두번째는 우리 사람도 걸리는 유선종양 여자애들 같은 경우엔 중성화를 하지 않았을 때 이 두 가지 중에 하나라도 걸릴 확률 자궁축농증 유선종양 중에 둘중에 하나라도 걸릴 확률이 열 살까지 30 에서 40% 정도 되요 그 또 13까지 에요 열 살까지 우리 강아지들이 요즘 열 다섯 살까지 살고 스무 살까지 사는 경우를 봤을때 언어 나이가 들면 들수록 더 잘 걸릴 수 밖에 없는 질병 때문에 열 살까지 3 사실이면 나중에는 더 높아질 수가 있어요 그래서 어 여자 애들은 이렇게 의학적 원인이 더 많다 라고 생각하시면 되요 다른 장점 물 또 보면 수명이 증가 해요 이거는 약간 연구 마다 다른데 지금까지 가장 그래도 공신력이 쓸만한 영국 좋은 학교에서 많은 표본을 가지고 한 연구에서는 남녀를 불문하고 중성화를 1 아이들이 더 오래 살았어요 평균적으로 1.7 년 평균적으로 1.7 년이면 사람으로 보면 한 5년 정도 더 오래 살았다 고 보시면 됩니다 그 이유는 남자 아이들 같은 경우에는 중성화를 하지 않았을 때 수명이 깎인 깎이는 이유가 더 싸울 3 5 다른 강아지들과 싸우거나 아니면 여자의 냄새를 맡고 뛰쳐나갔다 가 사고를 당하는 경우 때문에 한 2년정도 떨어지구요 중성을 하지 않았을 경우 여자애들 같은 경우는 아까 말씀드렸던 자금 축농증과 유선종양 이런것들 때문에 한 1 2년 정도 더 적게 살게 되는 거죠 충성을 하지 않으면 어떠 하나의 장점은 남자애들 같은 경우 그런 행동 문제 마운팅 그리고 마킹 공격성 같은 것들이 감소할 수 있겠죠 근데 장점만 있느냐 중성의 장점만 있느냐 그렇지 않아요 단점도 분명히 있습니다 우선은 첫번째 단 점 같은 경우에는 너무 이른 시기에 1 중성 아들 같은 경우에는 강아지의 크기를 조금 더 우리 아이들이 좀 더 크게 만들 수 있어요 이 성 호르몬 같은 경우에는 성장판을 닫히게 하는 역할도 있는데 성호르몬이 이른 시기에 끊겨버린 면 깨어 가 더 커질 수 있어요 그리고 지금 아까 여자애들 같은 경우에는 중성화를 했을 때 유선종양 과 자궁축농증 을 예방할 수 있다고 말씀드렸는데 유선종양 말고 다른 암 매 확률을 높일 수 있다는 연구 결과도 있습니다 뭐 골 육종 1 하거나 아니면 림프종 일하거나 이런 것들에 확률을 높일 수 있는데 여기서 가치 판단을 해야겠죠 유선종양 이 중요하냐고 6종 이나 림프종이 중요하냐 수의사 들어갑니다 유성점 향이 훨씬 더 많이 걸려요 달린 부종이나 이런 것들은 되게 히기 하게 걸리는 거고 유선종양 은 워낙 많이 생기는 종양 이기 때문에 우리가 유선 중앙 쪽에 조금 더 집중을 하게 되는 거죠 여자 아이들 같은 경우에는 어 이른 시기에 중성화를 했을 때 약간 더 흥분하는 강도가 높아질 수 있다 강아지 남자 이와는 반대로 흥분 의 더 심해질 수 있다 라는 연구 결과도 있습니다 아 이것도 있죠 다르 친다 네 살 찝니다 왜 살이 찐 하면 우리가 흔히 말하는 우리 hell's 할 때 나오는 기초대사량 식욕이 막 증가 한다기보다는 기초대사량이 감소 를 하면서 살이 찔 수가 있어요 그래서 잘 관리를 해주셔야 되요 여러분들이 생각을 해야 되는건 중성화를 할까말까 요 자 중성화를 안 한다 라고 한다면 주의할 점들이 있어요 우선 수컷 강아지 같은 경우에는 산책할 때 항상 조심해 주셔야 돼요 선택할 때 음 산책을 하다보면 중성 아아 난 여자애들이 되게 많을 거예요 그럼 중 소가 안 한 남자의 아이들한테 정말 고려 기의 요 산책을 할 때마다 그 혹시라도 그 여자친구가 발전 상태라고 한다면 그 냄새 어찌할 바를 모를 거에요 가끔 제가 갑자기 왜 일에 그러면 이런 가능성이 되게 높아요 어디선가 저멀리서 우리 여자 아이들의 냄새가 난다 그리고 만나다가 친구라고 서로 만나게 해줬다 가 얘네들이 사랑을 나누면 회복적 구조상 절대로 때 낼 수 없어요 사람들이 거기서 원치 않는 아이들이 만들어질 수 있습니다 아 이걸 우리 방송 나가면 될까요 이 장면인데요 얘네들이 이러고 싶어서 이러고 있는 게 아니에요 사랑을 나누고 나서 회복적 구조상 빠지지 않아서 집에 가고 싶은데 못 가고 있는 상황 강아지들이 이런 상황이 나타나요 기다려야 되요 한번 사람의 딱 나누는 4g 가 나오면 사람들이 때 내려고 해도 때 내지 않아 안 따져요 동네 안되요 들어가고 나서 흥분을 하면 안쪽에서 구슬처럼 부풀어 올라요 안쪽에서 그러면서 이 흥분이 가라 앉아서 이게 다시 쪼그라 될 때까지 빠지지 않게 되는거죠 그러니까 만약에 혹시라도 사고가 나 버리면 다른 짐 아이한테 원치 않는 새끼들을 만들어주는 경우들이 있기 때문에 남자아이들 항상 좀 조심해 주셔야 되고 또 하나 도시 말건 여자 아이들의 그 발정 시기에 순가 허용 이라는게 있어요 이게 되게 짧아요 항상 남자 친구들을 올라오게 해 주는게 아니라 어 특정한 1 3 4인 2313 4일만 남자친구들이 올라오게 해 줘요 근데 그 시기 이외에도 남자아이들이 오시는 냄새는 계속 나요 중성 아 안 된 남자 아이들은 그 냄새 맡고 갔다가 그 여자 애들 한테 물리는 경우 많아요 오디 서 올라와 막 이러면서 그래서 이런 것들을 듣고 나는 어나 중에 아프면 치료 해 줄래 여자애들 같은 경우엔 지금 그런 질병을 예방해 되지 않을 거고 어 나중에 아프면 치료에 2 거고 충분히 산책할 때 컨트롤할 수 있을 거고 어 일 년에 두 번 정도 시기 아이들의 성격이 좀 예민하게 반하거나 이런 것도 충분히 교육적으로 감수하면서 내가 잘 컨트롤 해 줄 수 있어 라고 한다면 중성화를 뭐 안해도 괜찮을 것 같아요 제 생각에는 근데 조심하셔야 되요 15세 막 열 살에서 15살 넘어가서 자궁축농증 유방암 걸리면 수술 하기도 어려울 수도 있습니다 그리고 나중에 나이가 먹어서 병원을 갔을 때 진료비가 높아질 수 있어요 왜냐하면 저도 일고 8살 이후에 아이들이 조금이라도 구토하고 설사 에서 오면 뭐 말씀드린다면 중성화 했어요 자궁축농증 이 워낙 많고 작은 축농증 은 정말 응급수술을 들어가야 되는 수술이기 때문에 이걸 확인 안하고 보냈다가 돌팔이 의사가 되는 경우가 많아요 그래서 무조건 초음파나 엑스레이 같은걸 보자고 말씀드릴 수밖에 없어요 여자애들 중에 충성 안 된 아이들은 이런걸 감소할 수 있다라고 한다면 숭숭 1조 말해도 될 것 같고 남자애들 같은 경우는 내가 정말 교육을 좀 열심히 해서 어 제가 아까 말씀드린 그런 부분들을 충분히 컨트롤할 수 있다라고 한다면 더 어가 감사 애들이 더 어려워 그래서 남자들 중 성아 비율이 더 높은 거예요 그 또 한번 고려를 해 볼 수 있어요 안 하는 걸 이렇게 중성화를 한다 안 한다 를 보자 보니 결정을 하셨어요 안한다는 분은 이제 더 이상 뭐 신경 쓰실 게 없는 거고 한다 그러면 언제 해야 되느냐 이게 또 이슈 에요,
5,https://www.youtube.com/watch?v=93xZNcmwdOg,93xZNcmwdOg,Patellar Luxation Prevention: From Walking Tips to Supplement Recommendations!!! Patellar Luxatio...,설채현의 놀로와 ,안녕하세요 강아지에 대한 궁금증을 솔직하고 복하게 알려드리는 독설 2b 설수현 수입합니다 태어날 때부터 3 4개 가진 아이들 그렇게 많지 않죠 웃긴 있어요 표현할 때 또 와 힘들고 어떡하지 진짜 빨리 스스로 해야겠는데 아 중에서 나와 됐다 애기가 슬개골 탈구가 있던 어떻게 해야 될까요 뼈가 다 성장할 때까지 우선 기다려야 어린 나이에 3 사기를 3기로 막 태어나서 요 수술 해야겠다고 선생님이 얘기 하시거나 그런 분명히 조금 더 뼈가 성장한 후에 수술을 하자고 말씀을 하실 거에요 그러면 슬개골탈구 있는 아이들이 이제 아까도 말씀드렸지만 3 사귀는 이거는 수 의사들 사이에서도 이견이 없어요 삼성이 는 그냥 수술을 해야 되요 이기는 수 회사들마다 조금 다를 수 있어요 근데 기본적으로 2기 일 때 한번 딱 갚아야 했다 많이 아파 지 않는다 그러면 약먹고 조금 지켜보는 거고 2기 임에도 많이 아파 하면 스스로 하는 거예요 일 얘기는 수술 안하고 삼성이 는 무조건 수술이다 그런게 아니라 2기 때도 애들이 아파하면 무조건 수술을 해야 되요 그러면 아파하지 않는 1 2기 아 이게 나중에 3 사기가 될 수 있는데 우리 아이가 이게 더 이상 발전되지 않게 잘 예방하려면 어떻게 해야 되냐 1기 2기 에서 더 이상 진행하지 않도록 하는 겁니다 아니야 이건 병원이라 상관없어 기도 좋아요 아빠 아 또 뭐있을까요 아니야 지금 1기 얘기도 맛사지도 할 필요 없어 아 [음악] 첫번째로 가장 중요한 건 살피는 안됩니다 탈지면 무너지는 건 물이랑 똑같아요 무너지는 건물 위해 무거운 거 계속 싸우면 더 빨리 무너져요 그래서 1 2기 아이들도 살찐 아이들이 훨씬 더 빨리 3기로 넘어갑니다 절대로 우선 살찌지 않게 하고요 그리고 바닥에 매트 진짜 중요해요 우리나라 아파트 바닥 뜰은 강아지들 한테 너무 안좋아요 미국은 주로 이제 카페트 같은걸 많이 께 많이 깔아서 그렇게 미끄럽지 않은 데 우리나라 같은 경우에는 이게 이제 청소하기 쉽게 마룻바닥 으로 너무 미끄러워서 애들한테 정말 진짜 안좋아요 꼭 우리 강아지들이 아이들이 돌아다니는 공간에 미끄러지지 않도록 해주시는 게 좋고 그리고 산책할 때 저희 수의사들이 가장 많이 말씀드리는 계단 오르고 내리는 건 너무 많이 하자 개당 오르고 내리는 것을 너무 심하게 하지 않고 조금 계단이 너무 많다 좀 보자 분들이 좀 앉고 이동을 해 주시는게 좋구요 3 나게도 나왔었지만 스낵을 마사지가 있어요 근데 이런 것들도 어 아주 조금 더 이상 아파하지 않고 도움을 주는 거지 조금 덜 아프다고 도움을 주는 거지 절대로 3기 4기 아이들한테 이게 해결 방법이 될 수는 없으니까 마사지 같은거 는 채널의 영상을 참고 하시는게 좋겠죠 3 4 새 크게 영상을 첨부해 주시면 될 것 같아요 [음악] 관절 영양제 같은 경우에는 자 원리가 뭐냐 하면 대부분의 관절 영양제 가 슬개골 탈구가 생겼어요 그래서 뼈가 기 틀어 줬어요 이렇게 움직이면 지금 여기 나온 것처럼 여기가 빨개지고 다치고 염증이 생겨요 이런 염증을 줄여주고 빨리 회복하게 해주는 게 관절 영양제 에요 가 제가 말씀드리는 게 무너져 가는 건물의 금강 걸을 봐서 기둥 무너져 있는데 금강 거에 시멘트 놓고 페인트칠 하는 거 그게 영양제를 먹는 거라는 거죠 결국에 근본적인 치료는 되지 않아요 그리고 음 오히려 슬개골탈구 수술 보다 관절 영양제 효능에 대한 효능이 있다 없다가 더 얘기가 많아요 관절 영양제 같은 경우에 지금까지 그래도 관절 영현대 중에서 가장 효과가 있다라고 나온 것은 녹색 립 홍합 에서 추출된 오메가 쓰리 가 관절의 소염 작용에 효과가 있다 라는 얘기가 있고 뭐 글루코사민 큰 들의 콘드로이틴 이런 것들은 어떤 사람들은 어떤 과학자들은 효과있다 어떤 과학자들은 효과 없다 되게 왈가왈부 가 많은 부분입니다 그래서 관절 영양제 가 효과가 없다 라고 얘기를 은 할 수가 없고 어느 정도 효과는 있을 수 있지만 우리 아이가 슬링을 3 긴데 관절 00 대로 유지하겠다 이런 건 아니에요 절대 불가능합니다 아대 발에 결국에 발 털 많으면 잘 미끄러지지 않아요 근데 이것도 사실 산책 많이 지켜 주시는 분들은 특히 이제 산책을 잔디 보다 센 바닥에서 시멘트 바닥에서 해주시는 분들은 이발 털이 거기에 이렇게 마찰하면서 조금 조금 쉽게 날라가서 발 털이 수북한 지 않은 경우들이 많아요 산책을 많이 하지 않거나 아니면 신발을 신고 하거나 아니면 이런 장기 로만 다니는 아이들 같은 경우는 발톱이 이렇게 수캐 지는 경우가 있고 이게 및 가뜩이나 미끄러운 우리아파트 바닥에서 훨씬 더 다리를 잘 미끄러지게 하고 미끄러질 때마다 얘네들이 빠지면서 왔다갔다 하게 하는 그래서요 기술력을 타고르 더 심하게 한 요소가 되기 때문에 발바닥 털은 잘 관리해 주시고 깎아 주시는게 좋습니다 대신에 너무 안쪽까지 막 이렇게 깊숙히 깍듯이 필요는 없어요 되냐면 그 턴에 보호하는 발 안쪽을 보호하는 역할을 하고 있는데 안쪽까지 미용실에 가서 이렇게 하면은 여름에는 좋기는 하지만 평소 때 너무 집에서 이렇게 하다보면 상처도 나고 발바닥 안쪽에 잘 못 지켜 주는 경우도 있기 때문에 너무 깔끔하게 자르지 않고 발바닥 패드 바깥으로 나오는 것만 집에서 정리를 해 주시는게 좋습니다 [음악] 어우 서는 운동이 적당한 운동은 812 슬개골 탈구의 상당히 도움이 되요 그 예를 들어서 1 2개 정도 되어 있는 아닌데 이게 빠져요 빠지는데 u 주인 근육이 많이 있겠죠 그래서 적당한 운동으로 근육을 좀 튼튼하게 해주고 이건 다인 되잖아요 인재들이 좀 튼튼해 지면 어 단단하게 좀 잡아주면서 도움이 되는 경우들이 있어요 근데 3 사귀면 오히려 이제 운동을 많이 할수록 더 있어 기둥 무너져 있는 걸 계속 쓰게 만드는 거기 때문에 심한 운동은 문제를 더 악화시킬 수가 있습니다 아 쪽에 근데 저는 보조기는 사용할 수 있으면 좋다 라고 생각하는데 그걸 평생 할 수 없잖아요 보조기 그리고 애들이 보조기 키면 가만있을 까지 내가 아는 한 어 반 이상의 아이들은 보조기 다 풀어 뜰 거에요 왜 칼라 쓰지 않으면 내 다리에 뭐 밖에서 달려있어요 그러면 같은 너무 또 그 얇은 옷도 있기 싫어하는 아이들에게 다물어 쪽은 야 그래서 부족 일을 하면 도움은 될 텐데 애들이 이거 를 넣어 다리가 이거 자꾸 아파질 수 있으니까 보조기를 할 거야 라는 걸 이해하지 못하기 때문에 음 많은 아이들이 좀 삼아 내지 못하는 경우들이 있습니다 [음악] 아 저도 그 수술 하기 싫어하시는 마음에 또 그냥 예전에 진력을 땐 몰랐는데 보자 이쪽에 생각을 하니까 이거 하고 않았더라구요 저라도 걱정 많이 하고 수술이란 것 자체가 마취 걱정도 있고 진짜 만에 하나 라고도 하지만 수 수술 하다가 사고가 나는 경우도 있고 하기 때문에 정말 걱정이 되는 건 많은데 뭐 지금 뭐 침 치료도 있고 헤어 침 치료도 있고 한데 이게 저도 한방 치료 하시는 분들의 랑 이렇게 만나서 얘기를 많이 해보지는 않았지만 3기 4기 막 넘어가고 싶 만큼 심각한 아이들은 이런 한방치료를 제 생각으로 쉽지는 않을 거라고 생각을 합니다 계속해서 반복적으로 설명 드리지만 벌써 구조가 무너져 있는 상태이기 때문에 그 구조를 다시 올바르게 만드는 04 그리고 수술이 필요한 거죠 이것은 지금 계속 일 이기에 맞춰서 말씀드리는 겁니다 아마 3 4기 때는 벌써 무너져 있기 때문에 나빠질 일 밖에 안남았다고 보셔도 될 것 같고 1 2기 때 조금 더 근육을 강화시키고 임대를 강화시켜서 8 수 그리고 슬개골이 크게 무리를 안주는 운동으로는 수영 만한게 없죠 4 수용 만한 게 없고 수술 후에도 어 손님들이 수영할 수 있으면 하라고 분명히 말씀을 하실 거야 그래서 뭐 사람도 마찬가지지만 크게 부활을 받지 않으면서 근육이나 인대를 강화시킬 수 있는 수영 같은 운동이 있고요 그래요 는 그런 것도 있어요 아토피 카 [음악] 도쿄의 택했어요 그렇죠 사람처럼 와 uk 이런 운동 한 게 아니라 어 흔들거리는 0 같은데 올라가서 균형을 잡는 거예요 보통 슬개골 탈구가 있어서 이제 여기가 조금 아프기 시작하면 애플이 찍어보는 아이들이 아픈 다리 근육은 많이 쫄아 들어 있죠 반대쪽 중문 커져 있어요 그러다 보니까 안쓰는거 계속 안 쓴단 말이에요 그런데 좀 흔들거리는 0 같은거 위에 올라가게 되면 애들이 균형을 자 피려고 안 쓰는 곳을 조금조금씩 쓰면서 균형이 좀 맞아 지는 경우 들이 있어서 그런 도 피트니스 도모 재활이 나 이런데 상당히 도움을 줄 수 있습니다 음 슬개골탈구 후에 관련된 궁금하신점은 어 어떤 병원이 좋아요 만 빼고 댓글로 남겨주시구요 구독과 좋아요 잊지마시고 다음번에 더 좋은 정보로 찾아뵙겠습니다 안뇽,
6,https://www.youtube.com/watch?v=92EByzD_Dt4,92EByzD_Dt4,What to do when your dog has a foreign object stuck in their throat?!_The Heimlich maneuver saved...,설채현의 놀로와 ,그 아내에 대한 정보를 도 카도 솔직하게 알려 드리는 독설 tv 설치 운 수 있습니다 오늘은 의학정보 우리에게 꼭 빚어 필요한 우리가 꼭 알고 있어야 될 응급처치 중의 하나인 하임 2회 법에 대해서 설명드리도록 하겠습니다 볼이 pd 님이 4 할미 법을 모른다고 해서 제가 제가 직접 보여 드리도록 하겠습니다 안에 한번 나오세요 진짜 모르는 거야 예 아 영어로는 he i am li ca 파인딩 하인이 10월 내 하인이 씨가 만든 것 같죠 왜 하 이미지가 만들어서 하인이 법입니다 [웃음] 계획이 앞에 번 써보세요 그리고 이렇게 안고 으 4 어느새 세계 난 할게요 아 아 아 아 아 뭐 어 그쵸 약간 제 생산 해 줘 아 크진 않죠 아 예 뭔가 꼭 되죠 어 그렇죠 다시한번 오 오 오 오 오 오 오 오 오 x 에 하고 그 우리우리 경리 비서 냥 없었잖아요 여기는 쪽만 차리고 조금만 속이고 진짜로 이 거리 엄마는 아니 앞으로 리얼 반응을 해 줘야 돼요 벌써 기 op 얻게 포 많아서 거야 아 아 이건 더 쎄게 내는게 8미 버려야 이걸 왜 해야 되는 거냐 이거 안하면 죽어요 아 아 이거 안하면 죽어요 지금 요기가 앞으 든 뭐 조금 갈비뼈 거 뭐 안 풀어지게 하면 가장 좋겠죠 근데 이거 안에서 안함 이걸 안하면 죽는 거예요 왜 기도의 무언가 막혔을 때 하는 것이 하인리히 법입니다 4 그렇죠 그래서 진짜 진짜 좋은 짐 소형견 하는 방법을 알려드릴께요 대응하는 방법은 방금처럼 하면 되요 아 아 아 아 [웃음] 4 들여서 리트리버 있는 주름이 만 했죠 이렇게 들어서 손은 요기로 요기로 보면 배 애가 있고 순간이 있잖아요 그 사이에 넣어서 세계 꽉 눌러 주면 되요 그러면 꼭 켜면서 마킹 게 콩콩콩 하고 나오게 되는 거죠 손 이렇게 이렇게 해도 되고요 뭐 이렇게 조조 뾰족하게 만들면 되요 되게 안타까운 일이 한 번 있었어요 조금만 치와와 가 베란다에서 몰래 가족들 떡을 빼서 먹다가 보호자가 이렇게 얘기한 거죠 또 뭐 해 그럼 애들이 보통 어떤 반응을 보일까요 삼켜 버려요 4 삼켜 버려요 그랬는데 기도의 찹쌀떡이 낀 상태로 이하인 입법을 몰라서 병원 왔을때 이미 무지개 다리를 건너 써요 근데 우리가 이것만 알고 있어도 혹시라도 목에 어깨 었을 때 살릴 수 있습니다 뭐가 많이 낀 야 뭐 떡도 낄 수 있구요 사람 음식 많이 끼고 요 그리고 가끔 개껌 줄 때 저는 이 개껌 좋다니 만 해주면 더 리 라고 하거든요 먹다가 자기도 모르게 삼켜서 걸리는 경우가 있어요 이런 것 때문에 기도가 막혀서 무지개 다리 건너는 경우 진짜 말도 안되게 무지개다리를 건넌 경우가 있는데 우리가 간단하게 이 방법만 알고 있어도 우리 아이들을 살릴 수 있습니다 우선 하임 입법을 하기 전에 어 목에 뭔가 걸린 아이들의 행동들을 보면 아예 한다거나 갑자기 입주 이는 마 그기 시작합니다 입주 입과 목을 많이 이렇게 그렇게 시작한 다거나 그리고 우리 배웠죠 강아지들의 건강상태 체크하는 데 딱 봤더니만 여기 허옇고 혀는 퍼 로코 이러면 목에 뭔가 걸려 쓸 수 있어요 그럼 가장 먼저 뭘 해야 될까요 할미 법을 하기 전에 입을 벌려서 안쪽을 봅니다 조심해서 많이 뺄 수 있을 때 빼요 4 목배게 따 그러면 한 입법을 하기 전에 이때는 들어요 뒤 딸이 들고요 터 세요 꺼꾸로 들고 막 타세요 앓으면 죽어요 하면 죽을 수 있기 때문에 이렇게 해서 이렇게 타는 경우도 있는데 안 되면 그게 아예 들어서 팍팍 털어 요 대신에 이제 보호자는 사이가 좀 나빠질 수 있습니다 예 그래도 생명이 우선 이잖아요 이제 이게 안 된다 이렇게도 안된다 그러면 아까 사람의 해서 했던 하임 입법을 해야 되요 그런데 좀 너무 작죠 뜨거 이고 히로키 목회 이고르 예 안되잖아요 그래서 아 높입니다 꼬르 줘 그래서 보시오 조금 뒤로 눕히고 손 바닥으로 배에서 중 각 쪽으로 그냥 쌔게 이러 거에요 대학 끔씩 뒤로 꺼꾸로 해서 중력을 이용해서 내려오게 간단해요 털거나 아니면 여기서 계속 그냥 손가락으로 해도 되어 흉 각 쪽으로 그냥 빡빡 밀어 넣어요 [음악] 등을 파악 춰도 되요 그니까 너무 법을 외우려고 하지말고 제가 강조 드리고 싶은건 목에 뭔가 막혔다 겁먹지 말고 우석대 나 겁먹지 말고 무 어떤 방법을 써서 든 우선 빼라 정석적인 방법은 아까처럼 눕혀놓고 배 쪽에서 흉강 쪽으로 밀거나 아니면 이 상태에서 우리가 이거 풀 베러 행위 라고 하거든요 집을 친다거나 중력에 의해서 나오게 한다 거나 배를 압박해서 나오게 해 주면 됩니다 그리고 나오고 나서도 따오고 나서도 병원 한번 가세요 혹시 남아있는게 있다거나 뭐 엑스레이를 찍거나 확인을 해야 되요 많아 3 분이에요 그래서 이것 때문에 항상 얘기하는 게 껌은 사람 없을때 주는 게 아니에요 [음악] 이것 때문에 뭔갈 부피가 있는 간식이나 장난감들은 사람 있을 때만 줘야 됩니다 혹시라도 막히면 이런 응급처치를 할 수 있게 하기 위해서 4 대 은교는 사람과 아까 사람 했던 거랑 비슷하게 할 수 있는데요 아 이 상태에서 살짝 고개가 밑으로 떨어지게 해서 아 아까 처럼 뾰족한 부분을 만들고 들어올려서 내 몸 가 붙인 다음에 꼭 눌러주면 아까 우리 pd 님 의 반응 처럼 어 하면서 나오는데요 1 4 5 번 반복을 하고 이 안쪽으로 음식물이 나왔는지 한번 확인해 보시는게 좋습니다 오늘은 목에 무언가 걸렸을 때 응급 처치할 수 있는 하인이 법을 알려드렸는데요 다음번에도 이런 응급처치 방법 4 응급처치 방법들도 꾸준히 우리보다 님들이 아이들을 살릴 수 있도록 꾸준히 알려드리도록 하겠습니다 다음번에도 좋은 정보로 찾아뵙도록 하겠습니다 안녕 사직서 로써 다시 뱉어 4 아 아냐 집 어플보다 집으로부터 지금 아 이거 다닐 수도 있어 우리만 재밌을 수가 있었어 아 아 그 3,
7,https://www.youtube.com/watch?v=7t6sA9edH2Q,7t6sA9edH2Q,"[Sul Chae-hyun Veterinary Medicine] A tick bite dog, if you don't do this, you die!",설채현의 놀로와 ,아 오랜만에 하려니 되게 어색하고 떨리네요 4 강아지에 대한 궁금증을 어떻게 풀어 드리는 거죠 으 그치 아 솔직하고 독하게 알려드리는 4 독설 db 설치 은 수 있답니다 우선 죄송하다는 말씀부터 좀 되고 싶은데 저희가 또 다시 저 때문이죠 여러가지 스케줄과 상황 상 되게 꾸준하게 올리지 못하고 공백기가 좀 길었어요 근데 이제 부터 조금 더 어 좋은 정보들을 꾸준하고 빠지지 않고 잘 올려 드리도록 하겠습니다 [음악] 네 오늘 가장 처음으로 말씀드리고 싶은게 어 사실 저희 병원 같은 경우에는 지금 제가 행동 상당 위주로 하고 있다 보니까 음 저희 병원에서는 제가 직접 보지는 못했는데 재치 아니면 수의사가 아닌지 아니면 제 수의사 지인들 중에 요즘 1 이것 때문에 아이들 막 무지개 딸이 무지개 다리를 건널 뻔 하거나 아니면 무지개 다리를 건넜다 라는 얘기를 좀 들었어요 많이 들어서 아무래도 지거 빨리 올려서 우리 여러분들 혹시라도 이런 일이 일어나지 않게 하기 위해서 말씀을 드리는 건데 바로 직능 입니다 음 다들 아시죠 4 진드기를 예방하기 위해서 많은 분들이 지금 한 달에 한 번씩 예방을 하고 계시는데 막 진짜 많은 분들이 진드기 붙는거 아침 들기가 되게 징그럽게 생겼으니까 벌레가 우리 강아지 몸에 붙는 것 이것이 로 하세요 근데 저는 그게 문제가 아니에요 진드기 그 무섭게 생기고 징그럽게 생긴 벌레가 우리 반려견 들 몸에 붙는 게 문제가 아니라 붙어서 피만 빨아 먹으면 그 큰 문제는 되지 않습니다 그런데 이 진드기가 옮기는 질병이 있어요 그리고 그 질병이 한번 걸리면 부족의 다리를 건너거나 안에 최유 하는 과정이 너무나도 비용도 많이 들고 힘든 경우가 있습니다 진드기가 올리는 질병 중에 요즘 정말 위험하고 많이 보이는게 밥에 c 하층 이라는 거예요 밥에 시요 그래서 이 밥에 c 학생의 걸리면 어 빈혈이 일어납니다 여러분들이 만약에 진드기 예방약을 까먹고 먹이거나 발라주지 않았다 그런데 어느 날 산책을 하고 왔는데 우리 아이가 갑자기 밥도 안 먹고 힘이 쭉 빠지는 것 같은데 입술을 이렇게 딱 들어봤더니 색깔이 사람이랑 비 스 트 웨 어 저 이런 색깔이 나와야 돼요 익년 색깔이 근데 이 몸 색깔이 쎄 하얗다 아 그러면 빨리 큰 병원 아니면 주의 병원 다 전화해서 수열 했는지 수열 되는 병원이 있는지 아니 웃어 이런거 확인하기 전에 빨리 24시간이 등 어디든 병원을 가서 혈액검사를 해 보고 빈혈이 있고 빈혈 수치가 정말 낫다라고 한다면 어 선생님들이 나 아니면 모든 데 전화를 돌려서 수열이 되는지 확인을 해보시고 빨리 수혈을 받아야 되요 근데 사람의 수열과 다르게 사람이 수리점을 마진은 잘 모르겠어요 대 강아지들은 음 수열 비용이 엄청나게 비싸요 진짜 보통 몇십만 나와요 그런데 그 한 팽만 가지고 안될수도 있어요 그러니까 이거 한 달에 만 얼마 하는 만 얼마 에서 뭐 조금 비싸게 하면은 만 2만원에서 3만원 나올 수도 있는데 몸무게 따라서 다르지만 그 예방 약 안 발라 줬다가 우리 아이가 무지개 다리를 건너거나 치료하는데 엄청나게 많은 더 쓸 수가 있습니까 돈이 문제가 아니라 우리가 죽을 수 있잖아 이거는 그대로 두면 진열 때문에 죽어요 그래서 꼭 한 달에 한번 예방을 해 주셔야 됩니다 가끔 인터넷에 보면 음 이런 외부 구충제 외부 기생 중에 악진 득이 예방 양 아니면 심장사상충 약 에 대해서 이 약들이 독하고 안 해도 된다 라고 하시는데 이게 절대 아니에요 이거 진짜로 그 사람들이 무책임한 얘기하는 거예요 그런 얘기 해서 강아지들이 밥에 시아 1 심장사상충 걸려서 무지개 다리 건너 그 사람들이 책임질 껌 그쪽 그러면 그 그런 얘기 하라고 할 수 있을 것 같아요 어 이것도 약이기 때문에 어느정도 부작용이 있는 강아지들도 있어요 하지만 지금 동물 병원에서 쓰는 심장사상충 약 이나 외부 기증 중략 같은 경우에는 우리나라에서 쓰이기 전부터 아주 오랜 시간동안 안전하게 쓰여 왔고 그런 어 데이터들이 쌓여 있기 때문에 인터넷에 나오는 그런 뭐 이런것들 하면 좀 진짜 제일 어이없었던것 게 뭐 외부 기생충 약을 발랐더니 뭐 개가 죽어서 바닥에 묻었는데 다 중에 파 보니까 썩지도 않아 떠라 말도 안되는 얘기입니다 말도 안되는 얘기니까 그런 말 믿지 마시고 제가 그리고 많은 수의사들이 오히려 심장사상충 이나 이런 진드기 로 인한 밥에 시아 층을 보고 오히려 저 한 달에 한 번씩 겨울도 빠지지 않고 진짜 꾸준하게 발라줘요 왜 겨울도 하느냐 진드기는 사실 지금 가을을 해서 참 진드기 되게 좀 위험한 진드기 들이 많이 있고 하지만 계절에 상관없이 있어요 즉 이들은 계절에 상관없이 있구요 특히 또 저는 심장사상충 약도 겨울에도 하는 이유가 음 요즘 새로운 목이 종이 보고가 됐어요 그 보기 이름이 lee 인가 뭐 그게 한국 이름이 붙을 뻔 하기도 했구요 엘레베이터 몫 이라고 신뢰가 따뜻하니까 겨울에 엘레베이터 안에서 사는 목이 들까지도 보고가 됐어요 그리고 지금 더 중요한 게 바퀴 추우니까 모기들이 자꾸 안으로 들어와요 집 안쪽으로 예전엔 그냥 밖에서 살다가 그래서 저는 어 겨울에도 계속 심장사상충 도 예방해주고 외부 기생충 도 예방을 해줍니다 아무리 생각을 해도 한 3달 그렇게 하면 돈 조금 더 나오긴 하겠지만 혹시라도 우리 아이가 밥에 시 1 심장사상충 에 걸려서 쓰는 병원비 보다는 에 만약에 그거 걸리면 제가 수 2선 데도 부담되어 예 워낙 7 어깨가 빨리 나올 수 있기 때문에 그래서 지금 이 시기에 음 더 빠지지 말고 잘 확인해서 우리 아이들 심장사상충 과 외국에서 왼쪽 내부 기생충 을 잘 챙겨 주시는 게 좋습니다 [음악] 어 진드기 약도 되게 종류가 많아서 보호자 분들이 좀 혼돈 되시는 경우가 있어요 지금 뭐 그냥 얘기해도 레볼루션 얻어 부키 프론트라인 그리고 브라 백토 그리고 맥스 가득 이게 이제 외부 기생충 양만 따져도 어 요 요 중에 심장사상충 가 외국 인생 중에 같이 되는 것들도 있지만 벌써 이제 많이 쓰는 것들이 5 개 정도 되는데요 어 중요한 건 뭐냐면 이 5개의 외부 구충 외부 기생충 을 예방할 수 있는 범위가 좀 달라요 범위가 좀 다르기 때문에 이 약간 우리 강아지의 산책 패턴이나 생활 패턴에 따라서 선생님과 상의해서 왜냐하면 당연히 넓은 범위 일수록 비싸야 여러분 고민이 수로 비싸고 따로 심장사상충 이란 외부 기생충 따로 할수록 비싸고 그렇기 때문에 선생님과 좀 상의를 해서 약을 결정을 하시는게 좋아요 그리고 이 약 같은 경우도 먹는 약이 있구요 바르는 약이 있어요 이것도 장 단점이 있습니다 우선은 먹는 약 같은 경우에는 피부 자극은 없겠죠 바르지 않으니까 그래서 뭐 피부 자극은 없는데 어떤 아이들은 안먹어요 마석 딱 보통 맛있게 나오기도 하는데 임마 까다 본 애들 안 먹으니까 그런 애들은 발라 주는 걸로 하는 게 좀 편하구요 대신 발라 줬을 때는 가끔 부작용으로 많은 아이드 진짜 극소수의 아이들이 털이 빠진다 거나 좀 부작용을 보이는 경우가 있어요 그러나 이들은 먹는거 쪽으로 가져야 되구요 어 비교표를 보시면 사실 이거 살짝 보게 될텐데 뭐 조이고 이 제품들 중에 그 어느 국가도 0 1 페이지 않습니다 넥스 가서 스펙트라 같은 경우에는 먹는 이야기 입니다 먹는 양이 구요 어 먹으면 한 달 동안 심장사상충 과 외부 기생충이 같이 예방되는 이야기에요 먹었을 때 보면 진드기 류가 상당히 많이 되죠 진드기 료 진드기 이루가 지금 보면 옆에서 다른 제품들이 랑 비교를 해봐도 어 조금 더 넓습니다 범위 자체가 하트 가든 심장사상충 저 니까 이건 진드기가 안되는 게 당연해요 이건 심장사상충 만 되는 이야기예요 4 레볼루션 이나 애드버킷 같은 경우에는 심장 사상충 과 진드기 예방 을 같이 해주는 약인데 어 요즘 좀 문제가 되는 이런 참 지인들이 같은 경우에는 사실 어 x 가드가 지금 가장 잘 잡아줄 수 있다라고 얘기하고 그래서 저같으면 음 조금 산채 코스가 좀 산이나 수풀 바이럴 때 잘 파고 들고 진드기가 정말 많을 수 있는 공간에 다니는 아니다 라고 한다면 음 렉스 가져 스펙트라 너 아니면 하트 가드와 브라 백토 조합 림프액 토가 없어요 그라 백토 조합으로 해서 먹이시는 게 조금 더 이런 요즘 생기는 밥에 시 1 이런 것들을 예방하는데 좋지 않을까요 도모 특정 제품을 얘기 1 4 그래도 그리고 산책 코스가 도시 위주다 도시 위 주고 왜냐 뭔데 그렇게 하면 가격이 비싸요 그래서 도시 위 주고 조금 숲을 같은데 많이 안 간다 그러면 레볼루션 이나 얻어 키 그 먹는 거 싫어하고 조금 안전성 으로 조금 더 걱정이 된다 그래도 거미는 어느정도 좀 되면 좋겠다 그러면 카트 같은 프론트라인 조합으로 가셔도 괜찮을 것 같아요 질문 없죠 지금 전혀 없습니다 아니 이거 안먹고 풀 맛이나 이런 난감한 되는겁니까 근데 안가게 쉽지 않 강아지들은 결국 냄새 맡고 싶어 하고 화단에서 뭐 아파트 단지 안에 있는 화단에 도마 이렇게 가기도 하고요 요즘 아파트들이 조경이 워낙 잘 되있어서 어 안간다고 하 한다고 하더라도 안심할 수는 없어요 제가 말씀드리고 싶은 것은 이렇게 제품들 마다 범위가 다르고 강아지들의 산책 스타일이나 생활 스타일에 따라서 조금씩은 달라 도 되고 돈을 조금 더 쓰거나 좀 아낄 수 있다 이걸 말씀드리는 거고 거기에 맞춰서 꼭 어 수의사 선생님 과 궁금하시면 한번 상담을 하신 이후에 우리 아이한테 가장 잘 맞는 제품을 선택하시는게 좋을 것 같습니다 공업 아르노 되어 있는 거예요 4 0 손을 그러면 다른 언어 문제를 봤어요 근데 아니 아니야 이렇게 원리 더 생각해 볼게요 그래서 돌아오고 있는 거죠 네 이렇게 군내 오늘 얘기할 겁니다 아니 아니야 아 물리 기존의 바르는 거죠 아 어 한군데만 바르면 되요 5 보통은 목 주위에 발라요 왜 목뒤에 바른 야 할지 못하여 할지 못하게 목 뒤에 발라도 되요 네 몸에 흡수가 되서 한 달 동안 생각해 봤어요 피부 지질 층을 통해서 이렇게 한 달 동안 돌아다니면서 어찌 2기가 물렸을 때 사실 조심하 쉽게 있어요 이거 오해 하시면 안되는게 으 그러나 예 이런 약을 발랐다고 아니면 먹었다고 쯤 대기가 안 붙는 게 아니에요 진드기 안 붙는 게 아닙니다 이런 약들의 주목적 뭐냐면 아까 말씀드린 바 레 시아 같은 것들이 어 진드기 몸 안에 있다가 진드기가 강아지를 불었을 때 넘어오지 못하도록 하려고 하는 거예요 얘네들은 물었다가 쇼비 쓰면 죽어서 떨어져요 그것도 하루 하루 안에 또 하루 안에 우리가 예방을 잘 해놓으면 물었다가 조금 있으면 놓고 떨어지는데 어 중요한 건 가끔 이제 이걸 바로 그냥 때 시 려고 하면 어떤 문제가 있을 때냐 많은 분들이 거에요 제가 아까 처음에 말씀들이 진드기를 징거 로 하고 진드기가 잘못된 뭔 줄 알아요 하지만 그게 아니에요 진드기가 징그러 오니까 바로 얘를 띄고 싶어 하신다는 말이에요 근데 진짜로 아마 짜 보시면 아실 거에요 뛰면 뭔가 좀 이상해요 앞이 떨어진다 4 이빨은 튜브의 박혀 있는 경우가 감당 봤어 그러면 그 이 부분은 요 안에 박혀서 염증을 일으키거나 문제를 일으킬 수 있으니까 이것도 뭐 웬만하면 은 좀 기다려 보시거나 근데 또 이게 문제가 뭐냐면 내가 어떤 제품을 했느냐에 따라서 예를 들어서 레볼루션을 했다 근데 여기서 게 참 진드기가 불었다 만 죽는 거예요 그러니까 기다려도 안 좋을 수 있어요 그래서 이런 부분도 좀 고려 해야 되서 상당히 복잡합니다 그런데 복잡하기 때문에 어 만약 물린 걸 확인을 하면 왠만하면 병원가서 선생님 가 좀 상의 하에 하시는게 좋구요 뭐 고통 이렇게 또 뛴다고 큰 문제가 발생되는 경우 반대 저는 이제 그것 때문에 걸러 집안은 인한 염증이 돼서 여기 이렇게 총 부어 오르는 경우는 한번 봤었어요 그 한 예 근데 좀 기다려 가야죠 그 소금 아 알 쏘홈 기록했을 때 뭐 있는데 소금 게 표현합니다 아 어 뭐 좀 싫어할 것 같기는 한데 다 처음 들어 혹시 됐어요 실화에 파크 삔 데 으 m 인간 요법으로 형 거 같긴 한데 지금 그렇다고 막 쓰지 마세요 그래서 사용하는 거예요 네 우선 아닌걸로 한번 확인해 보겠습니다 지금 가끔 이 진드기 역 그 에프킬라 같은거 강아지 시골에서 이 몸에 뿌린 경우 있어 진짜 나쁜 거예요 개 죽어요 진짜 조심 하셔요 다시 한 번 꼭 지금 더 요즘 살짝 많이 하시잖아요 다시 좋으니까 산채 더 많이 하실 때 한 달에 한 번씩 내부 기생충 하는거 잊지 마시고 우리야 될 우리 아이들의 건강을 지켜 주시면 좋겠습니다 네 다음 번에는 더 좋은 정보로 찾아뵙도록 하겠습니다 안뇽 저동 피곤해 보이나요 으 [음악] 222 으 으 으 으,
8,https://www.youtube.com/watch?v=ADoEADVaK3k,ADoEADVaK3k,"강아지의 ""나 아파"" ! 알 수 있는 방법이 있다고요? 🤕 | 반려견 건강적신호 15가지 | 설채현 행동학 수의사",설채현의 놀로와 ,"내가 아프면 어떻게 한다고요 더 방어적으로 돼요 그리고 이런거 보이기 싫어서 톡 본격적인 모습을 보이기도 해요 [음악] 우리 아이들을 위해 놀러 와 함께하는 유익한 시간 설치는 수 있습니다 이번 시간에는 모든 분들이 꼭 알고 계셨으면 하는 주제 강아지가 딱 한 마디만 할 수 있으면 여러분들은 어떤 말을 했으면 좋겠나 요 저는 수 의사로써 그리고 보호자로서 많은 분들이 동감 하실텐데 아마 나 아파요 입니다 강아지들은 우선 많이 갖추 카라가 되고 반려동물로 써 지나가 되기는 했지만 원래 유전적으로 가지고 있는 성향 야생의 성향을 가지고 있는 경우도 있어요 그중에 하나가 뭐냐면 바로 통증을 숨기려고 하는 성향 입니다 우선 특히 강아지들은 물이 동물이 잖아요 내가 아프다는 걸 너무 표현하게 되면 이 무리에서 도태 가 될 수 있구요 또 하나는 천적으로 부터 공격을 당할 수도 있습니다 아무래도 그렇겠죠 사람도 누군가 랑 싸우고 있는데 그 사람의 약점이 보인다면 어떻게 하겠어요 더 그쪽을 공략 한다거나 되게 우습게 봐서 더 자신감이 생긴다거나 하겠죠 그렇기 때문에 강아지를 포함한 대부분의 동물들이 이런 통증을 숨기려고 하는 경향이 많아요 그러다 보니까 결국에는 이 강아지도 힘들고 보호자는 모르고 있다 나중에 치료하려고 보니까 훨씬 더 경제적으로도 그리고 뭐 시간적으로도 올해 아니면 더 많은 돈이 되게 되고 또 수 의사들은 좀만 더 빨리 갔으면 이렇게까지 않을 수 있는데 라는 아쉬움을 가지게 되는거죠 결국에 강아지들이 통증을 보일 때에 그 초기 증상이나 평소에 다른데서 알려주지 않았던 통증의 증후 들을 알고 있다면 우리가 훨씬 더 빨리 대응을 하고 치료도 잘 될 수가 있습니다 그래서 오늘 아마 다른 곳에서 알려주지 않는 요소들도 좀 있을 거에요 통증의 중 우결 5가지에 대해서 말씀드리겠습니다 우선 첫번째는 미끄러운 바닥에서 잘 걸으려고 하지 않는다 입니다 제가 3 나게 를 하면서도 한두번 정도의 케이스에서 만났던 것 같아요 첫번째는 치와와 친구였는데 미끄럼방지 매트를 깔아 놓은 곳에서만 걷고 그 밖으로는 전혀 나오려고 하지 않았어요 이 친구는 슬개골탈구 로 인한 염증으로 진단이 됐었습니다 그리고 가장 최근에 만났던 친구 는 꽤 많이 이슈가 됐었어요 블랙 래브라도 리트리버 설이 라는 친구에요 이 친구는 어렸을 적에는 정말 활발하게 잘 돌아 다녔는데 나이가 들면서 분명히 활 말 하기는 한데 미끄럽지 않은 것으로만 더러 다니려고 하는 모습들을 많이 보였어요 근데 결과적으로 이 친구도 양쪽 십자 인대의 파열 진단을 받았었습니다 왜 강아지들이 미끄러운 바닥에서 잘 걷지 못할 때 왜 더 의심을 해 봐야 될까요 우선은 사람은 발바닥에서 땀이 납니다 발바닥에서 땀이 나기 때문에 걸어다닐 때 더 잘 안 미끄러질 수 있어요 근데 이렇게 얘기하면 많은 보호자 분들이 또 이렇게 얘기 하실 거에요 꼭 강아지 발바닥에서 땀이 나는데요 일단 납니다 그런데 이 지면과 딱 붙는 패드에서 땀이 나는 게 아니라 패드 사이사이에 있는 사람으로 오면 6 이겠죠 요기 요기 엑소가 땀이 나요 사실 강아지들은 온몸에서 땀이 나는 것이 발바닥 밖에 없어요 만약에 우리가 강아지가 온몸에서 땀이 난다면 같이 살기 좀 힘들었을 거예요 매일 목욕시켜 줘야 되잖아요 오늘 냄새도 많이 날 거고 피부병도 반이 생길 거야 털이 있어서 다행히 강아지들은 2 8 바닥 사이에서만 땀이 나는데 패드 까지 이렇게 축축하게 적셔줄 지는 못하기 때문에 아무래도 더 미끄러울 수 밖에 없습니다 이렇게 미끄러워 도 대부분의 강아지 2 관절의 통증이나 문제가 없는 아이들은 개발로 다니기 때문에 잘 균형을 맞춰 요 그런데 다리가 아픈 아이들은 여기 올라갔을 때 어때요 아랍 스케이트장에 있는 느낌이구나 스케이트 잘 타지도 못하는데 거기다 미끄러지면 아픈 느낌을 받고 하면 점점 미끄러운 바닥에서 걸으려고 하지 않기 시작합니다 그리고 이런 미끄러운 바닥을 싫어하는 아이들이 한 다리만 아파서 그럴 때도 있기는 한데 대부분 이 두 다리가 아플 때 전점 더 명확하게 티가 나기 시작해요 한 다리만 아프면 나머지 세 다리로 균형을 맞출 수 있습니다 그런데 두 다리가 아프면 어떻게 되요 균형이 안맞아 지는 거예요 그러면 더 아프고 더 미끄러지 겠죠 그러면서 미끄러운 바닥에 안 가려고 하기 시작해요 이와 비슷하게 두번째 계단을 올라가고 내려가는 것을 주저 하기 시작합니다 왜 계단을 사실 강아지 들한테 되게 어려운 공간이 이기는 해요 사람 같은 경우에는 이렇게 2족 보행을 하기 때문에 개 단면적이 그렇게 넓지 않아도 되죠 80,000 올라갈 수 있을 정도만 되면 되요 강아지들 입장에서는 네 다리가 사실 같은 평면에 있는게 훨씬 더 안정적인 데 그게 안되죠 이게 좁은 이까 항상 그러면 계단을 올라가고 내려갈 때 어쩔 수 없이 앞쪽 이나 뒤쪽에 채준 부하가 더 많이 생길 수 밖에 없습니다 그러면 내려가는 걸 못하는 아이들은 어디가 좀 더 불편할 때 더 못 내려 갈까요 앞쪽 전지 라고 하죠 앞쪽이 좀 불편할 때 내려갈 때 어떻게 되죠 텅 하면서 앞쪽에 체중 부하가 생기니까 좀 더 아플 거 고요 올라갈때는 뒤쪽 이겠죠 아무래도 뒤쪽에 체중 부하가 더 많이 가니까 통증도 더 느끼고 이발을 그 채림 부하가 많이 걸린 상태에서 가리는 찰 때 더 통증을 많이 느낄 수 있기 때문에 올라가거나 내려갈 때 이 둘중에 코 제때 로 한번 잘하는데 올라가는 걸 잘 못해 올라가는건 잘하는데 내려가는 건 잘 못해 이럴 때 좁은 의심해 볼 수 있어요 그런데 사실 평균적으로 많은 강아지들이 내려가는 것보다 올라가는건 자랍니다 내려가는 건 아무래도 좀 무섭지 않아요 위해서 밑을 보면 좀 무섭고 사람도 없고 그렇잖아요 우리 높은건 올라갈 때 밑에 만한 내려보면 이렇게 그냥 올라가는 건 괜찮아요 근데 위해서 내려가려고 이제 내가 바닥을 보게 되면 되게 무섭 거 든 요 그래서 이런 것도 조금은 참고 해야 돼요 무조건 아파서 못 올라가거나 못 내려가는 건 아닐 수도 있기 때문에 의심을 해 봐야 된다 또 이와 비슷하게 세번째 침대나 쇼파 같은것 잘 올라 가던 곳을 주저주저 한다거나 못 올라간다 이거는 더 확실히 봐야 되는 것 예전에 안그랬는데 요즘 그런다 라고 한다면 더 많이 이심을 해 봐야 됩니다 이렇게 쇼 파 나 침대 같은 경우에는 밑에가 아무리 내가 아프지 않아도 내가 뛰어 내렸을 때 미끄러진 경험이 있으면 그 트라우마 때문에 안 그러는 경우도 있어요 그러면 뭐 요가매트 같은거 한번 깔아 줘 본다거나 이렇게 하면 조금 더 확실히 확인을 할 수 있습니다 저희 세상이나 버블이 같은 경우에도 쇼파 밑에 요가 매트를 깔아 주지 않으면 조금 주저주저 해요 그게 아파서 가 아니라 다 그때 넘어져 봤는데 여기 좀 미끄러운 데 라는 것을 걱정해서 그런거 다 라고 생각하시면 됩니다 네번째 이거는 잘 한번 확인해보세요 이게 3 나게 설이 에서 되게 훌륭하게 보였던 증상 이에요 근데 많은 보호자 분들이 몰라요 엎드렸다 가 일어날 때 어떤 다리가 먼저 움직일 까요 대부분 뒷다리가 먼저 움직입니다 약간 스트레칭 하듯이 엎드렸다 가 일어날때 뒷다리를 먼저 쓰고 그 다음에 앞다리로 일어서기 시작해요 그런데 엎드렸다 가 일어날때 앞다리를 먼저 쓴다 뒷다리가 앞을 가능성이 2 그래서 꼭 한 번 확인해 보셔야 되요 보통 어떻게 하냐면 뒤 딸이 부터 일어나서 우리 강아지도 놀자고 할 때는 스트레칭 할 때 하는 모습 있죠 뒤 딸이 엉덩이를 뒤로 쭉 빼고 약간 이렇게 스트레칭 하는 것 같다 가 이렇게 일어나게 되요 근데 뒷다리가 아픈 아이들을 목 고관절 이형성증 이나 관절염이 있는 애들은 앞다리로 이렇게 일어나고 우리 요가자세 처럼 팔로만 일어서는 거 있죠 그랬을 때 했던 게임에서 그 요가 케 누구요 스트리트 파이터 에 나오는 사람 그 토요 네 어쨌든 팔로 이렇게 일어나고 그 다음에 뒷다리로 일어서려고 하는 모습이 있으면 뒷다리에 통증이 있을 수 있다 라고 의심 하셔야 됩니다 다섯번째는 대부분의 강아지들 그런거 잘 하잖아요 앉아 엎드려 이러고도 되게 잘 아는데 이런 것 조차도 되게 힘들어 하거나 가지 않으려고 한다 아이고 그러고 보니까 그새 나게 소리가 요기 대부분 다 들어가네요 그 친구도 앉아 엎드려 정말 다른거 말 잘듣고 이루어지 근데 그거 하나를 못 해 가지고 되게끔 어렵거든요 하지 않으려고 한다 거나 특히 이것도 그렇겠죠 어렸을때 자라던 아니까 요즘들어 점점 안 하려고 한다 이런 모습이 보인다면 의심해 보셔야 됩니다 그리고 여섯번째는 당연하죠 피기 나 점프 하던 활동들이 점점 줄어들기 시작하구요 일곱번째 여러분들이 어 도달 확인해 보셔야 되요 일반적으로 서 있을 때 앞다리 에 과도한 체중 부하가 일어난다 이게 무슨 얘기냐 하면 우리 사람들의 서 있을 때 어때요 조금은 차이가 있을 수는 있지만 왼쪽 다리와 오른쪽 다리에 되게 동등한 체중 부하를 우리가 분배를 하려고 해요 근데 강아지들은 네 다리로 서 있잖아요 뒷다리가 아프면 어떤 모습을 보일까요 만일 뒷다리가 두개 다 아프다 그러면 평상시에 서 있을 때도 앞다리 쪽에 무게중심을 옮기려고 해요 그래서 어떤 모습이 나타나 냐 면 요기 그림에 보이는 게 정상 서 있는 모습이에요 정상적으로 서 있을 때는 앞다리가 어깨에서 바로 일자로 뚝 떨어집니다 그런데 뒷다리가 오랫동안 아팠던 아이들은 어떻게 할까요 뒷다리에 체중 부하를 최대한 줄이려고 하겠죠 근데 뒷다리를 잘 안 쓰려고 하고 보니까 앞다리가 그냥 이 어깨 바로 밑에 있으면 어떻게 되요 뒤로 넘어가 겠죠 그럼 어떻게 되요 닭다리를 조금 더 뒤로 빼야 되요 앞다리를 조금 더 뒤로 빼고 서 있어야지만 뒤 딸이 쪽에 최대한 체중을 줄일 수 있어요 그래서 정상적인 아이들은 서 있을 때 앞다리가 어깨에서 바로 일자로 수직으로 툭 떨어 지지만 뒷다리가 픈 아이들은 이 사진처럼 어깨에서 조금 뒤 딸이 쪽으로 다리를 놓게 됩니다 그냥 이렇게 써 있는게 아니라 그 앞쪽으로 좀 더 무게중심을 앞으로 뺀 것 같은 모습을 하게 되요 그러니까 이런 것들을 우리가 미리 알아 내게 되면 어깨가 뒷다리가 조금 아픈가 라고 볼 수 있어요 그리고 이런 친구들은 어떻게 될까요 아무래도 집단이 보단 앞다리 에 계속해서 체중을 쓰다보니까 상층 많이 그렇죠 2 나쁜 자들은 운동할 때 하체운동 더미 힘드니까 이상천 돈만 하잖아요 사채는 빈약한 데 어깨가 뭐 이렇게 벌어지고 막 가슴만 이렇게 커 집어 한 것처럼 가끔 보다보면 그런 강아지들이 있을 거에요 어이 성우 더 저는 하체는 좀 빈약한 대 와 여기 앞쪽 부분은 엄청나게 큰 애 이런 친구들은 뒷다리가 아파서 앞쪽이 많이 발달해 쓸 수 있습니다 여덟번째 이것도 조금 신기한 거에요 여러분들이 이걸 한번 잘 확인해 보시면 좋습니다 발톱 입니다 발급 강아지의 발톱을 쪼끔 확인하면 또 애가 조금 더 아픈가 신경계 쪽에 문제가 있나 이런거를 확인할 수도 있어요 어떻게 되냐면 보통 강아지들 발톱 보시면 아시겠지만 아빠를 어떻게 돼 있는지 아시죠 사람이랑 똑같아요 아 빠른 뒷발은 다른데 아 빠른 똑같습니다 우리가 흔히 며느리 발톱 이라고 부르는 발톱이 1번 엄지 에요 그리고 발 앞에 2 3 4 5가 이렇게 있어요 근데 보통 걸을 때 어떻게 되냐면 뭐 거의 동등하게 갈리긴 하는데 2번과 5번이 더 갈리는 경우가 많아요 그런데 홈 성원에 우리 집 강아지 봤더니 요기가 될 지 짧아져 있어요 3번과 4번 3번 4번 발톱이 되게 이상하게 많이 알려져있다 이 그림처럼 많이 가려져 있다 이거 왜 그런거냐 면 걸을 때 다리를 조금씩 끊 거에요 이게 바닥이고 이게 발이 면 이렇게 가야 되는데 발을 끄는 거예요 2 3번 4번 발톱을 아예 들지 못하고 바닥에 좀 끌리고 또 아예 들지 못하고 바닥에 끌리고 하면서 3 4번 발톱이 많이 갈리게 됩니다 그래서 우리 강아지 발톱 자를때 꼭 얜 왜 이렇게 가운데 발 거라는 회계 짧아져 있네 다른거에 비해서 다른거랑 동등한 번 상관없어요 그게 다른거에 비해서 많이 짧아져 있다라고 한다면 다리를 끄는 증상일 수 있다 다리를 끈다는 건 아프거나 아니면 신경계 통증이나 증상이 있을 수 있다 라고 알고 계셔야 됩니다 아홉번째 이제는 조금 많은 분들이 알고 계시는 일반적인 증상 들이 나옵니다 평상시에 잘 놀고 다른 가족이나 강아지들과 즐겁게 놀던 아이가 갑자기 이런게 숙 줄어들어 버리는 거죠 이런것도 통증의 증상일 수 있고요 열번째 아 이거 정말 많이 봅니다 행도 가 딜러를 보면서 강아지들 문제행동을 보일 때 가장 먼저 해야 되는게 바로 어디 아픈데 없는지 확인해야 되는 거다 라고 말씀드리는 이유가 이거예요 앙 그러던 아이가 갑자기 고 오잖아 다른 강아지한테 공격적인 모습을 보입니다 저는 실제로 많이 경험했어요 특히 암 그러던 강아지가 갑자기 그런다 라고 할 때는 통증을 의심해 보셔야 되요 이수의 다들 많이 경험 하거든요 평소에 진료 받을 때도 얌전히 잘 하던 친구에요 너무 착하던 친군데 어느날 아파서 왔을 때 수 있어 물리는 경우들을 상당히 많구요 제가 진료 봤던 친구 중에는 리트리버 였는데 예전에는 너무 착해요 막 사람도 좋아하는데 어느 순간부터 강아지에 대한 공격성이 생겼대요 그 연내에 5살때 부터 생겼다 라고 하더라구요 서초 금 이상했어요 보통 문제가 생기면 대충 기 관 1년 용 부근부터 문제 행동을 보이기 시작하는데 성격 형성이 거의 다 끝났네 5살때 만약에 문제 행동을 보인다 라고 한다면 트라우마 아니면 아파서 거 든 요 그러니 트리 보면 우리가 뭐가 딱 생각난 하면 고관절 이형성 즉 이게 좀 심각해 지면 많이 아파요 너 어때요 내가 아프면 어떻게 한다구요 더 방어적으로 돼요 그리고 이런거 보이기 싫어서 통해 공격적인 모습을 보이기도 해요 그리고 내가 싫어하는 애가 다가 오면 어떡해요 분만 너 까져 그러면 우선 다가오지 말라고 공격적인 모습을 보이게 되는 거예요 이 친구한테 혹시 고관절 이형성 증이 있는지 없는지 확인을 해봤는데 있었고 수술을 하고 재활을 하고 그 통증이 사라질 때쯤 되니까 공격성 도 사라 졌습니다 그래서 만약에 어떤 공격성이 생겼다 라고 한다면 통증을 의심해 보셔야 되요 열한번째 만져 주는 거나 빚이라는 것을 아 싫어 하기 시작 이것도 이거 어렸을 때부터 이런 아이들이 있어요 그냥 싫어서 그러나 일도 있기 때문에 빛이라는 건 우리의 싫어 아픈가 봐 100% 는 아니에요 근데 그런 경우 사실 상당히 많죠 예를 들어서 디스크 관절 지라 이런거 있는데 우리가 미용을 하거나 이렇게 빗질을 하거나 만져줄 때 어때요 거기를 살짝 건드린다 그러면 강아지들도 깜짝 놀라서 나도 모르게 공격하는 경우가 있죠 우리 사람들도 그러잖아요 여기 뭐 하나 들었는데 막 친구들이야 웃고 떠들다 한번 툭 쳤더니 화내고 그러나 야당이 바쳐 써 뭐 이러면서 화내고 그런 경우가 있듯이 만약에 앙 그러던 친구가 잎이 찔 하거나 이뻐 해 주는데 갑자기 공격성을 보인다 라고 한다면 의심의 보셔야 됩니다 * 두번째 그리고 이런 사람도 마찬가지입니다 수면 패턴에 변화가 생겨요 아프면 밤에 잠도 잘 안 오잖아요 그리고 잠수 풍모 짜요 계속 선잠을 잔다 거나 아침에 잘 일어나던 아이가 갑자기 좀 못 일어난다 거나 해면 밤에 잘 자던 아이가 잘 못잔다 거나 이런 모습을 보일 수 있구요 으 13번째 몸이 좀 딱딱하게 굳어 보이는 모습이 나타날 수 있습니다 뭐 특히 이 디스크 같은거 있을 때 아프니까 어떻해요 몸에 힘이 꽉 들어가요 사람 도 마찬가지죠 어딘가 아프면 몸을 좀 힘을 빼고 있으라고 해도 힘이 잘 안빠져요 우리 뭐 칡과 치료 받거나 마치 안하고 하는 약간의 그런 치료받을 때 느껴보시면 아시잖아요 선생님이 힘 빼세요 라고 어떤 힘이 깜 빠져요 내 몸이 긴장 하니까 몸이 꽉 굳어 열 네번째 이 것도 마찬가지죠 갑자기 식욕이 줄어든다 몸통 잘못된 친군데 갑자기 안 먹기 시작한다 그리고 이게 조금 며칠 지나니까 회복되는 게 아니라 계속 식욕이 줄어 든 상태로 지속된다 이것도 통증이 있을 때는 교감신경이 마 활성화가 되고 우리 어렸을 때도 많이 느끼죠 아프면 시급도 좀 떨어져요 뭐 근데 그런 것도 좀 조심하셔야 됩니다 이 식욕 이란 것도 나중에 한번 다뤄 드리겠지만 되게 유전적인 경우 각 한테 리트리버 같은 아이들은 아파도 먹는건 안바뀌고 계속 먹는 경우들도 상당히 많아요 마지막 열 다섯번째 갑자기 화장실 실수를 하기 시작합니다 화장 시술을 하는 이유는 되게 많죠 근데 웬만하면 한번 잘 교육이 되면 잘 실수를 않아 하게 되는 경우가 많아요 환경의 변화가 없으며 그런데 갑자기 패드 바깥에서 싼다 아니면 화장실 실수를 하는데 조금씩 딴다 이런 경우에는 비뇨기계 이상이 있거나 관절에 문제가 생겨서 아파서 그럴 수도 있어요 그냥 패드 같은 경우 올라갔을 때 미끄러움 어때요 4 통합하여 바닥보다 더 미끄러울 수 있어요 최대 잘못 올라가며 갑자기 풍 미끄러져 버리면 그러니까 그 위가 아니라 그 주위에서 따려고 하는 아이들도 있구요 그리고 화장실 실수를 하는데 오줌의 양이 되겠 조금 이다 이것은 빈뇨 라고 하고 이렇게 자주 오줌을 싼다 그리고 막 염증이 생기고 아프면 계속 이 빈뇨 증상이 나타나 요즘 계속 말인거 같아요 5 중에 안 모여 있는데도 계속 뭔가 잔뇨감이 있고 계속 다시 따려고 하는 모습들이 보이거든요 이것도 통증의 하나의 싸인이 될 수가 있습니다 오늘 어떻게 보면 반려견을 키우면서 가장 기본적이고 보호자가 끝 알아야 할것들이 조 통증을 보일 때 보일 수 있는 15가지 증상에 대해서 말씀을 드렸는데요 뭐 다른 곳에서 얘기 안 것들도 이 당연히 포함되어 있겠지만 다른 곳에서 좀 들을 수 없는 그런 부분들도 이렇게 말씀을 드렸고 거든요 보호자 로써 우리 아이들을 위해서 그리고 우리 보호자를 위해서 이 15가지 를 잘 알고 우리 아이를 잘 관찰한다면 계속 아프게 한 게 아니라 조금 아플 때 조금 이상할 때 빨리 치료하고 그리고 돈도 아끼고 시간도 아끼고 조금 더 행복한 반려 생활을 할 수 있을 겁니다 밤 시간에 또 더 좋은 정보와 함께 찾아 뵙겠습니다 구독 좋아요 알림설정 잊지 마시구요 안녕 [음악] 으 으 아 아 [음악] 아 아 tote [음악]",
9,https://www.youtube.com/watch?v=4AaT3UeEWgA,4AaT3UeEWgA,Complete Conquest of Anal Sacs! (Period/Expression Method/Anal Sac Infection/Anal Sac Management ...,설채현의 놀로와 ,그 안에 대한 정보를 독하고 솔직하게 알려 드리는 특설 티비 설치 할 수 있답니다 4 성당 오랜만에 정말 오랜만에 찾아 뵙겠습니다 당연히 오랜만에 찾아 보니까 우리 세상에도 같이 해서 되어야 되는데 왜 세상이 조금 힘들어 할 것 같아요 왜냐하면 오늘을 항문낭 에 대해서 말씀을 뛰어 볼 크니까요 4 보평고 학부 할텐데 눅 너니까 항문낭 많은 분들이 상당히 걱정을 많이 하세요 1 나고 뭐 한달에 몇번 짜 줘야 돼요 어떻게 해야되요 항문낭 어딨어 자는 법 알려주세요 라고 하는데 오늘 제가 방문 나게 대해서 좀 간단하게 그래도 그동안 다른 곳에서 나왔던 정보 들 보다는 조금 더 자세히 한번 알려드려 볼게요 한문 나니 뭘까요 홍문 나 흠 는 남은 모든 개들이 가지고 있구요 고양이도 가지고 있습니다 어어 아직까지 정확한 항문낭 의 역할에 대해서는 밝혀진 게 없어요 근데 한 번 날짜 보신 분들은 아시겠지만 이 항문 나는 냄새가 엄청나게 독특하며 개들 마다 도 달라요 그래서 결국에는 자신만의 고유한 맨 문제를 많이 해주는 그런 역할을 한다 라고 얘기를 하고 있구요 항문 나는 어디 있냐 앞에서 크림을 얻어 보여드릴까요 1 번다는 학문이 있으며 이 흔히 a girl's 쪽 이렇게 있잖아요 안에 있는 것 세상 c 고양이 가지고 읽어 주세요 4 어 항문이 있으면 여기 와 유리 안쪽에 여기 있다는것을 바깥으로 보여준 거에요 6시 방향 이니까 우리가 여기에 여수 방향 이라고 한다면 1 내 씨와 8시 방향을 가지고 돼 있어요 그러니까 이 난을 압박을 해야지만 1 논다는 나올 수 있겠죠 이건 기회가 한꺼번 한번 밖에 없습니다 한번 밖에 없는데 과감 해야 많은 분들이 과감 하지 못해서 항문 낙을 짜지 못해요 그리고 정확한 위치 그리고 손동작이 중요합니다 그냥 이렇게 노는 게 아니에요 이렇게 노력이 아니라 옆에서 이형원 이렇게 있으면 긁는 날 잡아서 아래에서 위로 이제 주머니가 b 로 되어 있기 때문에 더 아래에서 밀고 눌러야만 항문낭 이 잘 나와요 내부 타겟 지금 이렇게 있으면 여기에 있잖 나더라 1반 될텐데 게 저희를 만들어 주거든요 요그 아 요기 흔한 왔어요 그래서 과감하게 휴지로 나라에서 위로 아래에서 위로 꼬리를 잡고 몸을 팔꿈치로 나한테 다 부쩍 모장 퇴조 날이 소비로 꼭 와 가나다 하면 큰 건 남이 즉 하고 나무 조심하셔야 되요 잘못하면 우리 반려가 사이가 나빠질 수 있습니다 그런데 중요한게 있어요 한 번 남은 왜 작가 우리가 왜 헹군다 글자 라고 해요 왜냐하면 항문낭 염 이라는게 생길 수 있어요 이게 한문 이에요 근데 항문낭 이 요기 있는데 흥망 간염이 생겨서 염증이 산을 녹여 가 되고 지금 가까 툭 튀어나온 상환 이게 되게 많아요 강아지 그래서 우리가 그것만 항문 나 4짜 란 얘기를 했던 건 흥 문 난 이염이 흘릴 수 있기 때문에 이게 막힌 야 흥분한 염이 생기기 때문에 짜라고 한건데 최근에는 오히려 미국의 수 있다해도 이런 얘기입니다 초소형 견 아니면 흥분한 않자 도트 있고 초소 화면들은 있자 4는 이 흥분 괄약근의 힘이 약한 거죠 그래서 잘 안 나올 수 있어요 그거 잘 안나오면 막히고 그 안에서 염증이 생기고 이렇게 될 수 있는 거죠 근데 그 초소형 * 들어가면 치와와 그리고 딱 빨다가 3키로 난 나가는 조금 않아야 됩니다 그러나 이들은 그럴 수 있는데 조금 덩치가 있는 아이들을 웬만한 자기가 나타낼 수 있다능 거예요 그래서 오히려 항문 난을 제가 반등 했던것 처럼 너무 과학의 짜려고 했을 때 항문 남 염증이 생길 수도 있다 라고 얘기하고 있어요 그러니까 항문 남도 문제가 생기지 않으면 초소형 귤 이외에는 건드리지 않아도 된다 너무 스트레스 같이 말하라 라는게 정답은 거죠 내부 다른것 같아요 그리고 어 예절을 많이 했네 요즘은 그렇게 많이 하잖아요 중성 한솔 처럼 항만 난을 미리 제거하는 수술을 하기도 해요 이 수술은 그렇게 권장하지 않아요 왜냐하면 이 수술을 하려면 옆에 뭐가 있죠 항문이 있어요 그리고 항문의 괄약근이 있습니다 근데 이 수술을 하다가 괄약근을 건 드는 경우가 있어요 아래 끈이 건드려 주면 이것은 회복이 잘 돼요 그래서 배변 실금이 생기는 경우가 있습니다 그래서 멀쩡한 한 만남을 미리 건드리는 수술은 저는 그렇게 추천드리지 않아요 아는분들 추천하지 않을 거에요 거의 하네요 이렇게 가끔 있거든요 그럴때는 그냥 이건 제가 그냥 관리 할게요 라고 말씀하신 깨졌습니다 다음번에 더 좋은 정보로 찾아뵙도록 하겠습니다 안녕 오오오 q 내가 했던 no.5,
10,https://www.youtube.com/watch?v=_p-a3gnB0VI,_p-a3gnB0VI,"Questions and Answers About Dog Bathing (Washing Methods, Bathing After Walks, Wiping Paws, Dryin...",설채현의 놀로와 ,강아지에 대한 정보를 독하고 솔직하게 알려 드리는 독설 tv 설치 할 수 있습니다 4 이번에는 모국 뭐 급 목욕 편 에프터 서비스 으 봤구요 6 [음악] 많은 분들이 댓글을 남겨 주셨습니다 5 가장 많이 하시는 질문 내용이 얼굴과 pc 있는 방법이었습니다 얼굴과 귀 씻는 방법 그래서 미국 50엔 gsm 4 강아지 얼굴이 는 그쪽 목욕하는 법 자세히 알려주세요 맨날 할 때마다 조심한다고 하는데 어려워요 네 얼굴 어떻게 비누칠로 씻어야 하는지 알고 싶어요 얼굴이랑 뒤쪽 거 품질은 큰 술로 씻어 내는 방법이 궁금합니다 헹굴 때 뭔가 코에 물이 들어가는 싶을 정도로 큼큼 되고 물을 그렇게 들어 온건 아닌데 이러지도 저러지도 못하겠어요 자 이거 어렵죠 네 저도 사세요 이것은 우리 미운 선생님을 둘러 봐야 되는데 그럼 제 방법은 [음악] 너무 겁내지 않는 한에서 조심히 한답니다 이쁜 개소리야 아 아마 이번 도 잘하고 계실 거에요 전후 3 4 5 기 않습니다 얼굴 할땐 특히 사워 기를 쓰지 않아요 2 아니면 물 꽃 같은 거 물그릇 같은거에 미온수 받아서 얼굴 한번 4 이렇게 풀어줘요 이게 사옥 일을 할 때라 이거랑 할 때는 가장 큰 차이는 제가 느끼기에는 애들이 코에 물이 들어가서 컥 이렇게 하느냐 괜찮은 거에요 우리 많게 따라서 들어가지 않고 흘러 내려 가다 보니까 코에 물이 많이 안들어가는 것 같아요 그래서 애들이 더 이 싫어하고 그 다음에 3 토 얼굴 할 때는 너무 많이 하지 마세요 왜냐하면 샤워기를 뿌려서 행 볼 수가 없기 때문에 제가 느끼기에는 샴푸를 많이 하는 순간부터 행보도 헹궈 도 물을 뿌리면서 행보도 행보도 샴푸 물이 나와요 그래서 샴푸를 최소화한다 너무 많이 하지 않는다 그리고 세번째는 귀는 너무 걱정하지 말아라 귀에 물이 그 열고 샤워기로 물 이렇게 뿌리지 않는 한 괜찮아요 4 이렇게 열고 괴물이 들어가라 라고 아마 이렇게 뿌리지 않는 한 뒤에 좀 물이 들어가도 괜찮습니다 아 조금 그냥 몸 씹듯이 적당한 거 샴푸 제하고 귀족 뭘 들어가도 이 물그릇에 다해서 물 부어 버리면 물 조금 들어가는건 괜찮아요 자기네들이 다 털 거니까 그저 초 이거이거 그 제가 반복해서 말씀드리지만 가장 중요한 건 알릴 된거죠 말릴 때 말릴 때 너무 뜨거운 바람이 눈에 직접적으로 들어 이지만 이렇게 가까이에서 빨리 말리게 따고 눈에 직접적으로 뜨거운 바람을 되지 말아라 이정도만 지켜주시면 내 괜찮습니다 [음악] 두번째로 많았던 질문은 1책 후에 시키는 방법입니다 1 체크에 시키는 방법 id 가 조금 어려워요 ogg 네모 지지 단축 물로만 시켜도 발이 색감 한데 세균이 과연 없어지는지 그렇다고 참프루 새낀 건조해지고 워터리 수도 얻어 차피 샴푸 라서 좋지 않다 던 데 그 되게 중요한 거 말씀드릴게요 세균은 깨끗해 도 있겠어요 우리 몸에도 있고요 개는 몸에도 항상 있어요 개들 몸에서 제가 이렇게 될 발바닥이나 몸이 아주 깨끗한 아이마 산책 안나가 나이라도 어 이 면봉으로 면봉으로 피부에서 수압이 라고 하죠 따서 세균이 자라는 페이지 올려 차는 100% 잘 원래 살아요 근데 우리 면역성 과 균형을 이루고 있을 뿐이죠 4 세균에 너무 민감하신 필요는 없어요 1 책들 바른 그냥 물티슈로 닦아도 되나요 아니면 드라이 상투 도 괜찮아요 제 맘 같아선 매번 물로 닦고 싶긴 한데 싫어할까봐 물티슈로 많다고 있어요 네 저도 물티슈로 만 딱 그 때가 있고요 그리고 머털이 쓰셔도 만 쓸 때도 있습니다 매번 물로 닦이는 맥 물로 땄고 샴푸 샴푸 까지 하기에는 조금은 발바닥 피부가 건조해지고 자극이 될 것 같다는 생각이 들어요 원글님 이 딱 말씀 하셨네요 산책시 키고 나서 발에 샴푸 살짝 묻혀서 머물렀다 주는데요 왜 이러면 안 좋겠죠 물로만 해도 될까요 매일 하면 좀 안 좋을 수 있을 것 같아요 대신에 하더라도 아주 살짝만 해주시구요 그리고 발바닥 너무 빨 가 커 나 자극되는 거 없는지 확인을 해주세요 뭐 물로만 하는건 보던 님의 선택이죠 네가 좀 더러워도 괜찮답니다 흔들리며 피는 꽃님 매일 산책시 흙과 풀서비스 진구는 굉장히 도산 체코 발만 씻어야 하나요 진드기 위 달고 올까봐 같이 자기가 좀 걱정되어 4 진드기 8 볼 수 있죠 그래서 우리의 전에 얘기 했었죠 외부 기생 중에 대한 예방약을 약의 따라서 한 달에 한 번 또는 세 달에 한번 꾸준히 해주시면 괜찮습니다 4 진드기가 붙었다가 죽어요 왼쪽 음 이제 뭐 죽은 에도 만나는 것 그렇게 좋진 않지만 진드기가 붙었다가 됐기 때문에 그리고 이제 사시는 동네에 따라서 조금 다를 것 같아요 도시에서는 진드기가 그렇게 많진 않아요 집에서 한번 써 이렇게 물티슈로 하면서 털 4 회사의 한번 받으시구요 음 저는 그렇다고 매일 목욕하는 것은 절대로 추천드리지 않습니다 빨리는 방법에 대해서도 많은 분들이 질문을 주셨는데요 양지수 님 목욕할 때도 괜찮은데 수급 부탁할 때 팁 좀 주세요 스마트폰 때 그 때문에 으르렁거리고 et 라고 해도 완전 보라색으로 질려 버려요 아이가 되기 어렵죠 줘 그러구요 교육방법이 뭐 이론적으로는 있습니다 처음에 모교 카야 할 때 말구요 수건 에다가 노조 그도 좀 해주시구요 그리고 수단 덮어 높고 안에서 간식을 준다거나 수건을 만났을 때 이렇게 차근차 변이 수건에 대해서 태감 작가라고 하여 뒤에 쓰시라고 하는데 이런 과정을 거치게 되면 장시간 보면 분명히 도움은 될 거에요 네 혀가 보라색으로 질려 버릴 정도면 이거 진짜 상당히 조심을 해야 자 그래서 수건으로 닦을 때 막 하지 말고 차라리 이런 친구들은 요즘 트라이브 렌탈 있죠 애플아이폰 렌탈이 더 나을 수도 있습니다 목욕할 때 물 수건 갖다 대게 되는 분 작작 좀 짜 들고요 그 다음에 들어 읽음 에 넣어서 초보라도 초벌로 한번 다 말리고 순간 안쓰고 그냥 빛이 해준다거나 빛을 하면서 더 마지막 말려 준다거나 이런 방법도 괜찮을 것 같아요 전 몸도 풀 바람으로 말리는 데 잘못된 방법인가요 아니요 괜찮습니다 세 번째 방법 아니에요 단지 시간이 오래 걸리겠죠 4 병 병 성님 목 요크 수건으로 한번 닦아주고 들어야 하고 자연으로 말리면 안될까요 저희는 지금 이런 식으로 하고 있습니다 이게 좀 견적만 아가를 것 같아요 좀 단모 중 우리 세상에 뭐 기억하는 것 봤듯이 그러나 이들은 음 괜찮을 것 같아요 괜찮을 것 같은데 자 속 털이 있는 4 아니면 털이 꼭 시 7실 않아요 그러다 이들은 결국 숲 하면 아까 말씀드렸듯이 원래 살고 있던 세균들이 더 잘 번성할 수 있는 환경을 조성해 요 그래서 음 만약에 단모 종이 고조 털이나 이중 뭐 가 아닌 아이라면 괜찮을것 같은데 그렇지 않다면 그래도 안쪽까지 바짝 말려 주시는게 좋습니다 [음악] 그밖에 조금도 이색 질문이 있는데요 수아 린인 시골이라서 시골에 같이 가서 뛰어 놀고 집에 와서 목욕을 시키는데 대응 등이 모금 있고 거기에 처럼 색이 거 못해요 그런데도 사람처럼 햇빛으로 인해 탈 수 있나요 야 이거 많이 물어보세요 병원에 오실 때 우리가 피부가 이상해졌어요 암에서 오시는 경우가 있는데 여름이 곳입니다 왜 그럴까요 강아지 몸에 반점이 생기는 거예요 반점이 생겨서 그게 이제 심해지면 피부암이 될 수도 있죠 그런데 우선은 피부 세포 안에 원래 멜라닌 색소 라는게 밑에 깔 에이스의 피부세포에 그런데 햇빛을 받으면 이걸 방어하기 위해서 검정색 멜라닌 색소가 위로 올라옵니다 그래서 갑자기 반점이 생긴 처럼 보이고 깜짝 깜짝 놀라시는 경우들이 있어요 네 이게 너무 우리 빡빡이 로 깎아 가지고 너무해 피츠 막 받았을 때 더 빨리 생기겠죠 제가 항상 말씀드리는 거 여름에 빡빡이 하지 말아라 근데 빡빡이 안해도 있어요 왜냐면 빛은 끝 잘 추가 하니까 그래 이게 겨울에 대해서 햇빛이 좀 줄어들면 소스 40 백 그래서 우선 너무 걱정안하셔도 되구요 찍음 언니 세상이 걸을 때 등이 굽어 있었는데 저희 에도 가끔 저렇게 걸어요 이유가 있을까요 개통을 보라 좋네요 그렇게 생각을 하더라구요 깔끔 걸을 때 평소 때만 그렇지 않은데 뭔가 내가 별로 좋지 않은 새 3화 그 때 목욕할 때 더 그랬잖아요 이렇게 몸을 웅크리는 거죠 그러면 척추가 더 굽어 보이는 이렇게 되는 경우도 있구요 그리고 좀 발랐을 때도 그런데 세상에는 말라서 그런건 아니에요 4 똘 거라서 예 예 ktp 님 06 치키 기존 항문낭 짜는 거 넘 작은 초상 되는 겉에서 짝이 불가능의 손가락을 넣어 짜던 데 조만간 의 영상 올라오게 기다립니다 4 올리겠습니다 4 세상이 항문낭 열심히 모르겠어요 조만간 의 발톱 자르는 법 흥 문 남 짜는 뭐 귀 닦는 법도 이런 기본적인 것도 빼먹지 않고 올리도록 하겠습니다 다음번에 더 좋은 정보 그리고 더 열심히 질문에 좋은 밥으로 찾아뵙도록 하겠습니다 5 wee 5,
11,https://www.youtube.com/watch?v=N0oXWToh5-A,N0oXWToh5-A,"A complete guide to essential dog vaccinations! You absolutely need to know this, right?!",설채현의 놀로와 ,매년 추가 접종을 해야 하냐 솔직하게 말씀드릴께요 으 으 [음악] 까지 에 대한 정보를 독하고 솔직하게 알려 드리는 독설 tv 설치 연수의 합니다 네 오늘은 제가 되게 기본적으로 생각해서 안하고 있었던 건데요 강아지 예방 접종 스케줄에 대해서 다시 한번 알려드리도록 하겠습니다 예방접종 스케줄은 이렇게 돼 있습니다 종류를 먼저 볼게요 종합백신 코로나 장염 켄넬 코프 순종 플루 광경 병 그래서 총 5개 로 보시면 됩니다 이 코로나는 우리가 요즘 문제가 되는 그 농가는 다른 코로나 에요 장염을 일으키는 강아지들의 코로나 바이러스 라고 보시면 됩니다 이렇게 다섯 개의 백신이 있는데 종합백신 왜 종합백신 이라고 불리운 야 dh ppl 이라고 해서 5개의 질병을 예방할 수 있는 백신이 우리가 종합백신 이라고 해요 dh ppl 은 가장 중요한 2개가 들어 있습니다 홍역과 파버 장염 이 두개가 우리 어린 강아지 그리고 성견 들 특히 공역 은 성경 들에게 까지도 목숨의 위협을 줄만한 위험한 질병 드리고 정말 위험한 것들은 요 안에 다 들어 있다 라고 보시면 되요 보통 1차 접종은 종합 백신과 코로나 장염 이 초록색 두개 보이시죠 종합 백신과 코로나 장염 2개를 맞고요 언제 정도 시작한 야 태어나서 6주의 1차 접종을 시작합니다 왜냐하면 그 것보다 더 빨리 맞아도 안 돼요 왜냐하면 어 강아지들이 태어나게 되면 엄마 젖을 먹어요 젓을 통해서 아이들에게 전염병을 예방할 수 있는 항체 들을 주게 되요 그런데 그렇게 항체가 많이 있는 상태에서 접종을 맞아 버리면 이 접종이 오히려 무효화 되는 경우들이 있기 때문에 이 모체 2강 체가 점점 줄어드는 시기 보통 6주 부터 1차 접종을 맞게 됩니다 그래서 1차 접종 에 종합 액 종합백신 코로나 2차 접종 에도 2주 이북 간격을 두고 맞게 되는데 2차 접종 에 또 종합백신 코로나 3차 접종 에 종합백신 켄넬 구프 4차 접종 의 종합백신 캔들 코프 그리고 우 차 접종에 종합백신 심 준 플루 그리고 6차 접종의 신종플루와 광견병 을 맡게 되는 거죠 얻어 대부분 아이들이 이렇게 맞아 있기 때문에 더 궁금하신 것은 추가 접종이 있을 거에요 사실 추가접종 그리고 또 하나는 종합백신 은 이렇게 많이 맞아도 되는 것이냐 어떤 선진국에서는 이렇게 많이 안 맞던데 라고 얘기 하시는 분들이 계실 거예요 이건 상당히 좀 어려운 일인데요 이거 나라마다 조금씩 추천하는 백신의 방법이 달라요 그럼 첫번째로 우리나라 같은 경우에는 종합 백신을 이렇게 5차 접종 까지 맞는데 뭐 내가 찾아보니까 어디는 3차 접종 까지 맞는 것도 있던데 라고 하시잖아요 네 맞아요 근데 우리가 왜 우리나라는 왜 지금 계속 5차까지 했어 냐 면 아무래도 2 분양 환경 입양 환경 때문에 그런것 대부분은 이 파버 나 홍역은 어디서 걸려온 야 대규 목 번 식장 아니면 샵입니다 주로 번식 짱이죠 그리고 이렇게 잠복기가 보통 10 일에서 길게는 한달 까지도 얘기를 하기 때문에 정확히 어디서 온 지는 모르지만 대부분 이 대규모 b2b 위생적인 불법 빵 식장에서 오는 경우가 많아요 그러다 보니까 어 수 의사선생님들이 예전에 모여서 아 우리나라는 5차까지 해야 한다라고 해서 종합백신 잃고 5차까지 맞아 썼는데 최근에는 모 3차까지 해도 괜찮다 라는 얘기도 있는 거예요 그리고 그 여기 보면 신종플루 같은 경우에는 예전에는 필수 백진희 아니었고 보호자 님들 한테 그냥 추천하는 정도였어요 근데 이 신종플루 같은 경우에는 전염력이 엄청나게 강해요 전염력이 모 98% 99% 이렇게까지 얘기를 하거든요 그래서 최근에는 거의 칠수 접종으로 보고 있습니다 [음악] 관경 병에 대해서도 또 한번 말씀드리고 싶어요 광견병 같은 경우에는 법적으로 맞아야 합니다 안맞으면 과태료가 있어요 제가 알기로는 첫번째가 200만 원 이고 두번째가 400만원 이렇게 되는걸로 알고 있어요 광견병 을 1년에 한번 맞추는 것은 법이에요 다른 건 안 맞춰도 광견 때는 일 년에 한번 맞춰야지 돼요 이런 법적으로 그래서 여러분들 조금 관심이 있으신 분들을 확인 하셨을 거에요 동물병원에서 봄이랑 가을에 광견병 접종 기간이라고 공부가 떠요 그땐 뭐냐면 광경 등을 싸게 맞출 수 있을 때요 1 5000 은 마오 매년 추가 접종을 해야 하냐 솔직하게 말씀드릴께요 추가 접종은 한대씩 맞으면 됩니다 1차 접종 할 때는 종합 백신은 5번 코로나 장염 은 두 번 캐낼 코프 2번 신종플루 2번 광견병 한번 맞아 썼죠 추가접종 할 때 부터는 그냥 타 1개씩만 맞으면 되요 종합 코로나 켄 4 고프 신종플루 광견병 그래서 보통 종합 백신과 코로나 를 맡고 캠 4 코트와 광견병 을 맞고 그리고 신종플루를 따로 만든다 이렇게 한꺼번에 너무 많이 맞으면 우리 아이들이 좀 힘들어 할 수 있기 때문에 특히 처음에 예방접종 한우리 버린 아이드 한테 중요한게 접종을 하고 나서 1 3 시간이 된다 라고 한다면 30분에서 1시간 동안은 유심히 지켜 봐 주세요 왜냐면 사람도 그렇지만 접종 알러지가 있을 수 있어요 백신 으로 인해서 알러지 반응이 나오게 되는데 눈이 빨개지면서 붓고 입주 이가 막 굳고 구토를 한다 거나 기력 짜가 나타난 것 나타난 다거나 하는 경우가 있어요 접종을 했을 때는 그래도 심지어 안전하게 두 3시간 정도는 같이 있어주는 게 좋고요 30분 정도는 괜찮음 1시간 정도는 그리고 선생님이 괜찮다 라고 한다면 병원에서 좀 기다려보는 것도 좋습니다 다음번에 더 좋은 정보로 찾아뵙도록 하겠습니다 안녕 order to you now [음악],
12,https://www.youtube.com/watch?v=ZUL6WRPY3es,ZUL6WRPY3es,"After a walk, do you know where ticks are most likely to stick? 🤓 We'll show you how to check pro...",설채현의 놀로와 ,우리 강아지들이 산책을 많이 나오고 있습니다 근데 이렇게 산책을 하면서 우리가 정말 주의해야 될게 있는데요 저희 유튜브 댓글에도 실제로 진득이 걱정되는데 어떻게 예방해야 돼요 뭐 기피제 효과가 있어요 이런 댓글들이 좀 보이더라고요 그래서 이번 시간에는 진드기 예방법 그리고 예방약 이런 진드기에 대해서 한번 말씀드려 보겠습니다 안녕하세요 동학 이사합니다 날씨가 점점 따뜻해지고 있고 산책하는 강아지들이 정말 많아졌어요 이렇게 산책을 하게 됐을 때 주의할 점에 대해서 한번 말씀을 드려 볼게요 우선 첫 번째는 봄철이 되면 동물 병원이 바빠져 그동안 겨울철에 별로 산책도 안 하던 아이들이 갑자기 강아지를 만나고 보호자들은 다 친구라고 생각하면서 무조건 만나게 하면서 조상이 일어나서 병원에 오는 경우들이 많아요 저는 항상 이렇게 추천드립니다 한번 만나고 끝날 강아지들은 특히 줄이 달려 있을 때 만나게 하지 말아라 우리 아이가 정말 사회성이 좋고 프렌들리 하더라도 상대방이 소심하거나 공격성이 있을 수 있다라는 걸 잊으시면 안 됩니다 그리고 두 번째 유박 비료 진짜 매년 때가 되면 말씀드려야겠다 다짐을 했습니다 제가 한 3년 전부터 봄 때마다 이렇게 유박 비료 얘기를 하는데 이거는 100번 강조해도 모자르지 않은 거 같습니다 유박 비료는 정말 사료처럼 생겼어요 그리고 무생 무치의 약간의 그런 약 고소한 맛까지 날 수도 있다 평소에 바깥에 나갔을 때 뭐 주워 먹는 친구들 있죠 우리 보호자분들이 더 유심히 잘 확인해야 됩니다 유박 비료는 정말 극소량을 먹어도 강아지들이 다발성 장기 부전으로 무지개 다리를 건널 수 있어요이 유박 비료가 강아지들한테 나쁘냐 아니래요 사람한테도 상당히 안 좋대요 그 유박의원 유발하고 알러지를 유발하고 이런 경우들이 있었다라고 해요 그러니까 이게 꼭 우리 강아지들한테 나쁜게 아니라 먹지 않아도 피부에 닿거나 했을 때 특히 놀이터나 이런 데서 뛰어놀고 뭐 화단에서 뭐 넘어지기도 하고 이런 친구들한테는 상당히 나쁠 수도 있으니까 우리를 위한 일이다라고 많은 관심 가져 주셨으면 좋겠고요 그리고 세 번째 오늘 주로 얘기할 바로 진드기 많은 분들이 이제 진드기에 대해서 걱정을 많이 하세요 근데 제가 꼭 말씀드리는게 있습니다 진드기 자체가 위험한 건 아니다이 많은 분들은 그냥 진드기가 징그러워서 싫어해요 하지만 더 위험한게 있거든요 사실 진드기가 옮기는 질병들은 우리 반려견들의 생명을 위협할 수 있어요 그래서 수의사들은 진드기 자체보다는 얘가 옮길 수 있는 질병에 더 걱정을 많이 하게 됩니다 그 결국 우리가 잘 예방을 해야 되겠죠 예방하는 방법에 대해서 한번 알아볼게요 첫 번째 피한다 진드기가 어디에 많죠 아파트 단지나 도심 지역에는 그렇게 많지는 않아요 근데 근데 좀 넓은 공원이나 사내 특히 이제 가장 고생하는 곳이 제주도입니다 제주도에서 강아지 키우시는 분들은 내가 우리 애들 때문에 제주도로 갔다 근데 여기가 산책하기가 더 어렵다 환경은 좋은데 한번 갔다 오면 막 온몸에 진드기를 붙이고 와서 나랑 같이 뛰어 놀고 막 습속을 헤매고 이런 것들을 더 못 한다라고 얘기를 하더라고요 우선 진드기를 피하는 방법을 보면 진드기는 어떤 계절에 가장 많을까요 진드기는 4계절이 있어요 근데 따뜻해지면 활동성이 확 올라오기 시작합니다 그래서 날씨가 따뜻해지는 봄과 여름에 진드기가 가장 많게 되고 위험성이 가장 높아져요 한이나 이런 뭐 풀수 이런데 많기 때문에 그런 곳을 피해야 되는데 사실 우리 아이들이 어딜 제일 좋아하죠 잔디 풀수 같은 것을 가는 걸 훨씬 더 재밌어 하죠 그러다 보니까 완벽하게 피기라는 쉽지 않다 두 번째 산책후 확인하는 방법이 있습니다 진드기는 30cm 아지도 이동 가능해요 그러니까 우리가 풀숲에 아예 들어가지 않았다고 하더라도 진드기에 감염될 수 있다라는 거죠 여러분들은 산책하고 나서 우리 아이들을 유심히 한번 살펴봐야 되는데요 우리가 산책후에 확인해야 되는 부위에 대해서 말씀드리면 알려 드리려고 우리 세상이 왔습니다 정말 착한 세상이 기본적으로 진드기가 어디에 붙기 쉬울까요 살을 집어야 되기 때문에 털이 없는 부위에 진드기가 붙을 가능성이 상당히 높아요 첫 번째로이 귀 안쪽 여기 잘 붙습니다 여기 예 이게 세상이 같은 경우에는 귀가서 있으니까 그냥 보이겠죠 근데 귀가 이렇게 접힌 애들이 있어요 코카나 리트리버 이런 아이들은이 안쪽에 붙어 버리면 내가 이걸 들어서 보기 전까지는 모르는 거예요 두 번째이 눈꺼풀도 그렇게 털이 많지 않아서 잘 붙는 편이고요 세 번째 목줄을 하게 되면 안쪽에 진드기가 무는 경우들이 있기 때문에요 뒷목과 목줄 안쪽 잘 확인해 주셔야 되고요 세 번째 겨드랑이요 양쪽 다 이쪽 부분 잘 확인하셔야 되고요 그다음엔 이런 발가락 사이사이 발로 걸어다니기 때문에 붙을 가능성이 가장 높아요 또 하나 또 털이 없는 부분이 어디일까요 여기 사타구니 그죠 배나 사타구니는 털이 별로 없어요이 세상에 같은 경우는 워낙 털이 짧아서 그렇게 차이가 안 나 보이는데 좀 털이 긴 친구들이나 복실복실한 털을 가지 아이들은 여기에 더 털이 없는 것처럼 보입니다 그리고 우리 똥꼬 뚜껑이 꼬리 안쪽도 잘 붙는 부위니 잘 한 번씩 확인을 해 주셔야 됩니다 근데 그 이외에도 여기가 진드기가 잘 붙는 부위인 거지 털이 있는 부위 안 붙지는 않아요 그래서 전체적으로 만져 보면서 혹시라도 붙은 것이 없는지 확인해 주시는게 좋습니다 진드기가 저희 눈에 보여요 보입니다 제가 던 진드기 중에 제 밀크 네가 거짓말 안 하고요 만해요 처음엔 진짜 조그만데 이게 붙어서 피를 빨아먹기 시작하면 진짜 이만해 져요 뭔가 좀 오돌토돌한게 있으면 피부를 이렇게 꼬집어서 이런 식으로 찾아봐 주시면 돼요 이렇게 근데 빗질 같은 경우에도 이게 모발의 상태에 따라서 되게 달라질 수 있거든요 참빛 같은 걸로 해야 되는데 털이 곱슬곱슬한 애들 그걸로 못 해요 그러다가 보호자랑 사이 나빠져요 그래서 우선은 좀 만져보고 정확하게 이제 확인을 해봐 주시는게 좋고요 산책 후에 집에 와서 발을 닦이고 유심히 살펴봤더니 진드기가 보인다 어떻게 해야 될까요 우리가 진드기를 진드기 예방약을 하는 이유가 뭐라고 처음에 말씀드렸죠 진드기가 징그러워서 아니라 얘네들이 옮기는 병 때문에 그래요 결국에 오래 물고 있을수록 질병이 옮길 가능성은 높아져요 우리 눈에 보일 때 떼야 됩니다 딱 떼면이 살이 이렇게 이렇게 늘어나다가 잘못되면 앞에 부분만 톡 떨어져 나면서 남아 있는 진드기의 입부분이 염증을 일으킬 수 있기 때문에 하지 말라고 했었는데 최근에는 그보다 더 중요한 건 이런 심각한 문제를 일으킬 수 있는 질병들을 예방하는게 더 중요하기 때문에 우선 떼고 남아 있는 이빨들 정말 특별한 경우들을 빼고서는 크게 문제를 일으키진 않는다라고 얘기를 하고 있어요 그래서 진득이 뗄 때 그것만 조심해 주시면 돼요 뾰족한 핀셋 쓰지 마시고요 넓은 핀셋을 쓰셔야 되고요 그런 걸 가지고 피부를 딱 피고 가장 깊숙히 이빨까지 잡은 다음에 서서히 텐션을 주면서 떼내면 됩니다 좀 남아도 크게 문제를 일으키진 않고요 걱정되시면 병원 가서 소독하고 이렇게 염증 일어날 것 같은지 한번 봐 주시면 돼요 그래서 뗐는데 여기서 또 중요한게 있어요이 뗀 진드기는 많은 분들이 떼면 되나 아니면 싱크대에서 물로 흘려 보내는 경우가 있는데 이렇게 하지 말래요 가끔이 하수구에 붙어 있다가 올라온다고 합니다 그래서 정확하게 죽인 다음에 변기에 내려보내는게 가장 안전합니다 아니면 청테이프 같은 거에다가 진드기 넣고 계속 이렇게 싸는 거죠 절대로 못 나오게네 이렇게 진드기를 떼내고 집에 있는 소독약으로 좀 소독을 해 주시면 됩니다 동물 병원에서 소독약을 받아서 쓰는게 더 좋긴 합니다만 너무 걱정은 안 하셔도 됩니다 그다음에 뭐가 있을까요 벌레 퇴치 스프레이가 있습니다 저도 이게 상당히 궁금했어요 그래서 아 이게 정 효과가 있나 하고 저도 알아봤는데 효과가 있다고 합니다 근데 문제는 100% 아니에요 진드기 매개 질병의 예방 약을 안 하고 이것만 했을 때는 위험할 수 있다라는 거예요 즉이 벌레 퇴치 스프레이를 하면 다섯 마리 붙을 걸 한 마리 붙게 하는 거지 모든 진드기들이 어 나 이거 싫어 하고 안 붙는 건 아니다라는 거죠 그리고 좀 중요한게 하나 있어요 터에서 제품들을 찾아보면 개피 스프레이가 가장 많더라고요 진드기가 개피 향을 싫어한다 보통 이런 개피 스프레이를 어떻게 하냐면 강아지 몸 같은데 뿌려 주게 되거든요 그러면 진드기들이 어이 냄새 싫어하고 이제 안 붙게 되는 건데이 농도 조절을 잘못했을 땐 강아지들 피부에 자극을 줄 수 있기 때문에 안전하다고만 생각하면 안 된다라고 얘기하는 거예요 그러면 개피 말고 좀 안전하게 벌레 해충들 퇴치할 수 있는게 무엇이 있나고 제가 찾아봤더니 저도 이건 처음 들어봤어요 시더우드 그리고 페퍼민트 시더 우드나 페퍼민트가 강아지들에게 진드기 기피제로 좀 안전하게 쓰일 수 있다 뭐 페퍼민트 같은 경우에는 얼굴 쪽에는 조심해서 쓰라고 얘기를 하고 있습니다 그런데 좀 한번 확인은 해 보셔야 될 거 같아요 믿을 만한 제조사지엔텍 [박수] 수 있는 장벽 자체가 너무 덥기 때문에 좀 시원한 그런 하나의이 직사 서를 막아줄 수 있는게 오히려 도움이 될 수 있습니다 흔들기 방지 옷도 어느 정도는 효과가 있지 않을까라고 생각이 들어요 그다음에 이제 우리가 가장 많이 하는 외부 기생충 약이에요이 외부 기생충 약은 진드기가 붙게 하지 않는게 아니라 붙은 진드기가 우리 강아지들 몸에 돌고 있는 남아 있는 약을 빨아 먹었을 때 진드기가 그 약을 먹고 죽어서 떨어지게 하는 역할을 한다 진드기 매개성 질병을 옮기기 전에 물었던 진드기가 죽어서 떨어지는 것을 목표로 하는게이 외부 기생충 약이에요 외부 기생충약 같은 경우에는 크게 토피컬 제재 그러니까 바르는 제재가 있고요 먹는 제재가 있고요 그리고 마지막으로이 목걸리 형이 있습니다 그래서 토피컬 제재 같은 경우에는 보통 이렇게 털을 이렇게 골라내고 여기 이렇게 바르게 되죠 그리고 목걸리 형으로는 세레스토는 제품이 있어요 사실 세레스토는 제품은 얼마 전에 한번 이슈가 됐었죠 뭐 부작용으로 1698 리가 17마리가 잘못 됐다라는이 기사가 뜨면서 세레스토 하면 안 된다 이런 얘기들이 돌았는데 사실 그 퍼센트를 확인해 보니까 0.006% 되게 낮은 확률이고 다른 모든 약들과 비교했을 때 그렇게 위험하다라는 수치라고 하더라고요 지금까지 세레스토 썼을 때 문제를 일으키지 않은 아이들은 더 걱정을 안 하셔도 되고요 세레스토 그렇게 큰 문제를 일으킨다고 지금 밝혀진 바는 없다 그리고 세레스토뿐만 아니라 다른 진드기 제품들에 대해서도 많은 분들이 막 걱정하시 저 예전에 진짜 어이없 덕들은 거 있는데 심장 사상충이란 외부 진득이 막 발랐더니 애가 죽은 다음에 땅에 묻었더니 썩지 않고 있었다 어디서 얘기가 나왔는지 모르겠지만 절대로 그럴 일은 없습니다이 실제로 우리가 흔히 아는 이런 외 기생 축약의 부작용들이 사실 실제로이 외부 기생충약 때문인지도 밝혀지지 않았어요 부작용이 일어날 확률과 진드기에 물려서 바베시아 같은 생명을 위협할 수 있는 이런 질병에 걸릴 확률을 비교해서 어떤게 더 리스크가 클지를 보면 저는 무조건 외부기생충 약을 하는 것을 선택하겠습니다 왜 그러냐면이 수의사들은 더 잘 알거든요 수열을 해 줘야 돼 근데 강아지들 수열이 사람만큼 쉬울까요 어려워요 정 정말 이렇게 해도 안 되면 무지개다리를 건너는 경우도 많기 때문에 아직 확실하게 밝혀지지 않는 부작용 너무 걱정하지 마시고 외부 기생충약을 저도 지금 꾸준히 하고 있지만 너무 걱정은 안 할 것 같습니다 만약에 우리 강아지가 운동장에서 열심히 뛰어 놓는데 우리 강아지의 친구 강아지 같이 잘 노는 애가 목덜미를 깨문다 그나 내 칼라를 물고 막 같이 뛰어놀고 이런 친구라면 세레스토는 안 하는게 좋을 거 같아요 우리 이제 외부 기생충 약 중에 가장 크게 이렇게 세 가지로 토피컬 그리고 로 먹는 거 목걸이형 이렇게 있다라고 말씀을 드렸잖아요 얘네들의 차이는 뭐냐 이건 진드기의 범위가 예방 범위가 조금씩 다를 수 있어요 대부분 크게 차이는 없으니까 너무 걱정은 안 하셔도 됩니다 그리고 바르는 거 같은 경우는 우리 아이가 음식 알러지가 있을 때 물론 알러지를 일으키지 않게 하기 위해서 가수분해된 고기에 싸서 준다거나 하기는 하는데 좀 심한 음식 알러지가 있다고 하면 저는 그냥 바르는 걸로 하라고 해요 그 그러면 먹는 거는 어떨 때 더 추천하나 우리 집에 아기가 있을 때 이거 바르고 나서 그래도 보통 한두 시간은 만지지 말라고 얘기를 하거든요 흡수될 때까지 우리 아이들한테 만지지 마라고 했는데 애들이 말을들을 리가 있나요 이렇게 만지다가 얘한테 흡수될게 나한테 와버리는 경우가 생길 수 있죠 그래서 애기가 있거나 내가 자꾸 까먹고 쓰다듬는다 그러면 먹는 걸 더 추천드릴 것 같아요 그리고 범위가 조금씩 다르니까 이거는 나중에 한번 또 다뤄보도록 하겠습니다 이번 시간에는 진드기의 예방법 진기 가 붙었을 때 어떻게 해야 되는지 그리고 진드기 치료제 진드기 예방 약에 대해서 한번 말씀드려 봤습니다 오늘이 영상 잊지 마시고 행복한 산책 하시길 바랍니다 구독 좋아요 알림 설정 잊지 마시고요 또 놀러오세요 안녕 [음악],
13,https://www.youtube.com/watch?v=kP9oxdkdIXY,kP9oxdkdIXY,[Everything About Dog Neutering Part 2] Should I Neuter My Dog? Or Not?,설채현의 놀로와 ,반려견 에 대한 궁금증을 솔직하고 독하게 알려드리는 설치 할 수 있습니다 충성을 언제 해야 되느냐 아 이것도 저도 되게 머리 아프게 해요 대부분의 동물병원에서 어떻게 하고 있냐면 6개월 이전에 남녀 품은 6개월 이전에 하는 걸 추천하고 있어요 이게 아무 이유가 없는게 아니에요 6개월 이전에 중성화 수술을 하는 이유는 남자애들 같은 경우에는 개 충 기전에 성성 수끼 전에 수술을 해서 나쁜 습관이 들어 있지 않은 상태에서 수술을 하기 위해서 6개월 이전에 하구요 여자 아이들은 조금 더 복잡합니다 첫 발정 전의 수술을 했을 때 유방암이 99% 해봤는데요 언제든지 수소로 이건 수술만 하면 작은 축농증 은 100% 예방할 수 있어요 근데 유방암은 첫 발정 전에 해야지만 99% 예방 가능 하고요 첫 발 쩡 후회하면 1 88% 정도 예방이 가능 하구요 그 점점 갈수록 예방 율은 떨어지다가 3번 발정이 후부터는 유방암 예방에 거의 효과가 없어요 그러다 보니까 수 의사들은 의학적인 부분을 가장 신경쓰는 사람들이기 때문에 유방암을 확실히 예방할 수 있는 6개월 이전을 출전을 하게 되는 것이죠 근데 문제는 제가 아까 단점을 말씀드렸잖아요 여러 단점이 있는데 대부분 빠른 중성화 에서 일어나요 그러니까 성호르몬 들도 성장의 상당히 중요한 역할을 하는데 남자 아이들 같은 경우에는 어떤 게 있냐 면 비뇨기 요도 라고 하죠 오줌이 지나가는 길이 다 성장하지 않고 되게 좁은 상태로 성장을 해서 멈출 수가 있고요 그렇게 되면 나중에 절 벌써 기안 생기면 좋지만 결석이 생기면 좀 잘게 어요 요도 소금 저한테 돼요 4 그렇게 잘 끼는 경우도 있고 여자일 같은 경우는 아까 말했던 단점들 몸 특정 암에 증가 성장 조금 더 뼈가 길어 지는 거 이런 증상들이 나타날 수가 있죠 그리고 아까도 말씀드렸지만 너무 이른 시기에 여자애들 같은 경우에는 중성화를 하게 되면 유방암은 100% 99% 예방 가진 가능하지만 약한 조금 더 흥 정도가 높아진 경우들이 있어요 그래서 제 개인적으로는 여자애들 같은 경우에 제 딱 봤는데 얘기가 조금 어렸을 때 아 약간 공격성 도 있고 흥분도가 강해요 그러면 유방암의 예방 유를 쭉 끔 은 낮추 더라도 첫 발정 에서 두번째 발정 사이에 수술 하는 걸 추천드려요 조금더 성장이 있고 나서 수술 하는거 저는 추천드려 대신 말씀드립니다 유방암을 이제 이렇게 되면 99% 예방은 못한다 어느정도 위험성을 생긴다 남자애들 같은 경우에도 그런데 결국에는 아무리 열심히 해 봐도 평균적으로 는 모든 걸 다 종합적으로 봐도 6개월 이전에 수술을 하는게 평균적으로는 음 가장 이득이 많다 라고 보시면 됩니다 어우 서는 중 성화의 대한 잘못된 정보들을 에 대해선 한번 잡고 넘어가 볼게요 중성화 수술 하면 성격이 변한다 성격이 변하지는 않아요 네 걱정 안하셔도 됩니다 이건 좀 잘못된 거예요 성격이 * 한다기보다는 흥분도가 좀 바뀔 수 있어요 아까 말씀드렸던 대로 여자애들은 너무 일찍 했을 때 약간의 흥분도가 높아지는 모습들이 보일 수 있고 근데 그렇게 차이는 많이 없더라구요 제가 봤을때 남자아이들은 좀 차분해 지는 경우들이 있죠 이렇게 뭔가 침을 해준다거나 성격이 변하는 이유는 환경적인 영향 다른 의학적인 영양 이런게 워낙 많기 때문에 이걸 꼭 중성화 때문이라고 볼 수는 없고 제가 봤을땐 중성화 때문에 성격이 변하는 아이들은 거의 없습니다 제 전문적인 식사 안에서는 그래서 두 번째로는 중성화 수술한 반려견은 뚱뚱하고 게을러 진 다 아까 말씀드렸지만 통통해 질 수 있어요 이건 누구 탓이다 옷 아님 탓이에요 내 이거 청 이거는 보전 님이 강아지들은 자기 스스로 먹지 않아요 고장 님이 주신 대로 먹어요 4 그렇기 때문에 어 중성화 수술을 했다고 한다면 알맞은 양으로 잘 정해서 주시는게 좋아요 그리고 뚱뚱 계열 중성 앞서기 때문에 별로 짓는게 아니라 뚱뚱해서 게을러 지는 거예요 움직이기 귀찮아 지니까 결국에는 뚱뚱해 지지 않게 우리 버전 님들이 잘 어 먹는 양을 조절해 주셔야 되구요 음 이거 제일 많은데 중성화 수술 전 새끼를 낳는 것이 좋다 빨간 된 얘기입니다 우리 자궁축농증 의 원인을 한번 말씀을 드려 볼게요 여자아이들이 발전 을 하면 정자를 받아야 되요 정자도 딴 물질이 잖아요 외부 물질이기 때문에 평소 때는 내 면역체계가 아빠가 근데 정자가 들어오게 하려면 어떻게 되죠 변혁 체계가 일을 안 해야 되요 그래서 발전이 일어나고 조금 지나면 발틱 그 발정 시기에 영향력이 떨어져요 왜냐면 정자를 받아 들여야 됩니다 그런데 우리 사람들은 팬티를 입고 다니 잖아요 이런 것들에 팬티 입고 다니는 거예요 병원균이 들어오지 않게 하려고 근데 우리 강아지들은 팬티도 안 입죠 바지도 안 입죠 산책하다가 그 같은데 막 안쪽 가끔 혀로 할 점 즉 면역력이 떨어진 시기에 그런 병원균이 들어가 버리면 이 자궁 안까지 들어가요 그리고 나이가 들면 들수록 작은 벽은 약해 지거든요 두꺼워지고 그럴때 이 세균이 들어가 버리면 그 안에서 놈을 만들고 이렇게 커져버린 크게 자궁축농증 이에요 그런데 새끼를 낳는 것과 이 작은 축농증 새끼를 낳는 것과 유선종양 암으로 쪼끔 에 이득도 없습니다 이건 완전히 잘못된 얘기에요 쪼끔 에 이득도 없으니까 중 성악에 좀 새끼를 중성화를 안한다면 새끼를 낳아 준 건강 할 거야 이런 말도 안되는 얘기입니다 4 확실하니까 저 드셔도 됩니다 쑤 컷에 남성적 아이덴티티를 있게 될 것인가 이렇게 될 것이다 남성적 아이덴티티가 왜 필요할까요 반려견 내게 저는 그렇게 생각해요 이거 이게 사람 적인 생각 이라고 생각해요 사람 저 사람 적인 생각 이라고 못하고 마치 우리 그 충성 식 이런거 찾는 그런 부분과 되게 상당히 유사하다는 생각이 들고요 중성 한수 수라 중성화 수술한 강아지 암컷 장수한다 4 수컷 암컷 아까도 설명 드렸지만 다 장수 해요 uc 데이비스 에서 한참 성 500마리 를 대상으로 우리 세계 미국에서 1위 수의과 대학 이에요 그 대학에서 자기네들 병원에 들어와서 무지개를 다리를 건너거나 뭐 이렇게 치료한 아이들을 다 종합적으로 분석을 해보니 중성은 수집 한 아이들이 평균수명이 1 1.7 년 정도 더 길었다 라는 연구 결과가 있습니다 중성화수술 비용 수컷 암컷 다른 이유는 아까도 제가 말씀드렸지만 수술 난이도 차이가 너무 달라요 너무 시간 수술시간과 난이도 재료의 수술에 들어가는 그런 노력의 차이가 속한 것은 완전히 차이가 납니다 그래서 당연히 한 컷씩 앱 옥수수 미남 것이 훨씬 더 수술비용이 비싸구요 병원마다 다른 이유는 아 좀 이것도 똑같아요 보통 중성화수술 비용 소형견 기준으로 40만 원에서 비싼 곳은 난 80 만 원까지 우선 보호자 분들이 확인 하셔야 되는 건 이번 유무 꼭 그 가격에 이번 이 포함되어 있나요 후 처치 비용이 포함되어 있나요 이거 에 따라서도 막 천차만별 어디서는 40만원 이라고 했는데 수술 비용만 40만원 인 경우가 있어요 그래서 이번 하고 후 처치 받고 했더니 한 60만원이 나오는 경우 있고 어디서 60만원 이라고 했는데 그 안에 이번 비 후 처치 비용이 다 포함이 되어 있는 경우도 있어요 그래서 조금씩 이렇게 가격이 달라지는 경우가 있구요 또 하나는 똑같아요 2 이 사람이랑 똑같은게 수술을 할 때 할 것들이 되게 많거든요 우선 술 점검 4 수술을 이겨내기 에 충분히 건강 1가 2 검사도 만약에 하면 한도 끝도 없습니다 우리가 기본적으로 혈액 검사만 하는 것도 있구요 혈액 검사도 6종을 하느냐 12종을 하느냐에 따라 줄수 따라 달라질 수 있어요 당연히 12종을 하는게 안전하겠죠 그리고 혼마치 를 해야 되기 때문에 아니면 마치 도중에 호흡기계 문제가 생길까봐 엑스레이를 찍는 곳이 있고 안 찍는 곳이 있습니다 당연히 씻는게 안전하겠죠 확률이 적더라도 최대한으로 좋게 따지면 막 쳐야 철회 검사 안전하게 다 돌리고 엑스레이 찍고 수술도구 엄청나게 좋은 것을 쓰고 마치 나 이런 것들 그리고 마치 할 때 수 위드 한 명 더 들어와서 우리 가끔 이제 수술할 때 마치 사고 걱정 하잖아요 안전하게 하려면 맞추 도구도 엄청 됐어요 그리고 어 아니면 뭐 수의사가 가치도 옆에만 마치 전문의 처럼 붙어 있거나 이렇게 되면은 가격이 좀 오르는 경우들이 있죠 그러니까 안전하게 하려면 한도 끝도 없어요 사기 출력을 막 정식으로 한게 아니라 약간 다 이유가 있어요 4 2번을 하냐 말하는 약 영국의 옷들이 있는데 5 강연이 이것도 똑같아요 아내도 안전한 경우가 많지만 하는 경우엔 신 좋죠 보통은 아침에 수술을 하고 저녁 때부터 먹게 되구요 회복 씩 을 주게 되는데 아이들 성적 마다 조금씩 달라요 근데 남자 애들은 뭐 거의 뭐 수술 한지도 모르고 뛰어놀고 요 바로 수술 끝나고 조금 이따가 부터 여자아이들은 별로 이렇게 통증의 예민하지 않은 아이들도 그 저녁부터 완전히 평소 때랑 똑같이 활동을 하고 약간 예민한 아이들은 다음날 전혀 까지의 좀 침몰에 하거나 힘들어하는 경우가 있어요 요즘 어 동물병원에서 도의 진통에 대해서 되게 중요하게 여기기 때문에 선생님들이 다친 더 잘 해 주시 거든요 그래서 그런 것도 너무 걱정은 안하셔도 됩니다 목욕은 10박 풀 때까지 보통 실밥을 일주일 뒤에 풀게 되는데 10 아플 때 까지는 안하시는게 좋구요 산책은 어 아이들 컨디션 완전 케이스 바이 케이스 에요 아이를 컨디션 봐가면서 하니 3일 이후에 컴퓨터 괜찮다 라고 하면 살짝 가짜 해주시면 좋은데 특히 여자애들 같은 경우에 너무 과한 산책하며 안되요 이거 터지는 경우 있어요 복압이 올라가면서 흥분 하면 그래서 너무 과한 산책은 않아도 되셨습니다 어쩔 수 없이 수 이상을 중 선수들 얘기하면 음 악플도 많이 달리고 욕을 먹을 수도 있다라는 거 아는데 도요 최대한 제가 아는 정보들을 알려 드리고 우리 보호자 분들이 하라 마라 가 아니에요 보호자 분들이 가치 판단을 하셔서 나한테 가장 맞는 우리한테 가장 맞는 결정을 내리지 걸 도와 드리려고 하는 거니까 정리를 한번 해 드리자면 우선 중성화 수술을 할까 말까를 고민해보자 제가 말씀드린 장 단점들을 보면서 아 의학적 간단하게 설명드리면 행동학적 으로 나 의학적으로 나 장단이 있지만 하는게 종합적으로 봤을 땐 조금 더 좋다 그래도 나는 안할래 하시는 분들은 이제 고민을 안하셔도 될 것 같구요 하겠다 라고 하는 시기는 가장 일반적인 방법은 6개월 이전 이달에 내가 우리 아이들의 건강이나 이런게 조금 더 예민하다 어 어린 시기에 중성화 하는 것에 대해서 그런 단점 들에 대해서 많이 틀어 보고 너무 크게 걱정이 된다 하지만 행동학적 이 문제는 데 컨트롤 잘할 수 있을 것 같다 라고 한다면 남자아이들 조금 성장이 끝난 1살 정도 여자아이 드 첫 번째 발전과 두번째 발 점 중간 이러면 여자아이들은 어 유방암 발병률은 조금 증가할 수 있다 이렇게 정리를 해드리면 될 것 같습니다 중소 하소서 를 하고 난 이후에는 먹는거 잘 관리해서 살이 찌지 않도록 하는게 또 포 인 트 웨 어 사회 주면 잘 보시면 가끔 그런거 있어요 중성화수술을 한 아이들은 이것보다 몇 퍼센트 적게 주세요 이런것도 잘 확인을 해보시면 훨씬 도움이 될 것 같습니다 4 어 시간이 또 빨리 갔는데요 오늘 또 중성 아소 이거 어려워요 수의사 들한테 더 어려운 문제인데 제가 최대한 좋은 정보 드리기 위해서 말씀드렸으니까 또 궁금한 점이나 이런 거 있으심 이거 엄청 많이 들어올 거라고 생각이 듭니다 궁금한 점은 댓글로 남겨주시면 제가 최대한 모르는 게 있어도 저희 또 찾아보고 하면서 답변을 드릴 테니까 댓글 많이 남겨 주시고요 다음번에 또 더 좋은 정보로 찾아뵙도록 하겠습니다 안녕할 것 입니다 말로만 해지는 합에 트위터,
14,https://www.youtube.com/watch?v=zbKzkAajjN8,zbKzkAajjN8,대한민국 강아지 슬개골탈구 많은 이유는!? |설채현 수의학,설채현의 놀로와 ,안녕하세요 강아지에 대한 궁금증을 솔직하고 독하게 알려드리는 독설 티비 설치 연수 및 합니다 오늘의 게스트는 4 여기 a 라고 정말 통해서 1화 아울러 빛이 정말 이쁘게 생긴 허스키 구요 네 살에 여자인데요 먹는 걸 너무 좋아해서 이거 먹음 아마 갈 거예요 이제 역 따라서 예 엎드려 아 군대는 몇 군대 기다려 뭐 뭘 쪼개 아 바로 기다려야 으 라구 으 아 안 젖 * 잘하네 바로 안쪽 그건 좀 다지는 것 같은데 너무 다 끝났어 카 앉으면 갈 거예요 어 오늘의 주제는 우리 반려견 가족들이 벌써 가냐 싸이 라로 하루는 이제 다 먹고 같고요 오늘의 주제는 이겁니다 슬개골 슬개골탈구 에 대해서는 말씀드릴 건데 [음악] 쓸개 골 아닙니다 많은 분들이 자꾸 쓸개 고리 라고 하는 핵 슬개골이 에요 쓸개 고리 아니라 어 술 개구리 뭐냐 우리 사람도 가지고 있습니다 헷갈리지 않게 하려면 제제 다리뼈 랑 이 뼈가 이쁘구요 b 뼈가 뒤 뼈 해요 그리고 요기 있는 이게 쓸개 골 아니고 수뢰 버립니다 우리나라 강아지들이 술 게 고리 슬개골 탈구가 진짜 많아요 왜 많을까요 왜 많을 꺼 주세요 술이 올탈 우리나라 강아지도 출격을 타고 엄청 막 소형견 아이들이 슬개골 탈구가 정말 많은데 없으면 정말 운이 좋을 정도로 있는 아이가 더 많을 정도로 설경을 달과 많습니다 틀 개골 탈구는 유전 주유 전인 경우가 가장 많아요 그러니까 우리나라가 소개 올탈 과 많은 이유중에 하나가 결국엔 자꾸 작게 작게 만들고 번 식장 모견 중의 슬개골 탈구가 있는 아이들이 있는데 그 아이들이 계속 새끼를 낳으면 유전적으로 계속 슬링을 탈구가 있는 아이들이 태어날 가능성이 높아지죠 어이 술 개골 자리가 역인데 자꾸 작은 강하지만 우리가 찾다보니까 강아지를 작게 작게 만들 조 자극 뼈가 강아지가 4 가지니까 뼈도 작아져야 그러면 여기 깊이도 되게 얕아 지면서 이 뼈가 이 빠집니다 이게 슬개골탈구 해요 제가 이걸 하는 이유가 진짜 슬개골 탈구가 그렇게 많고 많은 보호자 분들이 정말 걱정을 해요 이게 뭔지 그리고 수술을 해야 되는지 그리고 이게 왜 위험한 지 왜 위험 1g 이 뼈 모양만 보시면 딱 아세요 보통 우리나라 강아지들은 이게 바깥쪽이 고이게 안쪽 이면 슬개골이 이렇게 빠집니다 그런데 이렇게 빠지게 되면 어떻게 될까요 요거 올래 이 절이 있어서 이게 이렇게 잘 일자로 돌아가게 만들어야 되는데 이게 이 자리에 있다 보니까 요기가 이렇게 굽어져 요 그러면 우리 사람으로 보면 우리 오다리 라고 얘기를 많이 하죠 이 상태에서 움직여야 되는데 이게 이렇게 잡혀서 양쪽에서 잡아 당기다 보니까 뼈가 자꾸 이렇게 틀어지게 됩니다 그래서 나중에 문제가 생겨요 많은 분들이 슬개골 탈구가 있으면 으 이거 때문에 아파 한다고 생각하는 경우가 많아요 슬개골 탈구 때문에 아파 한다고 생각을 하는 경우가 많은데 슬레이어 탈구는 지금 당장 아플 수도 있지만 그것보다 그것보다 그것보다 뼈가 빠짐 으로서 오랜 시간 동안 뼈가 변형이 되고 요 안 쪽에 문제가 생기는 게 훨씬 더 위험한 질병 이에요 우선은 슬개골 탈구의 진단 방법 음 저는 사실 보자 님들이 그냥 보고만 대해서 알기 쉽지 않습니다 어 가장 먼저 수의사 분들한테 촉진을 해보고 이 몇기 인지 아시는 게 되게 중요한데 슬개골 탈구의 1기 재미없을 수 있는데 이걸 아셔야 지 우리아 예술계 골의 대응을 할 수가 있습니다 어떻게 치료를 하지 우리가 1기부터 4기까지 있어요 일기 같은 경우에는 평소 때 제자리에 있구요 원래 이 홈 안에 잘 들어가 있고 웬만한 오빠 지지 않습니다 그냥 평상시에 거의 안 빠진다고 보시면 되요 근데 제가 억지로 딱 뺐다가 손을 똑 눈은 다시 제자리로 돌아가는 그니까 이 상태는 아 크게 걱정안해도 되는 별일 없는 상황이라고 생각하시면 되고 2기 같은 경우는 1기 보다 조금 더 잘 빠져요 조금 더 잘빠지고 어 무릎을 굽혔다 폈다 할 때 빠졌다가 다시 제자리로 돌아 와요 그러니까 평상시에 거의 제자리 에 들어가 있어서 무릎에 무리를 주지 않는데 쪼끔 밖에서 힘이 들어가면 빠졌다가 도 그 힘이 없어지면 다시 제자리로 돌아오는 상황을 이익 이라고 보시면 되요 이제부터가 조금 중요해 되는데요 3기 부터는 평소에 이렇게 안쪽으로 내측 탈고 되어 있는 상태가 많습니다 이렇게 바깥으로 빠져 있는데 제가 억지로 집어 넣으면 들어가요 그런데 조금 또 움직이다 보면 또 빠지고 억지로 제가 넣으려고 하면 들어가는 그러니까 평상시에 정상의 위치를 벗어나 있는데 수의사들이 외력 으로 집어넣으면 잠깐은 들어갈 수 있는 상황 이걸 우리가 3기 라고 보고요 사귀는 이제 좀 눈치 빠르신 분들은 아시겟지만 아예 바깥으로 빠져나와 있구요 제가 넣으려고 해도 안 들어가요 그 누가 원래 정상상태로 돌리려고 해도 돌아오지 않는 상황을 우리가 사기 라고 합니다 음 자 그러면 언제 병원을 가봐야 될지 궁금 하신 분들 많을텐데요 이게 완전히 달라요 켓 저는 이제 케이스 바이 케이스 가 아니구 케이스 바이 케이스 라고 하는데 어 우선은 꼭 가봐야 되는 상황은 우리 아이가 갑자기 다리를 절 부 들고 깽깽이 로 걸어다닌다 금연 무조건 우선 가서 슬개골 탈구가 있는지 확인을 한번 해보셔야 되고요 그리고 우리집 강아지가 소형견 인데 별다른 문제는 없어요 그래도 병원 잠깐 들렸을 때 혹시 슬개골탈구 있는지 확인을 해달라고 말씀해 주시는게 좋습니다 그 수의사들이 금방 확인할 수 있거든요 만져보면 그러니까 뭐 이렇게 일반적인 진료 하러 갔을 때 우리 아이가 호 흙이 옳다고 있나요 하고 먼저 한번 확인해 달라고 말씀 해주시는 게 좋아요 우선 다리가 아프면 강아지들은 들기 때문에 되는거 이외에 아주 특별한 증상을 보이지는 않으니까 꼭 미리 한번 확인을 해보시는게 좋을 것 같고 음 그러면 수술은 언제 하는게 좋을까요 아까 유이 깊게 들어 주의깊게 들으신 분들은 하실거예요 얘기는 어 원래 정상 위치에 있어요 이슬 개구리 가끔 빠지기 때문에 지속적으로 큰 무리를 안 줄 가능성이 더 많아요 근데 3 사귀는 아까 제가 뭐라고 말씀드려야 면 슬개골이 원래 기본적으로 빠져 있어요 빠져 있기 때문에 어 무릅에 우리 계속 이렇게 d 틀려서 움직이기 때문에 요 안쪽에 연골 들과 십자 인대의 계속 영향을 줄 수 있습니다 그래서 그래서 왜케 많이 아시죠 그렇기 때문에 어 3기가 넘어가면 아파하지 않아도 수술 하는 걸 추천드려요 수 기사들은 많은 분들이 오해하시는 게 슬개골이 빠지는 것 자체가 아픈 거라고 생각하시는 경우가 많아요 빠진 것 자체도 좀 아플 수 있는데 3개 정도 된 아이들은 이게 아예 빠져서 이 고통의 되게 적응을 하고 무뎌져 요 그래서 안아파 하게 되죠 보통 1 얘기하 이들이 더 아파요 처음에 딱 빠졌을 때 그 뼈가 극히 는 느낌과 평생 느껴보지 못한 이상한 으스스 한 느낌 그런거 때문에 오히려 처음에 빠질 때도 아파 하구요 나중에 적응을 하면서 않아 팝니다 그러면서 보자 분들은 음 이제 괜찮아 전합니다 이렇게 생각을 하시는 경우들이 많은데 보통 문제는 심각해 지고 있는데 잘 모르시는 경우들이 훨씬 더 많아요 이 뼈는 우선은 기본적으로 설명을 드리면 요즘 아이들이 20년까지 사니까 이십 년을 쓰도록 만들어져 있어요 20년 에서도 만들어져 있는데 이 관절은 이게 빠지는 순간 그 수명이 확 줄어듭니다 왜냐하면 원래 정상 상태가 아니기 때문에 2 우리 반려견 들이 처음으로 태어나서 그대로 가져가야 할 정상 상태가 아니기 때문에 그 수명이 보통 10년 이하로 줄어들 수 있어요 그래서 수의사 들은 말씀을 드리는 거죠 수술을 해라 그래서 제가 한번 정리를 해드리면 원래 정상 상태에서 벗어난 상태로 계속 있는 3기 사귀는 아파하지 않아도 수술을 하는 것이 맞아요 나중을 위해서 어떤 분들은 그럴 거야 우리에게 평생 최솔 안 해도 괜찮았어 운이 좋은 거예요 그리고 몸무게 애들 마다 달라요 다른 즉 강아지가 괜찮았다 라고 해서 우리집 아이가 괜찮은 가능성이 오히려 더 적습니다 그래서 3기 나 사귀는 어디서든 수술을 하는게 맞구요 그런 일 얘기는 수술 안해도 되나요 아닙니다 아닙니다 2기 에서도 아파하면 가끔 예민하거나 아니면 다른 문제점들이 더 복합적으로 있는 아이들은 원래 재정 제자리에 있고 살짝 살짝 빠지는데 도 2기 에서도 아파 하는 경우가 있어요 그러면 수술을 해 주시는게 좋아요 근데 이거는 제 의견이고 선생님들 마다 조금씩 다를 수 있어요 그렇다고 그 선생님이 잘못된 얘기를 하시는 야 그런건 아닐 거에요 왜냐하면 수소를 빨리 할수록 좋기는 해요 왜냐 이게 계속 여기서 이렇게 빠져 왔다갔다 하면서 빠졌다 들어갔다 빠졌다 들어갔다면 어떻게 될까요 릭 알려요 6 요기가 알리면 나중에 수술을 했을 때 재발할 가능성이 많은 분들이 슬개골 탈구 수술에서 가장 무서워 하시는 재발할 가능성이 상당히 높습니다 그 정리를 해보면 1 일 때는 거의 수술할 필요가 없구요 2기 때는 어 수술을 꼭 해야 되지 않지만 아이들이 계속적인 아픔을 느끼면 우리도 실천하여 아프며 뭐 강아지들의 정신건강을 위해서 수술 해주는게 좋고 만약에 잠깐만 아파 에 따라 보면 약먹고 지켜보는 게 좋고 3 사기는 빨리 해 줄수록 우선 좋습니다 극단적으로 설명을 드리면 건물이 무너져 가고 있어요 건물이 벌써 키우는 거죠 우리 얼마전에 강남에서도 어떤 건물 님 이렇게 벽이 기울었다 고 해서 사람들 다 아 빼고 이렇게 했잖아요 근데 거기다가 시멘트 많지 않은 거예요 건물이 기울어져 갔는데 금간 되다가 페인트 박 시멘트 만 조금 넣고 페인트 칠하고 이런 것들이 우리가 3 4기의 있는 아이들한테 영양제를 먹이는 것과 똑같아요 만약에 건물이 기울어져 쓰면 근본적으로 이 기울어져 있는 철근 또다시 기둥 둘을 올려 세워야 겠죠 그게 수술이라고 보시면 되고 3 4기의 있는 아이들은 음 아무리 영양제 먹어도 어느정도 소 까만 있을 뿐이지 절대로 나중에 나빠질 가능성이 훨씬 훨씬 더 높습니다 어 하리수 의사로써 저도 그런 부분들은 이해를 해요 제가 수입 하지만 우리 강아지가 슬개골 탈구가 있다 그러면 3기가 돼서 머릿속으로 수술을 해야 되는 걸 알면서도 걱정을 많이 할 것 같아요 수술 했다가 또 빠져서 힘들어 하면 어떡하지 그래서 저도 음 쓰기 못할 부를 가진 보고자 님들의 심정을 되게 많이 이해가 돼 이해가 되더라구요 제가 질려 볼 때 제가 보호자들이 는 어떨까 라고 생각을 해봤더니 그래도 어 그동안의 경험적으로 많은 영구적으로 3 4개에서 수술을 해서 나중에 크지 않을 확률이 훨씬 더 높기 때문에 어 걱정이 되신다고 하면 여러 선생님들을 좀 한번 만나보세요 학생들 마다 이거는 조금 다를 수 있으니까 여러 선생님들을 좀 만나보시고 그러면 조금 더 확신이 쓰실수 있으실 겁니다 어제 친구 강아지 이렇게 깨진 새 슬립을 탈구가 양쪽에 다 있었구요 그리고 체중 관리를 못해 줍니다 10살에 슬개골 탈구가 둘 다 이렇게 빠져서 한쪽이 먼저 요 안에 있는 십자 인대가 끊어져 써요 한쪽이 먼저 십자 인대가 끊어지고 그리고 다른 쪽도 차종이 많이 나가는데 다른 쪽도 승률 탈구가 있는데 한쪽이 십자 인대가 끊어진 이까 한쪽으로만 뒤 따가 반대쪽도 끊어 졌어요 그 친구가 수술 하기 수술하고 치료가 되기 전까지 누워서 똥 오줌을 쌌어요 모아서 걷지도 못하고 앞발로 이렇게 기어 다니다가 사장실 까지 못 가니까 앉아서 어떤 거죠 싸고 그래서 보호자 분이 엄청나게 고생한 경우가 있거든요 요 안에 망가져서 수술하고 이러는 것보다 슬개골탈구 로 미리 예방하는게 어 스 이사들의 경험상 훨씬 더 좋습니다 [음악],
15,https://www.youtube.com/watch?v=w4fn0_HJWzQ,w4fn0_HJWzQ,강아지 피부알러지&아토피 증상과 관리꿀팁! 1부(dog allergy)|설채현 수의학,설채현의 놀로와 ,달력은 에 대한 정보를 솔직하고 독하게 알려드린 독설 티비 섹션 수 있습니다 네 오늘은 의약 정보 중에 보호자 님들이 가장 힘들어하는 게 무엇일까 그리고 이제는 여름이 다가오는데 무엇일까 생각을 하다가 어 피부 에 대해서 말씀 드려볼까 합니다 특히 피부 중에서도 가장 많이 강아지들이 고생하는 것 바로 알러지성 질환 이에요 [음악] 이게 수 의사들은 이 알러지 에 대해서 잘 알다 보니까 5 설명을 한다고 하는데 이 보호자 분 들의 이해도가 조금 떨어지는 경우들이 있어요 저희 수의사들이 더 자세히 잘 설명을 드려야 지게 치료나 진단이 더 잘 나는데 가끔 그런 것들이 조금 모자란 경우가 있는것 같아서 제가 아는한 좀 좋은 정보를 드려볼게요 우선은 알러지가 무엇인지 예전에 제가 한번 그걸 했었잖아요 강아지 털 가르쳐 를 하면서 사람 알러지 에 대해서 살짝 말씀 드렸었는데 강아지 알러지 도 똑같습니다 4 새콤한 여기 라고 해서 어 들어오면 안 되는 물질이 들이 들어 왔을 때 그것을 공격하는 군대들이 있어요 근데 그런 군대들이 공격하지 않아도 되는 그런 물질을 전혀 위해 를 죽지 않는 그런 물질들을 공격해서 과학의 반응 하는거 간단하게 말씀드리면 과민반응을 하는 거다 라고 생각하시면 됩니다 그럼 빨래 명기는 일본식 발음입니다 알러지 예요 4 알롱제 에는 두 가지 종류가 있어요 강아지의 알러지 있는 두가지 종류가 있는데 우선 가장 먼저 음식 알러지가 있습니다 음식 알러지 음식 알러지는 무언가 먹었는데 그 먹은것 중에 공각 안맞는 것들에 대해서 내 몸과 안 맞는 것들에 대해서 내 몸이 과민반응 하는게 윤씨가 넣어주구요 그리고 아토피가 있어요 20회 깔리기 시작할 거에요 알러지 라는게 있음에 알러지 않았네 음식 알러지가 있고 그리고 두번째로 아토피가 있는 음식을 가지는 먹는거에 의해서 과민반응 하는거 아토피는 우리 실생활 공기 중에 떠다니는 것들 생활에 에 있는 것도 먹는게 아니라 소화 기관으로 들어가는게 아니라 주위의 떠다니는 것들에 의해서 과민 반응하는 것을 아토피 라고 합니다 4 많은 모자 분들이 음식 알러지와 아토피를 헷갈려 이 둘의 뭐 치료법이 뭐 비슷할 수도 있고 그렇지만 진단 방법이 조금 접근 방법이 달라지기 때문에 이 두 개를 조금 명확히 9분을 해야 되요 정말 많은 보호자 분들이 힘들어 하세요 알러지 이외의 다른 많은 키워 지명 들도 있는데 피부 질병이 힘든 게 뭐냐면 진단은 다 다른데 보이는 모습은 되게 비슷한거 같다 a 라는 진단비 라는 진단시 라는 진담 원인이 다 다른데 사람 분을 본 건 거의 다 비슷한 경우가 많아서 정말 힘들거든요 난로도 마찬가지요 우선 공통적 음식 알러지와 아토피 까 알러지성 질환 의 공통점을 말씀드리면 대부분 간지러워요 계속 강아지들 긁거나 할 거 나 이런 모습을 계속 보이게 되는 거죠 그래서 공통점은 간지러워 한다 보통 이 간지러워 하는 거다 꿈을 긁거나 이런게 5번에서 10권 살면 열고 쪽 많이 잡은 거긴 한데 그 사이면 정상적인 저희도 가끔 이렇게 없잖아요 아토피나 알러지가 아님에도 불구하고 빨개 본 긁듯이 정상적인 글 금으로 보고요 그게 너무 화 벌이 야 5번이 너무도 이식을 해야 겠지만 조금 더 관대하게 잡아서 한 10번정도 하루에 10번이상 많이 긁는 것 같다 그러면 알러지 성취라는 우선 의심을 해보는 게 좋아요 이렇게 간지러워 하는데 간지러워 하는 부위가 조금 구리 다 비슷해 음식 알러지와 아토피가 가장 첫번째로 8 8 산장이 바른 되게 간지러워 하구요 그리고 두번째로 입주 병과 눈 주변 얼굴을 많이 간지러워 하는 경우가 있구요 그리고 귀 귀 가 또 많이 강제로 합니다 그리고 또 하나 저들은 역 이겨라 기 그리고 마지막으로 그런 공통적인 곳은 마지막으로 4 탑은 보여드릴 수가 없네요 4 4 타보니 를 많이 간지러워요 발 얼굴 부분 귀 그리고 겨드랑이 사탕 를 많이 간지러워 하구요 어 여기서 먼저 말씀드리면 이것도 100% 는 아니지만 문 식 알러지가 음식 알러지와 아토피를 구매할 때 음식 알러지가 항문 똥꼬 쪽을 간지러워 하는 빈도가 조금 더 높아요 아토피 5 그래서 또 우리 아이가 발도 만들어 왔고 얼굴도 단지로 가까운 보니까 눈 주위가 새빨간 없고 비가 자주 아프고 그리고 분명히 항문 남자 짰는데 똥꼬 스키타고 삽니다 그러면 음식을 오질 가능성이 조금 더 높은 거에요 100% 는 아니에요 그리고 다른 제타 간지러 왔는데 항문 쪽으로 좀 괜찮은 경우가 많은데 라고 하면 아토피 일 가능성이 조금 더 높을 수도 있어요 우선 차이점을 또 다시 한번 설명 드리면 음식 알러지는 음식에 의해서 과민반응을 보이는 어 아토피는 공기 중에 떠다니는 거 에 의해서 과민반응을 보이는 거구요 그리고 또 하나의 차이점은 음식 알러지는 언제든지 일어날 수 있어요 그러니까 개정과 상관없이 그리고 아이의 상관없이 언제든지 일어날 수 있구요 아토피 같은 경우에는 계절성 을 타는 경우가 조금 더 많아요 돼 졌어 안 타는 경우도 있지만 왜냐하면 의 사람들도 봄이나 가을 못 곰 때 꽃가게 날리면 더 막 기침 아니하고 간지러워 힘들어 하신 분들 있잖아요 그것처럼 아토피는 계절성 을 타는 경우가 더 많다 라고 보시면 되요 어 얘네들 a 음식 알러지와 아토피에 증가한 이게 진짜 어려워요 이 찝니다 진짜 어려워서 이걸 되게 힘들어 하시는데 진단 같은 경우에 2개가 조금 합쳐져서 가야되요 왜냐하면 봤을 때 아까도 말씀 드렸죠 간지로 하는 부위도 비슷하고 뭐 너무나도 비슷한 것들이 많기 때문에 수 2선으로 딱 봤을때 애가 음식 알러지 인지 아토피 인지 딸기가 너무 힘들어 그리고 어떻게 아냐 가장 먼저 알로 지 사람들 음식 알로 되어 인지 아닌지를 먼저 확인합니다 이 방법이 알러지 사료 를 먹는거 많은 분들이 이 알러지 사료 를 뭐 그렇게 해도 되긴 합니다 치료의 목적으로 쓰시는 경우가 많은데 사실은 증가할 목적으로 나온 사료가 알러지 사료의 rt 사료가 약간 두가지로 나뉠 수 있어요 우선 첫번째 rod 설 우리가 가장 많이 아는 알러지 사료 는 가수 분의 4로 라는 거에요 가수분해 30 뭐냐면 보통 알러지를 일으키는 물질이 이만 한데 이게 들어가서 내 몸에서 이런 이런 모양의 세포라 붙어 버리면 애가 이거 저 아프면서 간지러움을 느낌은 무지를 마군 b 하거든요 그러니까 이만한 걸을 쪽 인거 그래서 짧게 만들어서 여기에 안 잡히게 이게 가서 군의 사용 사료 에요 이런 것들이 음식 알러지 에는 효과가 더 좋아요 근데 어떤 rod 사료는 보시면 어 알러지의 조금 더 좋아요 라고 했고 서 양 보 552 연어 이렇게 나와 있는 경우가 있는데 이것은 알러지 만약에 오리 날이 언어의 알러지를 보이는 아니라면 아무리 알러지 서로 라고 써 있더라 도 먹으면 알러지를 보입니다 그래서 우선은 가 수분의 살려요 [음악] 좀 먹어 보시는게 더 좋아요 가 소분해서 를 얼마나 먹어야 되냐 원래 추천은 두 달 그리고 이 두 달 동안 다른거 아무것도 먹이면 안되요 이래서 어려워요 [음악] 두 달 동안 한 번이라도 뭐 또 않고 먹으면 만한 거에요 왜냐하면 우리가 이 두 달 동안 이 사람을 먹는 이유는 2 탄막 먹었더니 안간지 로워 해 그러면 이 친구는 음식 알러지는 거에요 이 사람을 먹어도 간지러워 해 그러면 아토피 쪽은 가야 되는 거거든요 그런데 이걸 먹는 동안 중간에 못 고구마 주고 닭가슴살 주고 살 간식 주고 버리면 뭐 때문에 간지로 하는지 알 수가 없어요 이 진다네 목적을 절대 달성할 수가 없어요 많은 분들이 이걸 re 게 알러지를 좋아지게 하는 사려야 라고 생각을 하면서 r 이거 먹고 있으니까 간식 좀 주지 이런데 이거 절대 안 되는 거예요 최소한 다른 이 안 런지 사용은 먹어 보면서 우리 하니까 간지러움 증 을 느끼는지 안 느끼는지 확인해 보시는게 좋습니다 그러고 나서 두 달 뒤에 뭐 안 된 치로의 안간 틀어졌다 앙 간지러워 한다 우리 아이가 그러면 음지 나머지 에요 그러니 때는 둘 중에 하나를 선택하셔야 됩니다 rod 서류로 계속 먹을 것인가 아니면 무엇이 알러지를 유발하는 지 찾아보고 것일까 우리 아이가 알러지 사람은 먹는게 너무 불쌍하니까 일주일에 새로운 음식 하나씩 먹어보는 거에요 음식 알러지를 가장 많이 유발하는 게 뭘까요 뭐 것 같아요 단백질 단백질 중에 어떤 단백질이 가장 많이 육아 소 돼지 닭 순으로 알러지를 많이 보여요 이게 모든 아이들이 다 그렇다는 게 아니라 소 돼지 닭에 안 받는 아이들은 그걸 먹으면 간지러워 하고 안좋다 라는 거에요 그러면 음식 알러지 로 판명이 난 아이 사료를 두 달 동안 먹였더니 간지러워 하지 않는 아이들은 하나씩 못 하고 소도 못 해봤어요 한꺼번에 1 클 거 번에 여러 개 먹는 게 아니라 일주일에 하나씩 소를 딱 먹어봤는데 아 간지러워 요 마소 얇아지고 다음에 돼지를 먹어봤는데 안건 지로와 태진은 괜찮아 답을 먹었는데 간지러워요 그러면 작은 안되는거 이렇게 하는 방법이 있고 이거 되게 뭔가 우리 아이들 데리고 시험 계획 그래서 다른 두 가지 방법이 있습니다 다른 두가지 방법이 있는데 어 가장 손쉽게 많이 할 수 있는 방법이 혈액검사 피를 뽑아서 실험실에 보내서 어떤 뭐 먹을 것이나 이런 것들에 알러지가 있는지 검사는 맞고 근데 이방법은 저도 만 이제 쉽기 때문에 손 씻기 때문에 많이 추천은 드리기도 하지만 아주 정확하진 않아요 아주 정확하지 않다 는 게 어떤 뜻이냐면 우리 아이들이 알러지가 아닌데 알러지가 있다고 검사 별거에 나올 가능성이 되게 많아요 알러지가 맞는것 맞다고 나오는 편인데 알러지 까 아닌데 결과에서는 맞다라고 나올 가능성이 커서 아주 정확하진 않아요 그가 가장 정확한 검사는 무엇이냐 [음악] ids t 링 크 라 버마의 스킹 테스트라고 합니다 요가 현대성 거에요 털 빡빡 밀고 주사기로 어 그 알러지 유발 할 수 있는 물질들을 조금씩 넣어 보는 거에요 사실 이게 가장 정확해 그런데 그런데 이렇게 털을 밀어야 되구요 아이들한테 이렇게 주사바늘 케어 있겠죠 맥 개요 이거 쭉 놀랬네 도와줘 7개 덜컥 역 30개 지금 30개 에 대해서 검사를 한 거거든요 이렇게 수에 관계가 있고 정확하지만 개수의 관계가 있고 털 다 밀고 애들이 조금 불편할 수가 있어요 그러다 보니까 우리가 조금 더 편한 혈액검사를 이용을 하게 되는 거죠 자 이제 음식 알러지가 아니었다 그러면 그렇게 사람을 열심히 먹고 다 아무것도 안 주서 주서 먹지도 못하겠고 가족들끼리 정말 다 약속을 해서 간식 한번 봐 줬어요 그런데도 간지러워 한다 그러면 이제 아토피로 갑니다 으,
16,https://www.youtube.com/watch?v=VgpkjjfvQrY,VgpkjjfvQrY,"강아지 나이 계산법, 제대로 알고 계신가요? 강아지 크기마다 나이가 다르다? 🤔 | 설채현 행동학 수의사",설채현의 놀로와 ,저희 세상이 아깝지 너무 슬퍼지고 세상한테 더 신경을 많이 써야 겠다는 생각이 되는데 세상에는 사람의 신체나 1호 [음악] 으 안녕하세요 놀러와 tv 설치는 수 있습니다 이번 시간에 4 우리만은 보호자 분들이 또 궁금해하시는 강아지의 나이에 대해서 말씀드려 보겠습니다 이 강아지들의 나이 사실 뭐 그런 또 명언이 있어요 강아지 들에 유일한 단점은 사람보다 빨리 죽는 거다 그리고 강아지들의 시간은 파람 보다 너무 빠르다 이런 되게 슬픈 얘기들이 있고 요즘 건강에 대해서 더 많이 신경 쓰시면서 바울이 아이가 지금 바람으로 보면 나이가 한 몇 살이 일까 라고 되게 궁금해 하시는 분들이 많은데 오늘 그 부분에 대해서 한번 말씀드려 볼 거에요 우선 우리 뭐 많이 아시는 분들 이렇게 생각할 거에요 사람의 수명을 좀 길게 잡아서 하객 쌀로 보고 그리고 강아지들의 수명 보통 몇 살로 알고 계시죠 15년 그러면 강아지들 한 15년 살고 사람은 한 백년 사니까 백을 15 로 나누면 1 6 에서 7 정도 나오네 강아지들의 인연은 사람들의 7살이 겠구나 그러면 우리 강아지가 5살이 니까 o 가 빛이라면 39 5 이렇게 계산하시면 분들이 계시는데 이거는 완전 잘못된 개선 입니다 간단히 생각해보면 이게 잘못했다는 걸 아시겠죠 우리가 강아지들이 보통 성장이 끝날 때가 몇 살이 조 2년 신체적으로 평 장이 끝나는데 1 살인은 다 끝나요 그런데 사람은 15에서 20년이 걸리지요 그렇게 단순히 생각하게 되면 이 계산법은 완전히 틀리게 되는 거예요 그래서 이렇게 계산한 것 다음에 조금 더 합리적으로 계산한 방법이 바로 뭐냐면 강아지의 첫 1년은 파람 으로 보면 15살이 다 그리고 그 다음 1년은 9년이 다 그러니까 강아지들이 2살이 되면 숨을 내 살이 되는 거고 중소형 견은 일 년에 네 살 대형견 은 일 년에 7 쌀을 더 더하면 된다 라는 대선 법이 나왔었어요 이건 되게 합리적으로 보이죠 그래서 여기 교회 보이는 것처럼 여긴 이제 미국은 자이언트 불이 드릴까 엄청나게 큰 아이들도 많아서 이렇게 계산을 했는데 여기서 이제 왜 작은 아이들은 대 살 배웅 분들은 7살이 일까 뭐 이렇게 생각하시는 분들 있을 수 있겠지만 대형견 의 수명이 소형 겸 보다 짧습니다 평균적으로 그렇기 때문에 대형견 의 1년이 더 한번에 많은 나이를 먹게 계산을 한 거죠 그런데 또 이것도 잘못됐다 사실 이거보다 더 충격적인 결과가 있다라는 연구결과가 최근 에 나왔어요 uc 샌디에고 스쿨 오브 메디신 무어 스캐너 센터 암 센터와 uc 샌디에고의 약 팀이 연구를 했어요 사람도 그렇지만 나이가 먹을수록 기회 뇌 이를 분석하면 그 나이에 맞게 dna 에 변화가 일어난다 라는 거죠 그래서 강아지의 나이를 사람의 나이로 비교를 해 보려면 그기에 4 의 변화를 비교해 보면 강아지들의 나이와 사람의 나이를 비교할 수 있다 이제 연구 결과가 조금 더 과학적인 거죠 dna 를 가지고 분석해 쓰니까 4 연구 결과가 정말 충격적 이에요 레브라도 리트리버 를 가지고 실험을 했는데 우선 별로 만 말씀드리면 레브라도 리트리버의 한 살은 사람으로 봤을 때 31살 달하는 연구결과가 나오고 너무 슬퍼 지지 않아요 저희 얘기를 끝이 쩝 너무 슬펐는데 그래서 공식이 나왔어요 공식 dna 를 비교해서 하는 강아지들의 나이 계산법 음식이 뭐냐면 16 곱하기 애 렌 강아지의 나이 플러스 30일입니다 제 얘기 한 순간에 애니 뭐야 무슨 얘기하는 거야 뭐 이럴 수도 있는데 에렌은 로그 예요 자연 로그 하고 해서 미칠 알파벳 의로 등은 로그입니다 제가 즉 쓰다가 조금 좋아하고 재수 없을 수도 있지만 그 좋아하는 편이었는데 그래서 에렌은 뭐냐면 로그 이에요 이 커 여러분들이 머릿속으로 계단 할 수가 없어요 그래서 한번 계산을 한번 해볼게요 제가 가지고 있는 아이패드로 는 계산이 되더라구요 공식은 여기 있죠 16 곱하기 에렌 강아지 ni 플러스 31 그래 한번 해볼게요 한살 만약에 1 사리면 16 곱하기 이거 계산기 할 때는 여기에 렌이 있잖아요 한살이 니까 일을 먼저하고 에렌은 넣습니다 근데 로그의 위가 일이며 무릎 꿇다 0 이에요 플러스 30일은 4 강아지의 한 살은 서른한 살이 다 우리집 세상이 지금 예상한 위로한 5살 정도 됐어요 5살 정도 됐으니까 뭐 계산 해 볼게요 16 곱하기 에렌 오니까 5 를 먼저 찍고 헤렌 플러스 31 아 진짜 슬퍼져요 왜 진짜 슈퍼 줘요 56 점 시로 셈이다 저희 세상이 아깝게 너무 슬퍼지고 세상한테 더 신경을 많이 써야 겠다는 생각이 되는데 dn 에 분석 결과로는 만약에 그냥 단순하게 이렇게 계산을 하게 되면 세상에는 사람의 신체 나이로 56.7 호세가 되는 거에요 그래서 이렇게 계산하는게 힘드신 분들을 위해서 이렇게 표를 준비했습니다 우리 강아지의 나 이때의 사람의 비교 나이를 한번 확인해 보시는게 좋아요 4 그래서 이 연구결과를 보면 요기 보이는 꽃처럼 강아지들의 신체 나이는 초반에 아주 급격하게 증가합니다 그리고 그 뒤로는 조금 천천히 증가하는 모습을 꺼예요 그리고 우리가 봤을 때 노견 이라고 한다면 강아지들의 다 1호 7살 정도를 우리가 이제 노견 씨니어 라고 얘기를 하기 시작하고 7살 정도면 사람 나이로 봤을 때 이제 1 60세 60세 정도 됐을 때부터 이제 노견 이라고 보게 되는 거죠 그런데 우선인 아이를 무조건 우리 모든 강아지들 한테 적용하기에는 쪼끔 무리가 있습니다 왜냐하면 이 dna 를 분석한 연구는 레브라도 리트리버 만을 가지고 한 영국이 때문이에요 근데 레브라도 리트리버의 성장 과정과 우리나라에서 많이 키우는 소형견 의 성장 과정이 조금은 달라요 그리고 레브라도 리트리버의 평균수명이 포용 전에 평균 수명보다 더 짧아요 보통 소형견 의 평균 수명을 우리가 15살이 라고 보고 대형 견 의 평균 수명을 1 열두 살로 보기 때문에 이 계산한 것보다 는 소형 전 아이들의 경우에는 조금 더 나이를 적게 생각해도 되겠지만 우리가 생각한 것보다 우리 강아지들은 더 훨씬 빨리 늙는다 고 생각하시면 됩니다 그만큼 우리가 더 건강에도 신경을 쓰고 소중하게 우리 보다 빨리 시간이 가는 아이들을 위해서 정신적으로도 건강 적으로도 행복하게 해줘야 되는 거죠 그 여기서 하나 더 짚고 넘어가고 싶은 게 있어요 윤 우리나라의 대응 정 키우시는 분들 정말 많고 가끔 안되게 힘드세요 이게 병원과 도 비싸지 괜히 착한데 됐고 나갔다 대응 경 키운다고 막 핍박받고 근데 거기다 수명까지 짧아 이거 도대체 왜 이런 거야 막 되게 많이 쓸 퍼 하실 수 있는데요 그 이유가 뭘까요 보통 강아지들 뿐만 아니라 이 다른 동물들로 봤을 때 덩치가 클수록 오래 삽니다 단적인 예로 코끼리 50년 사적 쥐 한 2년 살아요 가장 큰 이유중의 하나는 코끼리 같은 경운 부피 당 체 표면적이 쥐에 비해서 훨씬 적겠죠 부피가 크니까 그러면 열을 덜 뺏기고 내가 대사 하는데 이 심장 박동 자체가 코끼리가 쥐보다 훨씬 더 낮아요 적게 뛰어도 되요 그러니까 그 만큼 이를 더 래도 되는거고 산화 스트레스가 훨씬 더 적기 때문에 평균적으로 덩치가 큰 동물들이 더 오래 삽니다 그런데 왜 걔들은 경치가 더 큰 대형 견 들이 더 오래 못살 까 에 대한 고민이 있었던 거예요 그래서 미국은 진짜 대단한 것 같애 뭐가 있냐면 독 에이징 프로젝트 라는 걸 시작했습니다 강아지들이 더 오래 살게 하려면 어떻게 해야 되는지 거기서 나온 거에요 왜 대형견 들은 더 빨리 죽을까 다른 동물과는 다르게 그래서 거기서 나온 게 뭐냐면 치와와 아이들이 태어나서 1년 동안 거의 다 성장을 완료 해요 그런데 컵 와 짜 이렇게 태어나서 이만 해 줘 근데 리트리버 아이들도 이 마케팅에 나서 게임 안해 줘 거의 같은 시간에 그 이때 너무나도 많은 산화작용을 거친다는 거죠 너무 빠른 놓아 작용을 거치면서 그리고 이 성장한다는 건 모여 세포분열이 라는 게 아 밀항 비슷하거든요 이 과정에서 암과 비슷한 작용 들이 많이 일어난다 라는 거죠 이것때문에 대형견 들이 일 년 동안 너무 빠르게 성장하고 그때 너무 산화 스트레스가 많기 때문에 그것 때문에 올해 달지 못한다 라는 이론도 있어요 그래서 어떤 가설도 있냐면 성장하는 강아지 들한테 탕 4 난제가 많은 음식들을 먹였을 때 2 산화 스트레스를 조금 보완해줄 수 있고 수명이 늘어날 수도 있겠다라는 가설도 있습니다 그렇다면 뭐 지금 벌써 다 성장이 끝났고 이제 천천히 성장하고 있는 천천히 늘고 있는 상황에서 우리가 우리 강아지들을 건강하고 오래 살게 하기 위해서 어떤 것을 해줘야 될지 한번 알아볼게요 첫 번째로 좋은 음식을 주는 겁니다 한번 사료도 정확하게 저도 4로 전문가가 아니기 때문에 말씀 못 드리겠지만 아주 기본적인 것들만 알거든요 벗는 것 매일 먹는 거잖아요 그래서 이게 쌓이고 쌓이면 우리가 알게 모르게 건강에 영향을 조치는 경우들이 많아요 그래서 우선 첫 번째가 좋은 사료 저희도 다음에 영양학 선생님 불러서 좋은 사료 란 어떤 것인가 에 대해서 한번 또 말씀을 드려 볼게요 두번째로는 적정 체중을 유지하게 해주는 겁니다 그냥 미아 낳았고 산책 못해주고 못 놀아 준다고 사람들이 그 미안한 마음으로 계속 먹을 것만 주는 경우가 있는데 이건 오히려 강아지들을 학대하는 거에요 이거를 내가 더 잘해 주려고 노력을 해야지 이걸 너글 걸로만 풀어 주려고 하면 보통 비만인 강아지들이 건강한 채용에 강아지들 보다 평균 수명이 거의 일 년 이상이 짧아요 우리 보호자 님들이 그렇게 만들고 있는 거죠 비만이 강아지 들한테 세번째로는 당연하겠죠 우리 한 책 많이 지켜주고 정신적으로 스트레스를 받게 해 주지 않는 것도 당연히 중요하구요 네번째는 주기적인 건강검진이 입니다 세상에도 곳 주기적인 건강검진에 들어갈 거구요 세상이 말고 12살 버블이 같은 경우에도 전 이제 수의 사고 부담이 덜 하니까 6개월에 한번씩 건강검진을 하고 있어요 제가 진료를 하다보면 예방이 치료보다 훨씬 더 중요하다는 걸 항상 뼈저리게 느끼기 때문에 전 1 6개월에 한번씩 그래 검사와 암에 대한 좀 보조적인 검사들 이런 것들을 하고 있습니다 다섯번째 어디가 진짜 중요해요 다른 그 무엇보다 우리 강아지들을 건강하고 오래 살게 하려면 치악 월 이빨 잘 닦아주셔야 g 심장 간 신장 다 괜찮을 수 있고 오래 살면 뭐에여 치매에 걸리면 보호자는 강아지 다 고생 해요 심해의 확률도 낮출 수 있기 때문에 치아 관리 진짜 중요합니다 그리고 다들 하고 계시죠 심장사상충 과 외부 진드기 항상 한달에 한번 아니면 약에 따라서 3개월에 한번씩 꼭 잘 예방 해 주셔야 되구요 일곱번째 강구하고 있지만 사고 나지 않게 항상 조심하셔야 되요 얼마전에도 어떤분이 택시에서 내리면서 강아지 줄도 안 하고 풀어놓았다 가 사고 당하고만 이런 경우를 봤거든요 이거 누구 탓이에요 줄 틀어놓은 카지 보자 잘못이에요 항상 사고 당하지 않게 그리고 산책할 때도 우리 산책 쥬리나 이런 것들 한번씩 일주일에 한번씩은 튼튼한지 끊어 지려고 하는 부분은 없는지 확인해 주세요 저 예전에 인턴 할 때 분명 있 안전하게 하고 나갔다고 생각을 했는데 줄이 끊어져 써요 오래되서 그래서 교통사고로 부지 개 다리 건너 나이도 봤거든요 그래서 항상 일주일에 한번 정도씩은 우리 강아지들의 산책 줄이 끊어지는 부분이 있지는 않는지 그리고 절대로 허용되지 않는 공간에서는 줄을 풀어 놓는 행위를 하면 안되고요 그리고 좀 깎여 보인다고 불쌍하다고 이거 헐렁하게 하진 못 마세요 이 불쌍 하다 가 영영 못 보는 경우 생겨요 적당 거 꽉 조여 지만 안전이 보장됩니다 그리고 마지막 이거는 모두들 잘 알고 계실 거라고 생각합니다 충분히 우리가 이뻐해 주고 사랑을 주는 겁니다 이렇게 우리가 연구 결과를 보니 강아지들의 나이가 우리가 생각하는 것보다 훨씬 더 빨리 지나가고 있었어요 그래서 전 마지막으로 전화하지 한번 1 2 로 보내 본 입장에서 나중에 후회하지 말고 지금 우리 강아지와 함께 더 행복할 수 있는 것들 건강할 수 있는 것들을 잘 찾아 본다면 훨씬 더 행복하고 나중에 우리 아이가 가더라도 너무 슬퍼하지 않고 웃을 수 있는 그런 보호자가 될 수 있을 것 같습니다 다음번에 더 좋은 정보로 찾아뵙도록 하겠습니다 구도 좋아요 알림 설정 잊지 마시구요 안녕 아,
17,https://www.youtube.com/watch?v=lA-HLF1hW2k,lA-HLF1hW2k,"Expensive veterinary bills can be avoided with this step! | Seol Chae-hyun, Veterinary Medicine",설채현의 놀로와 ,안녕하세요 강아지에 대한 정보를 독하고 솔직하게 풀어드리는 독설 티비 설치할 수 있습니다 오늘은 또 요청이 1 들어온게 강아지 건강 검지에 에 대해서 좀 알고 싶다 언제부터 해야 되고 어떻게 해야 되는지 알고 싶다 라고 말씀을 질문을 주셨는데 사실 이 건강검진은 사람과 똑같아요 너무 항목이 많구요 뭘 어떻게 해야 하는지에 대해서 저도 강아지의 상태를 알지 못함 우선은 말씀드리기가 되게 어려워요 그래도 하는 기본적인 것을 한번 말씀드리면 강아지 건강검진 언제부터 해야 되냐 4 어렸을 때부터 모 초초 사람이랑 똑같습니다 정말 안전하게 정말 어렸을 때부터 하면 좋아요 강아지 나이 에 대해서 지난 편에서 말씀드렸죠 우리가 원래 일 년이면 1 15 살 정도로 생각했는데 신체적으로 dna 에 그 변화되는 것을 계산해 봤더니 사람으로 봤을 때 리트리버의 경우 1년이 서른 한 살이 다 그러니까 이제 강아지들 같은 경우에는 사실 사람처럼 검증을 한다 라고 하면 한살이 31 사람이니까 한 살 때 부터 시작을 해야 되고 그리고 그 뒤로 한 일 년이 3 4년 정도는 되니까 6개 홈페이지 키 안되는데 아 이렇게 하면 너무 사실 부담도 되어 보험에서 해주는 것도 아니기 때문에 어 건강검진 제대로 하면 사실 꽤 많은 돈이 깨지게 되거든요 그래서 저같은 경우는 가장 추천하는건 진짜 추천하는 방법은 한 노령견 될 때까지 안 되어서 쌀 정도 될 때까지는 일 년에 한번 그리고 대어서 쌀 이후부터는 6개월에 한 번도 얘기 하는데 이것도 진짜 힘들어요 그러니까 그냥 쭉 한 일 년에 한 번 이고 노령견 때는 정말 걱정이 된다면 6개월에 한 번씩 을 해주면 베스트 겠죠 강아지들 놓아서 또는 사람보다 더 빠르니까 그리고 건강검진이 중요한 이유 중의 하나는 강아지들은 아파도 말을 아니에요 우리는 조금이라도 어떤 여기 생채기 하나 만나도 마 엄 마 파 아마 이러구 마 화와 파마 잃었는데 강아지들은 그렇잖아요 최대한 참으려고 요 그래서 증상이 나타나고 병원에 왔을 때는 이미 늦은 경우 들이 상당히 많죠 신장도 그렇고 신장 같은 경우엔 증상 나타나서 왔을 때 벌써 육체 10% 가 망가진 경우들이 대부분이기 때문에 음 건강 건지는 하지 않고서는 이 나빠지는 것을 확인 하기가 쉽지가 않아요 그래서 최대한 조금 신경을 써주시는게 좋아요 그리고 미리 찾아내는 게 치료비가 훨씬 더 덜 들기 때문에 건강검진을 해주시는게 좋구요 건강검진에 항목 같은 경우는 사람 과 상당히 유사합니다 기본적으로 수의사 들의 육안 검사가 있겠죠 6 왕과 촉진 검사 뭐 이렇게 몸매를 만져보고 스레 오를 만 져 이렇게 만져서 빠지나 확인해보고 그리고 다리 아픈데 없나 다만 지고 이 관절 가동범위 같은 걸 확인하고 눈으로 눈이나 치아 같은데는 이상한 거 없나 하는 육안 검사가 있고요 그 다음에 혈액검사 가 있죠 이때부터 이제 안 쪽에 문제가 있는지 확인을 해 보는 거고 그리고 그 다음에 기본적으로 엑스레이 검사가 있죠 엑스레이 검사로 혹시라도 배 안에 뭐 이상한게 위치가 바뀌어 있다거나 그러면 뭔가 잘 하고 있다라는 힌트가 될 수 있거든요 5 없어야 될 부분이 있다거나 이런 것들을 확인한 x 의 검사가 있고 요즘은 그래도 꼭 추천하고 싶은건 초 은박 4 초음파 검사까지 는 기본적으로 조금 추천을 드립니다 초음파 같은 경우에는 복부 초음파와 심장초음파 로 나뉠 수 있어요 나이가 좀 적을 경우에는 우선 북두 초음파 정도로 해서 혹시라도 나이 어린 아이들을 맘에 걸리는 경우도 있거든요 암에 걸렸다가 거나 뭐 문제가 보이는 것이 없나 복부초음파 만 보시는걸 추천 드리고 1대 6살이 넘어가서 노령견 이 되면 심장 좀 화도 추가 하시는 것을 추천드려요 심장도 마찬가지로 음 빨리 확인 알수록 관리가 잘 됩니다 너무 늦게 막 기층 케케 카고 심적 늘어날 때 로 늘어나고 커질대로 커져 있는 상태에서 약먹으면 원래 생존할 수 있는 것보다 훨씬 더 적게 생존할 수 밖에 없기 때문에 미리 건강검진을 통해서 심장 총 8 한번 확인해보시는게 좋을 것 같아요 그리고 그 뒤로 조금 더 자세히 보는 것들 이제 안과 10과 이런 검증 들이 있겠죠 안과 같은 경우에도 더 이제 눈 안쪽을 정확하게 보는 도구들을 이용해서 보는 방법 있고 치과도 육안으로 만 보는게 아니고 치과 엑스레이 를 통해서 더 정확하게 보는 것들이 있어요 그래서 뭐 저라면 우선을 수의사 선생님 과 한번 상담을 해볼 건데요 노령견 이 되기 전까지는 아까 말씀드렸던 기본적인 건강검진을 기초로 할 것 같아요 혈액검사 x 레이 총 팍 이것을 가장 기본으로 한 네 다섯 살 때까지 보구요 근데 이 도중에 수혜자 전생이 봤을 때 5 이빨이 조금 문제가 있는 것 같으니까 조금더 볼게요 눈에 문제가 있는것 같으니까 조금 더 볼게요 라고 하면 을 추가 하시면 되구요 대여소 딸이 넘어 간다고 한다면 사람과 마찬가지로 아까 기본적인 혈액 검사 엑스레이 초음파 에다가 뭐 조금 더 넣어서 치과 엑스레이 뭐 아니면 안과 동사 요즘은 이런 것도 있죠 아 기본 검사 중에 하나 더 들어 가는게 요검사 가 있어요 검사 그래서 요 검사 같은 경우에는 우리가 가장 정확한 방법은 강아지들을 눕혀놓고 초음파로 방광을 확인한 다음에 주사기를 꽂아서 무균 상태의 겉으로 노출되지 않은 오줌을 뽑아서 검사를 하는 건데요 어우 우리가 건강도 사람 건강검진 할 때 이렇게 스틱 이용 하잖아요 그걸로 먼저 한번 간단하게 검사를 해봐도 사람들 우리 학교 다닐 때 화장실 가서 친구들이랑 에 부끄러워하면서 하던 거 있잖아요 4 그 검사란 똑같이 어 할 수 있으니까 그 옷 한번 고려해 보셔도 괜찮을 것 같습니다 건강검진 비용에 대해서 많이 궁금해 하시는데요 비용이 천차만별이라 고 생각하실 수 있을 거예요 그게 이 항목 때문에 그래요 제가 말씀 드리 뭐 철 검사 백설의 총 박 이 가장 이제 기본적으로 들어가는데 여기다가 뭐 심장사상충 검사도 할 수 있고 한 채가 검사도 할 수 있고 이 항목을 어떻게 정 하느냐에 따라서 10만 원에서 50만 원까지 될 수 있어요 그래서 우리 시청자분들이 이 항목을 정확하게 물어보시고 어떤걸 검사하고 가격이 어느정도 되는지 아셔야 지 더 정확한 검사를 할 수가 있구요 그리고 뭐 사실 이 항목별로 보면 제가 수위 살아서 말씀드리는 건데 병원마다 아주 크게 차이가 나지 않아요 항목이 몇 개가 들어 가느냐에 따라서 그래서 가끔 이제 과잉진료 나 이제 오해를 하시는 분들 뭐 실제로 솔직히 어떻게 하나 저도 죄송하지만 그런 분들도 쭉 있을 수 있습니다 하지만 10만 원과 50만 원 의자이다 건강검진 10만 원과 50만 원 의 차이다 라고 보면 이건 분명히 항목에 차이가 있는 거예요 그래서 괜히 꼭 10만원 싸다 하고 갔는데 검사 제대로 못할 수도 있고요 했고 어떤 항목이 들어가고 어떤 항목 때문에 이정도 가격이 나오는지 확인을 해보시면 더 마음을 놓고 검사를 하실 수 있을것 같고 병원별로 조금 어 비교한 두세 군데 연락해 보시면 제가 말씀하신거 그대로 아실꺼예요 항목별로는 큰 차이가 가격의 차이가 없지만 항목의 개수에 따라서 차이가 많이 난다 라는 것 아실 수 있을 거에요 꼭 우리 아파도 참는 아이들 안 아픈 거라고 생각하지 마시고 공금 건강검진을 통해서 우리 아이들 건강도 챙겨 주시고 더 행복한 반려 생활 하시길 바랍니다 다음번에 더 좋은 재미 있는 정보로 찾아뵙도록 하겠습니다 안녕,
18,https://www.youtube.com/watch?v=h2PoXQ8YdqQ,h2PoXQ8YdqQ,"Tips for Preventing and Treating Dog Skin Allergies and Atopy: Part 2 | Dr. Seol Chae-hyeon, Vete...",설채현의 놀로와 ,달력은 에 대한 정보를 솔직하고 독하게 알려드린 독설 tv 섹션 수 있습니다 강아지들이 가장 많이 반응하는 물질을 볼까요 아토피를 일으키는 가능 거지 1위가 집먼지 진드기 2위가 공간이에요 그러다 보니까 이게 곰팡이는 여름에 조금 더 개 녀석을 뛸 수 있겠죠 집먼지진드기는 개설 성이 없어요 그리고 뭐 사실 우리 cf 같은 거군요 집먼지 진드기를 퇴치 해준다면 그런 제품들이 많이 있어요 그런데 문제는 뭐냐면 이게 강아지 들한테 크게 효과가 없는 경우가 많아요 왜냐하면 살아 했든 죽어 있든 그 집먼지 진드기에 각지 인하여 그 집먼지 진드기가 강아지의 피부에 닿았을때 보이기 때문에 죽어서 다 없애야 되는데 사체가 그래도 남아있다 라고 한다면 아토피 증상을 보고 있습니다 집먼지진드기는 모든 직물의 다 있어요 우리가 완벽하게 없앨 수가 없습니다 대부분의 직물의 있어서 우리가 쓰는 방석 그리고 많이 쇼파나 직물이 거나 아니면 침대 이런데 조금씩 다 있을 수 밖에 없습니다 그니까 강아지들이 집안에서 있는 그런 직무에서 자고 딩굴고 하면서 아토피로 보이는 경우 거 거든요 그래서 아토피가 있는 아이들한테는 더 많은 선생님들이 이렇게 얘기를 하게 돼요 헤어 침대에 올라 오지 말게 하구요 그리고 얘가 가지고 있는 모든 방송을 다 빼세요 그냥 방바닥에서 살게 해주세요 그러면 피부가 조금은 좋아지는 경우도 있습니다 그리고 이미 아토피 의원 2위가 공부 아닌데 우리 그 주방이나 목욕탕 가면 이렇게 까맣게 나오는 있자나요 그거 없앨 수가 없는 거에요 만약에 그 공부하기에 아토피 증상을 보이는 아니라면 특히 속 보이게 되요 그래서 지금 이렇게 진단 과정 1회 에어 가장 중요한 건 가수분해 야 된 rod 사료를 음식 알러지 사료를 먹고 그 다음에 음식 알러지 인지 아닌지를 판단 후에 음식 알러지는 아니면 아 토키 쪽으로 넘어가게 됩니다 이제 그만 아토피는 사실 상당히 좀 힘들어 사람도 아토피 난치병 이라고 하잖아요 이게 나치가 않고 계속 관리해야 되는 질병이 라서 아쿠 키 같은 경우에는 제국은 이제 좀 약을 먹는 경우가 많이 있어요 예전에는 스테로이드 아니면 면역억제제 를 먹어 썼거든요 리 스테로이드 도 가격이 저렴한데 그 효과가 정말 좋은데 부작용이 좀 있어요 잘못쓰면 너무 겁을 먹는 면도 있지만 너무 오랫동안 이건 평생 관리해야 되는게 아토피 인데 너무 오랫동안 먹으면 몸에 안 좋을 수 있기 때문에 그 점이 있었고 연혁 억제되는 스테로이드 보다 효과를 떨어지면서 엄청 있었어요 그래서 최근에 이 두개를 합친 잘 나왔어요 효과는 스테로이드 같은데 가격은 면역억제 십 년이라는 데 가장 지금까지는 안전하고 오래 먹어도 되는 양인데 조금 비싼거 같아요 또 하나는 이거 어떻게 관리 해야 될지도 생각을 해 보셔야 되요 약 주택의 비싸니까 그러면 약 약 먹으면서도 이걸 같이 하면 좋구요 양봉 법 이더라도 그래도 이거라도 하면 좋아요 우선 가량 첫 번째로 알러지 써 음식 악의적으로 꼬아 아토피도 그렇고 간 체험 증인 느껴진다는 결국 염증이 생긴다는 건데 염증이 생기면 피부장벽 뜨 리다 벌어져요 그러면 익히 분 장벽 염증을 줄여주고 잎이 부정 적들이 벌어지지 않도록 해주는게 오메가 쓰리 와 오메가 식스 있구요 오메가 쓰리 는 소양 작용 염증을 줄여주는 작용이 있구요 오메가 식스 는 피부 세포가 벽돌이 라고 치면 그 벽돌을 살기에 붙여준 의심 & 같은 것들이에요 b 타입 벽돌이 벌어지지 않 토 이게 벽돌이 멀어지면 어떻게 될까요 강아지도 피부에는 다 세균이 살아요 원래는 이 벽돌들이 장벽으로 받고 있었는데 벌어지면 들어가는 거야 그니까 이 알러지 나는 질환을 가지고 있는 아이들이 피부 간 날 뒤집어 져요 벽돌이 벌어지고 세균이 들어가 고금 뾰루지 나고 간지러워서 긁고 상천 하니까 그 사이로 또 세균이 들어 가고 계속 마친 안에 방법이기 때문에 본 애가 쓰리 와 오메가 식스 가 피부에 조금 도움이 되고요 그리고 또 하나는 사람도 마찬가지지만 요즘 유산균이 이런 알러지성 질환의 상당히 효과가 좋다라는 그런 연구결과들이 나 나와 있죠 강아지도 에서 유상 만 먹어도 좋아 전적으로 전 한번도 벗긴 합니다 하지만 과학적으로 조금은 증명이 되어 있고 어느정도 도움을 줄 수 있기 때문에 유산균을 조금 주시는게 좋을 것 같고 알러지 질환이 있는 아이들의 특징이 있어요 피부가 조금 건조해 집니다 그래서 목욕할 때 좀 너무 싼 샴푸 보다 수분 보충 해 줄 수 있는 상품 보트 미리 들어 있거나 약간 특별하게 수분을 더 고충 해줄 수 있는 참고 를 쓰시거나 아니면 피부에 뿌려 있는 스프레이가 있어요 보습 스프레이 이런 것들을 같이 해주시면 조금은 넣어 잘 관리를 할 수 있습니다 근데 제 오늘 알러지 에 대해서 이렇게 설명을 드렸는데 알러지로 접근하기 전에 기본적으로 우리가 간지러워 한다고 무조건 알러지 라고 생각하지 마시구요 어 세균성 피부염 일수도 있구요 모낭충 일수도 있구요 곰팡이성 피부염 일수도 있어요 이런 것들이 다 아니라고 새 아 님께 밝혀져 야 지 만 우리가 알러지에 알러지 라고 접근을 할 수 있으니까 이것도 꼭 염두에 2시구요 어 이런 기본 개념을 잘 이해하고 계시면 알러지 질환 가지고 있는 아이들한테 치료를 할 때 훨씬 더 보자 분들이 잘 치유해 주실 수 있을 것 같습니다 4 알러지 에 대해서 궁금하신 점들은 이거 어려울 거 같긴 한데 또 댓글 많이 남겨 주시고요 다음번에 또 더 좋은 정보로 찾아뵙도록 하겠습니다 좋아요와 구독 잊지 마세요 거 이제 조금은 탄 해졌습니다 도와야 하고 도 꼭 부탁드립니다 안녕,
19,https://www.youtube.com/watch?v=-lhnwOzgAvw,-lhnwOzgAvw,"New coronavirus, are puppies safe? 2019-nCoV , new species - 感染症",설채현의 놀로와 ,"아이고 세하네 반력견에 대한 정보를 솔직하고 독하게 알려 드리는 독설TTV 설천수 이사입니다.네 지금 분위기가 좀 많이 다르죠.네 네. 급하게 찍느라 집입니다. 어 그래서 아마 지금 마이크도 없고 소리가 가장 문제일 것 같다라는 생각은 드는데 아무래도 오늘만 해도 되게 많은 질문을 받아서 최대한 집에서라도 빨리 찍고 여러분들한테 좀 안심을 시켜 드려야겠다라는 생각에네 대충 빨리 찍게 되었습니다. 세상아 인사해. 세상이가 지금 좀 졸려요. 그래서 인사만 하고 인사만 하고 그죠? 네. 모두들 예상하시겠지만 최근에 가장 걱정되는 부분 신종 코로나 바이러스 일명 우한폐렴. 당연히 지금 사람한테 엄청나게 문제가 되고 있고요. 어 우리 반력견 보호자님들은 아이 우한 폐렴이 강아지들한테 옴지 않을까?이 이 걱정 때문에음 상당히 제 지인들한테서도 저한테 연락이 엄청나게 많이 왔고요. 그리고 저 유튜브상에서도 질문이 좀 달렸어요. 그래서 오늘 그 부분에 대해서 한번 말씀을 드려 볼까 하는데요. 아, 이게 제가 학교 다닐 때 6년 동안 수일에 다니면서 가장 싫어했던 과목이 네, 바이러스였습니다. 그래서 아 그때 조금 더 열심히 할 걸이라는 생각도 했지만 그래도 뭐 열심히 국가고치도 봤고요. 시험도 잘 봤었기 때문에 그 부분에 대해서 오늘 살짝 혹시라도 제가 잘못된 정보를 드리지 않을까 해서 살짝 조금 더 공부를 하고 지금 보시면 지금 시간 10시 57분 네시가 다 됐습니다. 지금 촬영을 하게 됐습니다. 어, 우선은 이게 우리가 바이러스라는 아이들에 대해서 특히 이제 신종 코로나 바이러스 그리고 우한폐렴 우리 아이들이 정말로 걸릴 수 있는지 없는지에 대해서 생각을 해 보려면 바이러스에 대해서 조금은 알아야 돼요. 그래서 어떻게 보면 좀 재미 없을 수도 있겠지만 제가 최대한 간단하게 한번 설명을 드려 보겠습니다. 바이러스의 특징이라고 하면 이건 뭐 유튜브나 인터넷에서 조금이라도 찾아보면 나오겠지만 우선 첫 번째로지가 할 수 있는게 하나도 없습니다.지가 혼자 증식하지도 못하고요. 뭐 에너지도 없어요. 그러면 이런 걸 어디서 얻냐? 네. 동물의 감염에서 동물의 세포가 가진 모든 것을 이용해서 자기네들이 증식하는 아이들이고요. 그리고 두 번째로 종특이성이 강하다. 종특이성이 강하다는 건 무슨 얘기냐면 어 대부분 특정한 종에만 걸린다는 거죠. 뭐 개면 개, 사람이면 사람. 그래서 우리가 가끔 보다 보면 뭐 뭐 사람 독감 얼마 전에 제가 영상 찍었지만 사람 감기가 강아지한테 옴지 않는다라고 말씀드렸죠. 그것도 종특이성 때문에 그런 거예요. 그니까 예를 들어서음 사람한테 걸리는 바이러스 같은 경우에 보통은 개나 다른 동물한테 가게 되면 그냥 죽어요. 감염하지 못하고지가 할 수 있는게 하나도 없기 때문에 그냥 죽는게 대부분이라는 거죠. 그런데 이제 하나의 종에만 걸리지 않고 두 개의 종 그리고 두 개 이상의 종 그리고 두 개 이상의 종 중에 어 사람을 포함해서 걸리는 질병 등 바이러스를 우리가 인수 공통 전염병 사람과 동물이 같이 걸릴 수 있는 전염병이라고 얘기를 하는 거죠. 대표적인게 조류독감입니다. 아, 도대체 왜 조류감이 그렇게 무섭고 조류독감인데 사람한테 걸리냐?라고 이제 걱정을 우리가 많이 했었죠. 그런데 어 원래는 조류한테만 걸리는 독감이었습니다. 근데이 조류 독감은 신기한게 조류와 돼지한테 걸릴 수 있어요. 그런데 사람 독감은 돼지와 사람한테 걸릴 수 있습니다. 근데 어떤 돼지가 정말 운이 나쁘게도 조류 독감에도 걸리고요. 사람 독감도 같이 걸렸어요. 왜냐면 이렇게 돼지라는 교집합이 있으니까. 근데이 조류감과 사람 독감이 짬뽕을 해 버렸습니다. 돼지 않아서. 원래는 조류 독감은 사람한테 걸리지 못하고 조류와 돼지한테만 걸릴 수 있었는데이 웃나쁜 돼지 때문에 조류독감과 사람 독감이 짬뽕이 됐고이 조류감이 사람한테 걸리게 되면서 우리가 되게 위험하고 조류독감이 사람한테도 걸릴 수 있고 무서운 인플루엔자 바이러스 독감 바이러스가 된 거죠. 어, 왜 이렇게 처음으로 변이된 바이러스들이 위험하냐라고 한다면 사실 그렇잖아요. 우리 자주 쓰는 말 중에 지직이면 100점 100승. 나를 알고 적을 알면 항상 이길 수 있다. 그런데 만나보지 못한 바이러스인 거죠. 원래는 새한테만 걸려 있던게 사람한테 갑자기 넘어오다 보니까 어 우리가 준비가 전혀 되지 않는 거예요. 얘네가 어떤 바이러스고 뭐에 약하고 어떤 약을 쓸 수 있고이 약에는 듣는지 뭐 개발이 전혀 되지 않았는지 이런 것 때문에 상대방에 대해서 전혀 모르고 처음 만나는거다 보니까 치사율이 올라갈 수 있어서 우리가 아 위험하다라고 얘기를 하는 거죠. 어, 왜 제가 신종 코로나 바이러스 우한 폐렴에 대해서 말씀드리면서 조류독감에 대해서 얘기를 했는지 이제 알 수 있으실 텐데요. 우선은 이번 신종 코로나 우한 폐렴은 코로나 바이러스예요. 코로나 바이러스고 어이 코로나 바이러스가 사람한테 걸린이 우한폐렴의 코로나 바이러스를 확인해 봤더니 박쥐의 박쥐한테만 걸리는 코로나 바이러스와 96% 똑같다라는 거죠. 96%가 같다는 거예요. 어 그래서 봤더니 뭐야? 왜 박주의 코로나 바이러스 바이러스랑 비슷해? 왜 박주의 코로나 바이러스랑 비슷해라고 또 확인을 해 봤더니 중국 사람들이 그리고 우한 전통 시장에 갔더니 박쥐를 먹네요. 어, 근데 충분히 솔직히 코로나 바이러스라는게이 환경에서 그렇게 강하지 못해요. 그니까 실제로 상온 우리 그냥 일반적인 온도에서 48시간만 돼도 죽어요. 그럼 당연히 막 진짜로 푹 익혀서 먹거나 끓여서 먹었으면 어 안 걸렸을 텐데 이게 뭔가 산채로 아니면 더이켜졌거나 산채로 사람과 뭔가 연관성, 깊은 연관성을 가지게 되고 그때 우연하게 박주의 코로나 바이러스가 사람한테 옮겨왔을 가능성이 가장 높다라고 얘기를 하고 있습니다. 근데 이게 이게 포인트예요. 이게 포인트인데 바이러스도 예측 못한 상황이라는 거죠. 박주의 코로나 바이러스가 사람한테 옮겨왔다. 어, 바이러스들도 박주에서 박쥐랑 사람이 뭐 만나봤자 얼마나 만나겠어요? 근데 왜 바이러스도 예측 못한 상황이라고 그냥 이렇게 비유해서 설명을 드리냐면 원래 바이러스들은 어 숙주를 죽이지 않습니다. 왜냐면 자기들한테 손해요. 숙주는 나를 복제시켜 주는 정말로 중요한 공장이 되는 존재인데 내가 너무 강해서 숙주가 죽어 버리면 나를 더 이상 복제시켜 주지 못하고 숙주가 죽으면 바이러스도 죽거든요. 그까 지금 얘네들도 예측 못한 되게 신기하게 감염이 되어 버린 거죠. 그래서 어 그래서 제가 또 찾아보니까 되게 유명한 우리 응급 의학과 선생님인 남궁인 선생님의 말씀을 빌리자면 어 사람과 밀접하게 관련된 가축 뭐 소, 돼지, 개, 고양이 이런 경우에는 사람과 많은 생물학적 교류가 이루어졌기 때문에 이번과 같은 큰 치사율를 보이는 변는 일으키지 않을 가능성이 높다. 오히려 사람과 만나보지 못했던 동물들 뭐 박쥐, 낙타. 낙타가 제가 알기로는음 메르스 메르스가 낙타한테서 옮겨왔고요. 그리고 사스 사스가 사양 고향이 박쥐 이것처럼 어 원래 바이러스들은 숙주를 죽이려고 하지 않는데 이렇게 사람과 생물학적 교류가 거의 없었던 동물과 어쩌다가 이상한 교류가 이루어졌을 때 이렇게 치사율이 높은 전염병이 생길 수 있다라는 거죠. 왜 제가 지금까지 이런 지금 얘기들을 계속했냐? 네. 이건 사람과 박지와의 관계일 가능성이 상당히 높은 거지. 바이러스가 아무리 변을 해도 그래도 종특기성이란 특징을 가지고 있기 때문에 개한테 우리 반려견들한테 옮길 가능성은 상당히 적다라는 겁니다. 아주 아주 적다. 어, 결국에는 변이라는 건 우연인데이 우연이 두 번이나 한꺼번에 일어날 가능성은 상당히 적다. 그리고 코로나 바이러스 같은 경우는 걔들한테도 걸리고 있습니다. 걔들한테도 걸리고 있는데 그래서 우리 어렸을 때 그리고 1년에 한 번씩 추가 접종하는게 코로나 접종이 있어요. 그런데이 그 코로나 바이러스 같은 경우에는 호흡기 증상을 일으키는게 아니고 장염 증상을 일으키고요. 아까 말씀드린 대로음 아주 심각한 우리 아이들을 죽일 만한 전염 치사율을 보이지는 않습니다.이 이 코로나 바이러스 같은 경우에는 그래서 아무래도 지금 우한 폐렴 같은 경우에는 호흡기 쪽에 일으키는 코로나 바이러스고 개들이 걸리는 우리 반려견들이 걸리는 코로나 바이러스 같은 경우에는 장형을 일으키는 코로나 바이러스에서 어 강아지들이 종특이성도 그렇고 그동안 걸려왔던 코로나 바이러스도 그렇고이 우한 폐렴에 걸릴 가능성은 거의 없습니다. 뭐 바이러스가 워낙 변화 무쌍해서 아예 없다라고 말씀을 드릴 수 없지만 저라면 전혀 걱정하지 않습니다.이 신종 코로나 우한 폐렴이 우리 세상이나 다른 강아지들한테 옮길 거라고 저라면 전혀 걱정하지 않겠습니다. 어 지금 그래서 제가 질문을 한번 볼 건데요.네 네. 미니 미니 미니 님이 쌤 지금 유행 중인 신종 코로나 바이러스 이거 강아지들은 안전한가요? 매년 맡고 있는 코로나 예방접중 주사로 괜찮은가요? 네로 괜찮지 않습니다. 하지만 그냥 걸리지 않을 가능성이 99.9 이상일 거라고 생각이 됩니다. 그니까 걱정 안 하셔도 돼요. 또 한 번의 우연이 저 정말 연속적으로 일어나지 않는 한이 아이 바이러스가 또 변의해서 걔들한테 전염될까네 거의 가능성이 없다라고 생각이 되고요. 그리고 또 하나는 지금 상당히 많이 우한시 같은 경우에도 대도시였고 그 안에 많은 반려견들이 있었고 저 영상 봤는데 사실 많은 개들이 버려져 있고 뭐 아무래도 사람들이 탈출하다 보니까 버려져 있고 유기견들이 막 늘어나 있더라고요.이 조그만 강아지들도. 근데 만약에이 폐렴이 걔들한테 옮겨졌다라고 한다면 지금 벌써 WHO나 그 중국에서 발표를 했을 거예요. 그래서 그 부분에 대해서는 걱정을 안 하셔도 되는 거고요. 두 번째 질문이 설현수님 요즘 우한폐렴이 유행이잖아요. 사람도 밖에 돌아다니며 옮기는 무서운 바이러스인데 강아지 산책을 해도 될까요? 강아지는 없나요? 네. 아까도 말씀드렸듯이 강아지에 올 확률은 전혀 없기 때문에 이거 무서워서 산책 안 하다가 애들 스트레스 받습니다. 그래서 걱정하지 마시고요. 네. 강아지는 우리보다 더 안전하다. 강아지들은이 우한 폐렴의 사람보다 훨씬 훨씬 안전하고 걸릴 가능성이 거의 없다라고 생각을 하시면 됩니다. 우한 폐렴 때문에 또 걱정하시는게 이건 이제 사람 얘기죠. 저는 수위사니까 사실 뭐 사람 얘기는 많이 안 할 건데요. 치료제가 없다라는 이런 언론의 말에 사실 상당히 걱정하시는 분들이 많아요. 근데 사실 대부분의 바이러스성 질환은 치료제가 없습니다. 뭐 타미플로 이런 항이스제들이 있기는 한데 대부분 우리 면역력 내 안에 가지고 있던 군대들이 바이러스를 이겨주게 도와주는 치료들을 하게 되는 거기 때문에 그동안에 많은 바이러스성 질환들이 치료제가 따로 있지는 않습니다. 그렇기 때문에 너무 걱정 안 하셔도 되고요. 그리고 어 호흡기로 전염이 되기 때문에 마스크 꼭 걱정되시면 꼭 쓰고 다니시고요. 그리고 손 잘 씻으시는 거. 이거 그런 일반적인 코로나 바이러스가 그렇게이 환경에서 강한 바이러스는 아닙니다. 어떤 바이러스들은 정말 오랫동안 살아남고 어 죽이기도 힘든 경우가 많은데 코로나 바이러스는 우리의 일반적인 그런 그 손 세정제나 소독제에 죽기 때문에 우리 지금 계속 TV나 맨날 문자 하고 30초 이상 손 잘 씻으면 크게 문제가 없고요. 뭐 하나 걱정되는 건 아이 바이러스가 강막을 통해 그니까 강막이 아니라 눈 점막 눈 전막이라고 하면 욕이죠.네 눈 전막을 통해도 전염이 된다라고 해서 사실 완벽하게 좀 막으려면 제가 그 미국인 우한시에 사는 미국인이 어떻게 하는지를 봤더니 마스크 두 개 쓰고 물안경을 끼고 다니더라고요. 네. 그래서 근데 이렇게까지는 아직까지 우리나라에서는 안 해도 될 거 같고요. 우선 마스크 쓰시고 손 잘 씻으시고 어 그리고 이번에 나온 논문에 따르면이 신종 코로나 바이러스 우한 폐렴에 걸렸을 때 가장 큰 특징, 가장 큰 증상은 발열입니다. 그래서 열이 난다라고 한다면 문자 보죠. 1339로 꼭 전화하셔서 그 나중에 어떻게 해야 되는지에 대해서 잘 따라하시면은 될 것 같습니다. 어, 조금 빠르게 급하게 한번 준비를 해 봤는데요. 결론은 우리 강아지들 우한폐렴 걱정 안 해도 된다. 그것 때문에 산책 안 시키면 애들 스트레스 받아서 다른 문제 생긴다 입니다. 네. 어 세상 내 세상이 자고 있는데요. 어 깨볼까? 깼어요. 어씨 도망갔어. 때아 우리 구독자분들께 인사해야지. 세상 이리오세요. 네. 마지막으로 강아지들, 우리 반려견들 우리보다 우한패렴에 안전하니까 걱정하지 마시고요. 우리들만 조심하고 걱정하면 된다. 네. 다음에 더 좋은 정보로 찾아뵙겠습니다. 셋. 안녕. 자기 봐. 응. M.",
20,https://www.youtube.com/watch?v=5fSckJpvc6k,5fSckJpvc6k,Sesang caught a cold. (curious) Would cold be contagious between humans and dogs?,설채현의 놀로와 ,아 5 새 학 때때 때때 4 행 수를 따라서 제약 세상이 오랜만이죠 4 세상이 는 아 요즘 갈수록 너무 이뻐서 가지고요 미치겠습니다 너무 이뻐요 지금 좀 힘 없어 보이죠 4 대성이가 감기에 걸렸어요 4 회상 있는 지금 감기에 걸려서 이렇게 오토 두겹으로 깨어 입었습니다 어 이탈리안 그레이하운드 나프 가 나온 것처럼 이렇게 얼굴 길쭉하게 생긴 아해들 있죠 이 친구들이 좀 추이를 잘 타요 휴일 잘 타는 이유가 선천적으로 이 열을 내는 갑상선 호르몬의 수치가 좀 낮은 편입니다 그래서 되게 주일을 잘 타고 아무래도 저희가 이제 센터를 이동해 오면서 세상이 도 야외 변으로 거의 바꿔 버렸어요 거의 자기가 나가고 싶을때 바닥 나갈 수 있다 보니까 추운데 이 따뜻한데 있다 추운데 이 따뜻한데 있다만 왔다갔다 하다 보니까 올 겨울에 벌써 두번째 감기가 걸렸습니다 4 그래서 주문을 조금 힘이 없어요 출연 하기 힘들어 [음악] 어 강아지들 감기 가장 먼저 궁금해 하시는 것들이 겠죠 강아지의 감기는 사람한테 없는 것일까 으 왜 읽어보고 6호 물론 더 부어 주세요 좀 3 살코 몰러 고 물론 컴퓨터 해보죠 후 이는 또 우중에 호텔들이 를 써 보이죠 보이죠 투 유 무 촛불 조금 뻗어 끊게 지금 있겠죠 5 222 으 우선 3 사이가 콧물 회생 김 의 증 3 이것은 사실 지금 이제 코감기 져 아직 힘 하지 않은 정도에요 아직 심하지 않은 정도 9 뭐 많은 아이들이 처음에 뭐 콧물 만나는 경우가 있구요 그리고 기침 [음악] 스윙 이라고 재채기 이런 경우도 있구요 정말 물이 처럼 못 감기가 걸리면 기도가 염증이 생겨서 에 이렇게 기침을 하는 경우가 있는데 1 확인해 볼 수 있는 것 중에 하나가 강아지들 목을 살짝 이렇게 들어 주시구요 손가락으로 이렇게 살짝 살짝 쳐 보세요 [음악] 5 에 한다 그러면 목감기에 걸렸을 가능성이 큰데 지금 우리 세상 이는 코감기 그러니까 코에 만 콧물이 조금 나는 상태에서 좀 약 먹고 있어요 [음악] 이렇게 강아지들 감기 걸렸을 때 많은 분들이 걱정 하시 거나 안 궁금해 하시는게 강아지의 감기는 사람한테 없는 것인가 사람의 감기는 강아지한테 없는 것인가 인데 우선 결론적으로 말씀드리면 아 놓습니다 안오지 4 이게 왜 복잡해요 대부분의 바이러스나 세균 들은 특정 종이에 맞게 진화해 왔어요 특정 종 에 맞게 이 디텍터 라는 것들이 있거든요 그 우리 몸 안에서 딱 달라붙어서 감염될 수 있는 구조들이 있는데 대부분의 세균 인수 공통 전염병 이라는게 있죠 사람과 동물이 같이 걸릴 수 있는 병 들도 있지만 아직까지 감기 같은 경우에는 어 특히 바이러스 같은 경우에는 강아지 독감 바이러스와 사람의 독감 바이러스가 서로 교차 감염 되지 않아요 하지만 조심해야 될 거니 있겠죠 우리가 조류 독감을 외 무서워 할까요 원래 조류독감은 조류 한테만 걸리는 독감이 였어요 근데 이게 바이러스가 변이를 일으켜 서 사람한테 옮길 수 있게 된 거에요 백신도 없고 사람도 처음 만나보는 바이러스 그게 걸렸을 때 상당히 심각하게 아플 수 있어서 우리가 조류 독감을 무서워 하는 거예요 그래서 아직까지 그런 일은 없지만 바이러스라는 게 워낙 변화무쌍 하기 때문에 강아지의 감기가 사람한테 옮을 가능성 나중에 지금은 없습니다 나중에 바뀔 수도 있구요 사람의 감기가 강아지 한턱 옮길 수도 있어요 하지만 지금은 그렇지 않으니까 전혀 걱정안하셔도 되구요 음 강아지들 감기 걸리지 않게 가장 중요한게 뭘까요 집에서 할 수 있는 것 사실 감기 걸리면 우선 방원 가야 되고요 근데 그 전에 감기 걸리지 않게 하고 감기 걸렸을 때 조금 빨리 낳게 해 줄 수 있는 가장 좋은 방법이 뭘까요 예 가습기 미드가 쓸께요 [음악] 가습기 빵빵하게 들어 주세요 우리 사람도 겨울에 집안 건조해지면서 아침에 일어나고 나면 코 따갑고 모카 갈까 라고 그런 경우도 있잖아요 강아지들은 코 안쪽이 훨씬 더 복잡하게 생겼고 습기도 만나야 되는데 건조해져 버리면 감기 훨씬 더 잘 걸릴 수 있어요 그 저희도 센터 내에서 가속해 열심히 들어주는 데 아무래도 세상인 그게 좀 모자른 가봐요 더 열심히 들어 줘야 될 것 같아요 그래서 가습기 중요하고요 그리고 우리집 강아지가 방금 세상이 보이는 것처럼 콘 문이 난다거나 기침을 한다거나 재채기를 한다 거나 식욕이 떨어지면 tv 떨어지면 우선은 병원가서 진료 받아 보시고 약을 처방 받는게 가장 좋습니다 가장 중요한 건 사람한테 옮기지 않으니까 어린 아이들 한테도 옮기지 않아요 너무 걱정하지 마시고 감기에 걸린다면 치료에 전념해 주셔도 괜찮을꺼 같습니다 보셔서 가고 싶어요 갈래 음 [음악] 2 이 인사는 하고 얘기가 3 아로 인사 했으니까 4 감기 아 그리고 감기 예방하는 방법 예전에 필수 독감이 아니었는데 인플루엔자 독감 이제 해주세요 4 거의 필수로 생각하시고 해주시는게 좋아요 서울 예전에는 지방에만 터져 썼는데 요즘 서울에서도 서울과 경기도 금방 해서도 터지고 요 강아지 독감 같은 경우에는 어 전염 유리 라고 하죠 큰 만약에 강아지 독감이 있는 아이를 만났을 경우에 걸릴 확률 자체가 거의 100% 에요 그래서 예방을 해 주시는 게 좋으니까 만약에 바이러스성 질환 들은 겨울에 특히 추울 때 많이 나타나 잖아요 그래서 만약에 하지 않았다면 알면 깜빡하고 추가 접종을 하지 않았다면 꼭 우리 사람들이 독감주사 맞듯이 강아지도 깜 도 없어서 맞춰 주시는 걸 추천드려요 님이 제 3 세상이 가고 싶다고 했으니까 이상 구독과 좋아요 잊지 말아 주시고요 특히 빠 [음악] 아 아픈데 문지아빠 가 뭔지 원예 묘역 약 먹고 있어요 좋게 5 222 투어 필요 위안을 꼭 가져야 줘 예 으 으 으,
21,https://www.youtube.com/watch?v=Efwze07CYv0,Efwze07CYv0,"Smart Adoption Life #1 Where Should I Adopt a Puppy? (Pet Shop, Family Adoption, Shelter, etc.)",설채현의 놀로와 ,어색하지만 네 안녕하세요 설치 니 여러분 설치할 수 있습니다 오늘은 강아지 입양 에이트 지 네 가지 이병에 대한 모든 것을 말씀드려 보는 시간입니다 얼마전에 커뮤니티 커뮤니티를 통해서 여러분에게 강하기 병에 관한 질문을 받아 봤는데 정말 많은 댓글을 주셨습니다 그중에서 가장 많이 물어본 게 뭘까요 강아지 입양 가장 궁금해하시는 것들 우리 설치 니 여러분들께서 예 왜 다하고 있어 지금 나만 얘기하고 있고 아 우리가 웃어 넘 볼게요 저도 책을 쓰면서도 얘기했지만 강아지 입양 할 때 고려해야 할 때 상당히 많지만 목 가족관계 경제적 능력 나 flit 스타 2 로 내가 정말 잘 키울 수 있는 시간이 남 나 뭐 이런것들 다 고려해야 겠지만 그게 고려된 이후에는 어디서 데려올 지를 생각을 해야 되요 그럼 우선 크게 두 가지로 나눌 수가 있습니다 유기견 분양 받을 것인가 새끼를 분양 받을 것인가 이렇게 크게 두 가지로 나눌 수 있어요 그러면 이제 새끼 강아지를 입양할 때 어떻게 해야되냐 1 내가 대 정도로 다닐 수 있을 것 같아요 새끼 강아지 인데 6 이견이 있을 수 있습니다 새끼 강아지 유기견 있을 수 있구요 그리고 어 가정 분양 않는 징을 통한 분양 근데 이제 가정 분양도 사실 불법인 거 아시죠 지인을 통해서 이렇게 그냥 받으면 불법이 아닌데 가정 분양 그 사실은 또 불법 이에요 그리고 또 하나는 패 샵에 있을 수 있고요 마지막으로는 전문 브리더 가 있을 수 있겠죠 그래서 이렇게 한 4가지 정도가 있을 것 같은데 우선 우리가 이거부터 짚고 넘어가야 될 것 같아요 마음이 좀 쓰리는 것 중에 하나가 새끼 강아지를 분양 받으면 좀 욕을 좀 먹어요 왜 그러냐면 어 강아지를 잘 안 키워 보신 분들이나 그런 분들이 사지말고 입양하세요 라는 말을 그냥 너무 쉽게 생각을 하고 데려갔다 하루 이틀 만에 파야 하는 경우가 너무나도 많아요 왜냐하면 강아지를 않게 보신 분들은 강아지들이 하는 그런 돌발적인 행동 자기가 예측하지 못한 행동들에 대해서 깜짝깜짝 놀라 시 거든요 분명히 애들도 이사를 간 거고 새로운 환경에 온건데 그리고 적응할 시간이 필요한 건데 강아지를 경험해보지 못하신 분들은 거기서 깜짝깜짝 놀라요 거기다가 얘가 지금 성견이 되어 있음 으로서 내가 컨트롤을 잘 하지 못한다 라는 것들에 대한 좌절감 도 느끼게 되구요 약간 유기견을 입양 한다는 것은 정말 좋은 거지만 그걸 안 했다 라고 요구하는 것은 저는 조금은 아닌 것 같아요 우리가 조금 더 생각을 해야 될 거 내가 이 강아지랑 조금 더 행복하게 잘 산다면 오히려 지금은 어 전문 브리더 를 찾아 보는게 좋다 라는 거죠 이걸 또 전문 브리더 를 우리가 판단이 가 쉽지가 않아요 근데 보통 전문 그 리더는 되게 소 빔으로 합니다 어 머 나라마다 기준이 조금 다르기는 한데 뭐 30마리 이하의 강아지를 데리고 고통 1종 그리고 그 종에 대한 어 성격과 행동 그리고 전문지식을 가지고 있는 사람 그리고 윤리적으로 검색 시키는 사람 어린 강아지를 입양 하려면 전문 물이 도로 추천하는 이유는 1차 사회와 때문에 그래요 1차 사회와 2일차 사회와 가 2차 사회와 보다 더 중요한 라고 저도 생각이 들어요 뭐 경과 2개월까지 그리고 이동 배 새끼들과 2개월까지 같이 자라지 않은 아이들은 문제행동을 보일 확률이 이거 영국에서 조사한 경보 결과입니다 1 213 퍼센트 정도 높다 라는 연구 결과들이 있어요 어떤 분쟁도 기냐 모든 문제에도 g 즉 공격성 분리 불안 강박 행동 그러니까 2개월까지 엄마의 사랑을 받고 강아지 들끼리 언어를 배우지 못한 아이들이 이런 정서적인 불안을 겪고 불안이 더 높고 문제행동을 보일 가능성이 높다 라는 거죠 그리고 또 하나는 뭐 경과 부견 을 볼 수 있다라고 한다면 으 이 친구들의 그런 행동도 어느정도 유추를 할 수가 있습니다 무조건 똑같은 않지만요 그래도 유전자 가는 게 되게 무서운 거라서 어느 정도 유추할 수 있기 때문에 만약에 새끼 강아지를 입양 하려면 가장 추천하는 것은 어 믿을만한 전문 브리더 가 되죠 예 예 뭐 근데 그렇게 어렵지 않아요 사실 저 같은 경우도 어떻게 했냐면 카페 같은 것도 많아요 특정 변종에 관련 되게 카페가 있고 거기서 보면 워낙 또 이제 카페에서는 강아지 딱 찾아보고 공부하시는 분들이 많기 때문에 카페 같은데서 그것도 한 사람 마야 한 분의 말을 들으며 안되겠지만 반복적으로 나타나고 아 여기 어때요 괜찮아요 사진도 올라오고 이래요 그 정도는 찾아 볼 줄 알아야 찾아보고 노력을 해야 돼요 이게 너무 쉽게 강아지를 데리고 올려고 하다보면 문제가 생기는 경우들이 있어요 4 2 패션에 대해서 그렇게 정 물이다 훨씬 있어 줘 네 훨씬 있어요 이게 되게 중요한 게 하나 있어요 최소 1 2 3 배 가 적 a300 하 죠 그거 되게 중요한 얘기 게 어 유럽이나 미국 같은 경우는 강아지를 분양 받는 일을 정말 가족을 드리는 의미로 생각해요 평균적으로 일본은 뭘까요 분양가격이 나 이런거 로 봤을 때 차를 산다는 게 납니까 최소 100 정도 부터 시작을 하고 보통 1000만원 제가 이런거 서 봤을 때 3000만원까지 있었어요 우리나라 뭘까요 가방 산다는 거죠 근데 보면 볼수록 그렇죠 가족 못 바꿔요 다 잘 안 받고요 차도 사랑 받고자 워낙 꼭 이 그 고가의 제품입니다 하지만 가방은 있어도 또 39 4 자꾸 바꾸고 신 에 그래서 저는 분 약간은 비싸야 된다고 생각해요 으 p 싸이 되서 어제 제가 그렇다고 막 무조건 이 겟 전문 그리도 무조건 다 이렇게 한 게 아니에요 만약에 새끼 강아지를 이러한 해야 된다면 그게 더 좋다고 말씀드리는 건데 이게 또 많은 분들이 전문 브리더 한테 입양을 안 하는 경우가 있어요 본 좋아하세요 바로 못사요 새끼가 맨날 맨날 나오는 게 아니잖아요 공장이 아니거든요 2 2 경 과이 모견 해서 언제 새끼가 태어나요 그러면 2개월 뒤에 입양 하셔야되요 이렇게 돼서 시간을 기다려야 된단 말이에요 그냥 내가 딱 쉬고 싶다고 해서 회합에서 물건 하듯이 이렇게 꺼내볼 수 있는 게 아니에요 돈을 주고 그러다 보니까 또 그걸 못 기다려서 그런 경우가 많은데 기다려야 되요 느 가족들이 는건 기다려야 되요 이것보다 훨씬 더 좋은 일인 유기견 문양을 결정을 하셨다고 하면 어 절대로 충동적으로 됐고 지는 않았으면 좋겠어요 갔다가 다시 돌아온 그 강아지들 계획 개 견 이라고 해야되나요 이 아이들 자체로 마미의 다이 자체로만 보면 또 하나의 상처를 입는 거 잖아요 그래서 음 우선 유기견 입양을 결정하셨다면 봉사 부터 해보세요 최석 4 5번 정도 5 어 내가 가고싶은 유기견 보호소에 4 5번 정도 봉사활동을 가서 거기 있는 많은 아이들 을 보고 유기견이 어떤 아이들이 인지도 한번 보고 이 아이들 중에 나랑 제일 이 정서적 소통이 되고 내가 잘 케어할 수 있을 것 같으나 일을 차근차근 이 찾으세요 이것도 고른다고 내가 고르는 거 아니냐 라는 그런 죄책감은 받으시지 않으셔도 됩니다 가장 중요한 건 그 중에 누구라도 따라 앙 평생을 행복하게 살 수만 있어도 정말 좋은일 하신 것이기 때문에 최대한 봉사활동을 하고 애들을 많이 만나보면서 그리고 다른 제일 잘 맞는 아이를 입양 하시는것을 추천드립니다 어 제가 우선 강아지 입양 어디서 해야할까요 에 대해서 이렇게 간단 간단 1가 킹 가 설명 중이어서 4 말씀드렸는데 어 여기 이제 대표적으로 친미 딘 우리 신 미진 설치 니 설치 님께서 어 강아지를 처음 키우는 사람은 유기견 키우면 안 된다는 말을 들었어요 강아지를 잘 몰라 상처를 보듬어 주기 힘들다 는 진짜 될까요 4 나중에 성경인 아이를 입양해 보고 싶은 생각도 있었어요 라고 하셨는데요 우선은 확률적으로 공부도 안하고 무책임하게 했을 때 그런 분들이 계시니까 강아지를 처음 키워 보신 분들 중에 그런데 그 그 팁을 드릴께요 도선을 공부를 하세요 공급 공부를 하세요 생각에 열심히 보시고요 그제 책도 한번 읽어 보시구요 강아지 책에 관해서 적어도 한 3번정도 읽어보세요 강아지 책 3번 있고 4번에서 5번 정도의 봉사 활동 이후에 입양을 한다면 강아지를 처음 키우시는 분들도 수준이 나랑 잘 맞는 친구를 입양해서 행복하고 즐거운 관료 생활을 할 수 있습니다 그런데 이런 준비가 없이 무턱대고 하면 반발이 되요 잘 살거나 서로 수 철수 받거나 4 그래서 뭐 좀 힘들지만 가정을 드리는 일이니까 그림 책 읽는거 4 제 책도 그렇고 눈이 얼어 차고 재밌습니다 4 강아지 입양 어디서 해야 될까 에 대한 그 답변을 드려 봤는데요 4 제 감정은 사지말고 입양하세요 인데 정말 현실적 2 사실적인 조언을 드린 거니까요 좀 많은 도움이 되었으면 좋겠고 다음번에 또 강한 입양에 대해서 더 좋은 정보로 찾아뵙도록 하겠습니다 설치 니 어 러브 안녕 그리고 설치 아닌 여러분들 구독 좋아요 4 알렉 알림 설정 까지 부탁드립니다 압박 예,
22,https://www.youtube.com/watch?v=GinhF82MGp4,GinhF82MGp4,1탄_개털이 너무 빠져 고민이라고요?|설채현수의학,설채현의 놀로와 ,안녕하세요 강아지에 대한 궁금증을 복하게 알려드리는 그리고 고민 해결을 처방해 드리는 복서 국사 국사 집이 설치는 실시합니다 그리고 세상입니다 안녕하세요 [박수] 너무 있을 거 아 4 미세먼지에 계절 봄이 왔는데 이 폼이 되면 보호자 분들이 정말 걱정을 많이 하시는 게 하나 있습니다 바로 개 토리 5 [음악] 어떤 빡 빡 빡 빡 빡 으 아 우선은 봄에 토리 가장 많이 빠지는 이유는 펄감이 줘 털 간이 강한 2대 털갈이를 한 일 년에 두 번 정도 하는데 가장 많이 빠질 때가 봄호 왜냐하면 이거 아마 느껴 보신 분들 많을텐데 달력은 키우시는 분들 특히 밖에 마당에 더 키우거나 아이고 우리 집 남 감기 가까워서 남방을 많이 안 하신 분들 반려견이 이제 병원에 따 보면 좀 터 링 진짜로 털 뭐 해 줘 주위가 추우면 겨울에 대비하기 위해서 펄이 엄청나게 부유해 집니다 봄이 되면 필요가 없으니까 이제 으 빠지게 썼거든요 빡빡 의식 빠직 있어요 이게 예전에 대학병원에서 있었던 것인데요 차우차우 가 톤이 너무 많이 빠져가지고 예 그 비싼 대학 병원에 데리고 오시오 그거는 대학병원에 우선 딱 들어오면 모든 검 세타 아마 기본적으로 저도 지금 정확히 생각은 안나지만 주소 몇십만원 나와요 무슨 대학원에 들어가는 순간 딱 보고 번인 별거 아닌 아니에요 라고 가라고 하지 않으시고 모든 검사를 다 해요 털이 너무 많이 빠져 있으니까 혈액검사 모다 검사 할 수 있는 거 하고 나중에 털 딱 뽑아서 현미경으로 봤더니 털갈이 씩 털 간식이 털갈이 시기 아아아 털갈이 시기가 아닌데 엄청나게 많이 빠진다 그러면 첫번째로 질병을 의심해 질병 중에 가장 털을 많이 빠지게 하는 게 갑상선 기능 좋았어요 근데 호르몬 성 질환들은 털빠짐 의 특징 있어요 요기 만 한 군데 딱 빠지는게 아니고 이렇게 그 데칼코마니 높아진다 그러면 병원 가 보셔야 되요 그다음 께 쿠싱 이라는 별명이 있는데 쿠싱 은 50 부팅 있는 닿아 의사들이 있어 보려고 하는게 아니라 가끔 다 의학용어로 공부를 하다보니까 한국어가 생각이 안날때 있어요 저도 그런거 있구요 교포들이 얘기할 때 한국 어른 요 었으면 쿠싱 더 호르몬 성 질환이기 때문에 대칭성 으로 빠져요 데칼코마니 처럼 딱 접으면 만난 만나는 것처럼 nf 씬 같은 경우에는 조금 더 생각해 볼 수 있는 것 없이 우리집 아이가 식욕이 엄청나게 높아지고 물을 엄청나게 많이 먹고 우주 물 엄청나게 많이 쌓는 지 않을 그러면 의심 하시고 병원을 가보셔야 됩니다 그리고 우리가 가장 많이 하는 질병 중의 하나 장료 뼛 당 강아지들 당뇨가 있어도 털이 빠집니다 어 그거 이외에 피부병 불도 당연히 토리 빠지겠죠 이렇게 땜빵 생긴다고 하죠 머리에 이렇게 한군데만 뽕 하고 또 그렇게 빠진다 그럼 곰팡이성 질병을 한번 의심해 보셔야 되니까 병원 꼭 가보셔야 되고요 어 그리고 수익 아들도 모르는 털빠짐이 있습니다 알록 pci-x 라고 수 의사들도 몰라서 이름을 탈모증 x 라고 지었는데 왜 털이 빠지는 지 모르는 그런 질병들 도 있어요 아 진짜로 요즘은 이런 애 들어 없는 것 같아요 진짜 이런 애들은 없는데 먹을 것 진짜 안 좋아서 털 빠지는 경우도 있어요 어떤 딱 바빴다 죽었어요 지금 많은 보호자 분들이 이제 털을 어떻게 하면 덜 빠질까 어떻게 해야 되냐고 물어보시는 분들 계시는데 사실 너 몸 털 해결할 수 있는 공법을 달면 다짐 말 안 하고 빌 게이츠 만큼 갑부가 되었습니다 [음악] 아 특별한 방법은 없습니다 터키는 백제 밖에 없습니다 쉽지 죽은 펄들이 빠지는 거예요 원래 잘 살아 있는 털은 빠지지 않고 죽은 털들이 빠질 때가 돼서 빠지는 건데 그 죽은 털들을 빨리빨리 사람이 인위적으로 처리를 해주면 날리는 털이 줄어들게 되겠죠 그래서 빛을 같은 경우는 사실 있는데 강아지 피부에도 되 게 중요해요 피부도 숨을 쉬어야 되는데 털을 안 느껴져서 이제 너무 엉키게 되버리면 피부 스승을 모시고 그 안에 피부병이 생기고 하는 경우도 많아요 우선은 털이 김나희 이거나 꽃을 곱슬거리는 아이들은 가장 추천드리는 거 하루 2번 그리고 저 세상 이처럼 반모 등이나 이들은 뭐 하루에 한번정도 해주는데 단모 적은 따로 b 또 필요 없습니다 고무 빛 요즘 막 잠깐 많이 나오잖아요 장갑 아니면 좀 조금 축축한 수 번 같은걸로 쑥 쓱 이렇게 해줘도 털이 많이 빠지고 사람이 수로는 우리가 털 빠짐을 해결할 수가 없어요 강하게 털 빠짐을 사람이 술을 해결할 수 없어 진짜 털이 긴 애들 캭 내려가는 애들 있잖아요 그런 애들은 그런걸로 되는데 밤 모종 눈꼽 쓰리 드 이런애들은 일반 사람이 쓰는 비수로 털을 골라낼 수가 없어 예 참 저 비해 참 및 이쁜 개소리야 위 그 2장 들도 이렇게 되서 이렇게 초기 예 아 예 그걸 어떻게 그걸 안 되죠 그렇게 해서 절대로 털 왔네요 겨울이고 여름이고 저는 완전히 빡빡 일을 그렇게 추천드립니다 빡빡이 보다는 조금이라도 남겨 놓는 게 예민한 아이들은 빡빡 일하고 집에 가서 3일 동안 밥을 안먹는다고 는 추워서 계속 어디 숨어 있는 다거나 로또 거 스키 이거 이 똥꼬 스키를 타고 잔인하거나 하는 경우들이 되게 많이 보셨을텐데 애들 입장에서 옷을 홀딱 뺏긴 거니까 아 참가국 뭔가 아 여러분들이 갑자기 옷을 홀딱벗고 돌아 다닌다고 생각하시면 여름 해에도 너무 빡빡 미는 것은 오히려 피부에 안 좋을 수 있습니다 그리고 병원에 되게 많이 듣고 있었는데 얘가 갑자기 없던 반점이 생겼다 고 피부에 까맣게 뭔가 이렇게 반점들이 올라온다고 데리고 오시는 경우가 있어요 특히 여름에 많이 그러는데 그건 그게 이상한 건 아닙니다 피부 밑에 있던 까만 멜라닌 색소가 햇빛에 에 대해서 보호하려고 위로 올라오는 건데 빡빡이 로 깎은 아이들이 진짜 많이 그래요 햇빛을 바로 받아 버리니까 그래서 여름에도 너무 빡빡 깎는 것은 그렇게 추천드리지 않습니다 그래서 저는 어쩔 수 없이 그래도 및 또 위생상 미용을 하는데 조금 짧게 아까 조금 남기고 미용 하는 것을 추천을 들이 거든요 아아 이 방송을 보면 미용실 정 님들이 싫어하다 아따 짧게 하셔야 된다면 상담 하셔서 조금이라도 짧게 남기고 하시는걸 저는 좀더 추천됩니다 아무쪼록 봄철에 개 털로 고생하시는 분들이 없길 바라며 사실 없을 수는 없습니다 없습니다 하지만 우리 강아지들의 [음악] 자연스러운 현상이라고 이해해 주시는 마음 큰마음을 가져주시고 더 다음 시간에는 조금 더 좋은 정보를 가지고 돌아오도록 하겠습니다 그리고 구독 좋아요 이찌 마세요 꾸란 했네 빽 뱉어 어려워 유모,
23,https://www.youtube.com/watch?v=qhi5KF9JNUs,qhi5KF9JNUs,"Dog Anxiety: This One Solution! (Dog Anxiety Symptoms, Reducing Anxiety in Dogs. Anxiety Wrap)",설채현의 놀로와 ,집에서 돈 안들이고 할 수 있는 우리 강아지들의 불안을 낮춰줄 수 있는 방법 죄송합니다 방 그러겠어요 으 으 5 그아 지에 대한 정보를 독하고 솔직하게 알려 드리는 독설 특이 설치 원소의 합니다 네 정말 오랜만에 찾아뵙게 되었는데요 죄송합니다 데 지금 제가 병원이 전 준비로 향원 이전 준비로 정신이 하나도 없어서 왜냐 제가 미루고 미루다가 요즘 유튜브 촬영을 거의 못하고 있는데요 4월달 부터 는 아주 열심히 할 생각입니다 얘도 이런 얘기 한거 같은데 이번엔 또 우리 설치 니 설치 니들의 기대를 저버리지 않도록 하겠습니다 [음악] 네 오늘은 음 집에서 돈 안들이고 할 수 있는 우리 강아지들의 불안을 낮춰줄 수 있는 방법 하나를 알려 드릴까 합니다 [박수] 몸을 래핑 감싸서 불안을 낮춰주는 방법이에요 우리 예전의 그 프리허그 많이 유행 있었잖아요 그 중에 그 속과 중에 하나가 많은 사람들이 이렇게 껴 안아서 서로 상체를 좀 압박하게 되면 불안이 낮아진다 포근함을 느낀다 이런 연구 결과들이 있어요 그리고 조금 더 동물 쪽으로 한번 들어가 본다면 템플 그랜딘 이라는 분이 계세요 템플 그랜딘 맞겠지 콜로라도 주립 대학교 교수님 이에요 2010년 미국 타임지 세계에서 가장 영향력 있는 100인 그리고 영화 도 있고요 책도 있습니다 2분에 대해서 템플 그랜딘 2분은 원래 자폐아 였어요 자폐아 여서 부모님이 이 자폐를 극복하기 위해서 방학 때나 이럴 때 이 지인 친척 뿐인가 지인 분의 농장 의 항상 견학을 이렇게 보냈다고 해요 자폐아 들의 특징 중 하나는 어 동물과 세상을 보는 방법이 상당히 비슷하다고 해요 사람 같은 경우는 소통이 대화를 통해서 소통을 하잖아요 그런데 이 세상이나 많은 반려견이 나 이런 친구들은 대화가 아니라 이 상태 눈으로 보고 감각적으로 인식을 해서 이 세상을 보잖아요 그런데 자폐 증상이 있는 친구들도 상당히 말로 소통하는 게 아니라 감각적으로 인식해서 이 세상과 소통을 한다고 해요 그래서 2분이 뭐 이렇게 소 농장에서 이렇게 놀다가 어디 이렇게 통 같은데 빠지게 됐는데 들어가게 됐는데 좀 이상하게 몸이 꿨는데 안정감을 느껴 없다고 해요 안정감을 느끼면서 꼭 혹시 동물들도 이렇지 않을까 라는 생각을 하게 됐고 많은 동물들에게 실험을 해본 결과 상체가 어느정도 압박이 되면 안정감을 느낀다 라는 연구 결과가 나오게 된거죠 그래서 이런 연구결과를 기반으로 해서 그렇다면 우리 강아지들도 똑같지 않을까 했는데 4 어느정도는 효과가 있다는 연구 결과가 나왔고 세나 개를 열심히 보신 분들이나 아니면 저랑 상담을 했던 분들이 제가 이렇게 추천하는 제품 중의 하나가 썬더 셔츠 라는 제품 그래 있었어요 이게 상체를 압박하는 보신 데요 이게 어 가격이 조금씩 다를 수 있는데 1 4 5 만원 정도 하는 것 같아요 그런걸 하기 전에 집안에 있는 걸로 우리가 오일이 효과가 있나 없나 한번 확인해 볼 수 있습니다 세상일을 모델로 어떻게 불안을 줄여 주는 붕대 펍 n 자 이어 팀의 핑을 하는지 알려 드릴게요 [음악] 이 압박붕대를 쓸 건데요 집에서 이 압박 힘들고 없어도 이 조금 신축성이 있는 옷을 짤라서 카 셔 도 되요 그래서 4 우선 에 아이들 크기에 따라서 조금씩 다를 수 있어요 으 목에 한번 두르고 그리고 밑으로 내려가서 아 좀 챙겨주고 위해서 묶어 줍니다 끝 간단하죠 이걸 어디다 쓰느냐 산책할 때 좀 많이 불안해 하는 아이들 아니면 혼자 봤을때 좀 많이 저술한 해야 하는 아이들 새로운 공간에 갔을 때 좀 불안해 하는 아이드 집에 손님이 었을 때 불안해 하는 아이들 어쨌든 불안한 아이들한테 돈 안쓰고 시도해 볼 수 있는데 중요한 건 모든 아이들이 다 효과가 있는 건 아니라는 거에요 그래서 미 쪄야 본전 식으로 해보시는 거고 이것 뿐만 아니라 다른 것들과 합쳐져야 효과를 보는 경우도 있으니까 너무 기대는 하지 마시고 조금의 불안이 있는 것 같다 라고 할 때 이걸 한번 시도해 보시는 걸 추천드려요 그리고 혹시라도 옷 입는 걸 싫어하는 아이들 한테 너무 불안이 떨어지라고 억지로 하지 마세요 그러다가 손을 누리는 경우가 있습니다 [음악] 우리집 강아지가 좀 아주 약한 불안이 있는 것 같다 라고 하시는 분들은 한번 집에서 신축성 있는 옷을 길게 잘라서 이렇게 불안을 낮춰주는 등 대법을 한번 시도해 보시기 바랍니다 4 지금까지 독설 tp 거의 군부대 유수 같잖아 그쵸 왜 다음번에 더 좋은 정보로 찾아뵙도록 하겠습니다 군요 4 세 요 4 our 했던 no,
24,https://www.youtube.com/watch?v=1BjxfcY731c,1BjxfcY731c,"강아지 살리는 홈헬스케어, 강아지 심폐소생술 CPR",설채현의 놀로와 ,가하지 에 대한 정보를 독하고 솔직하게 알려 드리는 독설 tv 설치해서 이사입니다 4 3 우리 표기가 수불 하셔요 빨 공속에 안되는건데 저 술 하셔요 왜 이러면 이렇게 하면 우리 아이들은 벌써 무지개 다리를 건너 있습니다 으 이것을 일은 거의 없을 거에요 제 수의사 하면서도 사실 단 한 번도 저는 해본 적이 없어요 근데 가끔 큰 병원들이 나 이제 많이 하게 되는데 혹시라도 우리 집에서 우리 아이가 숨을 안 쉬는 것 같으면 우리가 꼭 알아야 되는 게 있습니다 남자들은 많이 알 거에요 거의 다 알 거에요 그렇다면 예비군 에서 빛은 듯이 하거든요 얘기 그래서 이것 밖에 배우는 게 없는 것 같아요 바로 cp 말입니다 칸이 5가 심장 그리고 투몬 허리가 폐 릭스 스테이션이 다시 동계 하다 그래서 우리가 심 팩 소생 수리 되는 거죠 으 칸디 5% 머레이 리소스 태조 가장 먼저 알아야 되는게 이거 사람도 똑같지만 우리 아이가 아마 이제 숨을 안 쉬면 이 상태로 있을 거에요 근데 문제는 승 신하는 안되요 얘가 숨을 쉬고 심장이 뛰고 있는데 이걸 했다가는 더 문제가 생길 수 있는 거죠 그래서 뭘 확인해 봐야 되냐 웃어 숨쉬는 잠 확인해 봐야겠죠 사람이란 똑같지만 코앞에 다가 이내 피부를 해서 바람이 나타나는 나오는지 느껴 보는 방법도 있고요 그리고 그 첫번째 편 했었죠 홈케어 첫 번째 편에서 숨쉬는 거 어떻게 확인 아냐 2 흉가 기 올라갔다 내려갔다 아니면 배가 올라갔다 내려갔다 하는 지 이렇게 확인을 한번 해주시구요 그 다음에 또 맥박 또 확인할 수 있어 맥박 어떻게 확인 한다고 했죠 요 허벅지 안쪽 대퇴 동맥 에서 손을 대해서 맥박이 느껴지는 지 확인해 보는게 좋습니다 평소에 한 번씩 2대 태동 맥을 만져서 어 맥박을 느껴보시는 게 상당히 중요해요 그 다음에 할 거는 이게 우리나라는 대부분 소년 견 이잖아요 소형견 대형견 우선 똑같은데요 옆으로 눕히고 요 강아지들도 기도 확보를 해야 됩니다 살짝 이 기도가 이렇게 나갈 거니까 고개를 들어 줘서 고개를 들어 줘서 기독 악보를 해줘야 되고요 그 다음에 뭘 하냐 이제 흉부 압박을 해야되는데 사람들은 눕혀져 있는 상태에서 요기 이 가슴에 중앙을 손으로 이렇게 해서 팔꿈치를 굽히지 않고 이렇게 누르라고 하잖아요 우리나라 같은 경우 소현경 이 많기 때문에 만약 이런 소형견 은 요기를 빡 누르는 순간 심장은 다시 혈액을 줄 수 있겠지만 12kg 갈비뼈는 다 부러질 수 있습니다 그래선 14 키로 이하라고 이제 우리가 기준을 말하기는 하는데요 14 키로 정도 이 해야되는 소형견 아이들은 음 팔꿈치를 다 펴고 이렇게 두는 것보다는 이 심장이 있는 부분 팔꿈치와 가슴이 닿는 부분에 손가락을 이렇게 손을 이렇게 넣습니다 이렇게 넣고 어깨 세게 눌러 주셔도 되요 cpr 목적은 지금 멈춰있는 심장을 내가 손으로 압박해서 피를 내 로 보내주는 게 목적이 에요 그렇기 때문에 좀 쎄게 눌러도 되요 갈비뼈 조금 부러지거나 이런건 나중에 일이에요 어차피 심장 안 되면 죽습니다 그래서 심장은 이렇게 30번 압박을 해 주는데 어느 정도 속도 냐 어 1 15초에 30번 을 누를 수 있어야 되니까 2초에 2번 4 갯배 빨라야 되요 이게 뭐냐면 원래 강아지들의 1 100 에서 120에 2hot 라이트가 박동수 거에요 그러니까 최소 30번 은 15초 안에 할 수 있어야 돼요 30대 누르니 후에 똑같이 우리 사람 이 인공 호흡을 하잖아요 호흡을 넣어 주잖아요 그때 어떻게 하죠 코를 막고 해야 되죠 근데 강아지도 코를 이렇게 막을 순 없잖아요 그래서 코와 입을 한꺼번에 내 입에다 집어 겁니다 그러니까 이 상태에서 이렇게 넣어야 되요 사람을 이제 코를 막고 입을 살짝 벌린 다음에 여기 다 집어 넣는데 못해본 반대로 입을 다 받고 그리고 코에가 넣어야 된다고 생각하시면 되요 그냥 입을 다 이렇게 2 버 2번 하시구요 다시 두 번 하고 나서 또 바로 30번 압박 에 들어갑니다 그리고 또 30번 끝나면 2번 불어 넣어 주시고요 이렇게 한 2분 정도 하고 나서 다시 보는 거예요 두 개를 먹고 맥박이 뛴 아 20 쉬기 시작한 아 여기에 대해서 숨을 쉬기 시작한 아 숨을 쉬면 이제 빨리 암 꼽 영원으로 뜁니다 그리고 이럴 때는 좀 큰 병원으로 띠거나 바로 운전을 해석 가능 거에요 이동할 때 주의할 점은 사실 없어요 최대한 빨리 가자 최대한 빨리 이렇게 심장이 멎은 상태라면 좀 큰 병원으로 가장 그래서 여러분들이 집중 위에서 가장 가까이 24시간 병원 같은 것도 알아 놓으시면 좋아요 왜냐하면 혹시라도 혹시라도 병원 분이 닿는 밤에 이런 일이 일어나는 경우도 있기 때문에 4 대형 경 같은 경우는 14 키로 가 넘어가는 거 20키로 우리 몰 리트리버 남아 이런 아이들 같은 경우는 4 이 방법을 써야 됩니다 우리가 예비 그래서 배웠던 이 방법을 팔꿈치 1 이렇게 하는 거 아니에요 팔꿈치를 피고 몸으로 몸으로 하고 30번 똑같이 하고 공기를 불어 넣어 주시면 됩니다 한 쪽은 내 손가락이 들어가고 한쪽은 범죄 손가락 그래서 4 이렇게 해주시면 됩니다 어 인형으로 연습해 보고 싶구요 갑자기 보다 연습을 먼저 해놔야 겠다고 우리 강아지도 옆으로 눕혀 놓고 하시다가 평생 별로 안 친하게 지낼 수가 있으니까 절대로 우리 강아지들 데리고 연습해 보지 마시구요 자 이미지 트레이닝을 해놓으시고 나중에 응급 상황에서 이런 일이 일어나면 안 되겠지만 응급 상황에서 어 할 수 있도록 이상 예방이 가장 중요한 거니까요 하시면은 만약에 무지개 다리 건너 걸고 또 우리 보자 님들이 다시 살릴 수가 있습니다 4 다음번에 더 좋은 정보로 찾아뵙도록 하겠습니다 구독 좋아요 잊지 마시구요 안녕 회전이 오르자 너무 활발한 대역의 살았어요 어서 태어나 * 파아아아악 뭐 아까 으 뭐 이런거 못 뺄 죄송합니다 왜 꼭 시 pr 잘 배우셔서 너무 빨리 태어났는데 이렇게 잘 하셔서 다음에 혹시라도 또 그러면 네 집에서 응급처치 하고 오시길 바랍니다 으 태웅이 바란다 그렇죠 깜빡 사람의 딱 4,
25,https://www.youtube.com/watch?v=UNHFD8OuaOw,UNHFD8OuaOw,반려견 겨울철 건강 '이것'만 알면 돼요! ㅣ설채현 행동학수의사,설채현의 놀로와 ,이런 거 사시는 분들이 있는데 그리고 우선 법적으로 불법입니다 네 안녕하세요 설치니 여러분 설치연수 이사입니다네 날씨가 제법 쌀쌀해졌어요 아 저도 겨울을 좋아하지 않는데 드디어 제일 싫어하는 계절인 겨울이 오고야 말았습니다 이렇게 보호자들의 활동량이 적어진만큼 우리 반려견들의 참 또 힘든 계절이 오고 있는 거죠 근데 또 뭐 운동이나 산책이나 활동량뿐만 아니라 겨울에 건강적으로 신경을 써야 될 것들도 상당히 많습니다 그래서 사실 제 유튜브를 찾아보시면 오늘 나온 내용들이 다 나오기는 해요 근데 다 개별적으로 따로따로 이렇게 찍어서 업로드를 했었거든요 그래서 이번 시간에는 일명 보호자가 알아야 할 반려견의 건강한 겨울나기 총정리 끝판왕 한번 해보겠습니다 네 우선 가장 중요한게 뭘까요 저는 이제 산책이라고 항상 말씀을 드려요 그래서 첫 번째 산책입니다 예전에 되게 재밌는 그 설문조사를 본 적이 있는데요 한국에 사는 외국인들이 생각하는 한국의 미스터리 그 중에 10번째인가가 그 많던 개들은 겨울에 다 어디로 가는 것인가라는 설문조사가 있었어요 그만큼 미국이나 유럽 같은 경우에는 다 야외 배변을 시키기 때문에 아무리 추워도 밖에 나가거든요 저 같은 경우에도 제가 미국에 이제 연수하러 갔을 때가 기록적 한파 막 이렇게 그거 보신 적이 있으신가요 반팔티에다 물 적셔가지고 밖에 가지고 나가면 꽝꽝 얼어버려서 때리면 깨지고 이랬을 때 갔는데 제가 이제 공부하러 다닐 때 차도 없고 그러니까 막 그냥 걸어다니면 콧구멍 안에 있는 콧물이 얼어 가지고 코털이랑 다 엉켜가지고 막 따갑고 이럴 정도였는데도 나갑니다 그렇게 추워도 뭐 얘네들은 대형견들이 더 많아서 그럴 수 있지만 중소형견들도 무조건 나오긴 나와요 왜 강아지들은 안 나가면 내가 왜 안 나가는지에 대한 이유를 모르니까 그래서 산책을 꾸준히 해주는게 가장 중요합니다 근데 이제 시간은 조금 줄어들 수는 있겠죠 저희 세상이 같은 경우에는 추위에 워낙 예민한 친구랑 벌써부터 예전보다 산책 시간이 줄어들었어요 어느 정도 하고 나면 들어가고 싶다라는 표현을 합니다 하지만 우선 나가는게 좋아요 그래서 만약에 추위에 좀 약한 아이들이라면 하루에 한 2~30분 2~30분 정도에 산책이라도 해주시는게 좋습니다 그런데 이렇게 산책을 할 때 주의해야 될게 있어요 특히 눈 오고 나서 조심해야 될게 있습니다 발신형이 아니라 염화칼슘을 조심해야 돼요 실제로 어떤 나라에서는 반려견들이나 다른 동물들이 염화칼슘을 밟거나 먹어서 문제가 생기는 경우가 있기 때문에 그런 성분이 아닌 재설재를 써야 된다 이런 곳도 있긴 하더라고요 내가 아직까지 우리나라는 솔직히 했으면 좋겠지만 멀었어요 그러면 염화칼슘 뿌려놓은 거를 보면 항상 조심을 해야 됩니다 그래서 신발을 잘 신는 친구들이라면 신발을 신겨주는 것도 괜찮고요 아니면 좀 피해 다니는 거 잘 해야 되고 집에 와서 잘 씻어줘야 됩니다 세 번째 상당히 많은 논란이 있었던 주제이기는 해요 저도 고민을 많이 했었고 그래도 겨울에는 옷을 입히는게 좋습니다 근데 여기에 약간의 전제 조건이 붙어요 우리 영상 보시면 어느 정도의 온도 이하일 때 특히 소형견 같은 경우에는 한 이제 영하면 무조건 입혀야 되고요 한 5도 이하 되는 것 같다라고 하면 그래도 옷을 입히는게 건강에 좋습니다 근데 문제는 우리 아이들 중에 옷 입히는 거 싫어하는 아이들이 있어요 근데 그런 건 억지로 입히려고 하지 마세요 오중에 조금 편한 옷들이 있거든요 그리고 제가 옷 입히기 쉬운 방법들 또 영상 찍어 놓은게 있어요 다 있죠 이것도 한번 확인하면서 팔을 안 끼는 옷을 입히면 충분히 입힐 수 있어요 다 팔길 때 싫어하는 거기 때문에 고개만 쓱 들어가게 하는 건 우리가 교육적으로 되게 쉽게 할 수 있고요이 고개만 끼고 스트랩만 한번 감아주면 되는 옷들이 있으니까 이런 옷들을 입히고 밖에 나가는게 훨씬 더 안전합니다 좀 더 자세히 알고 싶으시면 저희 옷 입혀도 되나요에 대한 영상을 한번 보시면 좋아요 두 번째 많은 분들이 정말 오해하고 계신 부분인데 겨울철 심장사상충 구충 관리입니다 이것도 제가 영상에서 되게 자세하게 알려 드렸죠 그래서 이거 너무 길어서 또 안 보신 분들이 있기 때문에 좀 더 간단하게 한번 말씀을 드려볼게요 우선 첫 번째로 겨울에는 심상사상충을 안 하시는 분들이 있어요 근데 이거는 제가 수의사라서가 아니라 이거 제 의견이 아니라 미국 전세계적으로 심장사상충에 대해서 가장 많이 연구하고 가장 올바른 정보를 제공하는 미국의 심장 사상충 학회가 있습니다 거기서는 어떻게 권장을 하냐면 1년 내내 심장사상충을 예방하고 1년에 한 번은 검사를 해보라고 해요 그렇게까지 했는데도 검사를 해보라고 해요 왜냐하면 불량품이라는게 있을 수 있고 또 두 번째 점점 지구가 온난화 되면서 모기들이 겨울에도 늦은 겨울까지 살아남아서 있는 경우들이 많습니다 특히 지금 알고 계신 분들 계실 수도 있거든요 근데 전 요즘 목이 진짜 많이 봐요 오히려 바깥이 추우니까 다 안으로 들어와 버립니다 [음악] 그게 가장 안전하다는 거예요 그리고 진드기 진드기가 겨울에 없을까요 아니요 있습니다 진드기 있어요 그동안 봄 여름 가을에 있던 진드기들이 겨울에 갑자기 다 사라지는게 아니라 있습니다 활동성이 줄어들 뿐이에요 유충들은 막 이렇게 많이 있어요 확률적으로 봄 여름 가을보다는 훨씬 더 떨어지지만 겨울에도 있을 수 있기 때문에 1년 내내 구충을 하는 것을 권장을 드려요 근데 이거 또 하나 이제 우리가 좀 중요시해야 되는게 있어요 이게 많은 분들이 해외 직구나 인터넷을 통해서 뭐 심장사상충약이나 이런 거 사시는 분들이 있는데 이거 우선 법적으로 불법입니다 법적으로 불법이에요 이게 좀 더 저렴해서 그렇게 하시는 경우들이 있지만 이게 동물용 의약품이기 때문에 해외 직구나 인터넷에서 이걸 구매하시는 건 우리나라에서 불법이에요 이거 은근히 이거 조심하셔야 되고요 또 하나 뭐 사실 명품도 짝퉁이 있는데 이것도 저는 짝퉁이 있다고 알고 있습니다 진짜 똑같이 이렇게 만들어 놨지만 짝퉁이 있는 경우가 있어요 아까 그 심장사상충 학회 미국의 심장사상충 학회에서 왜 1년에 한 번씩 검사를 하는 걸 권장하냐면 정품에서도 혹시라도이 불량품이라는게 나올 수가 있는데 우리가 뭐 자동차도 그렇고 기계도 그렇고 뽑기 잘못했다라고 얘기하는 경우가 있는데 그때 운 나쁘게 감염돼 버리면 진짜로 계속 감염이 될 수밖에 없는 거거든요 근데 이런 가짜 제품도 있을 수 있기 때문에 가장 안전하고 우리가 잘 할 수 있는 건 동물병원에서 수의사 선생님 장담한 후회하는게 가장 안전해요 그리고 이것뿐만 아니라 사실 많은 분들이 이것 때문에 가시지 않나요 한 달에 한 번 기본관리 받으러 제가 항상 강조하잖아요 악역은 다른 사람한테 맡겨라 만약에 기본관리 집에서 잘 못하겠으면 그냥 한 달에 한 번 병원 가서이 사상충 같은 거 하면서 건강상태도 조금 육안으로 체크를 하고 기본 관리 같은 거 하고 돌아오시는 거를 더 추천드립니다 그리고 이거는 저도 이제 제가 잘 못 챙기는 건데이 심장사상충이나 구충제 투약을 까먹는 경우들이 있어요 저는 그래서 딱 정해놨죠 매달 1일 저는 매달 1일로 맞춰놨습니다 제 반려견들의 구충 날짜는 매달인 안 까먹거든요 이렇게 하면 근데 만약에 벌써 이제 매달린 일이 아니다 그러면 이걸 기억하기 어려우시다면 투약일을 알려주는 서비스가 있습니다 투약을 알려주는 서비스가 있으니까이 베링거 인계라임에서 좀 세 아닌 제약회사죠 매달 보호자분들에게 투약일 알림 메시지 서비스를 제공하고 있으니까 만약에 내가 이거 자주 까먹는다라고 하시면 신청하시면 좋을 것 같습니다 세 번째는 건강검진입니다 뭐 이거는 꼭 겨울이 아니더라도 우리 아이들한테 꼭 필요한 거죠 강아지들 저도 가장 힘든게 여러분들 tv에 나오는 행동학적 문제를 가진 아이들 중에 의학적 문제를 가진 아이들이 엄청나게 많다는 거 아시나요 그건 결국 뭐냐면 내가 아픈데 표현을 잘 못하고 있는 아이들이 되게 많아요 그러니까 우리가 봤을 땐 멀쩡해 보이는데 보호자가 좀 예민하게 보지 않으면 우리 아이들은 그 아픈 걸 계속 숨기다가 더 심해지는 경우가 많기 때문에 건강검진 해주시는게 좋습니다 그래서 보통 이제 수의학적으로 추천은 1에서 7세 사이에는 1년에 한 번 그 이후부터는 1년에 두 번인데 아 두 번이지 쉽지는 않습니다 솔직하게 말씀드려서 두 번 할 수 있으면 두 번 하면 가장 좋지만 또 1년에 한 번 정도를 하는게 좋고요 그리고 어렸을 때 왜 건강검진 하냐라고 말씀을 드리면 사실 저는 아주 어렸을 때는 한 두 살 때를 제외하면 1년에 한 번 막 추천은 안 드려요 하면 좋기는 해요 두 살 때 일을 어렸을 때 하면 좋은게 뭐냐면 기본 데이터베이스를 만들어 줍니다 어렸을 때는이 수치였는데 이거 갈수록 이런 수치가 좀 바뀌어 가네 혹시 여기에 문제가 있는 거 아니야라고 해서 조금 더 빨리 확인할 수 있는 기회를 주기 때문에 어렸을 때 건강검진도 상당히 도움이 돼요 사람으로 봤을 때 20살이 강아지의 육체적 나이로 보면 한 살이니까요 우리가 1년이 넘어가면 하는게 맞긴 맞아요 근데 조금 그래도 너무 걱정된다 하면 매년 한 번씩 하시는 걸 가장 추천 그래도 어 나는 조금 신경을 써보는데 매년 하는게 좀 부담스러워 특히 어린 나이에 그러면 두 살 때 1년 넘어가서 한번 하고이 데이터베이스를 만들어 놓은 다음에 2년에 한번씩 하든 뭐 3년에 한 번씩 하든 아니면 다섯 살 넘어서부터 1년에 한 번씩 하든 이런 식으로 좀 건강검진을 하는 걸 추천드립니다 그리고 건강검진 할 때 그냥 혈액검사뿐만 아니라 특히 5살 7살 넘어가면서 노련견에 중년에서 노령견 넘어갔을 때는 그냥 혈액검사뿐만 아니라 대부분 제가 이제 진료 볼 때도 건강검진 하셨어요네 어떤 거 하셨는지 한번 볼까요 그럼 대부분 혈액검사만 하세요 근데 혈액검사를 알 수 있는 건 많지 않아요 그리고 혈액 검사에서 뭐 예를 들어서 신장 신장도 어떤 검사를 하느냐에 따라 다르지만 어떤 검사는 신장이 막 70%는 망가져야지 수치가 올라가기 시작하고 조금 더 빠른게 한 40%만 가져야지 나타나기 시작하고 간도 마찬가지고 그렇거든요 초음파 정도는 꼭 포함해서 검사하는 걸 추천드립니다 다음으로 이제 건강검진 만큼도 중요한게 예방접종입니다 저희 얼마 전에 제가 예방접종에 대해서 또 자세하게 또 설명드렸었죠 그래서 더 궁금하신 분은 여기 보시면 됩니다 우선 권장하는 건 매년 추가 접종이죠 근데 제가 제 영상에서 말씀드렸듯이 매년 추가 접종이 좀 부담되시거나 굳이 멀쩡하게 방어력이 있는데 또 하고 싶지는 않다라고 생각을 하신다면 항체가 검사라는 옵션이 있다라는 걸 말씀드렸어요 근데 제가 겨울에 왜 건강검진을 더 강조하냐면 여러분들 요즘 어때요 다시 그놈이 우리를 2 3년 동안 힘들게 했던 그놈이네 다시 창궐하기 시작했다라는 좀 스멀스멀 이런 얘기들이 올라오고 있죠 그게이 온도가 내려가면 바이러스성 질환들이 많이 더 전염이 잘 되는 경우들이 많아요 점막도 건조해지고 막 이러다 보니까 더 있는데 개들에서 중요한 건 코로나보다 더 중요한게 있습니다 우리 사람이 우리 독감 걸린다고 하는 인플루엔자 있잖아요 개들도이 인플루엔자에 감염이 잘 돼요 특히이 계절에 그리고 이게 전염성이 엄청 강해요 전염성이 엄청 강해서 만약에 인플루엔자 있는 강아지와 함께 이제 좀 놀았다 거의 다 걸린다고 봐도 돼요 전염력이 엄청나게 강하기 때문에 다른 접종을 떠나서이 인플루엔자 같은 경우에는 조금 더 신경을 써서 이건 매년 접종해야 되거든요 인플루엔자 같은 경우에는 그래서 접종 하지 않으셨다면 한 번 더 확인을 하고 접종을 해주시는 걸 추천드립니다 그리고 광견병 같은 경우에도 솔직히 말씀드려서 한번 접종하면 항체가가 2 3년 가는데 그래도 법이에요 이건 우리나라에서 1년에 한 번씩 접종하라는 법이기 때문에 혹시 깜빡하셨다면 꼭 접종해 주시는게 좋습니다 더 자세한 건 백신 접종 편을 확인해 주세요 자 이렇게 우리 반려견들의 겨울철에 우리가 좀 신경 써야 되는 것들에 대해서 제가 그동안 다 따로따로 한번 말씀드렸던 거를 총정리에서 짧게 하려고 했는데 하다 보니까 더 말이 길어진 거 같아요네 한번 한편으로 좀 엮어 봤는데요 이렇게만 좀 신경을 써 주셔도 이번 겨울 별 탈 없이 잘 넘어갈 수 있겠죠 마지막으로 이제 점점 추워지는이 겨울날 좀 따뜻해지는 캠페인을 소개해 드리려고 합니다 사랑하는 반려견의 평생 건강을 위한 허금이 캠페인인데요 세상에 모든 반려견의 평생 건강을 기원하는 의미에서 사랑하는 반려견을 따뜻하게 안아주는 캠페인입니다 안아주는 걸 그렇게 좋아하지 않기는 하니까네 우리 아이가 좋아할 때 안아 주셔야 됩니다 막 자고 있는데 갑자기 안으려고 하지 마시고요 우리 보호자분들 진짜 우리 반려견들 많이 사랑하잖아요 그래서 우리 사랑하는 반려견을 꼭 안아주고 사랑을 나누는 허금이 챌린지도 진행 중이라고 합니다이 챌린지 같은 경우에는 추첨을 통해 선물도 드린다고 하니 꼭 참여해 보시기 바랍니다 [음악],
26,https://www.youtube.com/watch?v=vkWXnJpLtso,vkWXnJpLtso,반려견의 설사가 위험한 이유!?/대변으로 알아보는 반려견 건강관리법!ㅣ설채현 수의학,설채현의 놀로와 ,가제 에 대한 정보를 독하고 솔직하게 알려 드리는 독설 tv 설치 할 수 있습니다 왜 또는 갈색 이까 예 외통 이 갈색의 꺼주세요 으 조직 저희가 항상 아니 원래 주원인은 담 집이에요 담낭 에서 담즙이 나와서 음식물과 섞여 지면서 갈색이 나타나게 되는 거예요 그런데 담낭이 막혀서 담즙이 안나온다 그러면 이렇게 하 활동이 나와요 이 담관이 결석 같은걸로 막혀서 안 나오면 이렇게 100병 이 나올 수 있기 때문에 계속해서 반복해서 100 변이 나온다 그러면 이건 빨리 가서 초음파 한번 해 봐야 돼요 왜냐하면 막혀서 담날 파열되면 복막염 이에요 끝나요 그래서 200 뼘도 내가 뼈를 먹이고 잊지 않는다 요건 좀 조심하셔야 되구요 뭐 왜 뭐 해 줘 없죠 아 아빠 생겼어 아 내가 사람을 좋아해 가지고 계속 붙어 있고 싶어요 아 똥 2탄 똥 2탄 3기 아닌 똥이 국기에 대해서 오늘 한번 말씀 드려보겠습니다 이렇게 나눠 되겠죠 정상 정상보다 딱딱하다 네 여러분들 다 고생하고 있는 겸비 4 그리고 정상보다 무르다 그러면 강아지 키우면서 가장 걱정하는 설사가 되겠죠 뭐 사람이랑 똑같아요 우리아이 동의 염소 똥 이다 본 변비 에요 시기상 푯말이 주세요 그리고 수분을 좀 더 많이 섭취하게 해 주시고요 사료의 단백질 함량이 너무 많은지 내가 간식 단백질 너무 많은 간 책들을 주고 있지 않은지 한번 확인해보세요 우리도 곡이 너무 많이 먹으면 변비에 걸리죠 똥을 들었을 때 모양이 없어 지기 시작하는 걸 보고 우리 나 이제 설사 다 그리고 이 설사가 우리 보자 님들 항상 엄청나게 걱정하게 하죠 왜냐하면 실제로 동물병원의 가장 많이 오는 케이스가 피부병과 설사 요 그리고 우리 아이가 설사를 했을 때 아니고 지금 바로 경우는 가야 돼 말아야 돼 사실 제 지인들 한테도 항상 똥 사진 이옵니다 오늘도 왔어요 오늘도 왔습니다 두번째 왜냐면 슬리피 형님한테 4 이렇게 괜찮은 거야 하고 꼭 오오오 내용 님 아 없지 네 저 지금 유튜브 찍고 있는데 스피커폰으로 하고 있어요 so i 하아 아 왜요 아 아 튜립 퓨리 똥 이에요 큰 백도 위에 니 옳게 소리야 설사 는 지금 이번 한 번만 으로는 보기 확실하게 힘드니까 컨디션 좋으면 아까 제가 말씀드린 대로 금씩 한번 시키고 두 세번 연속으로 나오면 그때 병원 가죠 싸워 가서 에 시동을 싼 다음 왜 꺼 약을 주는 거야 근데 4 봤어 1분대 미야 4 아닙니다 인사문 만 해주세요 으 아니 왔어요 그 파아아아악 박쥐 대통령을 꿈꾸다 벌리게 투여 어스 느낍니다 아까 너무 고마워요 준비된 번째 몇 해 배필 년에 누 거야 함 박박 폭발적인 입니다 떡살 쥐기 네 저희 아무리 거부도 안 하셨네요 놈 다들 아시죠 빨리해주세요 유튜브 잘 봤어 형님들 유튜브 하잖아요 내 껐다 보다 아 아 아 무 에 한번 출연 해 주시죠 내가 지금 할게 어서 날 바로 할게요 깜빡 아 물론 하려하고 세워 매이 달 싸 보시오 내 들어 생 님 [음악] 원인 원인은 가장 많은 원인이 뭐냐면 우리가 흔히 말하는 삼투 합성 설사 좀 어렵죠 결국 뭐냐 많이 먹어서 새끼 를 설치합니다 뭔가 물을 흡수한 장에서 물을 흡수하지 못하고 뭐 이렇게 농축되어 있는 게 장 안에 들어가 있으면 오히려 이 음식물들이 수분을 빨아들여 요 장에서 수분을 빨아 들여야 장이 수분을 가득 가야되는데 장애 있는 수분을 이 음식물들이 빨아들여 버리니까 딱딱하게 굳지 못하고 설사로 나오는 경우가 많습니다 감 과식 게 경우가 가장 많고요 그런데 우리가 걱정되는 부분은 사실 모든 질병에서 설사가 나타날 수 있다는 거예요 간이 안 좋아도 실제로 장애 염증이 생겨도 그냥 내 몸이 안좋으면 설사가 나타날 수 있어서 설사를 한 번만 해도 많은 분들이 걱정을 하시는데요 우선은 아주 간단한 이것도 원래 좀 복잡하지만 고입 오전 님들 이해하기 쉽 또 간단하게 설명드리면 새끼가 나지 간 설사 한다 바로 병원 가세요 그리고 노려 10 노견 2 설사 한다 이것도 바로 병원 가세요 그리고 마지막으로 우리 아이가 내가 알고 있던 지병이 있었다 지명이 무엇이든지 지병이 있었다 그러면 바로 방어 마세요 그런데 만약에 우리 강아지가 원래 건강 했따 그리고 설사를 한번 했는데 컨디션은 좋다 식욕도 좋고 컨디션도 좋다 라고 한다면 어 첫번째로 한끼를 군기 세요 이거 되게 힘들어 하시는데 한끼를 굶겨 보시고 반복적으로 두세번 설사가 나오면 건강했던 아이들은 그 때 빨리 병원가서 지사제 나 뭐 그냥 처방 아니면 진료를 받아보시는 것을 추천드립니다 그리고 어 만약에 어린 아이가 설사를 하고 나이 많거나 지병이 있는 아이들이 설사를 하면 사실 설사 뇌 무서운 걸까요 생각해보면 저도 어렸을때 그래 철사 외무성 거야 설사 가장 위험한 이유 탈 수 있어요 달수 으 oo 아 술값을 [웃음] 탈 소의 요 그래서 조금 이제 당원을 바로 가기 힘든 지역의 있다거나 하면 설사를 하고 나서 애가 쳐지고 힘들어하는 것 같다 그러면 이 오는 여와 물을 5대 5로 섞어서 조끔 급여 해주세요 응급 자체 그리고 먹을 거는 한끼는 붐벼 주시고요 이온 음료를 고를 때 주의해야 될 건 우리나라 건 없는것 같더라구요 제가 잘 찾아 봤는데 이 음료의 자일리톨을 성분 들어있는 건 절대로 안됩니다 자일리톨은 강아지들이 먹으면 위험해요 근데 미국어 이용 음료 중에는 자일리톨 성분이 들어있는 게 있으니까 조심해 주시고 그리고 오데온 으로 섞어서 주시면 응급처치가 가능할 것 같아요 4 그리고 제가 1 2 3번 연속으로 쌀 때까지 기다려 벌였다고 10 0 있었다고는 컨디션 떨어지는데도 경우 안가면 절대 안됩니다 저도 지인이 뭐 우리의 설사 있는데 어떻게 해야 돼 라고 했을 때 가장 먼저 물어보는 건 잘 놀아요 컨디션 어때요 이어 컨디션에 떨어졌을 때는 한 번만 설사를 해도 무조건 병원에 가서 진료 받아 보시는 것을 추천드립니다 똥 에 대해서 궁금한 점 있으신 분들은 4 또 댓글 남겨주시구요 구독 좋아요 있지만 해주시고 다음번에 더 좋은 정보로 찾아뵙도록 하겠습니다 안뇽 [음악] 으 으 오 오 오 오 오,
27,https://www.youtube.com/watch?v=unh6IvFm11w,unh6IvFm11w,은밀하고 수상한 강아지 마운팅! 그 진짜 이유?!,설채현의 놀로와 ,강아지에 대한 정보를 독하고 솔직하게 알려 드리는 독설 대비 설치할 수 있습니다 4 이번 시간에는 붕가붕가 에 대한 모든 것 [음악] 약간 자극적인 걸 너무 좋아요 아 우리나라 사람들 다른 나라도 그럴까 항상 붕가붕가 면 성적 행위를 생각하는 경우가 너무 많은데요 저 오늘 이거 에 대해서 정확하게 1 법 말씀드려 보도록 하겠습니다 대학부 합니다 [음악] 첫번째로 자 이게 우리나라는 붕가붕가 라는 단어라 마음 t 이런 방어를 같이 쓰는 것 같아요 사실 조금 더 엄밀히 따지면 영어로는 마운팅 이라며 다가 있고요 그 다음에 허 핑 이라는 가는거죠 마음 기는 올라타 비가 되어 펌핑 은 붕가붕가 가 되는 거죠 조금 이게 다 너 적막한 할 필요가 있고요 우리가 가장 많이 하는 오해는 마운팅 하면 되게 그 모습 때문에 좀 민망하고 이게 성적 행위가 아닐까 얘가 나를 성적 대상으로 보는게 아닐까 라는 오해를 하는건데요 투하하는 애가 않을 이겨 먹으라고 하는 거야 마운팅 은 서열이 높은 개가 낮은게 한테 설리 높은 동물이 낮은 건물 때 하는 거기 때문에 우리 개가 나한테 마운팅 을 하는 것은 나를 우습게 보고 낮게 보는 것이다 이 두 가지 오해가 가장 한데 사실 강아지들의 마음 킨 펌핑 은 이 두가지 경우에 가능성 가장 낳습니다 가자 3 거 좀 설명을 드리자면 마음 킹 가 붕가붕가 는 성적 행동이 아닌 경우가 훨씬 더 많기 때문에 3억 뭔가 성공으로 뭔가 관계가 없는 경우가 더 많고 그렇기 때문에 중성화 유무와 상관없이 할 수 있습니다 그리고 암컷과 수컷 씩 다 할 수 있습니다 어떤 분들은 얘는 암컷이 인데도 그래요 왜 그런 것도 인 암컷의 중성화 까지도 했는데도 그래요 근데 이게 송 쪽 행위가 아니고 그냥 걔들이 아주 자연스러운 행동 중에 하나이기 때문에 암컷과 수컷이 구별하지 않고 할 수 있어요 다운은 과정에서 되게 흥분해서 의류 롱 거리거나 털을 바짝 세우고 막 올라 탄 행동이 아니라면 대부분 관심 끌기 행동인 경우가 가장 많습니다 개들 끼있는 또 하나는 대부분의 아마 집에서 마음과 붕가붕가 를 경험하신 분들이 이유가 누들 거에요 행복하거나 사람과 무언가를 하고 싶을 때 아웃팅 붕가붕가 를 아주 만약 그냥 문 했을 때도 얘들이 하나의 언어로써 이런 마음인가 붕가붕가 를 한다는 거죠 쭉 금 어 구별할 수 있는 방법이 있어요 성적 행위의 둔갑 올까봐 그냥 나 좀 봐줘 나랑놀자 나치는 그냥 기분이 좋아 아 이걸 구별할 수 있는 방법이 성적 또는 자기 위로를 목적으로 마음 킹을 할 수 있는데 그럴 때는 어 아주 빠르구요 어그 이렇게 얘기하는 바울이 시작하는데 뭐 이렇게 생각하시겠지만 아주 빠르고 머니 얼굴과 오브 상대방에게 다 붙이려고 하는 경우에는 근데 여러분들 먹 어제 우리집 강아지는 우리 강아지가 2 마운팅 둔갑 응가를 한다 근데 보면 대부분 탄거 짚고 이러고 받고 조금 민망한 은 이를 가지 뭐 이러면서 자 아 아 이러면 사자 아이 뱅 막 이렇게까지 하는 것은 중성화 안테나 이들의 그런 성적 행이 가능성은 있다 그리고 또 한번 보면은 어 이만큼 가 붕가붕가 가 개가 계획이 올라타는 g 그리고 사람에게 올라타는 지에 이에 따라 들어가 꽃 한 대상에 따라서 그 원인이 조금 다룰 수 있는데요 사람에게 올라타는 경우는 스트레스 또는 불안 아니면 관심 그 얘기 행동일 가능성이 가장 높습니다 그런데 계획에 m 올라타는 경우에는 놀다가 과 흥분 하는 경우 아니면 불안 그리고 마지막으로 놀이의 개념으로 올라탄 경우도 많아요 대표적으로 개들에게 는 아주 정상적인 행동이지만 사람에게는 민망하게 보이는 그런 행동이라고 생각하고 됩니다 그리고 중성화수술을 하지 않은 개가 이 마음을 많이 하게 되면 중성화 스스로 하는 경우가 있거든요 한미 국가가 있어요 같이 나이가 먹어서 효과가 있어요 그런데 중성화 수술을 하고 나 타고 나서 한 일주일 위해서 예 허세 미에 그래도 마운팅 하는데요 이렇게 얘기하시는 경우가 있는데 당연히 그럴 수 있습니다 한달에서 두달 여 걸릴 수 있어요 원래 혈중에서 돌아다니던 남성 호르몬이 줄어 드는데 까지 시간이 좀 걸릴 수 있습니다 그리고 많은 사람들이 아까도 말씀드렸듯이 아웃팅 이 서열과 관련되어 졌다고 생각하는 경우가 많지만 실제로 연구 결과 그런 경우는 거의 없다고 특히 게르 끼리 부를 수 있지만 개와 사람과의 관계에서는 서율 적인 행동을 하는게 절대 아니라 그리고 멋 조금 더 정보들을 간단하게 말씀드리면 아주 정상적인 행동이고 어린 나이 때부터 놀면서 나타나게 되고요 아까 말씀드렸듯이 흥분했을 때 스트레스 받거나 불안할 때도 나타나고 전 행동 이라고 해서 뭔가 스트레스 풀려고 지금 이 상황이 쉬는데 전혀 쓸데 없는 행동으로 나타나는 경우가 많아요 그리고 손님이 왔을 때도 홈과 스트레스에 상반된 충동으로 인해 나타날 수 있는데 우리가 많이 보도 3 나게도 정말 많이 와 닦은 하 겠 어 그러니까 지금 다시 한번 정리해 드리면 우리의 집에서 우리집 개의 특히 중소 와 1 반려견 회 막힘 군가 분과는 우리가 생각하듯이 사회적인 문제 아니면 성적이 아니라 오히려 심심 에서 스트레스 받아서 아니면 나 좀 봐달라고 아니면 너무 기분이 좋아서 앱 가능성이 많다 그러니까 그런 행동을 보여도 너무 걱정하지 말아라 4 오늘은 마운팅 붕가붕가 에 대해서 말씀드려 봤구요 다음번에 더 좋은 정보로 찾아뵙도록 하겠습니다 안뇽 봇 대구 학교 안 될 부 눅 너니까,
28,https://www.youtube.com/watch?v=EgGPFEzILu0,EgGPFEzILu0,강아지 비만의 모든 것!_1분 비만 체크법_댕댕아 건강하자♡,설채현의 놀로와 ,강아지에 대한 정보를 독하고 솔직하게 알려 드린 독설 tv 설치 연수의 합니다 네 오늘은 또 우리가 집에서 우리 보자 님들이 간단하게 볼 수 있는 우리 아이들의 건강과 관련된 것 4 한번 해볼 건데요 간난이 제가 이제 3 나게 에서 했던 것과 유튜브에서 했던 것들이 헷갈립니다 승낙에 뭐 모든 분들이 다 보시는 건 아니기 때문에 그래도 똑같은 정보도 조은성 보면 우리 유튜브에서 도 소개를 시켜 드려야 되는데 오늘은 4 비만과 관련된 겁니다 우리 아이들의 몸매 사람들은 그 c 재고 몸 무게 재서 체지방률 계산하거나 아니면 요즘 기술이 발전해서 헬스장 만 가도 이렇게 4 양말 벗고 손으로 이렇게 잡고 하면 체지방 근육 딱 딱 딱 딱 나오죠 하지만 강아지들은 그것에 대한 통계가 없구요 뭐 잡고 있으라고 해서 잡고 있는 아이들도 아니고요 그리고 뭐 털로 뒤덮여 있어서 뭐 이거 수해로 만지고 있을 수도 없고요 그래서 정확하게 뭐 체지방률 계산하거나 내가 비만이다 이런거로 수치화 할 수 있는 방법이 없습니다 그래서 지금까지 가장 많이 쓰이는 방법은 bcs 바디 컨디션 스코어 입니다 구글에서 독 바디 컨디션 스코어 라고 검색만 해도 나오고요 이겁니다 그림만 보시면 되어서 그림을 한 번 볼까요 그림 보면 1번 2번 3번 4번 5번 있는데 위에서 본 것과 옆에서 본 곳입니다 4 위에서 봤을 때 허리가 들어가 있구요 그리고 아래서 봤을 때 이 배 쪽이 쏙 들어가 있어야지 우선 정상 이에요 가장 정상인 이런 그림이 고요 점점 콜라병 2 조랭이 떡 처럼 변해 가면 4 비만으로 가서 마지막엔 통나무처럼 되냐 이 마지막 오 스 ktcs 고가 되는건데요 쪼끔 더 이제 세심하게 본다면 갈비뼈 여기 갈비뼈 만져 보는 거예요 갈비뼈를 만져봤을 때 너무 그냥 지방이 하나 더 먼저 지고 갈비뼈 막 만져도 문제의 그럼 이제 1 2에 들어가는 거예요 어느 정도 물컹물컹한 지방이 만져지면 서 갈비뼈가 쉽게 만져지면 2 3번 이상적인 몸매가 되는거구요 이거 이외에 척추도 똑같아요 척추를 만져봤을 때 소등 뼈처럼 지방 하나도 없이 손에다 만져지면 노크도 너무 많은 거예요 1 2가 될 거구요 약간 지방의 쌓여서 어느 정도 이렇게 뭐가 부들부들 한데 그러면서 척추뼈가 만져지면 한 3번정도 4 5번은 갈비뼈 도 이렇게 눌러도 잘 안 만져지고 요 척추뼈 도막 만지려고 해도 이게 어디 있지 하게 됩니다 그리고 가끔 제가 꼭 말씀드리고 싶은 거 혹시 제 독설 팀이 보시면서 애기 강아지 키우시는 분들 샵이나 처음 분양할 때 숟가락으로 한 스푼 주세요 그 평 제가 제품 먹는게 아니에요 꼭 뒤에 이거 꼽고 보셔서 점점 늘려 줘야 되는데 계속 한스푼 먹이다가 애기들 딱 되고 왔는데 갈비뼈 그냥 다 만져지고 요 그리고 척추 때다 만져지는데 한번 보세요 척추뼈가 휘어져 있는 아이도 있을 거에요 그 진짜 많이 많은 거예요 척추뼈가 아치형 을 가지고 이렇게 쉬워져 있는 애기 강아지 들이 있어요 진짜 너무 못먹어서 말은 거니까 양을 올려 주셔야 됩니다 그리고 4 5번 이신분들 2분들은 진짜 반성 하셔야 되요 4 5번 의 대부 4억 원은 두 부류로 나눌 수 있습니다 보호자가 잘못한 경우 아니면 걔가 우리 반려견 아이들이 몸값 문제가 있을 경우 근데 이 중에 대부분은 보호자 분들이 잘못한 거예요 개들은 우리가 줘야 먹어요 자기네들이 갑자기 부엌에서 문 열고 냉장고에서 꺼내 먹는 다거나 요리를 해서 먹지 않아요 우리가 먹는거 먹고 살 찌는 겁니다 내가 산 책 못해줘서 못 놀아줘서 자꾸 먹는 걸로 풀려고 하는데 나중에 진짜 피눈물 흘립니다 4 4억원 이신 분들은 꼭 조금씩 제 다이어트를 해야 되는데 중요한 게 아까 제가 잠깐 말씀드린 아이들이 아파서 살이 찌는 경우들이 있어요 그래서 이거는 집에서 간단하게 한번 확인을 해볼 수 있는데요 아이들이 아파서 살이 찌는 경우에 가장 큰 두 가지 호르몬 성 질환 2 첫째가 갑상선 기능 저하증 이에요 갑상선 기능 저하증 은 적게 먹어도 살이 줍니다 먹은거 에너지로 쓰지 못하고 적게 먹어도 그냥 타살로 가요 그래서 내가 분명히 정량을 주고 있는 것 같은데 살이 찌는 것 같다 그러면 검사 한번 받아보시는 걸 추천드리고요 심한 아이들은 이런 털이 데칼코마니 처럼 빠져야 뭐 예를 들어서 이렇게 두분이 빠진다 거나 아니면 이렇게 중앙으로 갈라 쓸 때 접으면 데칼코마니 틀어 빠진 다거나 그리고 피부의 색소침착 피부 맨 테이션 이라고 하는데 색소침착이 많이 일어나는 경우가 많고 추울 추운 건 진짜 싫어요 여름에도 입을 밑으로 들어가 이런 경우가 있으니까 우리 아이가 적게 먹어도 살찌는 데 이런 증상을 보이면 병원에서 갑상선 기능저하증 을 꼭 한번 확인해 보시고요 두번째 부신피질 기능 항진증 이거는 스트레스 호르몬이 너무 많이 나와서 식욕이 미칩니다 갑상선기능저하증이 식욕이 그렇게 많이 오르지 않는데 적게 먹어도 살이 찌는 거고요 푸싱 부신피질 기능항진증 같은 경우에는 식욕이 엄청나게 증가 요 엄청나게 증가해서 계속 먹고 살이 찌고 엉덩이 이렇게 지방이 쌓인다 거나 이것을 조금 집안에서 확인할 수 있는 방법은 kg 당 100ml 이상의 물을 마시는 지 확인해 보시는게 좋습니다 이 병의 특징은 다음 다뇨 다식 2 다음 다뇨 다식 이 가장 많이 나타나는데 다음 많이 물음 하시고 단유 오줌을 많이 타고 다시 많이 먹는다 해요 그래서 혹시라도 우리집 강아지가 5키로 오면 24시간 동안 500ml 이상을 먹는 잠 확인해 보시구요 그거 비슷하게 100ml 정도 먹는다 큰병원 가서 이 검사를 해보시는 게 좋은데 단 혹시라도 피부 약 먹고 있는 아이들은 단기적으로 이런 증상이 나타날 수 있으니까 너무 걱정하지 마시고 피부 약 다 먹고 나서도 그런지 확인해 보시는게 좋습니다 그래서 진짜로 우리가 가장 이상적으로 보는 보면은 2.5 에서 3 이에요 이런 아이들이 건강하게 오래 삽니다 4 5번 의 수명이 2.5 해서 3인 아이들보다 1년에서 2년은 짧아요 1 인연 이라고 하면 개 들의 인생에서 사람이랑 비교해 봤을 때 거의 5년에서 6년 일하고 또 봐도 되기 때문에 정말로 수명이 많이 깎이는 거거든요 그리고 내서 보신분들 아닙니다 보내 보신분들 않은데 일 년이 뭐예요 갈 때 되면 하루라도 더 있고 싶은데 지금이라도 잘못된 방법으로 내 죄책감에 을 먹는 걸로 풀어 주지 말고 좀 상담도 받고 찾아봐서 아이드 체중 적당하게 유지하면 나중에 병원비도 줄어요 비만은 만병의 근원입니다 그래서 꼭 한번씩 확인해 보시고 만약에 내가 많이 줘서 살이 찌고 있었다 라고 한다면 지금부터라도 꼭 다이어트에 들어 가시고요 혹시라도 제가 말씀드린 것처럼 적게 먹는데 살이 찌는 것 같거나 분명 피부 약 같은거 안 먹고 있는데 물 많이 마시고 오줌 많이 싸고 엄청 먹으면서 살이 찌고 있으면 병원 가셔서 미리 검사하고 처방 받는게 이것도 나중에 서로 행복하고 돈도 아끼는 길이 니까요 꼭 한번씩 확인해 보시기 바랍니다 다음번에 더 좋은 정보로 찾아뵙도록 하겠습니다 구독 좋아요 잊지 마시구요 안녕 쓰며 뿐이에요 [음악],
29,https://www.youtube.com/watch?v=YVAp3g7yZ-E,YVAp3g7yZ-E,Is it safe to walk your dog in this sweltering heat? 💦🔥 | Dog Heat Management Tips | Seol Chae-hy...,설채현의 놀로와 ,야 요즘 우리 이혼도 다 넘잖아요 32도 건강 상태 종과 크기 관련없이 열사병 위험 증가 사실 지금 강아지들한테 제일 위험한 상황이라는 [음악] 거죠 안녕하세요 설채현 행동 학수 이사입니다 이번 시간에는 여러분들 많이 고민하실 것 같은데요 저도 사실 요즘 이것 때문에 세상이랑 산책을 오랫동안 못 하는 거 같아요 바로 폭염입니다 아 진짜 너무 더워요 세상이 원래 따뜻한 걸 좋아하는 친구거든요 이탈리안 그레이 헌터들이 추운 걸 싫어하고 따뜻할 때 조금 더 컨디션이 올라가고 그러는데 너무 더우니까 좀 나가서 자기 할 일 빨리 끝내고 이제 집에 들어가자는 표현을 정말 많이 하더라고요 그리고 실제로 지금 이맘 때쯤 되면 동물병원의이 폭염 때문에 이런 열사병 증상을 보이면서 오는 친구들도 있어요 근데 진짜 덥잖아요 막 34도 35도 8월 달에 얼마나 더 더울지 걱정이 되는데 이번 시간에는 우리 아이들의 폭염 나이 어떻게 행복하게 갈 수 있을지 한번 알아보도록 하겠습니다 이제 종에 따라 다른데 사실 가장 힘들어하는 애들은 이중모 애들이죠 털이이 이중으로 나는데 겉털 말고 속털 같은 경우에는 체온을 따뜻하게 해주는 역할을 하거든요 근데 여름 되면 거의 다 빠지기는 해요 그래서 이제 보호자분들 되게 힘들어 하시죠 강아지 한 마리가 나온다 막 이런 얘기하실 정도로 확실히 우리보다는 훨씬 훨씬 더 더울 수밖에 없죠 그리고 또 하나 개들은 사람보다 열을 잘 발산하지 못하는 동물이에요 걔들은 뭐가 안 나죠 땀이 안나요 사람들 같은 경우는 땀을 통해서 피부의 열을 증발시켜 근데 강아지들은 땀이 발바닥에서 만 나죠 사실 강아지들이 땀이 안 나기 때문에 우리가 키울 수 있는 건지도 몰라요 강아지들이 몸에서 땀이났다 고양이들이 몸에서 땀이 났다라는 우리는 매일 목욕을 시켜야 되거든요 안 그러면 그 냄새가 얼마나 많이 나겠어요 대신에 강아지들은 열을 호흡으로 주로 방출해 호흡으로 하면서 안에 있는 열을 밖으로 내뱉게 되죠 그래서 정말 더울 때 강아지들이 막 이렇게 거리는 모습들이 많이 보이는데 아무래도 사람은 호흡과 땀으로 열을 배출하는데 강아지들은 호흡 위주로 열을 배출하다 보니까 사람보다이 몸에 열을 낮추는데 더 취약하다 그러니까 더 많은 더위를 느낄 수 있다라고 생각하시면 됩니다 그리고 우리 반려견들이 사람보다 더 폭염에 더 취약한 이유가 있어요 실제로 한낮에 나가셔서 자세를 낮춘 후에 손으로이 보도블록 바닥이나 아스팔트 바닥 한번 손대 보세요 엄청 뜨거워요 사람은 이족 보행을 하면서 직립 보행을 하니까 높잖아요 지면에서 자세 자체가 높은데 강아지들은 사족 보행을 하니까 낮고 배나 이런 곳에 지열에 그대로 노출된다는 거죠 그리고 아까 말씀드렸던 듯이 땀을 낼 수가 없고 거기다가 자기네들이 힘든지 모르고 노는 애들이 있어요 그러다 보니까 이런 열사병에 훨씬 더 취약하고 그러면 더 취약한 아이들은 또 누구냐이 중에서 단두 종 코 짧은 애들 강아지들은 호흡으로 열을 발산해야 되는데이 호흡 나가는 길이 길면 내 몸에 더 많은 열을 가지고 나가겠죠 근데 코가 짧은 애들은이 길이 너무 짧으니까 열도 많이 못 가지고 나가고요 그리고 얘네들이 원래이 코 안에 길이 돼 게 좁아서 숨도 잘 못 쉬어요 그러다 보니까 열에 훨씬 더 약할 수 있죠 특히 프렌치블독 같은 친구들 중에 까만 애들 훨씬 더 힘들겠죠 햇빛을 다 흡수하니 까만 색들이 그래서 검정색 친구들 더 더위에 약할 수 있고요 그리고 커피 노견 심장병 있는 친구들 이런 친구들은 더 조심해야 되고 또 한번 말씀드리지만 에너지 많고 노는 거 좋아하는 애들지 힘들어도 놀아요 더 조심하셔야 됩니다 병의 증상들은 사실 되게 비특이적이라서 어 얘가 왜 이러지 이러는 경우들이 있어요 특이하지 않다 비특이적이다 그니까 결국에 뭐냐면 다른 질병에서 이런 증상들이 나오기 때문에 열사 병만의 특이 증상 이런 것들이 많지는 않다라는 거죠 우리가 이제 고체온증 좀 단계로 나눠 보자면 1단계가 그냥 뭐 우리가 열 압박 열 스트레스라고 해요 이때는 질병과는 관련이 없어요 그런데이 너무 많이 목말라하고 핵핵거려요 근데 의식 지금 멀쩡해요 우리가 주로 이때 산책을 오래하거나 운동장에서 강아지와 열심히 뛰어 놀았을 때 이런게 어떻게 보면 열 스트레스 1 단계라고 보시면 돼요 그리고 이제 2단계로 올라가게 되면 사병이 일사병과 열사병이 다릅니다 이때는 사병이 열 스트레스가 지속됐을 때 조금 더 심하게 핵거리 기력이 떨어지고 의식이 점점 희미 해져요 이게 우리가 일병이 해요 그리고 그고 3단계가 열사병 있니다 우리가 가장 조심해야 되는 거 열 스트레스가 심해져서 사병이 돼서 사병이 심해졌을 때 정말 생명이 위험할 정도로 가는 거를 우리가 열사병이 하는데 주로 보이는 증상은 침이 끈적끈적해 수 있어요 그러니까 침도 무리잖아 근데 탈수가 일어나면서 침이 끈적끈적해 고요 그리고 어지러워하는거나 둔해져 심해지면 의식도 없어지고 심박수나 호흡수 증가 이거는 데 병 아니어도 우리가 아까 열 스트레스 그냥 심하지 않은 경우에도 되게 많이 나타나니까 구토 설사 어이 분명히 세한게 아닌데 방염이 생긴게 아닌데 구토나 설사를 하게 되고요 그리고 근육이 막 떨릴 수 있고 발작도 일어날 수 있습니다 그 우리가 가장 먼저 좀 봐야 되는 거는 침이 좀 끈적끈적 그리고 우리 잇몸 색깔이 원래는 분홍빛을 떼야 되는데 창백하거나 보라색이 나거나 좀 청색이 난다 이것도 되게 위험한 신호입니다데 우리가 왜 열사병 조심해야 되냐면 그런 경험 해보신 적 없으신가요 저는 어렸을 때 많은데 이게 놀 때 바로 나타나는게 아니고 집에 가서도 나타날 수 있어요 놀 땐 몰라요 힘든 걸 너무 즐거운 나머지 친구들이랑 뛰놀다가 미친듯이 그냥 뛰어 놀기만 해요 그러면서 햇빛을 막 받고 벌써 이때부터 몸에는 정말 많은 열들이 쌓이고 문제가 생기고 있는데 집에 가서 막 증상이 나타난다거나 그럴 수 있어요 그러니까이 강아지들이 어린아이들과 같기 때문에 보호자가 제지하지 않았을 때 아픔에도 불구하고 계속해서 노는 경우가 있으니까 이건 보호자가 항상 유심히 살펴봐 줘야 되고 중간중간에 끊어서 물을 준다거나 열을 시켜 준다거나 이런 것들을 계속해서 해 줘야 되는 거죠 이제 온도 별로 강아지들한테 위험도가 어느 정도 되는지에 대해서 정리해 놓은 표가 있어요 위험 1단계 실외 온도 그러니까 바깥의 온도가 12에서 15° 열사병 위험 없어요 산책하기 딱 좋은 기온 우리한테 약간 쌀쌀한 느낌일 것 같은데요 그다음에 금 넘어가서 위험 4단계가 16에서 19도에 일반적으로 하루 종일 산책하기 좋은 날씨 이것도 딱 느껴도 그렇죠 16에서 19도 이거 사람이 제일 좋아하는 온도 아닐까 싶어요 하지만 대형견 비만견 코가 짧은 단두 종은 그래도 오랫동안 하는 건 조심해야 된다 위험 6단계 실외 온도가 20에서 23도 일 때 산책시에 너무 심한 운동을 하거나 비만 호흡이 힘든 종은 조심해야 됩니다 이제 점점 높아지겠죠 위험 8단계 24도에서 27도에 이때부터는 대부분의 반려견들이 조심해야 됩니다 비만견 단두종 그리고 커피들 위험 9단계 28에서 31° 모든 강아지들이 위험합니다 대형견 퍼피 단두종 비만견 생명이 위험할 수도 있다 마지막 위험 10단계 야 요즘 우리 이온도 다 넘잖아요 32도 그죠 한낮에는 32도 무조건 넘잖아요 건강 상태 종과 크기 관련없이 열사병 위험 증가 32도 이상이 제일 위험한이 전 세계적으로 대부분 32도 넘을 것 같아 오늘 36도 아고 진짜 지금 34도 넘는게 거의 일상인데 사실 지금 강아지들한테 제일 위험한 상황이라는 거죠 그래서 만약에 이렇다라고 한다면 산책을 새벽이나 좀해질 정도에 하는 걸 추천할 수밖에 없는 거죠 만약에 어 좀 의심이 된다라고 하면 빨리 열을 시키는게 좋아요 만약에 야외라면 그늘에 가서 충분한 물을 섭취할 수 있게 해주고데 이제 조금 오해할 수 있는 것 중에 하나가 수건 같은데 물을 해서 이렇게 덮어 주는 경우가 있어요 이거 더 위험할 수도 있어요 오히려 몸에서 열이 이제 발산되는 걸 더 막는 경우들이 있기 때문에 이것도 조심해 주셔야 되고 얼음물을 확 뿌려 주는 경우 있어요 근데 이것도 되게 위험해요 우리 진짜 차가운물 딱 했을 때 어떤 느낌이 있어요 막 머리 띵 하면서 몸이 다 다 수축하지 아요요 근데 이때 몸만 수축하는게 아니고 혈관도 수축되는 경우들이 있어요 그러면서 열을 더 많이 발산하지 못하게 하고 다른 부작용들을 나타낼 수 있기 때문에 얼음물 위험하고 수건 물 적셔서 아예 덮어 놓는 것도 좋지 않습니다 그리고 미용하길 때 조심하셔야 되는데 여름이니까 더울 것 같다고 빡빡이 하시면 안 됩니다이 특히 털 중에 겉털 같은 경우에는 직사광선을 막아주는 역할을 해요 근데 이거를 바짝 깎아 버리면 피부의 직사광선이 바로 닦게 되는 거예요 피부의 직상 선이 딱 닿게 되면서 강아지 몸에 갑자기 어떤 반점이 생겨요 피부를 보호하기 위해서 피부 세포를 보호하기 위해서 멜라닌 색소가 피부 세포 밑에 있다가 위로 올라오는 거죠 그러면서 반점이 이렇게 생기게 되는 거예요 미용하길 땐 어느 정도라도 남겨서 햇빛을 막을 수 있게 해 주시는게 더 좋습니다 단모종 아이들은 털이 있으면 직성 선을 어느 정도 막아 줄 수 있어요 근데 너무 짧다 피부가 빨개지고 멜라닌 색소가 막 올라오고 막 반점 많이 생기고 이러는 거 같다 그러면 사람이랑 비슷하게 풀조이 같은 거 있어요 통풍이 잘되는 그 얇고 빛을 막아 줄 수 있는 그런 옷을 입혀 주는 것도 괜찮습니다 실 운동 중에 산책 줄 하고 산책하는 것보다 줄 풀고 놀거나 수영을 하는게 운동량이 엄청나게 많거든요 저 한번 세상이랑 수영을 한번 해 볼까 합니다 정리를 한번 해 볼게요 우리 보호자분들이 꼭 해야 되는 건 너무 뜨거운 시간에는 산책을 하지 않는다 네 당연히 아시겠죠 좀 아침 아니면 조금 해질녁 정도에 산책을 하는게 좋습니다 그리고 미용은 너무 빡빡이 말고 어느 정도 햇빛을 막아줄 수 있는 정도의 털은 남겨 둔 상태로 미용을 해 주는게 좋고요 평소에 충분한 음수량을 제공해 줘야 되는데 또 우리처럼 먹으라고 해서 마시는게 아니잖아요 물에다가 섞어주면 기호성을 높여주면서 음수량을 조금 더 높여 줄 수 있는 뭐 워터 솔루션 같은 제품들 있으니까 한번 사용해 보시는 걸 추천드리고요 그리고 산책 시에 특히 우리 강아지가 에너지가 정말 많은 강아지라면 침이 끈적 끈적하지 않는지 그리고 잇몸이나 혓바닥이 좀 색깔이 분홍색이 아니라 좀 푸르게 변하지는 않은지 그리고 얘가 어 다리 아픈 애가 아닌데 좀 비틀거리는 것 같고 뭔가 좀 둔해지지 않는지 이런 것들을 유심히 살펴보시는게 좋습니다 산책시에도 충분한 물은 챙겨가면 주셔야 되고요 그리고 막 상체 치간 딱 채우려고 하지 마세요 힘들다고 표현하는데 한 바퀴 더 돌자고 하고 막 이러다가 문제 생기는 경우들이 있어요 너무 더울 때는 강아지들이 집에 가자고 하면 들어 주세요 자기가 힘들어서 그런 거니까 그리고 이제 집에서 돌아왔을 때 우리 아이가 너무 막 지금 핵거리 좀 걱정이 된다 열을 발산시켜 줘야 될 것 같다라고 할 때는 수건에 물 적셔서 계속 덮여 두는 건 좋지 않습니다 오히려 열이 빠져나가지 못하는 경우가 있고 또한 너무 차가운 어 얼음물 같은 걸로 뿌려 줬을 경우에는 혈관이 수축하면서 더 악영향을 끼칠 수 있으니까 시원한 물을 푹셔 주고 바람을 통해서 열이 날아가게 해 주는게 도움이 될 수 있습니다 음수량에 대해서는 저희 또 다른 채널인 스튜디오 롤로에서 아주 자세히 다루고 그리고 거기에 맞는 제품도 추천해 드리니까 음수량에 대해서 궁금하시다면 이쪽을 클릭해 주시면 됩니다 구독 좋아요 알림 설정 잊지 마시고요 다음번에 세상이랑 수영 영상을 올려보겠습니다 수영 거 있기 싫은데네 기대해 주세요 또 놀러오세요 안녕 [음악],
30,https://www.youtube.com/watch?v=830leuHmzeY,830leuHmzeY,The Secret of Your Dog's Age You Don't Know | Seol Chae-hyun Veterinary Medicine,설채현의 놀로와 ,강아지에 대한 정보를 독하고 솔직하게 풀어드리는 독설 tv 설치 할 수 있습니다 네 제가 얼마전에 재미있는 뉴스를 봤어 요즘 미국에서 2기 움직이기 시작했습니다 강아지에 대한 연구를 다시 더 열심히 하기 시작했어요 우리 반려견 대 생명 연장에 대한 프로젝트 생면 영장이 가능할 것인가 어이 프로젝트를 장기 프로젝트로 들어갔다는 얘기를 들었구요 이렇게 이제 대규모 자본이 들어간다는 것 뭔가 이 산업이 점점 커지고 있다는 거거든요 얼마전에 또 재미있는 뉴스를 보게 됐어요 반려견의 인간 나의 공식으로 불었더니 인간보다 급격히 나이먹고 느리게 늙는다 그래서 그동안 우리가 알고 있던 강아지의 나이와 조금 다른 계산법이 나왔습니다 어 미국 샌디에고 캘리포니아 주립대에서 연구 자체를 되게 과학적으로 했어요 강아지들이 나이가 먹어가면서 dna 가 변화하는 정도와 사람의 나이가 뭐가 면서 dna 가 변화하는 정도를 비교해서 사람의 나이와 비교를 해봤더니 그동안 우리가 알던 라 이보다 조금 다르다는 거죠 우리가 강아지의 나이를 계산하는 방법이 되게 여러가지가 있었어요 강아지들은 15살 정도 까지 사니까 사람을 100살까지 산다고 봤을 때 강아지들 에 1년은 사람의 실현이다 그래서 강아지가 1 사리면 뭐 7살 강아지가 2 사귀면 14살 뭐 이렇게 계산하는 방법이 있었는데 이거는 우선 완전히 틀린 방법이구요 그리고 그 전까지 우리가 조금 더 정확하게 알고 있었던 경우가 이겁니다 어 보시면 그동안 우리가 알고 있었던 게 강아지들의 한 살은 15살이 구나 * 따서 쌀이다 이렇게 알고 있었어요 이게 그나마 정확해 줘 저도 이제 항상 설명 드릴 때 강하게 들이 1살 정도 되면 이제 한 고등학교 정도 들어가는 거다 이렇게 말씀을 드려 썼거든요 그리고 두 살이 한숨을 내 사리고 주살 정도 되면 이제 전체적으로 정신적 육체적으로 다 성장을 했다 보통 신체적으로는 한 살 까지 다 크구요 그리고 정신적으로도 두 살까지 다큰 단 그리고 그 이후부터는 일 년에 내 살 정도 더 하자 라고 하는게 일반적인 공식 이었어요 그런데 과학적으로 그 dna 가 변화하는 모습을 사람과 비교해 보니 이거보다 좀 다르다는 거 있죠 아 이제 머리 아프실 것 같아요 머리가 아프실 것 같은데 왜 머리 아프실 것 같냐 면 여러분들이 싫어하는 게 나옵니다 수학 16 곱하기 보여드릴 거에요 에렌 이라고 들어보셨나요 야 ln 들어보셨어요 [음악] lm 저는 숨 재수 없지만 수학을 좋아했습니다 4 서울 좋아해서 될 공식 한번 볼게요 근데 많네요 공식이 거에요 16 곱하기 에렌 강아지 ni 플러스 30일입니다 이거 계산 하는거 아무도 못해요 이거는 이자연 로 우표가 있어야 되기 때문에 제가 간단하게 보여드릴께요 그냥 알파벳으로 l n 하고 우리집 강아지가 만약에 저희 지금 법은 이 같은 경우에는 9살 이거든요 에렌 구라고 짚고 엔터 치시면 네이버가 계산해 줍니다 욕이 나와 있죠 그러면 여기다가 2.2 2 를 넣으시면 되요 음 참조 초 5 그래서 이걸 계산하면 사람으로 했을 때 자의 가 나오는 거예요 이거 되게 충격적이네요 근데 저희 버블이 나이도 많은 것 같아 슬퍼 진 보시면 어 어 이거 암산 이제 수학 과 이끄는 지도 모르 되어주고 으 으 우리 버버리 66 쌀이 야 사람으로 으 아 어 너무 갑자기 이게 슬퍼지는 데 아 만약에 1 사려면 어떨까요 아까 한살이 15살이 라고 했잖아요 그럼 이게 아니고 ln 1 ln 일은 0 이에요 이거는 우선 같은 외우는 거니까 이게 0이니까 그냥 31일 나오겠죠 연구 파기 16 플러스 30 일이니까 보통 강아지들이 1 사리면 아까 15살이 라고 했는데 31살 이 연구의 단점은 뭐냐면 리트리버 를 대상으로 있어요 대형견 을 대상으로 했다 대응 년이 조금 더 빨리 노 하거든요 소형견 같은 경우에는 어 한 살이 31살 보다는 낮은 가능성이 조금 더 높아 여 그래서 이걸 리트리버 기준 이니까 만약에 계산이 나오더라도 소형견 들은 음 1 다섯 살 정도는 빼도 아직까지 정확한 연구 결과나 안나왔지만 5살 정도는 빼도 될 것 같아요 그 소형견 한살 되면 한숨을 6살 신체적으로 사람으로 봤을 때 로 보시면 됩니다 리트리버 백 마리를 100 마리와 사람 100명을 데리고 그 뒤에 뇌의 그 노화 과정을 비교 한 거죠 네 리트리버 별의 나이가 2개 산 이에요 16 곱하기 에렌 강아지 ni 플러스 31 이게 리트리버 계산식 이에요 1 리트리버 한살이 31 살이에요 로 리트리버 두 살은 42살 그리고 지금 보니까 리트리버 에 암흑 쌀이 아까 계산에서 66 쌀 보시면 이 그래프가 우리 약간 노한 가지신 분들 처럼 초반에 급격하게 냈고 초반에 이렇게 그래프가 급격하게 듣고 천천히 는 342 리트리브 14 사리면 사람 나이로 70인 없네요 이게 지금까지 봤을 때 가장 정확한 연구 결과의 것 같아요 이게 이제 소형 전이나 이런거 계산식 또 나중에 더 정확하게 나오겠죠 저도 이 연구 결과가 더 맞는 것 같은 게 보통은 덩치 큰 동물이 작은 동물보다 오래 삽니다 지와 코끼리 비교를 해보면 쥐는 올해 달아야 뭐 2.5 5년 코끼리는 거의 뭐 사람만큼 살잖아요 그 덩치가 큰 동물들이 왜 더 많이 오래 산 야 심박수가 훨씬 낮아요 쥐는 몸이 조금 안 듯이 심장이 엄청나게 빨리 뛰고 요 그리고 코끼리는 그분 훨씬 천천히 께요 뭘로 되는 고래 1분에 2번 띈다 그래도 엄청 장수하는 고래 거든요 이런 얘기까지 나오는데 근데 걔들은 이상하게 덩치 큰 동물이 대형 경이 소형견 보다 훨씬 빨리 무지개 다리를 건너 요 평균수명을 우리가 12살이 라고 말할 만큼 그런데 그 비밀이 여기 숨어 있다고 해요 일 년 동안 너무나도 많은 성장을 해 벌이면서 어 산화 작용 이라고 하죠 노아가 너무 빨리 진행이 되 버리고 소형 교회는 1년동안 이만큼 만들면 된 큰 원 되는데 대형 교회는 이만큼 거야 되잖아요 그때 너무나도 많은 놓아 작용이 일어나서 훨씬 더 무지개다리를 빨리 받는다 라는 추측을 하고 있고요 그래서 미국에서는 지금 어떤걸 하고 있냐면 대형견 들한테 어렸을 때부터 원래 늙으면 먹어야 되는 어 항 산화제 대해 비타민 이와 같은 항산화제를 어렸을 때부터 먹이면 그런 산화 작용이 조금 줄어들고 더 오래 살 수 있을지도 모른다 라는 가설을 가지고 실험을 하는 것도 있습니다 그래서 음 저도 방금 버블이 나이를 개선 해봤더니 리트리버 긴 하지만 66 쌀이나 나와서 어 마음이 되게 좀 슬퍼 지는데 제가 항상 되게 입장을 려고 하는 얘기는 강아지들의 시간은 우리보다 또 뭐 빨리 간다 한 번씩 계산 해 보시구요 으 아 다음에 더 재미있게 해 줘야지 다음에 재미있는데 놀러 가야지 다음에 더 잘 해줘야지 없습니다 제가 보내 분 바로는 크게 다 나중에 후회도 되고 더 슬픔으로 가요 까이 아 모 씨 계산해보고 우리 아이와의 즐거운 시간을 뒤로 미루지 않으셨으면 좋겠습니다 4 다음번엔 더 재미있는 정보로 찾아뵙도록 하겠습니다 안녕,
31,https://www.youtube.com/watch?v=GLNC7EEY7sE,GLNC7EEY7sE,Your Dog's Personality According to Gender: Here's What You Need to Know!,설채현의 놀로와 ,까지 에 대한 정보를 독하고 솔직하게 알려 드리는 독설 tv 설치 할 수 있습니다 네 오늘은 5 제가 이걸 제대로 정리해 본 적이 없는 것 같아요 그때 기본적인 거고 많은 분들이 궁금해 하시는 건데 강아지들도 남녀 성별 차이에 따른 성격 차이가 있느냐 4 외국의 한 번도 안 했지 걔 느끼 싸우는거 할 때만 성별에 대한 얘기를 했던 것 같아요 그래서 오늘 한번 과학적인 근거를 가지고 간단하게 한번 정리를 해드리겠습니다 반려견을 처음 키우기로 결심하고 신 분들이 많이 고민하세요 남자아이를 데리고 와야 되나 여자아이를 데리고 와야 되나 그 때 대부분 아 좀 그냥 감성적인 부분에 의해서 데리고 오는 경우가 많은데 그리고 많은 분들이 이 사람 과 비슷할 거다 라고 생각하는데 아주 간단하게 설명드리면 맞습니다 맞습니다 맞습니다 사람 과 유사합니다 4 사실 이런 강아지들의 성별에 따른 이 성격과 유형 검사 는 생각보다 청말 오래전부터 하고 있었어요 그래서 우리가 되게 중요하게 이제 논문 좀 어려운 논문 같은거 보면 은 [웃음] 성별에 따른 그런 연구결과가 얼마 전에 한번 있었습니다 그래서 우선 공격성에 대한 성별의 차이는 1983년부터 2015년까지 1 15 개의 연구가 있었구요 그 중에 이 15개의 실험 중에 단 한개의 실험을 빼고 4 안타깝게도 수컷이 더 높았습니다 4 요 우리가 예상한 대로 아무래도 남성으로 뭐 이 영향을 조금 더 주겠죠 중성화를 하면 어떨까 중성화를 하면 어느 정도는 많이 줄어들 수 있겠지만 사실 중성화를 해도 여자아이도 남자 아이도 성 호르몬은 다른 장기에서 조금씩 나옵니다 그러니까 어느 정도의 성이 성별 정체성 은 가지고 있는 거죠 그러면서 이 성격이 나타날 수 있어요 그래서 15 개 중에 단 한개의 실험을 빼고 이 공격성은 수컷이 더 많았구요 그리고 불안해하지 않고 조금 더 자신감을 가지고 용감한 것도 연구결과가 있는데 이것도 73년 에서 2015년까지 8개 연구결과에서 모두 수컷이 더 높았습니다 이것도 어떻게 보면 조금 남자랑 비슷할 수 있죠 중요한 것 이건 연구결과를 말씀드리는 거고 평균적인 겁니다 지금 공격성 그리고 자신감과 용감한 같은 경우에는 보통 중성화 되지 않은 수컷의 서 가장 강해요 그래서 우리 수의사들이 조금 더 행복하게 살려면 나중에 어떻게 될지 모르니까 남자아이들은 중성화를 하는게 어떠신가요 나중에 번식 일을 생각하지 않으신다면 중성화 하지 않는게 어떠신가요 라고 말씀을 드리는 거고요 사회성 과 관련된 8개 연구 결과에서는 5곳에서 암컷이 사회성이 조금 더 높구요 어 두 곳에서 수컷 한 곳에서는 연관성이 없음 이라는 결과가 나왔습니다 사회성 같은 경우에는 암컷이 조금 더 높을 가능성이 크다 라고 보면 되는데요 간단하게 정리해 들으면 어 간 수컷이 조금 더 이제 우위성을 보이는 경우가 많고 독립적이고 영역에 대한 본능이 쪼끔 더 강할 수 있고요 그리고 조금 더 산만해질 수 있고 공격성을 조금 더 보일 수 있다 이게 우리 어떠세요 p 드네요 [음악] 아 톡 빠밤 아 그 반면에 암컷의 경우는 조금 더 이제 수능을 잘 해서 교육을 잘 하지만 이 또 단점도 있겠죠 보호자와의 애착관계가 너무 심할 수 있다 그리고 이건 무슨 얘기야 분리 불안의 가능성이 조금 더 높을 수도 있다는 얘기인데요 근데 저기 제가 전문가 잖아요 수 이사도 하고 행동학적 인 것도 트레이너도 하는 전문가로서 봤을 때 솔직히 성별 특성 보다 계 개 성격 차이가 더 큽니다 저는 상담을 할때도 수컷 암컷을 거의 진짜 가장 필요 없는 참고자료로 봐요 특히 중성으로 되어 있을 때는 그래서 너무 2 3 별의 다른 것을 처음에 분양받을 때는 신경을 쓰지 않아도 된다 더 중요한 것은 다경 가 9일 때요 제가 이거 세나 계에서도 항상 강조 드리는 데 성별을 신경 쓸 때는 다 견 가 9일 때요 중성화 유무와 상관없이 두마리 일으키 우시 려면 무조건 이성으로 키우세요 생각이 열심히 보신 분들은 당연히 아실 거에요 강아지들은 동성끼리 많이 싸웁니다 압도적으로 동성끼리 많이 싸웁니다 그리고 연구결과 봤을 때 사람과는 조금은 다르게 어 사람은 남남이 싸움은 피가 터지자 나요 근데 강아지들은 여 여 가 쌓았을 때 조금 더 많이 싸우고 병원신세를 지는 경우가 많고요 아마 의인화 하셔서 얻어 여자니까 또 여자 동색 만들어 줄게 망할 가능성이 아주 높아요 제가 요즘에 후보 있는지 몰 너무 낮고 4 그거 있었어 그저 얘기해 봐요 으 타자가 그래 않고 길이는 씨만 써 맞아요 그니까 이게 딱 똑같은게 저도 이 연구결과를 딱 보는 순간 뭐가 생각한다면 내가 어렸을 때 맨날 앗 오후 5시 인가 5 신간 되면 동물의 왕국을 했어요 전 그걸 빠짐없이 봤는데 단 한 번도 동물의 왕국 그 프로그램에서 사자 호랑이 싸움 는 남녀가 싸운다는 걸 거의 본 적이 없는 거야 남 녀가 싸움 그냥 투자 꾼이 정도 하지만 말까 이 정도고 막 피터지게 싸우면 쑤 커 수컷 아니면 암컷 암컷이 싸운 거죠 그래서 실제로 동물의 세계에서는 동성끼리 자기 위치는 정 하려고 해요 이성 길이 막 내가 더 높네 니가 도 눈매를 잘 안하려고 한단 말이죠 동성끼리 같은 그룹 안에서 내가 너희 이길 거야 너한테 질투로 레 이런 모습들을 많이 보이기 때문에 두 아이 기울인다 라고 한다면 이 성이 안 싸울 확률이 훨씬 더 높습니다 아예 안 싸운다 한게 아니에요 보전 이미 잘못하면 싸워요 안 썩을 확률이 훨씬 더 높다 라고 말씀드린 마지막으로 한번 정리를 해 드린 야 해드리자면 성별 차이가 연구결과에서 조금은 나지만 이 성별 차이 보다는 개개 성격 차이가 더 중요하구요 2 성격 차이는 누가 만드느냐 태어날 때부터 유전적인 걸수도 있지만 그 이후에 우리 보전 님들이 어떤 환경을 제공해주고 어떻게 교육해 내느냐에 따라서 이 성격이 바뀔 수 있는 거죠 성적보다 우리가 어떻게 돼 주느냐에 따라서 좀 많이 바뀔 수가 있고요 그럼에도 불구하고 다경 가고 특히 두 마리 키우는 집에서는 이 성별의 조합이 상당히 중요하며 이성으로 키우시는 게 훨씬 더 잘 지내 가고 잘 지내고 행복할 가능성이 높다 라고 말씀을 드릴 수 있습니다 다음번에 더 좋은 정보로 찾아뵙도록 하겠습니다 구독 좋아요 잊지 말아 주시고요 안녕,
32,https://www.youtube.com/watch?v=o2p9-9ZwULo,o2p9-9ZwULo,"강아지 양치, 혹시 오늘도 실패하셨어요?  🦷🪥 l 강아지 양치가 필요한 이유 l 설채현 행동학 수의사",설채현의 놀로와 ,이빨에 있는 큰 혈관들이 신부전 침낭 염을 일으키는 경우도 있고 시주 위험이 심할수록 심해의 확률이 높아진다는 연구 결과도 나왔어요 안녕하세요 설치한 행동 학생이사 합니다 오늘도 양치 잘 시키지 얻나요 혹시 시중에서 이제 치석을 제거한 달하는 그런 껌으로 배치 하지는 않으셨나요 사실 음 양치는 우리 보호자 분들이 할 수 있는 가장 간단하면서 아이들의 삶의 질을 올려주고 아프지 않게 하고 그리고 병원비를 줄이는 가장 중요한 방법 중에 하나입니다 많은 분들이 그냥 양치 하면 이빨만 신경쓰는 경우들이 많은데요 이미 라는 공간은 우리 몸의 뭔가가 들어가는 입구이다 보니까 이 안 쪽에 문제가 생기게 되면 정말 않은 부분에 영향을 끼치게 돼 요 심지어 이 이빨에 있는 큰 혈관들이 심장이 랑 연결되고 간 이랑 연결되고 신장 이랑 연결되서 침낭 염을 일으키는 경우도 있고 신부전 단의 염증이나 이런걸 일으키는 경우도 있구요 그리고 얼마전에 또 밝혀진게 있습니다 미국의 아이비리그 혼외 대학교 수익과 대학에서 시주의 어미 많은 강아지와 이빨이 건강 강아지들을 비교해 봤더니 치주염이 심할수록 치매의 확률이 높아진다는 연구 결과도 나왔어요 사실 이 치아 같죠 안좋으면 아이들이 막 아프다고 표현은 잘 아치 하지 않아도 잘 못 먹고 삶의 질도 되게 떨어지거든요 치아 건강을 챙겨 있어주는 게 별거 아닌 것 같아 보이지만 정말 뭐 치매도 줄일 수 있고 심장이나 간이나 신장에 영향을 주는 것도 줄이면서 우리가 할 수 있는 가장 기본적인 것 중에 우리 아이들의 건강을 위한 게 바로 양치 입니다 그런데 문제는 더 한테도 사실 이 치료가 많이 들어와요 양치를 잘 못하는데 어떻게 해야 될까요 라고 진짜 많이 들어 오거든요 아 근데 전을 이게 진짜 너무 어려운 것 같아요 사람은 맥락을 알고 행동하지만 강아지들은 맥락을 알지 못한다 예를 들어서 사람이 치과 에 간다 라고 한다면 엄청 아파요 무섭 쩍 식과 얘기만 들어도 불안 할 거예요 그런데 왜 가져 이걸 그냥 두면 더 아파질 거고 치과에서 많이 아프더라도 그 뒤에 이제 아프지 않을 거다 라는 것을 알기 때문에 우리는 참 거든요 그런데 강아지들은 어떤 거예요 이걸 왜 하는지 모르는 상태에서 해야 돼요 그러다 보니까 어렸을 적부터 연습을 꾸준히 하지 않은 친구들 같은 경우에는 내 입안에 뭔가 들어와서 막 왔다갔다 하고 이러는게 정말 싫은 거죠 그럼 싫다 라고 표현해야 마음도 하고 막 싫다 라고 하는데 보호자는 그 맥락을 알고 이유를 알기 때문에 계속 하려고 하고 그러다보면 강아지들 입장에서 내가 싫다 라 하는데 왜 계속 하는 거야 라고 하면서 의 흐름을 넘어서 입지 않 이런 모습들도 정말 많이 보이게 되는 거죠 그래서 내가 그렇게 많이 말씀을 드려 양치를 대체할 수는 없지만 치아관리 용으로 나온 개껌 들이 치태 효과를 주는지 치석의 효과를 주는 지구 치에 효과를 주는지 2% 가 조금은 다르지만 랑 치의 30% 정도의 효과를 낸다 라는 결과들이 많거든요 그래서 저도 그냥 연습을 좀 꾸준히 해 보시는 데 이게 잘 되지는 않을 거다 시 석 제거를 한다는 그런 개껌을 이용해서 관리를 하고 스케일링을 꾸준히 2년에 한번씩 3년에 한번씩 해주세요 라고 이런 되게 현실적인 솔루션을 드리곤 하거든요 그래 이제 너무 안타까웠던 거죠 보호자 분들은 치아 관리를 잘해서 아프지 않게 하고 싶은데 우리 강아지들은 그런 마음을 몰라주고 양치하기 c 타고 씨름하고 심지어는 불기 까지 하고 이런게 너무 안타까워서 어떻게 하면 지금의 나와있던 껌 들보다 이 30% 의 효과 보다 50% 60% 의 효과를 대해서 우리 강아지들의 치아 건강에도 좀 더 도움이 되고 보호자 분들도 안타까워 하지 않게 할까 고민을 많이 하다가 여러가지 개껌 들도 분석을 해보고 하면서 이 껌의 개발에 참여하게 됐습니다 바로 허니콤 추 입니다 우선 제가 어떤 고민을 하면서 이 껌의 개발에 참여 했는지 실제로 보면서 하나하나 한번 말씀 드려보겠습니다 제가 이제 가장 신경을 많이 쓴게 모양 이었어요 모양을 어떻게 하면 지금까지 없던 우리 아이들의 개껌을 만들어주고 지금까지 잇던 그런 구간 관리권 보다 더 효과가 있을까 라고 고민을 많이 하다가 벌집 모양 을 고안해 써 벌집 모양 은 되게 안전한 구조라서 정말 무거운 것을 올려 놓거나 부셔 쓸 때 이 모양 자체가 쉽게 깨지지 않는 그런 구조를 가지고 있고 우리 사실 양치할 때 뭐 닦는 곳이 어디에요 안쪽이 줘 아무리 우리 양치를 해줘도 안쪽 닦는 것은 그 얌전한 세상이 도 좀 어려워요 그래서 바깥쪽과 안쪽 또 같이 압축 뒤쪽 360도로 시야에 치태를 긁어내 주면서 좀더 견고한 구조로 너무 쉽게 무너지지 않아서 더 강아지들이 오래 씹으면서 이빠이 알의 치태를 긁어 낼 수 있도록 이렇게 벌집 모양 부조로 만들었습니다 김모 양을 조금 더 자세히 보여드리고 싶은데 이게 지금 단면을 잘라 놓은 거거든요 양쪽에 이렇게 벌집 모양의 구멍이 있지만 단면을 잘라보면 가운데 또 막이 있어요 마기 있어서 이빨이 들어가면서 이 벌집 모양의 벽체 에서 한 번씩 긁어내 주고 그리고 이 가운데 또 하나의 막을 누르면서 우선 이중으로 물리적으로 제거해 주는 모습이 나타날 수 있습니다 보시면 들어가면서 이빨을 싹 긁어 내면서 이렇게 들어가게 되죠 지금 이 상태에서 이렇게 돌려보면 이 벽체에 이빨이 안 다운 면이 없어요 바깥쪽 또 안쪽도 모든 면이 육각 평 모양의 벌집 벽체 랑 다 맞다 있는 상태가 되는거죠 그리고 꽉 끼면서 들어가니까 치태를 지금 이제 요 쪽까지 계속 밀어 올려 가게 됩니다 근데 가지들이 이제 껌을 먹다 보면 주로 어금니 쪽으로 싶어요 어금니 쪽을 한번 볼까요 어 언니 가 되게 무섭게 생겼죠 이 되게 크고 산이 되게 많아요 그래서 이 루턴 번 더 이렇게 들어가게 되면 지금도 갈라지거나 하지 않았고 들어갔다 빼 봤을 때 이빨이 모양대로 그대로 남아있게 되죠 벽체의 한번 그리고 밑에 중간 막의 1번 2번 이 치태를 위로 올려 줄 수가 있습니다 그리고 이 모양이 길고 납작하게 생겨서 요 쪽으로 이빨이 안들어가면 어떡하지 애들이 이렇게 씹으면 어떡하지 라고 생각했는데 세상에 한테도 급여 해보고 다른 친구들 한테도 급여로 해본 결과 다 우리가 의도한 대로 이 벌집 사이로 이빨을 넣으면서 집어 먹어요 때 우리 보통 껌을 줄 때 이것만 이렇게 주시는 경우들이 있잖아요 근데 저는 그 고민을 되게 많이 했어요 우리가 이렇게 껌을 먹어서 치태를 긁어내 주는 건 물리적으로 만 관리해 주는 거에요 화학적인 관리도 같이 해 준다면 이 효과가 그동안의 개껌 보다 훨씬 더 높을 수 있다 라고 생각을 해서 그래서 이런 고민 끝에 그동안 볼 수 없었던 이 양치 껌을 만들었습니다 또는 만들 때 이걸 가장 많이 신경 썼어요 이 구멍에 시 약을 발라서 주게 되면 우리 벌집 모양의 이 벽체가 물리적으로 치태를 긁어내 주는 것 뿐만 아니라 치약이 에 더 절로 시야에 묻으면서 화학적인 부분에도 도움을 줄 수 있습니다 그래서 저희가 이거를 챠카 캐시 라고도 부르고 거든요 한번 보여드릴게요 이렇게 시약을 안쪽에 바르고 이렇게 묻혀줍니다 보면 가운데 쪽에는 그 구멍에 배치하기 딱 묻어 있어요 반대쪽에 도 이렇게 이렇게 발라 주게 되면 어떻게 될까요 들어가면서 치아의 저절로 시약이 묶고 이 벌집 모양의 벽체 들이 치태를 긁어내 주는 물리적인 시테 제거와 화학적인 치태 제거가 같이 가능한거죠 지금 이렇게 치약을 묻혀 놓은 상태에서 일부로 이제 하얀 색이 조금 보이게 하려고 하는 색을 붙여봤습니다 그러니 상태에서 처음에 이빨에 들어갈 땐 어떻게 될까요 이렇게 되겠죠 미 상태서 빼 볼게요 4 이렇게 치약이 묻어 있어요 그럼 이렇게 치약이 묻은 상태에서 더 들어가겠죠 그리고 나왔을 때 때 아껴 있겠죠 이 과정을 거치면서 화학적으로 치약이 ci 묻게 되고 그리고 벌집 에서 왔다갔다 하면서 물리적으로 묻은 그 치안을 치태와 함께 닦아 두게 됩니다 여기에 생각하면 생각할수록 좋네 어 그리고 꼭 치약을 바르지 않더라도 이 껌 자체에도 치태를 좀 녹일 수 있는 그런 성분들이 들어가 있기 때문에 꼭 시 약을 바르지 않더라도 어느 정도의 화학적 효과는 볼 수 있습니다 이기우 성이 퇴계의 예민한 친구들은 또 치약 빠른 안 먹을 수 있거든요 그동안의 안 좋은 기억들 때문에 치약 발라 주면 안 먹는 아이들은 굳이 머치 a 려고 하지 마시구요 먼저 시작을 안 바른 것을 먹여 보시고 그 다음에 치약을 발랐을 때 잘 먹는지 확인해 보시는게 좋습니다 근데 아 또 이런 제품들의 가장 큰 걱정이 있어요 이렇게 덩어리 져서 생긴 간식 뜰은 제가 항상 말씀들이 거든요 꼭 그 고자가 있는 상태에서 줘야 된다 분리불안 있다고 이런거 주고 가지 말아라 위험하다 라고 말씀드리는 이유가 3 펴 벌이다가 목에 걸리는 경우가 있어요 목에 걸린다 라는 건 식도로 넘어가지 않고 기도에 걸렸다는 거예요 그러면 숨이 막혀서 아이들이 크게 문제가 되는 경우들이 있어요 그래서 이런건 어쩔 수 없이 조심해야 됩니다 여러분들 다 조심하셔야 돼요 그리고 항상 이런거는 보자 있을 때 주는걸 추천 드리는 데 그래도 그럴 확률 조차도 낮추려고 고민을 많이 했어요 그래서 지금 보시면 여기에 이렇게 구멍이 뚫려 있습니다 뽕뽕 뚫린 구멍이 있어서 혹시라도 덩어리 째로 들어갔다고 하더라도 목을 전체적으로 꽉 막는게 아니라 혹시라도 나올 수 있는 사고의 그래도 20 실 수 있도록 이렇게 구멍을 만들었구요 또 하나 비밀이 하나 있습니다 제가 여러번 좀 시도를 해 봤었거든요 저는 다른 껌 들도 구멍을 내거나 운동화 끈에 이렇게 묶어서 줬어요 묶어서 주면 못 3개 칸 쪽을 먹더라도 다른 쪽이 걸려있기 때문에 나머지 덩어리를 꿀꺽 삼키기 가 어려워 지는 거죠 뭐 끝까지 끝까지 집어 야 되요 그래서 이런 식으로 운동화 끈을 넣을 수 있는 구멍의 크기를 만들었어요 우리 애가 너무 잘 삼키는 애다 라고 한다면 이렇게 운동화 끈을 통과 시킨 다음에 책상다리 나 의자 다리에 묶어서 주면 덩어리 징계 혼자서 바닥에 김 굴 지 않으니까 아이들이 삼키기가 어렵습니다 조그만 친구들은 이걸로 이제 턱은 우리 하면서 치아의 자극도 줄 수 있을 것 같아요 그래도 안전을 위해 최대한 노력을 해도 주의해 주셔야 돼요 절대로 보호자가 없을때 혼자 있을 때 이런 껌을 맞추지 마시구요 그리고 파임 입법 같은 것도 알고 계시는게 좋습니다 그렇다면 기존의 꿈들 보다 뭐가 더 좋냐 우선은 첫 번째로 이 점성이 너무 높았을 때 생길 수 있는 문제가 먹다가 오히려 이제 이빨 출연을 아 느낀다 그리고 막혔을 때 숨을 쉴 수 있는 구멍이 안 생긴다 이런 것들인데 점성이 좀 낮아요 그렇다 y 없는건 아니에요 점성이 없으면 모양을 유지할 수가 없고 치태를 긁어내 주는 그런 원리 자체가 더 약해질 수 있어요 그래서 아예 없는 건 아니지만 그래도 최대한 낮춤으로써 치아와 올 사이에 끼는 것들을 좀 많이 줄었구요 두번째는 우리 양치할 때 거 선생님들이 미세모 추천하 줘 그리고 부드러운 식수를 많이 추천을 합니다 3개 하면 잇몸에 무리가 알 수 있고 안좋다 라고 얘기 하시는 집과 선생님들이 상당히 많아요 당연히 강아지들도 마찬가지 겠죠 그래서 실제로 우리가 좋은 덴탈 주 의 조건 이런걸 찾아보면 너무 딱딱하면 안 된다 그리고 단면이 너무 얇게 얇게 되면서 잇몸을 자극하는 건 좋지 않다라고 나오거든요 조금 업무 2개 거 밑에 이렇게 안 딱딱해 라고 하실 수 있지만 충분히 치태를 빌어 올라가면서 그리고 잇몸에 는 무리를 주지 않는 우리 사람의 미세모 와 같은 좀 부드러운 강도를 가졌기 때문에 오히려 그 동안의 있던 좀 딱딱한 제품들 보다는 강아지들의 잇몸을 지켜줄 수가 있습니다 그러면 양치를 하면 이런 제품을 먹이지 않아도 되나 라고 생각을 한다면 저는 사실 양치도 시키고 이 허니컴 추도 주고 있거든요 그 이유가 양치 에 1개 점도 있잖아요 안쪽을 따 끼 어렵다 허니 쿵 추 처럼 360도로 치아의 접근할 수 있는 부조를 가진 개껌 이라면 양치할 때 내가 못해준 부품도 어느 정도는 봐줄 수 있기 때문에 저는 양치를 하면서 허니콤 추도 급여를 하고 있습니다 오늘 강아지들의 구강 관리에 대해서 간단하게 설명드리면 서 제가 오랫동안 고민하고 이 개발에 참여한 허니콤 초에 대해서 말씀드렸는데요 그래도 마지막으로 꼭 강조하고 싶은 게 있어요 이게 양치를 배치할 수 있느냐 아닙니다 솔직하게 절대 그렇지 않아요 우리가 해줄 수 있는 양치 가 가장 좋아요 양치를 하는데 안쪽을 닦을 수 없는 부분을 보안 해준다거나 아니면 양치를 꼭 해야 되는데 우리의 마음을 잘 몰라 주고 너무 거부하는 친구들 한테 그동안의 있던 제품들보다 더 좋은 효과를 내주는 그런 제품이지 치약 빨라서 준다고 양치를 빼 먹으시면 안됩니다 많은 분들이 또 이거 먹어보고 마이크 치약 발라져 있고 막 짝짝 씹으면서 보니까 아 양차 안해도 되겠네 이런 생각을 가질까 봐 절대로 그러시면 안됩니다 양치 자라는 아이들은 양치도 같이 해주세요 제가 오늘 소개해 드린 허니콤 추가 더 궁금하신 분들은 밑에 더보기 란에 링크를 걸어둘 테니까요 들어가서 한번 자세히 보시길 바랍니다 구도 좋아요 알림 설정 잊지 마시구요 다음번에 더 좋은 정보 그리고 추천해드릴만한 좋은 제품이 있다면 같이 돌아오도록 하겠습니다 또 놀러오세요 안녕 아,
33,https://www.youtube.com/watch?v=SRl21nXi-Qc,SRl21nXi-Qc,풀업 1개 하는 법 풀업 초보자 탈출 루틴 - 1단계[핏분 유쾌한 홈트레이닝 풀업편],핏분 FITBOON,[음악] 안녕하십니까 핍 뿐 a 4 권 트레이드 입니다 오늘은 풀업 알아도 못하는 사람이 풀업을 한개라도 성공하는 방법을 알려드릴께요 생각보다 풀업을 못하는 분들이 많기 때문에 왕초보 분들을 위해서 준비했습니다 오늘의 프로그램 구성은 1단계 2단계 3단계 단결로 진행해서 최종 단계는 혼자 이므로 풀어 판결을 성공하기 합니다 자드 분동 의 그 파닭 이라는데 난 풀업을 못해 그리고 풀업을 못하는데 어떻게 2분도 오래 하시는 분들 이영상 끝까지 보고 따라한다면 안될 거 없어요 자 1단계부터 설명할게요 1단계는 올해 매달리 오래 매달리기 우표 나는 40조 에서 60초 정도 우리가 풀어볼 하기 위해서는 기본적으로 매달려 있어야 되겠죠 그래서 매달려 있을 수 있는 근 6부터 강화를 시켜야 됩니다 그것은 바로 저랑 그 그리고 상완이두근 등 하 아래에 붙어 있는 근육들이 줘 그래서 이러한 근육들이 받쳐줘야 짐 앞으로 그럴 수 있습니다 처음에는 1분이라는 시간이 굉장히 뒤 느껴 기 되겠지만 연습을 하다보면 10월 그래서 풀업을 하기 위해서 1분 정도는 매달릴 수 있는 학력이 필요합니다 자 준비 자세는 그냥 손은 최대한 없기 작든 쪽 제작된 큰 상관 없어요 오래 매달리는 게 목표이기 때문에 잡고 날에 살짝 뜬 상태에서 최대한 손에 힘을 빡 주고 버틸 수 있는 만큼 보태 주셔야 되요 그래야지 족자 적으로 시간이 늘어 나겠죠 자의 일단 게 자 1단계 듯 저의 피부 대 상 큼 이를 이용해서 1단계 라도 모습을 하고 보여드릴께요 자 설명 들었죠 40초 에서 60초 목표에요 그래서 지금 할 때 초 시계로 정확하게 배추 저그 버티는 g 를 체크해 볼 겁니다 쏟은 쪼끼 잡아도 되고 넓게 잡아 3패 란 되요 저는 요렇게 라고 안 되겠죠 난사 오버 그립 옵니다 안혁 어언 w2 손 등이 4 내몸을 향해서 보이게끔 잡아주세요 자 그리고 잡았으면 최대한 최 주군의 편하게 쭉 눌러 노 테 소득 각자 발리 듣자 엄지 손가락 이렇게 바타 쪽으로 빼지 말고 안쪽으로 잡아서 걱 찌 와 죽지를 멈춰진 잘하고 어플리 잡게 끔 가짜가 줘요 자 가보겠습니다 아무런 살짝 뒤로 빼고 아내를 느껴요 조식의 시작했어요 10세 숨지자 자 아 5초 지났습니다 분들이 자기야 30장 으로 어째서 최선을 다해 곳에 소리 풀릴 때까지 조금만 더 줘 보세요 다 비가 조금만 더 소 풀리지 않게 9 꽉 잡으세요 여기 더 더 꽉 짜 말 그렇죠 아직 여유 있어요 제가 3사 10조를 해요 예 정 번 더 부터 보세요 단 자식 초반 더 자 매출 10조 지금 18 아까보단 쪽인데 짜오 첨 가봤어요 4 3 이 때 이렇게 어 어 생각보다 다른 다 뭐 잘 있어요 어때요 지금 손에 김 엄첨 알더라 줘 어디 쏘 또 얘기 노래 예쁘네요 할까요 4 달래기 위해서는 저란 저의 힘이 그만 봐 줘야 되요 그래서 지금 잘한 게 몸에 손이 적확하게 찍혀 있을 거에요 손이 점점 점점 속박의 쿨리 줘 그만큼 수 끝까지 버티면서 최면 매달려 고 했기 때문에 오늘 10점 만점에 9점 좋구요 아아 s 짱이 저의 프랑스가 이야 일부 바 7가지 1 40 했어 40조 그렇죠 90대 여성 지금 참가자가 1 60 초반 점에서 자식 했다는건 일단은 잘했어요 자 이렇게 해서 1 단계 처음에 지금처럼 최선을 다해서 일단 먼저 한번 시간 체크 해보세요 그래서 내가 한 40쪽 않았다 그러면 다음 목표는 45초 그렇게 서촌 시 조금씩 늘려가면서 내 목표를 60조 까지 채울 때까지 계속해서 암 배로 찔러주세요 자 그리고 이제 이러한 깨 넘어갈까요 작다 가세요 아 사업은,
34,https://www.youtube.com/watch?v=od_sYzNFn0o,od_sYzNFn0o,슬기로운 입양생활 #2 한마리 더 입양해도 될까? (다견입양의 조건),설채현의 놀로와 ,강아지 입양 네이트 지 네 오늘은 두번째 시간 강아지 한 마리 더 입양 해도 될까요 이게 지체 어렵습니다 아아 이건 전후 답이 없는 부분인데 우선은 누군가가 강아지 한 마리 더 키운다 그러면 전 우선 말려요 하지마 일부러 제가 보는 거예요 하지만 계속 그건 또 물어 보거든요 하지마 하지만 계속 물어보는 사람들 한테는 그때부터 아 이사람은 정말 좀 키우고 싶고 준비가 돼 있는가 보구나 하면서 공부를 시키기 시작하죠 가장 먼저 모세 나게 잘 보신 분들 아니면 얼마전에 성별 특성에 대해서 들어보신 분들은 알겠지만 가장 중요한 것 이성으로 되고 오세요 그래서 저는 3 이상은 완전 추천하지 않습니다 왜냐 미성 * 조합이 깨지기 시작하면 거기서 또 문제가 일어 나요 남자의 여자 에만 살면 서로 앉힌 할지 몰라 또 웬만하면 안 싸운 경우가 많아요 그리고 보호자가 조금만 신경을 써주면 근데 여기서 한 아이가 더 늘어나면 이제 성별 조합이 깨지기 시작하면서 뭔가 또 분란이 일어나기 시작하고 거든요 그때는 기도 기도 기도 기도를 하는 수밖에 없습니다 아 얘들이 원래 착하 거나 아니면 보호자가 열심히 공평하게 교육을 시켜 주거나 그래서 다경 가구 상당히 어려운데 또 많은 설치 닌 설치 님들께서 아 설치 니가 4 어 댓글을 남겨 주셨어요 임 1 변리사의 강아지를 10년 동안 외동 으로 키우다가 한 마리 더 입양을 해 볼까 생각하고 있는데요 혹시 주의해야 할게 있을까요 우선 첫번째 원래 있던 아이의 성격 질투심 같은거 없어야 되고요 10살 아이가 스트레스에 너무 민감하지 않아 야 돼요 이건 보고 제가 가장 잘 알거든요 실제로 오늘 그 교육 오신 분도 임시 보호 하는 아이가 공격성이 있어서 교육으로 오셨는데 지금 교육 되게 많이 잘 됐고 빨리 입양을 보내려고 하는 이유중의 하나가 원래 있던 아이가 같이 만나지도 않고 공간 분리를 해 줬는데 한 달 동안 너무 스트레스를 받아서 건강이 악화되는 거에요 그 친구는 원래 조금 예민하고 스트레스를 많이 받고 질투심도 있던 아이니까 그래서 우리집 강아지가 질투심이 있다거나 아니면 건강상의 조금 문제가 있으면 저는 조금 더 밀어 보셨으면 좋겠어요 그런데 아주 활발하고 다른 강아지들과 의 사회성도 좋고 해봤더니 질투도 별로 없고 영역 방어 공격성 도 없었다 그러면 이제 대 꼬실 생각을 하시는 거죠 그리고 첫번째가 다른 성별 중성화 유무와 상관없이 다른 성벽 그리고 10 살아 이니까 아 애기가 하게 되고 오지 마세요 * 싸이가 너무 스트레스 받아요 에너지 레벨이 완전 차이가 나는 거예요 그러니까 만약에 전 입양을 한다면 음 유기계 어늘 입양을 하게 되면 내 5사 이제 놀만큼 놀아봤어 꼬 아 이제 나도 좀 볼 때만 놀래 예 평소때 좀 실내에 이런 아이들이 잘 맞을 수 있습니다 예 합의는 만 티 프 말티 포를 키우고 있는데요 둘째 이방 계획을 하고 있어요 첫째는 몇 살쯤 드리고 오면 첫째가 몇 살쯤 데리고 오면 좋을까요 그리고 같은 종의 좋을까요 첫째는 여 입니다 4 어 둘째는 남아 여야 되구요 그리고 한 두세 살 두 세살 정도 나이 차이가 너무 안 나도 싸웁니다 한 두 살 정도 2세 정도가 적당할 것 같아요 그리고 실제로 같은 종이 쪼끔 더 친하게 지내고 어 익숙할 가능성은 높습니다 왜냐하면 이것도 1차 사회와 연관이 되어 있는데 눈떠서 가장 오랫동안 살 부비고 뭐 깨물고 놀고 한계 같은 종 이기 때문에 실제로 연구 결과에서도 같은 종 길이 조금 더 친근감을 보인다 란 연구결과도 있어요 그래서 같은 정도 나쁘지 않은 선택입니다 예 2 아 갑자기 여기서 대응 경 갑 툭 때 은경 으 이 그런 분들 있으실 거 든 요 그럼 들이 있으신데 첫째 첫째가 갈수록 늘고 가는게 보이게 될 거에요 1 참 큰댁 형들의 처음에 조금 안되게 올때부터 첫째 만해요 그래서 그때는 뭐 어떻게 막내가 험 내고 하지 말라고 해요 그런데 딸이 갈수록 그냥 미치게 시커 가지고 약간 중역 중견 됐는데 몰아 달라고 하면 첫째 드리미 층이 나고 그래서 몸치 크기도 어느정도는 비슷해야 되요 4 어느정도는 비슷한 게 낫습니다 이미선 님 열사의 수컷이 추를 키우고 있어요 이사가 뭐 6개월 믹스견 암컷 1마리를 입양 예정입니다 서로 잘 지낼 수 있을지 걱정이 됩니다 음 우선 스카 꼬 암컷 좋아요 10 살이라도 남자 니까요 4 이건 좋은데 우리 수컷 시추 아이가 고생을 할 것 같긴 해요 근데 제가 예상 컨 대 아마 이런 시나리오로 흘러 갈 거에요 시 추가 다 약물을 할 거에요 시 추가 벌써 지금 예정이라고 하는 거 보면 버섯 데리고 오시기로 마음 먹었으니까 시 추가 많이 쪼끔 고생을 할 거에요 예전 시추를 되게 좋아하는게 애들이 그냥 착하고 부 더 나고 막 별로 표현 더 잘 안 해요 4 피하고 봐 양보 하는 경우도 많고 근데 그런 것들이 우리가 보기에 이해가 굉장히 착하다고 생각할 수 있지만 우리 원래 있던 10살 수컷이 추한 때 조금 스트레스가 될 수 있으니까 우리 보자 님들이 조금 더 신경을 써 주셔야 돼요 좀더 신경을 써주시고 혼자 있는 시간과 공간도 조금 마련해 주시고 그 시간 동안에는 내가 우리 50개월 이 친구 믹스 친구랑 놀아 줘야 되요 내가 바쁘다고 자꾸 이 둘이서 놀게 하면 그러다가 스콧 시추 i 아니 힘듭니다 얘한테 타마키 말고 보호자 님이 할아버지 오빠한테 덜 귀찮게 하도록 보호자 님의 노력이 많이 필요합니다 le 님 4살짜리 치어 한마리를 키우고 있고 둘째를 드는 생각인데요 아기강아지 어 야 할까요 첫째 보다 어린 성경도 괜찮을지 둘이 사이가 틀어지지 않게 앞서 하는 방법이 합사 방법 되게 중요한데요 음 얘는 실제로 물지 않고 하지마 라는 표현만 한다 그래서 그냥 둘이서 지지고 볶고 니네들 끼리 알아서 노를 형성해 하고 나왔어요 그 3일만에 친해졌습니다 저는 동물들 끼리의 룰을 그냥 더 만들라고 더 써요 내 실제로 다른 강아지나 사람을 한 번이라도 구멍이 날 정도로 물어보 내가 있다라고 한다면 이 방법을 쓰면 안되요 진짜 천천히 처음에는 공간 분리 해서 씨앗 5 보이지 않게 공간 문리해서 냄새만 계속 여기 있는 여기 있는 입을 저 갖다놓고 여기 있는 입을 저 갖다놓고 냄새 계속 익숙해지게 하구요 그 다음에 안전이 보장된 상태에서 서로 시각적으로 볼 수 있게 해주고요 그리고 뭐 켄넬 안에 넣고 한 아이는 풀어놓고 이걸 또 바꿔가면서 해주고요 그리고 그렇게 정말 523 주가 걸릴 수도 있습니다 그래서 차근차근 이 안나게 해주는 게 좋을 수 있는데요 대부분 이거 보다는 빨리 해결이 됩니다 어떻게 보면 원래 있던 아이들한테 두번째 온 아이가 불러 들어온 돌인데 몸무게 편두 그때부터 얘는 미워 지기 시작하고 엄마 아빠도 미워 지기 시작하고 뭔가 분란이 일어나기 시작합니다 강아지들의 룰은 자기네들끼리 결정하게 하고 어느정도 존중해 주는 게 당연 가구에서 상당히 중요한 일이에요 아 크게 되셨고 1 no 5 myer 필요합니다 안녕 4 그리고 저희의 솔직하게 말씀드릴께요 다경 가 2가 여러분들이 공부를 열심히 해서 잘 관리하면 3 이것보다 좋을 수 없어요 진짜 이것보다 좋으셨어요 그런데 이걸 너무 무턱대고 하 하는 경우가 있어서 그 전문가 입장에서는 하세요 라고 말을 못하는 거예요 그러니까 저는 계속 겁을 죽 하지 말라고 계속 겁을 주고 그럼에도 내가 하겠다 는 사람들은 전문가가 하지 말라고 하면 왜 하지 말라 이제 찾아보기 시작합니다 그리고 공부를 좀 해요 근데 그걸 반 어서와 이런 어려운 점이 있어도 내가 할 수 있다라는 생각이 들면 하더라구요 그리고 또 하나는 제가 계속 안 되는 이유를 얘기해요 얘네들 길이 먼 질투 때문에 싸울 거고 보호자가 중간에서 잘해야 될 거고 이런 안 좋은 점들을 얘기하면 예측 가능하거든요 그래서 혹시라도 다경 가구가 왔을 때 얘들 이런 모습을 보여도 아 이거 그때 거기서 봤어 이럴 수도 있는 거야 라고 좀 안심을 하게 되는데 그냥 얘네 둘 끼리 행복할 거야 라고 됐고 왔다가 싸우기 시작하면 멘붕이 오기 시작합니다 다경 가문은 진짜로 공부 열심히 해야 돼요 4 우리 설치 여러분들 더 좋은 반려견 분할을 위해서 더욱 더 설쳐 주시구요 4 구독과 좋아요 잊지마시고 알림 설정도 부탁드립니다 안녕,
35,https://www.youtube.com/watch?v=S9WWAMjDF8E,S9WWAMjDF8E,강아지 배변 교육 확실한 방법 알려드릴게요! 🚽 l 배변 교육법 l 설채현 행동학 수의사,설채현의 놀로와 ,아 저는 이거 인터넷에나 유튜브 보면서 너무 안타까웠는데 왜 배변패도 위에다 간식을 주시지 절대로 패드 위에서 간식 주시면 안 됩니다 안녕하세요 우리 설치 여러분 설채현 행동학 수의사입니다 이번 시간에는 댓글로도 상당히 많이 달리는데요 배변 교육에 대해서 한번 말씀드려 볼까 합니다 이게 진짜 간단하면서도 좀 오해도 많은 것 같고 그리고 어려워 하시는 분들도 많아요 그냥 얘가 교육이 안 돼서가 아니라 되게 여러가지 상황으로도 화장실 실수를 할 수 있는데 그런 것들을 좀 간과하다가 뭔가 조금 더 상황이 꼬이는 경우들도 있거든요 오늘 가장 기초적인 화장실 우리 배변 교육부터 뭐 위치나 배변패드의 선택법까지 한번 알려드리도록 하겠습니다 우선은 배변 실수의 종류를 크게 두 가지로 나눠 보자고요 그냥 실수하는 위치에 따른 거 그리고 좀 행동학적인 문제가 겹쳐졌을 때 이렇게 한번 크게 두 가지로 나눠 볼 건데 첫 번째로 그냥 아주 쌩뚱맞은 아무 곳에나 하는 아이들 이런 친구들은 교육이 안 돼 있을 가능성이 있고요 특히 수직면에 한다 이거는 일반적인 배변 실수가 아니고 마킹일 수 있거든요 이런 건 행동학적인 이제 심리적인 요인의 의해서 일어날 수도 있습니다 두 번째는 카펫이나 요가매트 뭐 화장실 발 매트 같은 곳에 하는 아이들인데 이런 친구들은 보호자 잘못입니다 원래 개들이 화장실을 결정할 때 가장 중요한 요소는 첫 번째가 냄새고요 두 번째가 다공성에 폭신폭신한 물체예요 가공성 구멍이 뽕뽕 뚫린 느낌 마늘타 공은 무슨 공이에요 구멍공 이런 것들이 내 발에 닿았을 때 배뇨 욕구를 느끼게 돼요 조금씩 다르겠죠 어떤 아이들은 더 강하게 느끼고 어떤 아이들은 좀 더 약하게 느끼고 카펫 한번 보세요 오히려 배변 패드보다 카페트가 아이들한테 더 잘 맞는 화장실에 유형일 수 있다라는 거예요 약간 이런 느낌이겠죠 개들 입장에서는 나 분명히 변기에서 쐈는데 혼내는 거예요 카펫이나 이불에 쌓는 아이들은 카펫을 우선 치운다거나 아니면 이불에 접근하지 못하도록 하는게 가장 좋은 솔루션이 될 수 있고요 또 모서리에 실수하는 아이들이 있어요 특히 수컷 아이들이 좀 실수하는 경우들이 또 종종 있고요 생식기의 위치에 따라서 애들이 조준을 잘 못하는 경우들도 있고요 딴 것도 그렇지만 모서리에 싸는 건 절대로 혼내면 안 됩니다 얘네들 입장에서는 진짜로 노력한 거예요 첫 번째로 해 볼 수 있는 건 뭐냐면 배변 패드를 너무 벽 쪽에 붙이지 말아보세요 조금 벽에서 떨어뜨려 보세요 성공률이 그렇게 높진 않지만 우선 시도해 보실 만합니다 왜냐하면 우리 가끔 그런 적 있지 않아요 화장실 들어가는데 그 안에 칸이 되게 좁은 경우 아 좀 별로거든요 바로 앞에 벽에 있는데 내가 좀만 더 가면 저기 부딪히거나 이럴 것 같아 그러면 안쪽으로 더 안 들어가고 바깥쪽에만 오는 경우들이 있어요 그래서 벽에서 조금 뛰어 놓는 방법을 해보시는게 좋고요 그게 안 된다고 한다면 저는 예전에이 방법을 썼어요 화장실을 우리 육각장으로 둘러쌌어요 육각장으로 싸서 구멍을 내고 입구를 만들어 준 거죠 입구를 내가 화장실에 들어가려면 폴짝 뛰어서 들어가게 그렇게 입구를 만들어 주고 나서 습관을 만든 후에 입구를 없애줬더니 가운데서 쌓는 습관을 들인 적이 있었습니다 모서리나 주변에 하는 아이들이 어떨 때 또 그러냐면 싸고 바로바로 바꿔주면 괜찮은데 조금 깔끔떠는 아이들이 있어요 패드에 자기 오줌이 조금 많아지면 아이들이 안 올라가고 최대한 바깥쪽에만 싸는 아이템인데 저희 세상이가 그렇습니다네 이렇게 위치에 따라서 말고 이제 행동학적 문제에 의해서 배변 실수를 하는 경우들이 있는데요 첫 번째가 분리불안이에요 평소 때는 정말 잘 가리다가 혼자 있을 때만 실수한다면 이건 분리불안일 가능성이 되게 높아요 혼자 있을 때 너무나도 큰 불안감과 두려움에 괄약근이 풀리거나 스트레스 시그널로 아무데나 싸는 모습들이 나타나는 거기 때문에 만약에 우리 강아지가 가족 있을 땐 잘하는데 사람 없을 때만 실수한다면 꼭 카메라를 설치해 놓고 외출해 보세요 분명히 불안한 모습들이 보일 겁니다 그리고 두 번째는 중성화를 하지 않은 수컷에서 많이 나타날 수 있습니다 중성화를 하지 않은 수컷 중에서 몇몇 아이들이 집 안에서도 마킹을 하는 경우들이 상당히 많아요 이런 친구들은 성견이 돼서도 중성화를 하게 되면 한 6 70%의 호전을 볼 수 있습니다 그리고 세 번째로 다경가구에서 일어나는 경우들이 있어요 내가 못 들어가 본 공간이나 라이벌이 많아서 뭔가 계속 내가 긴장하고 얘네들과의 이제 충돌 속에서 이겨내야 되는 심리를 가진 아이들은 내가 더 강하다는 걸 알리고 여기 이건 내 구역이라는 걸 알리기 위해서 전혀 쌩뚱맞은 곳에 마킹 행동을 보일 수도 있으니까요 한번 확인해 보세요 화장실을 결정을 되게 어렸을 적에 해요 보통 뭐 8.5주 9주까지 한다고 해요 특히 이제 새끼 강아지를 데리고 오게 됐을 때는 그 전에 쓰던 화장실을 그대로 가져오고 오는 것이 가장 좋습니다 그 전에 패드를 썼으면 패드 아니면 뭐 배변판을 썼으면 배변판 갑자기 바뀌게 되면 헷갈릴 수 있기 때문에 원래 쓰던 거를 가지고 와서 사용하는게 가장 우선 첫 번째로 효율적이고요 두 번째로 아 저는 이거 인터넷에나 유튜브 보면서 너무 안타까웠는데 왜 배변패드 위에다 간식을 주시지 배변패드 위에 간식 절대로 두지 마세요 그거 뭐 성공했다는 얘기 있는데 그거 왜 성공하는 줄 아세요 강아지들은 어떤 행동을 하자마자 그 뒤에 결과가 나와야지 이해를 해요 아이 행동이 내가 잘하는 행동이구나 근데 배변패드 위에 간식을 올려놓으면 얘네들은 어떤 행동에 대해서 칭찬을 받은 거죠 오줌을 싸고 똥을 싸는 행동이 아니라 내가 배변패드 위에 올라간 행동에 대해서 칭찬을 받고 거기서 맛있는 걸 먹은 거예요 같이 보물창고 아니면 간식 서랍 같은 곳이 되는 건데 거기서 똥오줌을 싸고 싶을까요 내가 먹는 곳에서는 싸지 않으려는 경향이 높아질 수 있기 때문에 절대로이 방법은 쓰시면 안 돼요이 방법 썼더니 됐다라고 하는 분들 있죠 이거 왜 되는 줄 아세요 본능적으로 여기가 화장실이기는 해서 우선 여기다 오줌도 싸는 거예요 근데 발바닥을 짚어봤더니 여기 화장실이구나 싸요 근데 여기서 간식도 주니까 애들을 약간은 혼동은 되지만 싸고 자기 화장실 위에 엎드리고 앉고 한다니까 아마 다들 그럴걸요 절대로 대변 패드 위에 간식을 줘서 올라가게 한다거나 배변 패드 위에서 간식을 주면 안 돼요 저한테 질려 오신 분들 중에 진짜 많아요 우리 애가 패드에서 싸진 않고 맨날 그 위에서 누워 있어요 거기서 간식 주셨나요네 왜 그러셨어요 유튜브에서 그렇게 하라고 해서 그런 애들은 바꾸기 진짜 힘들어요 왜냐면 벌써 첫 인식 자체가 패드는 먹는 공간이지 싸는 공간이 아니기 때문에 이걸 다시 패드로 바꾸는게 되게 어려워요 차라리 그런 애들 야외 배변으로 돌리라고 해요 하루에 두세 번씩 산책시키면서 절대로 패드 위에서 간식 주시면 안 됩니다 그리고 또 하나 중요한게 있어요 절대로 체벌하면 안 됩니다 실수한 공간에 나중에 와서 저기 오줌 싸여져 있는 거 확인하고 애 데리고 와가지고 거기다가 너 이거 뭐야 이게 뭐 하는 일이 애들이 이해를 할 수 있을 거라고 생각하세요 절대 이해 못해요 내가 여기다 실수를 해서 혼난다라고 절대 생각하지 못해요 왜 시간이 딜레이가 됐으니까 인과관계를 연결시키지 못한 거예요 또 하나 싸자마자 발견해서 혼냈다 그럼 효과가 있을까요 아니요 더 오해만 생겨요 우리가 그 실수하는 강아지한테 해주고 싶은 얘기는 뭐예요 너 여기다 싸지마죠 근데 개들은 어떻게 이해할까요 내가 오줌 싸자마자 혼났잖아요 그러면 애들은 여기다가 없어요 너 싸지마로 이해해 그러면 이런 애들이 어떤 모습으로 보이냐 보호자가 없을 때만 써요 그리고 화장실도 오해하고 내가 다 엉키게 되니까 커튼 뒤에서 침대 밑에서 아니면 분리불안도 아닌데 보호자 없을 때 막 싸는 모습을 보인다는 거예요 절대로 혼내면 안 됩니다 우선 실수를 했으면 조용히 쉬워 주세요 그리고 일반적인 탈취제 쓰지 마세요 성분 같은 거 잘 보세요 요산이나 이런 것들을 분해서 냄새를 없애는 건지 아니면 그냥 향기로운 것 같은 걸로 그냥 그 오줌 냄새를 덮어버리는 건지 왜냐하면 덮어버리면 우리한테는 안 나지만 아이들한테는나요 정확하게 요산이나 이런 것들을 분해할 수 있는 전문 제품을 사용하시는게 좋아요 아주 깨끗하게 닦아 주셔야 돼요 안 그러면 거기에 또 쌀 가능성도 높습니다 화장실을 또 이제 어디에 놔야 될지 고민하시는 분들이 있어요 우선 첫 번째 식사 공간과 떨어뜨릴수록 더 좋습니다 그리고 두 번째 너무 좁은 공간은 피하시는게 좋아요 그리고 세 번째 유동인구가 너무 많은 것도 우리 가족들이 막 너무 많이지나 다녀야 되는 공간도 피하시는게 좋습니다 그리고네 번째 뭔가 우리 아이들이 어딘가 이렇게 갈 때 조금 무서워하는 것들이 있어요 예를 들어서 뭐 비치 갑자기 이렇게 막 직사광선이 확 들어온다거나 제가 여길 가기 싫어하는데 거기를 넘어가야지만 화장실이 있다라고 한다면 다른 대체 화장실을 찾을 수도 있어요 그러니까 좀 강아지들이 편하게 왔다 갔다 하는 공간에 화장실로 정해 주시는게 좋고요 저는 사람 화장실을 화장실로 사용하시는 분들도 많이 봤는데 그게 아주 나쁘진 않는데 그렇다고 저는 추천은 안 해요 왜냐면 항상 화장실은 습한 공간이잖아요 자꾸 이제 발에 밟으면서 발바닥이 습해지는 물에 젖는 시간들이 더 많이 늘어날 수 때문에 그걸 그렇게 추천하지는 않습니다 전 그런 경험이 있습니다 건국대학교 후문에 수의대생들이 자주 가던 되게 허름한 술집이 있었어요 그 술집에 가면 한 가지 문제점이 있었는데 화장실이 깨끗하지 않고 가끔 변기가 좀 흔들흔들 거리고 그래서 항상 앞 건물에 있는 중국집 화장실을 갔던 기억이 있어요 우리가 뭐 배워서 그런가요 화장실은 깨끗한데 써야 돼 이렇게 배워서가 아니라 그냥 본능적으로 화장실이 들었고 내 마음에 안 들고 불편하면 그냥 싫은 거예요 강아지들도 그런 아이들이 꽤 많아요 그렇기 때문에이 배변 패드도 아주 중요한 요소 중에 하나가 되는 거죠 그래서 첫 번째로 좋은 배변패드의 조건 대부분의 분들은 제일 싼 거 삽니다 그러면서 불평불만을 하시죠 싼 건 왜 싸냐면 얇아요 진짜 얇고요 얇으면 더 미끄럽고요 그리고 오줌이 되게 빨리 퍼져서 흘러나오죠 그리고 냄새도 잘 안 잡히는 경우들이 많고 한번 좀 비교를 한번 해볼까 저희 놀러에서 나오는 배변 패드인데 제가 화장실 교육은 교육이나 훈련이 아니고 습관이라고 얘기를 해서 습관 패드라고 이름을 지었어요 한번 원래 쓰던 거랑 저희가 막 그냥 막 쓰는 배변 패드가 있거든요 두께 차이가 엄청납니다 근데 제가 아까 뭐라고 말씀드렸죠 약간 가공성의 톡톡한 느낌이 발바닥이 닿았을 때 더 베뉴욕구를 느낀다라고 말씀을 드렸잖아요 그러면 이렇게 얇은 것보다 확실히 이게 지금 만져봐도 딱 다공성에 톡톡한 느낌이 든단 말이에요 훨씬 더 아이들한테 알맞은 배변패드가 될 수 있는 거죠 흡수력뿐만 아니라 강아지들이 뭘 더 선호하냐라고 봤을 때 지금 그냥 딱 봐도 느껴지시죠 눌리는게 완전히 달라요 이거 진짜 한 세네 배 차이 날 것 같은데 꼭이 습관 패드가 아니더라도 너무 얇은 거는 가정에서 쓰기에 그렇게 좋지 않아요 그리고 두 번째로 몸집에 맞는 패드를 선택해 주시는게 좋아요 저도 한번 보여 드릴 텐데 대형 패드 엄청 크죠 자 이것도 똑같습니다 우리도 다 한 번씩 경험이 있어요 화장실 갔는데 문 닫으려고 했더니 내 다리에 걸려서 안 다칠 정도로 조금만 화장실 칸이 들어가 본 적이 있을 거예요 기분이 좋으신가요 나쁘신가요 당연히 불편하고 싫겠죠 중형견이라면 저는이 정도 크기는 사용하시는 거를 추천드립니다 아무래도 더 흡수도 더 많이 해야 되기 때문에 좀 더 큰 크기를 해주시는게 좋고 소형견들 조그만 아이들은 이런 거를 두세 장을 깔아 놓으시는 것도 좋은 방법입니다 마지막으로 저는 무향패드를 추천드려요 애들 입장에서 얘네가 어떤 냄새를 좋아하는 줄 알고요 우리보다 후각이 워낙 뛰어나기 때문에 괜히 인조적인 향이 너무 강하게 났을 때 오히려 더 거부감을 느끼는 경우들도 있기 때문에 저는 개인적으로 무향 패드를 추천드립니다 제가 추천하는 화장실 교육 준비물은 3개입니다 첫번째 고무매트 미끄러지지 않게 되거든요 배변패드들이 미끄럼 방지가 없는 경우들도 많은데 미끄럼 방지가 없는 배변 패드들도이 고무매트 위에 올려놓으면 미끄러지지 않아요 그래서이 고무매트를 저는 추천드립니다 미끄러우면 아무래도 애들이 올라가기 싫어하는 경우들이 있어요 그리고 두 번째 당연히이 배변 패드가 필요하겠죠 그리고 세 번째 잘했을 때 칭찬해주는 보상이 필요합니다 요즘 이건 세상에 최간식 이걸로 한번 제가 한번 세팅하는 걸 보여 드릴게요 배변 패드를 이렇게 깔아줍니다 배변패드를 이렇게 깔면 안 미끄러지죠 그쵸 보시면 이게 차이가 있어요 그렇죠 그래서 저는 고무패드 추천드리고요 이렇게 해놓으면 깔끔하고 좋기는 해요 애들도 커서 더 좋아하고 좋긴 한데 깔끔히 아이들 크기는 커도이 깔끔히 아이들한테는 여기 한번 싸잖아요 안 올라가려고 해요 그런 아이들은 차라리 대형 패드 쓰지 마시고 소형 패드를 사용하시는 걸 권장드립니다 여기다 싸면 이것만 치워 준다거나 여기다 싸면 이것만 채워줘서 조금 더 경제적으로 사용을 할 수가 있어요 근데 여기서 또 팁을 하나 알려드리겠습니다 저도 이거 편하게 촬영 갔다가 우리 보호자 어머님의 방법을 보고 배운 건데요 예를 들어서 여기에 [음악] 딱 여기만 흡수가 된다 이렇게 쌌어요 그러면 여기를 잘라냅니다 새로운 패드를 깔고 그 위에 이렇게 올려놓으시면 됩니다 이거 하나 때문에 그동안에 이거 한 장을 버렸다라고 한다면 차라리 그 부분을 잘라내고 원래의 패드랑 겹쳐서 사용을 하시면 훨씬 더 자주 이용하면서 경제적으로도 좀 아낄 수 있는 꿀팁이더라고요 자 이렇게 해놓고서 그 다음에 중요한게 뭐냐면 화장실 주변에 꼭 트윗을 준비해 주세요 어 왜 패드 위에서 간식 주지 말라고 했으면서 왜 간식을 준비해둬요라고 얘기하실 수 있는데 지금요 위에서 주진 않을 거예요 어떻게 해야 되냐면 타이밍을 잡을 수 있을 때를 잘 잡아야 돼요 자고 일어나서 물 먹고 나서 밥 먹고 나서 열심히 띠띠하고 나서 한 10분에서 20분 안에 화장실을 가는 경우들이 되게 많아요 그때 됐을 때 우리가 이렇게 올바른 화장실을 만들어 놓고 내 눈으로 눈치를 보고 있는 거예요 언제까지 기다리냐 딸 때까지 기다리세요 절대로 호들갑 떨지 말고요 막 올라갔다가 이러고 하지 마시고 그냥 기다리세요 쌀 때까지 올라가서 자기가 딱 싸잖아요 그러면 그때도 기쁨을 억누르고 참고 계세요 딱 봤더니 이제 오줌을 어느 정도 다 쌌다 다 싸는 순간 옳지라고 칭찬 단어를 말하고 우리가 준비해 놨잖아요 준비해 놓은 곳에서 간식 두세 개를요 위에다 주시는 거 절대 아니에요 그리고요 위에 앉아 있는 애한테 주시는 것도 절대 아니에요 다 쌌을 때 옳지라고 얘기하고 바깥에다가 던지세요 내가요 위에다 잘 쌓더니 보상이 나온다는 이해를 하게 되겠죠 이게 반복적으로 되면 그게 습관이에요 그게 습관을 만들어 주는 거예요 나중에 간식을 좀 많이 안 줘도이 습관이 형성이 됐기 때문에 계속해서 화장실에서 일을 보게 됩니다 그리고 화장실 같은 경우에는 소형견 기준으로 지평수에 따라 좀 다를 수 있어요 조그만 아이들은 집이 넓어질수록 이게 다 내 공간인지 몰라서 아무데나 쌀 수도 있는데 적어도 처음에 교육할 때 3곳 정도에는 화장실을 만들어 줘 보는 걸 추천드리고 나중에 가장 많이 사용하는 쪽으로 점점 유도하는 걸 추천드립니다 배변 교육 왕도는 없습니다 지름길은 없어요 제가 오늘 말씀드린 것만 지키면서 꾸준하게 해주신다면 절대 어렵지 않습니다 오늘은 배변 교육의 기초 그리고 화장실에 위치 패드의 선택 방법 등에 대해서 한번 설명을 드렸는데요 궁금하신 점은 댓글로 또 남겨주시면 저희가 답변 드릴 수 있는 것들은 답변 드리도록 하겠습니다 구독 알림 설정 잊지 마시고요 또 놀러오세요 안녕 [음악],
36,https://www.youtube.com/watch?v=1CEcPb2-XVw,1CEcPb2-XVw,노견을 위한 반려견 치매 예방법|설채현수의학,설채현의 놀로와 ,우리 강아지의 대한 정보를 솔직하고 도 칼이 r 80 영국 40 독하지 않잖아 그쵸 착한데 독설 db 설치 할 수 있답니다 또 이제 질문 모든분들 다 해드리고 싶지만 우선은 제가 마음이 동안은 질문이 하나 있어서 이 질문에 대해서 말씀 드릴 건데요 심해요 치맥 유민영 님 4 노 경 강아지의 경우 치매 예방을 위해 머리를 자주 쓰게 해주는 게 좋다고 들었는데 노즈 워크 나 뭐 간단한 동작 가르친 노견 의 경우 간식을 쉽게 이룰 수가 없어 보상도 못해 주는데 어 간식 없이 머리를 쓰게 해 줄 수 있는 게임 장난 등 방법이 있을까요 제발 가르쳐 주세요 라고 말씀을 해주셨고 지금 보니까 사실 녹 연료도 간식 먹을 수 있어요 안전하고 좋은 간식도 먹을 수 있는데 유민 형님 의 반려견 같은 경우에 욕도 많이 없고 원래 입도 잡아서 사료나 먹었는데 지금 신장도 1 적출 했고 심장병 도 있어서 쳐 방식만 먹으니까 다른 간식을 먹기가 힘든 거예요 허가 수치로 놓고 당뇨병 도 있어서 주 3회정도 매번 검사랑 수행 마디로 다니고 산책하면 너무 흥분해서 선 책도 자체 이 흥 분이 어떤 분인지 봐야 될것 같아요 좋아서 누나는 아 인지 아니면 싫어서 다른 강아지를 보고 싫어 성분 하는 아이인지 심장병이 있으면 또 흥분하며 안되니까요 머리 쓰면서 몸으로 장난 치고 놀 수 있는 방법이 있을까요 음 이거 되게 힘드네요 이렇게 어려운 건데 우선 기본적으로 침해에 대해서 말씀드리면 강아지들도 치매의 걸립니다 심에 증상 사람과 똑같습니다 바람과 똑같아요 근데 사람보다 더 늦게 발견하게 되죠 아무래도 사람보다 더 늦게 발견할 수 밖에 없는게 대화를 하지 않으니까 행동으로 우리가 발견을 하게 되게 하기 때문에 사람보다 더 늦게 발견되는 경우가 많아요 우선은 저희 슈나 같은 경우에는 가장 먼저 보였던 치매 증상은 음 의미없는 운동이 들어왔어요 의미없는 운동성 그러니까 계속 방을 빙빙 돈다 계속 그냥 걸어 다니는 거예요 의미없이 그러다가 밤낮이 바뀌기 시작했습니다 밤낮이 밖에 시작했어요 낮에 자구요 다음에 계속 그렇게 의미 없는 움직임을 하기 시작했어요 그리고 식욕이 증가합니다 밥 먹은지 를 식욕 중추 도 같이 망가지게 되거든요 밥을 먹으면 식욕 중추의 라는 곳에서 포만감을 느껴 줘야 되는데 거의 같이 망가져 버리고 밥을 먹은지 까먹기 때문에 계속 먹어야 계속 먹고 싶어요 그리고 똥오줌을 못 가리 시작하고 분명히 잘 가렸던 아닌데 눈이 안 모임에도 냄새로 자기 화장실을 찾아서 갔던 아닌데 뭐 아무데나 싸게 시작해요 어 그리고 나서 가장 슬픈 거죠 뭐 잘 알아 보지 못해요 저희가 들어 제가 들어가도 몰라요 4 오히려 제가 들어가면 은 저 구석에서 자고 있는 아이 제 옆에 가서 차 다만 보는 적도 많았구요 사실 이제 제가 군에 대한 때부터 수 나를 키워 썼으니까 가장 기분이 좋았던 건 새벽 한 도시의 공부를 끝내고 집에 들어가도 다른 가족들은 다 자고 있어도 순환은 뛰어나오는 거였는데 다들 치매와 걸리니까 4 그런것을 못하게 되더라구요 그래도 이제 옆에 있어 먼저 도 너무 고마워 있는데 제가 이제 행동 악을 공부하기 시작했을 때가 슈 나가 치매 걸리기 얼마전 이었고 너무 미안해 짜 그래서 제 아픈 손가락 이에요 뭔가 해 주고 싶었을 때 해줄 수 있는게 없어서 되게 아픈 손가락 인데 그래도 아주 예방은 개방은 어느정도 할 수 있고 그리고 예뻐 치매의 진행을 조금씩 늦출 수가 있어요 근데 그게 우리 어르신 듯 뭐 하라고 하잖아요 코스도 계속 시각적 정신적 자들을 만들려고 하는 거잖아요 강아지들도 뭔가 계속 정신적 자극을 줘서 치매를 조금씩 조금은 좀 늦출 수 있는데 그게 노조 억 노조와 그죠 그래서 저는 지금도 강아지 들한테 밥그릇을 없애라 라고 얘기를 하고 있지만 노령견 일수록 지병이 없는 아이라면 더 밥그릇을 없애도 좋습니다 늙었다고 밥집 해주는게 아니라 더 뭔가 노력하고 움직여서 근육도 안 쓰면 더 쪼그라들어 요 그렇기 때문에 계속 움직이고 머리 써서 힘들게 해 줘야 되요 스트레스 뭐 약간의 좋은 스트레스를 받을 수 있도록 해줘야 하지만 치매와 예방될 수 있구요 또 하나는 좀 관절이 아프고 이런 아이들 밖에 나가는거 못 한다고 생각하시는 경우가 많은데 괴물차 이용해서 냄새 만이라도 맞고 콧바람 이라도 쓸 수 있는게 정말 좋아요 그래서 김민영 씨 이 강아지 같은 경우에는 지금 운동 청도 많이 떨어져 있고 밖에 나가서 어느 정도로 흥분을 하는지는 잘 모르겠는데 음 저라면 좀 지금 간식을 아무거나 줄 수 없고 그리고 처방 층만 뭔 데 그쳐 방식도 입맛이 까다로워서 안먹는 아니까 음식으로 하기보다 최대한 여러가지 향을 한번 받게 해줄 것 같아요 향을 그래서 산책을 나간다면 이런 그 계모 차에 태워서 너무 흥분하지 않는 점 계모 차에 태워서 킁킁 킁킁 냄새라도 맞게 해주시거나 집 안에서 뭔가 이념 같은거나 이런 것들에 제가 많이 쓰는 방법 중의 하나가 인형을 많이 좀 지루해 하면 세탁해 돌려서 다시 준다거나 이걸 립밤 요즘 립밤 향 되게 많잖아요 딸기 한 수밖에 악마 이런 것들이 있는데 립밤 같은 경우에는 조금 어 그래도 입술에 닿는 걷기 때문에 먹어도 되게 만드는 경우가 많기 때문에 멀리 빰을 인형의 붙여서 보면 좁은 다거나 어 아니면 뭐 아로마테라피 나 배치 플라워 같은 것들 그 향을 마음을 안정시키는 향들이 나니까 수 각 자극도 많고 저는 좀 괜찮을 것 같아요 그래서 어 상당히 어려운 거긴 하지만 이건 보호자 보니 열심히 찾아 주셔야 됩니다 우리 아이가 어떤 것에 자극을 받는지 좋은 자극을 받는지 를 확인해서 계속해 주시면 좋고 다른 노령견 을 데리고 계신 분들도 이 제가 말씀드린 것을 잘 보셨다고 한다면 노령견 이니까 편하게 해 주시면 안돼요 더 피곤하고 더 놀 수 있도록 너무 육체적인 것만이 하시면 되고 정신적으로 피곤하고 신경 쓸 수 있는 것들을 만들어 줘야지 만 치매에 걸리지 않고 더 행복하게 살 수 있습니다 뭐 이런 친구들 치매 예방하는 방법 저도 뭐 많이 공부는 하지만 이게 실제로 경험하신 분들의 좋은 방법들이 있을 것 같아요 그런것도 좀 같이 저희 저희 커뮤니티에서 저희 유튜브에서 같이 공유를 하면 우리 민 형님한테 도 도움이 많이 될 것 같으니까 저한테도 저들 머리가 좀 굳어서 좋은 아이디어 댓글로 남겨주시면 감사하겠습니다 4 다음번에 더 좋은 정보로 찾아뵙도록 하겠습니다 안뇽,
37,https://www.youtube.com/watch?v=i9_cRwTIotQ,i9_cRwTIotQ,"설채현, 나응식 전문가 분노한 이유는!? _농림축산식품부 2020~2024  동물복지 종합 계획",설채현의 놀로와 ,강아지에 대한 정보를 독하고 솔직하게 알려 드리는 독설 티비 설치를 수행합니다 이제야 2분을 모두 4 여러분들이 기다리고 기다리시던 4 거대 고양 고양이 신 양 잊은 약 40 식수의 사항 선생님을 모셨습니다 왜 에 빠져서 열심히 들한테 하루 되세요 아 아 그때 왜 그렇게 해야 의 시간이 있으니까 입니다 제가 오늘 욕설 탭이 이렇게 초대해주셔서 가지고 4 서 육신이 를 한번 보려고 티니 친서를 잡고 아 근데 그 갑자기 궁금해진 건데 양신 tv 도 애칭 있나요 i'll 조조 뭐 였지 저희는 과 질료 봐 주세요 뭐 리그 양심도 라고 옛날 아아 양심도 전 아 아니야 모두들 싫어하시는 분들도 있어요 좀 더 깊이 갚겠다 아까 그냥 신변 야마 그럴 이유도 있는데 얼마전에 언박싱 2 하신것 같은데 어 아 하하 내 8 아 이거 c 막 입자가 안되겠다 그러고 으 거고 왜 아 이 독 서해 체언 의 독설 tv you're 안에 축하 드립니다 4 예 어떠세요 그거 알아 둬요 사실 우리 설치 여러분들께 정말 감사드립니다 그리고 100만 정도 가야 돼 꿈만 같다 이것도 큰 100만 넘어 그 옆동네 아픈것 요크 이멜을 아 저는 비교하지 않습니다 제 인생 자체가 비교를 하지 않고 느 된다 마 생각할까 아 우리의 그건 내 양 신임 으 4명 수면제 채널 구독하고 계속 앱인 4 추천 해 봤죠 어 그래서 내 느꼈죠 i 채널을 보며 아미가 있다 아따 안되겠다 [음악] 1 됐어요 매몰 빅 없네요 어 해야 하나요 4 최국 다이 남아있고 그 다음 그 다음 보기로 바로 나왔잖아요 또 또 났어 줬어요 다 있나 마켓 위에 떠 # egfr 썼던 필드 지표다 뭐 어 저도 예전 노래 되게 좋아해서 위해 좋네요 아나이스 드롭이 나와 앰 아이 스스로 멋있죠 왜 그리고 마 여기 20만대 레벨 스스로의 맞춰서 춤출 하니까 어 말이 집으로 배관의 cd 로 춤이 형 백엔드 등 것 아닙니까 핸드 거 아닙니까 핸드 빨리 테니까 아 저는 대량 3gb 저도 구독을 하는데 왜 솔찍한 개 봤었어요 아무튼 것 같아 예 1 쎈스 예 2 거 같아 아 뭐 봤구요 5 [음악] 얼마전에 되게 인상적인 기사를 봤어요 음 1승 이미 으 고양이 오 십 마리를 그러니깐요 그리거나 으 여기서도 봤는데 보통 2013년부터 좀 이별 하기 시작하셨다 고 하더라구요 회사 내용을 보니까 그러다가 이제 문제는 뭐냐면 이게 병원도 그렇고 저희도 뭐 어느 곳이든 좀 돌봐 준다 라는 이미지가 생기며 사람 등이 깎다 버리는거 그러니까 자신의 감정 자신의 죄책감을 편지에 다 써서 어떻게 보면 죄책감을 전단 박사 그렇게 해서 세 마리도 대대로 군데 이제 스님이 지다 보니까 대부분 처음에 잘 모르셨던 것 같아요 색도 증수가 되는지 어떤지 모르게 이미 셔야 상태도 온 애들이 있는것 같고 어둠의 뭐니 뺀 저출산 나도 뭐 하다보니까 50마리 가 때 라고 하더라구요 내가 토 또 쓸께요 아 박경진 거니까 국물이 없으면 이런 좀 [음악] 이런 한마디 스님의 이런 한마디로 일이 마음에 딴 으 꽂히는 것 같아요 뭐 이런 생각을 안 한 사람들이 너무 많죠 동물이 없으면 인간도 없다 가지고 미 세상은 인감 만에 것이다 라고 생각하는 사람이 우 뭔가 언어만 거점 영운 가 그래서 이 직위에 인간관 있는건 아니다 꾸 처의 어떻게 보면은 사람은 점점 7 자가 되어 가고 있는 건데 너무 우리 주위에 있는 동물들에 대해서 음 그 어떤 흔히 저도 이후 없이 느 막대 하고 괜한 분모 감을 표출하는 사람들이 너무 많은 것 같아요 그렇죠 [음악] [음악] 뭐 어 수 없네 예 농약 계속해서 볼 때 살아요 얘네들 배고프니까 웬만하면 조금이라도 이상한 냄새 남의 안 먹을 텐데 지 합성 는 사람이 있거든 진짜 그럴 이거 지금 이 영상만 보면 재개발 지역에 있는 고양이들의 의도적으로 의미하는 성능 라던가 아니 올뉴 가위로 생겨가지고 확대를 한다던가 그렇게 해서 고양이 사체가 5마리가 발견 적자 라는 회사의 뭐 말대로 그냥 거기에 그 길고양이 급식소 가 있다보니까 의도적으로 했다는 그 고양이에 대한 허언증 내가 갖고 있는 분들 그 한거 같은데 야오 버전은 모르게 이해가 이해가 이해하는게 아니라 이해가 안갈 문제가 아니라 좀 그냥 이런것도 되겠소 사이코패스 더 라고 생각을 하기 때문에 q 서울 정수장에서 상의 고양이를 했다 이렇게 시작했습니다 전 이거 봤어요 음 저희가 봤어 [음악] 보통 게 위협을 해가지고 차 내면 되는데 좋을 감히 도 있잖아요 새로 된 이게 벌써 어 이거 가 이제 사람들에게 알려지고 넣지도 안되도 그리고 8만명 안 갔다 이 국민 총 헌의 올라가 따르고 저는 받거든요 예 우선은 이건 입건 안됐다 라고 해요 기소 기소가 안돼 따라 그렇게 불리게 혹은 받았죠 보내는 근데 이제 가장 큰 문제는 동물학대 제가 실제로 실형까지 이어 주는 경우가 별로 없다는 거죠 음 그 이유에 대해서 분석을 해봤더니 그 법은 이 있는데 4 실무자들이 별로 관심이 없어요 이런 기소를 해야되는 경찰과 검찰 들이 그 동무 그 인식 자체가 건물이 법상 으로 나와 있는 그냥 그 물 것 그렇죠 물고 원으로 되기 때문에 개 몬 송계 변해 버리기 때문에 하셔요 국민 청어 까지도 올라가도 사람들이 화를 내는건 국민적 정서 는 많이 올라왔는데 먹을지 패하는 사람들의 인식이 음 그걸 못 따라온다고 저희 새고 더 강력하게 근데 이건 좀 강력하게 어 분명히 동물학대 했는데 신고로 해봤자 국민 별로 관심을 안 가진 경우가 허다하고 발로 동무들이 보호를 받으려면 우선은 물건이 아닌 생명으로 써 그렇죠 에 존중되어야 됩니다 범위가 바뀌어야 됩니다 그러니까 우리나라 법 싼 사람 이외에는 다 문건이 돼버리는 거죠 음 근데 외국 같은 경우에는 제 3 의 지위를 인정하는 경우도 많다 마저 예 제 3회 주 의 란 말이죠 4 인간은 아니지만 물건은 아니다 그렇죠 인간 보다는 덜하지만 소중한 존재다 라는 제 3 의지가 있는 경우가 많은데 우리나라는 크게 없어요 저는 그게 근본적인 문제라고 몸에서 강력하게 생명체는 소중하다 라는 것을 보여줘야 하지만 으 국민들의 인식도 바뀔 수 금 4 그래서 사실 이렇게 얘기하면 저도 그랬는데 음 그러면 담당부서 님 명의로 하고 있느냐 가장 큰 부서가 농림 축산 싶어 그런데 그래서 저도 들에게 생각했거든 님들이 다 싶은 분의 너는 도대체 뭘 하고 있는 거죠 으 근데 제가 이제 회의가 토벌 좀 참 점을 알려주세요 무대에 많이 의미 축산 식품 그래서 절전 쭉 좋아하는 거야 뭐 다 지움 치고 중간에도 되는겁니까 아예 깎아 말아요 아니야 그건 아닌데 그래도 그래도 제가 큰 모음 뭐 솔직히 더 공부를 해야 되지만 눈 만나 보고 느낀거 많은 노력을 하고 계시고 음 아무래도 이게 법적 이고 제도적으로 바뀌어 나가야 되는 과정이 라서 속도는 느리지만 그래서 국민의 마음에 는 그 조금 느리다고 느낄 수 있지만 뭐 이게 생일 적이고 으 이런 이런 제도들이 실제로 이루어지면 정말 좋겠다라고 생각한 것들을 한 테이블 쫌 하셨거든요 으 고민중 단지 분들 텐데 교육관 왜 눈물 보호정책을 위해 봐 농림축산식품부 에서 2020 에서 2024년 으 동물복지 종합계획 을 발표했는데 그 알고 계시나요 알고 있죠 6대 분야에 26억 아지의 과제를 지금 발표를 했기 때문에 그 부분에 깔게 제가 1 걸어드릴게요 1 등 동물복지 첫 번째 동물보호 복지 인식 개선과 관련된 보냐 두번째 반려동물 영업관리 더구나 그 세번째 6 2p 앞 때 동물 보고 수준 제공 네번째 농장 동시에 복지 개선 다섯번째 동물 실험에 있어서 윤리 성채 고 마지막으로 동물 보호 그 다음에 복지 거버넌스 후 및 이의 땅이 이때 분야에 대한 26가지 [음악] 4 2 2 2 간단하게 말씀드리면 제가 항상 보기 젤을 많이 꺼내는데 무기로 모발을 넘어선 정보이기 때문에 재정적으로 독일의 제 도중에 우리나라의 적용하면 좋을 것 같은거 뜨기만 해 줘 가 있어요 음 이대로만 된다면 예 아주 괜찮다 예전에 반려동물 맛 좀 생각을 했었다면 이제 어떻게 보면 통 모든 농장 동물이 라던가 아니면 4 역동 실험동물 까지도 좀 더 확대 해서 좀 이런 동물보호 복지 계획을 조금 가다 젊고 발표한 게 아닌가라는 느낌이거든요 네 근데 불러다 아쉬움이 쓸 수 있긴 한데 그래도 가장 큰 변화라고 하면 은 동물 학생의 관련된 처벌 의미죠 그래서 그때 그물 아크 처벌 수위가 정도 강화 되는데 이 자는 2년 이하의 징역이나 2천만원 이하의 벌금 경우 여성 보냈다면 이제 내년부터 실행되는 이 공부 복지 계획안에 이 강화된 법령에 는 3년 이하의 징역 3천만 원 이하의 벌금이 여그 이제 하겠다 라고 지금 밝히겠다 4 그래서 고양이 관련되서 좋은 선례 가 생겼어요 최근에 센트럴파크 라는 것을 자들아 는 그 애가 있었는데 작별하고 죽음에 이르게 한 사람에게 이번엔 걱정이 좀 6개월 정도 실형이 선고됐다 그냥 게다가 그 삽화 너의 계속 집행 했던것은 국민 처음은 20만명 돌파 있어요 아줌 어떻게 보면은 동물학대 와 관련된 그 다음에 뭐 실험 성공 되기 때문에 아주 큰 걸레라고 어느새 내 이 기사를 보며 안타까운 듯 미래적 판결이라고 나오고요 음 이게 이례적 판결이 아니라 당연 해야되는데 맞아요 4 다행인건 우리나라는 똑 참매 주겠습니다 이런 판결이 나오게 되면 나중에 비슷한 사건이 있어도 이 판매를 바탕으로 가져요 선례 가 있으니 꽤 이 판례를 바탕으로 수영이 나올 수 있을 거라고 얘는 입니다 어 그리고 돈을 유기 하면 이젠 과태료가 아니고 벌금 이에요 이것은 전과 통과 4 아 진짜 걸 그는 전과 합니다 빨간 주 들어가는 거에요 부모님들 예전에는 과태료 300만원 근데 이제는 벌금 으 네 근거가 형 사퇴 바로 맞는거죠 벌레 이런거는 으 그리고 이 벌금 안내면 어떻게 될까요 그러면 이제 부족 또는 그렇죠 친근함으로 봐야죠 그리고 만나면 저한테 4 콩 밥 먹으로 웰스는 6일을 조금 더 정확하게 이 잡아낼 수 있는 이런 시스템이 중요한데 그래서 동물 등록대상 점진적 확대 가 있습니다 그래서 예전에는 그냥 거의 뭐 3개월 마저 향해 발라주면 보호자가 알아서 받고 등록을 해야 돼 따라가면 으 이제 앞으로 동물 판매업자 는 등록대상 동물을 구매자 명으로 진 등록을 신청한 뒤에만 판매할 수 있어요 만들고 많이 느꼈죠 이게 일본이 이렇게 있거든요 음 그러니까 이게 판매되는 순간부터 종목이 되어 있기 때문에 이제 만약에 공격해 가 버려져 있고 말씀드렸죠 뭐 등 아이들에게 말씀드리겠습니다 외장형 방금 이야기한 것처럼 뜯어서 벌이며 는 데이터가 사라지는 것이기 때문에 되도록 얘는 내장형으로 의무 하는게 필요하다 이게 이제 고양에서 이제 확대되고 있는 추세와 가지고 그러 제 전에 이제 서울시의 안에서 이제 특정 9만 몇 개 구 마 이제 실행을 했더니 제 고양이 동물 등도 관련된 것도 이제 2차 22화 공터는 이제 전국적으로 확대 된다 라고 하고 50만 인모 내장 인 경우에는 더욱 으로 분해 해야 된다라는 정책도 가지기 따라가 아녀요 양신 님은 보시고 나서 때 어떤 것 같아요 이렇게 지금 진행하려고 노력하고 있다라는 것 만이 5도 저는 많은 부분이 바뀔 것 같아요 벌 베타 도 했다는 분양 부터 복지 부분 인식 부분 그 다음에 이제 다른 반려동물 뿐만이 아니라 농장동물 뭐 이런 때 까지 확대된 추워도 저는 빨리 이것들이 실행되고 많은 발겨 인물인 아 좀 어떻게 보내는 인식 개선에 도움이 될 거에요 잘했다 제가 이 친구 그래도 소식을 대충 들었는데 그 동료 숫자는 봐야죠 4 그 친구 같은 경우에는 찰과상 있고 다행히 크게 이제 사망까지 된거 날이어서 예 지금 2주정도 치료받고 서울시에서 운영하는 고양이 입양 카페에서 지금 10g 라는 이름을 캔디 해 아마 그거 갈게요 의 집에 까만 와야지 않겠는데 4로 새는 이제 외로워서 건지 맞죠 왜 떨어져 아니라 같아요 아기가 날이 잘 아닌가요 아 아빠 타요 2 보도 아 아 으 쓰고 왜 그러 약국 빼고는 젤로 쓰실 것 같은데 아니라 뻔하다 아아 외로워도 슬퍼도 울지 않아 마음에 캔디 라는 이름으로 지금 잘 보았고 어떻게 5 입양을 기다리고 있다고 하니깐요 너무 안좋은 소식 에 놀랐지만 캔들은 이런 자세 하고 계십니까 아 하지 않으셔서 [음악] 222 222 222 later 저는 이제 우리가 거의 다 끝났는데 아 그거 띄었어요 4 볼수 좀 1시간 찍는 것 인데 순간이에요 4 오늘 정말 을 어떻게 보면은 무거울 수도 있는 얘기 아니면 또 기쁜 얘기 이렇게 할 수 있게 포드 해주셔서 너무 감사하구요 4 침만 구독자 되신 추워 같은 마시고 다시 한번 축하드리고 설치해 분들 우리 또 세션 정이 많이 많이 사랑해 주시구요 양신 듯 이쁠꺼 줘야 한답니다 우리야 우리는 하나라고 생각에 내가 더 근거 짜라 그 뜻 양신 팁 2부 독자와 독설 tv 구독자는 같아야 된다 4 금촌 애가 너무 튼 볼게요 귀하 다만 하니까 간 해야 돼요 우리 무조건 콜라보 4 얼마나 들어보겠습니다 여러분 보였습니다 매송 편한거 같아요 우리 독설 팀이 구독자 분들도 양생 tv 구독과 좋아할 잊지마세요 음 안뇽 정말 바로 옆에 우리 하나님 없는 되고 구독 타워 1 10 우리는 당신들이 어려웠다 저한테 고급화 저안에 있지만 되요 예 스텝이 보세 보내도 독서 지리 왜냐하면 감독 마이크 스킬만 생길 때 선이 들어가 봐야 돼 산화제 손목에 도선 고양이는 당시 g 그리고 이 명 체험들이 축하 줄 알아라 내서 파괴 운명처럼 굉장하군요 보탑 의학부 한테 [음악],
38,https://www.youtube.com/watch?v=u62ZSQuaLPc,u62ZSQuaLPc,"[설채현 수의학] 미세먼지 나쁜날, 개 산책해야할까? 말아야 할까?",설채현의 놀로와 ,안녕하세요 강아지에 대한 궁금증을 솔직하고 독하게 알려드리는 설치 연수 이사입니다 어 제가 마스크를 쓰고 있죠네 가장 요즘 제가 가장 많이 받는 질문 길가다가도 어 하면서 이렇게 알아봐 주시고 꼭 물어보시는게 미세먼지 있는데 강아지들 산책 어떻게 해야 돼요 있니다 미세먼지가 많은 날에 산책을 해야 되냐고 하면 저는 우선 저 예전에 이렇게 심하지 않을 는 아마 찾아보시면 있을 거예요 간단하게 해라 간단하게 해라라고 했는데 아 진짜 얼마 전에 있던 그 [음악] 미세먼지는 아 이거 나가라고 말씀드릴 수가 없더라고요 그러면 저는 안 나간다 안 나가는게 좋다 안 나가는게 좋다 안 나가는게 좋다 안 나가는게 좋다 안 나가는게 좋다 근데 만약에이 야외배변 하는 아이들이 있습니다 이것도 정말 많이 물어보시는데 이것 때문에도 요즘 안에서 애들 오줌똥 쌀 수 있냐고 무늬가 많이 오시는데 어 거의 없어요 산책을 나가지 않는 한이 방법은 거의 없다고 보시면 돼요 그런 아이들은 빨리 배변 배뉴 하고 들어와서음 우선 물 좀 많이 마시게 해 주시고요 털 같은 거 잘 좀 씻어 줘야 돼요 그럼 털어 주기라도 해야 돼요 물티슈 같은 거 라도 빗질 같은 것도 안 그러면 안에 다 미세먼지를 다 붙어요 그래서 뽀뽀 많이 하시죠 털에 부비고 내가 손으로 만지면서 그런 먼지를 계속 붙을 수 있습니다 최대한 그 요즘 그런 거 많이 나와요 드라이 룸인데 에어 드라이룸 에어 드라이룸이 나오는데 얼마 정도 효과가 있는지는 저도 아직 보지는 못했지만 워낙 미세먼지 때문에 그런 에어 드라이룸도 많이 나오고 있고요 그래 어 옷을 입혀주시는 것 괜찮죠 옷 입는 거 좋아하는 아이들한테 산책 나갈 때 옷 입혀 주시고 아 저도 예전에 그랬어요이 정도 뭐 어때 나도 사람들 다 괜찮은데라고 했는데 결국에는 장기간 쌓이게 되죠 오랫동안 쌓여서 사람에게 걸리는 대부분의 질병들이 다 생길 수 있을 것 같아요 우선 호흡기 안 그래도 얼마 전에이 원래 기도가 되게 좁아서 기침을 자주하는 아이가 있었는데 산책 나갔다가 미세먼지 많은 날 산책 나갔더니 기침을 너무나도 많이 해서 기침이나 뭐 알러지 일으키는 애들도 많아요 알러지 일으키는 애들 그리고 페퍼에 나중에 쌓이면 뭐 담배 핀 거랑 비슷한 영향을 주지 않을까요 집에서 담배 피시는 분이 키우는 강아지와 거의 비슷한 영향을 줄 것으로 보 보고 있습니다 미세먼지 때문에 안 구지라 결막염도 많이 와요 그래서 아 사실 수의사들이 많이 봐요 요즘 애들 갑자기 눈 막 깜빡깜빡깜빡 거리고고 눈 뻘게 져서 오고 아토피처럼 알러지 증상도 더 심하게 오고 감기도 더 많이 오는 경우가 많고요 어 피부 질환도 생길 수 있죠 충분히 피부 질환도 생길 수 있고 그래서음 다들 조심해 주셔야 [음악] 됩니다 산책을 못 나갈 때 미세먼지 많은 날 우리가 할 수 있는 것들을 생각한다면 우선 다른 강아지를 좋아하는 아이들은 뭐 애견카페 같은데 가셔도 괜찮고 괜찮고 저라면 너무 미세먼지가 많고 얘가 밖에 나가고 싶어 하는데 힘들다 그 스타필드 ifc 몰 갈 것 같아요 거기 가서 쇼핑도 하고 어 좀 불편함은 있지만 쇼핑도 하고 그래도 좀 걷게 하고 여러 가지 자극 받게 하고 그것까지 안 된다라고 한다면 이건 집에서 열심히 놀아주는 방법밖에 없습니다 에너지를 가장 많이 소비할 수 있는 것 중에 하나는 터 그죠 터그 놀리 좋아하는 아이들은 터그 놀이나 공놀이 많이 해 주시면 될 거 같고 그건 강아는 것인가 좋죠 강아지 런닝 머신 좋아요 엄청 좋은데 비싸요 엄청 비싸요 사람 에다가 강아면 안돼요 어 근데 교육이 좀 필요해요 얘네들이 이걸 하려면 교육이 좀 필요하고 처음에는 엄마 보호자들이 나 죽이는 줄 알 거예 이게 뭐야 하면서 엄청나게 무서워하는데 간식으로 진짜 살살살살 유도하면서 런닝머신 태워주기 하면 되게 좋아요 어 실제로 트레이너들이 정말 흥분도가 높은 아이들한테 교육할 때 처음에 말 하나도 안 들어요 우리가 무슨 말을 해도 안 듣는데 머신 빡세게 30분 정도 태우고 교육하기 시작하면 애들이 이제 내가 갖고 있던 스트레스를 다 풀고 나서 말을 잘 듣기 시작하는 경우도 많아요 강아지 런닝 머신도 좋고 어 노즈워크 좋죠 노즈워크 좋은데 아 우리 너무 기본적인 노즈워크 만 하고 있어요 어렵게 주셔야 돼요 뭐 한 5분 10분 만에 다 해결하는 방법으로는이 산책을 대체할 수가 없습니다 조금 더 어려운 방법들을 많이 생각해 보시는데 오늘 준비를 하지 않았어요 다음번에 어려운 노들 한번 준비를 해 볼게요 또 뭐가 있을까요 여행 여행 영동 지방으로 가면은이 서악 산이랑 산이 막아줘서 어 또 또 하나 있어요 이민 와 진짜 요즘 나의 내 마음이 그래요 하늘만 보면 이민 가고 싶다라는 생각이 되게 많이 드는데 [음악] 사실 저도 미세먼지 심할 때 집에서 뭐 어떻게 놀아줘야 될까 이거는 애들마다 다 다르기 때문에 이걸 말씀드려야 되는데 여기서는 많이 말씀을 못 드렸거든요 우리 아이는 이렇게 놀고 있다 이렇게 놀아줬더니 산책 안 해도 스트레스를 잘 다라는 것 댓글로 좀 남겨주시면 좀 재밌는 거 있으면 소개시켜 드릴게요 구독과 좋아요이 힘들어요 구독과 좋아요 잊지 마시고요 다음번에 더 좋은 정보로 찾아뵙겠습니다 안녕 [음악],
39,https://www.youtube.com/watch?v=gg6VN33xsp4,gg6VN33xsp4,"사회성이 부족한 강아지, 반려견 운동장가면 좋아질까요? | 설채현 행동학 수의사",설채현의 놀로와 ,안녕하세요 설치 현 행동 악수 이사입니다 4 이제 날씨가 따뜻해지고 있어요 이 녹화가 언제 나올지도 모르겠지만 오늘이 4월 22일 그리고 벌써 20도가 넘어가면서 요즘 정말 많이 갖고 계신 곳이 있죠 그리 반려견과 함께 우리가 에카 라고 부르는 애견카페 아니면 운동장 입니다 우리 반려견 까페나 운동 잔을 가시는 경우가 상당히 많은데 그러면서 저한테 질러도 상당히 많이 들어오고 질문도 많이 오고 있어요 놀이 아이가 반려견 운동장에서 잘 놀지 못하는 데 어떻게 해결해야 될까요 가서 잘 놀았으면 좋겠어요 라는 질문이 엄청나게 많이 들어오는데 과연 어떻게 하면 우리 반려견 아이들이 운동장에서 재밌게 놀고 아니면 이게 실제로 이렇게 운동장을 가는게 무조건 좋은 걸까요 라는 질문에 한번 답을 드려 보도록 하겠습니다 강아지 운동장 카페 저는 우리 보호자 분 들의 이해를 돕기 위해서 항상 우리 사람의 것과 이렇게 비유를 하는 걸 되게 많이 노력을 하는데 기존 딱 든 생각이 있어요 강아지 운동장 사람으로 보면 어디일까 진짜 똑같은 곳이 하나 있더라구요 바로 클럽입니다 왜 그럴까요 잘 생각해보세요 칼럼 어때요 모르는 사람과 몸 부비 면에서 잠시 부기를 하면서 대화를 하고 놀아야 겠죠 그쵸 애견카페 어떤가요 강한 운동장 어떤가요 모르는 강아지와 못 무비 면서 몸의 대화를 하면서 뛰어 놀아야 되는 것이에요 사람의 클럽과 강아지의 운동장이 정말 똑같습니다 그러면 한번 잘 생각해 보죠 사람들의 클럽에 대한 이 인식이 나가서 노는 방식 을 한번 생각을 해 보면 첫 번째 클럽을 너무 좋아해서 모르는 사람과 가서 정말 재미있게 잘 노는 사람이 있을 수 있구요 두번째 클럽을 좋아하는데 가면 꼭 술 먹고 사고 치는 사람이 있을 수 있구요 세번째 클럽을 싫어한다 저같은 사람 4 저희 우리 옆에 있는 우리 펜디 밑에 클럽 좋아하는 걸로 알고 있는데 4 에 점은 싫어요 즉 어렸을 때 몇 번 가 보고 아 너무 힘들더라구요 모르는 사람이라 막 대화하고 노는 거 이런 것들을 별로 그렇게 좋아하지도 않고 그렇게 지금 이 되게 늦게 먹고 있더라 난리가 났는데 근데 저는 그렇게 클럽을 좋아하지 않아요 그리고 안 가본 지가 이제 10년이 넘었죠 그래서 이렇게 한 세 가지 부류로 나눌 수 있을 거 같아요 클럽을 좋아해서 너무 잘 노는 사람 클럽을 좋아해서 가는데 꼭 사고 치는 사람 그리고 클럽을 싫어하는 사람 강아지도 똑같은 것 같더라구요 강아지 운동장이나 카페에서 모르는 강아지들과 정말 잘 노는 친구들이 있구요 가서 노는 거 좋아하는데 너무 막 들이대 다가 상대방이 싫다 라고 표현하는 데도 모르고 계속 들이다가 사고 치는 아이 그리고 저처럼 아는 친구 아니면 가족들과 노는걸 좋아하고 굳이 모르는 아이들과 막 이렇게 논을 때 불안해 하고 싫어하는 그런 강아지들이 있는 거죠 그러면 한번 우리가 살 생각해 보자구요 클럽을 좋아하지 않는 사람한테 클로드 좋아하게 할 필요가 있을까요 마치 우리 보호자 님들이 하는 행동이 이렇게 볼 수 있겠죠 클럽 별로 안좋아하는데 저희 엄마 아빠가 즉 계속 저한테 클럽과 선 오려고 하는 거랑 똑같지 않을까 우리가 꼭 알아야 되는 것은 기질과 성격 의 차이를 좀 알아야 되요 우리 여러분들 뭐 많이 아시죠 meter 그쵸 강아지들도 사람 값 유사하게 이런 기질이 라는 게 있어요 그래서 실제로 강아지 mbti 도 있습니다 꽤 과학적으로 분석해서 만든 강아지 mbti 도 있어서 제 곧 우리 세상의 도 그렇고 다른 아이들과 함께 이 강아지 mbti 를 해서 어떤 성향이 좀 분석하는 컨텐츠도 한번 보여드릴 텐데요 굳이 우리 아이 성큰 하이 들한테 2 가 되라고 강요하는 건 오히려 더 스트레스가 될 수 있다라는 거죠 그래서 가장 중요한 게 뭘까요 우리 보호자 분들이 우리 아이가 어떤 성향인 집오리 아이가 뭘 좋아하는지를 파악하고 거기에 맞는 것을 제공해 주고 즐거울 수 있어야지 다른 아이들은 카페 클럽 가서 잘 노는데 강아지 운동장 가서 잘 노는데 억지로 데려가는 순간 우선은 스트레스를 받을 거구요 또 하나 뭐가 있을까요 보호자와 에 신뢰감도 깨질 수가 있습니다 왜냐 i 선도 무서운데 외 적고 대포 밥 다 싫다 라고 표현했는데 왜 자꾸 하는 거야 하면서 보호자에 대한 신뢰감도 떨어질 수 있기 때문에 너무 억지로 우리 아이에 대한 이해가 없이 무조건 사회성이 좋다 라고 해서 강아지 궁동 장이나 이런데를 됐고 가면 오히려 더 악영향을 끼칠 수 있습니다 뭐 하나 주의할 건 강아지 운동장 나쁜 곳이 아니에요 정말 좋은 곳이에요 클럽 좋아하는 사람들이 클럽가면 스트레스 풀고 너무 재미있게 놀고 오듯이 강아지들 한테도 강아지 운동장 오프리 c 상태로 놀 수 있는 것도 너무 좋은 공간이에요 1 우리 아이의 성향에 따라서 오히려 더 스트레스가 될 수 있는 공간이고 기질이라는 게 갑자기 우리가 아무리 교육적으로 노력을 한다 거나 자주 간다고 해서 조금씩 좋아지는 아이들도 있을 수 있는데 아닌 아이들이 더 많기 때문에 우리 보호자 분들이 꼭 주의하셔야 된다 라고 말씀드리고 싶습니다 꼭 알아야 되는 게 저는 보자 분들은 요즘 꼭 얘기를 하고 싶은 게 있어요 첫번째 우리도 못하는 걸 다 지들 한테 강요하지 말자 여러분들 길 가다가 모르는 사람이랑 갑자기 악수하고 얘기할 수 있어요 못하죠 근데 우리 왜 강아지들 한테는 그런 걸 바랄 까요 그리고 돼 강아지들 기린다 친구 라고 생각할까요 가족들이 다 친구 아니에요 오히려 사람보다 상대방을 더 적대적으로 그리고 무서워 하는 경우들이 많아요 그 꼭 강아지 운동장 뿐만 아니라 산책을 할때도 자주 보는 친구들 서로 보호 작두 끼리 대화가 되지 않은 친구들 아니면 만나게 하는 거 정말 좋지 않아요 이제 봄이 되면 동물병원에 더 바빠질 겁니다 피부병 이런 것보다 더 많이 오는게 있어요 교상 이에요 산책할 때 친구 만나라고 친구친구 이렇게 맛나게 하다가 결국 에 물려서 사고 나는 경우들이 더 많기 때문에 우선은 산책 줄이 있을 때는 원래 알던 친구들 자주 만날 수 있을 것 같은 친구들 빼고는 만나지 않게 하는 것이 좋습니다 그리고 사회성이 떨어지는 그런 친구들 솔직히 말씀드리면 많이 어려워요 시간을 몇 개월이 아니라 일 년을 보고 플랜을 짜고 가야되요 저희 세상에 같은 경우에도 처음에 됐건 쓸 때 사회성이 엄청 떨어 졌는데 지금 30 가 천지가 4년 정도 됐죠 이제 사회성이 좀 좋아지기 시작했어요 그 정말 길게 보고 하셔야 되는 거지 짧게 다른 강아지를 많이 만난다 강하니 운동장에 자주 간다 라고 해서 도와줄 거라고 생각을 하지 맛있고 사회성이 떨어진다 고 한다면 비슷한 성향 의 친구를 하나 둘씩 자주 오랫동안 만나면서 늘려가는 게 가장 좋은 솔루션이 지 모르는 강아지를 매번 바꿔가면서 자주 만난다고 좋아지지 않습니다 그런건 사회와 에 골든 피리어드 4개월 이전에 해야 되는 거고요 정말 다 커서는 오래 만나서 서로 선을 알고 친할 수 있는 강아지들을 꾸준히 한 마리 제 차근차근 눌러주고 공간 같은 경우에도 우선은 너무 새로운 것을 계속 돌아가면서 가는 것보다 우선은 항공 간의 대해서 익숙해지고 그 다음에 이 익숙해진 공간에 대해서 한 공간을 추가하고 그 다음에 또 한 공간을 추가하면서 점점 점점 일반화를 시켜줘야 g a 같다 비가 딱 아씨 갖다가 뒤 갖다가 이렇게 되면 강아지들 한테는 적응할 시간이 없어지고 오히려 새로운 공간에 대한 불안감이 더 늘어날 수도 있으니까 정말 차근차근 2 보리 아 를 위해서 보조 님들이 인내심을 가지셔야 됩니다 으 4 그건 정리해 드리자면 남들이 다 하고 우리 논에 즐거 보인다고 우리 강아지들이 할 수 있고 그리고 다 즐거운 것 아닙니다 조금 더 내 반려견의 입장에서 좋아하는 것을 제공해 주는 좋아하는 것을 같이 할 수 있는 보호자가 되셨으면 좋겠습니다 구독 좋아요 알림설정 잊지 마시고요 다음번에 더 재미있는 정보를 찾아보도록 하겠습니다 또 놀러오세요,
40,https://www.youtube.com/watch?v=Ps0HoRr_Xn4,Ps0HoRr_Xn4,"반려견 목욕 번외편 (여름철 목욕주기, 목욕싫어하는 개, 털 말리기, 드라이기 사용 주의점 등등)",설채현의 놀로와 ,안녕하세요 설치 여러분 웹 독설 tv 설치 연수의 합니다 저는 실제로 목욕을 집에서 할 때도 샤워기를 잘 안써요 샤워기를 잘 안쓰고 그냥 이런걸로 물을 받아서 헹궈줍니다 의자 우리 또 여기 있어 근데 사옥이 쓰는거 안 싫어하는 알겠고 이렇게 하실 필요 없어요 이거는 보호자 로써 우리 아이가 뭘 더 좋아하는지 한번 확인해보는 확인해 보면서 맞춰서 해주시면 되요 뭔가 요리프로그램 같은데 오늘 사람 다 우리 세상이 이제 도망가려고 이제품 잡는다 이제 한번 지예 4 똑같이 하는데 이것이 간의 1 5배 들죠 그리고 린스도 저는 해주는 걸 추천하고 장 모교는 장모 여는 목욕하는 게 문제가 아니에요 말리는게 볼게요 자 저는 뭐 이게 여름이라서 더 많이 하고 이런 것은 없다고 봐도 돼요 왜냐하면 여름이라고 몸에서 땀이 더 많이 하는게 아니잖아요 퀴즈 강아지는 땀에 어디서 할까요 아 근데 맞아요 발바닥 입니다 그래서 이게 여름이라고 떠있다 믿어 많이 나는게 아니기 때문에 여름이라고 더 많이 할 필요는 없어요 그저 는 강아지 목욕 죽이는 일주일에 한번 이상은 하지 마라 피버 약하기 때문에 너무 많이 해도 좀 안 좋은 샴푸 쓰고 너무 많이해도 피부건조 해야 될 수 있어요 [음악] 나의 안되죠 냄새도 있고 얘네들도 먼지도 갖고 다니고 하는데 삼풍 해야죠 조선시대 인가 첨단 시대 때도 비누 쏘는데 [웃음] 으 이게 정치 좀 먹을까 아 한번만 치즈 돈만 갖다 줘요 보여주기라도 [음악] 4 지금 씨즈 와 피넛 버터 같은 것들이 빕니다 4 자 지금 세상에는 어차피 잘하고 식욕이 아주 높은 아이가 아니기 때문에 그런데 너무 많긴 하다 너무 많긴 한데 뭔가 목욕을 하는 타일이나 이런 데다가 이거를 뿌려놓고 이거보다 더 묻히면 은 많이 안 먹잖아요 먹는 동안 목욕을 할 수 있어요 한번 먹어볼래 세상 좋아좋아 줘 그렇죠 일정 5 식욕이 좋고 근데 목욕하기 싫어하는 아이들은 이런 식으로 아 이거 먹을때 이거 사람도 그렇지만 먹을 때는 기분이 좋아지자 나요 그래서 이거를 늦게 먹게 하는 제품도 있어요 그냥 이렇게 맨바닥에 아니라 꽁꽁꽁 폼 튀어나와서 거기다가 이런거 해 놓으면 더 늦게 먹잖아요 조금 줘도 되고 그래서 그런 제품들도 있어요 그리고 이런거 할때는 원래 먹던 간식이 아니라 일주일에 한번 할 거잖아요 불량식품 진짜 마신 으로 불량제품 신점 하시잖아요 그런 식으로 평소에 못 먹던 것을 목욕할 때 만 주는것도 하나의 팁입니다 또 너무 절의 세상이 어떻게 좀 터라 봐 빨린 때 티와 봐줄 중요한 질문인데 우선은 단 모든 같은 경우는 사실 이렇게 말려 놓고 막 여름 s 한발만 아니면 좀 뛰어다니다 보면 많이 바르고 그리고 드라이 조금만 해도 돼요 근데 드라이 할때 중요한 점이 있습니다 드려야 이게 뭘까요 너무 같은 것에 계속 하게 되면 뜨거워 사람도 뜨겁고 그래서 온도 조심 하셔야 되고 그 온도를 조심해야 되는 특히 중요한 부위가 어딜까 눈 [음악] 왜 그럴까요 4강 만날 나가요 그래서 병원에 이따 보면서 예전에 일반진료 볼 때는 애들이 주는 이름은 좋아요 눈이 시려서 각막이나 치니까 그러면 저희가 가장 먼저 물어보는 것 중에 하나가 어제 목욕 하셨어요 예 목욕을 하고 나서 빨리 말겠다고 얼굴에다가 뜨거운 마음으로만 이렇게 되다가 눈의 각막이 이렇게 열상 처럼 열사는 아니지 약간 약간 화상 처럼 벗겨지는 경우가 있어요 그러면 눈이 시려서 부덕해서 이렇게 되는 거죠 얼굴은 참 말함 4 8 4 1 그렇게 아 그래도 드라이는 하는게 좋은데 얘는 하다 보니까 너무 빨리 말랐어 꼭 때 외 목욕 에 대해서 궁금하신 점들 4 우리 설치 여러분들 댓글 많이 남겨 주시고요 구독 좋아요 잊지마시고 다음번에 더 재밌고 좋은 정보로 찾아뵙도록 하겠습니다,
41,https://www.youtube.com/watch?v=lIw0A49rSdQ,lIw0A49rSdQ,"반려견 불안, '이것' 하나로 매직~! (분리불안, 소리예민, 낯선장소, 낯선사람등)",설채현의 놀로와 ,안녕하세요 강아지에 대한 정보를 독하고 솔직하게 알려 드리는 독설 tv 설치는 수 있어 합니다 4 정말 오랜만에 이렇게 녹화된 영상으로 4 이런 분위기 해서 인사를 드리는 것 같습니다 그래서 우선은 4 죄송하다고 말씀드리고 싶어요 그래 설치 여러분들 전부 죄송하구요 어 요즘 제가 또 공부를 좀 열심히 하겠다고 대화 번에 8억 아 하 아 악 아 라 리 됐다 할까 노래 한번 알아봐요 으 거라 빨어 다 써 저희가 요즘 좀 시간이 없다 보니까 너무 말이 찾아뵙지 못해서 죄송합니다 4 뭐 됐고 [음악] 그래서 오늘은 또 이제 오랜만에 찾아 뵈었는데 4 앞 광고 시간이 앞 광고 시간 제가 이제 강아지 관련된 제품은 어 좀 많이 광고나 이런 것들을 좀 안 하려고 하고 있거든요 좀 안 하려고 하는데 이번 시간에는 왜 하게 되냐면 제가 이거를 미국에서도 많이 쓰는 것을 받고 실제로 처방도 많이 했어 써서 네 이번에 우리나라에 정식으로 수입이 됐거든요 그래서 여러분들이 좀 더 쉽게 그래도 좋은 제품을 쓰실 수 있을 것 같아서 이번에 한번 소개시켜 드리는 시간을 가지게 됐습니다 진료를 제가 하다보면 아니면 3 나게 촬영을 하다보면 가장 강아지들의 큰 문제가 뭘까요 많은 분들은 자꾸 막 서열 얘기 하시는데 어제가 제 영상도 찾아보시면 아시겠지만 서열 이런거 너무 신경 쓰시면 안돼요 이거 되게 잘못된 이론들과 잘못된 생각으로 많은 분들이 아직까지도 뭐만 잘못하면 다 서열이 라고 얘기를 하지 하고 계세요 근데 사실은 강아지들의 문제행동에 가장 큰 원인은 뭐냐 라고 한다면 바로 불안 이에요 불안 이에요 매 벌써 이제 제 영상을 많이 보신 분들은 이제 입에서 이 불안 이라는 단어가 나왔을 텐데 불안과 두려움이 보통 가장 큰 문제행동의 원인이 됩니다 그래서 이 불안과 두려움이 왜 생길까 라고 한번 생각을 해 보면 첫 번째는 유전 이에요 첫번째로 유전 그냥 태어날 때부터 불안을 가지고 태어난 거죠 그리고 두번째는 사회화 예요 2 2 3개월 그 좀 길게 4개월 까지 정말 많은 경험을 해야 하지만 이건 괜찮은 거야 라는 생각을 가지 거든요 그리고 세번째는 우리 보자 분들도 조금은 1 복수를 하시게 되죠 너무 걱정이 많다 거나 뭐 뭐만 하면 안돼 안돼 이래 버리면 어떨까요 강아지도 거기 세상을 다 무서운 건가 라는 생각에 불안이 더 올라갈 수 밖에 없어요 그래서 오늘은 이 불알 두려움을 조금 줄여 줄 수 있는 그런 제품을 한번 소개시켜 드려요 볼 거에요 여기 옆에 아까부터 계속 있었죠 4 어댑티브 이라는 제품입니다 그래서 이게 뭐냐면 5 우리 엄마 게 모견 이 새끼는 라면 한 3에서 5일 정도만 나와요 새끼 강아지들이 이렇게 젖을 빨게 되잖아요 처음에 딱 태어나면 젖을 빨게 되는데 처음에 태어나고 나서 3에서 5일 정도만 엄마의 유선 쪽에서 또 어필 징 빼 로 몬 이라는게 나와요 이 역할이 뭐냐면 이 가 태어난 새끼 강아지들 얼마나 무섭고 불안하게 써요 이런 강아지들을 안정시켜 주는 특별 로 모닝 거죠 그래서 여기에서 착안해서 이 페로몬을 이용하면 다른 강아지들도 불안한 상황에서 조금이라도 불안을 낮춰 주지 않을까 해서 나온게 이 제품이에요 [음악] 이 제품의 우선 가장 큰 장점 가장 큰 장점은 뭐냐면 부작용이 없다는 거죠 뭐 부터 우리 동물 행동하게 쓰는 불안을 낮춰주는 약물도 물론 뭐 중독성이 있고 조금 위험한 약들도 있지만 대부분 쓰는 약들은 아주 안 된 하거든요 아주 안전하지만 모든 약물에 는 그래서 닳게 써 있죠 구토 알러지 맛 뭐 이런게 있을 수도 있습니다 라고 써있는데 물론 그가 크게 걱정을 안해도 되는 경우가 더 많지만 보자 님들께서 고통 되시는 경우가 많잖아요 우선 이 제품의 가장 큰 장점은 부작용이 없다 또 하나의 장점은 이건 우리 깨어나도 우리는 냄새를 맞출 수 없어요 그래서 저도 이 공간에 오는 강아지들이 처음에 다 무서워 하잖아요 새로운 공간이 오니까 그래서 저 뒤쪽에 저렇게 2 어댑티브 을 설치를 해 놓았구요 근데 설치를 해 놔도 전혀 아무 냄새가 나지 않습니다 사람한테는 아무 냄새도 나지 않아서 맛도 뭐 이렇게 신경 쓰이지 않고 요 고양이랑 같이 키우는 집에서도 이게 강아지의 페로몬 이기 때문에 고양이들도 몰라요 이걸 알아차릴 수가 없어요 그래서 걱정 안하시고 사용을 하셔도 괜찮습니다 그리고 새끼 강아지들 뿐만 아니라 성결 한테도 똑같이 효과를 발휘할 수 있는 그런 세로 먼 이에요 아까도 말씀드렸듯이 꽤 오랜 시간동안 사용하기 해왔기 때문에 이 수의학 쪽에서도 이 제품 그리고 이 페로몬의 효과에 대해서 되게 많은 연구 결과들이 있는데요 우선 그런 것들을 조금 확인을 해보면 저도 이제 논문들은 말기 찾아보니까 가장 효과가 좋은 게 새로운 환경에 적응하게 할 때 효과가 좋아요 그러면 우리가 새로운 환경에 적응이 언제 가장 많을까요 첫번째 강아지 창 입양 했을 때 유기견이 든 뭐 새끼강아지 등 처음에 우리 집에 오면 우리 야 너 이제 우리 가족이야 내가 잘 이뻐해 줄게 하고 됐고 오지만 강아지들이 입장에서 뭐죠 처음에는 약간 납치 같은 거예요 아무 이유 없이 아무 맥락 없이 그냥 갑자기 새로운 사람과 새로운 공간에서 살아가야 되는 거거든요 이런 환경에 적응할 때 효과가 좋다 라고 나오구요 로또 새로운 환경은 어떤 것들이 있을까요 우리 놀러 갈 때 처음 것만은 아이들 가족들이 펜션 놀러 가고 싶어 뭐 어디 요즘 강아지는 같이 숙박할 수 있는건 많으니까 놀러가고 싶어 이런 거 있죠 그럴 때도 그 불안을 줄여 주는데 도움이 될 수 있습니다 두번째는 또 이것도 많은 보호자 분들이 힘들어 하시는 부분이에요 여기 보면 라우드 노이즈 라고 나오거든요 라우드 보이즈 소리 민감 증 있는 친구들한테도 효과가 있다라고 이 연구 결과에서 밝혀지고 있어요 뭐 천둥번개 아니면 미국은 이 붉은 놀이 많이 하거든요 바이오 먹이라고 해서 2 꾼노리 많이 하는데 그런 불꽃놀이 할 때도 효과가 좋다 외부 소음에 대해서 조금 불안해하고 두려워하는 아이들한테 또 효과가 있구요 분리불안 혼자 있는 강아지 들한테 그 증상을 낮춰 주는 데도 어느 정도 효과가 있습니다 결국 불안을 낮춰주는 회로 문 이니까요 또 병원 갔을때 그래서 요즘 병원 가보면 저런거 없고 장로 저희 병원에도 이렇게 꽂아 났는데요 병원에도 이렇게 꽂아 져있는 경우가 상당히 많구요 작은 차 탈때 자동차 탈때도 어느정도 좀 초 깔아 를 주는 경우들이 있습니다 근데 뭐 이렇게 얘기하면 약간 만병통치약 같죠 4 모든 경우에 다 효과를 준다 근데 줘 그렇게 생각하시면 안되구요 제가 처음에 말씀드린 것처럼 되게 많은 효과들이 있어요 그런데 제가 이렇게 말씀드리면 대부분의 보호자 분들이 이렇게 생각할 거에요 아 이거는 이게 이거 하나면 되는군요 뭐 이거 빨리 해 봐야지 라고 생각을 하실 텐데 해보는 건 좋아요 하지만 이거 하나로만 모든 게 해결될 거라고 생각을 하시면 절대 안됩니다 그래서 이 제품은 지금 원래 3가지 제품이 있어요 제가 미국에 있을 때 3가지 제품을 봤는데 지금 제가 가지고 있는건 두 가지의 예제가 안쓰는데 한 게 아니에요 진짜 저희 종 아마 우리나라에서 제가 아마 가장 많이 처방을 할 거에요 보여드리면 이렇게 초도 에 꽂아서 쓰는 우리 많이 보셨죠 이거 여름에 많이 쓰는 목이 양 코드의 이렇게 꽂아서 쓰는 품 중형이 있구요 4 이런식으로 목걸이에 목걸이 형식으로 [음악] 목걸이 형식으로 착용하고 있는 목걸이형 이 있습니다 으 5 [음악] 으 5 [음악] 222 [음악] 이 두개의 차이점은 똑같아요 원리는 둘다 페로몬 인데 이것은 꽂아 놓으면 페로몬이 이 훈증 형태로 나오는 거구요 목걸이 형태는 강아지들 이렇게 차고 있으면 체온에 의해서 여기 있는 페로몬이 활성화 되서 방출되는 거에요 둘다 한달 정도 갑니다 한번 사용을 하면 그런데 목걸이형 의 단점은 그런것도 이거 계속 차고 있어야 되요 필요할 때만 차는 게 아니라 계속 차고 있는 것을 추천드려요 왜냐면 체온에 의해서 계속 방출 돼야 되니까 목욕할 때 빼야 돼요 이게 촉촉하며 좀 분출이 잘 안되니까 고백할 때 빼야 되고 계속 차고 있어야 되는 단점이 있는데 그 왜 이렇게 나왔냐 그 저는 어떻게 추천 드린다면 [음악] 이사나 새로운 공간을 가는거 나 분리불안 아니면 집안에서의 문제는 풍 중형을 추천을 드리구요 그리고 산책 차 타기 이동 또 이제 아예 뭐 새로운 공간에 잠깐 놀러 갔다 오고 이런게 많은 친구들한테는 2 목걸이형 을 추천드립니다 4 마지막으로 정리해보자면 어 이어 디테일한 제품은 페로몬을 이용해서 부작용을 거의 주지 않고 부작용이 없고 우리가 조금 부담 없이 우리 강아지들의 불안을 줄이는 데 뭐 시도해볼 수 있는 제품이에요 효과가 있다라고 한다면 아주 이제 만족스럽게 우리 강아지들의 불안을 줄여 주면서 강아지와 오자 에 삶의 질이 많이 올라 갈 거거든요 근데 마지막으로 다시한번 강조 드리는 것 뭐든지 한가지 솔루션으로 문제 행동이 해결되는 경우는 많지 않아요 제가 항상 3m 매니지먼트 관리 모드 pk 션 행동수정 메디 케이션 약물투여 이어 이걸 같이 말씀을 드리자 나요 갖고 이걸 시도해 보실 때도 우리 문 우리 강아지의 문제 행동에 대해서 공부도 많이 하시고 어댑트 뿐만 아니라 다른 교육적인 박 부분 관리적인 부분도 같이 해주시면서 꼭 한번 효과를 봐 보셨으면 좋겠습니다 다음번에 더 좋은 정보로 찾아뵙도록 하겠습니다 안녕 [음악] 오 오 오오 예 오,
42,https://www.youtube.com/watch?v=WNwroI8S7og,WNwroI8S7og,개털 2탄_개털먹는 아이 위험하다?!|설채현 수의학,설채현의 놀로와 ,안녕하세요 강아지에 대한 궁금증을 속하게 알려드리는 복사 복사 욕설 tv 설치는 수의사 합니다 오늘은 개털 시리즈 두 번째 시간인데요 이것 때문에 정말 많이 고민하시고 가끔 저를 정말 너무 화나게 어 답답하게 하구요 주제 등 언닌 아이와 강아지 그리고 수 색상과 강아지에 대한 내용입니다 [음악] 진짜 주위에서 그런 말 질문도 많이 듣고요 또 주기도 하는 일도 많이 봐요 애기를 나으니까 강아지를 거린다 거나 애기를 나으니까 다음 강아지를 다른 곳으로 보낸다거나 절 너무 화나게 하는 일들이 많은데 여기에 대해서 아주 좀 하나하나 분석하면서 말씀을 드려 볼게요 강아지와 애기들을 키우면 안 된다 라고 주장하는 사람들의 첫 번째가 개털 개털 개털 개털이 코를 넘어가서 비도를 넘어가서 폐의 쌓인다 여 전에 티비에서 어떤 유명한 배우가 나와서 이런 얘기 하는 것도 들었었던 것 같아요 뭐 누가 죽어서 국어 물어봤더니 식완 지에 개털이 마카 자고 말도 안되는 그런 진짜 그런 소리가 어디서 나왔습니까 그런 아마 이거 의사분들이 보셔도 아마 완전 말도 안 된다고 믿고 계실거예요 라면서 의사분들이 개 털은 절대로 코에서 기도는 너무 갈수가 없어요 여러분들 바쁜 1 먹다가 잘못 입 식도 넘어가야 될 아프리 잘못해서 기도로 만 넘어가도 미친듯이 기치 뭐라고 막 눈물 콧물 다 썼는데 개털이 어떻게 이 욕을 넘어가도 됩니다 [음악] 과학적으로 우리 코 우선 한번 볼까요 5 에 가장 먼저 방어막이 볼까요 남자들이 힘들게 하는 코털 코터 다음에 점막이 끈끈이 우리 콧물 나서 코딱지 만드는 그 끈끈이가 아닐까요 그리고 기도로 넘어가면 선물하고 있어요 이 조그만 털이 있어서 진짜 조금만 물체라고 거기에 잘못 들어가면 거긴 공기만 태어나다 내야 되는 길인데 조금이라도 잘못 들어가면 걔네들 막 이러 요 그러면서 기침을 하는 거거든요 제가 얘들 진짜 많았던 적이 있었는데 저희 강아지 랑 재밌게 한강에서 산책을 하고 있었는데 어떤 아저씨가 옆에 와서 아 강아지 왜 키워 강아지 키우면 머털이 기도로 넘어가 가지고 막 20 모셔서 죽고 이런 다는데 그래서 한번 진짜 싸운 적이 있어요 절대로 개 털들이 기도로 넘어가서 기도를 마 이렇게 뭉쳐져 가지고 않는 님 없습니다 만약에 어르신 분들 중에 이런 얘기 하시는 분이 있으면 이 영상 보여주려 절대로 그럴 일 없어요 두번째가 이건 약간 일리있는 걱정일 수 있어요 두번째 알러지 강아지 때문에 우리 태어나는 아이가 알러지가 생기면 어떡하나 라고 해서 가지를 보내는 경우가 있는데 우선은 미국에서 연구한 결과를 먼저 말씀드리면 미국 사람들은 좀 연구할 때 고 우리나라도 그런 경우가 있지만 대단한거 같아요 오랜 시간동안 연구를 할 생각을 많이 해요 18년 동안 잘 포착해 아 18년 동안 600명 정도의 애기들을 데리고 실험을 한 거에요 애기들이 태어나서 이 친구들이 강아지나 고양이나 같이 사나이들 태어나자마자 그리고 그냥 그런 동물과 반려 동물과 같이 살지 않은 경우를 18년 동안 추적하면서 알러지에 대한 걸 확인했더니 1 4 혐 이전에 게 랑 같이 다 자랑 강아지랑 같이 자란 애기들이 오히려 알러지나 개 알러지나 아토피 황윤희 냄새 퍼센트 정도 적다는 연구결과가 있습니다 [음악] [박수] 18년 동안 했고 600명 정도의 연구결과 했다면 이건 충분히 신뢰할 수 있는 연구 결과 기 때문에 오히려 갓난 아이와 어린 강아지가 같이 살면 알러지 확률을 줄어들 수 있다 면역력이 막 형성이 될 때 그 때 강아지의 분비물 들이 공격하게 아니다 라고 애기들이 대응이 될 몸을 만나고 접촉을 하면 그런데 만약에 편한 아이가 유전적으로 강 알게 알러지가 너무 심하다 그러니 때는 고민해 볼 수 있어요 근데 아이가 출전하기도 전부터 알러지 핑계를 대고 개를 버린다 다른데 보낸다 이것은 잘못된 운동 그리고 세번째로 또 많이 걱정하시는 분이 이게 가장 일 있어요 강아지 때문에 안전 사고가 나면 어떡하나 저는 항상 강아지의 키울 때 특히 어린 아이와 강아지 같이 키울 때 이 안전사고는 꼭 조심 하라고 말씀드리고 안전 사고가 나면 보호자의 잘못이라고 말씀을 드리는데 자동차 심 대 욕 쭈 엄마 아빠 제가 지금 나 11 물체와 동물들이 개보다 훨씬 위험한 것 같아요 연구를 해봤더니 애기들이 어떻게 닿지 나를 확인을 해봤더니 엄마 아빠가 얘기를 학대하거나 아님 엄마 아빠가 붕 주의로 않은 알아서 떨어뜨리거나 아니면 뭔가 일을 하다가 얘기가 다치는 경우가 개에 대한 안전 서거 보다 훨씬 더 높았고 요 자동차를 타다 가 애기들이 다치는 경우가 개 않게 물려서 가치는 경우 경우보다 훨씬 더 많았고 침대에서 떨어지는 경우가 계속 눌러서 다친 경우 보다 훨씬 많았고 욕조에서 목욕을 하다가 다치는 경우가 개서 개에 물려 다친 경우 보다 훨씬 많았어요 우리가 너무 키 강아지 라는 동물에 대해서 어떻게 보면 당한 잣대를 가지고 있을 수도 있습니다 사실 정말 가족 이라고 한다면 마치 이런거랑 똑같잖아요 둘째 태어나 계속해서 갖다 버리는 것 다르게 하나도 없기 때문에 어 보호자 분들이 조금 더 공부해서 웃어 털은 기도의 막히는 건 100% 말도 안 되니까 걱정 안하셔도 되구요 알러지는 오히려 좋은 효과를 나타낼 수 있지만 조금이라도 의심이 되면 그때는 고민해 볼 수 있구요 그리고 세번째로 안전사고는 우리 보호자 분들이 조금만 공부하고 관리를 해준다면 충분히 막을 수 있고 정서적으로도 어렸을 때부터 강아지와 같이 사나이들이 훨씬 더 이런 유대감이 나 아니면 남을 동감하는 일에 훨씬 더 잘 한다고 하니까 너무 걱정하지 마시고 우리 애기 와 반려견은 같이 잘 키워 보셨으면 좋겠습니다 개털 때문에 너무 애기와 함께 같이 키우는게 걱정 되신다 사진은 분들께 제가 이렇게 봐요 개털 걱정하지 말고 안전에도 신경 써라 아 마지막으로 제가 오늘 이런 말씀을 드려서 어떤 분들이 지금 임신을 하시고 아직 개를 키우고 있지 않은데 5 닿게 케이브 쉽고 뭐 좋다고 하니까 임신중에 강아지를 데리고 오신 분들이 있으실 수 있는데 저는 그런 것 추천드리지 않습니다 그 이유 중에 하나는 음 저도 아직 육아 경험이 없지만 주위에서 보면 육아를 하면서 강아지를 산책시키는 주고 놀아주고 행복하게 해준다는 게 현실적으로 정말 어렵다는 걸 분명히 제 주위에 잘하시는 분들이 계세요 하지만 현실적으로 너무 어렵다는 것은 주의해서 제가 너무 많이 봤기 때문에 라라 우리 아이 엠 것도 중요하지만 반려견 행복도 중요하잖아요 그렇기 때문에 조금은 여유가 생길 때까지 기다려 줬다가 관료 생활을 하시는 걸 추천드립니다 제가 이거 예전부터 되게 하고 싶었던 내용이었는데 더 궁금하신 내용이 있으면 악한 댓글 남겨주시면 독한 댓글 하면 너무 공격을 까봐 저도 좀 마음이 약해서 어 댓글 남겨 했으면 제가 드릴수 있는 답변들을 드리도록 하겠지 요 제가 오늘 드린 정보 맘에 드셨다면 구독과 좋아요 꼭 해주시고 다음번에 더 재밌고 좋은 정보 찾아오도록 하겠습니다 안녕 생각할 줄 기대 팩 [음악],
43,https://www.youtube.com/watch?v=bl4yx6Hkcvc,bl4yx6Hkcvc,"11 Things to Bring When Adopting a Puppy! (Crate, Hexagon, Baby Gate, etc.)",설채현의 놀로와 ,강아지에 대한 정보를 독하고 솔직하게 알려 드리는 독설 tv 설치는 수 있습니다 4 이번 시간에는 아 제가 이거 다 있을 줄 알고 좀 찾아봤는데 별로 정리된 게 없는 것 같더라구요 우리가 강아지를 입양 했을 때 꼭 필요한 필수 용품 들 으 으 니 까 5 저는 우선 첫번째로 크레이트 켄넬 이라고 하죠 이거 상당히 중요합니다 특히 새끼 강아지 입양 했을 때 이 어렸을 때 교육을 시켜 놓으면 정말 유용해요 두번째는 육각 짱입니다 육각 짱 4 육각 짱 뭐라고 하죠 이 펜스 저팬 스 우리나라의 실정에서 는 육각 짱과 켄 4리 사실 다 필요해요 특히 애기들은 이게 뭐가 위험하고 뭐 괜찮은지 잘 모르고 모르고 호기심 많은 이 새끼 강아지들이 아무거나 다시 입으려고 해요 그렇기 때문에 이 위험한 경우가 많아서 내가 잘 이렇게 매일 문으로 관찰 하지 못할 때는 이런 육각 짱 같은 곳에 안전하게 있을 수 있도록 하는 게 좋아요 어 저는 좀 위험한 상황 아니면 내가 잘 지켜보지 못하는 상황에 만 육각 짱 안에서 생활하는 걸 추천드리고요 너무 오랫동안 육각 짱아 에서만 생활하게 하는 것은 그렇게 추천드리지 않습니다 또 세번째 어 미국에서는 간의 킴은 무조건 있는건데 우리나라에서 되게 강구하고 있죠 베이비 게이트 개인적으로도 뭔가 이 공간 안 들어갔으면 좋겠다는 공간들이 있어요 근데 문제는 어렸을 때부터 차단을 해 놔야지 이게 되지 나중에 교육해야 지 이게 훨씬 힘들어요 네번째 뚜껑있는 쓰레기통 요즘 뭐 거의다 쓰레기통이 있긴 한데 이 뚜껑있는 쓰레기통은 뚜껑이 아주 견고하고 그리고 강아지들이 넘어뜨릴 수 없는 쓰레기 또 강아지들이 먼 지더라도 열 수 없는 쓰이게 통을 말해요 분명히 호기심도 많고 또 식욕도 엄청날 거 고요 쓰레기 통해서 뭔가 과자 아니면 우리가 뭐 음식물 쓰레기 중에 강아지들이 먹으면 안되는 것들 이런 것들이 있게 되면 이걸 넘어 트리거 나 가지고 놀면서 한 번 제 8시 터졌다 이게 진짜로 와디 안에서 너무 맛있는게 있었다 라고 하면 나중에 호시탐탐 틈을 노립니다 그래서 처음부터 이것도 원천 차단을 하는게 좋아요 다섯번째는 장난감 입니다 4 어렸을 때 그 에너지를 우리가 다 풀어 줄 수 없어요 그러니까 사람이 계속 놀아주고 그럴 수도 없고 잘 못 놀아 주면 손이 장난감인 줄 알아요 또 우리가 막 불었을 때 많은 안돼 만 이러면서 밀게 되면 이 손이 살아있는 것 같고 움직이고 재밌잖아요 이걸 장난감 으로 생각하는 경우가 많아요 손을 물려고 하거나 반은 물려고 할 때 올바른 장난감 으로 바꿔 줘야 되거든요 그래서 즉 안전하고 튼튼한 그런 장난감들도 처음부터 많이 필요합니다 미리 준비해 놓으셔야 되요 그리고 사료 당연히 필요하겠죠 제일 중요한 것 중의 하나죠 사료 단 중요합니다 전날 역룡 사료를 주면 안 되어 새끼 강아지들의 입양 했을땐 전연령 용이 아닌 무조건 퍼피 사료로 급여 해주시고 끅 뒷면을 확인해서 사료의 양을 결정 하셔야 되요 특히 대형 견 의 경우에는 파피 사료를 주지 않으면 나중에 골관절 질환에 확률이 높아질 수 있어요 극구 퍼피 사료를 주셔야 됩니다 일곱번째 4 간식입니다 이게 이제 논란이 많죠 이빨이 나서 사료를 먹을 수 있는 순간부터 간식은 먹어도 되요 우리가 간식을 먹이지 말라고 하는 이유는 간식을 줬을 때 사료에 대한 흥미도 가 떨어질 수 있어서 그래요 그런데 교육이 더 중요해요 올바르게 교육안 꿈 때로 주는 간식은 절대 주지 마시고 교육적으로 간식을 준다면 이런 부분 걱정 안하셔도 되니까 어 간식은 준비 하셔야 되요 8번째 이것도 간과하고 있지만 진짜 중요합니다 4 트리 파우치 간식 주머니 강아지도 2개월 만 넘어도 성경과 배우는 능력은 거의 비슷해요 절제력이 부족해서 그렇지 그리고 9번째 산책 줄과 1 s 아뇨 모듈 이런거 미 구매에 놓으셔야 해요 지금 당장 어느정도 산책 연습도 해야 되지만 적응하는 연습을 해야 되요 그래서 처음에 저는 추천하는 방법이 밥 먹을 때마다 하네스 목줄 그리고 산책 줄을 채우고 먹이세요 그리고 밥을 다 먹으면 빼주세요 애기 때는 식욕이 엄청나게 높기 때문에 이 먹는게 최고 거거든요 밥 먹는게 최고인데 밥 먹을 때마다 이거 차면 어떻게 되요 이거 찼을 때에 좋은 감정이 들까요 나쁜 감정이 될까요 좋은 감정이 들 가능성이 훨씬 더 높겠죠 그래서 아울 그쯤 산책 않을 거니까 지금 안 살아도 될까 아니라 이때부터 적응 교육을 해야 되기 때문에 미리 준비해 2시구요 열번째 빗질을 하거나 발톱 같거나 이런것들 그루밍 툴이라고 하죠 이런 것들도 미리 구매하셔서 적응 해 주셔야 돼요 나중에 4g 가 아니라 미리 준비해서 처음부터 연습을 해 주시는게 좋습니다 그리고 마지막으로 이 새끼 강아지 입양 하기 전에 저는 또 준비해 오라고 하는 게 계속 나오죠 4 이 어댑터 1 어댑트 일인데 훌륭 형도 괜찮고 저는 우선 목걸이 엄 을 추천해요 이게 연구결과를 제 논문을 확인했을 때 묶어 리 형을 강아지 들한테 입양 당시부터 이제 새로운 집에 와서 입양 했을 때부터 체와 보면 집안에 대한 이 적은 도가 훨씬 더 적은 시간이 빨라진다는 연구결과가 있어요 저 같은 경우에는 처음 에 속해 강아지 입양 한다고 상담 받으로 오시거나 아니면 저희 퍼피 클래스 할때 무조건 이 제품은 이지 스타터 킷으로 같이 추천을 드리고 있습니다 [음악] 이 꽤 많죠 준비해야 될 것들이 그래서 우선은 제가 말씀드린 것만 준비하셔도 근데 부족함은 없을 거에요 그래서 만약에 지금 새끼 강아지를 입양 하시거나 아니면 우리 아주 기가 이방 해야되는데 몰 준비 해야 될까 라고 생각하시는 분들은 이 영상을 참고 해서 미리 준비해 놓으시고 조금이라도 빠르게 적응할 수 있도록 도와주세요 4 다음번에 더 좋은 정보로 찾아뵙도록 하겠습니다 안뇽 5 5 5 5 5 0 now,
44,https://www.youtube.com/watch?v=Sp6kjVghj6g,Sp6kjVghj6g,[설채현 수의학]개털 3탄_개털 알레르기있는 당신! 개 키우면  될까? 안 될까?,설채현의 놀로와 ,안녕하세요 강아지에 대한 궁금증을 솔직하고 토하게 토하게 풀어드리는 독설 TV 설원입니다 두아 [웃음] 두아 개털 그니까 강아지 키우시는 분들 그리고 개털 걱정하시는 분들이 가장 많이 걱정하시는 부분 바로 알러지에 대해서 한번 말씀드려 보도록 하겠습니다 사실이 알러지가 강아지가 버려지고 그리고 강아지 키울 때 가장 걱정되는 부분 중에 아마 제 1순위를 차지할 텐데 개털 알러지를 가지고 계신 분들이 가장 많이 보이는 증상이 뭐 다른 알러지란 비슷합니다 간지럽고 적이라고 하죠 붉 그게 막 올라온다거나 그리고 막 목 구멍이나 이런 데가 막 부어서 숨쉬기 힘들다거나 콧물 눈물 막 다 짜내는 경우도 되게 많거든요 뭐 저희 와이프 같은 경우도 개털 고양이 털 알러지가 있고요 제 동료들 중에 직업이 수 이사인데 고양이 털 알러지 있는 친구들이 꽤 많아요 그 고양이 진료 오면 양쪽에 이렇게 휴지 이렇게 말아가지고 끼고 눈물 물 다 나오고 이러는 친구들도 많은데 많은 분들이 우리가 개털 알러지라고 얘기를 하는데 사실 엄밀히 말하면 엄밀히 말하면 개털 알러지는 없습니다 없습니다 없습니다 털에 대한 알러지가 아니라 각질 아니면 피부에서 나오는 뭐 이렇게 분비물 아니면 침 이런 성분의 알러지를 보이는 거지 그리고 그런 성분이 털에 많이 묻어 있기 때문에 우리가 개털 알러지 생각을 하는 거지 엄밀히 말하면 털 자체는 알러지를 일으키지 않습니다 [음악] 그래서 가끔 그런 분들 계실 거예요 걔를 만났는데 걔가 막 핥 탔어 근데 여기가 빨개져 그러면이 개 침에 대한 알러지가 있을 가능성이 되게 높고 강아지들도 자기 이거 할죠 자기 털을 막 했죠 근데 그 털이 날아다니면서 그 성분들이 알러지를 으킬 수 있 목욕을 자주 시키고 그런 분비물들이 잘 빠져나가게 한다라고 하면 증상은 낮출 수 있는데 문제는 [음악] 뭐냐면 걔들도 목욕을 자주하면 안 좋습니다 안 좋습니다 안 좋습니다 오히려 목욕을 더 자주 하다가는 애들이 각질이 더 많이 나오고 사람들한테 개털 알러지를 더 유발할 수 있다고도 얘기를 하고 있어요 강아지를 키우고 싶은데 내가 알러지가 있는지 없는지 궁금하신 분들은 우선 요즘 반려 가족들 되게 많잖아요 강아지를 키우기 전에 한번은 강아지 키우는 집에 놀러가서 한두 시간 놀면서 내가 콧물이 나는지 눈이 따가운지 목이 부어서 좀 숨쉬기가 어렵다든지 아니면 얼굴이 막 빨개진다는 이런 증상이 있나 없나 확인해 보시는게 좋고 어 사람 병원에서도 알러지 검사를 하는 것들이 있습니다 안 그러면 나중에 데려오고 놓고 되게 힘들어지는 경우가 있는데 책임을 져야죠 약을 먹고 더 강한 약을 먹어서도 평생 같이 키우든 아니면 어 주위에 정말 믿을 만한 사람들 정말 얘를 가족처럼 키워줄 수 있는 사람을 찾던지 개털 알러지가 있는 사람 개 키우면 안 된다네 안 됩니다 나중에 둘 다 [음악] 힘들어져요 내가 개털 알러지가 있는데 강아지와 함께 살고 있다 그리고 너무 힘들다라고 하시는 분들은 가장 먼저 강아지의 위생에 먼 신을 저는 가장 추천하는 거는 일주일에 한 번 이상은 목욕 안 시키시는게 좋을 것 같아요 일주일에 한 번 이상 시키면 대부분 강아지들 피부에 트러블 나고 오히려 더 각질이 많이 생겨서 알러지를 더 유발할 수도 있으니까 꼭 조심해 주시고 두 번째로는 공기 청정기 꼭 놓으세요 말씀드렸죠 털이 문제가 아니에요 털뿐만 아니라 강아지들 각질이나 이런 것들 날아다녀요 날아다니는데 그것 때문에 알러지 일어날 수도 있으니까 좋은 공기 청정기 놔주시고 또 하나 침대 방에는 아예 못 들어가게 하는게 좋죠 우리가 가장 많은 시간을 오랫동안 접촉해서 지내는 공간이 심대기 때문에 침대 방에는 아예 못 들어가게 해 주시는 것이 좋습니다 모든 것을 감수하고 내가 약을 먹든 뭘 하든 알러지가 있어도 난 진짜 강아지가 없으면 안 되겠다 그러는 분들은 어 제가 추천드릴 수 있는 종이 있어요 우리가 이제 하이포알러제닉 견라디오 안 유발하는 종은 없고요 알러지를 덜 유발하는 종인데 결국 특징은 알러지를 유발할 수 있는 각질이나 이런 것들을 옮기고 다니는 털이 덜 빠지는 종인데 가장 많이 분양받으시는 우선 첫 번째가 비숑 우선 털이 곱슬곱슬한 아이들은 털이 덜 빠져요 근데 이게 털이 덜 빠지는 이유가 죽은 털이 안 날려요 그 안에 박혀서 그 안에 박혀서 그리고 말티즈 곱슬 거리지 않는 거에 비해서 털이 좀 덜 빠지고요 요즘 조금씩 많이 키우기 시작하시는 꼬똥드 레아라 종이 있어요 꼬똥드 툴레아 아는 종이 있어요 꼬똥드 레아라 종이 있어요 공부 열심히 하시고 좀 성격이나 이런 거 좀 찾아보시는 분들이 꼬동 투툴 레아라 종을 좀 찾기 시작하셨는데 그 아이들도 좀 알러지를 덜 유발하는 종으로 이제 개털 알러지에 대해서 조금 더 궁금하신 점이 있다라고 한다면 이제는 우리 의사 선생님한테 여쭤 보시고 다음 시간에 조금 더 좋은 정보로 찾아뵙도록 하겠습니다 안녕 아 이거 진짜 어렵다 [음악],
45,https://www.youtube.com/watch?v=xuwzfGy6ZNQ,xuwzfGy6ZNQ,Dog Separation Anxiety: Why You're Failing (Managing Dog Separation Anxiety),설채현의 놀로와 ,강아지에 대한 정보를 톡하고 솔직하게 알려 드리는 독설 tv 설치는 속에서 합니다 4 이번 시간에는 4 우리 보호자 분들이 정말로 힘들어 하는 문제 행동 그리고 저를 보호자 분들이 찾아오는 가장 많은 이유 네 바로 분리불안 에 대해서 간단하게 한번 설명 드려 볼까 합니다 뭐 것 같구요 [음악] 아 블리 불안 정말 어려운 행동 문제에요 특히 혼자 사시는 분이 강아지를 키울때 분리 불안이 있으면 들어오시는 순간 알아요 표정이 만국을 합니다 내가 행복하려고 반려견은 키웠는데 이 아이를 됐고 않는데 혼자 조가 막 민원 들어오고 그러니까 맨날 집에만 있어야 되고 아님 커피 한 잔 마시러 나갈 수도 없고 막 쓰레기도 버리고 나가기 힘들고 이러다 보니까 보호자 분 우울증에 걸려 있고 얘는 막 혼자 있으면 무서워서 불안장애를 보이면서 정말 힘들어 하는 이 분리 불안 이라는 행동 문제인데 이 분리 불안이 왜 잘 고쳐지지 않을 까요 인터넷에 찾아보면 박태기 쉽게 고쳐지는 것처럼 보이지만 사실 그렇지 않아요 우선 첫번째로 분리 불안이 잘 고쳐지지 않는 우리가 해결하기 힘든 이유 중의 하나는 잘못된 진단 이에요 그 많은 분들이 이제 인터넷에 찾아보면 이렇게 나올 거에요 분리불안 의 원인은 보고 차 타 으 보호자가 너무 이뻐 해서 생기는 거기 때문에 무시 해라 그래서 좀 이사 했거든요 아유 사람에 대한 둘이 불안을 찾아보면 보호자가 충분한 사랑을 주고 신뢰감을 줘야 된다 라고 솔루션이 나오는데 왜 개들은 보호자가 너무 이뻐 했기 때문에 생기는 거고 무시 해야된다고 나올까 보호자가 기뻐하는 것과 분리 불안은 큰 연관성이 없다 블리 브라는 기저 감정의 가지고 있는 불안 때문에 생기는 것 그래서 실제로 동일 과 헝가리 해서 연구한 결과 오히려 보호자가 강아지를 무시하고 밀어내는 성향이 강할수록 강아지의 분리불안 에 대한 심 각도가 올라가는 모습이 보였어요 우리가 생각한 것과 정 반대죠 가끔 인터넷에 쳐보면 내가 이렇게 무시를 했더니 좋아졌다 이거는 무시를 해서 좋아진게 아니라 루틴에 대해서 이해가 없던 아이가 보호자가 외출하고 돌아 오고 를 반복하다 보니까 오히려 그냥 아 보호자는 이제 이 시간에 나가서 이 시간에 들어오는 사람이구나 라고 아주 블리 브라는 심하지 않던 아이들이 운이 좋게 적응을 한 거라고 보시면 되요 그러니까 절대로 이렇게 무시를 하는 방법을 사용하시면 안돼요 그러면 독일과 헝가리 의 연구 결과처럼 오히려 더 분리 불안이 심각해 지는 모습이 보일 수 있어요 그래서 무시의 방법은 절대로 도움이 되지 않습니다 4 두번째는 꾸준 아지 못함 이에요 많은 분들이 티비를 보고 인터넷을 보고 연습을 하는데 한 일주일을 뭐 그만둬요 강아지들의 감정이 그렇게 바뀔까요 절대 그렇지 않습니다 최소한 한달 정도 올바른 방법으로 꾸준하게 연습을 하고 한 달 뒤에 온 오프 개념이 아니라 어느정도 한 20% 30% 이렇게 평가를 해야 되요 20% 좋아졌는지 30% 좋아졌는지 만약에 조금이라도 좋아진 모습이 보이면 어떻게 하면 될까요 이 방법대로 꾸 주어 흔하게 가져야 돼요 그가 절대로 3일에서 일주일 해놓고 포기하고 이러시면 안됩니다 이 길게 봐야 되요 1 한다는 푸 주니 하고 평가를 해 보시는 것을 추천 드리고요 그리고 세번째는 많이 좋아 지기 전까지는 그 불안을 다시 느끼게 하면 안된다는 거예요 우리가 무서워하는 게 하나 있어요 그래서 조금 조금씩 다가가고 어느정도 이프 않을 조금조금씩 4 이겨 내려고 노력을 하고 있는데 갑자기 이거 다 공격해 요 그래서 제가 또 한번 너무 무서웠어요 그럼 어떻게 될까요 그동안의 너무 노력이 물거품이 되는 경우가 많아요 그래서 약물 처방을 추천드리는 경우는 보호자의 라이프스타일 이상 어쩔 수 없이 이렇게 외출을 해야 되는 경우들이 생긴다 며 어디 바뀔 때도 없고 그러면 그 상황에서 불안을 느끼지 않도록 항불안제 를 처방 함으로써 교육의 효과도 더 늘리고 혼자 있을 때 뭐 괜찮네 라는 느낌을 받을 수 있게 해주는 게 이런 약물 처방에 목적 이라고 생각하시면 되요 그래서 솔루션은 보통 또 3l 관리 행동수정 약물 이렇게 나가는데 무서 오늘은 관리 에 대해서만 한번 말씀드려 볼 거에요 왜냐하면 관리는 돈도 가장 적게 들고 그리고 빨리 해결될 수도 있기 때문에 2 관리적인 측면만 해도 분리불안 의 증산이 심하지 않은 아이들한테는 좀 많은 도움을 줄 수 있어요 [음악] 그래서 첫번째로 관리적인 방법 데이 케어 가 있습니다 유치원 이게 무슨 그게 솔루션인 야 무슨 관리적인 방법이라고 할 수 있지만 제가 블리 브라스 홀더 4 실패하는 세 번째 이유를 뭐라고 말씀 드렸죠 불안을 한 5분에서 10분정도 참을 수 있겠는데 어쩔 수 없이 내가 오랫동안 외출 하게 되면서 다시 불안을 느끼면 그 노력이 물거품이 된다고 말씀 드렸잖아요 그런 경우에 유치원이나 이렇게 데이케어 에 맡기는 방법 이거 아주 현명하고 좋은 방법입니다 그리고 두번째는 100 섹스 음 입니다 블리 브라는 가진 아이들은 소리 민감 증을 가진 아이들이 많아요 그래서 집안 적용이 되겠죠 혼자 있으면 그 상황에서 겨우 겨우 내 마음을 이렇게 추수 였어요 그런데 바깥에서 소리가 나면 강아지한테 어떻게 생각해 될까요 보통 2가지 입니다 첫번째는 무서워요 혼자 있을 때 바깥에서 소리가 나서 무서워서 더블 입으라는 심각해지는 경우가 있어요 두번째는 희망 고문을 당하는 경우가 있어요 강아지들이 참아도 모험 기다리고 있어요 보호자 만 기다리기 이렇게 문 앞에서 기다리고 있어요 짙지 않고 문제 행동을 보이지 않더라도 기다리고 있는 경우가 있는데 밖에서 소리가 나면 강아지 들어 어떻게 생각할까요 어 엄마 한다 아빠와나 우리 가족이 왔나 이렇게 생각하겠죠 그러면서 다시 흥분도가 높아지고 불안해 지는 경우가 있어요 그래서 바깥에서 들어오는 솜을 상쇄시킬 필요가 있습니다 그리고 이 소음을 상승시키기 에 가장 좋은것은 우리가 흔히 말하는 백색 소울 소리 빗소리 파도소리 같은 것들이에요 이런 소리들은 이 음역의 대역폭이 상당히 넓어서 다른 소리가 들어왔을 때 이걸 상쇄시켜 줄 가능성이 상당히 높아요 블루투스 스피커로 연결을 해서 소리를 좀 크게 틀어서 어디에 눈 야 현관앞 아니면 문앞에 주세요 왜냐하면 거기에서 소리가 들어오거나 아니면 강아지들이 가장 많이 쉬고 있는 공간이 그 문 앞이 에요 그럼 거기다 뒀을 때 훨씬 더 2 소음 의 상세 효과가 좋습니다 [음악] 네번째로 바로 전에 제가 소개시켜 드렸던 4 이 바닥 t 분명히 어느정도는 도움을 줄 수 있어요 연구결과에 따르면 분리불안 의 3대 정상이 뭐죠 짚고 울기 두번째가 팝의 행동 세번째가 10 에 오줌 이랑 똥 쌍 집에 이제 화장실이 아닌 곳에 연구결과를 보면 파괴 행동에 경우 97% 가 줄어들거나 없어졌다고 하구요 근데 함정은 줄어들거나 가 꼬깔 있다라는 거예요 아까 파괴를 확인했는데 조급하게 한다 예 그리고 짚고 울기 같은 경우는 65% 가 줄어들거나 없어졌다 그러니까 이게 보자 분들이 예민하게 가져야 줄어든 것도 효과가 있는 거예요 그럼 그건 계속 해야 되는 거거든요 그 많은 분들이 계속 물어요 계속 지 저요 근데 만약에 조금이라도 줄어 들었으면 이건 계속 쓰면 효과를 더 줄 수도 있거든요 그러니까 예민하게 봐 주셔야 되요 그리고 화장실 실수 같은 경우에는 75% 가 줄어들거나 없어졌어요 아깐 이 아답터를 도 혼자 있는 아이들한테는 한번 분리 불안이 있는 아이들한테는 시도를 해보시는 것을 추천드리구요 마지막으로 다섯번째 외출 준비 해요 요즘은 강아지들이 보호자가 마스크 만 쓰면 마스크 말씀은 난리가 납니다 그래서 첫번째 팁은 마스크 안에서 쓰고 나가지 마세요 주머니 몰래 숨겨두고 문 밖을 나가는 순간 쓰세요 밖에 나가자마자 저는 요즘 이렇게 팁을 드려요 외출하기 전에 한도 시간 전에 내가 가지고 나갈 거 있죠 가방이나 준비물 2 그런 것들을 문 바로 옆에 미리 준비해 주세요 그러면 1 2 그때 좀 불안해 할 거에요 내가 가방을 싸고 아는건 핸드백을 싸고 뭐 외출에 쇼핑 백을 준비를 하면 불안해 할 거예요 그걸 근데 문 앞에 딱 갖다 놓고 다른 걸 이제 찬찬히 준비 하기 시작하자 나요 금연은 불안 이렇게 올라갔다가 시간이 지나니까 점점 점점 점점 줄어들어요 이건 어쩔 수 없어요 불안은 시간이 지나면서 조금씩 을 줄어들어요 그리고 나갈 때 분리 불안이 없는 아이들한테는 어 다녀올게 괜찮아 기다려 이런거 괜찮아요 근데 분리 불안이 심한 아이들한테는 어 다녀올게 금방울 게 이런 단어가 어떻게 느껴질까요 진짜 혼자 있게 되죠 그러면 아까 말한 마스크와 같은 역할을 하게 되는 거예요 이런걸로 충분히 되지 않는다 일어나니 더 많을 거예요 그러나 이들은 제가 다음번에 교육적인 방법 그리고 약물 처방에 대해서 한번 더 설명을 드리도록 하겠습니다 다음번에 더 좋은 정보로 찾아뵙도록 하겠습니다 안뇽 orto 0 no.55,
46,https://www.youtube.com/watch?v=4IW_Q9p7SjQ,4IW_Q9p7SjQ,수의사들도 긴장한다는 시바견 왜?!  with 곰이탱이여우,설채현의 놀로와 ,[음악] outer [음악] 4 안녕하세요 마마 좁아요 뭔가 이거 이상하다 우선 수 의사로서의 심화를 말해 볼게요 저는 수의사 면서 트레이너 니까 수의사 로서의 시바 무섭다 4 그래서 수의사들이 평균적으로 딱 동물병원에 강아지가 들어왔을 때 긴장하는 종이 몇몇 중 있어요 그 처음이 진동 아 그리고 10 악 4 매 그리고 3포트 뭐 일어나야 돼요 네 이제 이런 아이들의 특징은 이 친구들이 나쁜 게 아니라 어 약간의 되게 활발하고 겁이 없어 보이지만 불안이 쪽이 있어요 4 뭔가 분위기가 달라 졌을 때 내가 그동안 느껴보지 못했던 분위기를 느꼈을 때 그 분위기를 상당히 공포스러운 하는 경우들이 많아서 어이 아이들이 나쁜게 아니라 처치를 하는 동안 어쩔 수 없이 잡고 그리고 아 분명히 다른 아이들은 잘 참아 줄 수 있는거지만 처음 느껴보는 감각에 깜짝깜짝 놀라고 그러다가 자기도 모르게 물려고 하는 행동도 하고 이런 것 때문에 수의사들이 우선 무섭다 라고 얘기를 하고요 요 트레이너 로스터는 아까 우리가 잠깐 이제 이사하면서 얘기했던 거지만 이 안가 씨바 이거 하나로 많은 설명이 가능하다고 봅니다 고집 이 고집이 엄청 나기 때문에 교육을 할 때도 다른 아이들에 비해서 최소 뭐 하세 배에서 많게는 10배 노력과 반복이 필요하다 라고 말씀을 드리죠 그래서 진짜로 어 그냥 쉽게 생각해서 편하게 키울 수 있는 좋은 절대 아니에요 야 어떤 파실 분 에게 경정 와 다 성격이 있다 왜 왜 왜 시바견 이러한 생각해요 이 성격이라 잘 말고 사람의 움 아아 있죠 우선은 즉 말씀을 잘 해주셨는데 견종 마다 성격이 있어요 그런데 그걸 너무 맹신 하면 또 않은데요 견종이 유전적으로 사람들이 자신의 목적에 맞게 계속 교 그런 성격을 교배 시켰기 때문에 어느정도 확률적으로 그런 성격을 가질 순 있지만 우리가 또 어느 정도는 후천적인 학습을 통해서 그런 성격을 관리하거나 바꿀 수는 있어요 그래서 하지만 어 15 아이들이 가지고 있는 그런 성격 될 선택 물어 보신 거죠 제일이 마라도 예 예 성격들이 우선은 상당히 독립적 2조 상당히 독립적 입니다 그래서 저는 지금까지 단 한 번도 저한테 분리불안 으로 상담을 엄청나게 많이 왔고 3 나게 에서 2 분리불안 케이스도 엄청나게 많이 사연이 들어왔지만 시바의 데이 분리불안 본적 달 한 번 넣으세요 제 그 기준에서는 심하게는 블루 라는 본적이 한번도 없어서 어 그쪽에서는 상당히 그만큼 독립적이다 마는 거고 또 한 아까 말했던 고 직 에 자신의 의지대로 가고 싶어하는 곳이 있으면 꼭 관찰을 시키고 싶어요 예 그리고 거야 그래서 우리 그 구글에서 영어로 아니면 한걸로 시바 라고 치면 이거 나오잖아요 그 안갈 씨바 이렇게 누구나 오전을 난 저 로 가고 싶은데 그 요기로 가느냐 [음악] 그래서 이런 고집에 관련된 게 또 하나 있고요 그리고 이거는 일본에서 연구한 결과가 있어요 이제 수학적으로 음 사실 진도가 시 바로 됐다는데 거의 유전적으로 도 거의 유사하고 진도가 시 바로 됐다는 게 조금 더 우세한 얘긴데 일본으로 가서 진도 10 와 아이들이 불안을 느끼는 뇌 부분이 다른 견종 들과는 조금은 다르다 줘 예 그런 연구결과도 있었어요 그래서 그런 부분 때문에 조금더 이제 불안을 많이 느끼고 으 우리가 보통 얘기라는 게 진돗개 하면 뭐 생각나세요 용 맥도 예 단양 깨끗이 충성심 어디갔다 나도 다시보기 보 저를 찾아오는 이 충성심을 뻐 끌로 말하면 내가 아는 거 이외에는 싫다 라구요 그렇죠 되게 보수적인 아 그래도 10 아이들은 진도 보단 좀 나요 예 네 맞아요 그래서 약간의 그래도 보수적인 것도 가져요 더 뭐 다른 강아지 키우시는 분들도 그렇겠지만 10 아이를 키우시는 분들은 좀 어떤 성격 이었으면 좋겠냐 면 우선은 좀 활동성이 많아요 좀 에이 티브 하신 분 그리고 두번째로 어 약간 더 그러 오신분 4 타협할 수 있는 사람 예를 기계가 아니라 하나의 생명체 고집센 4 애기 그러면서 이 고집을 마 꺾으려 기 보다는 어느 정도는 그래 너는 이런 고집이 원래 있는 애야 하면서 타이어 파실 수 있는 문이 좋아요 예 4 왜냐면 오늘 그렇게 가지 못하고 갔는데 4 그렇기 때문에 고집을 마 거 끌려고 하는 게 아니라 어디고 집이 이렇게 있으면 나도 이제 원하는 게 경우도 있으니까 어느정도 타협을 하자 르 또 하나 너그러운 것 중에 너그러워 야 되는 것 중에 중요한 게 아마 뭐 당연히 전쟁 하고 계실텐데 털 아 이건 4 털 공장 공정 장애 잖아요 저희가 택해서 교육을 받고 계신 분이 계세요 그 집의 이제 가서 막 같이 놀고 아이들이랑 교육도 하고 이러면 은 보면 두 아이 거든요 그 집을 어적 아 참게 씨발아 흑심 안 돼 네 진짜 이 번역은 애들 도저히 엄청 좋아하고 어 한 상 로봇청소기 2대가 돌아다닙니다 이 두개가 돌아다니지 않은 나의 제가 집에 가면 저도 시바가 되서 나와야 4 온몸에 바지랑 말고 세다 무척 나서 4 그래서 이런 좀 너그러움 이 있어야 되고 또 하나는 쪼금 에 너그러움 있으면서도 쪼끔 의 이런 좀 믿어 짐 있으십니다 네 맞아요 원래 동물들은 그래요 4 그걸 무섭게 하는게 아니라 부드러운 리더십을 발휘할 수 있는 사람들 내가 되게 어 되게 소심하고 별로 많이 뭐 뛰어다니고 깜짝깜짝 놀라고 약한 사람이다 그러면 그냥 다른 아이 키우세요 아 네 저는 예의 아이들 보면서 너무 좋다고 느끼 게 보통의 년들은 수의사들이 부서 한다고 했잖아요 그래서 어 그 이유가 뭐냐면 사회화가 잘 안된 경우들이 많아요 우리가 이것에 대한 인식이 별로 없어서 그 전에 십 년이 가장 중요하게 사용하라고 거죠 2개월에서 4개월 사이에 많은 사람을 만나보세요 산책도 자주 다 3 그 보호자가 흔들리 발 만지고 귀 만지고 않았다가 내려놓고 마 이럴때마다 칭찬해 주는 걸 하지 않으면 어 나 중에 저는 진짜 많이 봐요 저는 행동 진료하는 것이 잖아요 시바견 들이 보호자를 되게 강하게 물어서 오는 경우들이 되게 많아요 4 40 4 to 5 될 2 쪼이 제법 이해하시는 분이 굉장히 만큼 이제 공개 너무 귀여워서 무향 하셨는데 이 기운 으 이 다리를 하고 다양한 룩으로 그런데 젖어 키워 살지만 얘를 이건 굉장히 날카로워서 사실 깨우는 게 아니라 살짝만 스쳐도 찢어 c 더 아프죠 뭐 후보를 굉장히 스트레스를 많이 퍽 해주셨어 전에 우선은 이제 제가 말한 공격성과 어린아이의 그 좀 다르긴 하죠 근데 사실 그것은 당연히 감수해야 되요 교육적인 방법은 있어요 하지말라고 얘기를 해요 뭐 우리가 생각 예방 교육도 하구요 아 못 알아들어요 예 4 우리 우리 오르 스테 엄마가 한번 받아봐라 들어오나요 백번 얘기해도 안 알아들어요 이거 나이가 먹으면서 자연스럽게 좋아지는 분들인데 아무리 뭐 저는 많이 하는게 생각에 반격도 있어요 물으면 야외 말도 안하고 예를 들어서 일정한 공간에 그 구서 문간 이 아닌 뭐 예를 들어서 잠을 작은 공간이나 이런 곳에 두고 하니 3분 정도는 보호자 간 떨어지게 하는 그렇죠 우리 생각에 의자 어린아이 드 그런 교육 들도 하는데 그거 한다면 없어지지 않아요 [음악] 4 이빨이 다 갈 때까지는 앓고 접근 해요 왜 그래서 이거는 그냥 당연히 감수해야 되는 거고 어 근데 그때 잘 알려 줘야 져 안된다고 안 고쳐져 도 안된다 안된다 안된다 를 반복적으로 계속 보여줘야지 다음에 이빨을 다 갈고 컸을 때 보호자 손을 갖고 노는 버릇이 없어지는 거죠 그래서 이익이다 양현종 보다 10배 거예요 그렇죠 그런 것들을 고집도 3저 그리고 뭐 저도 보통 보면 어 어린아이 키운지 보면 이제 다이 방어막 그리 쳐저 잊자 방어막 전선 그리고 뭐 가고 비싼 가구 그저 그리고 신발도 안 이중문 이 있는 질이 아니면 들어오자마자 무조건 신발장이 넣어야 되요 들어와서 신발 벗고 신발장에 넣고 들어와야 주문 있음 다르면 되지만 아 예 다른거죠 그래서 그런 부분들은 당연하게 좀 감수를 해야 되는 부분이다 라고 생각하시면 되고 알고 분야 해야되요 알고 입양 해야되요 9년 입양을 4 무조건 알고 입양을 해야 되고 그걸 감소 못할 거면 어느 힘들것 같애 라고 생각하면 저도 기 것도 키우지 맛이 나구요 이거 좀 왜 그 얘기도 연장 써있는데 정신이 하나도 없어요 미친 것 같아요 이렇게 글입니다 화질이 미안했는데 저희도 들거든요 됩니다 한줄 털 시에서 28명이 그분이 오시죠 에어컨 적신 하시고 왜 pro 왜 다 그렇죠 소위는 하나마다 있어 아 네 퍼스 윤아 이제 o 킬러 사신분들 또 0 0 쓰는거죠 그쵸 뭐 보통 1일 열량 넘어가면 그런 행동들이 많이 줄어들어요 근데 그 외 하는 거냐면 하면 재밌으니까 4 어렸을 때가 에너지 소모를 많이 못한 상태에서 에너지가 계속 쌓여 있잖아요 그거 이제 전에 그렇게 봐요 아 오늘 하루 다소다 내지 못한 에너지를 저녁에 한꺼번에 쏟아 되자 그렇죠 그럼 저는 스트레스가 쌓이는 게 그 에너지가 쌓이는 게 강아지 들한테 스트레스 예요 그 항상 피곤한 개가 행복한게 달하는 것을 생각하고 있어야 되는데 왜 계속 불려야 줘 그래서 애기때 뭐 산책 많이 안하고 놀이 많이 안하고 하는데 우리가 해 주지는 않으면서 너 그거 하지만 이건 말도 안되 거야 네 네 그럼 5 전부다 귀엽던데 나중에 조금 그리워 지잖아요 이때 저도 지금 맞아요 어릴 때 막 그렇게 미친듯이 접시 내서 뛰어다니던 모습이 1 연령이 지나가면서 점점 없어지면 아기가 이제 늙어 가는 가 약간 이런 느낌이 들면서 오히려 좀 서운해 g 4 8 2 되나 아 팔찌 될 것 같다 봤다 그리고 어 우리가 또 10 아이들을 한마디로 또 표현할 수 있는 겠어요 oo 야 아 아 왔어요 4 예 예 하는게 행동이 뭘 강아지들은 어번 분만 볶는데 이런 아이들은 대체 막 이렇게 맞고 조금 조금씩 먹어 보게 되구요 높은데 잘 올라가구요 그러니까 우리가 또 고양이는 강아지는 보자 고양이는 집사 라고 하잖아요 또 우리 보호자 분들이 뭔가 개냐 그럼 개냥이 를 키우는 느낌이지 느끼고 싶으신 분들 라는 집사가 되도 괜찮다 해라고 느끼시는 분들은 또 한심할 매력을 느낄수 줘 예 그렇죠 약 40만원 cr 그 a&g 배지 않는다 깔끔 성화 있습니다 예 우리가 이제 개 통합적으로 보면 늑대 에서 괴롭 분화가 될 때 초기 분 와 종 중에 하나의 그 말은 뭐냐 늑대와 상당히 유사한 성향을 가지고 있을 수 있다는 거죠 그 때 가장 큰 성격 중에 하나는 되게 독립적이고 그리고 아무리 우리가 늑대로 얘기 때부터 키워도 사람만 하더라 아 [음악] 아 네 으 이 때 보다 훨씬 잘 듣지만 자기 고집이 나 자기의 감각을 더 믿는 경향이 강할 수 있다는거 4 아 음 자기 해결하려고 하고 예 뭐 식구들 잘해도 찾으려고 40 좀 그럴 필요 없어요 초 그렇게 4 수행을 하시면서 아 이런 시간 약 이런 koo 이런 드 비 자리로 하는데 그 저희 0 불만 1 좋겟다 기초적인 거에요 우선은 제가 이렇게 겁이 뒤에도 4 겁을 들으 내시 발현이 배너 제기로 공부를 열심히 하고 다짐을 하신 분들은 가장 먼저 해야 되는 것은 진 짧고 어디서든지 사회와 클래스 꼭 하세요 4 입양을 해 오자 마자 1월에서 5개월 사이에 꼭 사회와 클래스 들으셔야 4 왜 필수 4 야크 에서 중에서도 다르나 가지 만나기 그리고 또 하나는 핸들링 그러니까 자꾸 내 몸에 누군가 내 몸에 손을 대도 좋은 일이 일어난다는 것을 정말 많이 해야 되요 그리고 어 그 다음에 왔을 때는 20 아이들이 가장 큰 문제점은 보호 저리 분은 경우 였어요 4 이 모델의 묻는 경우의 대부분이 많은 분들이 이걸 자꾸 서 용어로 의 입장으로 생각을 해요 내가 나보다 사유리 높아서 그런데 그 절대 아니구요 우리가 보통 갈등에 의한 공격성 이라고 해요 내가 하기 싫은거 를 보호자가 하려고 할 때 싫다고 표현하는 것을 무는 것을 표현하는 거죠 근데 우리가 사춘기 때 내가 하기 싫은 걸 엄마가 자꾸 시켜서 엄마한테 4 내 본다고 들어가거나 뭐 싸운다 거나 배 등 거 같다고 보시면 되는데 그것을 얘네들이 이빨이 있다보니까 이걸로 표현을 하는거죠 그걸 이제 갈등에 의한 공격성 이라고 하는데 어 그런 부분에 대해서 보자 리더십 교육을 계속 해주시는게 좋아요 그래서 저는 미국에서 ni li f 라고 해요 라스 인 라이프 이즈 프리 세상에 공짜는 없다 그리고 저는 아세 공이라고 요 아이 아 세상에 공짜가 없단다 한국어를 바꿨어요 저희가 4 그래서 때리거나 혼내지 않고 뭔가 이 아이들이 원하는 것을 줄 때 보호자가 시킨거 간단한 거라도 하나라도 잘 하면 내가 원하는게 나온다 라는 인식을 어렸을 때부터 꾸준히 꾸준히 아 네 저는 가장 많이 하는게 앉아 기다려요 왜냐하면 강아지들이 사람과 사람 사회에서 살기 위해서 가장 중요한 요소는 절제력이 고 사실 세상에서 가장 절제력이 높은 동물이 사람이구요 걔들은 절대로 그렇게 높지는 못해요 근데 이 차이에서 항상 문제점들이 발생이 되는 거라서 개 들한테 절제력을 계속 좀 알려주고 잘 기다렸을 때 너가 원하는 게 나온다 라는 인식을 꾸준히 꾸준히 심어주면 좀 짜증나는 것도 참고 고자의 신호에 따라서 절제력을 가질 수가 있기 때문에 이 리더십 아세 공교육과 그리고 기다릴 교육을 가장 많이 하고 예 [음악] 그리고 그거 그런 것들을 꾸준히 해주면 보자 를 묻는 것도 어느 정도는 줄어들 수 있어요 그 꼭 하는 것 중에 하나가 멎을 저희 어 임마 되게 항상 차고 다닐 게 아니라 어 제가 수입 알겠어 네 넵 영어 갔을 때 그래도 뭐 수의사의 가장 큰 모충 이 거잖아요 어 다른 일을 아프게 안하고 싶어서 하는건데 이 아이들을 잘 죽이는 줄 알아서 봤습니다 4 전형적인 시바의 들에 표현이에요 그래서 잡는 법을 알려 드려야 약은 이런 4 4 어 아 그쵸 네 맞아요 네 맞아요 그래서 보통 보호자 분이 잡아 주시는데 그래도 이제 주 3 하는건 간단히 끝나는데 혹시라도 나중에 어 초음파를 보게 될 일이 생긴다거나 아니면 뭐 다른 어 검사나 피를 뽑는다 거나 이럴 때는 보자 우리 잡아 잡다가 이제 큰 드디어 버리면 더 크게 다칠 수가 있어요 그래서 그러면 인 만에 를 그래도 차고 있으면 병원 수의사 선생들이 나 스타 분들이 안심이 되기 때문에 입마개 레 싫어하지 않게 놀이처럼 하는 교육을 절하며 꼭 시킬 거 4 됩니다 이거 입마개 교육은 전 항상 말씀드려 한 6개월 생각하고 하세요 4 이건 놀이처럼 어느 정도가 돼야 되냐면 임하겠다 딜 매치가 들어가죠 4 요정이 들어가면 다 재밌는거 적어 나온 재밌는거 해서 내가 딱 들면 막 들어와서 얼굴들이 밀과 기다리고 있을 정도로 하면 나중에 어 진료를 받는 다거나 할 때 훨씬 더 편하게 할 수 있어요 음 4 우선은 2막에 사시면 바닥에 내려놓고 그 안에 간식 넣어놓고 자기네들이 빼 먹겠어요 아 그렇게 하니 주익 300 예 [음악] 으 5,
47,https://www.youtube.com/watch?v=Yf-g71Ik4-Q,Yf-g71Ik4-Q,"[Seol Chae-hyeon, Veterinary Medicine] If your dog is sick, it drinks a lot of water?",설채현의 놀로와 ,안녕하세요 강아지에 대한 궁금증을 솔직하고 독하게 알려 드리는 설치현 수 이사입니다 자 물이 이렇게 중요하고 탈수가 일어났을 때는 검사 집에서 간단하게 해 볼 수 있는 이런 검사들이 [음악] 있고 이혼 음료도 먹여도 된다 단 자일리톨 자일리톨은 조심해야 된다고 말씀을 드렸고요 그러면 강아지들이 물을 하루에 얼마나 먹는게 정상인가라고 보면 kg 당 60에서 70ml 정도 먹는게 정상입니다 10kg 정도 아이라면 600에서 700ml 정도를 24시간 동안 먹으면 정상인 거예요 연 가구가 아니라 혼자 키우시는 분들은 요즘 뭐 3다 나와도 되죠 [음악] 유튜브까 500ml짜리 뭐한 두 개 사서 채워주고 다 먹으면 다시 채워주고 24시간 재서 보시면 돼요 더 중요한 건 더 중요한 건 물을 많이 먹으면 몸에 문제가 있을 수 있다라는 거예요 물을 적게 먹어도 문제가 되는데 질병 때문에 물을 많이 먹는 아이들이 진짜 많아요 질병 때문에 이게 어 우리 아이가 물을 많이 먹네 물 많이 먹는 건 좋은 거니까 우리 아이 건강하겠지 분들이 많은데 이거 완전히 잘못된 거예요 오히려 물을 많이 먹을 수 뭔가 질병이 있을 수 있습니다 그러면 많이 먹는 기준은 뭐냐 kg 당 100ml 넘어가면 이거는 뭔가 몸에서 호르몬에 그리고 아니면 뭐 혈액에 문제가 있을 수가 있어요 물을 많이 마시게 하는 질병들이 뭐가 있냐 우선 첫 번째로 여러분들이 잘하는 당뇨 당뇨병일 때도 물을 상당히 많이 마시게 되고요 쿠싱이라는 질병이 있습니다 쿠싱 부 피질 기능항진증이 부신피질 기능 항진증의 경우에도 물을 상당히 많이 시게 많이 마시게 됩니다 어린아이들이 진짜 물 많이 마시는 거 같다 그러면 에디슨이 질병이 있어요 쿠싱의 반대인데 스트레스 호르몬이 너무 안 나오는 질병이 있는데 이때도 물을 엄청나게 많이 마실 수가 있어요 이제 눈치가 빠르는 분들은 어 우리 아이가 물 진짜 많이 다 이렇게 느끼시는 분도 있지만 그게 아니라면 우리 애가 왜 이렇게 오줌을 많이 싸지 왜냐면 패드 패드에 자꾸 쌓이고 패드를 자주 갈아주고 불만이 생깁니다 아 패드 얼마나 비싼데 하면서 불만이 생기는데 이런 불만을 가지시는 분들은 음수량을 체크해 보시면 됩니다 어 이렇게 물을 많이 먹게 하는 질병이 있는 반면에 어떤 아이들은 또 물을 너무 안 먹어서 보호자분들을 걱정하게 해요 적게 먹어서 걱정이 된다라고 한다면 번째 하는 방법은 물을 자주 갈아 주시면 됩니다 아 얘네들이 우리도 사실 오래된 물 잘 먹기 싫잖아요 미지근하고 어디 공기 중에 계속 노출돼 있는 물들은 사람들도 잘 먹기 싫고이 냉장고에서 꺼내서 따서 먹는데 강아지들도 물맛을 알아서 오랫동안 방치되어 있는 물은 안 먹으려고 하는 경향도 보여요 그래서 물을 자주 갈아줄수록 아이들이 물을 더 많이 마십니다 그리고 또 하나는 는 많은 분들이 물 그릇을이 핥아 먹는 거 많이 주시는데 앞에 철 공 달려 가지고 이렇게 핥아 먹는 거 있잖아요 이렇게 이렇게 핥아 먹는 거 이런 거는 강아지들 막 정말 목마를 때 빨대로 물 먹게 사람들한테 빨대로 물 먹게 하는 거랑 똑같아요 충분히 먹어야 될 음수량 자체가 좀 줄어드는 경우들이 많기 때문에 저는 어 그런 물 그릇은 절대로 쓰지 말라고 말씀드리고 싶어요 음수 떨지 당연히 신장이나 전체적인 건강이 좋지 않습니다 어 일반 물 그릇에 준다라고 한다면 자주 바꿔 주셔야 돼요 자주 바꿔 주셔야 돼요 왜냐면 속담도 있잖아요 고인물은 썩는다네 고인물은 썩는데 먼지 들어가죠 세균 떨어질 수 있죠 뭐 털에 묻어 있던 먼지나 세균들이 이런 것들이 또 그 물 안에 들어가고 그걸 다시 마시고 계속 안 좋을 수 있어요 그래서 자주 바꿔 주시고 가장 좋은 건 가장 좋은 건 요즘 많이 나와요 정수기 어 반려동물용 정수기가 있는데 뭐 사람의 물처럼 물을 깨끗하게 해주는 목적보다는 우선 흐르게 해줍니다 정수기에서 계속 흘러 주면 흥미를 갖고 더 마시게 되고요 또 하나는 흐르는 물들은 계속 움직이면서 공기 중에 산소를 흡수시켜요 저는 물 주는 방법 중에 정수기가 가장 좋다고네 말씀드릴 수 있습니다 어 물에 대해서 제가 지금 뭐 아주 간단하게 말씀을 드렸는데 조금 더 궁금하신 분 궁금하신 점이 있다라고 한다면 또 댓글 달아 주시면 저는 공부하는 수 이사기 때문에 저는 공부하는 수 이사기 때문에이 뭔 개개 개소리야 뭐 제 재밌게 하고 싶은데 아직 생각이 안나요 구독과 좋아요네 부탁드립니다 다음번에 더 좋은 정보로 찾아뵙도록 하겠습니다 그럼 우리 댕댕이를 좋아하는 친구들 다음에 만나요 저는 퇴근하겠습니다 안녕,
48,https://www.youtube.com/watch?v=5vOgqvYUzWI,5vOgqvYUzWI,"소형견, 대체 왜 참지 못할까요? 😠 l 스몰독 신드롬 l 설채현 행동학 수의사",설채현의 놀로와 ,"실제로 작은 아이들이 더 문제 행동이 많은가 유전적일 것이냐 아니면 보호자들 탓인 것이냐 [음악] 우리 아이들을 위해 놀러와 함께하는 유익한 시간 설치하는 수의사입니다 이번 시간에는 조금 재밌는 연구 결과를 한번 말씀드려볼까 하는데요 저도 많이 느꼈어요 실제로 행동진료를 하면서 그리고 뭐 여행을 많이 다니는 편은 아니지만 좀 놀러도 가고 연세도 가보고 했었는데 그때마다 좀 느낀게 있었거든요 조금만한 강아지들이 조금 더 문제 행동을 많이 하는 것 같은데라는 느낌을 항상 받았었어요 특히 우리나라는 소형견을 훨씬 더 선호하잖아요 서구권에서는 대형견을 선호하는 경우가 많은데 제가 행동진료를 하면서도 소형견들이 대형견들보다 조금 더 예민하고 문제행동을 많이 보이는 거 같은데라는 그냥 느낌적인 느낌만 가지고 있었거든요 근데 그것에 대한 연구 결과가 있습니다 이거 발음을 잘해야 되는데 C 바크라는게 있습니다 발음을 잘해야 돼요 [음악] 캐나인이 뭐냐면 개의 항명이에요 독은 그냥 우리가 단어인 거고 학명이라는게 있잖아요 그게 이제 K9 그리고 bb요 어세스먼트 R 리서치 큐 퀘스천에요 그래서 강아지들의 행동에 대해서 평가하는 최근에이 행동학 분야에서 가장 많이 사용하는 C 바크라는 설문지가 있어요 이거는 어디서 해보실 수 있냐면 여기이 사이트에서 펜실베니아 대학교 수입과 대학 사이트에서 해보실 수 있고요 연구 결과는 보호자들이이 씨마크 설문지를 기입을 하면이 통계가 나오겠죠이 통계를 기반으로 더 작은 아이들이 문제행동을 더 많이 보이는지에 대해서 한번 분석을 해본 거예요 그러다 보니까 엔스도 상당히 많아요 49개의 품종 8301마리를 분석해서 플러스원이라는이 논문 학술지에 게재된 내용입니다 실제로 조그만 아이들이 행동을 더 많이 보일까요 우선은 개의 높이입니다 높이 키 보통 강아지의 키를 잴 때 어떻게 지내는지 아세요 머리까지 재는 거 아니에요 머리까지 재면 우리 웰시코기와 닥스훈트 아이들이 근데 뭐 사실 실제로 재는 방법에서도 상당히 피해를 많이 볼 거 같긴 한데 어깨까지 됩니다 왜냐면 목이 긴 아이들도 있고 거기 좀 짧은 아이들도 있기 때문에 지면에서 어깨까지의 길이를 우리가 높이로 보는데이 키가 작은 품종일수록 어떤 성향을 더 많이 보이냐 식욕이 더 높아서 계속 밥 달라고 애걸복걸하는 행동 더 많이 하고요 그리고 보호자한테 좀 딱 붙어 있으려고 하는 성향이 훨씬 더 높습니다 독립적이기보다는 의존적인 성향이 더 높고요 그리고 다른 강아지를 무서워하는 성향도 훨씬 더 큽니다 그리고이뿐만 아니라 아 저는 이것도 많이 느끼는데 터치에 대해서 민감한 증상도 더 많이 보여요 보호자가 만지려고 해도 깜짝 놀라서 안 하고 묻는다거나 이러한 증상도 더 많이 그리고 혼자 있을 때 똥이나 오줌을 아무데나 싸는 증상 이게 뭐죠 분리불안 저도 많이 느끼거든요 분리불안 같은 경우에는 대형견보다 소형견이 훨씬 더 많이 찾아와요 그리고 또 하나 트레이닝 하기 힘들다네 맞아요 대형견 아이들이 아무래도 식욕이 좀 더 좋아서인지 아니면은 뭔진 몰라도 조금 더 트레이닝 하기 편한 면이 있어요이 연구결과에서 봤을 때는 트레이닝 하기도 작은 아이들이 더 힘들다라고 얘기를 하고 있습니다 그리고 몸무게에 따라서 한번 또 분석된 내용을 보면 체중이 적게 나갈수록 조금 더 흥분도가 높고 사실이 행동학에서 가장 중요한게 흥분도거든요 흥분했을 때는 뭘 알려주기가 힘들어요 그리고 흥분했을 때는 대부분 문제행동을 일으켜요 그러다 보니까이 흥분도가 행동학에서 정말 중요한 요소 중에 하나인데 몸무게가 적게 나가는 품종일수록 흥분도가 조금 더 높고요 그리고 과잉 행동 좀 더 흥분도 높으니까 과잉행동도 많이 하겠죠 과잉행동도 조금 더 높고 그리고 다른 강아지와 싸우는 우리가 독 라이벌리라고 하거든요 뭔가 상대방에 대해서 라이벌 의식을 느끼고 이런 성향도 질투와 관련된 우리이 영상처럼 조금 더 라이벌 의식도 많이 느꼈다라고 연구 결과가 나오고 있습니다 지금 이제 키와 몸무게에 대해서 말씀드렸는데 이거 말고도이 머리에 생김새에 따라서 조금 더 달라지는 면도 있어요 사람들은 그래도 다 비슷비슷하게 생겼는데 강아지들은 머리의 형태가 상당히 다르죠 어떤 아이들은 이렇게 코가 길고 얼굴이 긴 우리 세상이처럼 얼굴이 긴 형태가 있고 그리고 프렌치 불독이나 퍼그 시츄처럼이 얼굴이 좀 이렇게 눌린 친구들도 있죠 근데 이거는 결국에는 사람들이 인위적으로 선택적 교배를 한 그런 산물인데이 코가 긴 아이들 뭐가 가장 먼저 생각나세요 이탈리안 그레이 하운드 그레이 하운드 이런 아이들이 하운드 종이거든요 하운드는 원래 사냥개라는 뜻이에요 이런 하운드도 원래 시각 카운드와 후각하운드로 나뉘는데 머리가 긴 아이들은 약간 시각화운드에 더 가까워요 바람을 가르면서 더 잘 뛸 수 있게 근데 그러다 보니까 어떻게 될까요 머리가 긴 아이들은 어떤 성향이 더 강할까요 뭔가 쫓는 능력이 그냥 유전적으로 가지고 있는 경우가 많아요 이거 고치기 되게 힘들고 몸만 빠르게 움직이면 나는 사냥 깨고 그런 유전자를 타고났으니까 뭔가 쫓으면 안 되는 건데 쫓는 모습을 보이는 경우가 상당히 많고요 그리고이 코가 눌린 아이들 다 그런 건 아닌데 우리 한번 평균적으로 해요 통계적으로 봤을 때 코가 눌린 아이들 하면 뭐가 딱 생각나요 핏불 아니면 불도 사람들이 이거 싸움을 하려고 싸움 잘하는 애들만 계속 아무거나 싸우는 애들 교배시켜서 만들다가 요즘은 반려동물화 돼서 그런 성향을 안 가진 아이들도 많지만 어쩌다 운이 나쁘면 그런 유전적 성향이 나타나는 경우가 많죠 그래서이 통계적으로 봤을 때는 코가 눌린 종들이 조금 더 다른 강아지나 사람을 공격하는 성향이 더 나타났다라고 얘기를 하고 있어요 그러면 여기서 우리가 한번 고민을 해 봐야 돼요 우선은 한 50종의 가까운 종별로 8,300마리를 데리고 우리가 원하는 목적을 한번 찾아봤어요 실제로 작은 아이들이 더 문제 행동이 많은가 키가 작고 몸무게가 적게 나갈수록 공격적인 성향이 문제 행동이 조금 더 많이 나타난다는 이런 결과를 얻어냈는데 그러면 한번 고민을 해보죠 이게 유전적일 것이냐 아니면 보호자들 탓인 것이냐 사실 답은 없습니다 유전적인 걸 한번 생각을 해보자면 어떨까요 우리 작은 강아지들은 어떻게 키웠는지 한번 생각해 보시죠 목적이 무엇이었는지 유전적으로이 작은 강아지들은 아무래도 사람들이 무릎 위에 올려놓고 이쁘다 이쁘다 하려고 만들어냈을 가능성이 상당히 높아요 그러다 보니까 보호자와의 애착관계 애착관계가 더 많을수록 살아남을 가능성이 높았겠죠 그런 유전자들이 계속 내려오면서 이런 분리불안에 관련된 모습들을 더 많이 보일 수 있고요 유전적으로 봤을 때 예전에도이 조그만 강아지들이 싫어하고 앙 하고 물어버리면 어떻게 됐을까요 대형견이랑 비교했을 때 대형견이 한번 하고 물어버리면 되게 크게 다치잖아요 그러면 더 이상 교배하지 않고 막 예전에 실제로 막 그냥 도태시켜버리고 없애버리고 막 이랬었을 거예요 근데 소양견들이 앙 하면 어때요 귀여워 인스타나 이런 데서도 많이 보여요 저는 그런 거 별로 좋아하지 않는데 일부러 자극해서 소형견들을 하고 있으면 막 귀엽다고요 인스타 찍어서 올리고 이런 경우 많잖아요 대형견을 그렇게 하면서 귀엽다라고 하시는 분들 거의 없어요 근데 소형견들을 특히 말티즈는 참지 않기 막 이러면서 일부러 자극해서 하고 있으면 귀여워 얘네들은 그런 공격 성향을 보여도 도태되지 않고 살아남을 가능성이 조금 더 많아서 유전적으로 조그만한 강아지들이 조금 더 이런 성향을 보일 가능성이 높다는게 있고요 그리고 유전적이 아니라 보호자의 성향 때문에 이렇게 된다라는 썰도 있어요 그걸 우리가 스몰독 신드롬이라고 합니다 이건 사실 어느 정도는 그런 문제가 있다라고 생각해요 스몰독신두루미 아까랑 비슷한 건데 사람들이 큰 개가 하면 되게 심각하게 느낄만한 행동들을 끄면 강아지들이 하면 이거를 그냥 귀엽다고 넘겨 버리는 거죠 그러다 보면 강아지들은 난 그렇게 해도 돼라고 생각을 할 수 있어요 바람으로 봤을 때 우리가 이거를 저는 정확하게 맞는 거 같진 않은데 나폴레옹 컴플렉스랑 비교를 하는 경우들이 많더라고요 나폴레옹이 키가 되게 작았잖아요 막 정말 온 유럽을 거의 다 정복할 정도의 그런 힘을 가졌었는데 오히려 나폴레옹 컴플렉스라고 해서 작을수록 더 뭔가 나보다 큰 사람이나 그런 것들을 정복하고 싶은 욕구가 강해진다 그게 나폴레옹 콤플렉스거든요 그래서 스몰독 신드롬이 이거랑 비교가 되기도 하는데 보호자들의 성향상 똑같은 문제 행동을 보여도 크게 받아들이지 않으면서 공격성이나 뭐 이런 문제들을 고치려고 하지 않다 보니까 통계적으로 이런 모습이 더 나타났다라고 하는 경우도 있습니다 그리고 뭐 유전적으로나 보호자의 성향이 아니더라도 이건 그냥 이것도 어떻게 보면 유전적이라고 볼 수 있을 텐데 작은 강아지들 입장에선 나보다 너무 큰 동물이 갑자기 있을 때 당연히 더 불안하고 나를 지키기 위해서 거기다 보호자에 대해 의존적인 성향도 더 강하니까 뒤에 보호자가 있을 때는 더 공격적인 모습을 보일 수도 있거든요 그래서 저는 솔직히 말하면 보호자의 탓도 일정 부분이 있지만 어쩔 수 없는 피지컬의 한계와 그리고 유전적 성향이 조금은 더 강할 거라고 유추하고 있습니다 유전적 성향은 어떻게 바꿀 수 없으니까 보호자가 스몰독 신드롬에 대해서 알면서 조금 더 신경써서 이런 문제행동을 컨트롤할 수 있도록 노력해야 된다라고 생각하시면 됩니다 저는 또 그런 것도 좀 안타깝거든요 이게 강아지를 키우는 사람과 안 키우는 사람 간의 분란이 일어나기도 하는데 소형견을 키우는 사람과 대형견을 키우는 사람들 사이에 싸우는 경우들도 상당히 많아요 저는 절대로 안 그랬으면 좋겠거든요 막 소형견 키우시는 분들이 대형견을 배척한다거나 대형견을 키우시는 분들이 표현견 쟤네들 왜 그래 막 그렇게 하시는 경우들이 분명히 있어요 모두들이 보호자로서의 책임 의무가 있고 특히 소형견 키우시는 분들은 이런 문제행동이 발생했을 때 작으니까 그냥 넘어가도 돼가 아니라 이걸 다 고치지 못하더라도 어떻게 관리하고 그리고 어떤 문제점이 발생할 수 있으면 내가 이걸 어떻게 관리할지에 대해서 더 고민하고 생각해 봐야 된다 이건 통계적인 부분인 거예요 통계적인 부분 무조건 작은 아이들이 큰 개들보다 무조건 공격적인게 아니라 전반적으로 우리가 계라는 동물을 봤을 때 통계학적으로 작은 강아지들이 큰 아이들보다 공격성이나 분리불안이나 예민함 이런 문제행동을 더 보이고 있다 개체별로는 다 다를 수 있겠죠 구독 좋아요 알림 설정 잊지 마시고요 다음번에 더 좋은 정보로 찾아뵙도록 하겠습니다 안녕 [음악]",
49,https://www.youtube.com/watch?v=WOVnYSMT-a4,WOVnYSMT-a4,Part 3) The world is obsessed with a new freeze-dried food? What kind of food is it? | 🐶 The worl...,설채현의 놀로와 ,이해가 이런 투입 보이는 게 진짜 맛있는거 먹었을 때 하는 거거든요 진짜 좋을 때 약간 눈이 커지면서 이건 보자면 알 수 있는 그런 게 있어요 지금 약 캔 정신이 번쩍 들었어 어 [음악] 안녕하세요 설치한 행동 학생이사 합니다 저 행동 악스 있었는데 어쩌다보니 계속 후경 약을 좀 얘기하고 있는 것 같아요 저희 대상이 가 먹는 사료 1편 4 스텔라 인 트리스 에 대해서 설명 하다보니까 동결건조 에 대해서 궁금해 하시고 관심을 가지시는 분들이 상당히 많으시더라구요 그리고 제가 2편에서는 이 세상이 사료 라이너 수만 급여를 위한 세상이 4로 라인업을 한번 보여 드려 썼지 않아요 저도 이제 조금 고민을 하고 있었거든요 건사 리오는 지금 2개 라인업이 두개가 있는데 동결건조 는 지금 1개 밖에 없어서 큰 또 새로운 걸 한번 시도해 볼까 바꿔주면 더 기우 써니 우리 건설을 처럼 더 좋아질까 라고 하는 고민이 있어서 오늘 저도 구독자 분들과 같은 마음으로 근데 동결건조 에 대해서 한번 말씀을 드려 볼게요 우선 동결건조 에 대해서 한번 알아 봐야 될 것 같아요 말그대로 얼려서 던져 시킨다는 거죠 사실 부분이 있으면 오염될 가능성이 상당히 높아져요 그래서 우리 보통 캔 사료 같은 것들 보면 완전 밀폐시켜 버리죠 멸균을 한 다음에 밀폐 시킨 다음에 절대로 오염물이 들어오지 못하게 가지면 우리 사려 같은 경우는 어때요 열었다 닫았다 열었다 닫았다 를 계속 좀 반복해야 되다 보니까 이 수분이 많을수록 좀 오염될 가능성이 높아져서 어떻게든 이 수분을 좀 빼는 과정이 필요한데 가장 최근에 각광 받는 방법 중의 하나가 2 동결건조 얼려서 건조 시키는 거죠 이 동결 건조 과정을 보면 신기한데 우리과학 시간 한번 생각해 보시면 됩니다 원래 얼음이 온도가 높아지면 몰로 변해야 되죠 물 그물이 또 온도가 높아지면 몰로 변하죠 기체 그쳐 원래 얼음 물 기 책 으로 바뀌어야 되는데 이걸 급속하게 뭔가 걸린 다음에 진공상태에서 압력을 낮추면 과학 시간에 다 들어보셨을 거에요 수화 라고 들어보셨어요 승화 얼음이 물을 거치지 않고 기체로 바로 공기 중으로 들어가 버리는 거죠 이 방법을 쓰는게 동결 건조 방법 입니다 그래서 이 동결 건조 사료 들 잎의 티나 펠렛 같은 것들을 보면 얼음이 이제 같이 얼어 있을 때 중간에 이렇게 뿡뿡뿡 구멍이 있겠죠 근데 그게 바로 기체로 바뀌면서 거기에 그렇게 공간이 생기는 거야 아주 안전하게 신선한 식재료를 거의 영양소 파괴 없이 보존하는 방법이 동결건조 라고 생각을 하시면 됩니다 그래서 조금 정리를 해보자면 첫번째 동결건조 의 장점은 자연식 생식 이나 화 시계 역량 분규 녕 부분을 보완할 수 있다 잔 이런 가이드라인을 따른 동결건조 회사의 경우 한다는 것들도 있으니까 꼭 한 번씩 확인을 해보시는게 좋습니다 두번째 신선한 식재료 제가 2편 곤충 살이 편에서 뭔 설명을 드렸었는데 아무리 좋은게 들어가 있어도 애가 흡수가 안되고 우리 똥으로 나와 버리면 이건 그냥 뻥 이에요 그래서 흡수 얘길 말씀 드렸었죠 곤충의 흡수율이 꽤 좋다 우리가 흔히 말하는 밀 6분 이런 것들보다 더 좋다 그런데 사실 생 육보다 났습니다 그런 가장 흡수율이 높은게 결국에 생육이 라는 거예요 근데 동결건조 는 대부분 재료의 생육이 들어가고 가장 흡수율이 높은 좋은 재료 신선한 재료를 사용한다 세번째 막 챙기지도 않고 가열 하지도 않고 이렇게 동결건조 는 이런 생육과 재료의 본연의 맛을 거의 그대로 만들어 낼 수 있어요 그러다 보니까 일반 건사료 보다 b 우성이 정말 좋다 네번째 감염 위험성이 상당히 낮다 우리가 생닭 잘 안먹는 이유가 뭔가요 이동 과정이나 그 유통과정 중에 이코 라 이 같은 것들 대장균 같은 것들이 오염될 가능성이 높기 때문이에요 돼지도 그렇구요 재 지능 가교 구조 충무 구조 층 뭐 이런 게 있거든요 손을 육회도 먹지만 돼지나 닭을 안먹는 이유가 감염의 위험성 때문이에요 근데 이렇게 동결 건조를 하게 되면 그렇게 추운데서 모두 다 죽일 순 없지만 감염의 위험성이 평당 이 줄어듭니다 실제로 건사료 습식 사료 동결건조 의미 콜 류를 조사해본 결과 동결 건조 사료 의 빛 골 유리 가장 낮아 졌어요 미국의 사료를 연구 하시는 분의 연구 자료에서 나왔는데 니 쿨 유리 가장 낮다는 건 뭐냐면 감염의 위험성이 가장 낮고 안전한 사료로 생각할 수 있다 라는 거죠 그리고 또하나 일반 건사료 처럼 공간에 편리함도 있습니다 단점은 뭐냐 4 1 뜸한 권세로 에 비해 많이 비싸다 그래서 저도 모든 세상이 에 식 딸의 동결 건조로 는 아직 바꿔 주지 않았구요 지금은 기호성 을 높이기 위해서 토퍼 로 사용을 하고 있는 거죠 그래서 제가 2편에서 세상에 사료 라인업 중 에 추가된 곤충 사료 n 톱 sl 한번 말씀을 드려서 짜 나요 그래서 지금 현재 순항 급여를 하고 있는 세상이 에게 건 사료는 2개가 있습니다 펠라이니 추이 스킵을 과 곤충 사료 np500 그런데 동결건조 는 사실 지금까지 동결건조 는 기호성이 떨어지는 느낌을 받지 못해서 스텔라 인 스위스 에 치킨 동결 건조를 주로 급여 하고 있었는데요 세상에 와 함께 기호성 테스트 도 하면서 테라 인 트리스 동결건조 에 새로운 동결 건조를 하나 더 추가해 보겠습니다 원래 먹고 있던 건 켈라 인 추 있으 에 치킨 밀 믹서 였어요 저도 패티 주고 싶지만 너무 비싸서 및 믹서 만 토핑으로 주고 있는 상태인데요 제가 아무래도 이렇게 센터에서 많은 보호자 분들 만나고 하다보니까 칼럼 7c 이외에 또 많이 들리는 이름이 있었어요 되게 매니아 층도 있고요 한번 사시면 은 계속 이걸 급여 하시는 분들이 상당히 많은 것 같더라구요 제가 이제 상담 하면서도 꼭 어떤 사료를 먹이는 지도 여쭤 보거든요 그중에 가장 많이 들리는 이름 중에 하나가 스몰 배치 라는 동결 건조 사료 였습니다 저도 이거 를 실제로 이제 일부러 안 먹이고 있었어요 세상에 처음 먹어 보는 거고 그래서 이 사료가 상당히 많은 보호자 분들이 관심을 가지시길 내 저도 조금 좀 알아봤어요 95% 의 육류를 공식인증 육류를 사용하는데 저는 이게 좀 좋더라구요 방목 땐 동물들을 사용한다 아무래도 갇혀 있으면 스트레스를 받고 그런 스트레스 호르몬은 호르몬 이기 때문에 혈액 내 안을 돌아다니면서 여러 가지 영향을 끼칠 수 있거든요 뭐 육질이 나 이런 건강에도 여러 가지 영향을 끼칠 수 있어서 우선 방목 시스템 농장 의 육류를 주로 사용하구요 그리고 항생제 없구요 호로 문제 없구요 그리고 유기농 마트에 휴먼 그랜드 이상의 재료만 사용한다 휴먼 그레이드 라고 한다면 4 우리가 먹는 거 컵에 제 같은 경우에는 지금 사람이 먹는 것 이상의 등급만 사용 한다고 하구요 그리고 우선은 그레인프리 입니다 곡물이 전혀 없습니다 이제 저는 이거는 뭐 솔직히 얘기가 좀 많아서 저도 좀 더 공부를 해봐야 겠지만 무조건 공유가 아예 없는게 더 건강하다 그니까 적극 공유 를 쓰면 안 되는 거거든요 그래서 무조건 이건 좋다라고 얘기하기가 좀 그렇고 그리고 당연히 쥐에 뭐 없구요 알러지를 좀 일으킬 수 있는 글루텐 없구요 합성 미네랄 비타민 이런거 사용하지 않고 있습니다 20 배치 같은 경우에는 언제로 만으로 지금 영양소 균형 가이드라인을 맞췄다 라고 얘기를 하고 있구요 그리고 뭐 유기농 채소 커브 유기농 비 폴렌 이런걸 사용했다 라고 합니다 20 배치도 엄청나게 괜찮은 동결 건조 사료 같습니다 당연히 내 영양소가 이 더 랜드 담았고 제 기준의 돋아 부합해 요 너는 스텔라 인 트리스 와 스몰 배치 의 차이를 좀 보자면 사실 스텔라의 취 3 장점 중의 하나가 원래 동결건조 는 유상 윤을 넣을 수 없대요 사료 자체 유산균을 포함시킬 수가 없는데 스텔라 인 트리스 같은 경우에는 자신들만의 특별한 공법으로 동결 건조 사료 임에도 불구하고 유산균이 포함되어 있습니다 근데 이제 조금 완전 100% 내추럴 이 아니라 이 영양소 균형을 맞출 때 b 내추럴한 부분들이 중 포함이 돼있다 근데 반대로 20 배치는 유산균은 없고 무조건 다 내추럴 이다 약간 이렇게 차이가 있어요 이 두개 정도면 저는 사실 제 기준에서 이건 더 나쁘고 이게 더 좋아 아니기 때문에 한번 저는 둘다 한번 비료의 보면서 오늘 한번 먹어보려고 합니다 그리고 꼭 아셔야 되는 것 동결 건조 사료 먹이 실 때는 오메가 쓰리 식스 에비 우리 좀 다를 수 있어요 일반 건사료 아 그리고 조금 부작용을 일으킬 수 있는 것들 동결 건조 사료 마다 조금씩 다를 수 있다고 하거든요 이거는 조금 더 열심히 한번 알아 보셔야 되구요 그것도 나중에 한번 기회가 되면 영양학 전문 선생님과 뭐 말씀을 나누어 보도록 하겠습니다 그래서 이제 네 대상이 에게 새로운 동결건조 를 한번 써 보도록 하겠습니다 세상이라 동결건조 to 썽 월드컵 한번 해볼 건데요 세상이 가 벌써 관심을 가지고 왔습니다 사실 세상 일을 가지고 할 수 있는 이유는 예감이 식견이 이기 때문이에요 진짜 아무거나 잘 먹는 친구들은 놓으면 냄새를 맡고 맛의 에 따라 고르는 게 아니라 그냥 악 먹어 버립니다 테스터기 는 딱 주잖아요 비슷하게 생긴 음식이 두개가 딱 있으면 이거 냄새맡고 이거 냄새 맡은 다음에 자기가 더 좋아하는 걸 먼저 먹어요 그래서 세상에는 이런 기호성 월드컵을 하기에 아주 최적화된 그런 강아지 입니다 그래서 이 동결건조 밀 믹서 같은 경우에는 원래 3 사이가 먹던 거고요 그리고 이번에 제가 한번 추가 해 보려고 하더니 20 배치는 한 번도 먹어본 적이 없어요 그래서 사실 펠라이니 케이스가 좀 분리합니다 왜냐하면 미시 깨어나 이들은 새로운 맛있는 것에 더 관심을 많이 가지기 때문에 그래서 그점 참고하고 봐 주셔야 되요 먹이를 찾아 헤매는 하이에나가 옷이 시작했으니까 애교 실제 첨가 분 거예요 그래서 우선 같은 맛입니다 같은 만 이것은 지금 페티 로 되어 있기 때문에 짤라서 먼저 들어가 근데 제가 해보니까 느낌이 확실히 달라요 탤렌트 에이스가 쪼끔 더 딱딱 한 면이 있구요 20 배치는 되게 부드럽네요 4 홍 청 부드러워요 저도 이건 처음 만져 보는데 틀만 때 먹어 5 스텐레스 먼저 먹었어 너무 멀리 떨어뜨려 않아요 예 지금 원래 새로운 걸 좋아하는지 9 한번 먹어보고 다시 한번 이렇게 그 무슨 둘다 아주 잘 먹습니다 둘다 아주 잘 먹는데 이제 위치 한번 바꿔서 한번 해볼게요 그리고 좀더 가깝게 붙여 넣 거에요 자 이거는 슬레이트 리스 이건 20 배치입니다 그다음 앉아 기다려야 2 당 타게 해서 뭘 더 잘 먹나 면 어떻게 이날 둘다 좋아하면 가까이 있는 걸 먹긴 하거든요 먹어 않고 오히 번에 20 배치 거참 뭐 이번엔 20 됐지만 적어 봤어요 근데 약간 솔 배치는 진짜 가루 같이 되고요 탤렌트 있은 쪼끔 더 딱딱한 느낌이 있는거 아냐 지금 봤을 때 거의 무슨 후에요 다 끼리의 싸우는 거의 무슨 겁니다 그리고 2 대풍 다이제 돼지가 있어요 뭐 해 보겠습니다 그래서 된장 쑥 기다려 이쪽에 스몰 벳시 포크 이쪽에 프레르 코그 윤 쪽에 스텔라 221 스포크 둘 다 되지 맛입니다 그래도 같은 맛으로 해야지 더 신뢰성이 있겠죠 먹어 어 스톤 양 취성 좋았어요 이거는 거의 똑같은 느낌의 세상이 한테 지금 봤을 때 샤 끈 되지 맛의 지금 약간 눈빛 이해가 이런 눈빛 보이는 게 진짜 맛있는거 먹었을 때 하는 거거든요 진짜 좋을 때 약간 그 눈이 커지면서 이건 보자면 알 수 있는 그런 게 있어요 지금 약한 정신이 번쩍 들었어 다시 한번 바꿔서 번 해볼게요 아직 안자 기다려요 뭐가 먹어 5 또 스트라이크 위치스 2 이제 잠을 거의 못 선택하는 거 아냐 그러면 내가 무엇을 어떻게 오토 선택을 하지 자 또 괜찮아 해보겠습니다 지금까지 봤을 때는 둘 다 퍼 키가 되게 부드럽네요 다해서 냄새처럼 같았어요 예 막 지금 이건 되게 맘에 들어 5 자 이제 미안하다 스텔라 인 스위스 터키 아 미안하다 넌 넌 가락 보면 이제 마지막으로 해보고 싶은 게 하나 있어 원래 먹던 것보다 맛이 써야지 그래야지 이제 더해 주는 의미가 있으니까 뭐 m27 한번 바꿔 볼게요 이제 회상 이는 점점 배불러 져가고 점점 더 정말 맛있는 것만 찾을 때가 오는 겁니다 원래 이런식으로 기호성 을 한번 볼 때는 제일 맛있는 걸 더해 주는 것보다는 순항 급여할 때 제일 좋아하는 것 위에 좀 남겨 놓고 원래 먹던 거 보단 좋아하지만 제일 좋아하는 걸 아닌 걸 주는게 도 좋은데 오늘은 그냥 오빠의 마음으로 이걸 제일 좋아하니까 얘 후보에 올려놓고 원래 먹던 스텔라 인 트리스 1 믹서와 한번 비교해보도록 하겠습니다 대상 먹어 100 청했다 너로 정했다 예비 시켜야 그 예물이 회사에서 고객평가단 으로 진짜 안 먹잖아요 약간 배가 부른데 이건 맨날 먹던 거에요 그렇게 안 먹잖아요 근데 지금 아까 우리가 실험했던 것 중에 가장 좋아하는 것만 쏙 먹고 가버렸어 그렇다고 이게 맛없는 거 아닙니다 아까 계속 먹고 있었는데 세상이 가 많이 먹는 친구는 아니에요 이탈리안 그레이하운드 고 딱 어느 정도만 먹으면 자기가 조절하는 친구에요 되게 보호자로서 편하죠 그런데 확실히 미 식견이 고 좀 배가 부르니까 원래 먹던 것을 안먹고 제가 후보로 정했던 4 20 배치 터키 를 선택했습니다 그래서 저는 이번 시간에 제가 동결건조 순한 급여 의 라인업 하나를 추가 한다고 했죠 예로 추가하겠습니다 20 배치 터키 배치 터키 배치로 추가하도록 하겠습니다 근데 당연히 20 배치도 제가 사료를 고르는 기준 4가지의 다 포함이 되기 때문에 걱정없이 할꺼구요 왜 또 많은 분들이 좋아하는 지를 알 것 같아요 나중에 또 하나 하나씩 늘리거나 좀 질린 사료가 있으면 이제 바꿔줄 생각을 하고 있거든요 그래서 오늘 동결건조 에 대해서 설명 드려 보고 또 우리 세상이 의 사료 라인업을 추가하는 과정을 한번 봤는데요 조금 이렇게 바 해보기 엔터 돈이 많이 들고 그러자 나는데 잘 찾아 봉투 샘플이 있습니다 이렇게 아이들의 기호성 을 확인해서 만에 알러지가 없고 성견이 라고 한다면 그리고 기호성이 너무 높고 입맛이 까다로운 미식 전이라면 이렇게 사료 라인업 뜰을 정해놓고 그리고 동결건조 와 건 사려 그래 예 전에 말씀드렸던 브루 스 토퍼 같은걸 이용하면 진짜 미시 깨어나 이들도 우리가 맛있게 밥을 먹게 할 수 있을 거예요 네 오늘은 세상에 와 함께 동결건조 사료에 대해서 설명을 하면 드렸구요 그리고 우리 세상의 동결건조 트 난 급여 의 라인업 하나를 추가해 봤습니다 그래서 많은 보호자 분들이 집에서 재밌게 이렇게 한번 우리 아이한테 더 좋은 음식 그리고 좋아하는 음식을 주기 위해서 이런 방법들 한번 해 보셨으면 좋겠구요 다음번에도 우리세상 이한테 먹이고 그런 제품들이 있으면 한번 더 이렇게 재밌게 소개시켜 드리도록 하겠습니다 그도 좋아요 알림 설정 잊지 마시구요 또 놀러오세요 안뇽,
50,https://www.youtube.com/watch?v=BiywKEs-LPg,BiywKEs-LPg,강아지와 추석 안전하게 나기 위한 주의사항 알려드려요! 🌕 l 추석 때 조심해야 하는 것 l 설채현 수의사,설채현의 놀로와 ,추석에 병원에 오는 경우가 상당히 많습니다 저는 어떨 것 같으세요네 눈 아프면 다 걸립니다 한번 초속 오기 전에 확인해 보세요 안녕하세요 설치니 여러분 설채연 행동학수 이사입니다 이제 우리가 정말 고대하던 추석이 다가오고 있습니다 설치니 구독자 여러분들도 주석을 기다리고 계시겠죠 그래서 준비해봤습니다 반려견과 추석을 안전하고 풍요롭게 보내기 위해서 주의해야 할 사항들 하나씩 알아볼까요 성묘 갈 때 강아지들 같이 데리고 가시는 경우들이 있죠 그래서 좀 주의해야 할 것들이 있는데 우선 첫 번째로 우리 반려견들 차에 혼자 두고 가는 거 아 이거 좀 조심하셔야 됩니다 이제 날씨가 조금씩 시원해지고 있어서 별 생각 없이 차에 강아지를 혼자 두고 갔을 때 문제가 생기는 경우들이 있어요 실제로 해외에서는 강아지를 차에다 두고 가면 불법이고 그냥 유리창 깨버리고 강아지 꺼내고 이런 것들 뉴스에서도 보신 적이 있으실 거예요 이게 바깥 날씨는 선선하다고 하더라도이 창문이 있거나 선루프 있잖아요 온실효과가 생길 수 있어요 빛이 들어와서 안을 뜨겁게 달구는데 빠져나가지는 못하게 되면서 그 안에서 열사병 걸리고 그러는 경우들이 있거든요 그래서 진짜 주의하셔야 돼요 그리고 사실 겨울보다 여름이 우리 강아지들한테 더 힘든 계절인 거 아시죠 폭염에 대해서도 한번 제가 말씀드렸었는데 더 자세한 건 여기서 확인하시면 됩니다 두 번째로 진드기도 조심해야겠죠 하다 보니까 제가 다 얘기한 것들이네요 그렇죠 꼭 내외부 기생충 잘하고 성묘 같은데 같이 가는게 좋습니다 진드기가 자주 무는 곳이 어디라고 했죠 털이 별로 없는 거 얼굴 부위 뭐 사타구니 이런데 잘 확인하시면서 진드기가 있는지 확인을 해야 되고요 진드기를 떼는 방법은 또 했었죠 여기를 확인해 주시면 됩니다 세 번째 이거 가끔 봅니다 그러면 안 되는데 사실 좀 귀엽게 돼서 와요 벌에 쏘일 거예요 여기 보는 사진처럼 애들이 입주위가 이렇게 부어가지고 약간 뚱한 표정처럼 돼서 부어오르는 경우들이 있거든요 그래서 벌에 쏘이는 것도 상당히 조심해야 되는데요 특히이 벌 독이나 말벌의 침은 강아지들한테 되게이 피부에 자극을 주면서 10분에서 1시간 이내에 알러지 반응을 일으키는 경우들이 많아요 근데이 알러지 반응이 되게 심해지면 생명의 위협을 주는 상태까지 가릴 수 있습니다 생명의 위협을 어떻게 주냐면 얼굴만 부으면 괜찮은데 기도가 붙고 열이 나고 춤을 잘 못쉬고 이런 경우들도 생길 수 있어요 그래서 벌도 벌에 쏘이는 것도 상당히 조심해 주셔야 됩니다 강아지들이 어떻게 되냐면 꽃이 피고 코스모스가 피고 이제 향이 나고 새로운 향이 나니까 막 갔는데 거기에 벌이 있는데 얘네들은 뭐 않아요 그냥 가서 이러다가 벌이 이제 입주위에 막 쏴버리고 이런 경우들이 있어요 벌에 쏘였을 때는 뭐 이렇게 두드러기가 올라오거나 침을 흘리기도 합니다 조금 치명적으로 갔을 때는 막 점막이 점막이 창백해지고 목과 코가 충혈되거나 아니면 배가 막 이렇게 빵빵해지는 경우들도 있어요 근데 그 전에 얼굴 주위에서 막 보일 거예요 숨도 잘 보시고 여기 이렇게 부어오르고 심하면 막 기절하는 경우도 있습니다 항상 잘 확인해 주셔야 되고요 만약에 벌에 쏘였을 때 대처하는 방법도 알고 있으면 좋겠죠이 대처하는 방법은 많은 분들이 또 이렇게 하시는 경우 있어요 벌에 이렇게 쏘인게 보고 자세히 보면 이렇게 침이 턱 박혀 있는 경우들이 있는데 이걸 막 손으로 짤려고 한다거나 핀셋으로 이렇게 빼려고 한다거나 그러는 경우들이 있는데 그렇게 하다가 침 핀셋으로 빼다가 침이 떡하고 부러져 버려가지고 안쪽 부분만 피부에 박혀 있어서 오히려 더 못 빼는 경우들 이런 경우들이 있는데 절대로 이렇게 하지 마시고 우리 요즘 무조건 가지고 있는게 있죠 카드 하나씩은 갖고 있잖아요 카드 체크카드 버스 카드 어쨌든 카드는 하나씩 가지고 있으니까 그 카드로 이렇게 밀어내줘야 돼요 쭉쭉 밀어 가지고 침을 빼주는게 좋습니다 그렇다고 해서 만약에 침 다 뺐으니까 끝 이렇게 생각하시면 안 되고 혹시라도 모르니까 병원에 가서 진료를 받거나 아니면 항의 스타민제 같은 것들을 처방 받으시는게 좋아요 기본적으로이 벌에 침은 산성이에요이 독을 좀 중화시키기 위해서 베이킹 소다나 식초 같은 걸 사용하시는 것도 하나의 방법이고요 그리고 여기 막 부어오르면서 열이 나거든요 아이스팩 같은 거를 대주시는 것도 좋습니다 다음으로는네 번째 제초제입니다 제초제 벌초 하다가 보면 막 그냥 깎는 것뿐만 아니라이 제초제를 뿌리기도 해요 근데 제초제들이 대부분 7에서 10일이면 분해가 되긴 합니다 우리가 이게 정확히 언제 뿌린지를 모르는 상황에서는 문제가 될 수 있다는 거죠 혹시라도 제초제가 남아 있을 경우에 강아지들만 이렇게 핥아보고 막 하다가 이제 우선 부강을 통해서 토하기로 흡수되거나 공기 중에 좀 따돌리잖아요 거기다가 우리가 항상 강조하는 거 애들은 자세가 낮아요 그리고 냄새로 맡아요 그러면 호흡기로 흡수되는 경우들도 상당히 많기 때문에 조심해 주셔야 됩니다 그래서 만약에 제초제를 쳤는데 한 1 2주일 지나지 않았다 안 가는게 가장 좋고요 근데 꼭 가야 된다면 안고 가거나 개못자 개모차 같은데 아니면 캐리어 같은데 들어가 있는 상태에서 이동을 하는게 더 좋습니다 그 외에 또 우리가 이제 가을 되면 뭐가 많냐 낙엽이 있죠 아 낙엽 먹는 친구들 꽤 많아요 냄새도 새롭고 막 이러니까 낙엽에 관심 가지는 친구들 되게 많은데 사실 저희 아이들 중에서도 세상이 말고 버버리는 가끔 낙엽을 먹습니다 억지로 막지는 않는데 조금 먹는 건 괜찮아요 근데 낙엽에는 사실 이제 바닥에 있고 하다 보니까 세균 곰팡이 같은게 좀 많이 있을 수 있고요 운이 나쁘거나 아니면 너무 많이 먹었을 때는 소화기계 장애를 일으킬 수 있기 때문에 주의해 주셔야 되고요 그리고 땅에 또 뭐 많이 떨어져 있어요 은행 도토리 같은 거 도토리도 탄닌이라는 성분이 있는데이 소화기계 구토 설사 복통 유발할 수 있기 때문에 주시면 안 됩니다 그리고 이제 그냥 이렇게 좀 큰 거 먹었을 때는 항상 우리가 걱정하는 것 장폐색을 유발할 수 있으니까 주의해 주셔야 되고요 방금 말씀드린 도토리 국화 낙엽 사실 낙엽을 못 가게 하는 건 좀 힘들 것 같아 이런 것들이 보였을 때는 그래도 너무 걱정하실 없지만 이런게 나쁠 수 있다는 걸 아시고 주의해 주시는게 좋습니다 이게 또 너무 우리가 이거 사실 그래 위험한 것들 다 꼽다 보면 할 수 있는게 없어 아 이런게 위험할 수 있다라는 걸 알고 계시고 잘 주의깊게 살펴보다가 혹시라도 좀 너무 과하다 싶을 때는 과감하게 막아주시는게 좋습니다 추석이 되면 수의사들이 바빠지죠 특히 24시간 하는 병원들 참 바빠집니다 추석 음식이 너무 맛있어서요 최소 음식 맛있잖아요 우리가 추석 때 되면 가족들 다 모여 가지고 막 전국구 막 갈비찜도 만들고 가족들 대가족이 모여서 먹다 보면 강아지가 옆에서 아 이건 저도 좀 힘들어요 내 전 되게 단호한 편이긴 해요 먹을 거에 대해서 막 와서 달라고 하고 이러면이 대가족이 모여서 하나씩 조금만 줘도 어떻게 돼요 엄청 많은 양이 되죠 우리 사람들 70kg가 먹는 양과 5kg 7kg 애들이 먹는 양은 거의 엄청나게 큰 차이가 있잖아요 그래서 보니까 애들이 아마 소화기계 문제 아니면 췌장염으로 추석에 병원에 오는 경우가 상당히 많습니다 그래서 오늘 추석에 조심해야 될 음식들도 한번 알아보도록 할게요 우선 대표적인 추석 음식은 뭐가 생각나시나요 이런 거 생각하면 약간 아젠가 저는 어렸을 때 시골 가서 사촌들이랑 막대기 들고 가가지고 막 아무 쳐가지고 밤 떨어뜨려 가지고 밤도 쌀만 먹고 대추도 먹고 배 배 많이 먹고 그쵸 송편 먹고 막 이런 것들을 했었던 기억이 좀 있어요 그럼 이제 과일부터 한번 말씀을 드려 보면 밤 괜찮을까요 밤네 우선 밤은 괜찮습니다 근데 껍질째 주시면 안 돼요 당연히 소화 안 되겠죠 그리고 너무 크니까 어딘가 막힐 가능성도 상당히 높겠죠 그래서 껍질째 주시면 안 되고요 그리고 생밤은 안되고 삶은 밤으로 급여해 주셔야 돼요 근데 밤도 다 탄수화물이죠 그래서 너무 많이 먹으면 또 살찔 수 있어요 그래서 적당량 우리가 항상 간식은 하루 급여량 칼로리에 10% 정도를 추천하니까 어쨌든 뭐 이거 언제 또 계산하고 있어요 조금만 주세요 조금 너무 달라고 하면 안 주는게 더 좋구요 두 번째 배가 있겠죠 아 먹고 싶네 갑자기 배는 강아지들이 먹어도 될까요 배는 먹어도 됩니다 단 그러신 분들 없을 거예요 요즘 껍질째 주지 마세요 껍질에 잔류 농약이 있을 수 있습니다 그래서 절대 껍질째 주지 말고 다 깎아서 주시는게 좋아요 그런데 조심해야 될게 배 가운데 씨앗 같은 경우에는 강아지들한테 독성이 있을 수 있으니까 피해 주셔야 돼요 결국 깎고 먹고 나서요 관리를 잘 하세요 대부분의 과일 씨앗들이 강아지들한테 좀 안 좋은 영향을 끼치는 경우들이 있어요 복숭아 씨앗도 그렇고요 이게 꼭 독성뿐만 아니라 막히는 경우들이 상당히 많습니다이 장이나 위에서 장 넘어가는 12지장 부분에 좁아지는 부분이나 아니면 장쪽으로 넘어가거나 그리고 씨앗들이 어떻게 생겼어요이 날카로워요 생각보다 당뇨병 있는 친구들도 당연히 과일들은 다 당이 많죠 그래서 불났는데 부채질하는 격이 되니까 피하시는게 좋습니다 계속 반복합니다 앉으시는게 좋지만 주신다면 아주 적당껏 주시는게 좋아요 이런 과일들도 단백질 보다는 음식 알러지의 확률이 떨어지긴 하지만 이거는 개체별로 다 다를 수 있기 때문에 우리 아이들마다 다 다를 수 있어요 그래서 처음 먹여 보는 거라면 알러지가 있을 수도 있으니까 주의하셔야 됩니다 이제 과일 다음으로 한번 넘어가 볼게요 그 다음에 뭐가 있을까 저는 어떨 것 같으세요 자 전 붙일 때 한번 생각을 해보죠 우리가 정말 사랑하는 기름이 들어간 음식 중에 맛없는게 없는 거 같아 기름을 막 두르고 막 계란 노른자에서 이렇게 하잖아요 딱 봐도 칼로리가 엄청 높아 보이죠 그러면 이제 진짜로 추석 음식들 위험한 것 중에 하나가 칼로리가 너무 높고 지방이 너무 많아서 지방이 너무 많은 음식을 갑자기 먹었을 때 우리 강아지들은 췌장염이 올 수가 있습니다 그래서 추석 때 24시간 동물병원이나 추석 끝나고 동물병원에 췌장염 환자가 엄청나게 늘어나서 와요 안 좋습니다 갈비찜 한번 가보죠 갈비찜 될까요 왜 안 되죠 우리나라 음식 위험한게 있어요 마늘 우리나라 음식 중에 마늘 안 들어가는게 없어 근데 갈리게 민족이잖아 이거는 앞에서 말한 것들과는 좀 차원이 다른 문제들이 발생될 수 있어요 항상 사람 먹는 음식 주지 말라는 건 사람을 위해서 간이 된 음식을 주지 말라는 건데 추석 때 간 없는 거 먹으세요 위험할 수 있어요 그러니까 주지 않으셔야 되고요 이게 닭뼈가 아니라고 하더라도 먹다가 내 눈 아프면 다 걸립니다 무슨 답변만 먹으면 안 되는게 아니에요 다른 뼈들도 뭐 말리거나 떨어지는 거지 이런 큰 뼈들은 항상 위험성이 있기 때문에 조심해 주셔야 돼요 뼈를 먹다가 이제 대부분 괜찮을 수 있는데 뼈 먹다가 이렇게 팡하고 이빨 결대로 깨지는 경우들도 있어요 그리고 송편 절편 떡 같은 것도 먹죠 조심해 주셔야 되는 거고 하나 그대로 주시면 안 됩니다 우선 당도 높은 거는 뭐 그렇다 쳐요 그런데 걸리죠 삼키다가 이렇게 돼서 뭐 사실 대부분의 덩어리가 있는 집들은 이런 위험성이 있기 때문에 우리가 보호자로서 이걸 어떻게 빼는지 하임리법 같은 것들은 알고 계시면 좋고요 그것도 여기에 있습니다 한번 추석 오기 전에 확인해 보세요 사실 오늘 말씀드린 부분이 추석 음식 뭐 추석에 주의해야 될 것들인데 특히 음식 같은 경우에는 이쁘다고 이걸 주는게 오히려 더 나쁜 일들이 될 수 있어요 제가 항상 강조드리지만 그냥 원래 얘네가 잘 먹었고 문제가 없었던 그런 음식들을 너무 달라고 하면 차라리 그걸 주세요 우리 사람들 음식 말고 강아지들을 위해 만들어진 음식을 주시는게 가장 안전한 방법입니다 우리 즐거운 명절 날씨도 시원해지고 저희가 정말 기다리던 추석이 오고 있습니다 오늘 제가 말씀드린 것처럼 추석에 우리 반려견들과 주의해야 될 점들 잊지 마시고요 풍성하고 행복한 추석 명절 보내시기 바랍니다 좋아요 댓글 구독 알림 설정 잊지 마시고요 다음번에 또 더 좋은 정보로 찾아뵙도록 하겠습니다 또 놀러 오세요 안녕,
51,https://www.youtube.com/watch?v=4rWnaIsNW1M,4rWnaIsNW1M,"Dog Vaccinations: Are There Required Vaccines? 💉 | The Truth About Vaccinations, Part 1 | Seol Ch...",설채현의 놀로와 ,근데 만약에 보호자 분이 백신에 대해서 너무 걱정이 많고 이게 맞는건가 라고 생각한다면 안전하다고 해도 나는 잘모르겠어 이러면 할 수 있는 방법이 있습니다 놀러와 함께 더 행복해지는 반려 생활 설치형 행동 악수 의사입니다 이번 시간에는 많은 분들이 댓글에도 달아 주셨어요 우리 아이들 백신 어떤거 해야 되고 얼마나 자주 해야 되고 백신 알러지가 있으면 어떻게 해야 되고 그리고 또 위원 일 땐 어떻게 해야 되는지 사실 이런 걱정들이 최근에 더 아마 심해져 쓸것 같아요 아무래도 우리의 그놈 코로나 때문에 이 백신에 대한 좀 5분 신이 나 아니면 좀 걱정되는 면들이 많으시다 보니까 우리 아이들도 이 백신을 이렇게 계속 해도 괜찮은 건가 해야 되는건가 라고 고민 하실 수 있어요 이게 해답은 제가 내릴 수는 없는 거지만 제가 최대한 여러 자료들을 취합하고 그동안 해왔던 것들을 기반으로 우리 여러분들에게 그래도 조금이라도 걱정을 덜어드리고 가장 좋은 방법을 찾을 수 있는 그런 것들 한번 말씀 드려볼게요 첫번째로 우리나라 지금 백신을 어떻게 맞는지 한번 봐야겠죠 그래서 여기에 표에서 보시다시피 우리나라는 지금 권장 사항이 어떻게 되냐면 1차부터 5차까지 접종을 하게 됩니다 그래서 1차 에는 dhp 아니면 dh ppl 이라는 우리가 이걸 종합백신 이라고 불러요 딘은 디스템퍼 h 는 해 팟타이 티스 이건 간염이 고요 그리고 키는 파보 바이러스 파보 장염 이라고 막 들어보셨죠 그리고 그 다음 피는 파라 인플루엔자 그리고 마지막에 엘은 렙토스피라 이 5개의 아님을 렙토스피라 가 빠진 4개를 한꺼번에 예방할 수 있는 종합 백신이 있구요 그래서 1차 에는 종합 백신과 코로나 장염 백신 을 두개를 같이 맞는 경우가 가장 많습니다 강아지의 코로나 백신 은 장염을 유발시키는 코로나 장염 바이러스를 예방하는 거지 우리 사람과 관련된 이번에 우리가 지금 문제가 되고 있는 4b 드 19 랑은 관련이 없는 백신 입니다 그리고 이 차도 1차와 똑같이 종합 백신과 코로나 그리고 3차는 조금 달라져요 종합 백신과 켄넬 코프 한국말로는 전염성 기관지염 이라는 백신을 맞게 되요 그리고 4차는 3차 와 똑같아요 동아 백신과 전염성 기관지염 그리고 5차 백신은 종합 백신과 광견병 그리고 마지막으로 우리가 인플루엔자 독감 바이러스 인플루엔자에 대해서 또 6차 7차 이렇게 맞거나 아니고 5차 때 또 인플루엔자 를 같이 맞고 6번째 끝나거나 보통 우리나라는 백신을 이렇게 맞습니다 그리고 그 이후로 이 다섯가지 백신을 1 년 한 번씩 하라고 권장하고 있습니다 이게 우리나라의 권장하는 백신접종 이에요 근데 왜 이제 우리 보호자 분들이 걱정하는 야 이걸 매년 해도 되는건가 이게 뭐 해 나쁘진 않은 건가 그리고 찾아봤더니 유럽이나 미국은 이렇게 자주 안하는 것 같던데 라는 부분 쯤을 가지시게 된거죠 그래서 저도 올 알고 있었지만 미국의 접종 권장 사항을 찾아봤습니다 미국의 aha 라는 곳에서 어떻게 보는 수의사의 협회 같은 곳이죠 그래서 이 표에 보시면 나와 있지만 우선 미국 같은 경우에는 접종을 3차까지 만 하는 경우가 많습니다 미국은 가장 처음으로 백신을 크게 두가지로 나뉘어요 첫 번째는 코어 백신 진짜 중요한 백신이 다해서 코어 백신이 있고 그 다음에 논 코어 백신이 있습니다 코어 백신의 는 우리 한국과 마찬가지로 종합백신 이건 가장 중요한 백신 중에 하나요 왜냐하면 생명을 위협할 질병들은 사실 종합백신 안에 거의 들어가 있어요 그리고 두번째로는 여러분들 많이 알고 계시는 광견병 백신 2 코어 백신의 들어가 있습니다 광견병 같은 경우에는 집단 면역을 위해서 미국도 그렇고 한국도 그렇고 법적으로 맞춰야 되는 백신 이에요 그래서 코어 백신이 종합 백신과 광견병 이 들어가구요 그리고 논 코 백신의 뭐가 들어가 냐 면 캔 4극 전염성 기관지염 이 감기 같은 질병을 유발하는 바이러스와 세균의 집합을 우리가 켄넬 포프 라고 하는데 이 해낼 코프 가 있고 그리고 인플루엔자 그리고 미국에서 틈 토평 같은 것들이 있겠죠 그것 중에 뭘 렙토스피라 이런 것들이 있어요 근데 코로나는 또 안 들어가 있어요 그건 접종 주기는 어떻게 되냐 우리나라는 종합백신 은 1차부터 5차까지 맞는데 미국은 1차부터 3차까지 만 맞습니다 그리고 코로나 장염 같은 경우에는 맞지 않아요 저도 자료를 찾아봤는데 노모 코로나 장염 은 걸려도 거의 다 별로 아프지 않게 설사 조금 하다가 넘어가기 때문에 그렇게 중요하게 생각하지 않는다 라는 달여 들이 있더라구요 그 다음에 켄넬 구프 우리나라에선 두 번 봤는데 미국에서는 한 번만 많습니다 그래서 더 중요한 건 어렸을 때 이렇게 접종을 3차 까지도 5차까지 뜬 타 맞고나서 미국 같은 경우에는 접종을 다 하고 나면 그 다음엔 1년 뒤에 한번 다 이걸 막고 종합백신 같은 경우에는 3년 뒤부터 근데 나머지 백신은 매년 맞추라고 권장하고 있습니다 4 우리나라는 모든 백신은 종합백신 까지 포함해서 매년 하라고 하고 있죠 그러면 왜 이런 차이가 발생 됐는지 에 대해서 한번 좀 생각을 해봐야 될 것 같아요 가장 큰 이유는 아무래도 우리나라의 분양 환경이 줘 지금 말한 종합백신 에 들어가 있는 콩 역 그리고 파보 장염 바이러스 그리고 켄넬 코프 왜 켄넬 코프 겠어요 캔 4리 뭐냐면 우리가 말하는 그 번 식장 있잖아요 그런 걸 우리가 예전에 켄넬 이라고 했어요 거기서 걸리는 감기 라고 해서 켄넬 코프 라고 한단 말이에요 그가 대부분의 200 씬들이 탓이 일단 요즘 우리가 사는 환경에서 걸리기는 되게 어려워요 확률이 확 떨어져요 우리나라는 예전부터 번식 짝 문화가 너무 오랫동안 지속되었고 번식 되어 있는 아이가 밖에 나와서 바이러스를 뿌린다 거나 이럴 수도 있으니까 조금 더 이 접종을 많이 건장한 것 같다 라는 추측을 하고 있는 거죠 그리고 충분히 미국에서도 이런 한 채가 검사 같은걸 통해서 3차 까지만 해도 안전해 뭐 이런 연구 결과가 나왔을 거예요 근데 거기도 항상 나와 있어요 하이 리스크 지역에서는 수 의사의 판단에 따라 더 해야 될 수도 있다는 그게 우리나라는 그동안 던 식 문화상 약간의 하이 리스크 지역으로 받아 됐던 거죠 근데 만약에 보호자 분이 백신에 대해서 너무 걱정이 많고 이게 맞는건가 라고 생각한다면 그리고 만 1년에 한번씩 이렇게 하는게 별로 인것 같은데 우리 아이 건강에 혹시라도 걱정되는데 안전하다고 해도 나는 잘모르겠어 이러면 할 수 있는 방법이 있습니다 바로 한 채가 검사해야 한 채 까 검사 라는 건 뭐냐면 백신을 맞고 한 채가 형성되어 한 채 라는건 이 바이러스나 병원균에 대해 섯다 울 수 있는 군대 같은 거에요 이 분대가 얼마나 있는지를 확인하는 검사가 있습니다 그래서 이 검사를 해서 5 잘하는 것들에 대해서만 백신을 맞추는 것도 어떻게 보면 우리 많은 보호자 분 들의 걱정을 덜어드리고 안심하게 할 수 있는 방법이라는 거죠 여기서 알아야 될게 하다 있습니다 항체검사 같은 경우의 두 가지로 나뉠 수 있어요 첫번째가 동물 병원 자체에서 1 항체검사 있어요 병원에서 검사 않은 경우 구토 두 가지 않는 3가지 항목을 검사 한데 이것들은 다 허 백신인 종합백신 에 대해서만 한 채 검사 결과가 나오게 됩니다 고통 바보 바이러스 그리고 홍역 디스템퍼 바이러스 그리고 간염바이러스 해 팟타이 티스 바이러스에 대해서 나오거나 님의 파티 its 있는 검사를 안 하기도 해요 근데 그러면 터너 다른 고 광견병 도 궁금하고 때에 충분히 있으면 안 맞추고 싶은데 그리고 뭐 편달 코트도 항체 충분하면 난 맞추고 싶은데 이건 어떻게 검사 할 수 있냐 병원에서 피를 뽑아서 실험실을 보내는 경우들이 있어요 실험실에 보내면 더 많은 항목들이 나옵니다 많은 항목이 라고 하면 이 5개 접종 에 대해서 모두 항 책과 검사를 할 수 있어요 단 광견병 같은 경우엔 항체 까 가 나오기는 하지만 국가공인 실험실은 아니기 때문에 이건 국제공인 실험실에 서 해야되요 단 우리가 이제 경제적인 측면도 한번 생각을 해봐야 겠죠 이렇게 모든 항목이 나오는 실험실에 보내서 1 1 책과 검사 같은 경우가 병원에서 하면 보통 한 8부 만화 근데 우리가 백신을 다 맞추면 그것보다 넘어가긴 하겠네요 만약에 한 채가 충분하다면 8 9만원으로 한 채가 검사하는 게 더 저렴할 거구요 근데 만약에 검사를 했는데 뭔가 모잘라서 더 맞춰야 된다 라고 한다면 조금 더 경제적으로는 지출이 생길 수가 있습니다 경제적으로 봤을 때 큰 차이는 없어요 그래서 우선 안 말씀드리고 싶은게 백신에 대해서 너무 걱정하실 필요는 없습니다 특히 1년차 2년차 에 맞았을 때 별 문제가 없었던 아이들한테는 항체 들은 더 많이 형성된 이까 근데 만약에 걱정 되시는 분이 있다 우리한테 뭔가 주사를 더 놓는 게 걱정된다 라고 한다면 항체 검사를 통해서 지금 모자란 것들만 추가하는 것도 합리적인 선택이 될 수 있다라는 겁니다 또 많은 분들이 걱정하시는 게 있어요 백신 부작용 이에요 얼굴이 붓고 벌에 물린 것처럼 북구 막 가려워 하고 그리고 심한 경우에는 숨을 잘 모셔요 아 [음악] 아 음 yet 아 tote 4 [음악] 아 으 아 아 222,
52,https://www.youtube.com/watch?v=kkuA-OdlvJc,kkuA-OdlvJc,공격성이 있는 반려견에게 '제압'이 효과적일까? | 설채현 행동학 수의사,설채현의 놀로와 ,안녕하세요 설치한 행동 악 소리 삽니다 먼 시간에는 되었 꼭 한번 얘기하고 싶었던 부분이라 좀 무거운 주제가 될 수도 있을 것 같습니다 공격적 인게 부재 b 강압적 방법에 개는 사람이 아니니까 개는 사람보다 하등한 동물이니까 이런 모든 편견을 내려놓고 영상을 끝까지 보신 후에 댓글을 달아주시는 걸 부탁드립니다 토론이나 우리 문화를 바꾸고 방법적인 부분에 대해서 정중하고 건설적인 댓글은 아주 환영하구요 그걸로 모자르다 생각되면 저희 토론의 뭐 초대를 하도록 하겠습니다 그리고 그 토론은 저희 유튜브에서 라이브로 콩 추를 하게 될 거고요 인신공격성 댓글이 있다면 문헌 용 원칙으로 대응 하겠습니다 그리고 거기서 언 합의 급은 우리 유기견들을 위해서 다 쓰도록 하겠습니다 제가 왜 이 주제를 꼭 말 하고 싶어 냐 면 아직까지 좀 오해하고 계신 것들이 더라구요 우선 첫번째 5회가 이 제목과 같이 공격적 인게 는 빠져야 합니다 두번째가 다른 방법이 없다 그렇기 때문에 공격성에 는 예외가 존재한다 이 두 가지 생각을 얘기 하시는 분들의 전제가 있어요 볼 것 같아요 이 방법이 제약 효과가 있다구 그 이게 전제가 되기 때문에 많은 분들이 이렇게 얘기하고 계신 거예요 생각을 한번 해 볼게요 대 학적 인 방법을 쓰지는 않지만 이 제압을 하는 방법이 효과가 있다라고 한다면 저도 써보고 싶을 수도 있을 것 같아요 실제로 진료를 하다보면 정말로 공격적인 아이들이 있구요 실제로 물려고 하는 아이들이나 물려 4 시도를 하는 아이들 물 지나 나도 반복해서 귀가 찢어질 정도로 징 는 아이들이 있습니다 더도 만약에 제가 제압을 해서 애가 좋아질 수 있다라고 한다면 그 방법을 사용해 보고 싶어요 간단 하잖아요 내가 제압 딱 하면 보호자 편해지고 보자 잠깐 슬퍼 지겠지만 얼마나 간단해요 금방 끝나고 요기에 대해서 한번 얘기를 해봐야 될 것 같아요 공격 정도 종류가 아주 여러개가 있습니다 정말 많이 있어요 근데 그중에 영역 방어 공격성 에 대해서 한번 우리가 제압을 통한 방법을 썼을 때 어떤 결과가 초래되는 지 좀 이해하기 쉽게 한번 설명을 드려볼게요 영역 방어 공격성은 사람이 이렇게 들어갈 때 개가 이럴 때 짓는 거겠죠 얼른 거리면서 그리마 이렇게 이빨 나와있고 공격성을 막 보일 거예요 그러면 이렇게 공격성을 보이는 아이들한테 우리가 원인을 생각해 봐야겠죠 얘가 왜 지느냐 두 가지로 나눌 수 있습니다 제 학적 인 방법을 쓸 때의 생각하는 방법이 원인은 서열이 다 사람을 우습게 보는 거다 그리고 두번째는 두려움 우리 집에 누군가 들어오는 것이 모르는 사람이 들어오는 게 무섭다 이 두가지 경우에 대해서 둘다 제압 쩍 인 방법을 썼을 때 어떤 문제가 일어나는 지 한번 보겠습니다 우선 사람을 우습게 본다 라고 해서 한 사람이 제압을 했어요 아주 강하게 잡을 했습니다 아무것도 하지 못하도록 그러면 문제가 해결되는 것처럼 보일 수 있어요 그 사람은 정말 무서워 하잖아요 그쵸 근데 문제 뭐냐 제압한 사람이 있을 때나 우리 한 번 잘 생각해 볼게요 누가 나한테 무섭게 에서 내가 그 사람한테 잘 못해요 아대 가제 이길 줄 알았는데 한번 싸워 봣더니 지네 라는 생각을 가지게 되요 그러면 다른 사람한테도 같은 생각을 가지게 될까요 전 그렇지 않을 거거든요 우리가 누군가와 얘기를 하고 이렇게 어 저사람 나보다 좀 더 키 2 쎄고 힘이 센 사람이야 이런 느낌을 받았어요 그렇지만 a 라는 사람한테 그런 느낌을 받았다고 해서 제가 b 라는 사람한테도 부싱 거리고 무조건 내가 질 것 같은데 이런 생각 가지지 않습니다 근데 우리가 원하는 게 뭐예요 영역 방어 공격성 에서 손님이 왔을 때 짓는 것 어떤 사람이 와도 좀 편하게 있었으면 좋겠는 거예요 결국에 문제 해결은 힘들게 되죠 그리고 다음번에 왔을 때도 그 사람한테 얌전한 모습을 보일까 저는 그럴 가능성은 아주 적다 라고 봐요 이거는 뭐 경험적으로 도 그렇고 그리고 한번 줬다고 해서 계속 지진 않아요 오히려 더 강하게 반응을 하는 경우도 있을 수 있기 때문에 리스크가 있습니다 사실 영역 빵 오 공격성은 서열에 의한 공격성이 아니에요 콰 열에 의한 공격성 이라고 하더라도 이런 문제점들이 발생할 수 있습니다 그걸 영역 방어 공격성은 어떤 공격성이 냐 두려움에 대한 공격성 이에요 우리집에 모르는 사람이 들어오는 게 두렵다 이런 두려움을 유발하는 가장 중요한 포인트는 뭐냐면 맥락 이라는 다 거에요 강아지들은 맥락을 모릅니다 모든 맥락을 모르는 건 아니구요 뭐 예를 들어서 뭐 산책 줄을 꺼내면 좋아한다 이런 것들은 맥락을 않은 거죠 내가 이 산책 줄을 하면 산책을 나간다 보호자가 외출 가방을 들리면 마 흥분하고 좋아하는 아이드 이 외 출 가방을 하면 보자 함께 나간다 근데 우리가 설명할 수 없는 부분 이제 손님 있고 올 거야 배다리 곧 올 거야 이런 것들에 대해서 설명해 줄 수가 없기 때문에 이 맥락을 모르면서 두려움이 생깁니다 사람들 한번 잘 생각해보세요 우리가 맥락을 알기 때문에 참을 수 있는 것들이 있어요 그게 바로 병원 이에요 병원 같은 경우에 우리가 가면 앞으 줘 소독을 해도 아프고 치료를 했을 때도 아파요 하지만 왜 참 할까요 지금 아파요 따 중에 더라도 쓰니까 이게 맥락을 않은 거예요 그렇기 때문에 우리가 병원가면 참아요 근데 반대로 캐드는 맥락을 모르죠 그래서 동물병원은 이런 제압이 가장 많이 일어나는 공간 중에 하나에요 수 의사들은 개들이 맥락을 모르기 때문에 개들 한테는 진짜 이런 다음 써도 되나 미친놈 이에요 내가 이걸 날 줄 모르기 때문에 내가 이걸 참으면 나중에 덜 아프다 라는 걸 모르기 때문에 나를 더 아프게 하고 내가 싫다 라고 하는데도 계속하는 내가 물어서 도망가야 되는 그런 존재가 수 의사가 되는 거에요 그래서 실제로 미국에서 나 지금 많은 동물병원에서 2억 소리라는 그럼 과정들에 대해서 상당히 관심을 많이 가지고 있죠 그러면 이제 맥락에 대해서 어느정도 이해를 했다 라고 한다면 아까 그 상황으로 돌아가 볼게요 개들에게 손님은 맥락을 전혀 모르는 상태에서 손님이 아니에요 꽃님이 아니라 뭐가 될까요 심 입잖아요 특히 어렸을 적에 많은 사람들과 사회와 가 되지 않았거나 집에 많은 사람들이 놀러와서 즐거운 경험을 해보지 못하고 5개월 넘을 때까지 우리 집에서는 나와 가족만 살았다 라고 한다면 개들에게 손님은 그리고 기질에 따라서 도 좀 달라집니다 침입자 이자 강도가 되는거예요 이런 오해를 하고 있겠죠 왜 보호자는 강도가 왔는데도 가만히 있을까 그러면 이제 여기서 한번만 바꿔 볼게요 여기서 내가 게다 그러면 지금 어떤 상황이에요 내가 집에 있는데 강도가 들어온 상황이에요 여러분들 어떻게 하실건가요 가만히 쓰실 건가요 많이 줘 쫓아내기 위해서 나가라고 소리를 지를 거예요 그런데 그 강도가 나를 제압했다 내가 정말 싫다고 발버둥치고 난리를 쳐도 결국 나보다 힘이 센 강도가 나를 제압했습니다 그러면 제가 여기서 한번 질문 드릴게요 다음에 강도가 들어 왔을 때 당신은 어떻게 할 것인가 되어 그냥 이 질문 하나만 딱 드릴께요 강도가 나한테 들어와서 나를 제압을 했어요 그러면 혹시라도 다음에 또 강도가 들어 왔을 때 여러분들이라면 어떻게 할 것인가 수능 하실건가요 가만히 있으 실 건가요 저는 그렇지 않을 것 같아요 더 격렬하게 반응하고 오히려 내가 편히 쉬어야 할 내집 공간에서 강도에게 제압을 당하고 트라우마가 생겨서 평상시에도 더 많은 준비를 하고 있을 거예요 혹시라도 강도가 들어오면 나를 지키기 위해서 더 강하게 반응을 하기 위해서 결과론적인 얘기를 한번 해보죠 제압을 통한 솔루션의 목적 내가 나한테 짓는 것에 대해서 화가 나서 싸워서 화풀이 하는 거 말고 우리가 진짜 원하는 솔루션의 목적은 뭔가요 다른 사람이 들어와도 공격적이지 않고 양정 읽는다 으 이 목적이 달성 2 될까요 절대 되지 않습니다 어떻게 확신할 수 있냐구요 제가 아까 잠깐 말씀 드렸죠 이런 일들이 일어나고 있는 공간이 동물병원 이에요 그 동물병원은 어쩔 수 없죠 명분이 있어요 얘가 어느정도 트라우마가 생겨 도 건강보다 중요한 건 없어요 그래서 실제로 건강보다 중요하지 않은 것에 대해서는 병원에서도 치료하지 않고 넘어가는 경우도 있습니다 하지만 이걸 치료하지 않았을 때 정말 건강에 큰 영향을 끼친다고 생각이 들게 되면 이 맥락을 모른 상태에서 아무리 두려워하고 물려고 해도 억지로 제압을 하고 치료를 한단 말이에요 그러면 그 친구들이 다음번에 동물 병원에 왔을 때 이 방법이 통한다면 수능을 해야죠 아니에요 더 힘들어져요 수 의사들은 그런걸 항상 늦게 저도 많이 느꼈고 그렇기 때문에 동물병원에서 도 페어 프리 라는 프로그램에 대해서 관심을 많이 가지게 되는 거에요 애들이 제압을 통한 방법을 통해서 우리의 목적이 달성 이 되는 게 아니라 오히려 타 엄마가 생겨서 오기 때문에 거기다 동물병원은 내 집이 아니잖아요 내 집이 아닌 곳에서 그런 제압을 당하게 이 때문에 그 트라우마에 크기가 집에서 당하는 것보다 그렇게 크지 않아요 집은 내가 편히 쉬어야 되는 공간인데 거기에서 제압을 당하게 된다면 특히 손님이 들어와서 제압을 한다 라고 한다면 그건 솔루션의 성공을 하는 게 아니라 지금까지 말씀드린 것처럼 더 악영향을 끼친다는 거죠 과정이 좋고 결과가 좋은 게 제일 좋아요 것에 분화를 못해요 과정이 안좋아도 결과가 좋으면 좀 양보할 수 있을 것 같아요 과정이 안좋은데 결과가 그대로이다 그건 나쁜 거죠 과정이 안좋은데 별과 가 더 안 좋아진다 최악의 방법입니다 그렇죠 그러면 지금까지 설명을 들어보면 이 네가지 중에 강도가 다를 제압할 했을 때 다시 강도가 들어 갔을 때 어떤 반응을 보일 것인가 이게 사람이다 강도라는 게 아니에요 걔네들은 그렇게 오해를 하고 있다는 거예요 이 거겠죠 그러니까 사실 저는 안 하느니만 못하다 라고 얘기를 하는 그러면 다른 대안이 이냐 여기서 보시다시피 사람이 안에서 욕심이 이렇게 나요 잘 지내고 있다 좋은 상품이에요 으 절대 내 이제 곧 알 단상 비포 에프터 가 있는데 왜 하하 어디라고 생각하십니까 그런 얘기 하실 수 있구요 그렇게 해서 전 다른 사람 많은데 한번 연락해 보세요 아니면 저희 댓글 달아 주셨으면 좋겠어요 그런 방법을 통해서 교육 받으셨던 분들 지금 어떤지 지금은 어떻게 살고 있는지에 대해서 댓글을 달아 주셨으면 좋겠습니다 차라리 아무것도 아니라 그냥 과정이 없었으면 좋겠다 이런 생각이 들게 되는 거죠 그러면 어떻게 해야되냐 아니 뭐 대체할 수 있는 방법을 얘기하고 그런 얘기를 해야 되지 않냐 가장 좋은 방법은 뭘까요 즉 오해를 하고 있다고 했죠 맥락을 모르기 때문에 오해를 하고 있다 그러면 우리도 똑같죠 오해를 한다고 무조건 싸워 나요 우리 오해를 풀려고 해봐야죠 그건 나중에 한번 더 자세하게 설명 드릴께요 보호자 리더십으로 올리고 손님이 오해를 풀어준다 침입자가 아니라 선물 주러 온 살았다 물론 이 교육의 1개는 아주 반복적 해야 된다 이 오해를 풀기 위해서 아니면 관리 적으로 이 겠고 얘네 들의 감정을 바꿀 필요가 없을 때도 있어요 결국 가장 중요한 건 뭐예요 개가 사람을 물면 안 된다는 거예요 개가 사람을 물면 안 돼요 그건 명화 케어 그러면 보호자가 페이트 교육이나 손님과 만나지 않고 안전이 보장된 상태로 차분하게 있는 교육 이런게 훨씬 더 효과적인 거죠 이게 만약에 잘 되지 않는다고 해도 이건 더 악화는 되지 않아요 그 리듬에 대안이 없는 게 아닙니다 꾸준히 열심히 해야 되는 거죠 근시안적인 지도 않아요 제가 이제 말하고 싶은 포인트는 뭐냐면 재 앞 을 통한 방법이 실 속하고 유일하고 효과적인 방법이 아니라는 거예요 우리가 강도를 당해 쓰면 그 뒤에 준비를 하고 더 심하게 대응을 하듯이 원래 상태보다 더 나빠지게 하는 방법 이라는 거예요 개는 맞아야 된다 무는 개는 맞아야 된다 이런 생각들 때문에 개를 하등한 동물이라는 생각 사람이 더 중요한 세상이니까 나보다 덜 중요한 대상이 나한테 공격성을 보이는 거 개심하고 이런거를 빼고 본다 라고 한다면 오히려 효과가 없는 끼 말하면 괜찮다 하지만 더 악화시킬 수 있어서 우리가 원하는 목적에 정반대 되는 문제들이 나타나기 때문에 이런 제압을 통한 방법을 사용하면 안된다는 거죠 특히 영역 광어 공격성 같은 경우에 그래서 제가 오늘 이런 얘기를 하면서 분명히 내가 아무리 이렇게 논리적으로 나 이성적으로 설명을 해도 받아들이지 못하시는 분들이 있을 거에요 그런데 한 번만 모든 것 다 빼고 강아지들의 침내 상태에 대해서 한번 생각해 보셨으면 좋겠어요 만약에 강아지가 이런 맥락을 모르기 때문에 이로 오해를 하고 있고 이런 오해 때문에 이런 행동을 하고 있다고 한다면 제가 말씀드린 것처럼 절대로 그렇게 제압하는 방법을 쓸 수 없어요 강아지들의 심리에 대해 드릴을 한다면 예시를 하나 더 들어볼까요 영어로는 컴퓨터 그 레이션 이라는게 있습니다 갈등에 의한 공격성 이건 주로 어느 때나 타냐 면 보호자가 무언가 하려고 할 때 무언가는 발토 귀청소 목욕도 으 여기서도 똑같아요 이 문제는 이 컴퓨터 그랬어요 보험자가 무언가 하려고 할 때 주로 나타나는 공격성은 왜 이런 아냐 맥락을 모르기 때문이에요 원래 개들은 이런걸 하던 동물이 아니에요 사랑과 살면서 하게 된거죠 이걸 왜 해야 되는지 몰라요 그래서 좀 예민하고 특히 뭐 사회 시기 때 보호자와 좀 긍정적인 경험을 하지 못한 아이들 같은 경우에는 이렇게 생각하겠죠 나는 싫다고 표현 하는데 왜 자꾸 하는 거야 이것도 오해 줘 필요한 건데 해야 되는 거에요 그러면 이 상태에서 뭘 가장 많이 해야 될까요 임마 게 병원에서 처럼 해야 되는 걸 얘네들이 이해 못해서 꼭 해야 되면 입마개 를 하고 빠르게 끝내야 돼요 민감하게 교육할 때도 억지로 하면 어떻게 될까요 제 앞에서 망해 여 다음번에 이것만 봐도 도망가요 그래서 전 항상 그런 얘기 하거든요 9대 1의 벚꽃이 5 임마 게 쓰고 9번 재밌게 놀고 한 번만 싫은 거야 그리고 음악에 교육은 스스로 들어오기 이거는 충분히 할 수 있어요 단 시간이 걸리죠 까지 기계 아니잖아요 우리가 뭐 부품 끼어 넣는 다고 하루만에 바뀌지 않습니다 제가 3 나게 나오고 있지만 제가 거의 고 pd 는 분들은 더운 날 수도 있지만 또 동물 프로그램들은 저희 3 나게 될 도 마찬가지고 축구 하이라이트 필름과 같아요 하루만에 모든 게 해 편집을 잘 하면 사실 되게 좋아진 것처럼 보이지만 저같은 경우에는 보자 분들한테 다 연락 드리고 아요 의지가 있으신 분들은 열심히 해보자 그래 실제로 저희 트레이닝 센터와 진료실에 와서 꾸준하게 치료나 교육을 받고 있는 친구들도 많구요 절대로 그렇게 하루 만에 좋아질 수 없어요 그래서 방송 적으로도 맞지 않는 아이템들은 저는 이제 가지 말자 라고 얘기를 해요 하루만에 조금이라도 좋아지는 모습을 보여줄 수 없으며 사실 방송 적으로는 그렇게 맞지 않잖아요 그래서 이것도 마찬가지 요구 마개를 어디로 제 합계 해서 하면 오히려 더 안 들어 가면서 문제가 생길 수 있다는 거예요 동물병원 이나 미용실이나 이런데서 안전하게 좀 해달라고 말을 할 수 있지만 이것도 억지로 하는 순간 바로 문제가 생길 수가 있습니다 마무리로 한번 해볼게요 정말 길게 얘기했지만 3 앞 을 통한 방법은 과정도 별로고 오히려 더 나쁜 결과를 초래할 수 있다 그래서 여러분들이 그런 오해를 하지 않으셨으면 좋겠어요 정말 저도 묻는 게 싫어요 무는 게 싫은데 저는 목적을 생각하는 거예요 저도 다이어트 1 저 어서 가끔은 화도 내고 싶고 그렇게만 해결이 된다고 한다면 하지만 내가 제압을 통해서 했을 때 애가 다른 사람을 물지 않았으면 좋겠다 가 오히려 더 나쁘게 될 수 있기 때문에 다른 거 다 떠나서 개를 사랑하고 제가 수의사 하고 트레이너 고 이런걸 그냥 다 떠나서 그냥 2 목적 1 만 봤을 때 이 목적이 달성 이 되지 않기 때문에 하지 말자는 거예요 오늘 제 얘기를 듣고 모든 편견과 감정적인 부분을 배제하고 한번 더 생각을 해 봐 주셨으면 좋겠습니다 그리고 마지막으로 내가 여러분들한테 꼭 보여드리고 싶었던 영상이 있어요 이 분들 중에서는 제가 되게 좋아하고 2분들의 책도 읽은 것들이 있는데 미국의 행동 악으로 봤을 때 가장 점령하고 유명하신 분들이 이런 서열과 재 학적 인 방법에 대해서 얘기 안 영상이 있습니다 끝으로 이 영상까지 쭉 봐주시고 다음번에 또 더 좋은 영상으로 찾아뵙도록 하겠습니다 또 놀러오세요 안녕 마우스 더스타 d3 퓨어화이트 팬 아따 어느 브라이트 가렌 바보 왜 하는 모습 here free 오디 감압 나 그래요 to his coy 해 onu 많이 봤어 먹어 탈락 되어 있는 사람 스파이 를 찍는 습이 교수에게 시켰습니다 ero 이곳 반출 ser ser x 개 기업이 와 손 피버 탐험에 s 피켓 이유없이 mq location 해킹의 x 파일에서 번역될 수도 있으니까요 솟대 더 많 여친 ops 초대 하기에 69 바로 u 프로젝트의 위해 우선 애쓸 또 수도 없어 이렇게 된거 쓰셈 너무 잘 거야 이 c 자 나와 예 암이 프로 헬맷 추어 싹들이 있어도 누구야 2 lte2 다음엔 x 피로도 선택한 쏘울 수동 악수도 기절 따 오면서 그 맘 나 지구나 보십시오,
53,https://www.youtube.com/watch?v=FRw0wXRRCrc,FRw0wXRRCrc,MBTI 강아지ver! 🐶 우리 아이는 E일까? I일까?  | 설채현 행동학 수의사,설채현의 놀로와 ,그래서 제가 예측하는 세상이 mbti 는 ti w fee [음악] 안녕하세요 설치와 행동 악스에서 합니다 4 이번 시간에는 좀 재밌는 걸 한번 해보려고 하는데요 사람들 요즘 되게 많이 하고 계시죠 mbti 저는 제대로 보진 않았는데 인 스티브 피가 나왔던거 같아요 굉장히 재밌더라구요 별로 관심을 가지지 않다가 여러분들 사람 mbti 뿐만 아니라 강아지 mbti 멍 bt 아이도 있는 거 아셨나요 저는 되게 추천을 많이 하는 편인데 왜냐하면 많은 분들이 이거 재미로 하는 경향이 있어서 강아지도 재미로 한다고 생각을 하는 경우가 많은데 왜 중요하냐 하면 사실 행복하게 살려면 어떻게 해야되죠 상대방에 대해서 알리면 그리고 조금 이해를 하면 좀 타협하고 그건 그럴 수 있지 내가 그런 것들은 감수할 게 이런 생각이 드는데 그냥 이런 이해가 없다 보면 그냥 얘는 미워요 사람 뿐만 아니라 강아지들도 내 반려견의 성격에 대해서 알게 되면 조금 더 거기에 대한 똘 로션이나 아니면 이해도가 높아지면서 더 행복해질 수가 있거든요 저는 정말 좀 싫은게 방송국에서 되게 좋아하는 게 뭐냐면 자꾸 종결 특성을 드림 아니니까 키우기쉬운 좋은 뭔가요 키우기 어려운 점은 뭔가요 권력 성이 높은 조금 뭔가요 어느 정도는 있을 수 있지만 사실 강아지들도 정말 이 개체 수가 많아지면서 종 안에서도 성격이 다 다르거든요 그 저는 이제 종별 특성을 좀 버리고 우리 아이에 대해서 알고 싶으면 이런 성향 테스트를 해서 조금 더 이해하고 행복해질 수 있도록 한번 노력을 해 보셨으면 좋겠습니다 그래서 오늘은 제가 일부러 안 하고 있었어요 일부러 세상이 는 안하고 기다려 왔어요 그래서 우선은 여기 보면 사람의 미티 아이처럼 네 가지 차원으로 이루어지는데 첫번째가 활동성 그리고 보호자와의 관계와 관련된 관계성 그리고 새로운 환경에 대해서 적응하는 적응성 그리고 보자 뭔가 이렇게 시켰을 때 바로 잘하는지 이런거에 대한 결과를 보는 반응 썽 이렇게 네 가지 차원으로 이루어 지거든요 알파벳은 사람이랑 조금씩 달라요 우선 제가 전문가로서 우리 세상의 멍 bt i'll 한번 예측해 보고 실제로 이 테스트를 해봤을 때 어떻게 나오는지 야 근데 이거 다 틀리면 어떻게 즉 이거 내가 했는데 결과는 다르면 누가 잘못한 거지 내가 잘못한 걸까 검사 짧은 틈이 걸까 너희 검사가 상당히 과학적으로 사람 mbti 처럼 잘 만들어 줬어요 그래서 만약에 다름 이제 제 잘못이라고 굉 각을 해주시면 되고 한번 해보겠습니다 그래서 지금 첫번째 차원 활동성 에서 2가동 적 성향 피가 정적 성향 인데 당연히 우리 세상이 는 24시간 중에 한 16시간을 자는 친구 때문에 정 적성 양 피 관계성 관계 지향적인 야 독립 지향적인 야 어 이게 조금 애매한데 세상에 만져주는 걸 진짜 좋아 하지만 그렇다고 막 철을 졸졸 쫓아 다니거나 그리고 분리 불안이 있고 다 이렇지 않거든요 혼자 되게 잘 있어요 저는 아이 쪽에 한표를 던집니다 그러면 관계성 에서는 아이 독립 짠 적응성 씨가 자신감 명 w 가 신중 형인데 쉽게 생각하면 c 자신감명언 어딜가도 좀 잘 놀고 적응을 잘하는 친구 1 거고요 w 신중 형은 좀 적 못하는 친구들 꽤 많거든요 더 많을 거야 조금 잘하는 친구들 보다 잘 적응을 못하고 오래가고 자주 가야지 적응하는 친구 일텐데 음 당연히 우리세상 있는 원랜 완전 심중 형이었는데 파워 w 었다가 최근에 쪼금씩 c 로 넘어가고 있지만 아직은 신중 혁 w1 것 같아요 그리고 반응 썸 f 가 춤 지켜 0 a 가 김 인형인데 이제 충 지켜 그 내가 시킨거 바로바로 잘하는 애 기 민형은 뭔가 보장 시켜도 좀 잘 안하고 자기가 뭔가 하려고 하고 이런 친구들이 김 인형인데 아 이게 애매하다 엄청 형은 없나 아따 아 왜 그 기묘한 회당이 가 으 나쁜 얘기 아니에요 세상이 조금 같은 식품 약간 멍청한 것 같아요 발을 한다고 잘 듣지는 1 그렇다고 지금 혼자 생각해서 막 뭔가 하려고 하면서 사고 치지 나나 3 클까 일까 이게 되게 지금 여기서 전 좀 헷갈리네요 뭘 거 같아요 용의 대상이 다 아니까 충 지켜 길가 김인영 일까 나는 충 직행에 걸겠어 그래도 시킨 걸 확인 해 자기 마음에 안 될 때 않겠지만 그래도 어 이외수의 걸겠습니다 이게 그래서 조금이라도 점수가 높은 이걸로 나올 거니까 그래서 제가 예측하는 세상이 mbti 는 ti w f 이제 행동 악수 의사로서의 운명이 걸린 실제 테스트를 한번 뵙겠습니다 검사 전에 간단히 세상이 의 정보를 기입하는 게 있거든요 그걸 먼저 뭐 해 보겠습니다 네 우선 강아지 프로필을 한번 만들어 보면 세상이 사진을 넣고 d 적이 없다 야 난 이게 제일 슬퍼 반려견 생년월일이 몰라 회상 이래 그래서 6살 추정 으로 하기로 했으니까 2016 냥 다른 색이 똑같이 해야지 근데 데리고 응 발전으로 나쁜 오빠 다 들어오고 날짜가 정확히 기억이 합니다 또 똑같이 게 할게요 중요하지 않으니까 으 으 자세가 닫고 그러니까 약속 배당을 한창 아니라 제가 남자로 보통 감옥 안에 말통 어쭈 그냥 무슨 정보 손을 살짝 마치 하다가 그렇죠 그런것이 찾은게 아니라 그냥 그렇죠 좀 아 2배 난 경로는 유기견 보호소 라고 하죠 그냥 지난 6개월간 병원 진료를 받거나 이번 또는 수술 받은 적 없습니다 등록을 다 했구요 이제 검사를 한번 시작을 해보겠습니다 검사를 다 아는 데는 한 10분 정도 걸리는 것 같아요 성실한 성실한 우리 개성이 가 성실한 것 약간 그렇죠 똘망똘망한 눈 똘망똘망 한데 그래도 공동 그렇게 돌며 쫌만 나잖아요 굳이 사람에게 가까이 가지 않고 먼 발치에서 바라보는 편이다 요즘 그래도 사람한테 좀 가까이 가야 7인치 결과 다르게 나올 것 같은데 그 쓰다 2 포털 라고 요구한다 는 데 매우 그렇습니다 안되고 땜에 1개 세상에는 먼저 와서 쓰다듬어 달라고 하지 않았는데 한번 쓰다듬기 시작하면 개미지옥 이에요 계속해 봐요 기다려 인 상태로 오랜 시간 동안 지속할 수 있다고 아주 잘할 수 있죠 아 그러네 그리고 꼭 해보셔야 되니까 전문가 리 나도 단편 쪽으로 가지고 있다가 질문이 많아 지면서 나도 모르게 느끼는 것들이 생기는데요 관심을 독차지 기 위한 노력한다 워 나 혼자 잘 있으니까 독립 제한적 이라고 생각을 했는데 약간 다른 강아지들이 생기면 관심을 좀 받을려고 해요 약한 부탁이 큰 어떠 옴 유튜브 나갈 수 있는 거야 그렇다 어 다 있어요 제출 이거는 좀 길어도 요 재미로만 보지 마시고 다 읽어 보셨으면 좋겠어요 전력이 너무 좋은 얘기들이 많거든요 종이 같거나 털 색이 같다는 이유로 비슷한 성격으로 정해야 되는 것은 과연 적절 할 까요 라고 물어보면서 시작을 한단 말이에요 종별 특성이 사람보다는 더 강한데 왜냐하면 아무래도 사람의 목적에 의해서 교회가 되기 때문에 어느 정도 더 강할 수 있어요 근데 뭐 나 이제 반려동물 화 되고 가 축하 되면서 그런 종대 특성들이 사라지는 경우들이 되게 많아요 저는 종 별 특성에 대해서 다시 퍼센트 정도의 참고로만 생각을 하셔야지 정확한 건 이게 훨씬 더 정확하다 라고 생각하시면 됩니다 그 결과 주소 p swf 가 나왔어요 1 만들었네 ps ws 그래서 세상이 에 성격 유형은 성실한 사색과 입니다 s 연내 아이언 냐에 따라서 독립 인지 관계 제한적 이었는지 인데 저는 아이 독립 지향 저 라고 생각을 했는데 s 관계 지향적인 걸로 나왔어요 저는 예전에 대상 일을 많이 생각하면서 사람들한테 세상일을 소개했던 것 같아요 예전에 세상에는 무언가 관계 맺는 것 그렇게 좋아하는 아이가 아니었어요 사람도 무서워하고 손으로 만들려고 하면 흐름에서 피하고 맨날 한쪽에서 강아지들이 랑 만 지내고 지금 저도 이 검사를 하면서 생각을 해보니까 회사 내가 요즘 상당히 사람들한테 관심도 많이 가지고 잠깐 공주병 도 생겼거든요 그 결과가 여기에 나타나는 거예요 그래서 더 검사를 하면서 느꼈어 점수를 보니까 아이 재밌다 여러분들께 꼭 한번 해보세요 활동성 정 적성에 안 91% 로 나왔어요 관계성 에서 관계의 지향한 61% 가 나왔네요 이게 조금 이렇게 넘어가다 보니까 예전에는 반대 였던거 같아요 독립 짱이 육칠십 이었는데 이제 회사의 가만히 변해가면서 지금 관계 재앙 61% 로 점점 바뀌어 가고 적응성 신중 형이 58% 가능성은 s 충 지켜 미 51 프 키 프로 더 자서 f 가 나왔다 그래서 성실한 4세 까 형이 이렇게 나왔습니다 저는 이런 것도 재미있을 것 같거든요 사람도 mbti 있게 따라서 궁합이 있잖아요 나름 잘 맞을 확률이 높은 친구만 이런거 나누기도 하잖아요 이게 100% 정확한건 아니지만 때 강아지도 분명히 그런 게 있을 수밖에 없거든요 그래서 이 안에서 지금 네 개의 차원이 내게 4개씩 이렇게 있다보니까 총 16개의 성격 유형이 나오게 되는데 이 안에서 강아지 들끼리 좀 맞을 수 있는 라이드를 미리 안다면 사고도 미리 예방하고 목적 잘 맞는지 끼리 만나서 정말 진짜 친구가 될 수 있지 않을까 제가 항상 얘기한 게 길 가다가 만나는 친구들이 친구가 아니에요 모르는 강아지 나한테 뭘 해야 될지 모르는 무서운 아이들이 경우가 더 많다는 말이에요 근데 이 정도 성격을 좀 알게 되면 뭐 좀 미리 친구들끼리 떠난 강아지는 뭐냐 요즘 잘 맞을 것 같은데 뭐 이런것도 해보면 재밌을 것 같아요 그래서 결과가 상당히 잘 나와요 이런 성격 검사에 따른 조언도 나오는데 활력이 낫다고 지루한 삶을 살고 싶지는 않아요 아예 너무 좋은 얘기인데요 아까 세상이 같은 경우에도 계속 잠만 자서 제가 일부러 산책 나갈 때도 이렇게 떠 가지고 막 산책 나라고 일부러 깨워서 트레이닝 하고 교육하면서 더 움직이게 하고 하거든요 뭐 이런건 너무 조언도 좋은것 같아요 4 여기에 쪼끔 더 플러스 데 솔루션의 니 있으면 좋을것 같아요 구체적인 솔루션 보자 분들이 그냥 이렇게만 얘기를 하면 좀 어려울 수도 있겠다라는 생각이 들거든요 어떻게 꽤 정확 차분하게 즐길 수 있는 놀이와 산책은 좋아요 근데 진짜에요 우리세상 이는 활동성 있게 노는 것보다 차분하게 즐길 수 있는 놀이와 산책을 좋아하거든요 이런 차분하게 들릴 수 있는 놀이와 산책이 뭐가 있는지 좀 알려 드릴수 있을것 같고 너무 많은 활동은 자제해주세요 관계 지향적인 부분에서도 혼자서도 자라도록 도와 주세요 네 저도 잘 모아 해주지 않습니다 야 뭐 해 달라고 할 때 잘 안 해줘요 자라고 있는 제가 놀면서도 독립심이 흘려 줄 수 있고 올바른 거절 방법 세상인 이제 거절 방법 완벽히 가 있죠 4 근데 워낙 착해서 이게 사실 저는 되게 중요할 것 같아요 적응성 우리나라 강아지들이 이 적응성 이 너무 낮아요 그러니까 지금 씨와 w 로 본다면 w 형이 우리나라에 정말 많아요 그러니까 만약에 이 검사에서 c 험 이면 애견카페 같은데 가도 되요 제 뭐라고 했죠 우리강아지 운동장이나 카페는 클럽이다 그럼 클럽에 가도 되요 자신감 형이 씨는 w2 심중 형들은 이런데가 오히려 더 스트레스가 될 수 있어요 우리 사람들도 파워 아이 이런 사람들 클릭하면 스트레스 봤듯이 여기서 봤을 때는 강아지들의 신 중형 이면 너무 다른 강아지 블 만나고 자극이 많은 새로운 공간에 가는걸 추천 하지 않을 것 같거든요 멍 bt 아이가 저는 이런 도구 했으면 좋겠어요 어느 정통파 옆에 라 우리 아이의 기질과 성격을 봤을때 아 우리 아이가 신중 형인 의 자신감 역으로 막 만들어 줘야지 어떻게 해야 될까 이런 것보다 신 중형 이기 때문에 내가 어떻게 관리를 하고 장기적으로 봤을 때 이런 케 환경을 제공해 주고 내가 놀아주면 어느정도 자신감 형으로 조금 작품 찍은 넘어갈 수 있겠지 제가 그게 이제 세상이 한테 한 방법 이거든요 그가 너무 이 결과를 가지고 바꾸려고 하는 게 아니라 우리 아이에 대해서 알아가고 어떤걸 해주며 내가 즐거워 할까 생각하는 기회를 가진다면 더 행복할 것 같습니다 그리고 이제 마지막에 반응 썸 4 51% 나 왔어요 제 말을 잘 그렇게 잘 듣지 가 안된다면 그래도 f 충 직행에 나오긴 했습니다 세상에 반응성을 위한 좋은건 우리의 거부 되더라 깜 더라도 이렇게 그가 미안하다 교육을 멈추지 말아 주세요 교육은 평생 하는거예요 많은 분들이 자꾸 강아지의 트레이닝을 문제행동을 해결하려고 만 그때 잠깐 햇다가 끝나버린 의미는 경우가 많거든요 배 저는 강아지들의 이 교육은 키키 와 같다고 생각해요 우리 pt 받음 어때요 선생님과의 목회의 타 키티를 받아도 몸이 확 좋아졌다가 내가 안하면 어떻게 되죠 맛있어 들어가요 교육은 평생 해야 되는 거거든요 재밌는데 여러분들 4 진짜로 저도 틀렸어요 이거 어떡하지 그래도 제가 변명은 열심히 했으니까 저는 p iwo 일줄 알았더니 psw 가 나왔습니다 조금더 세상에 대해서 나도 다시 한번 확인해 봐야겠다 그리고 전문가로서 봤을 때 아직 솔루션이 아주 구체적이지 않지만 올바른 조언들을 해주고 있고 정확도도 저는 상당히 높다 라고 생각이 들어요 나중에 저는 이 조언과 함께 같이 할 수 있는 활동이나 장난감 이런 좀 더 구체적인 솔루션을 들이 나오면 더 재밌을 거 같아서 멍 bt 아이와 함께 그런것들을 한번 개발을 해 보도록 하겠습니다 곧 이 보호자와 강아지의 궁합 테스트도 나온다고 합니다 나중에 나오면 다시 한번 소개시켜 드리는 기회를 가지고 좀 더 재밌는 콘텐츠들도 멍 bt 아이와 함께 한번 만들어보겠습니다 제가 직접 해봤더니 상당히 정확하고 요 그리고 재밌어요 그리고 다시 한 번 보호자가 반려견을 바라보는 생각을 다시 한번 생각해 볼 수 있는 되게 좋은 기회인 것 같거든요 그 여러분들 저 꼭 한 번씩 이 반려견 엉 bt i 해보시기 바랍니다 구독 좋아요 알림 설정 잊지 마시고요 또 놀러오세요 안녕,
54,https://www.youtube.com/watch?v=MU6lHQ71A0E,MU6lHQ71A0E,강아지는 왜 낯선소리에 예민 보스가 될까요? 😡 l 강아지가 바라보는 세상 l 설채현 행동학 수의사,설채현의 놀로와 ,강아지뿐만 아니라 동물이 보는 세상은 사람 중에 누구와 가장 유사하냐 자폐인과 가장 유사하다고 얘기를 하고 있어요 안녕하세요 설치하는 행동학소이사입니다 이번 시간에는 여러분들이 정말 궁금해 하실텐데 근데 또 되게 중요함에도 불구하고 많이들 간과하고 있는 우리 아이들을 이해하는데 가장 중요한 강아지들이 바라보는 세상에 대해서 말씀드려 보도록 하겠습니다 일단 강아지가 보는 세상에 대한 팩트체크 먼저 한번 해볼까요 첫 번째가 많은 분들이 강아지들은 색맹이다라고 생각을 하시는 경우들이 많습니다 하지만 강아지들이 완전 색맹은 아니에요 그러니까 세상을 흑백으로 보지는 않습니다 정록 색맹이라고 얘기를 하죠 사람은 빨주노초파남보 이렇게 7가지 색상의 스펙트럼을 가지지만 강아지들은 노란색과 파란색의 스펙트럼을 가지게 되죠 우선이 똑같은 사진을 볼 때 사람은 이렇게 봅니다 근데 강아지들은 이렇게 봐요 뭔가 적색과 녹색을 구별하지 못하고 다 파란색과 노란색으로 보이고 뭔가 조금 흐릿하게 보인다라고 느끼실 거예요네 그럼 이렇게 말씀하실 거예요 어 뭐야 맹인한 내경들 신호등 어떻게 하는 거지 위치를 알겠죠 실제로이 신호등의 색깔을 구별을 하지는 못해요 이거 이외에도 강아지들은 시야각이 사람 넓어요 사람은 시야각이 어느 정도 될까요 눈이 이렇게 달려 있으니까 좀 넓게 본다면 180도에요이 뒤쪽은 보지를 못하죠 근데 강아지들 눈을 보면 약간 옆에 달려 있는 종마다 좀씩 다르지만 약간 이렇게 옆에 달려 있어서 사람보다 조금 더 넓습니다 뒤에도 보여요 뒤에서 뭔가 살짝만 움직여도 깜짝깜짝 놀라는 모습들을 볼 수 있죠 그리고 강아지들은 근시예요 가까운 걸 잘 본다는 거죠 멀리 있는 걸 잘 못 본다라는 거예요 그럼 강아지들의 시각이 사람보다 무조건 나쁘냐 아니요 좋은 능력도 있습니다 두 가지인데 첫 번째가 동체 시력이에요 움직이는 것의 예민해요 그러니까 여기서 종합을 해보면 어떻겠어요 멀리서 잘 안 보이는데 뭔가 빠르게 움직인다 그러면 겐지 사람인지 아이인지 잘 모르고 자극 받아서 뛰쳐가는 경우들도 있습니다 두 번째 어두운 데서 훨씬 더 잘 봐요이 가끔 강아지들 사진 찍으면 눈이 번쩍하는 걸 보신 적이 있으실 거예요 이게 눈 뒤쪽에 반사 동일한 걸 가지고 있거든요 그래서 빛을 한번 반사시켜서 더 이용해요 어두운 곳에서는 동공이 확대돼서 우리 카메라의 원리처럼 빛을 더 많이 받으려고 하고 있다가 갑자기 헤드라이트가 빵 들어오는 순간 동공이 축소도 안 되고 반사판도 있으니까 빛을 더 많이 이용하고 하면서 화이트 아웃이 와요 그러면서 이렇게 로드킬을 당하는 경우들이 있는 거죠 우리 강아지들이이 시각적으로 세상을 보는 방법이 우리랑 또 다르다라는 걸 알고 계셔야 됩니다 강아지들이 이제 시각적으로 이렇게 세상을 바라본다고 하면 우선은 또 청각적인 것도 있겠죠 사람보다 잘 들어요 그래서 소리에 더 민감해요 그리고 거기다가 가청 주파수들을 수 있는 소리에 폭이 사람보다 넓어요 이건 무슨 뜻이냐 사람이 듣지 못하는 소리도들을 수 있다 특히 초고주파 그러니까 우리가 생각하는 것보다 더 많은 소리들을 다 지금 듣고 있다라는 거죠 후각적으로는 사람보다 한 100만 배에서 많게는 1억 배까지 좋다라고 얘기를 하고 있고 사람은 시각적인 동물이지만 개들은 후각적인 동물이죠 냄새로 자아인지가 가능해요 여러분도 한번 손들어 보세요 자기 오줌 냄새 맡고 내 오줌인지 알 수 있는 없을 거예요 그러니까 이게 다른 동물이라는 거죠 감각도 달라요 우리가 이런 걸 이해해야지만 반려견들 이해하고 그리고 서로 좀 더 행복하게 살 수가 있거든요 어네 이거는 진짜 천차만별이죠이 사회의 적응 이게 사실 가장 중요한 거거든요 원래 지금이 사람 사는 사회는 개들이 사는 사회는 아니잖아요 그리고 점점 진화하고 있고 좀 더 사람에 맞게 변해가고 있기는 해요 하지만 그 편차가 상당히 강합니다 저는 두 가지 요소가 있다고 항상 말씀드리는데 첫 번째 유전 개들은 다 똑같이 태어나는게 아닙니다 사람처럼 유전적으로 다 다르게 태어나요 그런 아이들 중에 불안과 두려움이나 공포심이 강한 아이들이 있을 거고 불안과 두려움이나 공포심은 개나 줘 호르몬 이상하네 얘가 되니까 다른데 줘버리고 태어난 아이들이 있어요 그래서 이게 유전적으로 적응력의 차이가 있을 수 있어요 두 번째는 사회화에요 5개월 이전에 만나보지 못한 것들에 대해서는 생존을 위해서 불안하고 두려워하고 무서워해야지만 살 수 있어요 이거를 뭔지 모르는데 가서 친근한 표현했다 잡아먹히거나 다치거나 다 좋아하는 유전자들은 오히려 죽을 가능성이 높은 거죠이 두 가지가 되게 중요한 거예요 정확하게 말씀드리면 3개월 동안 100명의 사람 100명의 장소 100마리의 강아지를 만나라 이렇게 많이 어렸을 때 경험을 하다 보면 아 세상은 다 괜찮은 거야 여기 나 예전에 경험해 봤는데 어딜 가도 다 재밌어 이런 적응력이 생기는데 5개월까지 접종 끝날 때까지 경험한 건 집안과 가족들 그러면이 아이는 집과 가족들 이외에는 다 무섭고 불안하게 생각해야지 생존 확률이 높아져요 특히 유전적으로 불안과 두려움을 더 타고났다라고 한다면 그래서 이렇게 적응력이 차이가 많이 나게 되는 거죠 우리가 강아지가 바라보는 세상을 이해하려면 가장 첫 번째로 이해를 해야 되는게 맥락이라는 단어에 대해서 이해해야 돼요 제가 항상 강조해요 사람은 맥락을 보면서 인지해요 근데 걔들은 그 맥락을 몰라요 산책을 많이 못 가보거나 자동차를 많이 못 타본 아이가 갑자기 보호자랑 어디 자동차를 타게 된다고 하면 어딜 가는지 모르는 그 자체로도 불안해할 수 있어요 그래서 맥락을 알지 못하기 때문에 훨씬 더 사람보다 불안하고 세상을 무섭게 볼 수 있다 그리고 두 번째 자극의 훨씬 더 민감하다 동체 시력에 강하고 청각도 사람보다 10배에서 15배 강하면서 거기다가 우리가 못 듣는 소리도 듣고 후각은 100만 배에서 1억배 좋아요 그런데 왜 그런 소리가 나고 왜 이런게 내 눈앞에 있으면 왜 이런 냄새가 나는지 개들은 맥락을 이해하지도 못해요 강아지뿐만 아니라 동물이 보는 세상은 사람 중에 누구와 가장 유사하냐 잡페인과 가장 비슷하다고 얘기를 하고 있어요 템플 그랜딘이라는 교수님이 계십니다 동물학 교수님이에요 이상한 변호사 우영우의 모델이기도해요 변호사는 아니지만 교수님인데 자폐인이면서 자폐를 극복하고 교수까지 된 그런 분이시거든요 그분의 책 동물과의 대화에 이런 문구가 나옵니다 동물과 자폐이는 사물에 대한 자신의 개념을 잘 이해하지 못하고 보이는 그대로만 볼 뿐이다 우리 자폐이는 세상을 이루는 작은 것 하나하나를 보지만 일반인들의 눈에는 그 작은 것 하나하나가 흐릿하게 하나가 되어 일반화된 개념의 세계로 보인다 즉 동물과 자폐인이 보는 세상이 비슷하고 동물과 잡혀 있는 많은 자극들을 맥락을 모르니까 이게 왜 나는지 모르는 거예요 오토바이가 지나가는데 우리는 뭐 맛있는 걸 시켜 먹었구나 그러니까 저 오토바이가 지나가면서 엔진에서 소리가 나는거다 하지만 개들에게는 이게 어떻게 보이냐면 어느 정도 큰 물체가 나한테 공격적인 소리 낮은 소리 부릉 소리를 아주 크게 내면서 아주 빠르게 지나가 버리는 걸로만 보이는 거죠 우리가 왜 안 무서워하냐 우린 이유를 알기 때문에 우영우가 길거리 다닐 때 귀마개를 끼고 다닙니다 길거리 다니면서 그 많은 차 소리와 사람들 소리 이런 자극들이 우리는 내가 크게 집중하지 않아도 되는 거야라고 하면서 필터링 돼서 잘 안 들리는 경우도 신경을 안 쓰게 되는 경우들이 많지만 자폐인과 동물들한테는 이게 하나하나 그대로 다 꽂히는 경우들이 있다라는 거예요 또 우영어도 뭘 좀 힘들어하죠 스킨십 자폐인들이 스킨십을 못하는 이유 중에 하나는 그 자극이 내 피부에 들어오는 그 자극 하나하나가 우리가 생각하는 것보다 훨씬 더 크게 뇌에 자극을 주는 경우들이 있다는 거죠 야 이건 만지는 걸 네가 못 참아 이렇게 생각할 수 있지만이 동물과의 대화의 책을 보면서 저도 느낀 건 아 그 자극이 우리가 상상할 수 없을 정도로 되게 깜짝 놀랄 정도로 크게 받아들이는 아이들도 있을 수 있다라고 생각을 하는 거죠 저는이 책을 한번 읽어 보시는 걸 되게 추천드리는데요 이거 제가 추천사를 쓰긴 했지만 아무것도 받은 건 없습니다 동물들이 무엇을 무서워할 수 있는지 우리가 오해하고 있었던 건 무엇인지 얘네가 너무 힘들어서 그랬을 수 있다라는 거를 알고 계셔야 됩니다 사실 이건 성향마다 조금씩 달라요 유전적으로도 불안이나 두려움이 별로 없고 사회화도 잘 된 친구들 같은 경우에는 새로운 공간을 가는게 되게 즐거운 일이 될 수 있어요 그런데 그렇지 않은 친구들 같은 경우에는 오히려 새로운 공간을 가는게 무서운 자극이 될 수도 있다는 거죠 그래서 성향에 대해서 아는게 조금 중요해요 제가 저희가 예전에 올렸던 강아지 성향평가에 보면 적응력이라는게 나오는데 적응력이 높은 아이들은 새로운 공간에 가는 걸 재밌어 할 가능성이 높고요 적응력이 낮은 아이들은 매일 비슷한 곳을 가는게 오히려 더 재미있고 마음의 평온을 줄 수도 있습니다 특히 불안이 많고 두려운 아이들이 가장 무서워하는 건 예측 불가능성입니다 그게 분리불안이고 보호자가 나갔을 때 언제 들어올지 예측하지 못하는 그런 예측 불가능성이 가장 무서워하는 것 중에 하나예요 그래서 불안이 많은 아이들 어떻게 할 수 있냐면 밖에 나갔는데 잘 안 걸으려고 한다거나 그리고 특정 소리가 나면 막 집으로 오려고 한다거나 어 산책을 되게 수월하게 잘 못하는 것 같다라고 하는 친구들은 소심하고 불안이 많은 아이일 가능성이 높거든요 이런 친구들은 산책로를 계속 바꾸는 것보다 매번 똑같은 산책로를 다니시는게 좋아요 그러다가이 산책로에 익숙해지면 조금씩 그 산책로 중간중간에 새로운 포인트를 정해서 잠깐 나갔다가 다시 들어오는 이런 루틴을 만들어 줘서 예측 가능성을 심어주는게 더 좋습니다 이렇게 우리가 보는 세상과 우리 아이들이 보는 세상은 아주 다릅니다 근데 우리가 이것을 이해하지 못하는 순간 강아지들이 정말 힘들어서 울고 있음에도 불구하고 나쁜 행동을 하고 있고 나쁜 아이라는 낙인을 찍어버리게 돼요 그래서 저는 보호자분들이 우리 아이들이 세상을 보는 방법을 꼭 아셨으면 좋겠습니다 그리고 마지막으로 절대 잊지 말아야 할 것 우리 아이들이 바라보는 세상에서 주인공은 우리 보호자 분들이라는 거 절대 잊지 마세요 구독 좋아요 알림 설정 잊지 마시고요 또 놀러오세요 안녕,
55,https://www.youtube.com/watch?v=la3d3gdCZ-c,la3d3gdCZ-c,개가 노래를?! 기똥차네~ [설채현 수의사 with 일러스트레이터 낭소],설채현의 놀로와 ,카드에 대한 정보를 더 크고 솔직하게 알려 드리는 전투 b 설치할 수 있습니다 네 오늘은 보시다시피 특별한 손님인 두분과 함께 하고 있습니다 4 그래서 세상이 적어도 이렇게 많은 세상이 같이 나왔구요 여기 계신 분은 놈이냐 처음 보는 분인데 많은 분들이 궁금해 하실 수 있는데 남 소 작가 냄 2시구요 그림을 그리시는 분들의 매 오늘 폐 유튜브 0 제 책이 나왔어요 4 책이 나왔고 그림책 이고 주니어김영사 에서 강아지 마음 사정 이라는 책이 책을 썼구요 그리고 딱 보시다시피 이 아이가 드냐 이아인 우리 대상 이구요 이걸 누가 그리 언니야 우리 남설악 그냥 거에요 왜 그리 놈이 2조 대상의 주가가 주인공 있고 우리가 올랐던 강아지들의 입장에서는 어떤 생각을 하고 있는가 에 조금 더 포커스를 맞춰서 우리 버린 친구들이 쉽고 재미있게 읽을 수 있도록 쓰고 그림 그림 이니까요 많은 관심 부탁드립니다 지금 세상에 넣어서 먹을 꺼라 세상이 옛날에 겐 지금 지금 있으실거예요 벌써 어딨어 뭐라고 했냐면 어딨지 피부 남게 가 행복한게 다 있어요 이제껏 되게 문명이 또 여기 않다 지는데 피곤한 게 행복한 게 따라 피곤한 세상이 가 행복한 세상입니다 4 이제 그쵸 다 있다 책만 보면 수 도 쭉 갈 수 있어 아아아 너무 봤고 [음악] 4 그래서 오늘 또 저희가 얘기 설명만 하면 재미없으니까 제가 약간 이벤트를 준비를 해서 이벤트를 준비해서 이 분들 중에서 두 아이를 뽑아서 우리당 소자 끈 님이 직접 그림을 그려 주실 거고요 외부 제가 사인을 해서 어 그림과 책을 함께 보내드리도록 하겠습니다 대박 진짜 [음악] 마음만큼은 어린이 청소년 17 4 김경은 이라고 나줘 제가 또 이것은 이유 중의 하나가 제가 어린이나 학생 친구들 팬이 많아요 지금 1시가 이렇게 에 제가 답장 해주고 싶은데 못하는데 아 저도 우리 학생 친구들 되게 좋아요 꼬모 의 누나 이고 고등학교의 막 입학해 써요 네꼬 모으고 지금 볼 때 4 형이에요 노래하는 강아지 래요 5 계기는 첫번째 동영상에 나오는 노래가 엄마야 알람 소리 인데 어느 순간부터 노래를 부르기 시작하고 그 당시 엄마는 * 바르게 안했다고 이렇게 노래들 뿐만 아니라 단수는 알람 가이오 현악기 목도리 전부를 반응하는데 그 중에서도 현악기의 반응을 세 개 요 다른 강아지 소리 하는 반응을 하지 않구요 노래하는 강아지 왜 그럴까요 아무 영상 보고 싶어 아 or to be a [박수] [음악] [박수] [음악] 아 222 아 [음악] 완전히 노래 라고 하는 조금 먹으러 갔다 목탑 하는 하실 거예요 예 [박수] [음악] [음악] 아 어느새 스트레스 받는거 나 이러진 않아 보이고요 어 자 오래 하는 강아지 우리 책의 어딨나 보모 자폐 4 없습니다 그래서 있는 것은 석을 이고 있어요 다 보세요 내가 듣는 세상 4 내가 되는데 즉 강아지들이 어떻게 세상을 듣는 지에 대해서 있는데 지금 소리로 봤을 때는 평소에 어떻게 됐는지는 모르겠지만 약간 높은 의자 4 노 퓨우 눈에는 제가 이렇게 둘은 거죠 보통 노래하는 아이들이 하 울리는 말이에요 파오 보면 하울링 을 만약 행 같아요 그쵸 그것은 이제 음악을 들었을 때 직장 접할수 에서 2 강아지들이 부르는 소리 날 부르는 소리 라고 인식이 되면 똑같이 자기도 거기에다 아파하는 것 처럼 시작을 하다가 이게 재미있거나 보상이라고 있어요 이 보호자들이 재밌어 하며 계속하는 경우 들이 좀 있죠 그래서 어 아 동물병원에서 이러다 보면 이번 아이들이 있잖아요 그러면 하나의 하루 리자드 같다라는 거야 아 분들은 뭐 그런 때 본능적으로 아 제 퀴즈 하나 해볼게요 강한 생각 가장 좋아하는 노래 좋아한다고 그렇죠 하긴 그렇지만 어떤 노래를 좀 좋아할까요 어떤 얼마 없던 그 말이에요 으 오히려 신나는 음악이 좀 흥분하는 경우가 있어요 얘네들 조모상 이에요 그래서 좀 클래식 주모 클래식 중에 특히 피아노 솔로 법을 들으면 심박수가 낮아진다는 연구결과가 있어요 그중에서도 논문 보다 조금 다른데 베토벤의 머리와 을 들었을 때 심박수가 가장 낮아 진다 라는 논문 접수를 너희 귀엽다 너 [음악] 아 으 [음악] [박수] 5 [음악] [박수] [음악] [박수] wo u o no 5 우리 콩이는 요 현재 2살 여아 고 보스턴테리어 4 콩이는 종종 2명에게 쪽쪽 이러합니다 이쪽 일을 하다가 잠을 자기도 하고 낑낑 거리는 소리를 내기도 하고 행동은 이런 행동을 보인 지는 어렸을 때 4 2019 년 4월 지인의 지인을 통해 가정 분양을 받았는데 혹시 엄마 나 보고 싶어서 하는 행동 일까요 왜 그럴까요 이렇게 쪽쪽이 가 뭔지 궁금하셨죠 예 으 어케 이념의 쪽발 엄마 저가의 됐어요 투룸 에 대비해야 이런 행동하는 해 드릴 때 맞나요 이런 운동을 하면 살이 늦게 봤는데 가장 처음으로 약간 의심되는 건 지금 2월 20 9일에 태어난 너 무 29일 잘 듣지도 않는데 그쵸 29일에 태어났는데 3월 지인의 지인을 통해 가정 분양 받았다 고 하셨잖아요 원래 강아지들 여기 있어요 또 진짜 뭐 이제 좋네 아마도 계속 꺼내 내 가 모자 아 내용이 어디냐면 어 이거 다 보시오 어딘지 모르게 해서 [음악] 방향으로 어디 있었지 그 있다 그것도 같이 놀자 내용이 조금 있는데 뒤에 노 사회와 내용이 한번 더 있을 거에요 힐 2개월이 일대 그러니까 강아지들은 모견 이랑 2개월까지 는 같이 있어요 그 2개월이 꼭 엄마랑 같이 써야 되는 시기라고 보면 이 때 배운 게 되게 많거든요 강아지 들끼리 딱 놀면서 문은 감독이 나오죠 내부는 강도를 배운다 거나 그리고 2개월 때까지는 엄마 젖을 빨면서 엄마랑 소통하는 게 되겠습니다 근데 만약에 이게 4월 말이 아니라 4월달에 가정 분양을 받았는데 4월 다리 아니라며 니까 4월 말이 아니고 4월 중순이나 초 라면 엄마라 있어야 되는 시기가 충분하지 못했습니다 그러면 그 때까지는 젖을 빨아 야 되는데 어떻게 보면 * 티비 생긴거 에어리 시기 엄마 젖을 더 파이브 싶은데 못 빨고 바로 입양에 대해서 분양에 대해서 이유식을 먹겠지 그러면 사람도 벌었지만 강아지들도 어린 시절의 결핍은 어 나중에 잠재 의식속에 남아서 그 행동을 유발하는 예 지금은 엄마 생각도 잘 안나고 오를 거에요 근데 그 잠재 의식 속에서 그 결핍이 지금은 이런 행동을 했을 때 만족감을 줍니다 그래서 이쪽도 길을 회복 하는건데 너무 안타까워 질 필요는 없어요 이런 행동을 너무 심하면 강박 행동이 라고 얘기를 하는데 강박 행동이 가장 중요한 기준은 일상생활에 지장을 주는 해야 되죠 제가 봤을때 일상생활에 지장을 주진 않을 것 같구요 어 저라면 계속해 좀 대신에 윤영은 좋은 인형을 좀 자 주셔야 되요 애기들 2명 소재의 빡친 환경 소대의 그리고 좀 빨 많아 먹어도 도영 책이나 이렇게 언제 안 일으키는 그런 것도 있잖아요 [음악] opera 5 으 으 아 [음악] 으 power 으 [음악] 오늘 영상 보내주신 분께는 4 제가 싸인 에서 우선은 영상 채택 되신 모든 분들께는 책 20 로 보내 드릴 거구요 그리고 당첨되신 분들 그림 당첨되신분들 우리 착한 얘기에 함께 같이 보내드립니다 아 마지막으로 구도 좋아요 부탁드립니다 안녕 계속 짱 계속 짜 으 [음악] 으 오오오,
56,https://www.youtube.com/watch?v=KNE_nPGwA20,KNE_nPGwA20,시바견 입양하려면 꼭 봐야 할 영상 with 곰이탱이여우와 쏭이님,설채현의 놀로와 ,오오오 [음악] free [음악] 4 안녕하세요 마마 아 슈바 뭔가 이상하다 a5 같은 경우에는 양복이 가능하긴 한데 태깅 팩터 색지 심해 보게 되요 사실 씨바 갈 전 세계적으로 보면 소형견 이잖아요 4 우리나라에서 이제 중요도 편입이 되어 있지만 대학가 그래도 등치가 있고 이런 아이들은 하루에 저는 사실 시간들도 요 하루에 한번만 선택하자 나요 밖에서 했어요 4 하루에 한번만 선택하면 집 안 해줬어요 최소 하루에 2번 이상 산책하는 강아지들이 실외 배변을 하려고 해요 내가 예측 가능 하니까 4 나는 지금 참아도 좀 있으면 나갈 수 있어 라는 생각이 있어야 하지만 참아요 그래서 우선은 야외 배변 배뇨 않은 친구들한테는 보호자 분을 엄청 칭찬해야 되요 하루에 두 번 이상 산책을 하는 강아지들이 있는가 저의 제가 본 10 아이들도 산채 두 번 이상 시키면 다 밖에서 달려고 하거든요 근데 많은 대형 견 들 이런 아이들이 그런 성향을 보이고요 그리고 사실 이게 정말 좋은 습관이라고 말씀드리는게 리프팅과 유럽은 너무나도 다 거기서는 화장실 훈련 화장실 교육이라고 도 안 해요 하우스 트레이닝 이라구요 아 집안에서 않다고 박하 돼서 싸이 된다고 해서 이 집에 들어가는 교육이 아니라 하우스토리 님 치마는 깨끗하게 유지하고 바깥에서 산책할 때 모르면 싸이 된다는 게 당연 지어 되지만 그게 감 4 그게 강아지들의 자연스러운 본능이 고 집안에서 싸는 게 오히려 조금 더 스트레스를 받을 수 있다라는 생각을 하는 거죠 4 그들의 만남이 쏘나타 좀 이것도 내 꿈 거 아니야 아 네 그 자기가 놀고 어 내가 먹고 쉬는 공간 이라고 생각되는 공간 에는 강아지들은 잘 안 싸고 싶어 해요 [음악] 아 아닌데 말하는 조금 기다리다보면 쌀 거야 아니면 1 힌트를 줘 보면 다른 라디오 좀 모아 와 가지 구요 스켓치 아니면 배변 유도제 별거 기대 집에서 하지 말고 맛 아냐 4 왜냐하면 배변 유도대회 성분이 암모니아 요 그안 뭐냐 오늘 매도 오줌 속에 들어있는 게 뭐냐 근데 내 영역에 누군가 다른 우리 아이들이 아닌 누군가의 오줌 냄새가 납니다 금 아이들 그 덮으려고 할까요 4 뭐든지 3 아 너 저서 예 그 do 요근래 내는 인간이 게임 봤다 했는데 이것을 고치려면 산책을 하루에 한번만 나가는 방법 밖에는 없는데 절대 추천하지 않으며 예정인데 4 예 쪽박 그리고 또 이 아침을 많이 에요 아 저희 일드 아니라고 생각하지 마 먹는데 시키고 있습니다 아 전 원룸 에서는 뭐 사실 이게 되게 복잡할 것 같은데요 모자 분이 하루에 2번 이상 하루에 두세번 산책 나가서 최소 하루에 1시간에서 2시간 정도의 운동을 시켜 주고 매매 집안에서 더 충분한 놀이를 제공해 줄 수 있다고 하고 원로 밑이 진짜 조금만 원룸이 아니라고 한다면 우선 기본적으로 안 그랬으면 좋겠어요 4 많은 분들이 왜 씹 아이들을 그런데서 키우고 싶어하는 경우가 있냐면 많이 짓지 않는다는 거죠 아 네 많이 짓지 않는다 그것도 늑대 초기 문화 중에 특징이에요 느낀 진짜죠 아 네 하울링 을 하지 늑대는 짓지 않 아 요 그 사람이 짓게 만든 거야 걔들 짓는 아이들 내가 불침번 쓰기 세워서 번 실시될 때 내가 걔랑 같이 살 이전에는 사람들은 불충분 을 썼습니다 근데 계란 같이 살아서 개가 짖는 아이들이 있으면 뭔가 다른 동물이나 침입자가 없는지 저주 잖아요 그저 그때 일어나서 하면 되니까 그 짓는 아이들만 개에서 교배 시키는 거죠 예 그래서 느낌은 원래 짓지 않는데 개화 대 갈수록 징 는 성향이 강해진 거죠 사람이 그렇게 만든 건데 20 아이들은 잘 안 됐기 때문에 어 괜찮을 거야 이러는데 우선은 한 70% 80% 는 그냥 원룸 에 살면 가지 않게 했으면 좋겠어요 4 일단은 근데 내가 잘 관리하고 제가 말씀드린 것처럼 정말 항상 산책시 키고 놀이 제공해주고 충분히 에너지를 쏟게 해 줄 수 있다라고 생각이 들면 하는데 안 하면 그 분이 힘들어서 두 손 두 발 다 들 거에요 에너지가 쌓이면 문제 행동이 나오니까 예 아 수학 nhe 바랍니다 음 또 자기 고집도 이건 뭐 선천적인 곧 또 있는것 같아요 네 제가 이거를 전반 의인화 해서 내가 얘 들의 마음을 모두 아는 것처럼 얘기하는 걸 되게 싫어하거든요 뭐 과학적으로 여러가지 유전적으로 원인이 있을 수도 있구요 실제로 그런 것도 연구하는 것도 있어요 앉았을 때 되게 우리가 느끼는 것보다 큰 자극이 가는 경우도 아 그리고 좀 깜짝 깜짝 잘 놀라는 경향이 크기 때문에 어 내가 예상하지 못한 곳에 터치가 왔을 때 깜짝 놀라는 경우들도 있어서 어 성격적 이고 약간의 유전적인 부분들이 있는 것 같아요 그래서 그것 때문에 사회와 때 뭣도 모를 때 많이 만져 주면서 칭찬이 가야되요 그냥 만지며 는 어나게 더 싫어할 수도 있구요 만지면서 사료 좋아하는 사료 준다 간식 준다거나 반복적으로 가장 많이 해야 되는게 발비 얼굴 4 저는 이런 것도 많네요 애기들 않아서 들고 옳지 하고 간식들 것도 내려놓고 올해 치아 고갈시키고 다시 또 잡아서 둘 꼬리 치라고 간식 주고 병거를 일반적인 아이들도 많이 하는데 10 아이들은 더 많이 4 체리맛 저기서부터 아 아 아 아 되게 좋아요 네 눈에 그만 시나브로 혹시 록이 좀 이렇게 하는게 더 좀 너무 쉬워 하고 으 그때 4 헉 역적 1 방어적 자기네 셔터로 음 이렇게 희미한 했더니 올래 4 그리고 그건 절대로 이제 탱이 를 뭐라고 할게 아니라 만지는 사람들이 이제 우리나라 사회도 바뀌어야 돼요 예 그래 여기 반려 인 분들도 같이 이제 뭐 조화롭게 살기 위해서 뭔가요 캠페인이나 이런 것도 있어야 되고 쓰세요 클수록 것 같아요 아 그리고 그거 열정 보셨어요 6 4 왜 얘네들 교육한 야 아 제가 질문에 정말 많이 나오니 아까 말씀 하셔서 상당히 하하 뭘 주진 기자 r35 돼요 왜 빨리 왜 뛸 수 있으세요 어 저는 이제 그런 분들한테 교육을 왜 안해 라고 하시는 분들한테 강사들이 막 다녀 짜 나요 우리도 4 이사회와 그리고 이 사회에 적응하고 잘 같이 살기 위해서 교육을 받고 학교를 아래 듯이 강아지들도 강아지들 같은 더 많은 교육이 필요할 수 밖에 없는게 다른 종이라는 조화롭게 살아야 되잖아요 사람이란 다른 종이라는 조화롭게 살아야 되기 때문에 더 많은 교육을 받아야 되구요 그리고 이게 절대로 스트레스가 아니라는 거죠 저는 아무것도 안 하는 아이들이 비싸요 어 강아지들 때 가장 중요한 것은 육체적인 에너지 소모와 정신적인 에너지 선호해요 아 예 [음악] 2 우리가 행동 풍부 하라고 하잖아요 자연스러운 본능을 발휘하며 살 수 있고 뭔가 내가 머리를 쓰고 머리를 써서 이렇게 내가 생각한 대로 했을 때 성취감을 느끼고 이런 것들이 되게 중요한데 아무것도 안하고 가만히 있는 아이들은 그런 성취감이 나 이 정신적으로 신경을 쓴다거나 생각할 수 있는 능력이 상당히 떨어지게 되죠 그렇게 되면 오히려 더 스트레스를 받게 되고 문제 등이 나타날 수가 있어요 4 강아지 들한테 그냥 간식을 주는 것과 앉아 기다려 해놓고 간식을 주는 거랑 뭐가 다를까요 4 그리고 내가 뭔가를 잘해서 얻게 되면 사람이나 강아지나 도파민 이라는 신경전달물질이 나와요 그게 성취감을 느끼게 하는거 그거 아까 기분을 좋게 해주는 그런 신경전달 물질이 그냥 줄 때 보다는 뭔가 미션을 주고 그 미션을 잘 성공했을 때 보상이나 올 때 그때 강아지들 있는 사람이나 기분이 가장 좋아지는 거죠 내가 그냥 선물을 맞는 것보다 뭔가 잘해서 선물을 받았다 훨씬 더 기분이 좋잖아요 아닌가 우리 그냥 반응이 더 좋은가 그래서 이 교육은 실제로 도모 많은 연구 결과들이 있어요 교육을 한 코너에서 한게 아니라 칭찬을 통한 교육을 꾸준히 1 동물들이 훨씬 더 정신적으로 행복하고 어 잘산다 아 아 되게 잘 알고 계실 거예요 [음악] 음 한가지만 아 뭐 4 어 제가 기다려봐 거든요 아 왜 절제력 근데 절제력을 가지고 그니까 한번 생각해 보면 강아지도 문제인거 아르곤 한번 얘기해 보세요 1 그쵸 자 이것도 만약에 기다려서 잘됐다 라고 생각해보세요 기다려 는 3요소가 있어요 시간 거리 방해요소 시간이 길어져도 거리가 멀어져도 방해요소가 있어도 기다렸죠 알아야지 우리가 잘 기다린다고 얘기해요 그 기다려 가 잘 되있어요 그러면 밥먹을때 기다려 해결 어 예를 들어서 다른 사람을 물고 공격하려고 하고 불안해 하거나 싫어하는 아이들이 있어요 특히 달여 를 잘 가르쳐 서방 요소가 있어도 잘 기다리게 교육을 해 놨어요 그럼 다른 사람이 지나가도 기다릴 수 있으면 해결 4 그리고 플립을 1 같은 아이들로 어 이건 근데 사실 되게 힘들게 하지만 이론적으로 제가 말씀드릴 거에요 기다려 가 정말 잘 되있어서 보호자와의 거리가 멀어져도 시간이 길어져도 기다릴 수 있게 교육이 된다면 해결 그렇죠 만약에 사실 이거보다 훨씬 더 복잡한 것들이 많이 껴 있지만 단 하나만 가르쳐라 예 4 제일 기초적인 하나만 가르치라고 하면 좀 기다려 그리고 두번째가 터치 과녁 이 전 코이 파이버 라구요 코로 하이파이 판다고 해서 o 4 이렇게 터치하면 코로 와서 터치하는 것 4 왜 근데 이제 코르 터치하는 것에 코이 파이브 라고 하는 데이터 체 교역을 그 두번째 러면 좋은게 만약에 콜백 또 다 되구요 그리고 문제 행동이 보여 볼 거 같을 때 터치해서 나한테 집중을 하게 할수 있구요 그래서 뭐 가량 1 쉽고 꼭 가르쳐야 되는 거라고 한다면 기다릴 안에 뭐 앉아 엎드려 들어가 있겠죠 뭐 기다려 와 이타치 그 이 두개를 저는 꾸준히 하고 그냥 팽이 이름 부르고 팥이 라고 얘기를 한 다음에 테이터 측 허가 다음에 열어주면 되요 아 네 컴퓨트 너 내가 다 알 거야 그러면 그래도 1 따라 줄게 5 시가 강주은 얘기 하시고 싶소 갈 수 있으니까요 음 어 제가 이제 어느 정도의 고충은 할 것 같아요 근데 뭐 제가 그렇게 개입과 적인 사람이라서 4 감성적인 말을 하기가 좀 힘들고요 어 이에 많이 해주셔야 될 거 우리 아이들 네 우리 집 아이들을 많이 이해해주고 저 다른 분들한테 항상 그렇지만 개는 기계가 아닙니다 4 온오프 스위치가 있어서 이것을 바꾼다 뭐 이렇게 온 오프에서 행동을 바꾼다거나 아니면 다 내 맘대로 되는 거 하나도 없어요 그래서 그럼 예수님의 더 많이 필요한 아이들이 시마이 드리니까 어느정도 이해해주시고 타협하지 면서 좀 행복하게 사셨으면 좋겠어요 우리 그 고 미팅이 5 구독 좋아요 눌러주시고 아 아 아 아 이걸 어떻게 먹이를 어떻게 될 지 모르겠다 블러드 시바 왜 아 그리고 저희 그저 에그 독설 특이 소 구독 잊지 말아 주시기 바 아 예 네 감사합니다 안뇽 [음악] 으 으 [음악],
57,https://www.youtube.com/watch?v=kJOQuXUhsdw,kJOQuXUhsdw,"강아지 응급상황 대처 방법, 확실히 알려드려요! 🆘 l 반려견 위기 탈출 넘버원  l 설채현 행동학 수의사",설채현의 놀로와 ,큰일납니다 절대 하지 마세요 우리 아이의 생명을 살리는 꿀팁에 대해서 알려드리겠습니다 안녕하세요 설치님 여러분 설치한 행동학수 이사입니다 제가 예전에 강아지들의 건강 적신호에 대해서 알아낼 수 있는 영상을 한번 올렸었는데 반응이 나쁘지 않았던 걸로 기억해요 그래서 사실 건강적 신호를 알아내는 것도 중요하지만 더 중요한게 뭐죠 응급 상황에서 어떻게 대처해야 하는지에요 반려견과 함께 하면서 생기는 응급 상황들이 있거든요 그래서 오늘은 너무 응급 상황들 자세하게 설명하면 엄청 복잡해요 우리가 그걸 어떻게 다 공부하고 머릿속에 담고 있겠습니까 오늘은 한 세 가지 응급 상황에 대한 꿀팁 우리 아이의 생명을 살리는 꿀팁에 대해서 알려드리겠습니다 첫 번째 목에 이물이 걸렸을 때에요 많은 분들이 상상하지 못하시겠지만 목에 이물이 걸렸을 때 그냥 켁켁만 하고 마는 경우 별로 없습니다 되게 무서운 상황들이 발생돼요 아이들이 갑자기 막 발작하는 것처럼 옆으로 쓰러진다거나 한 번도 겪어보지 못한 상황들이 나타나는 경우들이 있고 대부분의 보호자분들은 이때 엄청나게 당황하게 됩니다 이때 우리가 쓰는 방법이 하임리히법이에요 하임리법이란 사람 같은 경우에는 엄지손가락을 되게 뾰족하게 해서 사람을 뒤에서 안은 다음에이 명치가 있잖아요 명치 안쪽을 위쪽으로 이렇게 꾹 눌러주면 모든 사람들이 이렇게 하게 돼요 그럼 이제 목에 꼈던게 그 힘에 의해서 빠져나오게 하는게 하임리법이고 강아지들도 똑같이 하임리법을 씁니다 아이들이 그냥 나 목에 뭐가 걸렸어요 이런 표현을 하는게 아니에요 되게 무서운 상황들이 발생되는 경우들도 많아요 그러면 대부분의 보호자분들은 당황합니다 어떻게 할까요 많은 분들이 애를 데리고 병원으로 뛰어요 근데 목에 이물이 걸렸을 땐 병원으로 뛰면 무지개다리를 건넙니다 무조건 내가 빼야 된다 빼는 방법은 어떻게 빼야 되냐 하임리법이에요 여러분들을 위해 세상에만 사이가 나빠지는 시간 실습 시간입니다 아임리법에 대해서 한번 말씀드릴 건데요 우선 우린 대부분 소형견을 키우고 있기 때문에 우리 아이가 뭔가 목에 걸린 것 같다 막 헥헥 거리면서 쓰러진다 그러면 가장 먼저 해야 될게 입을 열어서 확인합니다이 안에 뭔가 껴있는게 보인다 손가락으로 뺍니다 눈에 보이지 않는다 그러면 배운 걸 사용하기 전에 우리가 가장 먼저 해야 될 건 다른 방법 생각하지 말고 우선 터세요 이렇게 털어도 되고요 이렇게 털어도 되고요 막 이렇게 해서 털어도 됩니다 내가 안 빼면 우리 아이는 큰일 날 수 있다라는 생각을 가지고 무조건 털어요 안 되면 저는 이건 실제로 못 보여드려요 아예 이렇게 들어서 팡팡 털어도 돼요 앞다리까지 무슨 빨래 털듯이 무슨 살고 봐야 돼요 이렇게 했는데도 안 빠진다 그러면 이제 하임리법으로 들어가야 됩니다 세상이처럼 작은 아이들은 눕힙니다 뒤로 목이 밑으로 내려가게 하고 손바닥으로 여기를 여기 보세요 여기 배에서 가슴 가는데 여기를 접고 팍 누릅니다 더 눕혀서 나올 때까지 빡빡 눌러줍니다 이렇게 눌러서 꽥 하고 뭔가 나와서 입 안에 있다면 빨리 빼주면 돼요 대형견 같은 경우에는 사실 목구멍이 크기 때문에 소형견보다 막히는 일은 많지 않아요 근데 만약에 진짜 큰 걸 줘서 막혔다라고 한다면 손가락은 이렇게 만드세요 이렇게 여기 이렇게 뾰족하게 만들어 주세요 그리고 손을 이렇게 좋습니다 목표로 하는 지점은 어디냐 배꼽 있을 거예요 배꼽 배꼽 있는 부위에 보면 이렇게 갈비뼈가 나갈 거고 여기가 배 여기가 흉곽이 있는데 그 사이 이렇게 눌러 주신다고 생각하시면 돼요이 뾰족한 부분으로 들어갔던 위로 들어갔다 위로 그러면 이렇게 늙으면 못 하잖아요 그러면 어떻게 되냐 이런 식으로 이런 식으로 이런 식으로 훅 이렇게 잘 모르겠습니다 똥 싸는 자세도 아니고 빡빡 눌러주세요 이렇게 그러면 나옵니다 그런데 사실 저도 그런 응급 상황이 나오면 가장 먼저 할게 하임리법이 아닐 것 같아요 그렇게 안 나올 것 같아요 내가 방금 제가 말씀드린 대로 막 이렇게 잡아서 뒤로 해서 뭐 이렇게 누른다거나 이런 것들 명확하게 생각이 안 날 것 같아요 자 그럼 이제 가장 중요한 꿀팁입니다 이거 하나만 신경 쓰세요 세 번째 꿀팁 하임리를 정확하게 신경 쓰려고 하지 말고 무조건 빼라 어떻게 해서든 빼랍니다 진짜로 소형견이면 뒷다리 잡고 털어도 돼요 나중에 골절은 치료하면 돼요 뒷다리 이렇게 잡고 등 팍팍 때려도 돼요 얘가 나랑 사이 나빠지잖아요 나중에 다시 좋아지게 하면 돼요 일단 살려야 돼요 가장 중요한 건 무조건 빼라 그리고 나서 병원 가라 해요 여러분들이 아직도 실감을 못 하실 거고 그래서 제가 링크를 하나 걸어 드릴게요이 영상을 보시면 이렇게 해야 되는 거구나라는 감이 확 오실 거예요 보호자가 하임리법을 쓴게 아니에요 근데 문제가 생기자마자 아예 먹을 흔들고 등을 팡팡 쳐 우선 빼냈어요 보호자로 같이 당황하면서 어찌할 바를 모르고 들고 병원으로 뛰었다면 지금이 아이는이 세상에 없겠죠 그리고 이런 응급 상황이 안 일어나면 가장 좋겠죠 그렇다라고 한다면 오래 먹는 간식들은 절대로 보호자가 없을 때 주는 걸 추천하지 않습니다 혼자 있을 때 이걸 줬는데 그게 딱 걸리지 않으려면 없어요 꼭 오래 먹고 덩어리가 있는 간식들은 보호자가 있을 때 주시는 걸 추천드립니다 두 번째 발작이 일어났을 때입니다 발작은 사실 언제 어떻게 일어날지 몰라요 원인은 정말 다양합니다 보통 우리가 의학에서 특발성이라고 하는 거는 사실 이유를 모르겠다라고를 되게 멋있게 표현하는게 특발성이에요 나이가 들면서 뭐 내 종양이 생긴다거나 아니면 뇌에 염증이 생긴다거나 여러 가지 이유들로 그동안 안 그랬다가 갑자기 발작이 생기는 경우들도 있기 때문에 여러분들이 다 알고 계시면 좋아요 우선 이걸 알아야 되는데 우리 뇌 안에서 신호는 어떻게 전달이 되고 있죠 그런데 제가 컨트롤 할 수 없을 정도로 전기 신호가 많아진다 그러면 내가 내 몸을 컨트롤할 수 없게 돼요 그러면서 근육의 수축과 이완이 막 반복되면서 막 이렇게 떨리고 이런게 발작이에요 그러면 발작이 왜 일어나는지를 오늘 얘기하진 않겠어요 발작이 일어났을 때 우선 어떻게 해야 되는지를 알아야 되는데 첫 번째 2분 이상 지속되는지 보세요 이분이 이상 지속되지 않더라도 하루에 두 번 이상 반복한다 그러면 병원에 가세요 이건 응급이에요 2분 이상 지속되지 않는다면 아주 응급은 아닌 상태인 거예요이 한 번에 발작으로 큰 문제가 일어나는 경우가 많지는 않아요 가장 중요한 건 시간입니다 저같은 경우는 발작할 때 당황하지 않고 지켜봐요 그러면서 해주는 것들이 있어요 첫 번째 어둡게 해라 아까 뭐라고 했죠 전기 신호가 과하게 일어나서 발작이 일어나는 건데 전기 신호는 어떤 것들에 의해서 일어나요 자 일어나요 그러면 b자극 이런 것들로도 전기 신호가 더 높아질 수 있기 때문에 우선 시각적인 자극을 최소화하기 위해서 불을 다 꺼버리세요 이게 세상이 처음 보는 광경이 내 아이한테서 일어나면 진짜 당황하거든요 그럴 때 소리 지르거나 하지 마세요 청각적인 자극이 전기 신호가 더 높아지겠죠 그러면 발작을 더 크게 만들 수도 있으니까 너무 소리 지르거나 하면 안 됩니다 그리고 발작을 하면서 막 움직이다가 다치는 경우들이 있어요 이불이나 이런 것들로 둘러싸주는 것도 괜찮아요 그리고 세 번째 이거 있지 않으시면 좋은데 이걸 못하는 경우들도 많아요 특히 발작이 일어났을 때는 손이 닿을 때 이렇게 물리는 경우들이 있거든요 그럴 땐 위험하지만 엄지손가락으로 발착하고 있는 우리 아이의 눈을이 눈꺼풀 위로 지긋이 이렇게 누르세요 부교감 신경을 활성화시키는 거예요 교감신경은 우리 흥분시키고 부교감신경은 우리를 안정시키는 신경이라고 그냥 간단하게 생각을 하면 되는데 눈을 이렇게 꾹 누르게 되면 부교감신경이 활성 되면서 전기 신호가 낮아진다는 거예요 이렇게 해도 2분 이상 지속된다 바로 병원에 가야 됩니다 울지 마시고 당황하지 마시고요 보호자가 그러면 안 됩니다 대형견이 문제예요 전 실제로 되게 안타까운 경험을 한 적이 있어요 빨리 병원을 가야 되는데 아이가 한 30km 넘었고 여자 보호자님 혼자 사시는 집이었어요 도저히 안치를 못해요 그런 아이들이 발작을 하면 집에 큰 이불이 있으면 도움이 되는 경우들이 있어요 큰 이불을 놓고 그 위에 강아지를 올리고 끌어서라도 됐구나가세요 가장 중요한 건 시간 횟수 이것만 기억하고 계셔도 우리 아이가 발작했을 때 안전하게 잘 대응하실 수 있을 거예요 세 번째 배물임 사고입니다 저도 이렇게 크게 생각해 본 적은 없어요 왜냐면 저도 도시에 살고 뱀이야 가끔씩 시골 갔을 때 깜짝 놀라서 이렇게 지나가는 걸 본 적은 있는데 근데 최근에 도시에서 망원에서 배물임 사고가 일어났어요 그리고 이것뿐만 아니라 많이 일어나더라구요 수의사인 저로서도 한 번도 경험해 보지 못한 일이라 되게 이걸 어떻게 해야 되나 고민이 돼서 한번 좀 찾아봤습니다 뭐 여러가지 방법들이 있지만 가장 중요한 건 병원 간답니다 그 즉시 우리가 해줄 수 있는게 많지 않아요 그래서 병원을 가는데 중요한게 있어요 뱀 해독제를 가지고 있는 병원이 많지 않다라는 거예요 주위에 큰 병원에 우선 전화해 봐야 됩니다 안 되면 대학병원이라도 전화를 한번 해보셔야 돼요 뱀의 물렸는데 저한테 온다 못해줘요 해줄 수 있는게 없어요 전화를 다 돌려 보는데 잘 모르겠으면 우선 제가 아는 곳은 수도권 내에선 건국대학교 수익과 대학 부속동물병원 아니면 서울대학교 수의과대학 부속동물 병원에 전화를 해서 지금 해독제가 있는지 지금 가도 되는지 빨리 연락을 하고 바로 병원을 가야 됩니다이 두 곳을 갈 수 없는 상황이다라고 한다면 지방 거점 대형병원들의 전화하세요 그러면 출발을 하게 될 때 뭐 이제 물로 씻어낸다거나 아니면 물림 부위에서 한 조금 위 조금이라고 하면 손가락 하나 길이 정도 좀 묶어 주시는 것도 괜찮아요 너무 세게만 묶지 말고 좀 묶어놓고 전화해서 오라고 하는 병원에 가시는게 가장 좋습니다 그리고 조심해야 될 거면 영화나 이런 데서 이렇게 빠는 거 있었죠 큰일납니다 벌떼 하지 마세요 가장 중요한 건 이것만 기억하시면 돼요 병원에 가야 된다 전화를 해서 확인한 후에 이동하셔야지 무작정 이동했다가는 골든타임을 놓칠 수 있다라는 걸 기억해 주시면 됩니다 오늘 반려견의 응급상황 대처 방법 목에 이물이 걸렸을 때 그리고 발작할 때 그리고 뱀에 물렸을 때에 대해서 한번 말씀을 드렸는데요 가장 중요한 건이 모든 상황에서 보호자가 보호자로서 당황하지 않고 제가 오늘 강조한 부분만 잊지 않는 겁니다 다음번에도 더 재밌고 알찬 정보로 찾아오도록 하겠습니다 구독 좋아요 알림 설정 잊지 마시고요 또 놀러오세요 안녕,
58,https://www.youtube.com/watch?v=5J7a7qyPUok,5J7a7qyPUok,[설채현 수의학]생명까지 위험한 강아지 탈수!!,설채현의 놀로와 ,안녕하세요 강아지에 대한 궁금증을 솔직하고 독하게 알려드리는 설치현 수 이사입니다 어 오늘의 주제는 바로 강아지와 물입니다 [음악] 물입니다 아 강아지와 물이 뭐 알게 있냐라고 생각하실 수 있는데 많은 분들이음음 이상하게 물에는 조금 관심이 좀 적으신 면이 있습니다 우리가 며칠 안 먹어도 살아요 사람도 마찬가지고 강아지도 마찬가지고 며칠 안 먹어도 살 수는 있는데 물은 못 마시면 죽습니다 더 빨리 [음악] 죽습니다 우선은 뭐 많이 아시죠 우리 과학 시간에 다 배웠는데 사람의 몸에 70% 물이고 어 우리 강아지들도 60% 한 70% 정도는 물로 이루어져 있습니다 내가 가진 몸의 물 중에 한 10% 이상 한 12% 정도만 없어져도 죽어요 죽어요 많은 보호자분들이 우리 강아지가 구토를 하거나 설사를 하면 아 애가 구토를 해서 아플 거 같아 어디가 위가 아픈가 봐 설사 하니까 뭐 장이 아픈가 봐 이래서 데리고 오시지만 수의사들이 가장 먼저 확인하는 거 이거 좀 이렇게 관찰력 있으신 분들은 많이 보셨을 거예요 막 잇몸 눌러보고 잇몸 들어보고 피부 막 들었다 놔보고 이걸 가장 많이 할 텐데 결국에 탈 수가 있나 없나를 가장 먼저 확인을 해 보는 거예요 우선은 먼저 우리 보호자분들이 가장 먼저 확인하셔야 되는 거는 잇몸을 들어야 됩니다 여기 잇몸을 들어봐서 촉촉한 지을 봐야 돼요 탈수가 있는 아이들은 여기가 건조해져요 그리고 당연히 코도 코에도 물이 많은 코도 건조해지죠 그래서 코 건조해지고 잇몸이 상당히 건조해져요 조금 더 정확하게 판단하는 방법은 눌렀다가 떼 봐요 눌렀다가 떼 보는데 이걸 우리가 CRT 합니다 필러리 리필 타임 그래서 탈수가 있는 아이들은 이게 1.5초 이상 걸려요 하해 있다가 다시 빨갛게 돌아오는데 1.5초 이상 걸리면 어 우리 아이가 좀 탈 수가 있나 보다라고 생각을 하셔야 돼요 그 만약에 구토 설사를 자주 했다 근데 지금 당장 병원에 갈 여건이 안 된다 그러면 우선 이거부터 확인을 하셔야 돼요 그러면 또 병원 가야 돼요 이거 어 어떻게 해서든지 안 그러면 위험할 수 있어요 이것 또 간단한 것 중에 하난데요 피부를 들었다가 딱 놓으세요 그러면 보시면 지금 이렇게 텐트를 만들었다가 손을 딱 놨을 때 원래 상태로 되게 빨리 돌아오잖아요 그런데 탈수가 어느 정도 진행된 아이들 한 6% 이상이라도 탈수가 진행이 되면 이거를 놨다가 놓으면이 텐트가 그대로 유지되고 있어요 내가 손을 놔도 그러면 이거는 어 탈수가 많이 진행됐다 이거 좀 위험한 상태다라고 알고 계시면 됩니다 탈수가 심한 아이들은 들어올리는 순간 안에서 뽀시락뽀시락 소리가 들려요 안에 물이 없으니까 폰지 뜯어 뽀시락 포락 시락 이런 느낌이 들어요 그건 진짜 심한 탈 수예요 사람도 그렇지만 탈 수 있는 사람들한테 가장 중요한 가장 좋은 치료 방법은 수행 맞는 거예요 수행만 맞아도 갑자기 컨디션이 확 살아나요 오지 산골이고 이거 어쩔 수가 없다 그러면 응급 처치 방법이 뭐가 있냐면 어 라라라라라라라라라라이 뭔 개소리야 이런 이혼 음료 포카리 스웨트 파워 에이드 이런 이온음료가 실제로도 사람도 탈 수 있을 때 먹으면 좋다라고 얘기를 하고 더 빨리 우리 몸에 수분을 보충시켜 준다고 하잖아요 강아지들한테 이혼 음료가 도움이 될 수 있습니다 그런데 중요한 건 당이 많이 들어 있어요 그래서 그거를 너무 많이 먹으면 당연히 어 혈당이 올라갈 수 있겠죠 그대로 주는 거보다 좀 추천하는 방법은 50대 50 반반 물이랑 섞어서 주시는 거를 좀 추천드리고 이거 매일 주시는 거 아니에요 매일 주실 필요도 없고요 또 하나 중요한 것 중에 하나는 많은 분들 아실지 모르겠지만 강아지들한테 자일리톨이 좋지 않습니다 자일리톨이 위험한 음식 중에 하난데 이온 음료 중에 자일리톨 들어가는게 있대요 그래서 혹시라도 뒤에 봤는데 성분 중에 이혼 음료인데 자일리톨이 들어가 있다 맛을 내려고 그러면 그건 절대 안 됩니다 그래서 어 우리 아이가 아직 심한 탈수는 아닌 거 같고 구토 설수 한두 번 했는데 조금 컨디션 떨어지는 거 같 라고 한다면 그때는 이웃 음료를 50대 50으로 섞어서 급여해 주시면 그냥 물을 먹는 거보다는 좋은 효과를 볼 수 있습니다 [음악],
59,https://www.youtube.com/watch?v=5JUYSf3-TDo,5JUYSf3-TDo,"반려동물 심장병의 모든 것! Talk 콘서트 2부 (설채현 수의사, 김성수 수의사, 조우재 수의사, 박종인 수의사)",설채현의 놀로와 ,"사용료 등도 사람처럼 심장 장이 발명을 쌓으려 척 의 심장병은 너무 증상인 경우가 많습니다 그렇기 때문에 매년 전기 값이 올라 버즈 향이 뭐야 [음악] 중성 그건 아프다 아픈 줄 모른단 뜻이야 왜 그 아무 이들 이즈 심각하군요 위 윈 건강에 으 으 으 [음악] 으 어머 아시기 바쁜데 왜 담이 심령 없어 받았냐고 함께 멍청한 놈이 심지어 넘 4 [음악] 알았어 그 알아서 많아질 파워 코너 [음악] 으 be 힘 상병의 뮤즈 몸 사 크게 멋졌다 는거 [음악] 으 그 으 우리 둘이 심정수 로 괜찮고 근 천 층 초기 심장 땅은 겉으로 봐서는 알 수 없습니다 심장병은 세련 된 일수록 조심해 1일 질량으로 나이가 들수록 심장병 발생률도 높습니다 심장 평검사 어렵지 않습니다 간단한 청진 으로 신장병 뇌물을 확인해주세요 이 아픔이 했는데 [음악] hero 5 222 2a 건강이최고 소 그 반려 그 내 심장 건강에 의해 지금 전화하세요 우리 눈에 들어올 거죠 초기 신장 뼈는 우중 상일 않습니다 1년에 한번 성징 으로 달력은 의 순창 해주셨어요 [음악] 함께 에서 많은 시간을 보냈고 5 함께 더 많은 이야기를 만들 한때 더 마음이 될수있는 수댕이 예 [음악] 너의 생각 소렐 이어서 1년에 한번 송진을 발 도중에 신생 이 깊어 주세요 이케 부인은 한국 수심 장혁 배와 베링거 2개 랄 그리고 배트맨이 함께 않은 공익성 반려 겸 심장 건강 캠페인 입니다 아파트 체크 캠페인 4 드디어 저도 이제 참여하겠습니다 예 아 네 알로 줘 어떻게 신기할 저도 온갖 좀 어색해요 와서 거에요 정말 뭔가 가까우며 안 입고 있는것 같아서 할까봐 뜨거 어색하긴 한데 그래도 전 오는 저도 진짜 배우는 입장이었고 강의도 너무 좀 재미있게 들었어요 그 이번 시간에는 많은 분들이 궁금해 하시는거 우선은 먼저 그래도 사람들만 해주신 분들의 질문 위주로 하고 저희가 지금 채팅창에 열심히 써 주시는 분들한테도 그래도 해 드려야 겠죠 그래서 제가 보면서 한번 질문들 근데 대부분 겹 치실 거에요 너무 걱정 안하셔도 되요 진짜 좋은 질문이 많은데 제가 봤을때 전도 뭐 좋다 라고 생각한 게 뭐냐면 지금 심장병을 가지고 있는 우리 발견들을 키우는 보호자 분들이 사전 질문을 남기셨습니다 줄 알았는데 가장 많은 질문이 하나 있었어요 어 심장병의 안걸리게 하녀 뭐가 어떻게 해야되요 예방을 하려면 어떻게 해야 되냐 그 지금 벌써부터 심장병 이란걸 알고 계시고 아 우리 아이가 나중에 심장병의 걸리면 안되는데 라는 그런 걱정 때문에 물어보신 분들이 제일 많은 것 같아요 그래서 심장병을 예방하는 방법이 있을까요 저도 이거에 대해서 딱히 따 생각해 본 적이 별로 없는 것 같아요 사실 심장병을 예방 하는 것은 사실 현실적으로 거의 없다고 봐야 될 것 같아요 네 아까 말씀드렸듯이 유전적으로 생기는 병이 기도하고 커가면서 자연스럽게 노하우로 생기는 거니까 뭐 예를 들어서 감염이 되는 경우 예를 들어서 심내막염 같은 경우가 감염이 돼서 생기는 병인데 그런 경우 같은 경우는 예방이 될 수 있어요 주기적으로 스케일링을 잘해주시고 잇몸 치아 관리만 잘 하셔도 실내 망연 발병률이 분명히 떨어지긴 할텐데 그거 이외에 놓아 에 의해서 생기는 건 사실 현장이 현실적으로 관절염이 생기는 걸 막아 주세요 란 같은 얘기니까 그런데 이제 아무래도 우리가 어 건강하게 살기 위해서 운동도 열심히하고 뭐 비타민도 챙겨 먹고 그러듯이 우리 발로 동물들도 그렇게 식이 조절 잘해서 너무 살찌지 않게 하고 그 다음에 균형 잡힌 음식 먹고 그 다음에 부족한 영양 분이 있을 수 있으니까 0년대 같은걸 생겨 먹고 그러면 좀 도움이 되지 않을까 싶어요 5 그러면 또 질문이 바로 이어집니다 그 질문에 질이 너무 좋아요 누른 바로 이어져요 그러면 심장 영양제가 효과가 있나요 음 어떤 영이 안에 어떤 성분을 먹이는게 조금 더 도움이 될까요 라는 질문이 되게 많았거든요 그래서 우선은 우리 김성 선장님이 간단하게 얘기해 주시고 저도 이제 또 영양학 전문에 우리 조제된 세미 계시니까 쪼개 선생님이 또 말씀해 주셔도 좋을것 같아요 하겠습니다 제가 어 세상 핸들 대상을 할 때는 저 혼자 답을 다 해야 되니까 부담스러운데 오늘은 체어 패 막강한 영향을 게 전문가 드래 편의 계시니까 저는 점포 말한 얘기를 먼저 드리고 부족한걸 추가 설명 해주실 것 같습니다 일단은 뭐 이제 근데 심장병은 일반 해서는 안 될 것 같고요 아까 제가 급하게 순장 뼈의 변기도 설명 드리긴 했는데 뭐 여행 절 증가하고 해서 다 좋다 이렇게 얘기할 순 없을 것 같고 그리고 영양제 정류 중에서도 10이면 좀더 입증이 돼서 이건 도움이 될거라고 보편적인 정하는 게 있고 사실 그냥 막연한 것들도 있거든요 그래서 아까 이제 가이드라인은 기준으로 설명을 드리게 되면 a b c d 가 있었죠 통상적으로 이제 객관적으로 저희가 보조제 나 영양제를 그 비를 추천하는 단계는 d2 단계부터 긴 하거든요 그런데 좀 이르신 분들은 b1 단계부터 도시락을 하십니다 근데 어느 정도 근거가 있는 부분은 비트 단계부터 어 좀 더 도움이 된다 라는 근거 드리지만 이 생겨 인너 고 다양한 행사 낮에 중요 들이 있고 여러가지가 있는데 최근에 이제 특히 임상적으로 주목을 받는 성 중의 하나는 이제 올리고 코에다 이라고 해서 조이제 분 자락에 작은 어떻 스쿨 되는 일정인데 보조제 쪽으로는 연구들이 실제 많이 되지 않았거든요 근데 요런 제품들 같은 경우에는 올해 기준으로 이제 저명한 수 약 저널 쪽에서 소용 전의 판막질환 의 진행을 늦춰 준다 지연시킨다 이런 근거들이 확립이 되서 말해도 관심을 갖고 있는 분야입니다 힘들게 정확한 설명은 옆에 있는 조 대표님께 냄새가 넘기도록 하겠습니다 저한테 써요 네 네 똥 심장질환 보조제 라든가 심장 쳐 방식을 미리 먹이게 되면 도움이 되나요 라는 질문들을 많이 해주시는데 어 심장 질환이 아직 확정이 되지 않은 상태에서 보조제 라든가 심장질환 쳐 방식을 먹이는 것은 그렇게 크게 도움은 되지는 않습니다 다만 심장 질환도 어떻게 보면 노화와 같이 관련돼 있는 거기 때문에 사람도 어 피로 물질이 어 가라 해서 이제 활성산소를 무력화시키는 항산화제 영어로는 안티옥시던트 라고 하는데 그게 노령견 들이나 노력 료 들이 먹었을 때 대한 심장 뿐만 아니라 노화를 천천히 하게 하는데 좀 도움이 됩니다 흔히들 알고있는 항산화제가 비타민 c 비타민 2 타우린 루테인 요정 분대 요즘 그 과학의 많이 발달해서 아주 좋은 것들이 많이 나오고 있습니다 눈에 이제 괜찮다 라는 뱃 2주 여긴 제약 선친이 라든가 요런 어 항 산화제 가 상당히 많이 들어가있구요 토마토에 많이 들어가 있다는 라이코펜 이라든가 녹차 추출물의 서 나오는 플라보노이드 이런 것들 그래서 어 영양제 라고 되어 있더라면 항산화제가 어떤 것들이 들어가 있는가 그걸 꼭 확인을 하시구요 영양제 뒷면의 보시게 되면 웬만한 영양제는 다 항산화제를 갖고 있습니다 그래서 비타민 c 와 비타민 e 함량을 써있습니다 그 함량을 한번 체크를 해보시고 지금 심장질환이 아니더라도 미리 챙겨 주시면 훨씬 도움이 될 수가 있습니다 저희 거 그만 또 제 개인적인 친구 많은 분들이 또 이런 질문도 저한테 하시거든요 이제 또 행동 악을 조금 관심 있게 하는 수의사 하기도 하고 그러다 보니까 산책 놀이 뭐 이런 것들을 많이 추천을 하게 되는데 이런 질문을 받게 되어 산책하다가 아니면 놀다가 너무 흥분하면 심장병 의 심장 병이 생기거나 심장에 무리가 갈수 있을까요 그러니까 저도 이제 그냥 수학적으로 생각해 봄 과 혈압은 높아질 텐데 이런게 너무 반복이 되면 무리를 좀 줄 수 있을까 라는 생각도 조금 했던 적이 있는데 어떻게 좀 봐야 될까요 이런 부분들을 코 9분은 제가 몸에 같이 불 사 없나 상담을 많이 하는 부분이라 1차 제가 답변을 드리고 부족하면 바운드 함께 서 보안 해주시겠습니까 다 딴 그래서 이거를 원칙적 설명드리면 예수 노아가 되고 상황에 따 또 다른 질문 일이 생기는 거에요 뭐 차는 타도 되냐 여행과 도 되냐 목욕을 해도 되냐 이러면 이제 무한대 숨이 생기기 때문에 이제 비유를 해서 선포 통 보자 분들께 설명 드릴 때 허리디스크 그럼 이런 것들은 좀 더 잘 아시잖아요 보자 분들 스스로가 갖고 계신 경우도 있고 주변에 다 있으시니까 얘기하면 허리디스크 다 그러면은 생각해보면 허리디스크 환자도 운동을 해야 되죠 음 다만 허리도 안 좋으니까 상태에 맞게 운동 강도를 추적하거나 혜택을 받아 더 재활 팩트를 하다 들이 하는건데 중요한 건 아예 운동을 안 해버리면 갈수록 허리가 다 빠지죠 운동을 해야 되는 건 분명합니다 다만 젊은 사람들로 각자 250 거세다 흐릴 때 커졌다 참고로 전 뭐 할인 괜찮습니다 그새 아아아 에어 있으셔야 안될거 같아요 그런데 그런 경우에는 이제 통증완화 하고 할 때까지 1일 주다 2조 조심하는 게 맞죠 그런데 나이 드신 분들이 라고 해도 허리가 안좋으신 분들은 과도한 운동은 피하지만 꾸준하고 일전 운동을 하는 거죠 심장은 똑같습니다 아까 제가 변기 설명 드렸는데 사실 한 b1 단계까지는 운동 제한을 필요성 같은건 전혀 없다고 보실 수 있겠고 b2 단계부터 조금씩 조심하게 되는데 심장 외적으로 아예 관절 상태 라든지 심장병 변기 심장이 얼마나 잘 관리 되느냐에 따라서 운동의 주기가 감도는 수 잇어 니까 상의 하시게 되겠구요 흐엉 큰 원칙을 말씀드리면 심장 또한 만성 소모적인 병이고 녹여내 많이 생기고 오랫동안 살아야 되기 때문에 적절하게 꾸준한 운동을 하는게 훨씬 도움이 됩니다 다만 이제 폐 부종이 생겨 따거나 심장병 축이 진단이 돼서 안정이 필요한 경우다 이런 경우에는 당분간 조심 하실 필요가 있겠죠 4 네 저 다행이네요 저는 그래도 좀 해야 된다고 말씀드려 해야 됩니다 그게 정신적으로도 스트레스를 받으면 문제가 생길 수 있기 때문에 우리가 해줘야 된다 라고 말씀 드린 데 저도 제가 실수한 게 아니라 잘했구나 라는 생각에 정말 다행이라고 생각을 하고요 어 그러면 저 이번에 이것도 되게 많이 궁금해 하셨어요 저같은 경우도 이제 강아지 반려견 두 마리 중 한 마리가 이제 노견 이라서 이제 건강 검진을 할 때마다 심장 초음파를 보고 제가 실제로 모 방송이나 다른데서도 건강검진 할 때 초음파로 이제 꼭 집어 넣어라 라고 말씀을 드리는데 한 몇 살 때부터 이 건강검진 들어갈 때 심장 초음파를 같이 넣는게 좋을까요 이게 뭐 딱 4g 딱 정해진건 아니고 뭐 초치 청진 한다거나 이렇게 하지만 몇살 때부터 는 그래도 심장 초음파는 꼭 포함 을 하는게 좋다 라고 하는 기준 같은게 좀 있을까요 네오 또 아까 제가 병기에 대한 설명을 드린 제로 제가 건가 아님 대신 설명을 취해 저입니다 예 저희가 통 3 뭐 사람 더 생애전환기 라는 게 있잖아요 저희가 이제 책마다 조금 차이는 있지만 가만 갈수록 그 연령이 개와 고양에서 빨라져서 요새는 이제 7세에 정도면 이제 뭐 노견 놈 요가 되는 시작이다 이런 얘기 많이 해요 그래서 일반적으로 검진의 중요성과 검진에 항목이 다양해지는 시각부터 그땐 데 심장병 도 비슷해요 아까 제가 나이에 비례해서 증가한다 특정 품종이 잘 생긴다 라고 말씀을 드렸는데 통제 적으로는 7살 이상이나 이 들의 경우에 특히 판막 병은 기아도 쩔어 증가하는 것을 보고 있기 때문에 콕 찝어서 뱃살 금 7살 정도 부터는 매울 중요해 지는 것이고 만약에 가족력이 있다거나 보호자 분들께서 조금 더 불안 하시다 그랬을 때는 6살 5살 때부터 해도 물론 주 처 이어서 1 조심하시고 한번 재선은 판막 쓰레기 많기 때문에 노령 성 퇴행성 으로 7살 이상이 되게 중요해 지는 데 고양이의 4 생기는 신경증 같은 경우는 유전 손이 매우 강하고 특정 품종에서 빨리 생겨요 고양이는 아주 빠르면 한 두 살 정도 부터 생기거든요 이렇게 더 빠른 나이부터 바벨 필요가 있습니다 그러면 벅 원장님 심장 초음파를 이제 보기 시작했다 4 죽이는 어느 정도로 하는게 좋을까요 어 죽이는 사실 정해져 있는 건 없는데요 상태에 따라서 좀 다른 것 같아요 그러니까 통상 우리 반려동물 3개월을 사람 나이로 환산을 하면 약 1년 2개월 에서 많게는 1년 6개월 거지만 이거든요 그 사람들이 만약에 심장 초음파를 재건 만원 만약에 병원에 간다 그러면 어떤 사람은 1년에 한 번씩 이 책을 할 것이고 어떤 사람 6개월에 한 번씩 할 거야 그래서 정해져 있는 것은 사실 없는데 뭐 짧게 는 한 달에 한 번 많게는 3개월에 한 번 사이에는 심장 초음파를 봐야 해요 그러니까 지금 기본적인 말씀 하신대로 심장병을 처음에 언제 초음파를 넣어야 되느냐는 7살 정도가 적당한것 같구요 근데 그 이후에 심장병이 정말 진단이 나서 약을 먹게 된다면 약을 먹는 거에 이안 빨로 업을 해야 되거든요 그러니까 약을 먹었을 때 얼마나 효과가 나고 이야기 어떠한 부작용을 일으켜서 이하일 때 맞다 안 맡아 경기가 진행을 하면 거기에 맞게 약을 증량 해야 되기 때문에 교회에서 얼마에 한번씩 보느냐 치마나 있는 한 달에 한 번 안 심한 아이는 3개월에 한번 좀더 봐주시는 게 좋을 거 같아요 지금 보시면 비글 호두 님이 대부분 종합검진 보면서 보지 않나요 라고 질문을 했는데 사실 수리사 로써 알잖아요 이게 잘 아 줘야 되어 버려요 어 한번 얘기군요 왜 근데 원장님이 차질 제가 저는 원주에서 여기까지 올라왔는데요 이제 사회적 김성선 잼 같은 경우는 원한 뭐 서울에서 병원을 하시고 다양한 케이스 어 많은 한자를 보시지 만 제반 같은 경우는 사실 인게 의료 환경의 그렇게 서울처럼 조치는 알아요 근데 이제 그런 환경 속에서 건강검진을 1년에 한 번 하는 것도 부담스러워 하시는 분이 현실적으로 봤는데 거기에 이제 고가의 초음파검사를 넣는건 좀 어렵죠 그러니까 지금 이 방송을 보시는 분들이 너무 좋은게 뭐냐면 보시는 분들마다 엄청 이는 심장 전문 병원입니다 정확하게 심장과 드릴 수 있어요 보셨는데 검사 하 시 죠 이렇게 말을 할 순 없고 이제 이 방송을 보신 분들을 아심 정경 이라는 게 있고 7살이 넘어서는 한번 좀 더 검사를 해보는 것도 좋겠구나 청진 꼭 필요하기 9 나겠구나 이런 생각을 해 보시는게 좋을꺼 같아요 네 지금 되게 좋은 소중히 하나 들어왔습니다 4 방금 우리 김성수 원장님이 좀 추천하신 어 네 심장 영양 무 조제 이거 이끈 가져가도 되나요 4 이렇게 들어와 있었군요 전 무릎 목 들 골판 근데 네 이 팀장의 좋은 영양 등의 후코 h 를 경품 이벤트로 5분만 이거 어떡할까 시작해 주시면 선착순으로 5분 저희 지금 5 관계자 입니다 하고 이제 시작 이라고 뜨고 나서 5분만 선착순으로 4 이 영양제 드리도록 하겠습니다 좀 먹는거 카 아요 일본이 부터 오신분들 대단한데 이게 딜레이가 있기때문에 어 이렇게 시작을 하기 전에 먼저 택배 받아야 전 끝에 그 으 그냥 나와 우루루 의장이 나오며 한 번 해봐요 끝났네요 예 아 내가 있다 어떤 분이 됐는지 모르겠어요 저희도 농구 달력으로 나옵니다 아 네 5 더 줘 봐야 돼 더 적어 둔 소식입니다 그래서 끝났지만 소명으로 해서 20분까지 된다고 합니다 4 드립니다 어 노는게 최고의 없는 6번째 라고 하셨는데 되신 거예요 우리 종양으로 늘렸습니다 4 [음악] 맥포스 인식해 이제 끝났어요 네 죄송합니다 아 예 더 이제 조금 더 간단한것 우리가 무작정 어 이상한데 니까 검진이 아닌 이상 무작정 그냥 바로 병원을 갈 수 없잖아요 그럼 많은 분들이 집에서 이런 증상을 보면 아 그러면 컴 까지 건강검진 때가 아니어도 한번 병원 가서 확인해 봐야겠다 라고 하는 증상도 어떤 게 있을까요 더 아까 증식하고 싶은 권세로 왜 나빠요 일단은 무증상 단계에서 검증은 탑을 찾는게 더 중요하긴 한데 요 증상 이라고 했을 때 가장 알고 베쓰 개의 경험을 말씀드리겠습니다 가장 특징적인 증상 아까 제가 목에 걸린 것처럼 질책하는 세력을 얘기겠지 통상적인 호흡기 질환과 좀 차이가 있구요 나에게 심장이 커져서 기관지를 아빠께서 나오는 내뱉을 때 나는 착한 게 지금 흥분 씨의 보자 본 귀가 후에 반가울 때 밤이나 새벽에 들어가는 이런 기침이 가장이 보자 분들께 인자기 좋은 증상 이구요 숨이 가빠지고 빨라지는 건 사실 신부 저희 많이 진행한 상태라 이미 좀 더 늦은 증상 같아요 그리고 이제 평소에 비해서 흥분하거나 갑자기 운동 격렬하게 화가 픽 쓰러지는 cc 인증 산 같은 것들이 되게 뚜렷한 증상 근데 이건 보호자 분들께서 인지하게 좋은 증상이지만 앞의 내용을 들으셨다면 증상 이미 있기 때문에 이런 아이들은 심부전 스테이지 c 이상일 가능성도 없거든요 그 조금 더 초기증상 메 라 한다면 흔히 말하는 노화 증상 같은 거예요 얘가 우리가 이전보다 최한 나쁜 것도 아닌데 이상하게 입이 짧아 지도 잘 안먹어 잠을 너무 많이 자 반대로 잠을 눈매 심장이 압박 받으니까 숙면에 보지 하고 자꾸 웃게 그 보통 예민해지고 소 심해지고 불안 해 지거든요 왜냐 마까 박 원장에게 설명해주신 수장 병의 진행 과정에서 판박이 문제가 생겨서 피가 거꾸로 돌기 시작하면 몸으로 보내는 혈액이 이게 심장이 펌프질을 해야 되는데 뭐 물어 가야 되는 혈액이 부족해지면서 다 아시는 교감신경 이란게 활성화 되거든요 교감신경은 심장을 빨리 뜨게 하고 강하게 뜨게 해주는 이제 이로운 작용을 하게 되는건데 만성적으로 교감신경이 활성화되어 있기 때문 동 불안하고 떨고 이런 증상들이 많이 생겼죠 그래서 초기 노화 증상과 유사하기 하지만 이런 증상이 있었을 때는 꼭 검진을 받아서 조기 해진다 하는게 중요하다고 생각됩니다 한가지 부가세 내용을 조금만 더 d 로 보면 사실 심장병 을 증상으로 뭔지 말씀하지 그대로 요 조기 발견하는 거 거의 불가능 해야 병원에 가서 그나마 청진 으로 발견하면 아마 가장 빠를 거 거든요 근데 어 대부분 보전 님들이 제가 재료를 보다 보면 놓치는 게 나이가 10살 11살 12살 되니까 움직이는 거 싫어해요 우리와의 원래 산채 엄청 좋아했던 아인데 수 허세는 나가면 자꾸 안아달라고 하고 조금만 그러면 금방 들어가고 싶어요 그러면 버전 님들은 일반적으로 않을거 쓰니까 나이가 들었으니까 이렇게 생각하시는데 함 다시 한번 조금만 더 생각해 보세요 이렇게 원래 산책을 잘하던 아이고 집에서 쪽에도 잘해요 아빨 도 뒷발 도 쭉쭉 일을 잘 하는 데 편하게 4000 나가면 한 2분 3번만 걸으면 안아달라고 하고 2분 3분 4분 만 걸으면 자꾸 자리에 앉고 해 버린다면 그거는 노화로 도 볼 수 있지만 혹시 심장병이 있지 않을까 한번 생각해 볼 수 있어요 그러니까 보호자 님 수준에서 생각하는 것은 아무리 많이 가르쳐 드려도 이 정도 수준 바뀌는 안될거 같아 보기 어려운데 키우시는 분 만이 느낄 수 있는 느낌이 있어요 오 예 달이나 관절이 아픈 거 아닌 것 같은데 아이가 걸어가면 단절 아픈 아이들은 약간 파행 이라는 절룩거리며 거에요 뒤에서 보면 오른쪽 다리 등 왼쪽다리 든 뭔가 불편하게 약간 절로 꺼리는 느낌이 들어요 사람은 두 발로 서서 걸으니까 절로 걸음이 티가 잘 하지만 우리 반려동물 들은 기마 자세를 걷자 나요 그러니까 뒤에서 봤을 때 절룩거리며 생각보다 잘 안 보이는데 보자 님들은 그걸 느낄 수가 있어요 그래서 그런 파인 같은 게 없고 집에서 쭉쭉이 도 잘 하는데 우리 교회 밖의 3천억 없는 3분만 고름 싫어하지 이런게 있으면 한번 병원에서 검진을 해 보시면 좋을 것 같아요 제가 진짜 많이 느끼는 건데요 저희 5 침해에 대해서도 요즘 또 김 성 선택 형태가 얘기를 했었고 하면서 느끼는게 아 늙어서 그런 거겠지 라는 생각이 가장 위험한 것 같아 하잖아요 그러니까 늙으면 다 이렇지 라는 생각이 정말 위험한 것 같은게 그러다가 이제 이 시기를 놓쳐버리는 것 같아서 혹시라도 이제 나이가 들면서 조금 바뀌었다 라고 한다면 사실 이게 뭐 동물 병원 가는게 부담스럽고 이룰 수는 있지만 먼저 가는게 훨씬 더 나중에 예 금전적으로도 정신적으로도 좋아요 사람도 그렇지만 병원을 가는게 무섭고 걱정도 되고 하지만 항상 그래도 먼저 가는게 훨씬 더 이득이 많다 이제 저희 우리 또 우제 쎄미 저렇게 계속 쳐다보고 있었어 성서 공부 너무나 이제 나도 좀 지판 줘 냐 영양에 대해서 얘기 할게 많은데 그렇게 쳐다 보게 있어서 저의 진짜 궁금한 것 아마 우리 시청자 여러분들도 엄청 많이 궁금하실 텐데 쳐 방식을 꼭 먹어야 하나요 라는 생각을 정말 많이 가 지실 거에요 그리고 여기서 이제 또 계속 궁금한 점들이 생강 나거든요 그래서 보통 부모의 우리가 심장 영양제 안심 장차 방식 이 있잖아요 그거 는 이 심장 쳐 방식이 왜 중요한지 그리고 이걸 꼭 먹는게 좋은지 에 대해서 한번 말씀해 주시면 좋습니다 보통 흔히들 심장 초 방식이다 그러면 나 투룸 함장을 제외한 왔다고 정도로만 많이 알고 있는 경우가 많이 있습니다 근데 처방 시계는 그 뿐만 아니라 심장 물론 이제 신장 쪽도 마찬가지 겠지만 혈류량을 좀 많게 하기 위해서 오메가 프리 지방산 물론 영양제로 도 모르겠지만 처방 시계는 좀더 강화를 시키고 요 그리고 심장 주변에는 아미노산 같은 것들이 많이 도움이 됩니다 그래서 l 가루 내진 이라든가 타우린이 라든가 그리고 아르기닌 이라는 으로 이제 아미노산 함량을 밸런 술을 좀 조절을 해 주게 되어 있습니다 그 곡을 먹이면 손이 보조제를 같이 모르게 되면 심장 진료하는 데 보조제 로써 훨씬 더 도움이 된다는 거죠 보조제로 보여주면 좋은 것들 많이 나오고 있는데요 예전에는 ql 호 엔자임 q10 이라든가 sm 이라 등 거 뭐 타우린 영양제 라든가 이런 것들 많이 나오고 있는데 어 보조제 들이 아마 단위는 동물 병원 마다 이렇게 쭉 추천해 주는 게 조금 다를 수도 있을 겁니다 그럼 같이 먹이면 좀 도움이 많이 됩니다 4 4 이리 먹이는 것도 좋은거 안 되는데 그러면 이제 또 하나 질문 이것도 많이 하실 거에요 아마 여기서 웃어 제가 제가 궁금한게 또 여러가지 있고 내가 들은 질문들이 많이 있는데 우선은 쳐 방식 잘 먹이고 있어요 그런데 이것만 먹이는게 너무 불쌍해요 혹시라도 심장병 있는데 간식 줄 수 있는 거 있을까요 어떤 간식이 괜찮을까요 라고 되게 많이 물어 보시 거든요 아마 여기서 되게 지금 많이 부대 하고 계셨을 거에요 저는 에 뭐 방송 보시는 분들은 싫어 하시겠지만 저와 관련된 강아지라면 간식 주지 말라 라고 얘기 화보도 정체는 아예 아 뭐 13 싫어요 제일 싫어하는 말이긴 한데 그럼에도 불구하고 뭔가를 주고 싶어 하는게 이제 사람의 마음 인지라 주더라도 이제 전체 칼로리의 10% 이하로 되게 하라 그렇게 얘기를 합니다 특히 심장질환 시기 알로 즉 그 다음에 비만 쪽은 간식을 끊어야 되는데 뭐 꾸는 씨는 보호자 분들이 많이 쓰세요 그래서 저는 이제 처방 간식 같은 것들을 따로 개발을 하게 됐습니다 아까 퀴즈 맞추신 분들 이렇게 아 아 아 예 티아라로 지금부터 30명 더 이렇게 저어서 이렇게 올리면 추가로 og 하핫 저희 우리는 조 재 선생님 해서 그 간식 그래도 좀 이 영 양 밸런스가 잘 맞는 간식을 또 주시겠다고 하셨으니 까요 또한 바울이 시작한 번 해 주시죠 대 4 wr 파아아아악 여러 합사된 하다가 생각에 나온건가요 어 진짜 진짜 아 그리고 싶다 진짜 각 응해 줍니다 네 뭐 신분을 뭐하시나요 예 네 방금 시장에 나왔습니다 꼭 4 시작부터 윤 리 공 님 부터 시작된 것 같아요 4 i8 얘기 라고 하는 심장 질환이 문제가 치고 면도 있는 처방 간식이 같이 갈 겁니다 4 그리고 간식은 이제 주게 되면 어떻게 보면 백해무익 이 줘 오히려 이 제목에 기계적으로 걸려서 문제가 되는 경우도 있고요 그리고 간식의 종착역 은 대부분 비만 입니다 음양 아세요 향 송 보시는 분들은 자가 진단을 한번 해보셨으면 좋겠어요 요즘에 신용카드만 있으시 잖아요 그래서 3개월 동안 우리 반려견을 위해서 발견 5 를 위해서 주식으로 어느정도 결제 했는가 보면 제가 상담을 해본 결과 에 의와 맨 나중에 만원에서 1 8만원 정도 주식에 이제 결제를 합니다 사료 세포 정도 사실 거든요 뭐 아니었는데 생식을 먹이신 다 그러면은 1 120,000원 뭐 15만 원까지 도 이렇게 드러날 수가 있구요 반면에 추 라든가 뭐 안 껌 슈 라든가 뭐 이런 이제 기타 간식 간식은 사익 않자 를 써서 간식 인데 이게 한 20만원 30만원 되시는 분들은 어떻게 보면 건강을 좀 해치고 있지 않나 이렇게 한번 생각을 해보셔야 될 것 같아요 이 발언은 이제 간식 회사에서 시간 4 그쵸 1시를 바라 해서 생각이 쉬러 할 것 같은데 아 저도 됩니다 저도 되는데 전체 칼로리의 10% 새끼 손가락 두 마디 정도가 적당한 양 이라는 거죠 아주 큰 라브라도리트리버 라든가 3 퍼트가 아닌 이상 대부분 요크셔 10주 푸드 다음에 비숑 요런 이제 작은 애들이 란 말이죠 사회 소한 6키로 정도 밖에 안되기 때문에 간식은 좀 제안해 주시는 것이 좋습니다 그리고 심장 질환도 비만이 있으면 아주 안 조천 그렇죠 그러니까 비만을 예방하는 차원에서 는 칼로리 식단 조절하는 것이 중요합니다 저기서 그럼 이제 점점 영양과 관련된 고난이도 질문이 좋아합니다 서 방식을 먹이라 고 하셨는데 어이 아무리 쳐 방식을 줘도 안먹는 당 분명히 있어요 여기도 평형 있을 거예요 처방 시 그 안먹어요 그러면 그 땐 어떻게 해야 되나요 아 그런 수를 써서라도 없게끔 해야죠 예 진짜 먹는다 그 딱 방법 중의 하나가 이제 보통 흔히들 쓰시는게 물에 말아서 살짝 데워서 그 다음에 없어 뭐 처방 씩 회사를 바꿔서 이런 방법도 있고 건식 을 안 먹는다 그러면 숲 씩으로 개최해서 바꿔 주는 방법도 있고요 그래도 노란 위액을 토 할 정도로 안 먹는다 라고 했을 땐 조치와 상담을 좀 하시고 이렇게 비경구 영업 00 투입 일하는 방법이 있습니다 이제 유동식을 바로 의 장관으로 넣어 주는 방법인데 고런 방식을 통해서 영양을 공급해 주는 방법이 있습니다 그래서 이 너무 짧게 해서 키우는 분들 있잖아요 그런 분들 한텐 미리 이런 얘기 해주면 좋을거 같아요 나중에 문제가 되면 10쪽 예 큐브를 꽂아 가지고 유동식을 넣어 줘야 될 수도 있습니다 그렇게 되 게 싫지 않아요 그래서 조금씩 입이 너무 짧게 끔 만드는 것은 좀 피하시는게 좋습니다 그러면 아까 제가 막 질문 올라갈 때 제가 매일 눈으로 봤거든요 무슨 가끔 언님 이었는데 화 식 괜찮을까요 라고 물어보셨는데 그럼 이거 아까 일맥상통 할 것 같아요 그리고 제가 아까 잠깐 쉴때 또 우재 세밀한 가 이런 얘기들을 했었을 때 아 그래도 고기는 건강하게 제가 아프니까 우리 뭐 단백질 먹으면 많이 건강해 진다 이런 생각을 하잖아요 그래서 기억하실 것이 쳐 방식도 잘 안먹어 이래서 막 소고기 구워 주고 닭가슴살을 죽어가고 담배 끼고 좋겠다라고 하는데 이런거는 좀 어떤 영향을 끼칠까 요 그러니까 화 시기 라든가 생식 이라든가 사류 습식 사료 뭐 이런 것들 있잖아요 그런 것들은 어떻게 보면 집합 명사 입니다 집안 명산 뭐냐면 많이 화 식은 어때요 생식기 좋아요 사료가 좋아요 이렇게 물어본다 라면 사람으로 치면 미국사람이 좋아요 한국사람이 좋아요 그런 질문과 같은 거예요 왜냐하면 화 시계도 상당히 많은 a 19세가 여지가 있고 뭐 생식의 도 상당히 많은 레시피가 있을 수도 있는데 거기서 이제 봐야 될 것이 어떤 대상 건강한 n 제 심장 질환이 있는 ng 어떤 진단명을 받은지 거기에 따라서 그 레시피가 맞는지 안 맞는지 먼저 봐야겠죠 그 방식 이화식 이냐 생식 이냐 아니면 사료 냐 이거는 이제 둘째 문제고 요 그런데 처방 식단 이라고 하는게 아직까지는 건식으로 많이 이루어져 있습니다 왜냐하면 수분 함량이 10% 이하로 조절을 하게 되면 쳐 방식이라는 게 미네랄과 단백질 뭐 이런 아주 작은 영양소들이 아미노산 데 이런걸 조절하는 조절하는 거기 때문에 수분 함량이 많으면 좀 조절하기가 많이 어렵습니다 그래서 건식으로 주로 쳐 방식들이 많이 나오고 있는 거죠 이렇게 예 재미도 됐거든 점수 빵님 한국 사람이 좋은데요 깎다 이빨 메아 올려주시고 한국사람이 좋아하는데요 저도 저도 그렇습니다 행동 앞쪽으로는 어떻게 잘 버틸 수 있는 방법은 없나요 아 사실 제가 느낀 건데 이건 사람이나 강아지나 사람도 이게 전 되게 망 비비 거든요 근데 이게 엄마가 그렇게 안 키워도 어렸을 때부터 입맛이 까다로운 해서 있는것 같아요 유전적으로 그렇게 좀 안전은 다루기 해봐요 아예 분명히 있어요 근데 그러니까 이런거죠 약간 어떤 느낌이 냐 면 분기 면담 없긴 해요 근데 이게 보호자 로써 내가 우리 엄마가 주는 밥을 안먹어서 뭔가 안 먹는다고 해서 우리 엄마가 잘 군비 까 라고 생각을 한 더미 않습니다 그래도 더 좋은걸 주려고 노력은 해 주실 것 같긴 하거든요 그래서 저두 한가지 이제 저도 사실 발려서 동부를 정말 아이처럼 키우는데 첫째 아이도 심장병으로 보내고 둘째 아이도 벌써 4년째 약을 먹이고 있어요 우리 아이가 양만 보면 기절을 해요 수의사가 자기 강아지 약을 잘못 모기는 말이 안 되잖아요 근데 아직도 제가 먹다가 이렇게 우리한테 가지고 주거든요 근데 조각사 님이 얘기하신 것처럼 그거를 줄였어요 처음에 간식을 하나씩 좁고 아니면 제가 먹던 과일을 입으로 딱 잘라서 주고 그랬는데 이제는 그 양을 정말 많이 줄었어요 그게 되는데 생각보다 아이가 스트레스를 받아 하지 않아요 그러니까 하나씩 하나씩 주동 걸 과감하게 절반으로 줄여 보시고 절반으로 줄여 어떤 걸 반해 반으로 또 줄여 보시면 그 횟수만 유지시켜 주면 되는거 같아요 보자 힘들이 그 라이프 사이클이 있잖아요 그 모 출근할때 줘야 되고 들어오면 줘야 되고 뭐 밥먹을때 줘야 되고 각 가정마다 라이프사이클 있을텐데 그 사이클을 갑자기 깨면 아이들이 혼란이 오니까 일단 그 사이클은 재키 시대 그 주는 양을 반 식빵 식빵 씩 줄여 가면 아이들이 일단은 좀 충격이 더 올 거고 져 로더를 거고 두 번째는 저는 식탐 유발 법을 사용하는 경우가 있어요 뭐 어떤 케이스가 있으냐 면 보전 이미 강아지를 병원에 막혔는데 저희 강아지는 스테이크 밖에 안 먹어요 그래서 생각해서 4 그 저희 강아지는 등심 하고 안심을 구별 하구요 제가 반드시 손에 올려 줘야 되는데 손에 올린 고기를 떨어뜨리면 우리 아이는 그 걸쳐서 먹지 않습니다 예 진짜에요 내가 그걸 내외 10일 그래서 것 이 그래요 보셨는데 저희는 스테 로 스테이크를 구워 줄 수 없구요 처방 살이 붙게 될 수가 없어요 어그 입원을 해야 되는 아이였어요 절 어떻게 했냐면 도전인 딱 아셨죠 그 아이는 일단은 수 의사가 얼마나 불안하고 입원실에 같이 니까 얼마나 무서워요 그러니까 일단은 경제를 해요 저 구석에 앉아서 이루고 있어요 가서 쓰다듬어주고 이뻐해 주고 저는 자리 피해 에어 물만 딱 넣어줘요 그리고 나서 저녁이 밥을 이렇게 또 라고 따라 줬어요 1 38 정도 그리고 나서 그 사람 제발 좀 더 증거를 30분 지나서 마치 돌아 이처럼 너무 잘 먹었구나 인식해서 사료를 코앞에 보이는 쓰레기통이 버렸어요 그리고 꼭 빙 커져서 그냥 나왔어요 다음날 아침에 또 똑같은 짓을 했구요 그 다음은 날 아침에도 또 그 지으세요 보전 이미 저한테 약속을 했어요 우리강아지 죽이지만 않으면 되니까 원장 마음대로 색 수르 셀 확답을 받고 억 정말로 토 해도 되고요 4 원장님 죽이지만 마세요 제가 이거 고쳐 보겠습니다 그래서 정말 해본 케이스가 있거든요 그래서 딱 3일 많이 먹더라구요 맞아요 이것은 할머니 이게 가장 중요한 교육방법 중에 하나인데요 어 밥먹는 아이들이나 요보호 저리 도심 올릴 때 뭘 하냐면 밥을 무슨 말을 잘 들어야지 내려줘요 그리고 안먹으면 5분에서 10분 뒤에 애가 볼 때 빼요 얘가 얘한테 보여주면서 빼서 그냥 위에 올려놓는다 거나 이런식으로 이게 이 시간에만 나타난다는 걸 보여 주기는 하는데 아 이거 뭐야 했는데 잘못 하시긴 하구요 예 그렇게 제일 안좋은거 아무 이유없이 뭔가 이렇게 토핑 에서 올리거나 이런 것들이 입을 짧게 만드는 데 원래 입이 짧게 태어나는 개들을 없는것 같아요 그런데 이제 뭔가 줬을 때 안먹으면 평소와는 다르게 말을 헐어 준다거나 한번씩 관심을 더 보여 준다거나 손으로 떠서 준다거나 이렇게 하게 되면 그 보통 애들이 생각을 했었을 때 아 밥을 거부하면 어떤 네오 상을 받는다 그러나 이렇게 되면 이제 문제가 되는 거죠 그 저는 요 이슈에 대해서 그냥 제가 마지막으로 저는 이제 매일 같이 치료를 하는 입장이고 전국 각지에서 어 초기 단계를 넘어서 다른 붙잡지 람도 있고 정말 핵과 다 해 보신 보호자 분이 오셔 다 보니까 솔직히 말씀드리면 다른 문제입니다 입장이 약간 다르긴 해요 구조가 순간 저는 보자 분들 편에서 바꿨거든요 왜냐하면 얼마나 노력하시고 수단과 방법을 다해 보셨는지 알거든요 그래서 얘가 원칙은 되게 명확해 요 의 사람이 안 3 기사라면 맞는 답을 드리기 해야되는데 보자 분들한테는 약간 솔루션이나 어때 로는 좀 편도 필요한 거거든요 그래서 얜 뭐 팩 우정 이 생겨서 지금 절대 안정 해야되는 염분의 피해야 되죠 하지만 개가 고기 먹는다고 해서 당장 클라 지나 예를 들면 왜냐하면 어 애도 지급 숨쉬기도 힘들고 보호자 분도 당황스럽고 애들도 컬 행 덕소 느끼니까 더 불어나고 이말도 여러가지고 이런 상태에서 원칙만 고수 하면 병원에서 설명해 줄 수 있는데 10 에 와서 보호자 분들 망막 하시거든요 그래서 솔직히 말씀드려 저는 어떻게든 뭐 조리를 하든 풍미를 증가시키는 먹어도 되는 간식을 찾아드리는 최대한 먹일 수도 있는 팁도 드리고 물론 원칙은 원장님께 말씀하시는 똑같죠 급히 해야되고 어항 게 맞는데 김성주 언쟁이 우리편 나옵니다 그럼 뭐 언니 뭔가 구성 선제 그리고 나왔어요 4 예 그런데 이거 으 그 뭐랄까 병기에 따라 다르긴 하지만 착각 팁을 드린다면 제가 이제 먹어도 되요 라고 할 순 없잖아요 근데 어떻게든 최 박해로 방법을 상에서 찾는 편이다 라는 건데 약간 팁을 드리면 카트 맥락 이에요 근데 저는 이미 심장병이 생긴 상태에서는 보호자에게 안 되신다는 거예요 이미 그렇게 속성이 들어왔고 보호자 분도 내새끼 의인화 를 하고 계시고 가뜩이나 심장병이 생겨서 얼마 살지도 못하는 이런 엄마 마음도 있고 조금 더 좋은거 주고 싶고 애들도 보상 이 필요해요 수직 힘들고 운동도 진한데 스트레스 많이 봐도 안 먹던 약을 사 년씩 먹어야 되면 사람처럼 자기가 살아 나 올라 먹는게 아니라 하시던 말해서 약간의 팁을 드리면 그래서 요 부분을 이미 병이 닥쳐서 약까지 먹고 입도 짧은 해서 시도하는 건 매우 어렵고 그래서 아까 7살때 검지 말씀드렸잖아요 이렇게 아주 큰 병이 없는 상태에서 주어도 되는 단식이나 음수 습관이나 아니면 이런 것들 아까 바 원장님이 나 조 대표의 말씀 하신 것처럼 미리 길을 들어오면 나중에 쏠 해요 라져 대전 예 그러면 물론 이제 그 식을 놓치신 분들은 낮에 계로서 책을 운영 해주시면 펭 도움을 드릴 수 있겠으나 미리 해 놓으시면 나중에 아이도 들 서운하고 보호자 번 더 들 아프고 아이도 올해 살릴 수 있는 제일 좋은 방법이 아닐까 싶긴 합니다 같습니다 예 아 이제 댓글보고 있을게 너무 재미있어요 김성수 원장님 때문에 이제 기가 살아 나셨다 아예 편도 있었는데 예 그러니까 이제 어 쏘 또 어떤 분들은 이제 또 갑자기 설이 세운 사람이 오라는데 한번에 회뜨기 올라오고 있더라구요 4 2 이제 약간 또 이제 심장 쪽으로 한번 다시 돌아가보면 어 저기 이제는 정말 많이 받았고 이것 때문에 조금 가끔 아 이게 인터넷이나 바깥쪽 요즘은 정보가 너무 많아서 문제 잖아요 아서 근데 이 정보 때문에 많은 분들이 반려견과 삶의 질을 높이면서 더 오래 살 수 있는데 이게 약간 고민하다가 오히려 더 늦추는 경우가 있는 것 같아요 심장병과 심장 심장 병의 치료를 시작해서 약을 먹게 되면 신장이 나빠지기 때문에 심장병 치료를 하지 않겠다 아니면 최대한 늦게 시작하게 내가 지금 봤는데 심장이 안 좋아 졌다고 들었지만 내 인터넷에 찾아보니까 심장 약을 먹으면 신장이 안 좋아질 거다 그러니까 최대한 늦게 먹이거나 먹이지 말아라 뭐 이런 글도 저도 봤거든요 정말 많아요 근데 이 부분에 대해서 2분이 이거 정확하게 요기서 이거 진짜 서요 그 이건 다 신경 쓰지 말고 이 얘기가 맞다 라는 걸 좀 한번 얘기해 주셔야 되요 너한테 말씀도 되면 뭐 제 생각이 다를 수도 없으니까 전승 안되겠습니까 절대 아니에요 절대 절대 아니마 조건 먹 있어야 돼요 자 아까 제가 심장병이 발병 기전을 설명을 되었거든요 결국 심장이 문제가 생겨서 판 망해도 는 어떤 박 출 양이 문제가 생기면 결국은 심장에 리모델링 이라는게 되어 리모델링의 돼서 어딘가 압력 부하가 생기면서 그 다음에 문제가 생기는 건데 그러면 은 사실 쿠파 주로 피를 잘 못 보내 줘요 그러니까 대표적으로 저희가 심장병을 진단을 하고 이뇨제를 줄 때 정말 많이 받는 질문이 선생님 신전 빽 뭘 친정 정복을 때 심장 년 모금은 아니다 빠진다면 색으로 왜요 어인 유죄를 아시는 분이 또 별로 없어요 또 심장 양만 모금 무조건 다 빠진다 생각하세요 절대 그렇지 않고 그 안에 이뇨제가 이제 콩팥 3 무리를 주니까 문제가 있다고 생각할 수 있는데 일제는 결국은 소변을 좀 더 많이 보라고 소변을 조금 더 많이 보라고 신호를 주는 약물이 잖아요 근데 그렇게 신호를 줘서 혈액순환을 개선 을 하면 오히려 콩 파 수치가 떨어지게 되요 그건 제가 질려 보면 상당히 많이 겪는 거에요 우리가 보자 님들 대부분 혈액검사를 하시면 bun 이나 크리야 지니는 수치를 보고 어 신장이 좋아졌어 나빠져서 라고 우리가 이렇게 대신해서 알게 되는 거거든요 사실 콩 파 시 아주 많은 김 카드 받는 기능을 하는데 그중에 배설 기능 걸러서 배설을 할 때 비행 크레아틴 으로 확인을 하게 되요 그런데 우리 커피 드립 내릴 때 줘 어 드림 해주거나 에스프레소 머신에 압력을 제대로 걸어줘요 커피가 나오잖아요 근데 그걸 제대로 못 걸어 준 커피가 잘 안나와요 마찬가지로 심장이 제대로 띄워서 정확하게 짜 줘야 콩 파 시 잘 걸러 줄 수 있거든요 결국은 걸 음 기능을 개선하는 건 콩팥이 제대로 짜 주어야 되는데 r 심장이 제대로 짜 줘야 되는데 심장이 제대로 짧으면 심 장력을 먹고 인 유죄가 필요하다면 약간 인 유지를 먹어야 되요 그게 오히려 심장 신장에 더 좋기도 하고 실제로 제가 진로를 많이 볼 때 신장 수치가 높은 아이가 저희 병원에서 심장 약을 먹고 인 유즈 에서 썼고 그랬는데도 불구하고 신장 수치가 오히려 떨어지거나 좋아진 아이들이 아주 많습니다 이게 그냥 이렇게 물어보면 되요 많은 분들이 더 확실하게 하려면 저희가 수의사 잖아요 우리집 강아지가 초기 심장병이 발견이 됐다 약을 먹이는 안 먹인 야 턱 목이 좀 사는지 먹이고 있어요 예 딱 네 저는 이미 끝인가 에 났습니다 벗었던 앞 언약 해수 중 이 오는 것 같고 이게임이 5 제가 필요한 것 같다 신장병 신장의 걱정돼서 이뇨제를 먹이 년 몸이 냐 초인 당연히 목이 줘 당연 왜냐면 이게 결국에는 더 삶의 질을 높이면서 오래 살게 해 줄 거고 나중에 신장이 나빠질 가능성이 있더라도 심장으로 더 빨리 죽을 거니까 그 안하면 그래서 이 부분에 대해서는 여러분들이 그 인터넷이나 이런데 4 찾아보시면 안되고 또 우리 김송 선생님이 더 또 한번 자세하게 설명해 주실 거에요 네 저도 마찬가지로 바운드 회사는 서울에서 매일 반드시 질문 되기 때문에 애좀 제작돼 설명을 드리면 순장 병이라고 일반 하실 필요 없어요 아까도 설명 드렸지만 순장 평은 검사나 어떤 대해서 심장 이상이 확인된 단계라 즉시 개는 b1 단계 최대 비트 당 거니까 그 단계까지는 야베 먹지 않거나 약을 먹어도 강심제 라는거 먹게 되는데 강심제 는 말 그대로 심장이 힘차게 띄게 해주는 성분이 거든요 모든 약은 사실 부작용이 0% 에요 그냥 없는거예요 소화제 먹어도 개체 특성이 생기니까 하지만 b2 단계까지 가 훨씬 긴데 그 단계까지 아이가 먹는 강심제 같은 앱의 까지는 통상적으로 부적의 거의 없다고 보고 있구요 크기 말하는 부작용이 라고 얘기했을 때 제 걱정 되시는 양이 극에 인 유저인데 바운서 님께서 사실 타입의 설명해주셨어요 만약에 나중에 심장병 인데 우리 아이가 약을 먹고 나서 콩 파 스치고 올라갔어요 콩 80 나빠요 라는 얘기를 많이 하시는데 제가 봤을 때는 크게 3가지 정도 파티가 있었던 것 같아요 첫번째 어 아까 파운드 예수처럼 심장 콩팥 심장 신장 주의 라고 하는데 심장이 계속해서 혈액 순환을 하고 안정적인 혈액 공급을 해줘야 되는데 심장이 제대로 박수를 못하다 보니까 혈액과 산소 공급이 안되서 콩팥이 나빠지는 이런 경우들이 사실 제일 많아서 과량 해약을 함부로 쓸 필욘 없겠지만 아이에 맞는 적절한 약을 쓰는 게 오히려 쿰 파 수치를 떨어뜨리고 더 좋다 이게 이제 가장 일반적이고 요 두 번째 경우는 어 심장병 나이가 많잖아요 근데 문제는 콩팥병 신부전 도 나이가 많을 때 생겨요 원래 갇히는 경우가 많아요 근데 심장병 안 그나마 증상이 있으니까 청진 으로 알고 했는데 여태까지 홈 8시 괜찮다 흔히 말하는 보호자 분들 용어로 번이라고 1 썼지 이런 통상적인 수치가 거는 콩팥 조기진단이 안되요 괜찮은 줄 알았는데 심장병 생겼는데 컴 8 병이 원래 있었던 경우도 있어요 그래서 이제 드러날 뿐 인데 뒤늦게 알고서 약 땜에 그래 왜냐하면 보자 하고는 우리 아이가 평생 약을 먹어야 돼 약을 한번 죽어 라는 것이 되게 두렵기 때문에 그 시점부터 이제 기억을 하셔서 원래 갖고 있는 홈 판 문제 때 뒤늦게 알게 되는 경우도 있다 그리고 마지막 세 번째 같은 경우에는 굳이 팩트로 부작용을 한다면 이뇨제가 콩 파 3 부담을 줄 수 있느냐 긴 것은 사실이에요 그런데 이뇨제는 이야기 월 예상 말 그대로 몸에서 오줌으로 수분을 빼내는 야 그래서 통상적인 심장병의 쓰는게 아니라 탭을 차거나 1 울혈성 심부전의 면 쓰는건데 약은 잘못이 없어요 아이의 변기와 상태에 맞게 올바로 대학의 쓰고 보자 회복용 을 시켜 준다면 약이 부작용을 주는 게 아니라 물이 축소로 빠져나가는데 거기에 맞춰서 안정적인 음수 라든지 특히 콩 파 3 부담에 대해 는 간식 묘 아까 피하는 거 이런 식으로 콩팥 관리의 균형이 같이 따라 온다면 통상적으로는 부락에 * 없는 거에요 정말 개 스테이지 d 란게 까지 갈 때까지 간 정말 노견 들은 어제 피치 못한 경우가 생기지만 대부분은 약 때문에 생기는 부작용이 아닌 다른 이유 때문이거나 체계적인 관리가 되지 않고 약만 먹고 균형이 따라오지 못한 경우가 많아서 이런 부분을 환자 맞추며 잘 상의하시면 생각보다 이뇨제를 먹는 단계에서도 부작용 이렇게 크게 갖지 않으면서 올해 관리 하실 수가 있을 거라고 생각이 든다 4 여기서 조금만 심장병의 아까 검진 얘기를 하셨기 때문에 생기는데 지금 김성 점에서 면 그대로에요 검진이 어느 정도 진행이 돼서 아 지금 심상 상태가 이러니까 그러니까 우리 아이 약을 늘릴 께요 원장님께서 밀림이 칩시다 줄입시다 이 약은 넣을 께요 예약은 뺄게요 그러니까 혈압을 한번 진단 받으시고 혈압약을 평생 똑같은 약을 드시지 나느 시자 나요 그러면 그 여름이 높아지면 조금 모여 선생님이 양을 늘려 줄 것이고 혈압이 너무 좋아지면 약을 빼거나 끗이 겠죠 그거랑 같은 올리려고 보셔야 되요 항상 똑같은 약을 쓰는 거고 똑같은 용량을 사용하는 것은 이 때문에 어제 보시는 원장님과 상의 를 잘 하셔야 됩니다 네 저희가 되게 열심히 하다보니까 시간이 벌써 이렇게 갔는데 딱 1분만 쉬겠습니다 안에 2구 퀴즈 당첨자 분들 명단은 저희가 가능한 빠른 시일내에 저희 독설 tv 커뮤니티 게시판에 공지 하도록 하겠습니다 걱정하지 마세요 저희가 안 빼놓고 다 공지하겠습니다 왜 그 저희 1분 뒤에 뵙겠습니다 어디 가지 마시구요 서 재밌는 얘기도 많이 할 테니까 잠시만 기다려주세요 으 해야하는데 으 함께 더 많은 시간을 보냈다 음냐 몹 안내 2 3 4 으 함께 더 많은 이야기를 만들 응 응 으 4 구라 2 건강이최고 찌 으 함께 더 많이 들 수 있는 시간을 위해 지금 바로 전화하세요 예 아 거부하고 있는 영화죠 소개 심장 뼈는 무증상인 않습니다 1년에 한번 풍진 으로 100여 등을 생생히 지켜주세요 너의 숲과 소리를 질렀 어 2.2 는 한국 수위 심장에 없애 와 베링거 6 10알 그리고 배트맨 등이 함께하는 공익성 반려견 신장 건강 캠페인 입니다 하트 체크 캠페인 4 벌써 이제 50이 제가 이 끝났습니다 4 제가 이제 보면 저는 이제 강아지 쪽을 많이 하게 되고 그런데 분명히 심장은 강하지만 좋아지는 게 아니란 말이죠 그리고 기의 분명히 고양이 때문에도 궁금해서 우리 아이가 심장병에 걸릴 거 아니면 걸려있어서 궁금하신 분들도 있을 것 같은데 저도 그냥 이정도만 알고 있거든요 이게 조금 2 강아지와 양상이 다르고 그리고 아까 말씀하셨듯이 유전적으로 이기대 어렸을 때부터 마케 나타 난건 아 할 수도 있다 라고 했는데 이 고양이 쪽에 고양이의 심장병이 강아지보다 좀 더 걱정해야 될 부분들이 있을까요 어 김성 선생님이 설명해 주실 거에요 근데 고양이를 진로를 보다보면 사실은 고양이는 정말 알기가 어려워요 강아지 같은 경우는 대부분 판막질환 이 대부분 질환이기 때문에 정말 총재인 만 잘하면 상당히 조기에 도 진단할 수 있는데 아까 통계의 보여 주셨을 때 처럼 정말 청진 을 해도 심장병이 실제로 있는데도 불구하고 청진 상의 안될 이거든요 그거는 수의사가 능력이 없어서 못 듣는 게 아니라 심장병이 있어도 정말 소리가 안나서 그래요 그러니까 결국 조기진단이 안되는 건데 고양이 심장병 중에 대표적인 심장병이 다 아시다시피 비데 쏭 심근증 이거든요 물론 이제 b 대성이 싱글 증이 생겼다가 좋아지는 케이스 도 일부 있지만 대부분 한번 유전성 으로 생기기 시작을 하면 계속 진행을 하구요 또 너무 안타까운 건 아까 쭉 글 쓰실때 보면 아이 투영했다 는 얘기도 많이 나오는데 아이들이 생각보다 사람보다 너무 빨리 늙고 빨리 진행 하잖아요 그러다 보니까 투병 하시고 엿 먹일 때 정말 힘들어요 고향에 는 어 검 진행을 하시는 방법밖에 높고 방사 손으로도 확인하기가 어렵기 때문에 일반적으로 의심이 되면 아까 말씀드렸던 그런 우리 아이가 왜 이렇게 우다 를 하고 나면은 핵 되지 우리가 아이가 왜 이렇게 계곡을 자주 하지 뭐 이런게 있으면 하다못해 병원에서 청진 방사선검사 라도 하시고 또 의심이 감 의 원장님과 상의 잘하셔서 심장초음파 검사를 꼭 하시는게 좋을것 같아요 굉장히 설명해 주십시오 저 전 재산의 군요 그런데 그때 저도 과거에 제모 제인 제자 있다 설명 드렸지만 인지 장의 쿠싱 걸렸던 아이도 떠나보내고 강아지도 정말 많이 키웠다 가 이제 세번째 즉사 반하고 있거든요 그래 지금 저희 아이는 다행히 스쿼트 시 폴드 에서 스트레이트를 왔다갔다하는 아닌데 다이하드 10년 또는 없어요 핵의 세계사 1 왔다갔다 이렇게 분의 따서 대답했답니다 그런데 어 고양이 같은 경우는 솔직히 우리나라에서 정말 내노라하는 또는 전세계적으로 되게 유명한 심장 전문의 한테 가도 어 쉽지 않아요 이제 원체 에 아이드 스트레스에 민감하고 순 장병의 중요도 다양하고 정말 성능좋은 심장초음파 와 숙련된 상상이 보셔야 되는데 문제는 초음파 상에서 어떤 기준 같은 것들이 이미 어떤 변기 이상이면 웬만한 잘하신 병원에 가면 다신 다이 됩니다 그런데 순간 변성이 진행된 속도도 틀리고 초기 중에서는 교회의 기준 상에 부합하지 않으면 심장병이 아니다 란 1점을 받을 수도 있기 때문에 보자 분들께서도 병원마다 많이 다르다 이런 경우에 많이 느끼시는 데 그 부분도 더욱 맛 에 어떤 소견과 기술의 차이 라기보다는 고향 의 심장 때 원래 그래요 그리고 고양이는 스트레스에 빙자해서 병원 내려 오기도 쉽지 않죠 보 잡음도 더 그만큼 걱정하시 줘 스트레스 받으면 심장이 벌렁벌렁 동강 평가하기도 어렵게 어 이런 난해한 점들이 있기 때문에 그나마 에 팁을 드린다면 아까 강아지들은 소용 0 노령견 에 잘 생기고 나이가 들수록 생겨서 7년 형 말씀드렸고 그나마 이제 청 집만 해도 대부분의 판 막지 라는 조기 신장이 가능하거든요 고양이는 이런 어려움이 있기 때문에 역으로 어 주요 생기는 품 젊 아시다시피 제 메이컨 렉돌 벗으 핀크스 암에서 같은 애들이 있는데 어디 우리나라의 그런분들 없잖아요 그래서 그 암에 셔 30 미국 셔터가 그래 피지 소들은 연구회 한국에서는 단연코 셔츠 제일 많습니다 그래서 모든 품 적이다 생길 수 있었지만 굳이 나이를 말한다면 한두살 년부터 1 8 4 의사 이정도가 제일 조기 전대에 잘 되는 시기라 고 럴 때 병원에 간 김에 언젠가 상의하셔서 검사도 받아 보시고 앞에 제가 살짝 말씀드렸던 바이어 마코 pmp 라는 게 되게 유용해요 심장초음파 하려면 털도 깎아야 되고 비염도 비싸고 시간도 걸리니 호건은 어차피 검증할 때 기본적인 표면 하시잖아요 간수치 콩 파 수 이럴때 아주 소량의 피가 지고 검사 하게 되면 확 찢 되는 것은 아니지만 대략 90% 이상의 정확도로 심장에 문제가 있다 없다를 가능할 수 있기 때문에 일단 그런걸 먼저 한번 부담 되시면 해보시고 거기서 정상 이라며 일단은 90% 의 확률로 대략 아직은 안심 이게 상속의 나왔다 그러면 큰맘먹고 한번 검사 베 처음 8 해보시는 게 되게 중요하다고 생각이 됩니다 4 야 이게 진짜 고양이나 항상 볼때마다 느끼는 것 같아요 너무 어렵다 어려움에 루머 어려움에 가 이게 나는 강아지를 선택하게 잘했다 당시 김영철의 선생님 감사합니다 팔때 팩 얘기하는 거죠 어 절 그리고 지금 사랑 절 7 문의 있었는데 잘 들어와서 또 얘기해 주셨어요 비글 로드님 인데 응급처치 방법 응급처치 방법에 대해서도 궁금해 하신 분들이 좀 있었어요 우리가 약을 먹다가 보면 이제 옛 좀 조절이 잘 안 되게 되면 가끔 기절을 하는 경우도 오호 이런 부분들이 있는데 뭐 심폐소생술이 락온 아니면 뭐 우리가 산소 캔을 준비해 놓으라고 뭐 얘기를 하기도 하고 하는데 내에 이런 못 이 응급처치에 대한 제대로 된 방법도 한번 알려주시면 좋을것 같습니다 사실 가정에서 응급처치를 한다는 건 현실적으로 많이 어려워요 아니 어려워서 전후 보호자 님들께 이렇게 설명 드려요 일단 신장병 이걸 아셨죠 않아요 그리고 약도 먹이고 계시고 일단 더 전 이미 관찰하는 게 되게 정확해요 예 원래 계속 이런 패턴 이었는데 오늘 회의가 잡는것 작아졌고 티칭 1 2분 턱턱 되지 왜 호흡이 이렇게 빨라지지 오늘 밥을 안 먹던데 그럼 벌써 버전이 미 전역에 긴장을 하셔야 되요 왜 저녁에 긴장을 해야 되냐면 아까 김선생 설명 하셨어요 교감신경 팩 톤이라고 낮에는 해가 또 있으니까 심장이 잘 되려고 노력을 하고 밤에는 쉬어야 되잖아요 그 부교감신경이 생겨서 심박수를 자꾸 치거든요 그런데 그렇지 않아도 혈액이 돌지 않는 데 화미 되니까 혈액에 덜 더 덜 돌게 되는 거예요 그러니까 당연히 혈액에 똑바로 못 보는 거에요 증상이 생기게 되겠죠 그러니까 보전 이미 그걸 눈치를 채면 이제 추사랑 상담을 잘해서 가이드를 정하는 거예요 그래서 이 정도 되면 우리 약을 먹자 증상이 생겨서 쓰러지거나 기침이 너무 심해지거나 아이가 넘어가기 전에 원래 하루에 두 번 먹는 약인데 한번더 먹이자 그거를 속에서 선임하고 먼저 상담을 하는 거에 대해서 보전 이미 판단하기는 어려우니까 어질러 보신 원장님과 상담 그래서 가이드를 먼저 정하세요 제가 보기엔 그게 일본 이야 두번째 그렇게 했는데도 불구하고 넘어갔다 그럼 일단 들고 응급실 가셔야죠 그런데 가시기 전에 심장이 멎는 일이 너무 많으니까 그렇게 되면 첫 번째는 사람이랑 똑같잖아요 기도 확보 그래서 아이가 숨을 보시면 일단 입을 벌려서 혓바닥을 잡아 땐 계셔야 되는데 문제는 단도 좀 뭐 패키니즈 나 이런 시추 같은 아이들은 혓바닥을 잘못 잡아 땡기면 은 오히려 흙바닥에 기도를 막을 수 있으니까 혓바닥 원칙적으로는 이렇게 사업자 같은걸로 혓바닥을 눌러 줘야 되는데 이제 그걸 집에서 하기 어려우니까 어 왠만하면 수건이나 옷자락 같은 것 같았 잡은 혓바닥을 먼저 땐 것이고 입안에 생긴 침이나 아니면 분비물 같은걸 빨리 빨리 닦아 주세요 그리고 나서 심장 마사지를 하는 거예요 심장 마사지 나 어디 더 설명을 드렸죠 팔꿈치를 접었을 때 팔꿈치가 맞닿는 자리 어딘지 모르셔서 엄마 무엇을 누르시는 분이 너무 많아요 일단 그거를 해서 아이를 숨이 돌아올 때까지 해 놓고 그 다음에 병훈 으로 오시는 게 낫지 숨을 모시는 상황이거나 넘어간 상황에서 들고 뛰어 들고 뛰면 그 사이에 이미 숨을 모시기 때문에 어 이미 상황에 종료가 되어 있을 수 있어요 그래서 이거를 미리 이미지 트레이닝을 하셔서 심장병이 있는 아이들 이미지들이 하셔서 아 약을 먼저 한번 더 먹어야 된다 그 다음에 두 번째는 아이가 정말 그런 일이 생기면 기도 확보를 해서 숨을 쉬게 하고 그 다음에 심장이 정말 뭐든 것 같으면 심장 마사지 해야 된다 그런데 침전 마사지를 하는 게 어색하지 줘 이거 지금 심장이 뛰는지 안되는지 모르잖아요 그래서 평상시에 아이의 가슴을 자주 만져 보셔야 되요 않으실 때 손을 가슴에 이렇게 되고 않는 습관을 가지셔야 해요 그래서 엄지손가락과 두번째 세번째 손가락으로 심장이 뛰는걸 느끼셨나요 보호자 님이 아셔야 되요 그걸 느끼시고 오이 안 된다 그럼 그때 심장 마사지 입니다 이게 그리고 심장 마사지 할 때 우리가 생각한 것보다 좀 세게 눌러야 되죠 음 많이 써야 돼요 근데 이제 좀 어 우리가 이제 tv 같은데 보면은 막 이렇게 응급실 마비 용용 해서 막 심장 마사지를 막 하면서 이렇게 사람이 탁 살림 그 사람이 갑자기 딱 살아나갈 뽑아 이렇게 웃으면서 갑자기 막 그러잖아요 예 어딜 거야 요괴가 아니면서 내에 사라져 대서양 해저 이제 근데 사실 그거 는 일부의 심장병에는 그런 일이 있을 수 있고 그 다음에 초기에 심장병에는 그럴 수 있는데 사실은 & 스테이지가 돼서 심장에 보상 능력이 다 떨어진 상황에서 는 사실 그렇게 심장 마사지를 해도 좋아지지 않는 경우가 많아요 그래서 지금 응급상황에 생겼을 때 어떻게 해야 된다라는 포커스를 두는 것보다 응급상황 생기지 않도록 그 전에 준비를 하는 걸 배우시는 게 중요한데 그 칩이 무리한 운동을 하지 않는다 목욕이나 샤워 같은 걸 할 때 드라이를 주의한다 그 다음에 위험한 상황이 생기지 않도록 약을 한 번 미지 먹인다 음 지금 박 원장님께서 정말 응급 상황에 대한 대처 상세하게 말씀해 주셨고요 근데 심장병 같은 경우에는 실장 뭐 1분에 등 실제 가소 용감 들은 더 많이 뛰지만 단순한 사회 이번에 백범 만든다고 해도 뭐 한식 1시간이면 물 6000번 뭐 24시 라이머 암 선이 안 되지만 아마 만 어 14,400 뻔히 될까 같은 그 정도의 뛰어야 되는데 순 장이 완전히 뛰다가 힘이 빠져서 이렇게 세 동의 생기다가 멈추기 전까지 나가 사망 하진 않아요 그 실제 심정지 보다는 아케 말씀드렸던 스테이지 쓰이게 상에서 많이 생기는 피부 젊 어 흉수 이런게 생겼을 때 호흡이 안 되었거든요 아시지만 어 저희가 뭐 화재현장에서 3 환자들이 많이 생기는데 저도 과거에는 불에 타서 저희 고통스럽게 때요 생각했지만 실제로는 연기에 지식을 한 거고 연기에 cc 가 하는 큰 이유중에 거기에는 유독물질 같은 거 때문에 폐손상 같은게 생겨서 심장병은 없지만 회 물이 차는 비 심 1 성패 부족 이란게 생겨서 가게 되는데 그렇게 되면 호흡을 해야 되는데 폐에 물이 차 있기 때문에 환기를 못하니까 정말 단기간에 수고요 그래서 그나마 늘 관리받고 다니셨던 병원이 가까이 있거나 보호자 분께서 충분히 승연 돼 있으시다면 그런 일이 닥쳐도 아이를 살릴 수 있지만 특히 저희 배우는 같이 부산에서도 오시고 멀리서 차량이 좀 하셔야 되는 경우는 너무 급한 상황에서는 다니셨던 병원에 50여 다가 아이가 차안에서 삶은 되거든요 그래서 어 그러니 이제 늘 다 해주시고 검진 하고 관리하는 병원 5에 정말 아이가 심장병이 안좋다면 인근에 급한 사원 해줄 수 있는 그런 병원들도 미리 좀 확보 해 놓으시기 좋겠구요 조금 더 중요하다고 생각되는 부분은 다 아실만한 호 흡수를 제시는 거예요 저희가 영어 약자로 s r 알이 라고 하는데 쓰면 쉽 옵스 라고 해서 깨어 있을 때 떻게 가지되 같은 경우에는 운동 회동 분하고 간식 먹고 싶어 등 분하고 더 동반 활력 되니까 되게 주관적 이거든요 그래서 아이들이 완전히 깊이 잠들어 순간 의식이 없기 때문에 심장 자세 오늘부터 저에게 보시면 에 해서 심장 뿐인 의 조차도 정상적인 경우에는 호 흡수가 잘해야 20매 퇴 통상적으로는 10회 후발 20회 정도가 나옵니다 보통은 제 수 면 c 옵스 에 정상 범위 가 4분 실패한 쪽이다 라고 알고 계신데 그건 이미 심장에 부담이 생기거나 폐 물이 찰 수 있는 위험 수익이 때문에 사실 천은 20회 를 기준으로 하셔서 아닌 평소에 제 셔서 그걸 기준으로 추세를 보라고 말씀드려요 그래서 심장의 물이 차거나 환기가 잘 안 됐을 때 아이들이 지치 외적으로 나타낼 수 있는 제일 민감한 증상이 유심히 보시면 평소에 안정시 인데도 호흡이 좀 10점씩 얇고 빨라져 문제거든요 근데 이거를 깨어 있을 때 보게 되면 아직까지 경 없인 보자 없는 9분이 안되요 그래서 오늘부터 시작해서 심장 또 있던 없던 우리 아이가 밤에 잘 때 몇 번 정도 50제 평균치를 알고 계시고 고걸 주기적으로 되시는데 웨지 시 필요 없어요 어떤 분은 하루 15g 체인의 그렇게까지 하실 필요는 없고 추 매트 정도 되셔서 아 우리 아이가 올해는 평균적으로 한 15에서 17 해주셨다 내년에 이지 표정 도시들 아직 20 해도 괜찮아요 그런데 그게 23회 25에 자꾸 올라가는 경향이 면 이미 환기 능력이 떨어진다는 조기 지울 수 있어서 앞에 정말 급한 사회 생기기 전에 약을 증명하거나 아니면 미리 검진에 받으시거나 훨씬 안전한 상태에서 미리 대처가 가능한 거예요 내 미 넘치기 전에 어 미리 대표할 수 있으니까 그게 더 효과적인 방법중에 하나가 생각이 되구요 베링거인겔하임 동물 약품 에서 제가 알기로 허트 투하 터 라고 해서 구글스토어 같은데 첫 오시게 되면 은 어영 어허 특 허트 숫자 2 허트 이 허트 라는 어플이 무료로 출시가 되어 있어요 보 걸 지금 방송 끝날 쓰면서 부 들으셔서 다운받으셔서 재신은 방법도 있고 평상시에 재면 자동으로 이제 크게 기록이다 되거든요 고걸 갖고 계시면 정말 우리 아이들 패 부정 생기기 전에 응급상황 생기기 전에 미리 막을 수 있는 중요한 수단이 될 거라고 생각합니다 네 지금 이제 저희 관계자 분께서 정확하게 이름 어플리케이션 이름을 적어 주실 거에요 그래서 그 어플리케이션을 다운 받으시고 아마 흡수를 재 보시면 훨씬 좋으실 거에요 그 아지 안걸린 아이들도 미리 연습해 놓으면 좋잖아요 내 없네요 근데 실수는 1분 오늘은 다들 여기 계신 분들 한번씩 해 보시는 걸로 한번 하겠습니다 그리고 저희 끝나기 전에 이벤트를 해야 되는데 저희 제거제가 재밌어 가지고 이 걸까 뭐 어제 앞에서 빨리 해달라고 아 이거 하는데 이벤트가 있습니다 아까부터 기다리셨던 커플티 이벤트 쿨 팁 그럼요 4 반력 0 보호자 커플티 입니다 이것도 이제 방법은 똑같게 쬲 시작하고 나와야 돼요 반려동물 심장의 날은 몇 월 몇 일 일까요 시작 나오고 해요 이건 문제에요 커플티 라고 한다고 안 됩니다 반려동물의 심장에 나름 8 몇일 인가요 답을 하라고 저러고 많아 쓰는데 정체 시작 되었습니다 시작했습니다 왜요 내 이제 나오고 있습니다 30분입니다 30분 악어 1 4 대항하는 것 같습니다 벌써 나왔어 머스 집중 하시는 분에게 맛이 제가 아 네 4 저희가 그러면 이제 거의 제 시간이 끝나가는데 그래도 또 이제 궁금한 것들 사전 질문 하신 분들중에 또 이런 질문도 있었어요 우리가 순종 이라는 게 특정 질병에 걸릴 확률이 높아 지잖아요 나서면 어떤 견종을 조심 내가 어떤 견종을 키우고 있으면 대부분 모르고 키우시기 거든요 내가 어떤 견적을 키우고 있으면 조금 더 이렇게 잘 관찰하고 검진 해도 신경을 좀 써야 될 지에 대해서 알려 드려야 될 것 같아요 하신 어 우리나라 드로 말티즈 좀 이상한 것 같아요 외부 예 3 4 신지수 의사들이 책을 보고 공부하면 지 외국의 논문이나 외국 책을 보고 동부 하잖아요 예 근데 거기 보면 마치 지금 색일까 거의 없어요 그런데 우리나라에는 부동의 1위가 밝히세요 그런데 이 이유가 있을 거에요 분명히 우리나라에 처음 저거 뭐야 내 그 역으로 심자 하세요 그래서 소인을 가지고 있었을 거고 나셔요 그 몇 안되는 라인을 가지고 우리나라 지금이 있는 모든 말티즈 6 태어났을 거란 말이죠 네 맞아요 그 초과해서 아니까 맞아 않고 그러나 이들 기업의 하면서 되게 늘어난 것 같아요 마약 티어 적어 많죠 그리고 워낙 많이 티우 시기도 하구요 사실 mrtg 그 다음에 시추 10주 그 다음에 퍼피 쑝 비숑 펌에 라 4 4 대해서든 ftr 내 이런 라이드 아 수천 운이 좋군요 저의 이제 지금 첫째 둘째 줘 첫째는 부제 달리고 있는 이거 둘째는 제가 아까 6개월마다 한번씩 이렇게 김소윤 소가 굉장한 이병헌 내가 원하니까 우선 우선 내밀 여대가 건강검진을 하는데 어디에 심장 좀 바보 북부 주행하게 다 보는데 다행히 다 건가 해가지고 아 우리 좀비 쪽인데 도 근데 이렇게 알아야 된다는 거죠 내가 빅쇼 을 키우는데 모르고 있다가 음 나중에 해야지 많아요 나뻐 지고 나면 그쵸 그리고 조우 재 샘한테 마지막으로 또 질문 1 바보지 쭉 아 예 근데 우리 심장병 걸린 아이들이 그러면 이제 먹어도 되는 것들 뭐 이런 것들에 대해서 우리가 좀 설명했는데 이 것만은 진짜 안 된다 그래야죠 이게 그래 너무 힘들면 좀 주셔도 되는데 이것 만은 진짜 조심해야 된다는 게 있을까요 그것 아예 밤 배가 되는 경우가 있어요 심장질환 만 있는 개체들 도 있겠지만 심장 싫어하니 있으면서 이제 신부전을 같이 가지고 있는 공파 꽈 신장이 다 이런 경우에는 처방 씩을 어떻게 먹나요 이렇게 많이들 물어 보시 기도하는데 이런 개최 들한테 제일 독약 인게 있습니다 무엇인가요 살 코키 살 계획이 며 이것은 되게 놀라지 겠는데 들어요 이것은 되게 약간 충격적 이잖아요 차이 코기 에 왜냐하면 이제 보통 단백질 함량을 좀 노견 됐을 때 충분히 아미노산을 보충해주기 위해서 잘 먹어야 된다 좀 좋은 고개를 줘야 된다 이렇게 많이들 알고 계신데 신부전이 있게 되면 단백질을 최소로 제안을 합니다 이제 뭐 개선은 18% 이하 까지 고향에선 25% 이하 까지 제안을 하게 되는데 살포기 를 주게 되면 단백질 함량이 상당히 높게 되고 그리고 신부전이 수면 인해 함량을 제안 해야 되는데 제가 아까 밑에 살짝 설명하다 좀 말았는데 고기에는 인해 함량이 너무 많이 들어있어요 적어도 칼슘과 인의 1대 1 정도 들어가야 되는데 1대 1 20 이상으로 내 버리니까 이제 고개에 문제죠 그래서 진짜 안먹는다 그래서 이 곡이라도 예전에 먹던 거 아까 스테이크 대응을 애들 그런 애들 같은 경우에는 상담을 하시고 칼슘을 같이 보충해서 먹어 줘야 된다 근데 그게 한끼로 끝나지 않고 지속적인 다 라고 하면 이제 혈액의 바로 영향이 나타나죠 바로 비해 수치가 확 올라갈 뭐예요 그리고 크리 같은 수치는 더 많이 올라갔고 그러니까 먹거리가 바로 이런 지표들을 하니까 신장 안 좋은 애들 먹거리 뭐 계실때 진짜 조심하셔야 됩니다 즉 이 저희 운을 오신 분들중에 수중 높으신 분들이 되게 많은 것 같아요 그럼 아까 딱 나왔어요 조 선생님 말씀은 바라봐야 한다 어떤 칼슘과 인 s 형 때문인가요 라고 실시간으로 막 뜨고 다 저도 그래서 칼슘을 좀 조절해서 주고 있어요 라고 하는데 이게 어렵잖아요 사실 초 사람도 마찬가지 에요 고기 막 드시는 분들 있잖아요 우리 이제 먹는 식음료 같은거 보면 은 인천과 그런 음료 보셨어요 없죠 그치 할 숨 첨가 많이 모자 적은 먹거리에 밸런스가 많이 깨지기 때문에 데 이 뼈가 칼슘과 인으로 이루어져 있거든요 칼슘을 보충해 따라 몸 안으로 빼냈다 가 또다시 먹었다 이렇게 되는 건데 고기를 막 2시는 분들 그런 분들은 이제 옆에 열 치 같이 드시면 좋습니다 그래서 칼슘과 인해 홍태경 보충을 같이 해 주면 좋죠 마찬가지입니다 그래서 고 밸런스를 생식이 드 화 시기는 간식 이든 뭐든 간에 이제 좀 깨뜨리게 되면 노령 기의 상당히 피곤하다 는 것 뭘좀 알고 가셨으면 철 고양이는 춤은 뭘 거야 아아 아악 체로 반박하며 협박 출한 요 그 건물 기준으로 은 건 도기가 이 푸르 도 안돼 아 거기 때문에 오히려 음 수량 보충에 oo 아 네 오히려 건조한 씩 보다는 주로 값인데 조금 물에 비율을 늘리기 반하면 귀신같이 안먹고 쳐줄 만나봐 4 친 걸 거미와 써줘 예 그렇죠 마지막 이벤트가 하나 있어요 자막가 되게 아쉬워 하신분들이 많아서 다시 똑같습니다 이것도 시작하고 해요 그리고 저요 가 아닙니다 이건 답을 쓰셔야 되요 파악하셔야 됩니다 문제가 있어요 증상은 없는데 심장병이 이미 진행 진행된 상태를 뭐라고 하나요 4 30분입니다 30 법 증상은 없는데 심장병이 이미 진행된 상태 아 강의 때 나온 것 같아요 맞아 나왔어요 얼어붙어 봐줘야 되어 답 6자 그래서 짝 5 나 나오고 있다 아니 아니 까지도 11월 11일 쓰시는분 된거예요 아무로가 돌아오겠습니다 5 커플티 나오고 이라고 하 하 거야 5 마시되 시네요 어데 아 대박 4 맨 애무 전상우 까지도 답으로 해드리겠습니다 으 30분 이어서 벌써 이제 네가 너 같은 되요 예 이럴때 이제 인터넷의 빠른 지역의 있으신 분들은 몰아서 가 2가 생각하세요 예 5g 가 별로 뭐 딱 같이 알아서 참고로 어 안드로이드보다 애플이 좀 더 빠른듯 아 이런 어디까지나 5 4 아 저희 이제 시간이 거의 다 되가는 것 같은데 음 제가 이 사전 질문들을 보면서 거의 타 이게 나온것 같아요 거의 다 나온것 같아서 혹시 마지막으로 위해서 더 이 선생님들 좀 너무 많이 배우고 저도 재밌었는데 한 마디 씩만 좀 당부하고 싶은 얘기가 있으면 해주실 수 있을까요 그래서 천사 들어있습니다 얘네 어 단부 라는 건 사실 e 저는 저는 이런 프로의 이렇게 많은 분들이 오셔서 시청 하신다는 일단 동 놀라워요 까 얼마나 알고 싶고 얼마나 정확한 아까 어디에 써 있는 것은 사실 그 출처를 알 수가 없잖아요 누가 썼는지도 모르고 정말 정확한 지 알지 못하는데 저희 이렇게 전문가들이 나와서 설명을 드린다 는 그 말 한마디에 이렇게 시청을 해 주시고 이 어려운 얘기를 들으시면서 댓글을 달아주신 게 너무 놀라운데 사실 제가 생각하는 결론은 그 거에요 어 이 심정 병을 조기에 진단 하지 않으면 사실 답은 없어요 그러니까 조기에 진단 하려면 병원에 가야 되는데 5 그럼 더 비용적인 문제도 있고 나 학생인데 어떻게 배운 가서 또 우리는 지역이 아주 지방이라서 우리 지역에는 심장초음파 가 없어요 우리 지역은 뭐가 안 되요 그러면 여기서 들으셨던 내용을 잘 기억하시고 일단 첫번째로는 심장 병의 증상을 찾아 낼 때 버전 이미 아이가 뭔가 이상해졌다 라는 걸 먼저 아셔야 되요 그리고 이상이 징계 확인이 되면 어 언 장님 하고 얘기를 좀 해 보셔서 예심 장병의 무조건 이 방송을 보시고 아우디에 시작된 것 같애 병원가서 원장이 우리의 심장병 아니 의 심장 검사 해주세요 이러지 마시고 예 충분히 원장님과 상담 하셔서 건강검진을 건강검진을 그 날짜에 맞게 잘 하시는 게 가장 중요할 것 같아요 조기진단 밖에 없어요 심장병은 치료가 되는 병이 아닙니다 아까 많이 물어 보셨는데 치료가 되는 병이 아니라 관리하는 경 이에요 혈압약을 먹고 혈압 치료 되지 않아요 관리하는 병이에요 그러니까 심장병은 관리하는 병이라는 걸 꼭 기억하시고 조기 진단을 할 수 있도록 노력해 주시면 좋겠습니다 어 저서 군요 저는 오늘 행사에서 가장 중요한 무증상 주기 중단에 대한 부분을 이제 바울에게 사용할 수 있기 때문에 그 다음에 일을 하도록 했습니다 이건 이렇게 제가 외 가지를 하면서 힘들게 힘들게 연차 데이 쓰고 멀리에서 매시간 2동에서 찾아오시는 보호자 분들 뵈면 상상 철학으로 삼고 있는 부분이기도 하고 실제 절 배운 선생님들한테 도 항상 말씀드리는 부분인데 사람 의료인의 쪽에서 보면 이제 닥터 와 굿닥터 에 대한 영어에 속담 있거든요 쿡탑 아니었던 이제 그럼 영원히 있는데 요거 이제 수학적으로 조금 제가 주의력을 해보면 스이 아수 이사는 저희가 약자로 배 시라고 하고 이제 vet 베시 라고 하는데 백과 굿 백과 플레이트 베시 있다 그런데 배스는 넘버를 치료 한 사람이 꼭 c5 그 다음에 굿 뺏은 디즈 병을 치료하는 사람이고 크레이트 다 그레이트 베스는 페이션트 환자를 치료하는 사람이다 라는 의미입니다 무슨 말씀 드리고 싶냐 면 통상 저희가 콩 파 수치 번이 높아요 간수치가 높아 요 라고 이제 간 보호제를 먹고 색을 주고 하는 것들은 쉽게 브레이크 수치를 낮추는 거예요 중요한 건 그 수치도 올라가는지 아이 몸에 그거 말고 어떤 문제가 있는지 몰라요 대 좀 설치를 하는 거죠 많은 경우에 각각의 병원에서 장비 라든지 실력 부족 보다는 보호자 분들이 분들 얼마 중요하게 생각하는 야 또 어느 정도의 치료 의지가 이냐에 따라서 사실 선택이 되는 부분이에요 그래서 보통은 넘버를 떨어뜨리고 만족을 하지만 실제 그렇게 디지즈 병원 싫어한 게 아니다 국 빼서 뭐냐 얘만 콩 파 수치 번이 올라갔으면 그게 구글의 많이 먹어서 그런건지 신부전 인지를 찾아내고 올해가 수미가 보면 기관지 문제 심장 벽 문제의 이제 차대 내서 그 병을 치료해 주는 사람이 9 때 신 거에요 그런데 크레 트는 제가 생각해본 야 면 어 보 자 분마다 사실 지역도 틀리고 사실 브 라 이 프 사이나 경제적인 여건도 틀리고 아이들의 성격과 다 틀려요 보호자 분이 모든걸 따라서 충분히 비움 지불하고 완벽한 애들이 마치려 한다 는 건 저는 좋은 병원 좋은 선생님이라고 생각되지 않고 요 어그 여건에 맞게 어 그 상황에서 들 수 있는 최고의 솔루션을 주는게 가장 훌륭한 3사가 생각합니다 여기서 또 하나의 보호자 분께서 중요 하신 부분이 저희가 다루고 있는 실제 환자들은 심장 주적인 하지만 이미 말씀드렸잖아요 심장병 완치가 안 돼요 그래서 조기 전대를 하는건데 중요한 것은 저희는 심장병을 치료하는 게 아니라 심장병이 있는 노령 반려동물 들을 체어 하고 치료하는 것이기 때문에 심장병 외적으로도 같이 있을 수 있는 국악 문제의 관절 문제 삶의 질을 떨어 트랜스폼 파 문제 최적 문제 이런 것들에 부카 법적으로 같이 검색하시고 수 이상의 가치 상의하셔서 환자의 삶의 질을 유지하고 오래 행복하게 사는게 가장 중요한 부분이라고 생각합니다 쪽으로 좀 뭐 얘기해 주십시오 저는 두 가지를 얘기하고 끝내도록 하겠습니다 노령견 들 키우시는 분들 노력해 보시는 분들 어떻게 관리를 하는게 좋은가 여러가지 방법이 있는데 기본에 충실한 면 됩니다 두가지를 좀 해주시면 좋을 것 같은데요 첫번째가 양치 입니다 아까 원장 인데 말씀하셨는데 양치를 내가 자주 시키는거 않는가 여러분도 자가진단 한번 해보십시오 지금의 11월 인데요 내 고양이를 위해서 대개 를 위해서 치약을 몇 개 정도 샀는지 4 올해 하나도 사지 않으셨다 그러면 이 중앙 관리가 거의 안 된 거거든요 지금이라도 상담받고 구한 관리를 해 주십시오 두번째는 물입니다 몰 몸의 70% 이상을 차지하고 있는게 물인데 요 먹어야 되는 물에 양을 쉽게 기억하시면 좋을 것 같습니다 손가락 5개 피고 그렇게 흔들면 kg 당 이에 50ml 입니다 걔도 그렇구요 고향인 5그룹 물론 이제 교과 후에는 kg 당 40 ml 에서 60 ml 정도 된다 이렇게 써 있긴 하지만 여러분도 쉽게 배울려면 kg 당 50m 일이다 우리 말티즈 가 5키로 정도 된다 그러면 5 곱하기 곳이 댄을 그러면 250ml 정도가 하루에 먹어야 되는 음 수량 입니다 그 음 수량을 먹을 수 있도록 노력을 해 주세요 물그릇을 여러개 나도 좋구요 물이 끓을 재질을 바꿔줘도 좋습니다 물꼬 로 재질을 가급적이면 여러분들 먹는 국구 를 써주시면 좋습니다 입고 넓고 많이 담을 수 있거든요 251 정도를 먹을 수 있도록 해주시고 그래도 안 먹는다 그러면 육즙을 두세 방울 떨어뜨리거나 우유를 두 세 방울 정도 떨어뜨려서 풍미를 느끼게 끔 해주는 것도 좋구요 그리고 고양이들 같은 경우에 흐르는 물에 반응하는데 들이 있습니다 이런 방법 저런 방법 써서 울만 제대로 먹어 준다 라고 한 달 하면 여러 가지 질환들을 사전에 악을 수가 있습니다 한두가지 얘기하고 물러날 게야 네 저희 지금 어프 궁금하신 분들 많으신데요 지금 안타깝게도 제가 찾아보니까 앱스토어에서는 없는 것 같아 요즘 안드로이드의 많이 있는것 같습니다 그래서 제가 한번 다시 보여드릴게요 안드로이드 해서 4 이렇게 허트 토트 캐 9r in 홈 팀의 에 손톱이 처럼 이렇게 드려야 되나 이렇게 이렇게 이렇게 뭐 망 아 네 이 어플이구요 자 우리 선생님들 말씀이 이렇게 들어보니까 다시 한 번 다짐을 하게 되는것 같아요 여기 있는 저희 4명의 수의사는 뭐 벌써 다른 선생님들 끌어 심 선생님도 계시지만 정말 브릿 되시 되도록 더 노력을 하도록 하겠습니다 4 우선은 이제 저희가 마무리할 시간이 다 됐는데요 첫번째로 이제 말씀드릴게 이벤트 당첨자 명단은 11월 15일 월요일 날 공지할 예정 이구요 어 저희 독설 tv 유튜브 커뮤니티에 공지할 예정입니다 그리고 어 인스타 인스타그램에서 하트 체크 캠페인 빨로 많이 해주세요 4 2 2g 이벤트 예정이라고 합니다 그리고 이벤트 중복 땀 당첨된 분들은 저희 것 이제 어떻게 해야 되는지 모르겠지만 4 우선은 선택 가능하게 한다니까요 나중에 아마 연락드려 선택을 하시도록 하는 것 같아요 그래서 계속 많이 이제 물어 봐 주시는데 두개를 할 순 없고 여러가지 이벤트 중에서 선택하실 수 있도록 도와 드린다고 합니다 4 정말 제가 이 댓글 보면서 너무 즐거웠어요 그리고 우리 보호자 분 들의 수준도 정말 많이 올라간 것 같아서 저도 더 노력을 해야겠다는 생각도 들었고 너무 함께 소통하면서 하는 즐거운 시간이었던 것 같습니다 그래서 원래 이게 이때 여기서 이 소감을 한 번씩 말씀 줄 거야 하는데 너무 진하게 즉 제가 힘이 되게 좋았던 게 이거 대체 채널이 잖아요 근데 아마 김송 손 3 임모씨 땀 한 쪽 인 원장님도 멋지다 조 재로 샘 사랑해요 이런 얘기를 나오는거 보니까 4 어야 질투도 나고 그냥 예 아 그런 기억이 좋았습니다 그래서 저희 지금 정말로 요 밑에 보면 많은 분들이 시리즈 로 해주세요 라고 마커 많은 좋은 정보 부탁드립니다 라고 하는데 저희가 정말로 기회가 된다고 한다면 다른 부분들에 대해서도 더 좋은 정보를 재미있는 시간들 많이 마련 할 테니까요 기대해주시고 이제 시간이 많이 되셨으니까 요 저희도 4 여기서 인사 드리도록 하겠습니다 감사합니다 감사합니다 우아아 중요한데 음 함께 더 많은 시간을 보내고 야 꽃 바꾸네 그렇게 [음악] 함께 더 많은 이야기를 만들고 으 브레이 건강이 최고치 함께 더 많이 도울수 있는 시간이 4 지금 바로 전화하세요 아 거부하고 있는거구요 소개 심장 뼈는 무증상인 않습니다 일 년에 한번 충전으로 배려 등을 생생히 지켜주세요 너의 신과 소리를 들려 더 이튼 분은 한국 수 2 심장 약세와 베링거 연결할 그리고 배트맨이 함께하는 공익성 발 가끔 순장 건강 캠페인 입니다 하트 체크 캠페인",
60,https://www.youtube.com/watch?v=q683xqxD_ME,q683xqxD_ME,Grand Opening of the Banjjok Counseling Center to Solve All Your Golden Doggy Worries! 🥳 | Banjjo...,설채현의 놀로와 ,드디어 기회가 생겼습니다 방문해 주신 분들의 반려견 고민을 사연으로 적어서 응모하는 이벤트 반려견 금쪽이 상담소 그래서 간 쪽 상담소 네 안녕하세요 설친이에요 여러분네 오늘은 조금 새로운 컨텐츠를 한번 진행해 보려고 하는데요 제가 이렇게 영상을 올리거나 컨텐츠를 올리거나 아니면 라이브를 할 때 가장 힘든게 뭐냐면 댓글들이에요 나쁘다는게 아니라 정말로 많은 우리 아이들에 대한 이런 의학적 정보 아니면 행동학적 궁금증 이런 것들 댓글이 엄청나게 많이 달리거든요이 올리신 질문들 이런 것들을 가지고 답변을 드리는 그런 컨텐츠를 한번 해야겠다라고 생각을 했는데 드디어 기회가 생겼습니다 지금 롤러스퀘어에서 9월 25일부터 10월 16일까지 방문해 주신 분들의 반려견 고민을 사연으로 제가 적어서 응모하는 이벤트 반려견 금쪽이 상담소 그래서 단쪽 상담소 이벤트를 진행했는데요 거의 400분이 넣어주셨어요 아 첫 번째로 생각보다 제가 인기가 많구나 그리고 두 번째로 생각보다 많은 이런 것들이 고민이 많구나 사실이 400분의이 질문들을 다 답변해드리고 싶었는데 오늘은 3개의 사연을 선택을 해서이 세 분에게 솔루션이 아닌 설치니까 솔루션을 한번 드려보도록 하겠습니다 네 첫 번째 사연입니다 정단아님이 보내주셨어요 08년생 아 나이가 이제 14살이네요 화이트 포메를 기르는 보호자입니다 한때 몇 년 전에 심정지도 오고 심장 미네랄 침착도 생겼었지만 다행히 지금 건강하게 지내고 있지만 혈압 문제가 있습니다 그런데 매 3병마다 5시만 되면 모든 가족을 깨우며 밥을 달라고 하는데 자는 시간이라 쉽지가 않습니다 어떻게 하면 둘 다 건강하게 아침 시간을 보낼 수 있을까요라는 질문을 보내주셨어요 새벽 5시마다 깨운다 그러면 저는 꼭 이걸 여쭤볼 것 같아요 언제부터 새벽 5시에 깨웠는지 이게 만약에 어렸을 적부터 새벽 5시에 깨우는게 습관이라면 이거는 그냥 행동적인 문제 봐도 돼요 나의 루틴이 그렇다 나는 잠이 없는 봄에 그러면 이거는 솔루션은 간단해져요 귀마개 끼고 완전 무시하세요 2주 정도면 해결이 돼요 근데 거기에서 조금이라도 지졌을 때 일어나서 반응을 해준다거나 밥을 챙겨 준다거나 하면 힘들어집니다 근데 문제는이 솔루션에 효과가 좋은 아이들은 좀 어린 친구들이에요 제가 14살에 집중하는 이유가 있습니다 미국에서의 연구결과에는 이렇게 나와 있어요 12살 이상의 한 3 40%가인지 정해진 부분이 있고요 15살 이상의 70%는 인지정에 증후군의 증상이 있습니다 그러면 일찍 일어나고 밥을 더 달라고 하는 증상도 안타까우실 수도 있지만 치매의 증상 중에 하나일 수 있어요 그래서이 증상이 혹시라도 조금 늦게 시작이 됐다 한 1년 전부터 이러는 거 같다 한 2년 전부터 이런 것 같다라고 한다면 지금 당장 해보셔야 될 건 ccdr을 해보시는게 좋습니다 인지장애와 관련된 것들을 보호자가 점수로 매겨서 걱정 안 해도 되는 것인가 아니면 위험군이 들어가 있는가 아니면 인지장애로 진단할 수 있는가라고 검사할 수 있는 ccdr이라는 검사를 우리가 인터넷에서도 할 수 있어요 이걸 먼저 한번 해보시는 것을 추천드립니다 진짜 어렸을 때부터 그랬고 행동학적 문제라고 한다면 우선은 밥을 조금 더 저녁 늦게 줍니다 저녁에 먹어야 될 걸 반으로 나눠서 원래 먹던 저녁 시간에 주고 자기 전에 한번 더 주고 못 자게 하세요 이거 나쁜 거 아니에요 자고 있어도 깨워서 놀아주세요 나이가 많다고 해서 그냥 들수록 더 심심해집니다 그리고 인지장애증후군의 위험도가 높아져요 집에서 할 수 있는 놀이를이 깨어있는 시간 동안 자기 전에 시간 동안 많이 해주세요 그리고 자기 전에는 귀마개를 끼고자 합니다 그래서 5시에 깨운다 완전 무시하세요 나는 계속 잔다고 생각하세요 짖지 않고 찌르는 애들도 있어요 막 이렇게 찔러요 저희가 그랬어요 발톱으로 꾹꾹 누릅니다 그것도 무시하세요 그래서 2주 정도면 대부분 포기해요 여기서 조심해야 될 건 소각 효과를 조심해야 되는데 원래 되던게 안 되면 처음에는 찌르고 짖는 행동을 더 할 거예요 되던게 안 되기 때문에 더 하는데 이걸 이겨내야지만 우리가 생각하는 문제 행동이 홍거가 돼요이 시기를 잘 넘기시면 분명히 행동적으로 좋아질 수 있을 거니까 만약에 행동학적 문제라면 한번 제가 말씀드린 대로 차근차근히 한 2주 정도 시도해 보시는 걸 추천드립니다 두 번째 사연입니다 아 글씨가 너무 이쁘세요 김주희님 저희 강아지는 7개월 넘은 중성화한 수컷 말티푸에요 애기 때부터 낯선 사람이 오면 얼어붙고 만지려고 하면 무는 모습을 보였는데 현재는 지나가는 사람이 강아지를 보면 말만 걸어도 짓고 냄새를 맡을 수 있게 손등을 보여주면 물려 보여요 그런데 관심을 안 보이는 사람한테는 먼저 다가서서 냄새도 맡는데 자기가 먼저가 놓고 또 손 내밀면 물려 보여요 파형견이라 전 집에서 어떤 일이 있어서 이렇게 된 건지 아니면 기질인지 모르겠지만 우리 강아지의 마음을 알고 싶어요 도와주세요라고 보내주셨습니다 사실 이게 이게 어려워요 그러니까 항상 제가 제 유튜브를 보면 이제 대부분의 정보들은 다 들어가 있는데 이게 산발적으로 들어가 있어서 뭘 봐야 될지 모르시겠는 거죠 그래서 제가 한번 정리를 한번 드려볼게요 지금 7개월 조금 넘었고요 아마 4회화를 잘 못했 있는 거예요 우리 사회화의 가장 중요한 시기는 2개월에서 3개월입니다 이때 100명의 사람 100마리의 강아지 100곳의 장소를 가라고 우리가 항상 강조해요 근데 이걸 못하게 되면 결국에 강아지들은 내가 만나보지 못한 것들은이 기질에 따라서 다 적대적으로 보는 경우가 있습니다 그런데 여기서 잘 보면 왠지 만나게 하신 것 같아 우리 아이가 좀 불안하고 무섭다라는 표현이 있음에도 불과하고 만나게 하셨던 것 같아요 그러다 보면이 친구는 보호자에 대한 신뢰감이 떨어지겠죠 그러다가 점점 시간이 지나고 7개월 개춘기가 가서 내가 조금 힘이 생기고 호불호가 더 강해졌을 때 어떻게 해요 자기가 해결하려고 해요 그러면 어떻게 되죠 지질 거예요 그리고 누가 냄새를 맡을 수 있게 손등을 보여주라고 처음 만난 강아지한테 하면 안 되는 것 중에 하나가 손 내밀기입니다 저는 이거 되게 잘못된 거라고 항상 말하고 다니는데 제 힘이 아직 약한가 봐요 처음 강아지 만났을 때 손 내밀면 안 돼요 얘네들이 거 냄새 못 맡을까요 내가 손을 내밀고 손 안 내밀고 얘네가 맡을 수 있는 냄새의 차이가 클까요 오히려 친근한 아이들은 손 내밀면 냄새 맡고 더 잘할 수 있지만 우리 친구 같은 경우에 조금 새로운 사람한테 거부감을 보이고 아직 친해지려면 시간이 필요한 친구들한테 갑자기 손을 내밀어버리면 이건 뭐예요 공격이죠 우리와 친해지려고 하는 거지 얘가 그 의도를 알아들을 수 있는지에 대해서 생각을 해 봐야 돼요 그런데 또 관심을 안 보이는 사람한테는 먼저 다가서도 냄새 맡는다 당연하죠 우리가 우리의 관심이 얘네들이 이게 좋은 거라고 알까요 몰라요 오히려 관심을 보인다라고 하면 나한테 뭔가 할 수 있는 사람이 돼요 근데 관심을 안 보이고 가만히 있으면 내가 궁금해지는 거죠 근데이 궁금증에 호의적인 마음만 있을까요 아니요 두려움도 있어요 궁금한데 조금 걱정도 돼요 우리 그런 경험들 많이 했죠 귀신의 집에 간다거나 이런 것들이 궁금하지만 걱정되는 상황들이에요 자기가 먼저가 놓고 또 손 아니면 물려고 한다 내가 호기심을 가진다는 것과 스킨십이나 더 밀접한 관계를 갖는 건 전혀 다른 얘기에요 우리가 무작정 내 마음과 내 페이스대로 다가가는 순간 오히려 더 멀어질 친구예요 우리 일반적인 사람들과 상당히 유사한 아이가 아닐까 우리야 싫어도 참는 거죠 포커페이스를 할 수 있는 우리 사람들은 싫어도 표현을 안 하겠지만 솔직히 우리 김주인님의이 수컷 알티프 친구가 느끼는 감정이 우리가 평상시에 느끼는 감정이랑 되게 비슷할 거라고 저는 생각이 들어요 그래서 갑자기 그렇게 쑥 들어오는 것에 대해서 싫어라고 표현을 하고 있는 상태인 겁니다 이건 잘못된게 아니에요 보호자가 우리 친구의 기지를 알고 얘가 싫어하는 것들은 바디랭귀지로 나 좀 싫어요라고 할 때 피해 주셔야 되고요 다른 사람들이 이뻐서 와서 막 아는 척하고 만지려고 하는 걸 막아주셔야 돼요 이런 친구들 많아요 사람의 입장 어떻게 생각해서 이상한 행동을 한다고 생각을 하는 친구들 되게 많아요 하지만 이제부터의 솔루션은 달라지지 않아요 싫어하는 거 억지로 만나게 하지 않는다 새로운 사람들 왜 만나야 되죠 전 안 만나게 해요 계속 만날 사람들 아니고 친구가 될 사람들 아니면 내가 내 애기가 있는데 갑자기 누군가 와서 이쁘다 만져봐도 돼요 왜 말이 안 되는 거라니까요 진짜 친한 사람이나 계속 볼 사람이 아니라면 그걸 허용하면 안 돼요 가장 중요한 거 우리 아이의 성향을 알고 보호자로서 그런 사람들한테 피해주고 진짜 우리 친구가 마음을 놓을 수 있는 사람을 늘려가 보자 그렇게 노력을 해 주셔야 됩니다 세 번째 사연은 이가은님입니다 이제 한 살 된 반려견과 함께하고 있습니다 저희 꼬미는 소리에 너무 예민해서 고민입니다 조인종 소리 문 열리는 소리에 짖어요 제 방이 베란다랑 붙어있는데 부모님이 지나가면 그 소리에도 놀라서 짖습니다 겁이 좀 많은 아이이긴 하지만 소리에 너무 잘 반응하고 제가 집에 없을 때는 또 안 짖더라고요 꼬미의 마음이 궁금합니다 되게 이런 경우가 많아요 우리 반려견들이 보는 세상 컨텐츠 있죠 이거 한번 꼭 보고 꼭 보세요 분명히 이렇게 얘기하면 안 봐요 꼭 보세요 꼭 우리 아이들을 이해하는데 가장 중요한 내용이니까 진짜 100번 강조해도 모자르지 않아 먼저 알아야 될 건 호미는 맥락을 알지 못해요 그 소리가 왜 나는지 모른다는 거죠 그러면 깜짝깜짝 놀라게 되는 경우들이 너무 많아요 우리와 베란다라는 공간에 대한 인식 부모님이 거기에 뭘 꺼내러 갈 수 있다라는 예측 이런 것들이 다 가능하기 때문에 괜찮지만 꿈의 입장에선 그런게 없어요 밖에서 나는 소리도 마찬가지예요 우리는 아 옆집 사람이 올라가나 보다 택배 기사님이 오셨나보다 택배 기사님이 물건을 던졌나 보다 이런 맥락을 알기 때문에 놀라지 않지만 고민은 그렇지 않아요 두 번째 강아지들이 보는 세상은 자폐인이 보는 세상과 상당히 유사합니다 우영우가 하는 행동을 봤을 때 강아지들이 아 이게 되게 힘들었겠구나라고 느낄 수 있는데 그 중에 하나가 의무는 길거리를 다닐 때 헤드셋을 끼고 다니죠 왜 소리에 예민하니까 안 그런 강아지들도 있지 않냐네 그런 예민도의 차이는 있을 수 있습니다 이게 예민도는 기질적으로 가지고 태어나는게 있을 수 있고요 평상시에 스트레스 상황에 의해서도 영향을 받을 수 있어요 평상시에 충분한 산책을 하고 있고 충분한 놀이를 하고 있는지도 고민을 해봐야죠 그냥 우리 뭐 인터넷이나 tv나 이런데 산책 많이 나오잖아요 산책을 진짜 미친듯이 많이 해서 얘가 너무 피곤하다 그러면 그런 소리에 반응할 것이냐 안 할 수도 있어요 현실적으로 산책을 그렇게까지 못하여 주는 경우에 어떤 솔루션을 할 수 있는지에 대해서도 고민해 봐야겠죠 저라면 우선 기본적으로 내가 조금 더 노력해서 할 수 있는 산책 시간이나 놀이 시간은 많이 늘려 줄 거예요 조금 더 많이 피곤하고 자극에 덜 예민하게 만들어 줄 수 있겠죠 솔직히 말씀드리면 이걸로 해결 안 돼요 산책 우리가 해줘도 한계가 있고요 물이 우리가 해줘도 한계가 있어요 그러면 저는 항상 문제가 있을 때 관리 교육 약물 순으로 생각을 합니다 관리가 뭐냐 그 소리가 안 나게 할 수 있는지에 대해서 생각해야 돼요 이게 가장 도난 들고 빠르게 문제를 해결하는 방법입니다 그것 중에 하나가 꼬미랑 우리 보호자님이랑 방에 같이 있을 때 저는 무조건 그 방 안에 백색 소음을 틀어줄 거예요 100%는 아니겠지만 밖에서 나는 내가 예측하지 못하는 깜짝 소리들이 3세대에게 해주시는게 좋습니다 그리고 교육적으로는 어떤 걸 하면 좋냐 칭찬 세팅 또 컨텐츠 한번 꼭 보시고요 방 안에다가이 간식 세팅을 꼭 해놓습니다 소리가 날 때마다 칭찬해주세요 포인트는 짙은 안 짓든이에요 많은 분들이 이거 지들 때 간식 주면 더 해서 더 짖을 거라고 생각하죠 이건 말도 안 되는 생각입니다 자 이렇게 한번 생각해 볼게요 제가 가은님을 좋아한다고 생각을 해봐요 가은님은 저를 싫어해요 그래서 나 너 싫어라고 표현을 했어요 하지만 전 좋으니까 가은님한테 선물을 줬어요 그러면 가은님은 이렇게 생각하실 건가요 내가 싫다라고 하니까 선물 주네 계속 싫다라고 해야지 여러분들은 지금 그렇게 생각을 하고 있는 거예요 오히려 저 사람 봐라 난 별로였는데 계속 선물을 주네 하면서 어떻게 될까요 오히려 싫다라는 표현이 줄어들 가능성이 높겠죠 먼저 행동을 바꾸려고 하면 안 되고 감정을 바꾸려고 해요 해야 돼요 외부 소음이 날 때마다 꼬미가 좋아하는 간식이 나 외부 소음이 날 때마다 꼬미가 좋아하는 걸 던져주세요 이거는 그냥 꾸준히 반복하세요 그러면 나중에 꼬미가 어떤 모습을 보일까요 밖에서 소리가 나잖아요 우리 가은님을 쳐다볼 거예요 뭐 잊은 거 없어 선물 줄 때 아니야 이렇게 되려면 단 오랜 기간은 필요하겠죠 만약에 제가 봐서도 너무 예민한 기질을 가졌다 결국엔 이건 무슨 뜻이냐 신경의 전달의 과정에서 뭔가 다른 아이들보다 더 예민한 과정을 가졌다는 거죠 그런 신경전달 물질의 부조화를 다시 조화롭게 만들어 줄 수 있는 약물처방을 고려를 해보는게 가장 좋겠죠 제가 집에 없을 땐 안 짓느냐 이건 크게 두 가지가 있을 수 있는데 알리기 위해서 짓는 경우 위험한 상황이야 하고 알릴 사람이 없다면 안 짖는 아이들도 있습니다 두 번째 보호자가 있을 때만 자신감이 높아질 수도 있어요 혼자 있을 때는 소심이라서 표현도 잘 못하다가 뒤에 보호자가 있을 때만 내가 싫은 것들을 표현하는 아이들이 있을 수 있고요 이런 것들은 훨씬 더 자세한 상담을 통해 정확한 원인이 무엇인지 한번 확인을 해봐야겠죠 그 무엇이든 우선 솔루션은 제가 말씀드린 대로 소리를 안 나게 관리해 주고요 지졌을 때 혼내거나 이런 것보다 오히려 그냥 더 좋아하는 것을 던져줘서 외부 소리와 좋아하는 것을 계속 연결시켜서 감정을 바꿔주고요 기술적으로 너무 예민하면 이런 거 해도 잘 안 돼요 그런 예민함을 덜어줄 수 있는 약물처방을 할 수도 있는 거죠 하지만 가장 중요한 건 우리 꼬미는 맥락을 알지 못하고 그리고 우리가 느끼는 것보다 훨씬 더 자극에 민감하게 반응할 수밖에 없다는 것을 이해하는게 가장 첫 번째라는 거 잊지 말아주세요 오늘은 이렇게 400개 정도의 사연 중에서 3개를 뽑아서 진행을 해봤는데요 우선은 행동학적으로 제가 바로 조금 말씀드릴 수 있는 부분 많은 분들이 우리 아이도 이런데라고 생각할 수 있는 부분 저희가 다 읽어보고 선정을 했고요 또 하나 말씀드리고 싶은 건 여러가지 뭐 솔루션을 봐오셨겠지만 이런 솔루션이라는게 사실 되게 쉽게 되는 건 하나도 없어요 그럼 상담을 하게 되면 최소 1시간은 필요하게 되거든요 오늘 제가 아무래도이 조그만한 종이에 적혀 있는 내용을 가지고 솔루션을 하다 보니까 조금 다른 부분도 있을 수 있다라는 점은 양해 부탁드립니다 이런 컨텐츠를 조금 더 자주 해 볼 생각이에요 실제로 그냥 종이에 적혀 있는 것들을 답변해 드리는 것뿐만 아니라 상황이 된다고 한다면 실제로 구독자 여러분들을 모시고 같이 상담을 보는 것도 촬영을 하고 이런 이벤트가 먹을 거니까 많은 관심 부탁드립니다 다음번에는 더 치밀하게 파고드는 명탐정 셜록홈즈 돌아오도록 하겠습니다 또 놀러 오세요 안녕,
61,https://www.youtube.com/watch?v=0jia4JgzYb8,0jia4JgzYb8,애완견? 반려견? 🐶 우리 강아지 뭐라고 불러야할까요? | 설채현 행동학 수의사,설채현의 놀로와 ,안녕하세요 설치한 행동 악수 의 삶이다 안에 오늘은 칠판 앞에 써 봤습니다 왜 제가 칠판 앞에 서게 되냐면 오늘은 한번 반려동물과 관련된 단어에 대해서 말씀을 들어 볼 거에요 이런 단어를 써도 되는 지에 대해서도 좀 헷갈릴 때가 있어요 왜 왜 이 단어가 중요하냐 사실 이 언어라는 건 우리의 생각과 가치관을 담 기 때문에 이 언어가 먼저 바뀌어야 하지만 저는 문화도 바뀔 수 있다 라고 생각을 합니다 그래서 좋은 단어 용어 들에 대해선 벗 정리해보겠습니다 그래서 첫 번째는 많은 분들이 이건 이제 다 아실 건데 4 애완 때 발려요 때 2004년도 만 해도 이 단어 거의 안 썼습니다 발리 어 라는 단어를 쓰지 않았어요 대부분의 완 이라는 단어를 썼어요 이 둘의 정확한 뜻의 차이를 한번 알아야 될 것 같아요 제가 항상 얘기하는 건데 이게 다 한자 어 거든요 다 한자 인데 이 애가 무슨 일까요 어데 사랑의 사람이 어 이거 좋습니다 사랑하는 그 다음 이완이 문제죠 이완이 뭘까요 정확하게 한자로 한다면 희롱한 을 완 왕국 2건은 장난감 이란 뜻이지요 그럼 결국 대화는 사랑하는 장난감 이다 라는 뜻이에요 여기서 반려 라는 뜻을 얘기하고 정확하게 한번 비교를 한번 해볼게요 반려 는 우리 언제 많이 쓰이죠 이제 반려자 발리 5 의 정확하기 한잔은 이게 둘다 짝 이에요 자반 싹 클리어 이 짝 이 두 번이나 들어가는 진정한 짜 금연은 사랑하는 장난감 이랑 진정한 짝 의 차이는 뭘까요 저는 이렇게 생각해요 장난감을 아무리 사랑해도 장난감이 행복할 필요는 없어요 내가 장난감을 좋아하고 사랑해도 나만 행복하면 되 지 장난감이 행복할 필요 없는 거예요 그런 존재가 애완견 이에요 애완견 오고 근데 진정한 짝 이라면 어떻게 될까요 서로 행복해야 되는 거죠 나만 행복하면 안되고 상대방도 행복해야 지 진정한 짝이라고 얘기를 할 수 있는 거예요 그래서 애완견과 반려견의 차이는 나와 반려 강아지가 같이 행복하냐 의 차이라고 보시면 되고 그래서 우리가 반려견 이라고 단어를 쓰자 라고 얘기를 하는 거죠 그래서 저는 되게 좋다고 생각해요 어떤 분들은 뭐 그런거 같고 날리지 냐 라고 하지만 언어라는 건 생각과 가치관을 담고 있고 그게 계속 쓰였을 때 그 생각과 가치관이 실현될 수 있다 라고 생각을 하거든요 그럼 여기서 약간 이제 또 헷갈리는 것들 이 애완견 이란 말을 쓰지 말자고 하다보니까 약간의 만 들어가도 조금 잘못된 것 같은 느낌이 들 수 있어요 애견 이건 어떨까요 개인적으로 써도 된다고 생각해요 한자 로 보면 사랑하는 강아지 그래서 여기서 모파상 된게 에카 애견카페 아니면 뭐 애견 운동장 이렇게 얘기 하잖아요 그래서 이런 것 까지는 괜찮을 것 같다 라는 생각이 들고요 우리가 이완 자가 들어가는 단어는 동물이 장난감 이고 소유 물이다 라는 생각이 좀 들어가기 때문에 안 썼으면 좋겠다 라는 생각이 듭니다 이게 또 영어랑 대비할 수 있습니다 미국은 아직까지도 뭘 가장 많이 쓰이죠 4 백 패 스 니 중에 뭘까요 4 애완 입니다 해외 펫은 약간 애완견의 뜻이구요 그러면 영화에서 쓰니 반려 는 뭘까요 되게 비슷한 영어 단어가 있습니다 컴펜 이어 동반자 라는 뜻이죠 컴패니언 도 컴패니언 켓 컴패니언 애니멀 개 그러면 반려 동물이 되는 거죠 그 두번째 주인 이란 단어를 그렇게 좋아하지 않습니다 우리 상담을 할때도 그렇고 편하게 나 이런거 봤을 때 다 느끼셨을 거에요 저는 주인 이란 말은 절대 쓰지 않습니다 이 단어 대신에 어떤 단어로 쓰냐 보호자 라고 해요 왜 그럴까요 이 둘의 차이는 뭘까요 저는 이걸 소유라고 봐요 저는 제 안경 시계 반지 옷에 주인입니다 그리고 제 차의 주인이 에요 그 약간 소유의 개념 그리고 물건의 개념이 들어간게 이 주인의 뜻인 거죠 그래서 저는 동물은 물건이 아니기 때문에 주인 이라는 말을 쓰는 것보다 보호자 라는 말을 써요 반려견 이라고 부른다 라고 한다면 주인 소유 물건 의 개념이 아닌 보호자 내가 이 친구를 보아야 되고 또 이 친구가 다른 문제 행동을 하지 않게 다른 사람들도 보호해야 되어 보호자들은 그렇기 때문에 저는 이제 주인 이라는 말 대신에 보호자 라는 말을 쓰자 라고 항상 말씀을 드립니다 4 그렇죠 견주 게 주인 늘 한자 로 축약한 거죠 주인 대신에 보자 라는 단어를 썼으면 좋겠다 라는 생각이죠 세번째는 제가 행동 악을 하고 있고 실제로 트레이너도 하고 있기 때문에 이 단어를 한번 얘기해 보고 싶어요 풀려 아 으 제 생각에는 이 단어를 쓰지 말자 가 아니라 쓰여야 되는 곳이 좀 다르다고 생각이 들어요 태나게 를 잘 보거나 제가 뭐 여러가지 쓴 칼럼이 나 많이 보신 분들은 아시겠지만 저는 훈련 이란 말을 쓰지 않습니다 그 저는 훈련과 교육의 차이는 생각하는 능력의 차이 라고 생각하거든요 뭐 생각하는 능력 이라고 한다면 훈련은 생각할 필요없어요 내가 시키는 대로 무조건 에 이게 훈련이 줘 그래서 이게 어디서 많이 나오는거 에 훈련 어디서 에요 군대 군대에서는 훈련 받아야죠 왜냐하면 이때는 제일 힘든 게 뭐냐면 내 생각을 얘기할 수 없구요 무조건 하라는 대로 해야 돼요 근데 교육은 생각하는 능력을 알려주는 거예요 근데 개들이 생각을 할까요 엄청 많이 에요 그러면 그런 친구들 한테 교육을 하는 게 더 맞다 라는 거죠 그리고 행동 교정 그전에 행동 교정 이란 말도 안 써요 가끔 제가 한거 에 행동 교정 이라는 말이 나온 것 그리고 편지 파시는 분들이 저한테 이제 다시 한번 그를 보내지 않고 그냥 이게 괜찮은 단어 라고 생각하고 워낙 일반적으로 많이 쓰이니까 이렇게 교정 이란 단어를 그대로 쓰는데 저는 뭐라고 쓰냐 며 수정 이라고 합니다 영어로는 교정은 컬렉션 이에요 수정은 뭐 dp 케이션 이에요 그 훈련은 행동 교정 이랑 결이 같다라고 보시면 되구요 교육은 행동수정 이란 결이 같다라고 보시면 되는데 이 컬렉션에는 어떤 의미가 담겨져 있냐면 왜 약 외압이 많이 담겨 있어요 그 어느 정도 바깥에 힘을 가지고 억지로 뭔가를 바꾸는 것 생각하지만 내가 하라는 대로만 해 쿨러 니고 교정 이고 컬렉션 이라는 거죠 더 교육 생각하는 능력 자기가 생각해서 올바른 행동을 했을 때 칭찬을 하는 게 주 교육 방법 입니다 우리가 충분히 생각할 수 있는 시간을 주고 올바른 행동을 했을 때 극대 를 포착해서 칭찬을 함으로써 올바른 행동을 더 많이 하고 계속 할 수 있도록 하는 게 교육이 자 수정이 자 odp 케이션 인 거죠 그래서 저는 훈련 행동 교정 컬렉션 이런 말은 잘 쓰지 않구요 교육 수정 그리고 뭐 dp 케이션 이라고 얘기합니다 사실 트레이닝은 되게 애매해요 트레이닝을 찾아보면 훈련 이라는 말도 들어가 있거든요 이게 한국어와 미국 어를 딱 대치 하기 힘든 단어 라고 생각을 하는데 이런 것들을 다 합친 게 트레이닝 그럼 그렇게 생각을 하고 정확하게 대치되는 단어가 없기 때문에 그런데 훈련 이라는 말은 정확하게 외에 앞과 그리고 생각하는 능력보다는 무조건 하라는 뜻이 강하기 때문에 제가 또 교육 이라고 하기엔 조금 더 딱딱하고 이래서 우선 그냥 영어 단어로 그냥 트레이닝 이라고 좀 쓰고 있는 거죠 져 계속 강조하지만 같이 행복하자 라고 했는데 강압적인 훈련을 받은 대상들이 과연 정말 행복한 시에 대해서 생각을 해보면 어떤 단어 버터 맞고 어떤 방법이 더 맞는지에 대해서 스스로 느낄 수 있을 거라고 생각합니다 한번 정리를 해보자면 첫번째 애완 말고 반려를 썼으면 좋겠습니다 항상 말만 반려가 아닌 진정한 반려를 하기 위해서 우리가 한번 더 생각을 해봐야 될 것 같고요 그리고 우리가 이렇게 반려 라는 말을 쓰는 만큼 주인이 아닌 보호자 라는 단어를 썼으면 좋겠어요 그리고 훈련 아 여기서 다시 한번 훈련은 x 라고 하기는 힘들 것 같아요 여기서 꼭 한번 또 얘기하고 싶은 게 훈련과 교육 은 같은 게 아니다 라는 얘기를 더하고 싶은 거거든요 훈련을 받아야 되는 동물들도 있습니다 누가 있을까요 안내견 궁 결 어 마약 탐지견 이나 경찰 경 이런 특수목적 경들은 교육도 받아야 겠지만 훈련을 받아야 된다고 생각을 해요 하지만 우리 반려견 들은 실수 쪽에도 되지 않나요 여러분들도 다 실수 하잖아요 그러면 훈련이 아니라 교육을 받아야 된다 라는 거죠 그러니까 저는 저희 센터에서는 교육을 하고 행동 수정을 하고 있지 훈련을 하고 있지는 않습니다 오늘은 여러가지 단어들이 있겠지만 제가 생각하는 이 세가지 주제에 대해서 어떤 단어를 쓰는게 더 좋겠다 라고 한번 말씀 드려 봤는데요 이 단어 라는 게 우리가 말로 계속 하다보면 그 안에 이 가치관과 생각이 담겨 있기 때문에 우리가 이런 단어를 쓰고 이 단어에 대한 정확한 의미를 이렇게 알게 됨으로써 문화도 바꿀 수 있다고 생각을 합니다 저를 유심히 지켜 보신분들은 다 아시겠지만 항상 이렇게 사용하고 있거든요 이번 기회를 통해서 우리 구독자 분들도 알려 동물들에 대해서 의미를 한번 더 생각해보는 계기가 되었으면 좋겠습니다 그리고 이 영상을 보신 분들이 우리나라 반려 문화를 같이 선도해 나가셨으며 좋겠습니다 이렇게 되게 진지하게 놓고서 구도 좋아여 알림설정 잊지 마시구요 또 놀러오세요 안녕 으,
62,https://www.youtube.com/watch?v=aMUmp1dnRhs,aMUmp1dnRhs,강아지 최애간식 선발하는 간식 월드컵 해보셨나요? 🥇 l 교육용 간식 선정법 l 설채현 행동학 수의사,설채현의 놀로와 ,경기 시작 [음악] 어 뭐야 이러면 나가린데 안녕하세요 설치한 행동학수이사입니다 여러분들 이상형 월드컵 해보신 적 있으신가요 사실 전 아직 해보진 않았는데 하다가 끝나겠죠 가다가 이제 와이프한테 걸리면 혼나기 때문에 근데 여러가지 월드컵이 있잖아요 우리 강아지들한테도 월드컵이 있습니다 간식 월드컵입니다 사실 저는이 트레이닝을 상당히 많이 하고 연구 결과에도 나오듯이 저도 이뻐해 주는 것만으로도 칭찬이 되면 좋겠지만 강아지들이 우리가 이뻐해 주는 거보다 실질적 보상 먹을 걸 가장 좋아한다고 합니다 그래서 이렇게 기본적으로 여러가지 보상이 있지만 장난감 보호자의 스킨십 이런 보상이 있을 수도 있겠지만 저는 가장 많이 쓰는게 간식 영어로 트윗이라고 하죠이 트윗을 가지고 가장 많이 보상을 주는데요 많은 분들이 오해하고 있는게 있어요이 간식을 하나만 가지고 계속 교육을 하려고 해요 사람도 그렇잖아요 아무리 맛있는 걸 줘도 결국에 질립니다 그래서 저는 간식 월드컵을 통해서 여러 간식 중에 가장 좋아하는 것을 고르고 순위가 제일 높은 건 뭐 산책교육이나 조금 집중을 잘 못하는 교육에 쓰이고요 그리고 순위가 좀 낮은 거는 집안에서 원래 알았던 거를 습관을 만들어 주는데 쓰고 있어요 그리고 이렇게 교육용 트립 세이 조건이 있는데요 첫 번째는 우선 좀 부드러워야 된다 딱딱하면 안 된다 그리고 두 번째가 저는 더 중요하다고 항상 말씀드려요 크기가 작아야 된다 강아지들은 조삼모사가 통합니다 큰 거 한번 그냥 주는 것보다 뭔가 할 수 있는 걸 시키면서 거기에 대한 보상으로 성취감을 느끼게 하면서 조금만 걸 여러 개 줬을 때 좀 뭔가 애타는 거 같아 보이지만 훨씬 더 재밌어요 그래서 건강하게 보존제 같은 거 안 들어가고 동결건조 간식 중에 조그맣게 나와서이 트레이닝에 상당히 유용한 간식이 새로 나와서 제가 오늘 이걸 가지고 우리 세상이와 간식 월드컵을 한번 진행해 볼 겁니다 뭐 아무거나 무조건 다 잘 먹는 애들도 있지만 세상이 같은 경우는 아시다시피 미식견이에요 그래서 어떤 것이 1등 할지 한번 기대를 가지고 봐주세요 지금 크기가 되게 조금 해요 이거 보시면서 너무 조그맣다 이러는데 우선은 세상에도 되게 소형견이고 저는 항상 트레이닝을 할 때는 크기 정도로 잘라요 그냥 쓸 수 있는 거 같아요 그리고 언터치드라고 되어 있는 것을 보아하니 동결건조니까 다른 뭐 첨가물 없이 생물을 그대로 동결건조해서 좋기 때문에 좀 걱정이 덜 할 것 같아요 근데 내가 크기가 이렇게 작은 동결건전 처음 본 거 같아요 양은 비슷한데 개수가 엄청 많을 것 같고 지금 맛에는 오징어 북어 치킨 그리고 소간 알새우 노른자이 중에 세상이가 먹어봤던 맛은 소간 북어 치킨 그러니까 이걸 먹어본게 아니라 다른 간식으로 소간 북어 치킨을 먹어봤는데 제가 예상하기로는 해설위원처럼 월드컵이니까 내 설치하는 해설위원처럼 치킨이 1등을 할 것 같습니다 이제 월드컵에 들어가기 전에 가장 먼저 필요한게 뭐죠 대진표를 짜야 됩니다 너무 또 강팀끼리 처음에 붙어버리면 아쉽잖아요 그래서 제가 예상하는 세상에 기호성을 추측해서 대진표를 한번 만들어 보겠습니다 탑씨드들은 이렇게 하면 될 것 같아 탑시드 1번 치킨 트윗입니다 그리고 탑시드 1번 치킨 트릭과 맞붙을 상대는 오징어튀네 치킨 트릭과 오징어 트릿이 1조입니다 그리고 탑시드 2번은 북어트리십니다 그리고이 북어트립과 맞붙을 2조입니다 탑씨드 마지막은 소각 그리고 소관을 상대할 노른자 틀이십니다 노른자가 저는 다크호스 거 같아요 제가 이제 사람 먹는 건 거의 안 줬는데 어쩌다가 한번 노른자 조금 떨어뜨린 걸 세상이가 주워 먹은 적이 있거든요 그래서 이렇게 1조 2조 3조 먼저 토너먼트를 진행해 보도록 하겠습니다 토너먼트 1차전 오징어와 치킨의 대결입니다 간식 월드컵을 할 때는 간식을 너무 떨어뜨려 놓으시면 안 돼요 그러면 그냥 눈에 보이는 것만 먹고 딱 해버리는 경우가 있는데 조금 가까워야지 아이들이이 냄새를 맡고 더 선호하는 걸 먼저 먹거든요 저는 치킨에 승리를 예상합니다 여러분들은 누구의 승리를 예상하시나요 전 치킨 선수 입장 자 냄새 한번 맡아 경기 시작 [음악] 선수가 얼었습니다 세상 이거 봐 네 지금 어 뭐야 야 이러면은 선수가 할 생각이 안 보입니다 세동에 한번 겪어 볼게요 선수 교체 오늘 컨디션 난조 선수의 컨디션 단지로 세동 선수로 교체했습니다 지금 보여줄 거예요 똑같이 원래 조를 세상이를 기준으로 쓰긴 했는데네 벌써 이제 난리가 난 거 같아요 그냥 그냥 가볼게요 선수 입장 어허 역시 방금 오징어를 입에다 넣었다가 뱉고 그 다음에 스킨을 다시 먹고 오징어를 먹었어요 이거는 치킨의 승리입니다 치킨에 승민이 2조 북어대 알세웁니다 저는 북어의 승리를 예상합니다 세금 차이가 좀 있으니까 좀 맞춰 줄게요 북어 선수 입자 세 독 먹어 아네 북어 [음악] 처음 먹어보는 거 같아요네 좀 [음악] 호기심을 가지다가 뱉었습니다 과연 오히려 이거 다음번에 하면 모르겠는데 2차전 한번 해야 될 것 같아요 2차전 안새우를 처음 먹어봤기 때문에 2차전환 할 때는 위치를 바꿔야 됩니다 알새우 북어 좀 애매한데 이번에 아리새우가 이길 수도 있을 것 같아요 아까 먹는 거 보니까 약간 눈빛이 이렇게 금방 터지는게 보였는데 한번 보겠습니다 선수 입장 세동 먹어 알새우를 뱉고 결국 부가한테 갔습니다 아 이거는 북어 승리야 입에 넣었다가 뱉었다라는 건 더 맛있는게 앞에 있기 때문이거든요 이거는 북어의 승리에요 2차전은 국어 승네 지금까지 다 제 예상대로 되고 있습니다 3차전은 소간과 노른자 제가 꼽은 다크호스 노른자가 있는 종이다 기다려 크기가 우리 지금이 간식들 중에 가장 커요 그래서 하나씩만 딱 놓겠습니다 과연 다크호스 노른자 다크호스의 힘을 보여줄 것인지 선수 입장 먹어 아 다크호스처럼 정말 이길 뻔 했는데 또 입에 들어갔다 뱉었다는 건 이거는 소간에 승리 같아요 근데 우선 다 먹네 다 잘 먹네 안 먹은 건 없죠 지금까지 노른자가 진짜 노력을 했는데 아쉽게 패했습니다 3차전은 소간 승입니다 [박수] 우리 토너먼트에서 승리한 치킨 북어 소간 이제이 세 팀은 리그전을 치룰 겁니다 1차전은 치킨과 부검입니다 선수 입장 먹어 뭐야 뭐야 치킨 그냥 거의 진공청소기처럼 흡입해 버리고 바로 죽어 먹은 거야 한번 더 해보자 입장 먹어 거의 비슷한가 본데 지금 그래서 우리가 한번 바꿔봤는데 아까 이제 실제로이 간식 월드컵을 할 때 입에 넣었다 뱉는 거는 옆에서 나는 냄새가 워낙 맛있기 때문에 이걸 뱉고 이걸 먼저 먹어야겠다는 생각을 하는 거거든요 근데 지금은 망설임 없이 그냥 닭 먹어버려요 봤을 때 치킨이랑 북어가 거의 동률일 것 같은데 우선은 무승부 치킨과 북어는 무슨 붑니다네 2차전은 북어와 소관 한번 해보겠습니다 선수 입자 먹어 소관이 이겼어요 소관 지금 오른쪽에 있는 걸 먼저 먹지 않을까 해서 조금 걱정했는데 오히려 왼쪽에 있는 걸 먹었어 한 번 더 해볼까 자리를 바꿔서 2차전 한번 해보겠습니다 더 가까이 붙여 놔 볼게요 더 가까이 마지막이다 선수 입자 먹어 네 소관이에요 소관 최종 승자 소간 소간 트윗이 세동이에게는 1등을 했습니다 너무 우열을 가리기 힘들기 때문에이 세 개를 한꺼번에 놔 볼게요 간 치킨 북어는 세동이한테 거의 다 똑같은 가치 같기는 한데 그래도 단판 승부로 우리가 승부는 한번 내보겠습니다 소간 치킨 북어에 담판 승부 조금 더 공정한 싸움을 위해서 배너 다 치우겠습니다 소간 치킨 북어입니다 저는 그냥 이거 3개는 그냥 가까운 것부터 다 먹을 것 같아요 그래도 우리가 월드컵을 시작을 했으니까 운으로 선택한다고 해도 1등을 한번 정해봐야죠 마지막 결승전입니다 결승전 승부차기 대동 선수 입장 먹어 아 속은 소관 1등 진공청소기처럼 소간 치킨 북어 1등은 소관이었습니다 자 트로피 대동아트로피 내 입술이 더 좋아 한번 이렇게 재미로 우리 사람들이 이상형 월드컵 뭐 이런 월드컵을 하듯이 간식 월드컵을 한번 해봤습니다 근데 이건 그렇게 재미로만 하는게 아니라 이렇게 월드컵을 통해서 우리 강아지가 제일 좋아하는 간식을 알 수 있고 그걸 통해서 교육을 조금 더 효과적으로 할 수 있어요 태동이 같은 경우에는 소간트릿이 1등을 했어요 그러면 저라면이 속안 트릿은 산책교육을 할 때 가장 많이 쓸 것 같아요 산책 교육할 때는 외부 자극이 워낙 많기 때문에 아이들이 집중을 더 못 하는데 그때 가장 가치가 높은 트릿이 나온다고 하면 조금 더 집중할 수 있겠죠 그리고 다 잘 먹었지만 분명히 다 먹었어요 안 먹은 건 없어요 하지만 지네들 있죠 지금 보면 오징어 노른자 알새우 근데 알새우는 좀 크니까 오징어나 노른자 같은 경우에는 집 안에서이 자극이 별로 없을 때 원래 배웠던 것을 조금 더 습관을 만드는 용도로 사용을 할 것 같습니다 그리고 지금 2등을 한 치킨과 북어 같은 경우에는 실내에서 하지만 새로운 것을 가르칠 때 실례지만 자극은 별로 없고 새로운 것을 가르치려면 또 집중력이 조금 더 높아야 되잖아요 그럴 땐 이렇게 2등을 한 치킨이나 북어를 사용하면 좋을 것 같아요 근데 이건 기호성이라는 건 강아지들마다 다 달라요 세상이로 해도 다르게 나올 거고요 다른 아이들도 조금씩은 다를 수 있어요 우리 구독자 분들도 집에서 가지고 있는 간식으로 이렇게 간식 월드컵을 해서 순위를 정해 놓으신다면 교육도 좀 더 효과적으로 하고 보호자들의 리더십도 더 올라갈 수 있을 겁니다 구독 좋아요 알림 설정 잊지 마시고요 또 놀러오세요 안녕 네 안녕하세요 반갑습니다 오늘 간식 월드컵 번외 경기를 진행할 놀러의 김성진 트레이너라고 합니다 저는 오늘 여기 보이는 치킨 노른자 오징어를 가지고 한번 먼저 번의 경기 1차전을 진행해 보도록 하겠습니다 선수입장 건습자 오늘 같이 진행할 쵸비 초비 선수라고 합니다 기다려 여기가 치킨 동작 오징어 쵸비가 안 보일 것 같으니까 가운데에서 놔두고 시작을 해볼게요 쉽지 않다 준비해요 우리 노른자 먼저 1등으로 먹었고 냄새 맡지만 오징어랑 치킨은 탈락했네요 오징어 오징어랑 치킨은 확실히 별로인가 봐요 1차전 노른자 승 네 이제 번의 경기 2차전을 시작해 볼 건데요 2차전에는 새우 소간 북어를 가지고 한번 2차전을 진행해 보도록 하겠습니다 선수 준비 준비 출발 먹어 취향이 아주 확실해요 여기 쵸비는 사실 이제 다 먹을 거예요네 다 먹을 거고 새우는 그래도 마음에 안 든다고 끝까지 들어가게 해줬고 2차전 소간 승 네 이제 마지막 파이널을 진행할 건데요 노른자랑 소관 이렇게 두 개인데 어떤 거를 먹을지 저도 너무 궁금하고요 제 생각에는 소관입니다 제 생각에는 소가 마지막 파이널 선수 입장 역시 소관 파이널 소간 우승 네 이렇게 간식의 기호성 간식 골드컵 챌린지를 저희가 진행을 해봤는데요 여러가지의 맛있는 간식들을 준비해 두고 상황에 맞게 아이들에게 보상을 다르게 주시는 것도 아이들에게 또 하나의 큰 재미일 것 같습니다 그럼 오늘 간식월드컵에 편은 여기까지,
63,https://www.youtube.com/watch?v=AyWLWTrS71s,AyWLWTrS71s,"환절기 감기, 강아지도 조심해야 하나요? 🤧🍂 l 1문 1답 Q&A l 설채현 수의사",설채현의 놀로와 ,재채기가 감기 뿐만 아니라 심장병 아니면 심장사상충 보도 나타낼 수 있기 때문에 안녕하세요 설치한 행동 악 소리 합니다 이번 시간에는 좀 짧게 질문을 받아도 qna 시간을 가져보도록 하겠습니다 당연히 해야죠 감기가 왜 걸리냐 면 사람들 왜 이제 가을 들면 감기 많이 걸리죠 우선 일교차가 커 집니다 그러면 우리 몸이 적응하는데 시간이 걸려요 많은 에너지를 쓰게 되고 면역력은 떨어지게 됩니다 그러면서 이 세균이나 바이러스가 들어왔을 때 이걸 이겨 내는 능력 자체가 방어하는 능력 자체가 떨어지게 되구요 이건 강아지도 마찬가지입니다 그리고 두번째로 왜 가을 가면서 겨울 가면서 감기나 이런것도 잘 걸릴까요 건조해져서 그래요 우리 a 콧속에 점막 같은 경우에는 촉촉해 야 되요 날씨가 이제 가을에서 겨울로 넘어가면서 건조해 지조 가뭄이 일어났을 때 땅을 보세요 적 갈라지 줘 이게 우리 그 전 막 이라고 보셔도 되요 우리 점막 사이에 피부 하나의 장병이 건조해져서 갈라지게 될 거구요 그럼 그 사이로 개 많은 세균이나 바이러스들이 침투 에서 안식할 수 가 있습니다 그래서 환절기 때 강아지들도 사람과 마찬가지로 감기에 더 잘 걸릴 수 있는 거죠 증상은 사람이라 똑같습니다 콧물 코막힘 재채기 기침 무기력 16 쩍 이런 것들이 나타나게 되죠 대처법 으로 우리가 집에서 할 수 있는 가장 쉬운 것은 이거 진짜 효과가 좋아요 가습기를 드세요 건조해져서 생길 가능성이 높기 때문에 습도를 높여 줘서 호흡기 쪽에 좀더 부드럽게 해주는 게 아주 효과가 좋습니다 병원에 입원했을 때도 내려 일라이저 라고 해서 좀 더 전문적인 기구를 가지고 입원실에 다 이렇게 실링을 하고 그 안에다가 약재와 이런 것들을 섞음 가습기 처럼 생긴걸 막 이렇게 뿌려 주잖아요 그럼 똑같이 약재가 들어가지 않아도 집 안에서 이 가습기를 틀어 서 가까운 곳에 두는 것만으로도 꽤 좋은 효과를 됩니다 그리고 만약에 시도까지 떨어지 보셨다면 아플 때 우리 에너지 보충 상당히 중요하잖아요 에너지 ii 아니 낼 수 있는 처방 시 아니면 보양식 뜩 황폐 닭 수프 라든가 고품질 단백질이 거든요 이런 보양식을 제공을 해주는 것도 좋습니다 가장 중요한 건 이게 일반적인 감기 아닐 수도 있어요 기침 재채기 가 감기 뿐만 아니라 뭐 심장 깨어 마님의 심장사상충 되게 여러가지의 질병 에서도 나타낼 수 있기 때문에 하루 이틀 정도 아이들의 컨디션을 보는데 너무 떨어진다 구매 바루 수의사 선생님 한테 진료를 받아보시는게 좋습니다 곧 돌아오는 환절기에 우리 보호자 님들도 그리고 발 여인들도 감기 항상 조심하세요 안녕 또 놀러오세요 we,
64,https://www.youtube.com/watch?v=KMCDDlKd838,KMCDDlKd838,"Worried about side effects from your dog's vaccinations? 😰 | The Truth About Vaccinations, Part 2...",설채현의 놀로와 ,"알러지 반응의 딱 나타나게 되면 숨을 잘 모셔요 급사 까진 안가도 얼굴 붓는 경우 들은 꽤 볼 수 있어요 음 또 많은 분들이 걱정하시는 게 있어요 백신 부작용 이에요 그래서 백신 부작용은 대부분 축적되고 오랜 시간 문제로 일으키고 이런 것들은 뭐 지금까지 밝혀진 것은 없는 걸로 알고 있어요 코로나 백신 같은 경우에는 개발 기간과 이 접종 하더니 역사 자체가 그렇게 길지 않잖아요 그러다 보니까 효과도 좀 떨어지고 부작용도 다른 백신 들 보다는 좀 더 많이 보이고 있는데 사실 우리 강아지들의 이런 백신 같은 경우에 역사도 엄청 길고 요 거의 부작용 없다 이렇게 보고 됐기 때문에 2부 작은 빼고는 좀 걱정을 안하셔도 되요 이 부작용이 뭐냐면 우리가 흔히 말하는 이제 쇼크 반응이 줘 백신 알러지 그 유머 않아 필라 tt 쇼크 라고 얘기하는데 이런 백신을 맞고 나서 알러지 반응 일단 나타나게 되면 얼굴이 붓고 벌에 물린 것처럼 북구 가려워 하고 심한 경우에는 숨을 잘 모셔요 안에 기도나 이런데 점막 같은게 부어서 혈압이 떨어지면서 산소 공급이 안되서 기절하거나 쓰러지거나 급사를 한다거나 이런 경우가 아주 아주 아주 드물게 있어요 급사 까진 안가도 게 얼굴 붓는 경우 들은 꽤 볼 수 있어요 그러면 이제 걱정을 하시는 거에 보호 전임 드리 아 백신 안 맞으면 전염병 걸릴 수 있는데 이거를 또 맞아야 되요 이거 어떻게 해야 돼요 라고 질문하시는 경우가 상당히 많아요 특히 어떤 백신을 그러냐면 광견병 백신 광견병 백신 같은 경우에는 법정으로 1년에 한번씩 맞아야 돼 우리나라에서 1년에 한번씩 이걸 맞지 않으면 볼과 체로 있어 꽤 커요 처음에 1 100 200 에서 시작해서 300만원까지 근데 이게 법적으로 이렇게 돼 있는데 우리 아이가 어렸을때 광견병 백신을 맞았더니 얼굴이 뭐 퉁퉁 부부 쇼크 반은 알러지 반응 뭐 이런 것들이 나타났었다 그건 그 뒤로는 어떻게 해야 되냐는 거죠 이런 알러지 반응이 나타난 아이들한테 백신은 다시 했을 때는 크게 세 가지 반응이 나타날 수 있습니다 또 이상하네 그땐 잃었는데 이번엔 괜찮다 아니면 그 전과 비슷한 받는 막 쇼크 까진 않아도 얼굴이 붓고 뭐 이런 반응까지 나타나고 세번째는 예전보다 더 심한 반응이 나타날 수도 있습니다 그래서 보통 은 맞춰야 된다 라고 한다면 우리가 어떻게 하냐면 다른 회사의 백신으로 맞춰 모기도 헤어 그런데 그래도 나타날 가능성은 있잖아요 그러면 이거는 수의사의 판단하에 어떤것이 더 우리 아이들의 삶의 질에 좋은 것인가를 이 가치 판단을 해야 돼요 그때 저라면 만약에 그 전에 알러지 반응이 있었던 아이라면 맞추지 않게 있어요 근데 문제는 아까 말씀 드린 거죠 법적으로 광견병 을 계속 맞추지 않으면 이건 불법이라는 거예요 미국 같은 경우에는 특정 주들은 광견병 을 1년 아니면 3년에 한 번씩 맞추라고 법적으로 되어 있는데 어떤 강아지가 이 접종을 맞고 알러지 반응이 일어났다 그래서 더 이상 맞출 수 없다라는 수 의사의 소견서 가 있으면 이것은 불법이 아니게 되요 우리나라는 아마 이렇게 구체적인 법은 정해지지 않았어요 그리고 또 하나는 우리가 어디 갈때마다 애견카페 강아지 펜션 이런거 갈 때보다 뭐 가져 오라고 하죠 접종 기록까지 5 라고 하잖아요 근데 우리 아이가 이제 알러지가 있어서 못 간다 트위터 선생님도 맞추지 말라고 했다 근데 난 저 놀러가고 싶은데 그 없네 금 어떻게 해야되요 제 생각에는 1 책과 검사도 충분히 방어력이 있고 잘 유지되고 있다 라는 그러한 책과 검사가 있으면 받아 주거나 아니면 영어로 왜 입어 라고 하죠 우리 아이가 한 채가 검사가 낮아 졌는데 여기 놀러 가서 전염병이 걸려 써도 우리는 책임지지 않는다 이런 왜 입어 같은것을 쓰는걸로 또 구체적이고 이제는 그럴 때가 되지 않았나 싶어요 우리나라 반려 문화도 조금 더 상황에 따라서 구체적이고 세부적인 규칙들이 정해져야 된다고 생각합니다 그러면 이제 세 번째로 녹여 는 백신을 어떻게 해야 될까 사실 저도 노견 을 키우고 있잖아요 근데 이거는 이제 투 가지로 나뉘어요 의견 2 첫번째는 나이가 많아도 백신 이라는 것이 워낙 안전하고 강아지 들한테 주는 백신 들은 역사가 오래 됐기 때문에 걱정하지 말고 맞춰라 그리고 늙을수록 연 영역은 더 떨어지기 때문에 전염병의 노출됐을 때 더 아프고 죽을 확률이 더 높기 때문에 백신은 더 꾸준히 신경써 줘야 된다는 것과 반대로 노견 이기 때문에 뭐 면역력과 이런 것들이 걱정돼서 굳이 너무 안해도 된다 라는 이 두가지 의견으로 나뉘어 요 네 저는 지금 세상이 말고 저희 다른 가족이 12살 노견 을 키우고 있어요 저는 어떻게 하고 있을까요 이제 많은 분들이 해답을 아실수 있을것 같아요 시골에서 산책도 하기 때문에 지금까지 잘 들으셨다면 정답을 한 채 검정 한 채 깜 엄살을 주기적으로 하고 있어요 건강검진 할 때 1년이나 1년 반이면 1 2년에 한 번씩 한 책과 검사를 하면서 조금 낮아진 한 채 나 오 자르는 것들에 대해 저만 추가 접종을 해주는 거죠 노견 이 된다고 해서 전염병에 대한 위험성이 떨어지는게 아니라 몸이 약해 지니까 당연히 더 올라갈 수밖에 없어요 그럼 이제 리스크를 따져보자면 백신을 맞았을 때 그 동안 알러지 반응이 없던 친구라면 객 씬을 맞아서 앞을 가능성이 높을까 요즘은 확률이 정말 많이 떨어졌지만 전염병에 걸려서 앞을 가능성이 높을까 를 생각을 해보면 전염병에 걸려서 앞을 가능성이 높 여 4 수로 부터 저는 높아진다 라고 생각을 하기 때문에 그래도 나이가 많을수록 지금 충분히 괜찮은데 또 넣어줄 필요가 있을까라는 생각을 되잖아요 그러면 결국엔 또 정답이 한 채 까 검사가 되는 거죠 이렇게 어렵죠 이게 조금 더 깊숙히 들어가고 전문적으로 들어가면 어려워요 그래서 제 전반적으로 만 설명을 드리면 우선 소유자 선생님 들의 권장 사항을 따른다고 해서 강아지들의 건강에 이상은 거의 없다 알러지 반은 일어나는 아이 제외하고는 알러지 반응이 일어나면 수 의사선생님들이 다른 얘기들을 할꺼예요 얘는 이 접종 조심해야 겠어요 다음번에 꼭 얘기해주세요 않은 차체의 저건 올게요 라고 이렇게 조치를 취해 요 그래도 멀쩡한 아이들한테 또 추가로 넣어 주는 것이 걱정된다 그러면 창 책과 검사 를 이용하자 그리고 백신 알러지가 있는 아이들은 수 의사선생님과 상담을 해서 더이상 이 종류에 대한 백신은 맞추는 게 좋은데 다른 회사로 도 맞추는 게 좋은지 아니면 안 맞추는게 더 좋을지 한번 상담을 해보시는게 좋고 솔직히 저라면 무서워서 알러지가 있었다면 갖추지 못하겠어요 그렇다면 알러지가 있었다 라는 소견서 정도는 한번 받아 듣는다면 이거는 나중에 언젠가는 도움이 될 것 같습니다 그리고 노 경 같은 경우에도 늙어가면서 오히려 더 저녁 병의 노출된다면 위험 할 가능성이 묻기 때문에 간과하지 마시고 더 추가로 뭔가 주사를 가죽이 싫다 라고 한다면 상체가 검사를 통해 정확히 지금 몸에 항체가 얼마나 있는지 확인하고 접종하는 것을 추천 된다는거 저 이거 뭐 돈 받고 이런거 하나도 없습니다 항체가 공사가 되게 유용한 검사 방법이 된다 라는 것을 알려드리고 싶은 거고요 마지막으로 네번째 예전에도 많이 이슈가 있었죠 자가 접종 자가 접종은 우선은 말씀드리면 우리나라 수의사 법사 100% 불법입니다 그리고 솔직히 말씀드리면 섹시 너무 비싸다 라고 하시는데 사람 백신이 랑 비교해 보세요 얼마나 싼지 강아지들 백신 비싸도 1 30,000원 35,000원 넘어 가지 않거든요 저 솔직히 수의사 에요 자녀는 없지만 추산 올지 다 알아요 오히려 강아지가 더 어려울 수도 있어요 피아 주사 근육 주사 뭐 이런 것 안 올 줄 알아요 제가 얘기를 낫는다고 해서 제가 주사를 놔 줄까요 저는 의사 선생님한테 가서 맞을 거에요 그리고 강아지가 더 어려운 이유중에 하나는 강아지한테 주사를 놓는 게 어려운 게 아니에요 얼마나 안전하게 잡고 있느냐 그리고 혹시라도 일어날 수 있는 접종 후에 알러지 반응을 어떻게 처치 하느냐가 더 중요한 것이기 때문에 주사 놓다가 강아지 듣기 남 움직여서 반을 뿌려지고 주사 낳는데 이 구멍이 반대로도 두드려 가지고 그 아이 백신이 몸안으로 안들어오고 다 밖으로 빠져나온 다거나 그런 경우들도 있을 수 있기 때문에 절대로 불법적인 자가 접종은 하지 않으시는게 좋습니다 뭐든지 전문가 한테 맡기는게 가장 속 편하고 안전하고 좋아요 저희 그 실제로 그런거 많이 사례가 접수가 되거든요 자가 적 좀 하다가 반응이 강아지 몸속에 남아서 오히려 수술을 한다거나 그런 경우도 상당히 많기 때문에 자가 접종은 불법이기 때문에 하지 않으셔야 됩니다 한 채가 검사 죽이는 딱 정해진건 없어요 저희 이제 모견 버블이 같은 경우에는 제 나이가 많다 보니까 제가 지금 6개월에 한번씩 혈액검사를 하고 있는데 항상 피를 뿜는 단 말이에요 그러면 뽑은 님의 항체가 검사 도 일 년에 한 번씩은 같이 들어가게 하고 있어요 이렇게 해서 1년에 한번씩 항체가 방어력이 떨어진 것들에 대해서만 추가 접종을 하는데 최근에 사실 추가 접종을 한 적은 없어요 항체가 되게 잘 유지되고 있어요 만약에 이렇게 노견 이 아니라 루피 뽑는게 막 주기적으로 지금 하고 있는 상황이 아니라면 이렇게 정리해 드리면 될 것 같아요 우선은 어렸을 때 맞는 이렇게 따 이래서 5차까지 맞는 접종 이거는 그냥 다 하세요 미국은 3차까지 인데 라고 한다면 그냥 선생한테 3차까지 의 접종을 이렇게 해 달라고 말씀드리고 그리고 3차 끝나고 한 책과 검사를 해보세요 뭐 5차 끝나고도 항체 검사를 하거든요 근데 이렇게 하지 말고 우선 3차의 한 채 검사를 해보는 거예요 근데 거기서 방어력이 충분하면 거기서 그 만약에 모자르면 사무 참았고 또 항체 검사 해야 될 수 있어요 왜냐면 이건 문제푸는 거나 마찬가지니까 방어력이 형성이 됐는지 보는 거예요 그리고 그 다음에 나 그냥 다 한 듯이 맞아요 이래야지 부스팅 이 되는 거예요 우리 코로나도 막혀서 추가 접종하면 부팅을 시키지 않아요 그 다음해에는 그냥 다 맞아서 부스팅 을 시키고 이제 그 다음해부터 신경 써 보는 거예요 어 이제 접종을 할 때가 됐네 라고 문자가 왔다 라고 한다면 맞추기 전에 걱정되신다면 항체 검사를 하고 모자른 것만 맞추는 방법 아니면 난 더 괜찮을 거 같애 그러면 저는 하니 3년에 한번씩 한 채 검사를 해보는 것도 추천드립니다 근데 매년 하는게 가장 안전하죠 왜냐면 이건 미국에서도 켄넬 코프 나 이런 것들에 대해서는 일 년에 한 번씩 하는 걸 추천드린 아마 이고 사상충 과 마찬가지로 백신에 대해서 저도 사실 걱정이 많아요 많은 분들이 또 또 스위스 하니까 그렇게 하는 거지 하지만 오히려 이런 영상도 또 수 의사선생님들이 싫어 할 수 있어요 그리고 우리 구독자 분들도 궁금증이 이걸 듣고 더 생기 셨을 거에요 그래서 그런 궁금증들을 댓글로 남겨주시면 제가 또 성심성의껏 최대한 빠르게 답변 드릴 수 있도록 하겠습니다 구독 좋아요 알림 설정 잊지 마시고요 놀러와 함께 행복한 시간 되세요 안녕 [음악] [음악]",
65,https://www.youtube.com/watch?v=CRlft71LL84,CRlft71LL84,[설채현 수의학] 미세먼지가 사람보다 개한테 더 안 좋은 이유!?,설채현의 놀로와 ,[음악] 안녕하세요 강아지에 대한 궁금증을 솔직하고 독하게 알려드리는 설치 연수 이사입니다 최근에 그런 미세먼지에 대한 걱정이 정말 많으세요 그러면 미세먼지가 사람보다 강아지에게 더 안 좋을까 사실 저도 너무 알고 싶습니다 모릅니다 어 그런데 우리가 강아지가 더 안 좋을 수도 있다라는 추측은 가지고 있어요 예전부터 미세먼지 이제 막 이슈가 됐을 때부터 미친듯이 찾았어요 자료를 연구 자료를 그랬더니 연구자료가 별로 없어요 거의 없어요 왜 그러냐면 미세먼지가 중국이랑 우리나라 가장 심한데 이런 거 연구하 데는 미국 애들이 이런 걸 연구를 되게 잘하는데 거기는 막이 연구비도 많이 들어오고 해서 많이 들어 잘하는데 미국은 공기가 좋아요 미세먼지지도 전 세계지도 보면 결국에 중국이랑 우리나라만 엄청 피보고 있거든요 그래서 아 미국의 미세먼지가 좀 있었으면 미국에서 연구를 해주고 그거를 바탕으로 이제 얘기를 할 수 있을 텐데 우리라 중국은 지금 그런 거 할 사람도 잘 해결 못하고 있는데 강아지 민세 번지를 연구하고 있지는 않거든요 그래서 정확하게 아 강아지들한테 사람만큼 나쁘다 아니면 사람보다 더 나쁘다 사람보다는 괜찮다 이런 연구 결과 자체가 없어요 근데 우선 추측하기로는 조금 더 안 좋을 수 있는 이유 첫 번째는 강아지들은 자세가 낮아요 우리보다 낮은 공간에서 살고 있어요 근데 아무리 미세 먼지더미 더 깔리 있죠 아무래도 무게가 있는 물질이기 때문에 아무래도 위보다는 밑에 더 많아요 그니까 미세먼지가 더 많은 공간에서 우리 아이들이 돌아당기다가 별로 안나요 그니까 또 바닥에 떨어져 있던 미세먼지가 얘네들이 걸어다니면서 풀풀풀 이렇게 올라와요 그래서 더 많이 마실 수 있고요 또 세 번째는 체중 kg 당 마시는 공기에 양이 사람보다 많아요 어떻게 보면 그냥 절대적으로는 사람보다 당연히 적게 마시겠지 애들이 조그마 그 근데 kg Pro 나눠서 보면 사람보다 공기의 양을 더 많이들이 마시는 거죠 그래서 또 더 나쁠 수 있고요 또 하나는 야 이제 애들이 많이 핥죠 밖에 나가서 미세먼지 털이 있잖아요 털에 미세먼지 다 끼고 와서 와서 핥 타요 그러면들이 마시는 것뿐만 아니라 먹는 것들도 식도로 넘어가서 소기 들어가는 것들도 더 많을 수 있어서 지금까지 우선 어 미세먼지가 강아지들한테 더 안 좋을 거다라는 이게 한 이렇게 한네 가지 정도 있고 사람보다는 더 날 거다라는 이유도 있습니다 이거 보신 분들 있으실지 모르겠는데 제가 이거 다시 찾아볼게요이 그림이 [음악] 나올지 강아지 코 쪽 보신 분들 계세요 그렇게 생겼는데 콧구멍이네 콧구멍 안쪽 야 이게 딱 있는데 제대로 보여 드리고 싶은데 딱 나왔네 내가 찾는 사진 강아지 코 안쪽은 이렇게 생겼습니다네 그니까 우리는 콧구멍 이게 콧구멍이 입을 이렇게 잘라 놓은 거야요 단면을 그래서 코 안쪽으로 이렇게 요쪽으로 쑥 들어가면 이제 기동 건데 우리는 콧구멍이 그냥 쭉 이어져 있죠 미로처럼 생기지 않고 왜 너무 이렇게 됐나 이렇게 생긴 이유는 뭘까요 뭘까요 왜 이렇게 생겼을 것 같으세요 냄새 잘 맞으려고 표면적이 훨씬 넓잖아 코 안에 그 표면적이 사람보다 엄청나게 넓기 때문에이 냄새들을 더 잘 잡아내는 거예요 근데 이렇기 때문에 사람보다 더 작은 먼지도 잡힐 가능성이 높아요 왜냐면 공기가 들어가면 사람처럼 이렇게 그냥 쑥 들어가는게 아니라요 안에서 막 빙빙 돌게 되거든요 그러면은 이게 조고 벽이 많으니까 콧물이나 이런 거에 먼지가 더 많이 잡혀서 어 사람보다는 안전할 수 있겠다라는 생각도 들어요 근데 이제 지금 보면 단점은네 개 장점은 하나라서 아무래도 훨씬 더 안 좋을거다라는 생각을 가지고 있어요 그리고 실제로 미세먼지 같은 거를 멕시코 쪽에서 연구를 한 경우가 있는데 미세먼지가 많은 멕시코 시티랑 그리고 저 시골 동네 강아지들을 데리고 한번이 폐 있는 세포들을 검사해 봤더니 뭐 훨씬 멕시코 시티의 아이들이 건이 폐 건강이 안 좋았다 이런 연구 결관 있습니다 이거 당연히 뭐 서울에 사는 아이들이 호흡기는 훨씬 더 지금 안좋을 저도 좀 걱정이 많이 돼요 우리나이 강아지들이 되게 오래 살게 됐는데 나중에 조금 다시 요즘에 태어난 어린 아이들이나 산책 많이 하던 아이들은 영향을 받지 않을까라고 좀 걱정을 하고 있습니다 미세먼지에 대해서 조금 더 궁금하신들은 또 주시면 모르는 건 찾아볼게요 열심히 찾아봐서 좀 더 자세한 내용들 알려 드릴 수 있도록 하겠습니다 구독과 좋아요 잊지 마시고요 다음번에 더 좋은 정보로 찾아뵙겠습니다 안녕 [음악],
66,https://www.youtube.com/watch?v=Bm62ivyfBPo,Bm62ivyfBPo,[공지] DOG설TV 구독자님~ 주목해주세요!! | 🎁 설치니분들을 위한 이벤트도 있어요!,설채현의 놀로와 ,강아지에 대한 정보를 독하고 솔직하게 알려 드리는 독설 티비 설치 연수의 합니다 아내 제가 맨날 이런 말씀드리는 것 같아요 이제 열심히 올리겠습니다 넘어 자주 못 찾아뵈서 죄송합니다 이런 얘기들 만 하는거 같아서 다시한번 죄송합니다 사실 제가 요즘 하는 일들이 되게 많아 졌어요 아시는 분들은 아시겠지만 제가 조금더 우리 강아지들과 행복하게 살고 좀 더 재미있는 활동들을 많이 하기 위해서 놀러 오라는 회사도 같이 운영을 하게 되고요 또 그 안에서 행동 진료도 봐야 되구요 그리고 대학원도 다니고 있습니다 그러다 보니까 제가 정말 열심히 하고 싶어도 이 시간적인 그리고 에너지 적으로 좀 힘든 부분들이 있었어요 그래서 우리 독설 tv 구독자 분들 중에서 지금 뭐 벌써 아시는 분들도 좀 있으실 거에요 에 놀러 에서 놀러가 유튜브 채널을 만들어서 그쪽에서는 좀 열심히 영상을 찍어서 올리고 있었어요 저희 독설 tv 설치 니 여러분들께 설명을 못드리고 그거는 이제 제 근무 시간을 빼고 털 보기 때문에 제가 조금 더 시간적 여유가 있어서 좀 열심히 하다가 아 이렇게 하다보면 제 우리 설치 여러분들께 너무 죄송하게 따 이래도 그동안 아주 열심히 구독해주시고 응원도 많이 해 주셨어 는데 너무 죄송하다는 생각에 독설 티비와 저희 놀러와 가 전격 합치기로 했습니다 무조건 제가 담았다 라고 얘기할 순 없지만 너무 이제 유튜브나 블로그에 부정확한 정보들이 있다 라고 생각을 해서 더 다양한 컨텐츠 그리고 정확한 컨텐츠를 제공하기 위해서 거의 독설 티비 아 놀러와 를 합치기로 했구요 그리고 독설 tv 영상이 없어지는 거 아니니까 걱정 안하셔도 됩니다 이 독설 tv 그동안의 영상은 한 카테고리로 남겨둘 거고요 설치 여러분들 그리고 이에 곳도 많이 와 주실 부 독자 여러분들이 말로 필요한 의학적 행동학적 정말 좋은 정보들을 이제 정기적으로 업로드를 할 겁니다 그리고 그 동안의 응원해주신 절친이 여러분들께 폭설 티비와 놀러와가 통합 등 기념으로 제가 운영하고 있는 놀러 에 놀러 스토어에 p 2 링크를 드릴 거에요 자세한 내용은 더 비라는 참고해주세요 이제 진짜 약속드립니다 이제 깨면 저는 설치하니 아니에요 주기적으로 정말 좋은 여러분들이 정말 필요한 원하는 그런 컨텐츠를 제공해 드릴 테니까요 이제부터 더 많은 관심 부탁드립니다 아 이렇게 통합되면서 아쉽게도 그 폭설 tv 이름은 몰라 로 바뀔 거에요 하지만 그동안의 독설 tv 의 영상과 이런 것들이 없어지는 건 아니니까 너무 서운해 하지 마시구요 저는 어디 가지 않습니다 저는 계속 여기서 여러분들이 위해 열심히 할 거에요 앞으로 채널 명도 놀러가 를 바꿔서 다시 또 한번 인사들이 예정인데 4 잘 부탁드립니다 정말 열심히 하겠습니다 안녕,
67,https://www.youtube.com/watch?v=DRqA4gPOGac,DRqA4gPOGac,"반려동물 심장병의 모든 것! Talk 콘서트 1부 (설채현 수의사, 김성수 수의사, 조우재 수의사, 박종인 수의사)",설채현의 놀로와 ,이처럼 심장병이 발병할 수 있는데요 저 심장병은 무증상인 경우가 많습니다 그렇기 때문에 매년 정기검진이 필요하세요 엄마 무슨 상이 뭐야 [음악] 그건 아픈데 아픈지 모른다는 뜻이야 왜 안 오냐 위는 건강해 [음악] 엄마 나 지금 바쁜데 왜 답이 없어 받았냐고 알았어 알았어 엄마가 끊어 [음악] 심장병에 무증상 그게 뭐 어쨌다는 거야 [음악] 우리 둘이 심장소리 괜찮아 괜찮지 심장병은 겉으로 봐서는 알 수 없습니다 심장병은 소형견 일수록 조심해야 하는 질병으로 나이가 들수록 심장병 발생률도 높습니다 심장병 검사 어렵지 않습니다 간단한 청진으로 신장병 임무를 확인해 주세요 안 돼 [음악] 건강이 최고지 달력은 내 심장 건강을 위해 지금 전화하세요 [음악] 함께 더 많은 시간을 보내고 함께 더 많은 이야기를 만들고 한두 개 더 많이 놀 수 있는 시간을 위해 [음악] 1년에 한 번 상징으로 신장을 지켜주세요 한국 협회와 베링거인겔하임 그리고 공익성 반려견 신장건강 캠페인 [음악] 스타 수의사와 함께하는 반려동물 심장병에 모든 것 제가 제이브로스 탕수이 사라고 해서 조금 이상하긴 한데요네 두근두근 토크콘서트에 오신 여러분을 환영합니다 저는 이번 토크콘서트 진행을 맡은 설채현 수의사 합니다 반갑습니다네 오늘은 11월 11일 빼빼로 데이입니다 그리고 또 무슨 날일까요 여러분들 잘 모르니 수 없겠지만 바로 반려동물 심장의 날이기도 합니다 여러분은 반려동물 심장병에 대해 얼마나 알고 계신가요 아무 증상이 없는 것처럼 보이지만 사실은 반려동물에 심장이 아플 수도 있다는 것을 알고 계시나요 소형견 보호자님 심장병 환자를 관리중인 보호자님 고양이 보호자님 모두 모두 주목해주세요 말로 표현할 수 없는 반려동물에 심장병 누구보다 빠르게 알아차릴 수 있는 방법 궁금하시죠 오늘 이 자리에서 여러분들이 몰랐던 하지만 꼭 알아야할 반려동물 심장의 모든 것을 함께 알아 보겠습니다 행사는 한국 순위 심장협회 와 한국고양이수의사회가 주최하고 베링거인겔하임 벨릭서 하이큐 팬츠네 오딘에서 후원하는 공익 캠페인입니다 반려동물 심장병에 대한 궁금증을 모두 해소해줄 고퀄리티 라이브토크쇼 사실 저도 되게 많이 지금 기대를 하고 있어요 저도 오늘 좀 배울 수 있는 시간이 거 같아서 정말 많이 기다리고 있는데 지금부터 시작하겠습니다 먼저 오늘 톡 먼저 오늘 토크콘서트에 멘토스 의사 3분을 소개해 드리겠습니다 처음으로 반려동물 심장병 기초를 알려주실 박종인 수의사님 있습니다 안녕하세요 박종인 회사입니다네 그리고 두 번째로 우리 무등산 심장병에 대해서 좀 알려 주실 VIP 김성수 원장님 네 안녕하세요 증서 언제나 반갑습니다 마지막으로 또 많이 궁금해 하실 거예요 영양관리 심장병 영양관리 해서 알려 주실 조우재 선생님 오셨습니다 하지 마세 안녕하세요 조교입니다 조금씩만 옆으로가 주세요 제가 딱 보시면 아시다시피 우리 선생님들만 멋지게 차려입고 이렇게 하트 체크 필요 없고요 내일 이유가 뭐냐면 저는 오늘 보호자님들에 입장에서 배우고 여쭤보려고요 우리 신장에 대해서 우리 영향에 대해서 전문가의 세 분께서 우리 시청자분들 우리보고 장님들의 궁금증은 많이 풀어 풀어 주실 겁니다 토크콘서트 중간중간 채팅방에서 푸짐한 경품 이벤트가 진행될 예정입니다 여러분의 적극적인 참여 부탁드립니다 그럼 두근두근 반려동물 심장 콘서트 곧 시작합니다 오지 않습니다 1년에 한 번 충전으로 달려들 내 심장이 지켜주세요 소리를 들려 줘 [음악] [음악] 안녕하세요 원주 누리동물병원 박종인 취소합니다 이렇게 왼손으로 만나게 되서 정말 반갑고요 어 저는 신장에 대해서 좀 설명을 드리려고 해요 우리 반려동물 심장 사람과 크게 다르지는 않은데 반려동물 심장이 어떤 일을 하고 또 어떤 기준으로 병이 생기는지 좀 설명을 한번 드려 볼게요 보고 설명 드리려고 이렇게 모형도 가져왔는데 우리 반려동물 심장은 사람을 심장이 유증 있다고 알고 계시죠 우리 반려동물 심장은 아빠를 요렇게 접어서 아빠를 접어서 가슴에다가 요렇게 갔다 되면 만나는 자리 갈비뼈 하겠죠 후 근처에 심장이 있어요 심장을 정말 요렇게 생겼어요 정말 이렇게 생겼고 한 3에서 오케이 정도 되는 우리 반려동물들 심장 사이즈가 한 60 cm 남지 된다고 보시면 돼요 그런 심장을 이렇게 열어보면 심장은 요런 구조로 혼자 있어요 한번 제가 한번 드려 볼게요 크게 정가운데로 반월당 나눠서 오른쪽 심장과 왼쪽 심장으로 양분을 해요 오른쪽 심장은 피를 빼서 보내고 왼쪽 심장은 전신순환 일하는데 다시 설명을 드릴게요 오른쪽 심장은 다시 바늘 나누고 왼쪽 심장도 바늘 나눠서 총 4개의 공간으로 부분을 해요이 4개의 공간이 있어야 되는 이유는 돌았던 온몸을 소망했던 혈액은 오른쪽 심방으로 먼저 한번 모여요 잠시 보관했다가 혈액이 요렇게 심 시리라는 아예 공간으로 내려오게 되고 요아리 공간이 꽉 수출하면 폐동맥에 사는 것을 통해서 페로 피자 가게 되어 폐에서 산소를 교환한 깨끗한 혈액이 다시 좌심방으로 들어오게 되고 좌심방으로 잠깐 모였던 혈액이 다시 아래로 내려와서 좌심실이라는 공간으로 내려오게 되고 좌심실이라는 공간이 꽉 차서 우리가 알고 있는 전신순환 온몸으로 혈액을 보내게 되어 결국 심장이 하는 일은 우리의 펌프처럼 피를 받아서 온몸으로 피를 순환시켜주는 역할을 하게 되는데요 오른쪽 심장은 트로피를 보내고 왼쪽 심장은 온몸으로 피를 보내요 심장은 동시에 수칙을 하니까 오른쪽 왼쪽 심장이 동시에 수축을 하니까 동시에 피를 받아서 내려보내고 동시 혈액을 방출하게 돼요 그래서 폐순환과 전신순환 2동 시에 일어나야 돼요 이러한 심장이 아픈 것을 우리가 신정 병이라고 불러요 심장병은 이제 심장병에 뭐냐고 물어보시는 분들이 상당히 많은데 심장이 그냥 경리 생긴 거예요 심장이 병이 생긴 거 심장 병이라고 불러요 근데 심장병에 어디에 생기느냐 그래서 기부금으로 가져 왔거든요 지금 보시는 것처럼 팀장은 근육이라는 것과 그 다음에 여기 보시면 판매를 하는 것으로 구성이 되어 있어요 아까 근육은 설명을 지렸죠 잠깐 4개의 공간이 있으니까 외근 가는데 근육으로 부정해서 있고 악이라는 것은 공감과 아래 공간을 나누기위해 서막이 존재를 하는 거죠 그래서 피가 들어왔던 자리로 다시 역류하지 않도록 막아 주는 그런 기능을 하는 건데 우리가 판막이라고 불러요 그래서 오른쪽 심장을 3008 민족 심장은 2008이라고 부르는데 것도 있다 다시 설명해 드릴게요 이런 구조물에 병이 생기는 것을 우리가 심장 경이라고 부르고요 이런 구조물 이후에도 심장이 박동을 하려면 전기신호가 필요하거든요이 전기신호에 문제가 생겨서 심장이 불규칙하게 박동 하는 것을 심전도 장애 부정맥 일하고 돈 많이 벌어 오는데 그럼 부정맥이란 병도 있어요 오늘 설명드리려고 심장병은 일단은 심장병에 원리 어떻게 발전을 하느냐를 설명을 들으려면 사실 너무 어려워요 왜냐면은 심장병종류 종류마다 발병기전에 다 다르거든요 저희 병원 손님이 오셔서 이렇게 여쭤봐요 원장님 우리 강아지 심장병인데 원장 약 좀 주세요 저 진단 받았는데 심장병에 되면 연락 좀 주세요 그렇게 질문하시면 무슨 병이에요 심장병 이요 이렇게 좀 놀라운 경우가 있는데 그런 거예요 만약에 우리 주변 분 중에 어떤 분이 뭐 예를 들어서 그럼 안 되겠지 맘이 생겼다 그러면은 아 저기 위암 이깁니다 폐암 4기입니다 3개입니다 이런 식으로 인제 나한테 기대 이렇게 하라고 잘 하시는데 심장병은 무슨 병이에요 적으면 심장병이에요 이렇게만 답을 하세요 [음악] 이제는이 강의를 들으시는 여러분은 심장병이 이름을 좀 하셨으면 좋겠어요 심정병원 하나가 아니에요 사람들 암 걸렸어요라고 얘기 했을 때 그 안에 이름을 대시 심장병도 무슨 병이라는 병명 있어요 이첨판폐쇄부전증 엽기 뭐 폐동맥 협착증 선천성 심장질환 뭐 이런 식으로 이제 병이 있으니까 그 질병을 좀 하셨으면 좋겠어요 그래서 먼저 기존의 설명을 드리려면은 병이 이름을 알아야 되는데 다 설명을들을 수가 없으니까 일단은 크게 분께 나눠서 선천성심장병가 후천성 심장병 두 개를 한번 알아볼게요 선천성심장병 일하는 거는 엄마 뱃속에 있을 때부터 생긴 심장병이고 후천성 심장병 일하는 거는 퇴원하고 나서 커가면서 혹은 늙어가면서 생기는 병을 후천성 심장병이라고 불러요 선천성 심장병의 종류 중에 동맥관 개존증이라는 병이있어요 PD이라고 부르는데 이름은 좀 기억해 줬으면 좋겠어요 동맥관개존증은 엄마 뱃속에 있을 때 심장이 뜨거든요이 심장이라는 거는 엄마 뱃속에 있을 때 뛰기 시작해서 무지개다리를 건널 그전까지 단 한 번도 쉬지 않고 뛰는 대단한 장인데 엄마 뱃속에 있을 때 뛰는 심장은 조금 다른게 있어요 뭐가 되냐면 아까 말씀드렸던 오른쪽 심장과 왼쪽 신장은 이유는 폐순환을 한다고 그랬고 왼쪽은 전신순환 한다 그랬는데 엄마 뱃속에 있을 때는 파손이 필요가 없어요 왜냐면 숨을 못 쉬니까 엄마 양수 했을 때는 공기가 없으니까 손님 오셔서 엄마가 좀 혈액으로 온몸에 순환시켜 주거든요 그러니까 당연히 오른쪽 심장에서 뛴 지었다는 혈액은 갈 곳이 없어요 그거 알고 있었기 때문에 그 혈관을 동맥이 이호준은 동맥관이라는 엄마 뱃속에 있을 때만 존재하는 특성과의 존재에요 바이패스 하는 거 아니라고 보는데 반드시 거까지 필요하거든요 근데 이제 딱 밖에 출산이 돼서 밖으로 세상을 보고 숨을 크게 드셨을 때 그때 확정이 되면서 동맥관이 서서히 굳어지기 시작을 해요 그래서 나중에 없어져 버리거든요 당연하죠 왜냐면은 출산에서는 손으로 숨을 쉬어야 되니까 오른쪽 심장과 왼쪽 심장이 폐소형가전 신선하면서 서로의 피를 섞이지 않게 보내 줘야 되거든요 근데 동맥관이 계속 태어나서 나와 남아 있다면 피는 서로 성격에 될 것이고 압력에 높은 곳에서 낮은 곳으로 혈액이 잘못된 방향으로 흐르게 될테니까 그러면은 그 다음에 병이 생기는 거예요이 동맥관개존증 설명드린 이유는 완치되는 몇 안 되는 병 중의 하나예요 조기에 조개 검진만 된다면 수술이나 아니면 수술을 통해서 그 병을 거의 완치할 수 있어요 조기검진이 중요하거든요 두 번째로 설명드릴 병은 심장병이에요 후천성 심장병은 정말 다양한 병 했는데 우리 반려견 중에 가장 흔하게 발생하는 병인 이첨판폐쇄부전증 설명을 좀 해 드려 보려고 해요 이첨판폐쇄부전증은 역시 보시는 것처럼 이쪽이 왼쪽 심장 인데요 요렇게 필요게 받는 여자 심장이라는 공간있어요 폐에서 산소교환 않기로 여기다가 잠깐 모으죠 잠깐 모아서 아래로 내려 보내 주고 그리고 나서 판막 여기 있는 판박이 여기 있네요 여기 있는게 딱 닫아줘야 밑에는 근육이 정확하게 짜서 피를 온몸으로 순환 시켜주는데 나이가 들면서 감염을 받아서 판막이 약간 망가졌거나 아니면 나이가 들면서 자연스럽게 판막이 늙어 가는 거죠 늙어 가서 보게 닳거나 변성이 오는 거야 우리 어른들은 아실텐데 수도꼭지를 꽉 잠궜을 때 그 안에 고무가 오래되거나 딱딱해지면 아무리 확장보드 물이 한 방울씩 떨어지잖아요 되잖아요 그런 것처럼 입학도 나이가 들어가면서 똑바로 받아 주지 못 하면 피가 원래 넘어졌던 곳으로 영문으로 해요 그러면 이거 다 심방이란게 점점 점점 점점 점점 열 받아서 커지는 거죠 그렇게 압력을 받아서 커지면 이렇게 설명을 해 드려 볼게요 어 만약에 제부리 제부도 한번 잡아 주세요 제부리 이렇게까지 이렇게까지 키울 수 있거든요 근데 어떤 사람은 저보다 훨씬 더 볼을 빵빵하게 할 수 있고 어떤 사람은 저보다 훨씬 덜 깜빡 하지 못하게 해요 그러니까 개체마다 이보리 커질 수 있는 사이즈가 다른데 강아지도 마찬가지예요 20만개 꽂을 수 있는 사이즈가 다르고 신방에 울릉도 커져서 압력이 너무 높아지게 되면 너무 높아지게 되면 그러면 더 이상 심방이 피를 못 받겠다라는 시선으로 보내셨죠 그러면 그 피를 보내 주는 곳이 어디냐면 바로 패라는 곳이에요 심방으로 피를 넣어주는데 심방이 압력이 너무 높아져서 피를 못 받겠다고 하니까 얘가 인제 압력에 걸리는 거예요 폐가 안 걸려서 점점 점점 점점 커지는 거 줘 이렇게 바늘을 생겼을 거 잖아요 혈관의 벽이 점점 점점 커지는 거예요 우리가 풍선을 속에서 크게 불었을 때 그리고 빡 잘 묶어도 시간이 일정 시간이 지나면 다시 공기가 빠져나가서 다가 지잖아요 통장 고무의 구멍은 사람 눈에 안 보이거든요 분명히 사람 눈에 안 보이는데 그 고무고무 사이에 있는 가는 그 구멍으로 공기가 생각하는 거죠 마찬가지로 파열강도 구멍이 뻥 뚫리고 나방 터진 거는 아닌데 간격이란 구멍이 생겨서 그 사이로 물이 빠져나가요 그러니까 물이 빠져 나가면 빠져나간 곳이 어디예요 바로 패요테니까 소개는 못 해요 산 속에 오늘 못 하니까 호흡곤란이 와요 그래서 우리 심장병 가진 아이들이 많은 아이들이 호흡곤란 때문에 숨을 심지어는 비누 일본 n510 없는 없는 시마노허브 하게되죠 물론 이첨판폐쇄부전증 - 2 폐부종 폐수종이라는 병만으로 사망하는 건 아니고 기타장비 부정도 일어나고 순한 부종이 생기는 거에서 주요 자기도 많이 망가지고 많은 문제들이 발생을 해요 하지만 대표적으로 폐부종 연합회 수정으로 사망하는 경우가 워낙 많지요 발병기전을 설명드리자면 각각의 질병 질병마다 설명을 드려야 되는데 좀 어려운데 불티 굵직한 의미로는 지금 이런 기종들이 있을 거예요 여러분들께 이런 심장병에 기점과 심장병을 설명하는 이유는이 병의 진행을 하려면 아까 선천성 심장질환도 그렇고 부천성 심장질환도 그렇고 선천성심장질환 처음부터 있었잖아요 후천성 심장질환은 언젠간 생겨서 소수의 진행을 했잖아요 근데 보호자 님들이이 병을 알아 책에는 너무나 오랜 시간이 걸려요 왜냐면 증상이 나타나면 안 되거든요 사람 같은 경우 아미 생겼다 그러면 1기 2기 3기 때 과연 그 증상이 있을까요 자격증 상이 있어서 내 몸이 아픈 것도 눈치를 못 해서 병원에 못 가는 상황에 우리 반려동물이 증상을 보일 때까지 기다린다는 건 증상을 보였다는 건 사실 생각보다 병이 많이 진행을 해야 될 거라는 걸 안 쉬어요 결국이 강의를 들으시는 우리 시청자분들은 아 우리 반려동물들이 코비 나빠지고 운동 운동할 때 힘들어하고 뭔가 아이가 왜 이렇게 다운되고 이제 우리가 산책 너무 잘 나가는데 산책 나가는 자꾸 들어 보고 싶어 하지 물론 간절한데 이거 다른 사람도 있겠지만 심정지란 또 한번 생각을 해 보셔야 돼요 꼭 기침이 있어서 호흡곤란이 돼서가 아니라 그래서 가까운 동물 병원에 내원하셔서 아무리 못해도 1년에 한 번 정도 이상은 청진 하시기를 꼭 보내 드릴게요 심장병은 조기에 진단하는 병이에요 조기진단을 해서 관리하는 병이지 진단이 됐다고 해서 치료가 되는 병이 아니기 때문에이 강의를 들으시는 시청자분들은 아 조기진단을 해서 관리하는 경인운하 약을 먹고 치료가 되거나 나가 버리는게 아니구나 아 그러면 처음부터이 병을 알고 처음부터 혈압 약 먹 듯이 약을 먹고 관리를 해야 되겠네라고 생각해 주시면 좋을 것 같아요 감사합니다 [음악] 1년에 한번 청진으로 반려견을 신장을 지켜주세요 소리를 들려 줘 [음악] 안녕하세요 VIP 동물의료센터 심장 신장 센터에 김성수 원장입니다 반갑습니다 네 저 일단 오늘 아무래도 보자 분들께서 좀 관심 있으신 파트가 이제 제 파트 같은데요네 일단 뭐 식사게 없어서 지금 두근두근하트 체크 캠페인이 작년에이어서 올해 두 번째로 진행이 되고 있는데 실제 작년에 캠페인 이후에 정말 많은 보호자분들이 껴서 예수 안에 동물병원 그래 우리 아이가 심장병에 맞는지 문의도 하셨고 실제 검진도 오셨어요 그래가지고 저기 같은 경우에도 평소 같으면 이제 병원에 안 오실 그런 분들이 아이들을 심장병 같은 거 진짜 조기진단 하시기도 하고 기존의 다른 쪽으로 병원에 다니셨는데 심장검진 안 받으셨던 분들이 심장검진 하면서 이제 그 아이들이 좋아지는 그런 사람들이 많이 봤습니다 유익한 캠페인을 준비해 주신 한국베링거 동물의약품협회 와 한국 서예 심장협회 길이라서 감사하다는 말씀을 드리도록 하겠습니다 그리고 오늘 제가 맛집 파트는 내가 지곡지 중에서 두 번째와 세 번째라고 보시면 되겠습니다 이제 무등산 심장병이랑 조기진단 검진에 중요성에 대해서 말씀 드릴 건데요네 일단 뭐 뭐 책 어떤 사람인지 잠깐 들러 봤는데 많은 분들께서 데려가실 거기 때문에 옆에 이제는 넘어가도록 하겠습니다네 이제 저희가 오늘 선생님께서 이제 오늘이 빼빼로데이 자 이제 심장이 나오라고까지 얘기하셨는데 뭐가 얼마나 중요한 길래 심장의 날까지 이렇게 생겼을까 하는 부분인데 얼마나 중요하냐면 다음에도 표 좀 보실게요 다음은 이제 미국에 있는 놀이터 세단이라는 유명한 곳에서 이제 수천 마리의 반려동물들을 자상으로 아이들의 이제 사망원인 무료 이제 여기까지 순위를 매긴 그런 도표입니다 경우에는 너 예상하였다 해피 아이들의 사망원인 1위는 악성종양이 고산가 똑같죠 근데 대해서는 무료 이미 신장병 신분증이라고 보시면 되고요 고양이의 경우에도 이화 비슷해서 고양이는 위해서는 상대적으로 심장병에 대해서 좀 잘 모르시는 경우들이 많아요 근데 고양이의 경우에도 무료 사망원인 10중에 1위를 차지할 정도로 비율도 많고 특히 이제 사망률이 높은 되게 무서운 사람입니다 그래서 저희가 이제 오늘 심장이 나를 맞아서 그런 자리가 준비된 거고요 어제 가장 궁금해하시는 분들이 많은 부분인데 심장병 있는 환자들의 대표적인 임상증상이 뭐냐 하는 부분인데 화면에 보시면 크게 제가 6가지를 싶어 놨어요 개와 고양이의 따라서 이제 좀 차이가 좀 있고요 심장병 종류에 따라서도 좀 더 이제 증상이 좀 차이가 있을 수 있습니다 근데 아무래도 소형의 노령견이 압도적으로 많은 국내 상황이 있어서 이제 판만 병 왜 많이 궁금해 싶지 않아요 그런 아이들에게 주요증상은 다음에 한 여섯 가지 정도로 이제 설명할 수가 있을 텐데 6가지 증상들 중에서도 예를 들면 두 번째 후 관련된 거 손님 되게 가빠지거나 폐에물차면 했을 때 입을 벌리고 내가 헐떡헐떡 계곡을 한다든지 요런 경우들이 이제 가장 심한 증상 중에 하나로 보실 수 있겠고요 기침을 하는데 이게 좀 문제가 9분하셔야 대부분이 어린 아이들이 이제 감기 또 이제 기관지염 같은 거 걸렸을 때 재채기 콜록 에취 하고 여러분 제가 좀 달라서 목에 내 심장의 커지게 되면 기관지를 압박할 그게 마른 기침 속에서 내뱉는 게찜 보호자분들이 표현해 그러면 내가 천식에 걸린 거 같아요 담배 많이 태우시는 어르신 같아요 이런 식으로 하고 이제 속에서 올라오는 기침을 하게 되거든요 거는 기침 그다음에 실습이란 증상이 있어요 시즌 2 제 계좌에서 이상한 건데 큰일 드려요 세 발짝 정년 간질 이런 것들이 많이 아시잖아요 오른쪽에 신경계질환데 같은 경우에는 아직 아무것도 몸이 뻣뻣해서 주고요 대목인데 의식을 잃는 경우가 많지요 고개를 좌측에도 하고 보통 이제 지속되는 시간이 상당히 길다고 보시면 돼요 내 심장 병 환자들이 보이는 실수는 멀쩡하게 막 놀다가 갑자기 들어가져요 아니면 가만히 있다가 팩스로 근데 포장이 깜짝 놀라서 마사지도 하고 뭔가 막 하려고 하면 얘가 일어났어요 이제 자세하게 설명 드리면 어렵지만 심장병 때문에 생기는 실수는 나이 드신 어르신들이 제일 비싼 거 아시죠 누가 있을 때는 괜찮다가 나이가 드셔서 심장이 약해지거나 빌려 같은게 오게 되면 순간적으로 일어날 때 머리까지는 피가 도달하지 뭐 때문에 머리로 가는 산소나 혈뇨가 조금 부족해지면서 어지러워서 벽 같은 거 다 듣게 되는 거 영상 있잖아요 그 심장병 아이들이 보이게 전에 씨는 이제 그런 거랑 유사한 현상이라고 치면 돼요 딱 떨어지는 순간 심장이랑 머리높이 갖다 주면서 머리로 피가 가니까 바로 정신 차려야 되는 그런 현장인데 지금 여섯 가지 중에서 제가 설명드린 3가지 증상들은 이제 탈출 심장병 이라기보다는 심장병에 진행하는 상태 신부전 상태에 계단 증상이라 보시면 될 거 같고요 나머지 취급구분 활력의 떨어진다 얘가 좀 불안하고 예민하다는 부분들은 초기에 심장병증상 있으니 있지만 심장병에 생기는 의견들이 있어서 다른 증상과 유사하기 때문에 좀 감별이 어려우면 있습니다 근데 더 중요한 부분은 그나마 저런 증상이 있다면 오늘 제 강의를 들으시고 보다 못 느껴서 예의주시 해서 어느 정도 그 혹시 아닐까 의심이 할 수가 있는데 통화 단계에는 심장병이 있는데 증상이 없는 무증상 담겨 있다는 거죠 그래서 오늘 사실 제일 중요한 부분이 무증상 심장병이라고 치면 무증상 심장병 말 그대로 검사해보면 심장병 있어요 근데 아직까지는 초기 때문에 보호자 분들께서 증상을 전혀 알 수가 없네 증상을 느낌이 늦은 거예요 그래서 무증상 단계 아이들을 어떻게 조기에 진단하고 관리 할 것이냐 그 부분이 오늘의 제일 중요한 부분이라고 하겠습니다 저희가 이제 어느 정도 심장병 아이들 관리하시는 보자 분들은 다 잘 알고 계시지만 저희가 심장병에 변기를 나누는 부분은 미국 3대 거 같아 acvim 이라고해요 그쪽에 단계 따라서 영어 알파벳 b c d 이렇게 구글 하거든요 제비는 다시 B1 B2 나누게 되는데이 중에서 저희가 이제 무증상 단계 심장병은 바로 피 1단계 2단계가 보시면 됩니다 그러니 이뇨제를 먹어요 우리 아이가 혹시 콩팥 신부전을 걱정 돼 이렇게 막 걱정하시는 단계는 3단계 이상해 심부전 합니다라고 생각하시면 되겠습니다 그래서 다음 그림에 심장병에 어떤 변기 당신의 단계를 제가 간략히 설명을 될 겁니다 앞으로 박 원장님께서 어떻게 쉽게 잘 사용했었는데 눈으로 보면서 좀 더 보안 설명을 드리면 애기 단계 같은 경우는 아직 심장병이 없어요 심장병에 생길 가능성이 높은 고위험군이라고 생각하시면 됩니다 이러면 우리나라에서는 나이가 많은 소형견 패키지 말티즈 3 주 폰에 요런 이제 심장병에 잘생기는 품종들은 예의 주시하고 검진 해야 되는 단계의 단계의 선따라서 아직 병이 없기 때문에 치료할 필요는 없고요 주기적으로 관심을 갖고 이제 검진 하시는 거예요 다음 단계로 가시게 되면 기원과 B가 있는데요 비단게 있어서는 심장병 있어요 근데 문제는 아직까지 심장병이 많이 쓰네 하지 않았기 때문에 보호자분들이 괴사증상 날 수가 없고요 검진을 통해서 만날 수가 있는 단계입니다 그래서 이제 주기적인 검진이 필요한 단계고 다행스럽게도 계획 경우에는 대부분 판막 편이기 때문에 심장병 초기부터 성질만 해도 그 부분의 비율을 빨리 할 수가 있기 때문에 다니시는 병원에서 주기적으로 가서 형제임을 만에 하나 심장병 의심된다 그러면 내 심장 초음파의 보셔서 확진자 하신 다음에 통상 6개월에서 7개월 정도 간격으로 상태였다가 검진 안식일입니다 아직 예비교원 단계까지는 병에 초기 때문에 약을 쓰거나 아주 본격적인 관리 하진 않아요 하지만 검진하고 위험인자를 피하고 그다음에 일부 식이요법 이라든지 보조제를 쓰기도 합니다 오늘 제일 중요한 부분 인비토 단계는 심장이 많이 커졌어요 신부전시 단계로 넘어가 직전이에요 근데 아직까지는 보호자의 증상이 못 느끼는 직전 당겨받은 여기서 한 개가 신부전으로 서인호 드렸어야 되는데랑 아니 내랑 되게 미묘하게 때문에 검사를 정확하게 받으셔야 되고이 시기를 놓치지 쓰게 되면 응급실로 이게 되는 거죠 그래서 너무너무 중요한 단계라고 볼 수가 있겠습니다 그래서 여기 2단계 과거에는 7월 한다 안 한다 어떤 치료한다 되게 논란이 궁금했는데 이젠 그 분이 어느 정도 정리가 되어서 그에 대한 내용을 대해서 설명 드리고요 2단계부터는 앞에 하단 것들을 다 하면서 좀 더 자주 보고 강심장 야 글쓰기 시작하는 단계라 보시면 되고요 이미 심장병 있는 아이돌 보자 분들께서는 다음에 CD 단계를 걱정하실 텐데 여기서부터는 이제 사실 해야 될지도 오늘 않기 때문에 오늘 제가 한 15분 정도 불량 동안 설명드린 어려우나 다시 실제 이미 신부전이 발생 해서 이제 본격적인 관리가 필요한 단계 그 정도로 이해하시면 될 것 같습니다 자 그래서 다음 페이지들은 이제 그 많이 궁금해 하시는 심장병 환자 이제 증상들을 한 건데요 요거는 제가 오래 처리해 벌써 오래전이지만 320 말일 정도에 심장병 환자 들 보자 분들 대상으로 어떤 증상으로 병원에 오셨는지요 조사한 내용입니다 근데 보시면 압도적으로 많은 것은 기침이 많았고요 기침하니까 이상하게 병원에 오셔서 찾아낸 경우 주관적이지만 호흡의 갔던 건 보통 폐에물이차는경우거든요 요런 신부전증 사회 보는 경우가 가장 많았고 그의 다음과 같은 증상 들떠 있었습니다 근데 문제는 그냥 일상에서 검사하다가 아무런 증상이 없는데 발견된 경우 되어있었구요 비슷한 시기에 저랑 되게 친한 서울에 있는 다른 병원에서 조사한 내용 있는데요 한 60마리 대상으로 검사했고 E 조사에서는 46%가 무증상으로 판정이 되었어요 비슷한 회식인데 같은 나라에서 왜 이런 큰 차이가 있을까 나는 부분인데 하나는 이제 아무래도 저희 병원이 좀 더 노령에 상태가 안 좋은 애들이 왔다는 차이도 있겠지만 또 하나는 무증상 단계 환자를 어떻게 평가하고 어떻게 문제는 할 것이냐 하는 부분이 또 되게 중요한 포인트가 든요 그래서 초기단계 아예 무등산을 넘어서 초기단계 심장병 환자들은 교회 경우에 보시는 것처럼 시급이 좀 떨어져요 우리 애가 좀 잘 안 놀아요 잠을 잘 못 자고 좀 불안해요 예민해졌어요 이런 대게무한 증상이 나타났을 때 최고 어떻게 B 기적이고 처음 시작은 알기 때문에 알 수 없기 때문에 주기적인 청진과 검진이 무척 중요하다고 뵙겠습니다 그리고 그리고 이제 저희가 이제 아무래도 오늘 캠핑에는 이제 굉장히 되게 좀 더 추가될 거기 때문에 집사님들 위해서 제가 고양이에 대한 내용을 페이지정보 넣어봤는데요 계산기는 심장병에 큰 차이는 대부분의 심장병 병 신분증이 심장이 커지고 물이차고 해서 이렇게 돌아 아빠 계속 기침을 한다든지 하는 좀 더 증상이 뚜렷하고 물을 빼야 되니까 이뇨제를 써야 되고 심장의 커지니까 자존심을 증가시키기에서 강승재를 쓰고 이런 성질에 병이 많은 거고요 고양이 같은 경우는 심장이 두꺼워지는 왜 비대성심근증 일한게 많이 생기는데 고양이는 원래 증상도 숨기고 심장이 터지는게 아니기 때문에 기침 하지도 않고 훨씬 더 알아내기 어렵습니다 그리고 고양이 임상증상은 내 다음 거 같고 가뜩이나 증상을 숨기는 고양이에서 서초구 심장병 있을 때는 무증상이거나 기껏해야 그룹미 너 잘 안 하거나 잘 안 놀거나 낚시 같은 거 해 주게 되면 내가 좀 더 귀찮아 하거나 이런 정도의 증상이 있다가 좀 더 특징적인 증상으로 고양이들도 강아지처럼 해물 교체하고 형수가 차거든요 숨이가빠 준다든지 잘 아시는 뒷다리 마비가 오는 혈전증 고양이도 씨는 수도 있어요 개보다는 고양이 심장병 특성상 고양이가 이런 증상을 보인다 하면 훨씬 치명적이고 단기간에 사망하게 때문에 고향에서 이런 심장병을 다른 말로 침묵의 암살자 사일런트 켜라 이렇게 부르기도 합니다 지금 여기서 간단한 이벤트가 채팅창이 달라고 해도 된대요 저희가 제경우에는 청지기 너무너무 중요한데 고양이에게 오후에서 그럼 충분히 과연 어느 정도 중요한가 하는 부분입니다 물론 답은 중요합니다이지만 건강한 고향에서 과연 이제 있으면 심장이 상철이가 어느정도 확률과 통계 될 것이라는 부분인데요 답을 맞춰주시면 아마 경품 나갈 겁니다네 설명드린 동안 이제 답 들어오라고 해 줄 테니 네가 답을 바로 설명드리면 답은 무료 3번예요 그냥 건강하다고 생각되는 고양이에서 짧게는 내 말에 중에 하나 크게는 두 마리 중에 하나가 심장이 상속인이 확인된다는 거야 다만 계란 세 개 고양이 경우에는이 부분이 반드시 심장병 의미하지는 않기 때문에 고향에선 추가적인 다른 검사기 좀 필요해서 뒤에서 설명 드릴 거고요 그래서 무증상 심장병에 중요한 이유는 2단계 심장병을 만약에 저희가 찾아내게 된다면 무료 15개월 사람은 60% 정도 1시간은 가이드 수명을 사람으로 대패 보게 되면 무료 8년에서 9년에 가까운 승냥이 연장하기 때문에 입이 1단계 B 단계에서 심장병을 찾아내는게 너무너무 중요한 거고요 그리고 네 그리고 요번에 2016년도에 제가 크로아티아에 갔을때 전세계에 내 심장 전문 선생님들이 모여서 하시는 1년에 한 번씩 하는 세 개 내 심장 확실한게 있어요 거기서 흑역사 상으로는 상당히 중요하게 이제 다루어진 에픽스타 뒤에다는 연구 인데요 연구결과에 의하면 아래쪽에 빨간 그래프를 보시게 되면요 초기단계 무증상 단계에서 관리를 잘 하지 않은 7월 하지 않은 아이들 같은 경우에는 심부전으로 넘어가는 것이 보통인데 엄마네 일어나는데이 정도면 아주 긴 시간을 아니에요 그런데 문제는 2단계부터 진단을 하고 관리 시작하면 심부전으로 넘어가는 단계가 3년반으로 무료 60% 연장된다 똑같은 심장던 앓고 있다고 해도 운이 좋아서 수명이 연장되면 더 좋은 거고요 하다못해 수명을 연장하지 못할지언정 약을 안 먹거나 조금이라도 부담이 적고 편한 약을 먹으면서 아이가 15개를 더 살 수 있다면 무척 가치는 얘기 때문에 무증상 단계 심장검진 관절 찾는게 무척 무척 중요하고요 그래서 무증상 심장병 날 수 있는 중이야 먹은 나이가 들수록 듣겠어 연결되도록 심장병 발생위험이 크니까 그걸 조심하셔요 주의 하셔야 되고 계획 경우에는 그나마 다니시는 병원 선생님과 상의 6주기 조청 진행하시면 비교를 빨리 알 수가 있습니다 고향에 경우에는 이런 방법을 알 수가 없기 때문에 심장 바이오마커란 것을 많이 사용하고 있는데요 네 그래서 요쪽은 저희가 이제 통상 병원에서 심장병 검진을 위해서 사용하는 사람들의 좀 나을 해드렸는데요 첫 번째 이제 청진 두 번째 혈압 세 번째 심전도네 번째 엑스레이 마지막 심장 초음파입니다네 각각의 검사방법들은 다 필요한 검사 수단이지만 앞에 설명드렸듯이 고향에 경우에는 정상적인 고향에서도 심잡음이 되는 경우도 있고 반대로 심장병이 없는 아이들 같은 경우에도 이렇게 되는 경우도 있기 때문에 이제 이런 검사 수단들을 다 하는 것은 좋지만 결과적으로 확진을 하려면 심장초음파를 하셔야 되는 거예요 심장초음파를 한다고 치면 강아지들도 그렇지만 많은 보호자 분들께서 계십시오 시간적인 되십시오 스트레스에 민감한 고양이의 경우에는이 부분이 많이 걱정 되시기 때문에 처음부터 이거 하는게 쉽지가 않고요 그래서 이제 저희가 심장 바이오마커란 것을 많이 활용하겠습니다 심장 바이오마커를 원래 몸에서 분비되는 이런 물질인데 심장병에 생기게되면 그의 비례해서 몸이 살아남기에서 분비하는 물질 때문에 상당히 정확하고 심장병이 생기면 심장병 변기가 이렇게 올라가면 올라갈수록 비데에서 수치로 올라가게 됩니다 또 하나 좋은 점은 보시면 변기에 따라서 일정하게 수치가 올라가는 것을 보실 수가 있구요 나중에 7월 잘해서 심장쪽에 부담이 줄어든다면 다시 줄어들기도 하기 때문에 계경 외부에서 증상을 숨기고 청진 상으로도 알기 어려운 고양이에서 선택해 초기진단 할 때 바이오마커 검색하라는게 검진 항목으로서 무척 중요하다고 보시면 되겠습니다 그리고 뭐 여담으로 저희가 심전도 사람들의 검정 하면 무조건 신도들 하잖아 그렇죠 근데 동문회에서 내 심전도에 대해서는 비용이 때문인지 스트레스 때문에 이상하게 보호자 분들도 필요성을 잘못 느끼시고 병원에서도 안 하는 경우가 많거든요 말씀드리고 싶은 거는 지금 무증상 단계인 아이들도 부정맥의 생기고 심장병에 진행할수록 부정맥의 증가하는데 그래도 아이들 급사의 원인이 되어 그래서 똑같이 2013년도에 미국내과학회 서영관 조사에 따르면 282 말이야 고양이에서 충전을 해 놨더니 무료 세 마리 중에 하나 정도가 이미 부정맥이 있다라는 언제 사실 드렸고요 국내에 경우에는 작년에 수학적으로는 엄청난 후져요 무료 1200만의 개 고향을 대상으로 어떻게 저희 병원에 있는 사장이 원장님께서 조절하시는 내용인데 간다는 결과를 보여 드리면 제 경우에 좌측은 나이가 어린 애들 오른쪽에 나이가 많은 애들이 인데요 나이가 많을수록 거기에 비례해서 부정맥의 많이 생각한 것을 볼 수가 있고 보시다시피 한 열 살 정도 되면게 경우에는 다섯 마리 중에 한 마리 고양이 덫 중이에요 열 살 정도 되면 세 마리 중에 한 마리 12살이 넘어서면 거의 두 마리 중에 한 마리가 부정맥의 생기기 때문에 심전도검사를 꼭 하셔야 된다 그런 말씀을 드리고 있고요 그리고 이제 심장병은 나이가 많을수록 위험하고 소용반점 일수록 발사기를 높구요 나이가 많아질수록 기하급수로 생각하게 되는데 주요 품종은 설명드렸듯이 나이가 많은 소형견종입니다 그리고 이제 저희가 제일 궁금하신 분은 이제 우리 애들 어떻게 오래 살려고 어떻게 관리할 건강한 부분인데 이번에 변기에 따라서 관리 내용이 틀리고 심장병 했다던 틀리기 때문에 짧은 팔 통합모드 설명 드릴 순 없어요 근데 중요한 것은 심장병을 조개 찾아내고 조기 관련 시작하는 거기 때문에 일 년에 한 번 정도는 꼭 병원에 방문하셔서 청정도 해보시고 이상이 있다면 심장초음파를 하시는 것을 추천드리고요 나중에 2회전에서 반려견의 심장건강을 관리하기 위한 탭을 조금 더 자세히 설명 드릴 수 있으면 좋겠습니다 그리고 혹시 짧은 시간 동안 이제 실제 심장병 아니라 관리하고 계시거나 좀 더 좀 많이 병원에 가면 보자 분들께서는 이제 이거 평이한 내용들 보다 더 많은 정보가 필요하신 겁니다 그래서 헬스경향 쪽에 제가 이전에 케이블 한 건데 심장병 진단이나 약을 쓰는 거 부작용도 심장병 아이디로 오래 살리는 7가지 여러분들도 한번 읽어 보시고요 그리고 저희 센터 홈페이지 들어가 보시면 이렇게 저희 자체 제작한 유튜브 컨텐츠들이 있어요 유튜브에서 저희 병원 콘텐츠들도 많이 활용 하시대 그 중에서 제가 오늘 다루고 있는 반려견 심장병에 대해서 유튜브처럼 한게 있기 때문에 이런 것도 좀 참고해 주시면 좋겠습니다 제가 섹션에 시간이 다 돼서 급하게 마무리 짓도록 하겠습니다 반려동물의 신장질환은 나이가 들수록 발상의 되게 끝나고요 특히 특정 품종에서 더 잘 생깁니다 정확한 진단과 치료를 통해서 비교적 오래 살릴 수 있기 때문에 너무 고민하지 마시고 조기진단 하셔라 난 말씀드렸고요 그리고 무증상 단계 심장병을 치료가 일을 시작하면 평균적으로 15개월 사람으로치면 8년에서 본연의 생명연장에 가능하기 때문에 미리 미리 성실하시고 조기 쓴다는게 너무나 중요하다 말씀드리고 싶고 요새는 이제 정보의 홍수 시대잖아요 보호자 분들께서 너무나 많은 정보를 알고 계신데 그분은 객관성이 떨어지거나 근거가 저건 얘기 많이 퍼져서 올바른 치료를 하는 경우도 있습니다 그래서 회사가 상의하시고 지금도 설명회 드린 것처럼 정확한 정보를 캡처해서 우리 아이들을 현명하게 관리 하신다면 좀 더 긴 시간 동안 오랫동안 행복하게 잘 지내실 수 있을 거라고 기대를 해 봅니다 이상으로 마치겠습니다 다음 기회에 뵙겠습니다 감사합니다 저 심장병은 증상이 많습니다 1년에 한 번 청진으로 반려견을 심장을 지켜주세요 소리를 들려 줘 [음악] 안녕하세요 저는 개와 고양이의 영향을 공부하는 수의사 조우재라고 합니다 두근두근하트 캠페인 다들 참석해 주셔서 오늘은 심장질환과 관련되어 있는 영양학에 대해서 정보를 나누도록 하겠습니다 저는 지금 영향을 공부가 하고 있고 고양이 영양학이라고 하는 책을 접수를 했습니다 내년에는 강아지 영양학을 접수하려고 하고 있습니다 대부분의 내용들이 여기에서 좀 나와 있는데 여러분들이 심장병을 가지고 있는 한 축을 가지고 있다 라면 송부할 내용들이 좀 있을 것 같습니다 나의 문이라고 하는 글자가 보이는데 어느 관점에 보느냐에 따라서 문으로 이렇게 기도하고 옴으로 이렇게 기도합니다 마찬가지로 6이라는 숫자를 보면서 어떤 사람은 욕이라고 주장을 하고 어떤 사람은 뭐라고 저장을 할 수가 있습니다 영양학을 공부할 때는 사람의 눈높이에서 이해하는 것이 아니라 동물의 눈높이에서 이해 하시는 것이 좋습니다 영어로 여기 안쓰럽고 몰핀 중이라고 나와 있는데 우리가 개와 고양이를 볼 때 개와 고양이로 보지 않고 이제 사람으로 보게 되면 대상을 의논하기 쉽게의 할 수가 있습니다 왜 그러냐면 세 사람 음식 이라든가 이런 것들이 내가 맛있으니까 얘네들도 맛있을 거야 해서 같이 공유를 하게 되는데 어떻게 심장 질환이 있는 애들 같은 경우에는 음식을 공유해서 도움이 되는 것들도 물론 있겠지만 오히려 해가 되는 것들이 많이 있기 때문에 오늘 강의를 참고하시면 좋을 것 같습니다 자 이렇게 사람으로 보여 달라고 하는게 이게 문제가 되는 거고요 옛날 사진이긴 하지만 개를 대상으로 생일 파티를 한다든가 이런 것들이 대상의 의사 때문에 이루어지는 것이다라고 말씀드릴 수 있습니다 질문중에 이러한 것들이 있습니다 사료가 자지 않나요라고 이제 질문을 받는다면 심장질환과 나트륨함량 같은 경우는 어느정도 상관관계가 있는데요 아마도 심장질환이 어느 단계에 나 따라서 처방 시계 필요할 수도 있고 처방 시계 필요하지 않을 수도 있습니다 근데 이제 음식에 대해서 짜다 짜지 않다 이렇게 얘기하는 것이 어쩔 땐 맞지 않을 때가 있습니다 왜냐하면 나트륨 함량이 정상인 그 수치를 알아야지 이게 짠지 안산 줄 알 수 있는데 사람 기준으로는 확인할 수가 없습니다 그래서 동물 대상으로 개와 고양이 대상으로 어느정도 함량이 정상 함정인가 이거를 afco에서 해 대학교에서 기준을 3 왔는데요 적어도 0.1% 이상은 음식물에 나트륨함량이 있어야지 정상이다 욕을 얘기를 하고 있고 일반적으로 심장 쳐 방식으로 나오는 차 방식들은 나트륨함량이 최소량 0.1%의 수렴하게 되겠습니다 자 선물을 하나 드리겠습니다요 두 개의 모식도를 보고서 틀린그림을 한번 찾아 보시기 바랍니다 하나는 사람 죽이고 하나는 게스킨 모식도이다 우리가 더우면 땀을 흘리게 되는데 맑은 땀을 흘리게 되죠 그런데 개와 고양이는 맑을 땀을 흘리게 보다는 약간 기름샘 땀을 흘리게 됩니다 기능성 땀 흘리게 때문에 사람처럼 맑은 땀을 흘리면서 나트륨을 배추를 할 이유가 없습니다 그래서 사람의 음식들은 조금 고염식이라고 이렇게 보면 되겠습니다 그래서 우리가 음식에 간을 해야 된다라고 얘기하는데 강아지와 고양이 간식은 가니 그렇게 많이 되지가 않습니다 사람은 술 많이 먹이지 마 10시 오라고 하는 이유가 바로 여기에 있습니다 그래서 특히 심장 질환이 있는 애들은 나트륨 함량이 높은 음식들을 피하시는 것이 좋습니다 나트륨 함량을 제가 왜 그랬을까 0.1%가 제일 최소 요구 하는 양인데 어느 정도까지 늘리는 야라고 했을 때 보통 음식의 2.5% 이상은 높이를 않습니다고 사이에 있을 때 정상적인 나트륨 함량이 다 그렇게 얘기를 하고 있고요 0.1% 보다 훨씬 더 적게 된다 그러면 더 형식의 더 많이 가는 거죠 그런 것도 오히려 건강에 해로울 수가 있습니다 그래서 영양학 일하고 가는 것은 다다익선이 아닌 과유불급이다 이렇게 설명을들을 수가 있습니다 다음 슬라이드는 이런 거 줘도 돼요 다른 거 줘도 돼요 고구마 줘도 돼요 양배추 줘도 돼요 이런 질문을 많이 받게 됩니다 우리가 사전 질문을 많이 받았는데 이제 그런 음식들 중에서 피해야될 음식들이 있습니다 사람이 먹어도 괜찮지만 걔하고 고양이한테 먹어서는 안 되는 음식 그래도 이제 좀 주고 싶다 라면 어느 정도 허용치를 얘기를 하게 되는데 전체 칼로리에 10% 이내에서는 허용이 가능합니다 대부분의 걔들이 4키로에서 5kg 많이 아파요 6 킬로 정도 밖에 안 되기 때문에 하루에 허용되는 간식 양은 새끼 손가락 두 마디 정도가 되겠습니다 그래서 간식 같은 것들을 줄 때는 상당히 새끼손가락 두 마대 이하로 줘야 된다라는 거를 머릿속에 명심하시고 공유해 주시면 되겠습니다 자 음식에 대해서 식물성 단백질이 있고 동물성 단백질을 있는데 어떤 문제 보호자분들이 동물성 단백질을 상당히 좋다고 여기는 경우가 많이 있습니다 그 이유는 특정 아미노산이 동물성 단백질을 많이 포함되어 있기 때문입니다 물론 식물성 단백질 해도 콩단백질 같은 경우에는 육류 못지않게 아미노산 비율이 상당히 좋은데요 심장 쳐 방식을 왜 먹어야 되나요 이런 질문에 보면 어떤 특정 아미노산의 함량을 좀 올리게 되었습니다 아르기닌 이라든가 엘카르니틴 여름 한양대를 들리게 되는데 어떻게 배합하면 될까요라고 하는 질문에는 나중에 따로 추가질문 시간에 답변을 드리도록 하겠습니다 다 그러면은 고기를 주면 어떤가요라고 이렇게 많이들 물어봅니다 심장질환의 고기 많이 들어가 있는 아미노산이 심장질환에 도움이 된다라는 사실을 알게 되면 고기를 주고 싶어 하는 욕구를 가진 오자 님들이 많은데 아미노산 측면에 있어서는 심장 질환에 상당히 도움이 되겠지만 순살코기를 주게 되면 여기 빨간색 박스에 잘 보일 듯이 칼슘과 인수치가 밸런스가 깨지게 됩니다 보통은 이게 일대일 2-1 정도로 칼슘이 조금 더 많게 들어가는 것이 정상인데 닭고기 라든가 닭 가슴살 그리고 소고기 이런 것들은 보시면 칼슘의 뒤에서 인해 함량이 보통이 20대이상 많이 들어가 있어서 노령견이 다 혹은 노령묘 다 그러면 순살코기로 만든 식당들은 좀 피해야 되고요 그래도 먹이고 싶다라고 한다 라면 전문가의 상담을 받으셔서 칼슘과 인의 비율을 좀 조절을 해서 먹이는 것이 좋습니다 생식의 대해서 물어보신 분들이 많이 있더라고요 그래서 제가 이 슬라이드를 준비했습니다 다 그레인프리에 대해서 질문 많이 해 주십니다 심장병과 관련이 있지 않습니까 한 몇 년 전에 FDA에서 발표를 했죠 dcm이라고 하는 심장질환을 연구를 해 보니 그레인프리 식단을 먹인 개와 고양이에서 내 심장 질환에 유병률이 상당히 높았다라는 발표가 있었습니다 그 발표가 있고 난 뒤로 좀 많이 발칵 뒤집혔다 그래서 향해 보호자분들이 그레인프리 라든가 글루텐프리 곡물이 안 들어가 있는 요런 식당들을 먹이다가 갑자기 닫아버리고 이런 사태가 일어났었는데 다 이런 사태가 왜 일어나느냐 어 뭐가 들어가 있으면 좋고 뭐가 들어가 있지 않으면 나쁘다 이런 2분법적인 생각에 개인 하게 되면 그래니 들어가 있으면 좋고 안 들어가 있으면 나쁘다 이렇게 얘기를 하는 건데 심장질환과 큰 연관관계는 없다 이렇게 발표는 됐습니다 물론 그레인프리 다이어트 중에서 타우린함량 이라든가 바이타민 함량이 너무 부족하거나 어떤 영양소가 특별히 많이 들어 갈거나 이런 것들이 영향을 끼치지 않았냐 나는 이제 작은 의견들도 있었지만 그레인이 들어갔다 안 들어가 따로 심장병에 걸리냐 안 걸리냐 늙을 판단하는 것은 좋지 않다라고 이제 전문가들의 의견을이 많았고 이런 것들인데 선천적에서 기인하는 것들이 있는데이 먹거리를 1년 먹였다 인연 먹였다라고 해서 심장질환이 생긴다 안 생긴다라고 하는 것은 일반 성급한 일반화의 오류 다 이렇게 이제 밝혀져 있고요 다 그러면은 그레인프리를 왜 사람들이 왜 좋아하냐면 요거 때문에 그렇습니다 사람들은 어떤 글루텐이라고 하는 것이 들어가게 되면 복통을 앓거나 데굴데굴 구르는 색채현상 세력비 주라고 하는데 서양사람들은 이게 500명 당 1명꼴로 이렇게 발생을 한다라고 합니다 그래서 이걸 한 번이라도 알았던 보호자분들이 개하고 고양이를 키우게된 너라면 글루텐 이라든가 그래니 들어가 있게 되면 내가 힘든 것처럼 개와 고양이 더 힘들 것이다라고 해서 그레인프리 다이어트 하든가 글루텐프리 다이어트를 요구하는 경우가 많이 있습니다 사람에서 인제 개인 됐더라고 볼 수가 있구요 검은 걔하고 고양에서 실제로 글루텐 이라든가 글에 대해서 문제가 있었는가 걸 조사를 했는데 대해서는 있었습니다 어떤 애들이라면 아이리쉬세터 라든가 잉글리쉬세터 같은 애들은 일부 애들이 글루텐이 포함된 식단을 먹었을 때 좀 설사를 일으켰다 복덩어리 일으켰다 요런데 연구결과가 있고요 고향에서는 증상이 밝혀지지 않았습니다 네 뱃살 약 기절하고 얘기하기도 합니다 그래서 아이리쉬세터 잉글리쉬 회사에서는 나타나 썼는데 다른 애들은 그렇지 않았다라고 연구결과 밝혀져 있고요 그럼 고양이는 어떤 그냥 고양이도 마찬가지입니다 글루텐 이라든가 그래니 들어가 있는 경우에 반드시 복통을 일으키거나 반드시 알러지가 생기거나 그런 애들이 일반화 대전 않는다 이렇게 밝혀져 있습니다 오히려 닭고기 라든가 소고기 라든가 돼지고기 라든가 이런 단백질로에 알러지가 많이 발병 했었었다 이런데 연구 결과도 나오고 있습니다 사람들은 많이 좋아하는 원 제주아가 먼저 제가 있는데 고구마 라든가 현미 이런 것들 그다음에 완두 탑 효과 이런 것들이 들어가 있으면 좋고 아니면은 나쁘다 이렇게 돼 있는데 영양 아 그렇게 단순하지가 않습니다 어떤 원료들이 들어가서 영양소의 밸런스가 어떻게 돼 있는지 그리고 그 밸런스를 조정하는 것이 바로 쳐 방식이다 그렇게 말씀을 드릴 수 있습니다 재밌는 사진을 하나 보여 드릴게요 나 여기 보시면 요런 이제 그레인프리 다이어트 많이 보셨죠 그런데 우리나라의 수입 되고 있지는 않지만 그 FDA에서 발표를 하고 나서 그렇게 저기 우측상단에 보시게 되면 그 프렌들리라고 하는 사료가 출시가 되었습니다 캐나다의 출시된 하는데 어떤 시점이 나의 따라서 그래니 들어가 있으면 좋고 그래니 들어가 있으면 나쁘다 이렇게 이런 판단은 영양학적으로 저는 맞지 않다고 생각합니다 그래서 대전 홍상수 감독 님이 했던 그때는 맞고 지금은 맞고 그때는 틀리다 뭐 이렇게 판단할 수가 없다는 거죠 지금 심장 질환이 있는 애들한테 어떤 음식을 줘야 되는 야라고 했을 때 요거는 각각의 조치들이 많이 판단을 하실 거 같은데 일단 심장질환은 어떤 단계인 야가 먼저 진단이 되어야 됩니다 그 진단 결과에 따라서 저염식이 필요한 경우에는 쳐 방식을 그리고 특정 이제 간식을 주고 싶다라고 했었을 때는 대처방 간식 같은 것들을 줄 수 있다 하라고 할 수가 있구요 아까 전에 퀴즈 답변에 맞추신 분들은 저희가 우측에 보이는 타이타닉이라고 하는 심장 질환에 도움이 되는 처방 간식을 다 보내 드리도록 하겠습니다 여기까지 하고 광고 듣고 실시간 표현해 시간을 갖도록 하겠습니다 이상 후에서 도우셨습니다 저 심장병에 무증상인 경우가 많습니다 그렇기 때문에 매년 정기검진이 필요하세요 엄마 무슨 상이 뭐야 [음악] 증상 그건 아픈데 아픈지 모른다는 뜻이야 왜 안 오냐 위는 건강해 [음악] 엄마 말씀 바쁜데 왜 당신 병원서 받았냐고 저 먼저 만들면 심장 남자 [음악] 알았어 알았어 엄마가 나 지금 바뻐 끊어 [음악] 심장병에 무증상 어쨌다는 거야 [음악] 우리 둘이 심장소리 괜찮아 괜찮지 초기 신장병은 겉으로 봐서는 알 수 없습니다 심장병은 소형견 일수록 조심해야 하는 질병으로 나이가 들수록 심장병 발생률도 높습니다 심장병 검사 어렵지 않습니다 간단한 청진으로 신장병 유무를 확인해주세요 아프면 안 돼 [음악] 건강이 최고지 달력은 내 심장 건강을 위해 지금 전화하세요 [음악] 함께 더 많은 시간을 보내고 함께 더 많은 이야기를 만들고 함께 더 많이 놀 수 있는 시간을 위해 [음악] 내 심장 소리를 들려 줘 1년에 한 번 성진이도 달력에 써 주세요 한국 베링거인겔하임 그리고 배트맨 공익성 반려견 신장건강 캠페인,
68,https://www.youtube.com/watch?v=oqoL3kLt1Hk,oqoL3kLt1Hk,[Private video],,,"first=DownloadError: ERROR: [youtube] oqoL3kLt1Hk: Private video. Sign in if you've been granted access to this video. Use --cookies-from-browser or --cookies for the authentication. See  https://github.com/yt-dlp/yt-dlp/wiki/FAQ#how-do-i-pass-cookies-to-yt-dlp  for how to manually pass cookies. Also see  https://github.com/yt-dlp/yt-dlp/wiki/Extractors#exporting-youtube-cookies  for tips on effectively exporting YouTube cookies; second=VideoUnplayable: 
Could not retrieve a transcript for the video https://www.youtube.com/watch?v=oqoL3kLt1Hk! This is most likely caused by:

The video is unplayable for the following reason: This video is private

Additional Details:
 - If the owner of this video has granted you access, please 
 - sign in
 - .

If you are sure that the described cause is not responsible for this error and that a transcript should be retrievable, please create an issue at https://github.com/jdepoix/youtube-transcript-api/issues. Please add which version of youtube_transcript_api you are using and provide the information needed to replicate the error. Also make sure that there are no open issues which already describe your problem!"
69,https://www.youtube.com/watch?v=Wf-pvbRVidI,Wf-pvbRVidI,[Private video],,,"first=DownloadError: ERROR: [youtube] Wf-pvbRVidI: Private video. Sign in if you've been granted access to this video. Use --cookies-from-browser or --cookies for the authentication. See  https://github.com/yt-dlp/yt-dlp/wiki/FAQ#how-do-i-pass-cookies-to-yt-dlp  for how to manually pass cookies. Also see  https://github.com/yt-dlp/yt-dlp/wiki/Extractors#exporting-youtube-cookies  for tips on effectively exporting YouTube cookies; second=VideoUnplayable: 
Could not retrieve a transcript for the video https://www.youtube.com/watch?v=Wf-pvbRVidI! This is most likely caused by:

The video is unplayable for the following reason: This video is private

Additional Details:
 - If the owner of this video has granted you access, please 
 - sign in
 - .

If you are sure that the described cause is not responsible for this error and that a transcript should be retrievable, please create an issue at https://github.com/jdepoix/youtube-transcript-api/issues. Please add which version of youtube_transcript_api you are using and provide the information needed to replicate the error. Also make sure that there are no open issues which already describe your problem!"
70,https://www.youtube.com/watch?v=Na7JSGSF6zg,Na7JSGSF6zg,[Private video],,,"first=DownloadError: ERROR: [youtube] Na7JSGSF6zg: Private video. Sign in if you've been granted access to this video. Use --cookies-from-browser or --cookies for the authentication. See  https://github.com/yt-dlp/yt-dlp/wiki/FAQ#how-do-i-pass-cookies-to-yt-dlp  for how to manually pass cookies. Also see  https://github.com/yt-dlp/yt-dlp/wiki/Extractors#exporting-youtube-cookies  for tips on effectively exporting YouTube cookies; second=VideoUnplayable: 
Could not retrieve a transcript for the video https://www.youtube.com/watch?v=Na7JSGSF6zg! This is most likely caused by:

The video is unplayable for the following reason: This video is private

Additional Details:
 - If the owner of this video has granted you access, please 
 - sign in
 - .

If you are sure that the described cause is not responsible for this error and that a transcript should be retrievable, please create an issue at https://github.com/jdepoix/youtube-transcript-api/issues. Please add which version of youtube_transcript_api you are using and provide the information needed to replicate the error. Also make sure that there are no open issues which already describe your problem!"
71,https://www.youtube.com/watch?v=vLkHknMS2Uo,vLkHknMS2Uo,You won't get burned if you step on calcium chloride? l Check out our pet life issues 🕵🏻‍♂️ l Beh...,설채현의 놀로와 ,재설재로 화상 안 입어 그런데 화상이 안 입는다고 우리 아이들한테 문제가 안 되냐 네 안녕하세요 설친이 여러분 설치현 수의사입니다 이번 시간에는 최근에 좀 이슈가 되고 있는 뉴스나 사건들에 대해서 한번 말씀드려 보려고 하는데요 얼마 전에 이런 뉴스가 나왔습니다 댕댕이 산책 시킬 때 염화칼슘 밟으면 화상 입나요 진실은 달랐습니다 그래서 저도 한번 이렇게 봤죠 뭐 이런 내용들입니다 사실이 아닌 것으로 밝혀졌다 관련 연구가 없어서 그 누구도 확실히 단정지을 수는 없지만 화산까지는 어렵다고 본다 뭐 이렇게 얘기가 나오면서 결론이 어떻게 났냐면 이렇게 끝났어요 그러니까 약간 느낌이 어떤 느낌이냐면 재설재로 화상 안 입어 너네가 오버한 거야 재설재 위험한 거 아니야 신경 쓰지 않아도 돼 약간 이런 느낌으로 끝난 거예요 그래서 이거 뭐지라는 생각이 들었어요 우선 염화칼슘 화학식으로 CA cl2 염화칼슘의 원리 자체가 수분을 만나면 발효를 해요 열을 발생시키면서 눈이나 얼음을 녹이게 됩니다 근데 그 온도가 아무리 높아도 그렇게 높게 올라갈 수는 없어요 얼음녹이는데 막 화상 입을 정도의 온도가 필요한 건 아니잖아요 그런데 이제 제가이 뉴스에 걱정이 되는 건 뭐냐면 화상은 안 입는다 그런데 화상이 안 입는다고 우리 아이들한테 문제가 안 되냐 그게 아닌데 마치 문제가 아닌 것처럼 오버하지 말라는 것처럼 느껴진다는 거죠 이걸 보면서 어떤 분들은 아 화상 안 입는데 괜찮아 하고 염화칼슘에 대한 걱정을 안 할 수도 있기 때문에 제가 좀 정확한 정보를 드리기 위해서이 영상을 찍고 있습니다 그래서 한번 찾아봤어요 미국 같은 경우에는 펫 포이즈닝 센터 같은 것들이 많아요 독성과 관련된 정보를 주거나 조언을 해주거나 상담을 해주는 기관들이 있어요 왜냐하면 우리나라처럼 동물병원에 접근성이 좋지 않습니다 차를 타고 한참 가야지 동물병원이 있고요 우리나라가 좁은 면적의 좁은 인구에 비해서 동물병원이 되게 많은 나라에요 거기다 24시간 동물병원도 그 비율이 상당히 많은 나라에요 미국 같은 경우에는 그게 안 아니기 때문에 인터넷에서 서칭을 해본다거나 아니면 이런 전문 기관들이나 약간 도와주는 그런 기관들에 대해 전화를 해서 물어봐요 한 라인도 있고 헬프라인도 있네요 근데 제가 그때이 헬프라인을 본 거 같은데 자 여기 정보를 보면 재설재가 종류가 되게 여러가지에요 이렇게 다 있는데 그래서이 염화칼슘을 보면 칼슘을 염으로 사용한 이런 물질들이 재설재 중에 가장 위험하다라고 얘기하고 있습니다 어떤 부분이 위험하냐 우선 첫 번째 먹었을 경우에 심각한 소화기계 증상을 일으킨다 단 많이 먹어야 돼요 두 번째 피부에 자극을 줄 수 있다 화상 정도가 아니라 피부에 닿았을 때 간지럽거나 발적 빨갛게 바뀐다거나 염증이 생긴다거나 그런 것처럼 피부 자극을 일으키거나 먹었을 때 소화기계에 문제를 일으킬 수 있기 때문에 조심해라라고 하는 거죠 근데 뭐 사실 이게 염화칼슘이 맛있는 것도 아니고 왜 먹느냐 우리 아이들이 신발을 신지 않고 나갔을 때 발바닥 돌이 그 젤리 안쪽 보면은 되게 이게 연한 살들이 있죠 염화칼슘을 밟게 되면 그쪽 그 연한 살에 자극을 줄 수 있겠죠 그러면 자극을 입은 상태에서 어때요 우리 강아지들은 저처럼 요게 간지럽다고 이렇게 긁나요 여기 간지럽다고 막 이렇게 하나요 핥아요 할게 되면 소량의 염화칼슘이 섭취될 수 있고요 많이 먹으면 심각한 소화기계 증상을 일으키긴 하지만 적게 먹었을 때는 그래도 티는 나지 않아도 속쓰림이나 이런 거 정도는 나타날 수도 있다라는 거예요 아니면 이런 제품들이 나올 리가 없어요 지금 여기 보시는 것처럼 반려동물에게 안전한 재설재 제품들이 아마존이나 이런 데서는 많이 판매를 합니다 이게 왜 미국에서 많이 판매하냐 우리나라처럼 염화칼슘 뿌리고 재설하는 거를 국가에서 하는 나라가 많지 않겠죠 미국 같은 경우는 특히 어때요 돈을 이렇게 모아 가지고 관리사 있어서 거기서 재설재 뿌려주고 관리해주고 이런게 아니잖아요 내 집 앞은 내가 처리한다 내가 스스로 다해야 되다 보니까 패 세이프 재설재 같은 것들이 있어요 염화칼슘이 위험하지 않다면 미국에서도 이런 제품이 왜 나오겠냐는 거죠 제가 알기로는 특정 나라들은 염화칼슘을 재설재로 못 쓰게 하는 나라도 있는 걸로 알고 있어요 우리나라도 언젠가는 나중에 조금 더 사회가 발전을 하고 그리고 음악 칼슘이랑 가격이 뭐 차이가 안 난다고 한다면 그리고 지금 있는 거 다 썼다고 한다면 염화칼슘 말고 아까 보여드렸던 것처럼 써보면 어떨까라는 생각을 합니다 네 오늘의 결론 재설재 파상은 입지 않는다 하지만 화상을 입지 않는다라고 우리 아이들한테 나쁘지 않은 것 아니다 조심해야 한다 과한 걱정은 하지 않아도 된다 다음번에도 이런 좀 사회적 이슈나 사건이 있으면 좀 더 빠르게 여러분들께 알려드리도록 하겠습니다 다음번에 또 놀러 오세요 안녕 [음악],
72,https://www.youtube.com/watch?v=BijSCyJ3isM,BijSCyJ3isM,"노즈워크 초보부터 고수까지, 다 알려드려요 🤹🏻 l 설채현 행동학 수의사",설채현의 놀로와 ,"[음악] 안녕하세요 설치니 여러분 설치연수의사입니다 앞에 재밌는 영상 재밌습니다 잘 보셨나요네 오늘은 노즈워크에 대해서 한번 말씀드려 볼 거구요 이번 시간에 광고는 있습니다 제가 만든 내돈내만 행복한 삶을 살게 해주려고 좀 고민해서 만든 거라서요 부끄럽지만 이렇게 또 한번 말씀드려 볼게요 오늘은 노즈워크입니다 네 우선 노즈워크 다들 알고 계실 거예요 그런데 많은 분들이 좀 하다가 많은 경우도 있고 좀 잘못하는 경우도 있고 아니면은 우리 아이들이 점점 흥미를 잃어가는 경우들도 있을 겁니다 우선 첫 번째로 노즈워크 필요한 것인가네 필요합니다 왜 필요한지 한번 보면 우리 반려견이 행복하기 위한 다섯 가지 조건이 있습니다 좀 빠르게 한번 말씀드리면 첫 번째 부적절한 영양 관리로부터의 자유 두 번째 불쾌한 환경으로부터의 자유 세 번째 신체적 고통으로부터의 자유네 번째 정신적 고통으로부터의 자유 본능적인 행동을 할 수 있는 자유이 5가지가 충족되어야지만 행복한 강아지다 우리가 진짜 애완견이 아니라 반려견이라고 부를 수 있다라고 얘기를 하는 거죠 정신적 고통으로부터의 자유와 본능적인 행동을 할 수 있는 자유를 위해서 우리가 보통 해주는 것이 무엇이냐 산책입니다 또 하나 노즈워크가 있어요 제가 한번 퀴즈를 한번 내볼게요 우리랑 살기 전에 강아지들은 뭐 먹고 살았을까요 아 그러니까 이게 잘못된 생각이에요 조금만 동물들을 사냥해서 먹었을 것 같죠 아니에요 우리 대표적인 객과 동물들 중에 뭐가 있습니까 카이에나 하이에나는 뭐죠 쓰레기 청소부 사냥을 해서 뭔가를 먹기 보다는 쓰레기를 찾아서 청소하고 다녔어요 그러면 어떻게 찾아야 될까요 코를 찾습니다 냄새로 찾아다니는 거죠이 노즈워크를 통해서 일을 해서 쓰레기를 찾는게 이들의 본능적인 행동이에요 근데 우리가 그냥 밥을 주면서 어떻게 한 거냐 얘네들의 일이자 노리자 생존 수단을 빼앗아 갔어요 그러다 보니까 에너지는 막 남죠 에너지가 남으면 뭘 해요 이걸 풀기 위해서 우리 코로나 때 경험했죠네 쓸데없는 짓을 합니다 그게 우리가 말하는 문제행동이에요 그러다 보니까이 본능적인 욕구를 충족시켜주기 위해서 노즈워크 필수 중에 하나라는 거죠 산책과 더불어서 실내에서 하는 노주옥이 더 필요한 경우도 있어요 왜냐면 바깥을 너무 무서워하거나 비 요즘 극성이죠 지금 이거 찍을 바깥 온도가 7 8도 되는 거 같아요 따뜻하면 미세먼지 공기가 맑으면 너무 추워 우리 아이들은 겨울에 도대체 언제 나가라는 건가 결국에 실내에서 해주는 놀이가 정말 중요하다는 거죠 또 두 번째 해줬는데 아이 우리 애는 안 하네 이런 경우들이 많아요 강아지들은 이런 걸 많이 놀아보는 것도 배우면서 내가 경험해보면서 더 능력치가 높아지는 건데 그냥 처음부터 그냥 아무거나 막 이렇게 사주다 보니까 잃게 되는 거죠 그러니까 약간 게임으로 보면 1탄에서 끝판왕이 나와 버리는 거예요 1탄에서 끝판왕에 안 되니까 흥미를 잃어버리고 이건 그냥 안 되는 거라고 생각을 해버리는 거죠 근데 우리 보호자들은 이렇게 생각해요 얘는 안 해 그러면서 그 뒤로 더 이상 안 해주는 거예요 분명히 사람 아니라면 어려운 거 못하면 이게 너무 어렵나 다른 걸 사줘야 되나 이렇게 생각할 텐데 그리고 맨날 똑같은 걸 해주면 질려요 무조건 매트 하나 사주고 거기서 해줬어요 얘 입장에서 처음엔 어려웠는데 하다 보니까 금방 익숙해졌어요 먹을게 있기 때문에 먹긴 먹겠지만 더 특별한 즐거움은 못 느끼고 있을 가능성이 높은 거죠 그래서 제가 고민을 많이 했어요 간 들어가면서 난이도를 조절할 수 있고 또 하나 원래 있던 장난감과 같이 써서 난이도를 조절하거나 이제 아예 새로운 장난감을 만들어 줄 수 있는게 없을까 하다가 이걸 만들었습니다 마리오 매트 하루 최소 한 번 말이율 해주면 우리 아이들 정말 재밌는 놀이 시간이 생기게 되는 거예요 제가 한번 보여 드리겠습니다 지금 원래 35,000원인데 24,900원에 할인을 하고 있대요 부끄러워서 열심히 못 알려드려서 좋은 기회가 온 것 같아요 근데 진짜 거짓말 안 하고이 별거 아닌 것 같아 보이는이 간단한 매트가 강아지들한테는 25,000원이 아니라 10만원 이상의 만족도를 줄 수 있습니다 보여드리면 간단합니다 소프트가 있고 스트롱이 있어요 이런 매트인데 여기에 이렇게 약간 구부러지는 그런 재질이 들어가 있어요 이게 약한게 소프트 강한게 스트롱인데 트랜스포머처럼 어떤 모양이든 우리가 만들어 줄 수 있습니다이 포기를 모르는 아이다라고 하면 스트롱을 하셔도 되고요 우리 아이가 좀 돌연변이거나 힘이 약하고 작고 노조각기나 이런 거 할 때 좀 포기가 빠르다 그러면 소프트를 선택하시는 것을 추천드립니다 초보 버전 중급 버전 고수 버전 초고수 버전으로 한번 보여드릴게요 사실 저는이 버전뿐만 아니라 여러분들의 상상력을 믿습니다 우리가 서로 이런 방법을 했으니까 했더니 되게 재밌어요 이런 것도 좀 공유를 해보면 재밌을 것 같아요 저희 세상에는 초보니까 처음에 조금 두려움을 없애기 위해서 우리 매트 교육하듯이 그냥 한 번만 접어볼게요 그리고이 접은 거 안에다가 좀 가생이에다 줘도 돼요 워낙 조심성이 많은 친구랑 넌 확실히 사람이랑 안 살았으면 죽었을 수도 있을 것 같아 [웃음] 자 이렇게 아이들이 못할 때 예전 같은 장난감들은 난이도로 조절하기가 어려웠죠 그런데 좀 못할 것 같다 그러면 우리가 아이와 소통을 하면서 난이도를 조절해 줄 수가 있는 거죠 지금 조금 힘들어 하니까 제가 봤을 때는 여기를 한번 살짝 이렇게 접어주면 조금 더 쉬워할 것 같아요 이렇게 하면 오히려 또 보호자에 대한 신뢰감도 조금 높아질 수 있겠죠 이런 식으로 조금씩 우리 아이들이 얼마나 잘하는지 난이도를 확인을 하면서 놀이를 제공을 해주면 다음에 중급 단계로 조금씩 넘어갈 수가 있어요 다음 중급 단계 이제 조금 친해진 상태일 거니까 빈틈없이 조금 더 꾹꾹 눌러 볼 거예요 조금 꾹꾹 눌러볼까 빈틈없이 꾹꾹 이것도 얼마나 꾹꾹 누르느냐에 따라서도 난이도가 달라질 수 있어요 자 이제 뭐 머리 집어넣는게 전혀 두렵지 않아 이렇게 맨날 하잖아요이 매트만 꺼내도 미칩니다 너무 재밌는 거지 또 노련변 아이들은 어르신 분들한테도 계속 고스톱 치라고 하잖아요 그런 것처럼 정신적 자극을 계속 줘야 됩니다 난이도를 정말 쉽게도 바꿀 수 있기 때문에 아이들한테도 되게 좋아요 그리고 새로운 자금을 계속 만들어 줄 수 있잖아요 다 한 거 같은데 세상이도 성장하고 있습니다 욕심나는데 한번 더 해볼까 자 여기다가 이렇게 해서 한번 접고 여기다가도 이렇게 한번 꾹꾹 한번 접고 이거는 진짜 많이 잡을수록 난이도 높아지겠죠 이게 같이 이렇게 겹쳐서 접힐수록 이게 쎄져요 이거 힘들겠다이 세상에 솔직히 자 이건 발을 써야 돼요 이제 발로 누르고 해야 돼 어려워 세상에는 약간 이제 고급으로 넘어가면서 힘들어 하기 시작했습니다 네 이제 고수 버전 그냥 뭐 딴 거 없어요 딱 봐도 어렵게 생기면 됩니다 어렵게 생기면 고수 버전은 세상이가 절대 못할 거기 때문에 우리 훈또가 출전합니다 이번에는 딱지를 한번 만들어 볼게요 헌터는 이걸 진짜 너무 많이 해서 벌써부터 난리 났어 이걸 할 수 있을까 야 이거 거의 다 스트롱이 되겠어요 야 너 이건 네가 이거 할 수 있을까 자세부터 다르죠 뭔가 발 쓰는게 보이기 시작합니다 어려운 난이도에요 이게 지금 고수는 역시 다르네 저는 그래도 관심을 보이고 있는 상태에서는 조급해하지 않습니다 어 뭐 하나 빼먹었습니다 초고수 버전 25,000원짜리 마리올 매트를 10만원 20만원 30만원짜리로 만들어 줄 수 있는 마지막 초고수 버전 사실 이거 이렇게 꺼내 놓으면 금방 끝내잖아요 얼마나 빨리 끝내요 10초컷 자 10초컷이었던 앙버터 장난감을 10분 컷으로 만들어 보겠습니다 10분 1시간도 만들 수 있어요 자 인버터에다가 넣습니다 그리고 토핑 좀 뿌려주고 보쌈에 짠 자 예전에 10초만에 끝냈던 장난감이 몇 분 만에 끝날지 늘죠 늘어요 우리 사람도 게임 하다 보면 하면서 늘잖아요 처음에 어떻게 하는지 몰라서 막 화가 나기도 하고 그러다가 딱 성공을 했을 때 그 쾌감 그런 것처럼 얘네들도 점점 방법을 익혀가고 이렇게 자신감을 얻고 아까 세상에처럼 막 깊숙히 넣고 이것도 뜯어보고 자신감이 있어야 하는 행동들을 계속해서 할 거예요 뺐어 뺐어 뺐어 원래는 저렇게 꺼내고 나서 저 안에 있는 간식 먹으면 이제 진짜 10초컷으로 끝이었던 장난감이 몇 배로 더 재밌고 오래 가지고 놀 수 있는 장난감으로 만들어 주는 거예요 이게 또 장난감이 이거 하나만 넣는게 아니라 여러 개를 또 넣어 준다거나 정말 무궁무진하게 만들 수 있습니다 초고수 인정 제가 마리울 매트를 이용해서 이렇게 우리 아이들과 노는 방법 난이도를 몇 개 이렇게 정해서 한번 보여드렸는데요 이게 정말로 여러분들의 창의력이 필요해요 여러 가지를 정말 많이 만들 수 있습니다 약간 우리 어렸을 때 했던 종이접기 같은 느낌 아이들한테 좀 더 새로운 즐거운 놀이와 새로운 세계를 한번 선물해 주셨으면 좋겠고요 그리고 꼭 이런 마리오 매트가 아니더라도 제가 강조하는 건 그거예요 실내에서도 놀아 주셔야 돼요 그래서 마리오네트가 아니더라도 저희 롤러플레이에 1분 챌린지 보면 DIY 장난감 만들기 있거든요 우리가 집에 있는 재활용품이나 집에 가지고 있는 물건들로 이런 장난감이나 놀이들은 꾸준하게 만들어서 제공해 주시는게 좋습니다 그럼 저는 다음번에 또 좋은 정보를 가지고 돌아오도록 하겠습니다 또 놀러오세요 안녕",
73,https://www.youtube.com/watch?v=MxhTpYLaU3w,MxhTpYLaU3w,"강아지 슬개골, 아직도 수술 걱정 하시나요 😮❓l 반려견 관절 맞춤 프로그램 l 설채현 행동학 수의사",설채현의 놀로와 ,다리가 바깥으로 펴져 있는데 지금은 딱 앉을 때 다리가 몸통에서 벗어나지는 않아요 그게 이제 자세가 좀 좋아졌다고 저희가 볼 수 있고요 안녕하세요 설치니 여러분 설채연 행동학사이사입니다 슬개골과 관련된 콘텐츠만 두세 개 정도 되는 거 같은데 많이 하고 많이 해도 모자르지 않은 거 같습니다 그래서 오늘은 슬개골에 관련된 팩트체크와 슬개골 그리고 관절을 전문적으로 관리하는 프로그램에 대해서 소개시켜 드릴까 합니다 팩트체크를 먼저 한번 해 보도록 하겠습니다 무조건 모든 강아지들이 챙겨야 하는 건강인가요 우선 초반에는 무조건 모든 아이들이 한번 체크는 해봐야죠 우리나라가 진짜 소형견들이 많고 특히 또 작은 강아지를 선호하는 성향 때문에 유전적으로 계속 작게 만들려고 하고 그러다 보니까 슬개골이 유전적으로 빠지는 경우들이 많아요 그래서 처음에 슬개골이 건강한지에 대해서 한번 확인을 하시는게 좋고요 근데 이제 우리가 슬개골드 기수가 나뉘잖아요 1 2 3 4 더 자세한 내용은 여기 슬개골과 관련된 컨텐츠에서 한번 보시면 되고요 통증이 없고 그레이드가 낮거나 아니면 아예 슬개골 탈거가 없는 경우에는 크게 걱정을 안 하셔도 됩니다 하지만 이기가 넘어가거나 아니면 진짜 3기 사기 그리고 분명히 다리를 드는 모습이 보인다 그러면 많은 관심을 가지고 신경을 써줘야겠죠 근데 그런 아이들이 너무 많아요 사실 보호자분들이 하기에는 쉽지는 않아요 가장 먼저 많이 보이는게 다리를 드는 모습이겠죠 특히 처음 빠졌을 때 애들이 가장 많이 아파하는데 깨갱깨갱 거리면서 이렇게 다리를 들고 있어요 근데 그 후로 괜찮아지는 경우들이 많아요 오히려 익숙해지면 빠졌다가 자기가 막 껴요 막 다리를 이렇게 툭툭 치면 이게 껴지는 경우들이 있거든요 이런 경우들이 많기 때문에 괜찮아졌다라고 신경을 안 쓰면 안 되는 거고요 평소에 잘 올라가던 곳을 잘 못 올라간다 앉을 때 상체에 더 힘을 주고 앉는다 이런 것들이 이제 집에서 조금 볼 수 있는 모습들인데 대부분 토끼뜀 아니면 이게 다리를 드는 모습으로 병원으로 오게 됩니다 아프다라는 얘기가 나오면 사실 수술을 해야 될 가능성이 상당히 높아요 수술을 왜 하냐 삶의 질이 떨어지기 때문에 하는 거예요 통증을 느끼고 아프다라는 건 일상생활에서 삶의 질을 떨어뜨리는 스트레스를 주는 요인들이 있는 거고이 스트레스가 결국에는 다른 행동 문제나 이런 쪽으로 연결이 될 수 있기 때문에 슬개골이 아프다라고 한다면 수술이 답일 가능성이 상당히 높습니다 외과적으로 봤을 때 빌리기는 수술을 하지 않고 뭐 관리적으로 살을 빼고 운동을 해서 조금 더 건강하게 만들어 주는 걸 목표로 하고요 3사기는 수술을 하는 것을 추천을 하게 되는데 권고사항인 거고요 만약에 1 2개인데 통증을 느낀다 그러면 또 수술을 권장하는 경우들이 있어요 그런데 사실 우리 보호자분들은 그걸 원하시는 거잖아요 지금 이게 수술이 필요한 건지 재활로 좀 가능한 건지 재활을 하고 좀 지켜본 다음에 안 되면 수술을 해도 되는 건지 이런 것들은 사실 우리 보호자분들이 가장 원하실 거란 말이에요 그래서 정말 많은 고민을 하다가 놀러라는 회사를 만들었잖아요 그리고이 놀러 스퀘어 안에는 VIP 동물병원의 외과 센터가 있고요 재활센터가 있고 피트니스 센터가 있어요 사실 이게 다 우리 아이들의 관절을 위한 프로그램인데 이루마야 조인트풀이 프로그램입니다 우리 반려견들의 관절에 대한 보호자분들의 걱정을 조금이라도 덜어드리고자 전문적으로 검진하고 지금 우리 아이한테 가장 필요한게 무엇인지 알려드리면서 거기에 대한 솔루션도 제공해주는 프로그램인데요 지금부터 저와 함께 조인트 프리 프로그램이 어떤 건지 한번 확인하러 같이 가보실까요 우리 아이들의 관절 건강을 위한 조인트 프리 프로그램의 첫 번째 가장 중요한게 뭘까요 결국에 수의학적으로 정확하게 진단해서 지금 당장 수술이 필요한지 수술이 필요 없이 재활로만으로 충분한지 아니면 재활을 하고 나서 수술이 필요한지 확인하는 과정이 가장 중요하겠죠 여러분들도 가장 원하는 부분이고요 그래서 저희가 지금 그 과정을 한번 같이 해보기 위해서 VIP 한방 재활의학센터에 와 있습니다 우리 조인트 프리 프로그램의 가장 딱 맞는 친구가 있어요 그 친구와 함께 검진을 진행해 볼 겁니다 안녕 오늘 촬영을 도와줄 샤샤입니다 [음악] 오늘 자세랑 걷는 거랑 촉진상 그 다음에 이제 근력 평가해서 혹시나 아이가 불편한 데가 있는지 확인을 좀 하도록 하겠습니다 자 걸어 볼까요 걷는 자세는 그렇게 나쁘지는 않네요 보폭이나 그런 것들은 나쁘지 않고요 조금 빨리 걸어 볼 수도 있어요 샤샤 가보자 올라가 보자 올라가 보자 그렇지 보시면 오른쪽이 내려갈 때는 지금 오른쪽 다리를 잠깐 빼는데 올라갈 때는 토끼뜀뛰듯이 이렇게 올라가요 고관절 안 좋은 애들은 버니오핑 아네네 혹시나 촉진상의 통증 호소가 있는지 좀 보는 건데요 목은 너무 부드럽고요 근육 톤도 그렇게 경직되어 있지가 않습니다 불편감이 있는지를 확인하거든요이 앞다리는 그런 거는 없고요 오른쪽에 항상 안 좋다라고 말씀을 들으셨다고 해서 어 그러네 바로 반응 나오네 있어서 다음은 이제 저희가 근력 테스트를 하는데요 근육이 어느 정도 몸을 지탱하는데 불편감이 있는지 없는지를 확인하는 건 바로 무너져요 아 그러네요 지금 앉을 때도 보면 무릎을 이렇게 접은 다음에 이렇게 앉아야 되는데 샤샤는 철썩하고 일어날 때도 구부렸다 일어나는게 아니고 바로 이렇게 그게 자꾸 반복되면 그 힘이 다 허리로 가거든요 그래서 아파지는 거구나 유관적으로 볼 때는 아이가 걷는게 정상적으로 보이는 거 같으나 다리에 펴짐과 굽혀짐이 확인을 해보면 정상적인 범위에 있는지 없는지를 알 수가 있어요 그래서 접었을 때 각도가 정상인지 폈을 때 각도가 정상인지 저희가 지금 160도 정도 넘어가면 정상각이 160도에서 164인데 지금 160도가 도달하려고 하니까 나쁜 무릎도 접는 거는 나쁘지 않고 폈을 때 좀 타이트하긴 하네요 이쪽도 처음에 내원했을 때 왼쪽을 파잉을 보이고 오는 아이들 엑스레이츠 부분 오른쪽이 안 좋은 경우가 있어요 그 경우는 이쪽 다리를 아프다 보니까 많이 안 써서 반대쪽 다리 무리가 이제 근육 둘레를 사용하는 안쪽이 있으면 이제 가늘어지는게 보일 건데 오른쪽이 조금 가늘어져 있는 요게 더 아파서 안 쓰니까 여기가 조금 더 가늘어져 있을 가능성 저희가 이제 매뉴얼로 측정하는 거는 여기까지가 되는 거고 청진한다든지 카디오 버드로 저희가 심전도 확인하고 방사선으로 관절 평가에 대한 거는 거의 다 나오는 거예요 결과가 어떤가요 결과는 좋습니다 되게 피트니스 하기 전에 간단하게 지금 관절 검진을 하는 결과지기 때문에 조금 보호자님들이 아시기 쉽게끔 저희가 설계를 해본 프로그램입니다 지금 우리 얘기는 오른쪽 후지 뒷다리가 약간 고관절이 조금 안 좋은 상태인데 안절을 시켰을 때 오른쪽 다리가 약간 바깥으로 빠지는 거 전지 부분은 괜찮고 후지 중에서도 오른쪽 다리가 조금 더 안 좋고 왼쪽은 괜찮다는 거 그리고 촉진했을 때도 우리 얘기는 요추 부분이 약간 예민한 부분이 있긴 하지만 그래도 나쁘지 않다는 거 근력 평가를 했을 때도 우측 휴지가 좀 안 좋다는 거 저희가 관절 가정검에는 강아지들도 굉장히 중요한 것 중에 하나입니다 우리 얘기는 관절 가동범위 이렇게 나쁘지 않습니다 근데 역시 오른쪽 고관절 쪽에 지금 불편하기 때문에 그 부분을 필라고 할 때 자기가 마음껏 못 핀다는 거 굳이 근육을 재는데 안 아픈 다리는 29cm 아픈 우측은 28cm인데요 2cm가 아이한테도 엄청 큰 차이거든요 그래서 우리 애기 점수는 그렇게 나쁘지 않고이 검사표를 선생님한테 또 상담을 해서 어떤 운동이 우리 애기한테 맞는지 플랜을 짜도록 하겠습니다 사샤가 나이가 있다 보니 막연하게 생각만 하고 운동을 진행했는데 오늘 이렇게 조인트 프리 프로그램을 통해서 디테일하게 관절 마디마디에 대해 알다보니 앞으로 이제 프로그램을 통해 얼마나 더 나아질지 훨씬 더 기대가 되고 샤샤의 삶의 질의 상승시키는데 더 좋을 거 같은 기대감이 듭니다 이제 오늘은 샤샤와 진단대로 운동을 하는 시간입니다 들어가 보실까요 자 안녕하세요 안녕하세요 샤샤 오늘부터 이제 운동을 시작하는 거죠네 사자가 평소 기본적인 거에서 통증이 너무 심하다고 하나 그런 거는 없고 잘 돌아다니고 하는데 조금 앉은 자세나 뒷다리에 불편함이 있다 보니까는 조금 틀어지는 것도 보이고 원장님께서 직접 만져보시면서 촉진을 했을 때도 조금 불편한 부분들이 있었어요 아프지 않은 범위 내에서 좀 스트레칭도 해서 관절 범위도 늘려주고 특히나 약한 뒷다리 쪽 근육 강화를 할 수 있는 운동들 위주로 조금 진행을 할 예정입니다 되게 신기한 동물들이 많아서 재밌을 것 같아요 저희 본격적으로 사사 근육 강화할 수 있는 운동을 해 볼 거예요 발란스 도구를 사용을 할 건데 샤샤 같은 경우는 뒷다리 쪽에 너무 많은 체중이 실리지는 않게 원장님께서 사실 팔꿈치 정도 높이 되는 도구를 추천을 해주셨어요 앞다리에서 관절이 꺾이는요 부분인데요 높이가 너무 높아지게 되면 뒷다리 쪽에 너무 많이 체중이 실리게 될 수 있어서 그래서 높이 조절을 해주는 거고요 발란스 도구 위에 사실 앞발만 이렇게 올라오게 해줬어요 아빠를 올라온 채로 버티면서 체중이 자연스럽게 뒤쪽으로 실리게 되기 때문에 뒷다리 근육에 힘이 들어올 수 있게 되는 거예요 사샤가 올라와서 버틸 때도 보면은 체중이 조금씩 왼쪽으로 조금씩 더 쏠리는게 보여요 아무래도 오른쪽 다리가 조금 불편함을 느껴서 그런 동작이 나올 수 있어요 집에서 운동해 주실 때 이렇게 살짝 버티면서 오른쪽에 살짝씩 체중을 실을 수 있게 고개를 살짝만 오른쪽으로 한 번씩 하셔서 의도하지 않아도 체중이 오른쪽으로 실리게 되거든요 모든 동물들은 머리가 제일 무거우니까 난이도가 조금 더 낫다고 보시면 돼요 아무래도 저런 발란스 도구들은 공기가 들어가 있어서 흔들림이 되게 커지거든요 근데 요것도 체중을 실어주는 목적으로 충분히 사용을 할 수 있고 흔들림은 적기 때문에 조금 더 안전하게 운동해 주실 수 있어요 네 좋아요 이번에는 운동은 무엇인가요 이번에는 사샤 앉는 자세 연습하는 운동을 조금 할 거예요 앉아 [음악] [음악] 지금은 아까보다는 자세가 훨씬 좋은데요 보조 도구를 좀 사용해 볼게요 [음악] 옆에 좀 도구를 나주니까는 다리가 조금 일자로 똑바로 앉는 자세가 조금 더 보여요 옳지 스트레칭 같은 경우는 매일매일 운동을 진행해 주셔도 괜찮으시고요 저희가 근력을 사용하는 근력 운동이나 발란스 운동 같은 경우는 근육을 사용을 하면은 하루는 쉬면서 근육이 회복하는 시간이 필요하기 때문에 최소 하루는 쉬고 이틀에 한 번이나 아니면 3일에 한 번 이렇게 운동해 주시면 됩니다 저희 오늘 샤샤 운동 해봤는데 이렇게 운동을 하고 나서 우리가 다시 한번 확인을 해 보는 거죠 그 전에 검사랑 어떻게 달라졌는지네 맞아요 저희가 운동을 이제 시작을 하고 근육이 늘어나고 좋아지는 것을 기본 기간을 3개월로 보고 있어요 3개월 동안 대신에 꾸준히 해주시는게 제일 중요하거든요 그래서 일주일에 한 번씩 센터에 와서 운동을 하고 저희가 알려드리는 운동을 보호자님이 집에서 관리를 해주시고 그렇게 했을 때 3개월 뒤에 지금 저희 처음 검사 했었던 거에 비해서 얼마나 근육량이 늘었고 자세는 어떻게 좋아졌는지 그리고 이제 앞으로는 또 어떻게 운동을 해 나가야 되는지 다시 검사를 진행을 할 예정이 바람이랑 똑같은 거 같아요 재활을 하고 있는 것이다라고 봐도 될 거 같고 사실은 일주일에 한 번씩 와서 운동을 하고 우리가 아까 말씀드렸었던 건 3개월의 시간이 좀 필요하기는 하지만 1개월 뒤에 한번 다시 검진을 해서 사샤의 다리가 그 전에 비해서 얼마나 좋아졌는지 한번 확인해 보도록 하겠습니다 [음악] [음악] 검진을 한번 해보고요 4주 정도 운동을 했거든요 운동을 하고 나서 그 전과 좀 어떻게 달라졌는지 확인을 받는 시간 때문에 왔습니다 조금 떨립니다 보통 우리가 몇 번 정도 했을 때 좀 좋아지는 모습을 볼 수 있죠 보통 한 달 정도 이제 하고 나서 중간 체크업을 하고요 아네 한 4주 정도 더 하고 나서 총 두 달 정도 되면 아이가 이제 좋아졌다는 걸 느낄 수 있고 중간 평가하는 이유가 그 전에 좀 좋아지는 아이들이 있고 자세부터 이제 정상적으로 잡는게 보이기 때문에 제가 아까 살짝 봤는데 앉는 자세가 좋아진 거 같아요 저 또한 기대가 많이 됩니다 한번 시작해 보시죠 이리 와보세요 샤샤 입장 아 이뻐라 자 한 바퀴 이렇게 돌아볼까요 샤샤 걷는 거 한번 보겠습니다 자 샤샤 요쪽으로 와서 앉아볼까 앉아봐 지금도 요 자세는 아닌데 그전에는 이렇게 앉았었거든요 다리가 바깥으로 펴져 있는데 지금은 딱 앉을 때 다리가 몸통에서 벗어나지는 않아요 그게 이제 자세가 좀 좋아졌다고 저희가 볼 수 있고요 머리부터 발끝까지 한번 촉진을 한번 해보겠습니다 지금요 부분을 만들면 되게 예민했었죠 항상 그렇지 어 약간 그 모습이 안 보이는 거 같긴 하네요 근력 테스트를 할 때 다리를 들었는데 들자마자 바로 앉았었거든요 오늘 어떤지 한번 줬었는데 보겠습니다 오 운동의 효과 지금도 버티는게 코어도 좋아졌구나 근력도 좋아지고 바로 주저앉았는데 그렇지 않네요 좋습니다 균형 잡고 한쪽으로 버티고 이런 운동들을 하다 보니까 확실히 좋아진 것 같아요 이게 궁금한데 그 전이 얼마나 나왔었는지 그때 28 어 진짜요 대박 다리가 늘어나는 것도 그렇게 예민하지 않고 지금은 165도 170도까지 가도 별로 불편함이 없어요 그때도 160도 정상각이긴 했는데 여기는 사실 저희가 잘 못 걷지요 엄청 예민했는데 저 우선 다리 두께가 좀 두꺼워지고 근력 테스트를 했을 때 견디는 힘이 많이 좋았었어요 늘어난 초도 많이 늘어났고 제가 재활수의사로서 느끼는 거는 첫째 만졌을 때 예문한게 없어졌다는게 아이들이 통증이 좀 사라지는 경우 단단한 뭔가가 근육이 생기면서 뼈를 대체할 수 있는 힘이 생겼다는 거거든요 그래서 요렇게만 잘 하면 더 좋아질 것 같습니다 우리 조인트 프리 프로그램이 혹시라도 이렇게 운동을 해봤을 때 좋아지지 않으면 외과적이거나 내과적인거나 이런 것들도 고민을 하는 걸 추천해 주려고 이런 프로그램을 만들었는데 지금 운동을 해봤을 때 근육 두께도 두꺼워지고 버티는 힘도 커지는 걸 봤을 때는 우선 이렇게 꾸준히 하면 4차 같은 경우에는 너무 걱정하지 않고 건강하게 좀 유지할 수 있다 맞습니다 축하한다 [음악] [웃음] [음악] 근데 아래에서 45분을 해도 발을 해주고 떨림이 줄어들어졌으니까 저희가도 괜찮겠다 저희가 놀러와 VIP 동물병원 재활센터 바이 우리 신사경 원장님 우리나라 재활의 성구주자이자 최고이신 선생님과 그동안 고민이 많았었잖아요 우리 아이들의 관절에 대해서 수술을 해야 되는지 재활을 해야 되는지 아니면 뭐 어떤 다른 치료를 받아야 되는지에 대해서 궁금해 하신 분들이 너무 많았는데 저희 놀러 피트니스와 우리 신성현 원장님이 같이 콜라보에서 만든이 조인트 프리 프로그램에 대해서 저희가 그동안 한번 샤샤와 함께 쭉 보여드렸습니다 저희 피트니스 선생님들도 아주 좋으시고 또 우리 신성현 원장님의 수위 재활적인 그런 지식이 함께 어우러져서 많은 아이들이 좀 도움을 받을 수 있을 것 같아요 저도 깜짝 놀랐던게 샤샤의 허벅지 두께가 2cm나 이렇게 커진게 아주 좋은 효과를 보는 거 같고 우리 원장님도 한번 설치니 여러분들께 우리 프로그램에 대해서 정리를 한번 해주시면 좋을 것 같습니다 설친 여러분들 반갑습니다 사실 저는 이런 평가를 한 후에 운동이 정말 좋다는 걸 알았는데 사실 이걸 어떻게 여러분들에게 정확하게 알려드릴까 이거를 진짜 10년 동안 고민만 해왔던 것 같습니다 어쨌든 저희 설치원 수의사님과 별로 피트니스 선생님께서 좋은 기회를 마련해 주셔서 저희는 수의사로서 조인트풀이라는 프로그램을 통해서 우리 아이들이 20살까지 튼튼하게 걸을 수 있는 튼튼 팔다리를 가진 아이들이 되었으면 좋겠습니다이 보시고 계신 분들 중에서도 관절에 대해서 걱정하시는 분들이 정말 많을 건데요 저희 놀러 피트니스 센터와 VIP 재활의학센터 신사경 원장님과 함께 해서 조인트 프리 프로그램이란 이름만큼 우리 아이들한테 관절에 자유를 주시면 좋겠습니다 다음번에 또 더 좋은 정보로 찾아뵙도록 하겠습니다 또 놀러 오세요 안녕 [음악],
74,https://www.youtube.com/watch?v=4VXd2T-6oGo,4VXd2T-6oGo,"반려견과 나, 정말 닮았을까요? 👀 l 설채현 행동학 수의사",설채현의 놀로와 ,아무것도 모르는 사람들이 누구 강아지일 것 같아요라고 매칭을 해보라고 할 때 은근히 잘 맞는다라는 거예요 안녕하세요 설치니 여러분 설치연수의사입니다네 오늘은 갈프록입니다 갈푸르 갈색 푸들룩 강아지 같죠 털 엄청 날려요 오늘은 좀 재밌는 주제에 대해서 얘기를 해 볼 건데요 반려견과 보호자가 닮았다 이런 얘기 많이 들어보셨잖아요 그래서 오늘 확실하게 한번 팩트체크해 보겠습니다 첫 번째 외적인 부분을 한번 보면 저는 댓글 중에 그런 얘기 많이 있던데 저랑 세상이랑 닮았다고 잘 봤어요 구조 이거는 세상에 대한 모욕이에요 얼마나 이쁜데 세상에는 길쭉이 팍 저는 넓죽이 팝니다 여기가 길어요 제가 여기가 이렇게 길어서 앞에서 보면 저렇게 넙죽해 보이는 세상이 이렇게 얄쌍하게 눈도 이렇게 동그랗고 크고 그런데 실제로 뭐 아주 자세한 연구결과는 없지만 반려견과 보호자가 닮을 가능성이 크다라는 연구 결과가 있습니다 털이 긴 아이들한테 통하는 얘기 같은데요 보호자들이 긴 머리를 좋아하시는 분들이 있어요 이게 나의 스타일이잖아요 그러다 보니까 털을기를 수 있는 아이들이라면 약간 그런 스타일로 유지를 하시는 경우들이 많은가 봐요 그래서 여기 보면 털 길이 측면에서 보호자의 스타일과 반려견의 스타일이 닮은 양상을 많이 보인다 내가 긴 머리면 우리 반려견도 털을 길게 기르는 경우들이 있고 내가 짧은 머리면 짧게 유지하고 싶어하고 하다 보니까 조금 더 닮은 모습이 나타날 수 있고요 아 이건 조금 들으시면서 좀 뜨끔 하시고 저도 이런 얘기를 해도 되는지 모르겠는데 개와 보호자가 동일하게 이체 좀 비만인 경우도 종종 있다라고 합니다 아무래도 또 이제 내가 맛있는 거 많이 먹 보면 애들도 와서 달라고 하는데 또 그 눈빛을 못 이기게 되면서 이거라도 한입 주거나 나 먹을 때 미안하니까 얘 간식 가져와서 주고 이러다 보면 체형이 비슷해지는 경우가 좀 있을 수 있고요 이렇게 보니까 난 세상에 체형을 좀 담고 싶은데 근육이 엄청 단단하고 이렇게 콜라병 먹네 이렇게 딱 빠졌잖아요 그리고이 연구 결과 말고도 추가로 논문이 하나 있습니다 이게 되게 재미있었어요 예를 들어서 참가자들은 아무것도 몰라요 그 상태에서 제 사진을 딱 찍어서 놓고요 세상에 사진을 찍어서 놔요 이런 걸 되게 여러 가지를 리즈와 혼또 사진을 찍어서 놓고 엠마랑 엠마 고양이나 뭐 강아지 사진을 찍어서 놓고 하면 아무것도 모르는 사람들이 매칭을 해보라고 했을 때 누구 강아지일 것 같아요라고 매칭을 해보라고 할 때 은근히 잘 맞는다는 거예요 특히이 눈만 보고도 매칭이 되는 경우들도 있대요 저랑 세상엔 안 닮은 이유 중에 하나가 저는 세상에 제가 픽한게 아니잖아요 내가 마음에 들어하고 고른게 아니란 말이에요 구조가 가지고 다른 애들 다 도망갔는데이 소심이 혼자서 못 도망갔다가 저한테 잡힌 거거든요 그래서 안 닮았으니까 오히려 이런 추측을 해볼 수 있다라는 거죠 보호자가 자기랑 닮은 아이 사람들한테 조금 더 끌린다 그러다 보니까 평균적으로 외적으로 닮을 확률이 더 높다라고 추측해 볼 수 있을 것 같습니다 두 번째 이거는 조금 기분 나쁠 수도 있을 것 같은데 내적인 부분 외적인 부분보다 이게 더 신경이 많이 쓸 것 같아요 이거는 확실히 실험을 한 논문이 있는데요 일단 답부터 말씀드리면 잘 맞다고 합니다 이제 진료 안 오는 거 아니야 사람들 내적인 부분 닮았다라고 하면 나는 문제행동 있는 애들만 만나는데 진료 안 오면 어떡해이 실험을 어떻게 했는지 한번 말씀드릴게요 어려우니까 제가 다 머릿속에서 다 외워서 할 순 없어요 보면서 한번 해 볼게요 실험 내용 보호자가 5가지 성격 특성에 대한 검사를 했습니다이 다섯 가지는 예민하고 신경질적인지 아니면 예민하지 않고 자신감이 있는지 이런 걸 감정적 안정성이라고 얘기하는 거 같아요 두 번째 외향적이고 사교적이며 에너지가 넘치는지 아니면 혼자 있는 것을 좋아하고 내성적인지 세 번째 친절하고 공감능력이 많은지 차갑고 불친절한지네 번째 열심히 일하고 효율적이고 조직적인지 아니면 느긋하고 게으른 피우고 덤벙대는지 다섯 번째 창의적이고 호기심이 많은지 일관되고 신중한 사람인지에 대해서 조사를 해봤습니다 결과를 봤더니 보호자가 우리 강아지에 대해서 직접 평가하는 거에 대해서는 5가지 성격 특징 모두에서 반려견이 자신과 비슷한 성격을 가지고 있다라고 평가했습니다 이게 되게 어려운 건데이 중에서 가장 비슷했던게 뭐냐 1번 예민함의 정도와 이번 외향적인 부분 자 이거 좀 이해가 이건 닮을 수 있어요 왜 강아지는 우리의 자식이잖아요 어느 정도는 우리의 생활 패턴이나 행동에 대해서 배우는 것들이 있어요 예를 들어서 이런 거죠 예민하신 분들은 문제행동 하나하나에 다 집중하는 경우들이 많아요 그러면서 가장 많이 하는 얘기가 뭘까요 안 될 거예요 다 위험해 보여요 이거 하면 안 돼 저거 하면 안 돼 이거 먹으면 큰일 나 이렇게 하다 보면 단어는 모르지만 그 분위기에서 느껴지잖아요 우리 반려견들도 그러면 어떻게 생각하겠어요이 세상이 다 위험한 것 밖에 없다라고 생각을 하는 거예요 그러면 얘네들이 어떤 성격이 되냐 예민함이 되겠죠 무조건 100% 아닙니다 전 유전적인 소인도 상당히 강하다고 봐요 근데 외향적인 것도 후보자가 외향적이어서 어렸을 때부터 예를 데리고 얻을 많이 다녔어요 그건 당연히 사회성은 좋아지고 경험한 것들이 많으니까 외형적으로 변할 수 있겠죠 근데 보호자가 외향적이지 않고 집에만 예를 데리고 있어요 그럼 얘가 경험한 것들이 얼마 안 되고 우리가 항상 얘기하는 사회와 그 시기에 사회화를 하지 못하게 되면 다 무서워한단 말이에요 그러면서 내향적으로 바뀔 수 있죠 은근히네 맞는 얘기 같아요 근데 우선이 실험은 제가 방금도 말씀드렸듯이 보호자의 입장에서 진행했었어요 보호자 입장에서 진행한 것에 함정은 뭐냐면 내 자신을 투영해서 볼 수 있다라는 거죠 내가 체크를 할 때는 그래서 다른 실험도 했어요 뭘 했냐면 조금 더 객관적으로 보기 위해서 주 보호자 말고 다른 가족이 평가하게 해봤어요 그랬더니 그 중에서 이제 다섯 가지 항목 중에 4가지 항목이 똑같이 나왔대요 그러니까 결국에는 이건 내가 하든 다른 사람이 보든이 다섯 가지 항목 중에 최소 4가지는 비슷할 확률이 높 라고 보는 거죠 그만큼 우리가 또 어떻게 대해주고 키우느냐에 따라서도 이런 성격적인 내적인 부분들도 비슷해질 수 있다라고 볼 수 있을 것 같아요 그러면 왜 반려견과 보호자가 이거 외적인면뿐만 아니라 내적인 면도 이렇게 비슷해질 수 있냐 우리가 두 가지 생각을 해 볼 수 있는데 첫 번째 방금 제가 말씀드린 것처럼 어떻게 키우느냐가 우리 반려견들을 바꿀 수 있어요 내가 예민해서 뭐든지 다 예민하게 안 돼 뭐 이런 거 하면 안 돼라고 얘기를 하면 정확한 의미는 모르지만 강아지들도 아 이건 위험한 거야 다 위험하네 저것도 위험하네 이것도 위험하네 하다가 그냥 예민하게 다 위험해 보이는 그런 것들을 배울 수 있고요 보호자가 뭐 외향적이거나 이러면 많이 돌아다니다가 괜찮네 괜찮네 하면서 보호자가 외향적이면이 친구도 외향적일 수 있다라는 거죠 두 번째 가설은 외부랑 비슷한데 나랑 비슷한 아이를 고를 수 있다 항상 사람들은 자기 자신과 비슷한 사람들한테 더 편안함을 느낄 수 있잖아요 그러다 보니까 나와 비슷한 아이들을 관리할 가능성이 높다라고 생각을 해 볼 수도 있습니다 저는 근데 사실 되게 다른 면들도 많이 발견을 하거든요 좀 무조건 보호자의 성향에 따라서 강아지들이 다 바뀐다라고는 보지는 않아요 실제로 다른 경우들도 많이 보고 그래서 혹시라도이 영상을 보면서 사용하시는 분들 안 계셨으면 좋겠고이 연구들과 하나만 본 거니까요 어느 정도는 좀 비슷해질 수 있다 특히 내적인 면은 좀 비슷해질 수 있고 외적인 면은 그럴 수도 아닐 수도 있다라고 정리하면 될 것 같습니다 오늘은 강아지와 보호자가 닮았을까에 대해서 한번 얘기해 봤는데요 너무 슬퍼하거나 너무 기뻐하지 마시고요 더 중요한 건 우리가 얼마나 우리 반려견과 행복하게 해주느냐 외적인면 내적인면 말고 재미로 참고만 하시길 바라겠습니다 다음번에 더 재밌는 정보로 찾아뵙도록 하겠습니다 떠 놀러오세요 안녕,
75,https://www.youtube.com/watch?v=6Mduima_pg4,6Mduima_pg4,Isn't it okay to dye a dog's hair? 🌈 l Check out the issues related to pet life 🕵🏻‍♂️ l Seol Chae...,설채현의 놀로와 ,가장 중요한 건 이건 누굴 위한 것이냐 우리 아이들이 얼마나 더 행복했으면 좋겠냐를 고민하는 거잖아요 안녕하세요 설치니 여러분 설치한 수의사입니다 이번 시간에는 반려생활 이슈에 대해서 알아보는 팩트체크 시간입니다 요즘 기사가 좀 몇 개 나온 거 같아요 그래서이 기사에 대해서 한번 얘기해 보려고 하는데 어떤 기사냐면 아마 이거 대만 배우로 알고 있어요 진관림 이분이 길거리를 가다가 강아지가 이렇게 파랗게 아바타처럼 염색돼 있는 걸 보고 분노하는 글을 페이스북에 올렸고 그로 인해서 강아지들의 염색에 대해서 아 이게 괜찮은 것이냐 잘못된 것이냐에 대한 논란이 일어난 거죠 뭐 저도 가끔 보다 보면 조금 부분적으로 하는 경우들은 이제 우리나라에서 많이 보는데 기사나 이런 데서 막 판다공처럼 염색한 아이 아니면 호랑이 무늬를 염색하네 그럼 호랑이를 키우지요 어쨌든 뭐 지금 이번에 기사에서 나온 것도 되게 심해 보이는데 오늘은 강아지들의 염색에 대해서 팩트 체크해 보겠습니다 일단 염색약의 종류부터 알아볼게요 저도 사실이 부분에 대한 전문가는 아니니까 좀 찾아봤습니다 봤더니 염색약의 종류가 아주 다양해요 저도 사실 염색을 하는데요 가끔 편하게 보다 보면 많이들 보실 거예요 열심히 일하다 보니까 새치가 엄청 많아서 염색을 좀 까맣게 하고 있어요 그 염색에도 뭐 사람도 그렇지만 종류가 되게 다양하잖아요 화학 염색약 말고 뭐 일시적으로 염색의 느낌을 낼 수 있는 옥수수 전분가루 컬러 파우더라는게 있고요 그리고 파란 볼터치용 파우더처럼 뭐 이런 펫 블러셔도 있고요 그리고 과일 채소의 천연 색소로 물들이는 천연 염색약도 있습니다 근데 뭐 또 이제 이런 얘기들이 나오게 되는 거죠 이게 만약에 천연 염색약이면 괜찮은 거 아니냐라는 얘기들이 있는데 우리 한번 볼게요 우선은 천연 염색약은 천연이잖아요 그래서 우리 아이들한테 뭐 그렇게 건강에 해를 끼치지는 않습니다 근데 이게 뭐 건강에 해를 끼치지 않는다고 문제가 아예 없는 거는 아니죠 우선 첫 번째로이 염색을 하는 동안 저도 이거 그래서 내가 맨날 와이프랑 싸우는구나 발라놓고 기다려야 되잖아요 그거 기다리는게 귀찮아서 내일 할래 내일모레 할래 이러다가 이제 방송에서 허옇게 나오면 또 이제 우리 와이프는 왜 안 챙겨주는 거 같잖아 하기도 하거든요 저도 제 그걸 알면서도 그 기다리는 시간이 싫어서 미루는 경우들이 많은데 강아지들은 더 그렇겠죠 그 기다리는 시간 아니면 또 행군은 과정 자체가 제가 맨날이 목욕 아이들 싫어한다고 얘기를 하는데 그 과정 자체가 스트레스일 수 있고요 그리고 냄새가 바뀌죠 강아지들도 새로운 냄새를 맡으면 몸을 비비려고 한다거나 아니면 내 몸에 냄새가 바뀌면 얘는 냄새로 난 줄 아는 애들인데 좀 어색할 거 아니에요 강아지들끼리의 의사소통에도 문제를 줄 수 있겠죠 가장 중요한 건 이건 누굴 위한 것이냐라는 거예요 옷 같은 경우에는 예전에 뭐 강아지들이 이걸 좋아하냐 맞아요 싫은데 건강을 위해서 너무 추울 땐 해야 된다라고 요즘 이렇게 얘기를 하는데 강아지들이 우리 사람처럼 내가 염색하면 내가 이뻐져 이렇게 하는 거 아니잖아요 내가 염색한이 트렌디한 모습을 거울을 보면서 좋아하고 만족감을 느끼고 이런게 아니기 때문에 저는 특별히 안 했으면 좋겠다 아 이거 뭐 천연염색약 같은 경우는 건강에 뭐 큰 무리를 주지 않기 때문에 무조건 막 나쁘다라고 얘기할 수는 없지만 누구의 욕심으로 하는 것이냐라는 걸 한번 생각해 볼 필요가 있다는 거죠 이런 천연염색약 외에 또 가장 논란이 되는게 이런 기존의 그런 화학 염색약이죠 저도 사실 염색하기 싫어하는 것 중에 하나가 염색하고 나면 두피가 약하거든요 머리가 간지러워요 가끔은 껍질 같은 거 막 벗겨지기도 하고 근데 제가 항상 강조하는게 뭐죠 강아지들의 피부는 사람보다 약하다 강아지들의 피부는 ph도 중성에 가깝고 두께도 훨씬 더 얇기 때문에 사람보다 되게 약한 피부를 가지고 있어요 특히 이런 사람 염색약은 절대 안 됩니다 그리고이 안에 들어있는 그 화학적 물질을 만약에 알러지성 반응을 보인다고 한다면 더 심각한 문제들이 발생할 수 있겠죠 강아지 전용 염색약도 있습니다 강아지 전용 염색약은 사람 염색약 보다는 안전해요 그리고 강아지 피부 ph에 맞춰서 만들어진다고 합니다 그리고 혹시라도 우리가 머리를 염색 요기만 하고 머리 감을 때 어떻게 해요 염색하고 머리 이렇게 감으시는 분 없으시죠 다 이렇게 이렇게 감죠 내 눈에 이런 피부에 닿지 않게 하려고 이렇게 하는데 강아지들은 어때요 털이라는게 온몸에 있잖아요 이런 이런 걸 꼼꼼하게 우리가 할 수가 없단 말이에요 가만히 있는 아이들도 아니고 그리고 먹었을 때 큰 독성이 없게 만들어지고 있다라고는 합니다 하지만 그래도 화학적 물질이기 때문에 요즘 강아지 상품이나 이런 것도 부드럽고 순한 것들 많이 쓰는데 결국에는 피부에 염증 반응 같은 걸 일으킬 수 있어요 가려움증 뭐 피부 자극 발적 뭐 이런 거 일어날 수 있고 특히 피부염이 있거나 각질이 일어나는 강아지들한테는 절대 염색을 하시면 안 됩니다 그리고 또 가끔 이런 것도 느껴보셨을 거예요 강아지 털을 만져보면 조금 기름지다 이게 꾹 목욕을 안 시켜서가 아니라 하나의 보층 5일층이 생기거든요 염색약은 이런 오일 층을 없애버리면서 하나의 방어막을 제거하는 과정일 수 있기 때문에 주의하셔야 되고요 제가 계속 부정적으로 말씀을 드리고 있잖아요 뭐 천연염색약 먹고 떠나서 그냥 얘네들이 원하는게 아니기 때문에 그냥 안 했으면 좋겠다라고 얘기하는데 실제로 미국 플로리다랑 잭슨빌에서는 동물한테 염색을 하는 거를 학대로 간주되어서 불법입니다 그러면 강아지의 염색을 무조건 학대라고 얘기할 수 있을까라고 생각하면 또 그건 아직까지는 특히 우리나라는 그렇게 기사에 나온 것처럼 아바타처럼 하고 호랑이처럼 하고 막 이런 경우는 없기 때문에 학대라고 말하기는 조금 어렵지 않을까 학대라고 했을 때는이 행위를 했을 때 그 대상이 신체적으로 고통을 느낀다거나 삶의 질이 떨어졌을 때 우리가 학대라고 얘기를 할 수 있는데 아주 심한 염색 아니면 그렇지는 않으니까요 만약에 의학적인 문제가 일어나지 않으면 그렇지는 않기 때문에 과하게 하지 않는 건 학대라고 얘기할 순 없다 하지만 더 중요한 건 우리가 학대를 안 하려고 하는게 아니라 우리 아이들이 얼마나 더 행복했으면 좋겠냐를 고민하는 거잖아요 그런 면에서 봤을 땐 안 하는게 더 좋다 이건 인간의 욕심이다라고 말씀드릴 수 있을 것 같습니다 오늘은 강아지 염색 괜찮을까에 대한 팩트 체크를 한번 해봤는데요 있는 그대로 너무 이쁘지 않아요 너무 이쁘게 막 염색하고 이러는 것보다 우리 아이들 있는 그대로 이뻐해주세요 또 흥미로운 이슈가 있으면 팩트체크 시간에 다뤄보도록 하겠습니다 또 놀러 오세요 안녕 [음악],
76,https://www.youtube.com/watch?v=jJc2i8UiMsU,jJc2i8UiMsU,"Get your dog's health checkup! 🔍 l Seol Chae-hyeon, a behavioral veterinarian",설채현의 놀로와 ,다른 강아지들도 다 하는 것들을 그대로 보여 주시는 거잖아요 실제로 이렇게 전 과정을 본 적이 한 번도 없으니까요 모토를 그렇게 잡았어요 모든 것들을 다 오픈하자 안녕하세요 설치하는 수의사입니다 이번 시간에는 건강검진에 대해서 한번 말씀드릴 건데 사실 얼마 전에 저희 세상이가 건강검진을 했어요 결과를 또 설명을 들으면서 건강검진에 대해서 한번 여러분들께 알려 드려 볼까 합니다 저희 세상에 건강검진을 해주신 VIP 동물병원에 최희돈 원장님을 모셨습니다 안녕하세요 아 이게 되게 어색한게 사실 공사건이었거든요 그리고 우리 선배님이 구사학권이셨고 굳이 여기서 학번을 또 그래서 처음에 병원 딱 여셨을 때 제가 우리 원장님의 병원에 가서 알바를 했던 기억이 있어요 제가 실제로 행동한 공부 안 했으면 저는 vip동을 빼고 인터넷 썼었을 거예요 제가 너무 좋아하던 병원이었고 시스템에 대해서 선배님들한테도 많이 듣고 해서 되게 신뢰를 가지고 있는 병원이라 세상이나 버블이 이리 친구들은 다 vip동물병원에서 이번에 받으셨던 그 VIP 프로그램은 병원에 계신 현창백 박사님께서 대한민국 건강검진의 끝판왕을 좀 만들어야 된다 그분은 이제 심장 전공이신데요 심장 쪽에 질병들의 애들이 생각보다 많은데 일반 검진 프로그램에서는 심장에 대해서 그만큼 다 체크를 할 수가 없다 그래서 내가 직접 애를 케어를 하고 내가 검진하는 아이들은 평생 내가 주치의로서 책임지겠다라는 어떤 그 개념으로 안과 치과 외과 각 과별로 전문가들이 각자 붙어 가지고 정밀검사가 같이 이루어지고요 보통 건강검진은 몇 살부터 하는게 좋을까요 한 살 넘어서 대부분 강아지 고양이들 한 살 미만의 중성화 수술을 해요 그죠 중성화 수술할 때 우리가 몇 가지 검사들이 들어가기 때문에 한 살 미만에서는 그리고 한참 큰 아이들한테는 선천적인 어떤 이상 외에는 큰 질환이 없습니다 선천적인 뭔가를 가지고 있더라도 그게 겉으로 질병으로서 어떤 발현이 되는 여기가 한 살 넘어서부터입니다 그 이전에는 뭔가 결함이 있거나 뭔가 조금은 부족해 보이더라도 성장기이기 때문에 잘하면서 채워지는 경우가 많죠 건강검진 할 때 어떤 검사들을 해야 되냐라는 궁금증이 많으세요 건강검진에서 가장 좀 큰 의미를 갖는 검사가 초음파 검사거든요 왜 그러냐면 혈액 검사나 엑스레이드 그럭 대부분 기계가 좀 해 줘 근데 초음파 검사는 좋은 장비에 정확한 눈을 가지신 분이 객관적인 사실을 가지고 주관적으로 판단을 하는 검사이기 때문에 또 하나는 혈액검사 수치는 일변화도 있어요 어제 검사한 거가 오늘 검사한게 다를 수가 있는데 영상 검사는 사실 그런 부분들이 없고 얘에 대해서 진짜 현재 상태를 명확하게 영상으로 표현을 해주는 거기 때문에 무엇보다 중요하다 저도 이제 결과를 제대로 듣는 것 처음이니까 저희가 영상을 한번 보면서 구독자 분들한테도 한번 해드리면 좋을 것 같습니다 이제 문진표를 한번 작성을 해 볼 건데요 꽤 작성하실 수 있습니다 네가 하다 보니까 진짜로 저 건강검진 받을 때의 느낌 약간 되게 떨리더라고요이 문진표만 작성을 하고 있어도 이때부터는 제가 같이 안 따라 들어가는 거잖아요 보호자님들이 되게 궁금해하실 거예요 건강검진 할 때 아이들이 뒤에서 지금 어떻게 하고 있는지 아마 이게 풀로 나오는게 거의 처음이 아닐까 이거 모든 유튜브 영상 중에 이때는 지금 뭘 하는 건가요 저희 겉에서 보여지는 이제 신체검사를 진행을 하고 있는 거고 이제 건강검진은 시작이죠 머리끝부터 발끝까지 나오는 표현을 쓰는데 강아지는 코어에서부터 꼬리까지 얼굴 쪽에 이제 많은 감각들이 많이 모여 있다 보니까 안과 치과 귀 그리고 그 턱관절 이런 부분들을 보고 있고 있는지 확인해 주시는 거죠 이렇게 이렇게 누르는게 지금은 슬개골 탈고 그리고 고관절에 대한 평가 몸 전체적으로 다 이렇게 만져보면서 불편해 하는 부분들을 지금 찾아내고 있는 과정입니다 그 와중에 정말 우리 세상이 이쁘고 착하네 세상에는 거의 대한민국 0.01%에 들어갈 정도로 진료의 협조적인 아이고 솔직히 저희가 검진을 하면서 애들의 성격이나 이런 부분들이 범진 결과나 아니면 그 소외되는 시간과 이렇게 많이 결부가 세상이 같은 경우는 사실 뭐 저희 스트레스 지수가 제로였다 세상이 같은 애들 가면 건강검진 할인해줘야 되는 거 아니에요 80%까지도 할인해질 수 있는 그런 좋은 성격을 가지고 지금 하는 건 저희가 엑스레이 검사한 거예요 일단 지금 이제 가슴 흉부 엑스레이를 찍고 있는 건데 일차적으로는 신장과 폐 신장과 폐를 감싸고 있는 늑골 척추요 부분에 대한 어떤 이상 여보 그러니까 정상을 벗어나고 있는 어떤 소견들이 있는지 복부 엑스레이를 찍게 되면 배 쪽에서는 허리 척추 그리고 콩팥 간 그리고 방광에 돌이 있는지 이런 부분들이 엑스레이에서 보여줄 수 있습니다 이게 이제 저는 수의사 대해서 한 번도 못 해본 겁니다이 검사는 무엇인가요 신전도 검사를 하는 거고 한 검사하기 어려운 것 중에 하나가 심전도에요 심전도는 가만히 있어야 되거든 움직이면이 파형이 흐트러지니까 가만히 30초 동안 있어 줘야 되는데 그 30초를 위해서 진짜 10분 15분 너무 씨름하다 안 돼 갖고 좀 쉬었다가 다시 하고 이런 경우도 굉장히 많았는데 세상에는 진짜 세상 쉬웠습니다 저 요즘 이런 친구들도 사실 많이 보거든요 기절하는 아이들 중에 부정맥 부정맥 있는 경우는 사실 동물들한테도 너무너무 중요한 건데 검사가 잘 이루어지지 않는 것 중에 대표적인게이 심전도 하고 혈압이에요 근데 너무너무 필수적인 수치이지만 재기 힘들다는 이유로 좀 많이 등한시되고 있는 것들 중에 하나가 이제 심전도입니다 사람이 더 많네요 이런 거죠 이제 초음파를 제대로 보려면 제대로 잡고 초음파를 잘 보는 선생님이 있어야 되고 지금은 주사기로 이제 방광 쪽에서 뽑아냈는데 이거는 소변검사 초음파가 가이드를 해주면서 뽑기가 훨씬 더 편하기 때문에 초음파 할 때 같이 소변 검사를 한 거죠 근데이 과정을 설명을 들으시면 굉장히 좀 아파 보이고 또 잔인해 보이고 그럴 수 있는데 가장 소변에 대한 정확한 진단을 하기 위해서는 방광 내에 있는 그 소변을 검사를 해야지 명확하게 방광염이나 아니면 다른 어떤 질환들을 말씀을 드릴 수가 있고 생식기를 통해서 나온 소변은 생식기를 통하는 순간 거기에 있는 세균들이 섞일 수가 있었기 때문에 정확하게 데이터를 드릴 수가 없습니다 그래서 어쩔 수 없이 저렇게 하는 건데 실제로 저 검사는 매우 안전하고요 통증도 사실은 우리가 생각하는 거보다는 덜 민감하게 반응을 하고 하기 때문에 벌써 애들이 누워 있어 근데 이게 짜증 나서 이거 아픈 것도 잘 못 느낀 거예요 지금은 채혈하는 과정이죠 원래는 체어를 밑에 있는 그 경정맥에서 제어를 강하지 고양이들은 하는데 얘는 오늘 이제 시티도 찍고 치과 치료도 해야 되기 때문에 정맥 라인을 잡고 있는 거죠 어차피 마취도 해야 되니까 저런 강아지가 어딨냐고 저는 되게 어려운 것 중에 하나가 안과였던 것 같아요 근데 뭐 치과 같은 거는 제 눈으로 이제 보고 엑스레이나 뭐 이런 걸로도 잘 보였는데 안과는 우선 장비가 필요하고이 장비도 엄청 비싸서 더 제가 그냥 조그맣게 했던 병원에서 절대 가지고 있을 수가 없거든요 일단 보시다시피 저거는 사람 안과에 있던 그런 도구잖아요 저런 걸 해주게 되면 일단 애들이 표현은 안 하지만 혼자서 불편하고 있었던 이런 것들에 대해서 명확하게 진단을 할 수가 있으니까 예를 들면 저기서 만약에 유리체 뭐가 떠 있거나 아니면 홍채 움직임이 떨어져 있는 아이들은 밝은 불빛 안 돼요 같은 안방에 있어도 얘네들은 그거 자체가 너무 눈부셔 그럼 우리가 그걸 알면 조심해 줄 수 있잖아요 이게 진짜이 프로그램 안에 있는 거를 진짜 다른 강아지들도 다 하는 것들을 그대로 보여주시는 거잖아요 안 하는 걸 찍으면 안 되는데 아니에요 저도 제가 왜 그러냐면 실제로 이렇게 전 과정을 본 적이 한 번도 없으니까요 보면서 저도 좀 놀라워서 청담점에 모토를 그렇게 잡았어요 모든 것들을 다 오픈하자 보호자들이 아이들을 맡겨 놓고 그 안에서 어떤 일이 이루어지고 있는지 모르시는 그런 경우들이 굉장히 답답하고 또 그것 때문에 더 걱정을 하시는 경우가 있을 것 같아서 그래서 실제로 저희는 수술실에 카메라가 달려 있고 치과 같은 경우는 들어오시잖아요 옆에 오셔서 치료하는 거 옆에서 보세요 하면서 얘기하면서 하는 경우도 종종 있고 그래서 성격에 따라 가지고 좀 그거는 유동적으로 하지만 근본적으로는 저희는 다 오픈하는 쪽으로 진료 스타일을 잡고 있습니다 우리 현 박사님네 팀장 초음파 검사는 진단을 위해서는 반드시 필요한 가장 많은 정보를 주는 검사다라고 말씀을 드릴 수가 있고 심장은 움직이는 장기이기 때문에 초음파로 움직이는 걸 보면서 혈액의 흐름이라던가 판막이 열리고 닥치는 거 심장이 뛸 때 얼마만큼까지 확장이 되고 얼마만큼까지 수축이 되는지이 운동성 이런 것들을 종합적으로 평가를 해야 얘가 질병이 있다 없다에 대한 얘기를 해줄 수가 있고 오랜 경험과 다른 어떤 데이터들이 같이 종합적으로 이루어졌을 때이 심장이 이상이 있다 없다에 대한 말씀을 드릴 수가 있는 거죠 CT 촬영이라고 하는 것은 보통 엑스레이를 평면으로 찍는다면 ct는 말 그대로 몸을 잘라서 안면 단면을 영상을 만들고 그 영상을 같이 조합을 하다 보면은 몸 안에서 일어나고 있는 정상에서 벗어난 영상들을 가장 실제 가깝게 영상화 시킬 수 있는 장비고 다른 건강검진 프로그램에서 많지 않은 마취에 들어가는 거잖아요 강아지들한테도 사실 ct를 찍으면 건강검진에 훨씬 좋잖아요 너무너무 좋지 엑스레이 하고 ct하고는 찾아내는 그런 어떤 범위가 다르니까 굉장히 많은 정보를 주긴 하지만 마취라는 그 허들 저는 그렇게 생각해요 마취 자체가 위험하다기보다는 마취를 어떤 목적으로 했느냐가 마취에 대한 후유증이 더 많이 좌우한다 ct를 얘기를 할 거 같으면 시티는 가만히만 있으면 되거든요 그러니까 맞추심도가 저거는 전체 마취 중에서 제일 얕은 정도의 마취가 들어갑니다 정말 정말 중요한 거는 마취 모니터링이에요 마취돼 있는 상태에서 얘에 대한 평가를 계속 하고 맞추기 심도를 계속 비슷하게 유지하는 이런 것들이 잘 이루어진다면 맞춰 자체에 대해서는 막연하게 너무 걱정할 문제는 아니지 않나 비행기가 사고 날게 이거잖아요 뜰 때나 떨어져 내려갈 때 마취도 마취 도입할 때 하고 마취 깰 때가 위험하고 중간에 유지될 때는 사실 큰 이렇게 너무 비유가 좋네요 진짜 확률 자체도 비행기 사고 나서 죽을 확률과 비슷하고 도입할 때랑 깰 때가 가장 위험해요 제가 옆에서 같이 케어하고 있잖아요 저때 또 중요한게 심리상태를 케어하는 것도 중요해요 엄청 긴장하고 있는 상태에서 마취약이 들어가면 마취하기 직전에 심장이 엄청 뛰고 혈압도 뛰기 때문에 얘를 계속 좀 케어를 하고 안정시킬 수 있는 그런 스텝들의 또 손놀림이 필요한 그런 포인트라고 보시면 돼요 그래서 마취라고 하는 퍼들만 좀 잘 우리가 극복을 하고 그 자체에 대해서 너무 안정적인 생각만 하지 않으신다면 사실 건강검진에서 ct는 저는 반드시 다 들어가야 되는 그 검사 항목이라고 생각이 들어요 치과실로 이제 이동을 했네요 ct를 찍고 마취가 된 상태에서 온 거죠네 저 좀 신기한 도구는 뭔가요 헤어드라이기처럼 생긴 치과 엑스레이 장비죠 엑스레이 발생장치 동물 전용 엑스레이라서 사람 독과는 조금 다르고 사람은 모양이나 크기가 조금은 그래도 그 정형화되어 있다 보니까 뭘 물고 있으면 기계가 쑥 돌아가면서 이제 파노라마로 해서 한 화면에 이제 입을 다 펼쳐 놓은 거 같은 그런 영상이 가능한데 개 고양이가 일단 다르고 강아지 같은 경우도 크기가 정말 다양해요 그렇기 때문에 어쩔 수 없이 동물들 치과 엑스레이를 찍을 때는 저렇게 하나하나 하나하나 컷을 찍어서 한 화면에 이어붙이는 식으로 해서 평가를 하게 되고요 치과 검사에서 엑스레이가 매우 매우 중요한데 진짜로요 왜냐면 겉으로 보여지는 이빨이 반이고 잇몸 안에 숨어있는 그 뿌리 부분이 반인데 우리가 그 뿌리를 평가할 수 있는 방법이 사실 엑스레이 밖에는 없거든요 그래서 치과 엑스레이 반드시 필요한 거고 사실 이번에 우리 두 아이의 건강검진 결과가 제가 예상한 거에 너무 더 건강하게 나와서 깨어서 1년 정도는 맘 편하게 잘 관리해 주면 되겠다 이걸 통해서 제 마음의 평안과 내가 그동안 우리 아이들한테 관리를 잘 못하진 않았구나라는 마음으로 아이들을 위해서 건강검진을 한게 아니라 왠지 저를 위해서 한 것 같다라는 생각이 들더라구요 그렇죠 건강검진하고 나서 결과가 정말 괜찮게 잘 나왔을 때는 진짜 마음이 좀 편안해지고 검사하는 입장에서도 세상이가 다행히도 깨끗하게 나왔고 지금 상태의 건강 상태를 계속 꾸준히 유지하는 앞으로 서로 원장님께서 하셔야 될 부분이고 그리고 1년에 한 번씩 저희 병원에서 검진 프로그램을 통해서 세상이 만큼은 진짜 세상에 없는 강아지로 만들어야 한다 저희가 그 건강을 끝까지 책임지도록 하겠습니다 그러면 건강검진에 대해서 딱 정리를 한번 해주세요 사람도 건강검진을 통해서 모르고 있던 질병이나 이상들이 보여지는데 반해서 동물은 내가 불편한 거에 대해서 표현하는 능력이 사람의 5분의 1도 안 돼 알 수 있는 방법은 오로지 건강검진 밖에는 없다 같이 지내고 있음에도 불구하고 얘가 어디를 불편하다 어디가 어떤 질병이 진행되고 있다 내 눈에는 안 보이는 것들이 너무 많습니다 그래서 1년에 한번씩 건강검진을 해주는 거는 어떻게 보면 보호자님들이 예를 위해서 할 수 있는 나는 최선이라고 생각을 하고 또 한편으로는 반드시 해 줘야 되는 의무가 아닌가 오늘 나와주셔서 너무 감사드리고요 꼭 나와주시는 겁니다 저희 최인호 원장님은 치과 전문의시기 때문에 저희가 이제 치과 관련된 부분에 대해서는 제가 원장님을 자주자주 괴롭히고 우리 구독자분들의 궁금증을 풀어 보도록 하겠습니다 구독 좋아요 알림 설정 잊지 마시고요 다음에 또 놀러 오세요 [음악],
77,https://www.youtube.com/watch?v=-Lr5UVUKQEI,-Lr5UVUKQEI,"펫로스, 슬픈 것이 당연합니다. l 펫로스 증후군 l 설채현 행동학 수의사",설채현의 놀로와 ,팬로스에 대해서 가장 힘든 점 중에 하나가 유난턴에라는 사회적 시선이 힘든 거죠 안녕하세요 설치니 여러분 설치원 수의사입니다네 오늘은 좀 분위기가 다르죠 우리 반려인이라면 외면하고 싶지만 외면할 수 없는 팬로스 증후군에 대해서 얘기해 볼까 합니다 그런 얘기들이 있잖아요 반려동물의 유일한 단점은 사람보다 빨리 죽는다는 것이다 이런 얘기를 하는게 좀 슬프고 어려울 수도 있지만 저 같은 사람이 좀 이런 걸 전문적으로 하지 않으면 또 많은 분들이 더 힘들어 하실 것 같아서 진짜 전문가분을 모시고 오늘부터 한번 펠로스에 대해서 얘기를 나눠볼까 합니다네 우리 선생님 소개 한번 부탁드립니다 안녕하세요 헬로스 상담센터를 운영하고 있는 임상심리전문가 조지훈이라고 합니다 그래서 오늘은 조지훈 선생님과 우리 팬로서에 대해서 더 깊게 알아보고 오해에 관해서도 얘기를 해보려고 합니다 저도 되게 궁금한 입장이거든요 아마 이런 방송이 많지는 않았을 것 같은데 그죠 우리가 tv를 보고 슬퍼하거나 가슴 뭉클하거나 이런 것들은 있었지만 정작 정말 힘들어하시는 분들을 위한 정보나 이런 것들은 많지 않았을 것 같아요 제일 첫 번째로 팬로스 우리가 뭐 다 아는 것 같지만 정확하게 좀 어떤 뜻이 있을까요 헬로우스 증후군이라는게 이제 딱 어떤 진단명은 아니에요 이제 뭐 다양한 그런 증상들을 집합체다라고 좀 볼 수 있을 것 같아요 펠로스 증후군이라고 했을 때 뭐 일반적인 사별반응처럼 죄책감을 경험할 수도 있고 우울감을 경험하기도 하고 또 수면 문제 같은 것들도 발생하시고요 여러가지 이제 증상들을 좀 경험을 하세요 저 같은 경우에도 순화를 보낸지가 거의 이제 6년이 6년이 지난 시점에도 슈나 얘기만 나오면 눈물이 나와요 근데 오히려 막 부모님이 돌아가시거나 그러면 처음엔 진짜 슬퍼하겠지만 좀 시간이 지나거나 이러면 그 얘기를 듣는 즉시 눈물이 난다거나 이러지 않는 경우들이 많은데 반려견이나 반려동물에 대해서 얘기를 들면 시간이 아무리 지나도 이렇게 막 오는 그런 느낌인데 그런 이유가 좀 있을까요 반려동물만이 가진 어떤 특성들을 이해하는게 그래서 굉장히 좀 중요한 거 같아요 옥시토신이라는 호르몬 있잖아요 반려동물과 보호자의 유대감을 굉장히 좀 강화시켜주는 그런 호르몬인데 반려동물은 또 반려인에게 또 굉장히 좀 그런 애착행동을 더 많이 유발하게끔 운동을 하게 만들고 부모 자격 관계처럼 굉장히 좀 유사하게 만들어주는 그런 호르몬 때문에도 우리가 이제 반려동물 떠나보냈을 때 굉장히 많이 힘들어 할 수 있다 그러니까 지금도 많은 분들이 무슨 아이 키우는 그 감정을 어떻게 그런 거를 동물과 사람을 이렇게 비교하냐라고 했는데 그게 아닌 거죠 그렇게 전혀 생각하지 않으셨던 분들도 키워보면 내가 이럴 줄 몰랐다라고 얘기할 정도로 그냥 가족을 보냈을 때보다 반려동물을 보냈을 때 더 슬퍼하시는 분들이 이상한게 아니라 정상으로 볼 수 있는 건가요 우리가 하는 행동들도 부모 자녀간 것으로서 굉장히 유사하게 행동하는 것들이 많아요 목소리부터 우리가 달라지잖아요 밥 먹었어 물은 물 하나도 안 먹었네 물 왜 안 먹었어 목소리 톤도 달라지고 하는 행동들도 달라지고 자녀를 잃었을 때 그 고통이 반려동물을 보냈을 때 그런 고통하고 굉장히 좀 유사하게 나올 수밖에 없다이 아이들은 기본적으로 좀 말을 할 수가 없잖아요 그러니까 뭐 어디가 정확히 어떻게 아프다 뭐 이런 것들을 설명할 수도 없고 본능적으로 또 뭐 야생에서 자기가 살아남기 위해서는 약한 걸 보여주지 않으려고 이제 하다 보니까 보호자는 그런 거를 놓치게 되고 그런게 좀 더 큰 죄책감으로 좀 이어지는 것 같아요 강아지들은 우리한테 그동안 행복했고 고마웠다는 얘기를 해주지 못하고 우리는 너 때문에 너무 행복했다 그리고 미안하다 이런 얘기를 전달할 수 없어서 슈나 얘기 들으면 미안하고 이런게 아닌가라는 생각이 들어요 그러면 잘못 생각하고 있는이 팬로스에 대한 오해는 좀 어떤 것들이 있을까요 헬로스라고 하면은 우리가 우울감이라든지 죄책감 이런 감정적인 어려움만 경험하는거다라고 생각해 쉽잖아요 근데 이게 단순히 그런 감정적인 어려움뿐만 아니라 다양한 증상들이 나타나기 때문에 더 힘들다 예를 들어서 식욕도 감퇴되고 무기력감도 굉장히 심해진다던지 그래서 특히 이제 애도와 관련된 그런 생각들 아이를 따라서 가고 싶다라는 생각들 내가 죽으면은 과일을 만날 수 있지 않을까 이런 생각들까지 이제 가게 되기도 하고 그냥 반려동물 떠난 걸로 왜 그렇게 힘드냐라고 바라보는 것이 옳지 않다 그렇게 좀 보여지는 것 같아요 맞아요 이게 예전에 팰러스에 대해서 가장 힘든 점 중에 하나가 유난 떠네라는 사회적 시선 이게 펠로스를 더 심각하게 만든다라고 들었었거든요 유난 떤다 하는데 뭐 유난히 힘든 거죠 견디기 힘든 감정들이 막 올라오다 보니까 공항 발전처럼 이렇게 뭐 숨쉬기가 굉장히 어렵고 답답하고 뭐 정말 죽을 거 같고 막 심장도 막 두근거리고 이런 공항 발작 증상들도 나타날 수가 있다 또 가장 흔하게 생각하는게 이런 걸 것 같아요 그냥 내가 바쁘게 일해서 생각할 틈을 안 주면 잊혀지지 않을까 저만해도 이건 아닌 것 같긴 한데 이건 어떤가요 일시적으로는 사실 마주하지 않으려고 하는게 굉장히 도움이 될 수는 있거든요 근데 장기적으로 봤을 때 이거는 감정들을 누르는 거 밖에 안 되고 결국은 이렇게 눌러져 있던 감정들은 어느 순간 다시 올라오는 거죠 생각해보면 저도 그랬던 거 같아요 그때 되게 바빴을 때였고요 이제 바빠지기 시작할 때였어서 바쁘게 살면 잊혀지겠지 뭐 이런 생각을 많이 했는데 아직도 이렇게 말할 때마다 방송할 때마다 울컥하는 거 보면 완전한 이별을 했다라고 보기에는 또 아닌 것 같다는 생각이 듭니다 또 다른 오해들에는 무엇이 있을까요 저희 반려견 이름이 다롱이었었는데 보내고 빈자리에 대한 공허감이 너무 크더라고요 다롱이가 요크셔테리어였는데 요크셔테리어 한 마리를 다시 키워볼까 이런 생각들을 했어요 사실 좋지는 않거든요 전에 있던 아이는 이렇게 굉장히 순하고 나를 좋아하고 뭐 이러는데 새로운 아이는 나보다 남편을 더 좋아하고 남편만 졸졸 따라다니고 내가 부르면 오지도 않고 한다 뭐 이러면 굉장히 실망감도 느껴지고 더 좌절스럽고 더 그리워지고 성급하게 이렇게 데려오는 것보다는 조금 시간을 갖고 내가이 아이를 완전히 다른 개체로서 내가 받아들일 수 있을 때 또 다른 가족들도 좀 준비가 돼 있을 때 데려오는게 좋을 수 있다 진짜 그런 얘기들 되게 많이 듣잖아요 그냥 쉽게 더 키워봐라고 얘기를 하는게 갑자기 그런 느낌도 드네요 제가 자녀를 낳았는데 자연이어갖고 그럴 레이스 만들겠지만 저보다 먼저 병이나 사고로 저보다 먼저 떠난다고 그 누가 저한테 와서 하나 더 놔봐 이런 얘기는 안 할 것 같거든요 근데 강아지한테 그렇게 얘기를 하는 거니 그거조차도 약간 물건으로 생각을 하고 그런게 아닐까라는 생각이 좀 들고 저는 이제 하나 갑자기 궁금한게 생겼는데 그런 건 어때요 어떤 분들은 뭐 비슷하게 생긴 인형이나 뭐 이런 것들을 옆에다 두고 저는 이게 괜찮을지에 대해서 조금 궁금하거든요 그런 부분에선 굉장히 도움이 될 것 같아요 방금 말씀드렸던 공허한 느낌들 빈자리가 주는 걸 채워주는 그런 점에서는 굉장히 도움이 될 수 있는데 그게 어느 순간부터 굉장히 집착으로 만약에 변한다면이 사별을 내가 못 받아들이고 있다는 증거가 될 수 있다 예를 들어서 그 인형을 내 일상을 방해할 정도로이 아이에 대한 뭔가 경제적으로 부담이 될 정도로 돈을 쓰거나 뭐 이런 행동들은 조금은 사별을 못 받아들이고 있다는 어떤 증거가 만들 수 있다 애도를 잘 겪어내고 슬퍼할 수밖에 없는 상황이니까 충분히 슬퍼할만큼 슬퍼해도 보고 죄책감도 조금은 느껴보고 하면서 해도 늦지 않다 어 이제 마지막으로 이것만은 제대로 알고 있어야 된다 라면 뭐가 있을까요 [음악] 대부분의 정신건강적인 문제에 대해서 갖고 있는 사회적인 통념인데요 나약한 사람들이 가장 조금 위험한 거 아닐까 생각이 들어요 반려견 동물 죽은 거니까 당연히 힘들고 좀 견디다 보면 나아지겠지라는 생각들이 들 수도 있지만 너무이 증상들을 그냥 견뎌내지만 마시고 이게 너무 내 일상을 무너뜨리고 있다는 생각이 드신다면 주저없이 도움을 받아보셨으면 좋겠어요 오늘 이렇게 팰로스에 대해서 기본적인 내용이랑 몇 가지 오해들에 대해서 한번 얘기해 봤는데요 선생님 좀 어떠셨나요 이런 오해 같은 것들을 굉장히 많이 풀어낼 수 있어서이 간 시간이었던 것 같다 생각이 드는 것 같아요 당연히 여기서 끝나지 않겠죠 한편 더 준비했습니다 오늘은 그냥 이제 펠로스에 대한 얘기만 좀 해봤잖아요 그래서 다음 편이 더 중요할 것 같아요 반려견과의 사별 어떻게 극복해야 되는 것인가 어떻게 준비해야 되는지 우리 조지훈 선생님과 함께 또 이야기 나눠보겠습니다 그럼 또 놀러오세요 안녕 [음악],
78,https://www.youtube.com/watch?v=DYtZgz56l3I,DYtZgz56l3I,"펫로스 극복 방법, 이렇게 해보세요. l 펫로스 증후군 l 설채현 행동학 수의사",설채현의 놀로와 ,이 아이들은 무지개다리 건너에서 우리가 행복하게 살다가 자기를 만나러 와주기를 기다리고 있을 것 같아요 안녕하세요 설치니 여러분 설치연수 이사입니다 안녕하세요 설친 여러분 임상심리전문가 조지훈이라고 합니다 저번 시간에는 우리 조진우 선생님과 펠로스 증후군이 왜 슬픈지에 대해서 좀 꼼꼼히 알아봤는데요 오늘이 더 중요할 것 같아요 오늘은 이렇게 사별 후에 이걸 극복하는 방법에 대해서 한번 말씀을 나눠볼까 합니다 우선은 많은 분들이 사별을 경험하고 어떻게 극복해야 되는지이 바람직한 방법이 있는지가 궁금해요 왜냐면 실제로 그런 통계도 있거든요 미국에서는 한 사람이 반려견을 평생 동안 키우는 반려동물의 수가 2.5마리에서 세 마리 정도라고 하고요 우리나라 같은 경우는 한 마리가 조금 넘나 이렇게 되는 걸로 알고 있어요 근데이 가장 큰 이유 중에 하나가이 펠로스를 대한 그 슬픔과 극복하는 방법이 우리가 아직 조금 모자르다라는 얘기가 있거든요 무뎌지는 것에 의지하는 경우도 상당히 많은 것 같은데 그냥 시간이 지나면 무뎌지는 걸까요 시간이 지나면 좋아지기는 하는데 그냥 시간이 흐른다고 해서 좋아지는게 아니라 그 시간 동안 어떤 애도의 과정들이 일어나고 본인 스스로도 노력을 하기 때문에 나아지는 것다 이렇게 볼 수 있을 것 같아요 그래서 뭐 오늘은 좀 페노스적으로 어떻게 다룰 것인가 어떻게 애도를 하고 이런 감정들로 조금 작게 만들 것인가 없어지지는 않으니까 내가 견뎌내고 살아갈 수 있을만큼 얼마나 조금 줄여 볼 것인가에 대해서 조금 이야기를 해보면 어떨까 싶어요 그러면 오늘 우리 선생님이 말씀하신 대로만 하면 슬픔에서 벗어날 수 있는 건가요 완벽하게 벗어날 수 있는 건 아닌 거 같아요 이게 행복한 기억이 될 수 없으니까 인사이드 아웃인가요 그 마지막에 주인공의 감정이 이렇게 변화하잖아요 그냥 슬픈 기억에서 슬프지만 행복했던 기억으로 이렇게 변하는데 그런 거 아닐까 우리가 결국은이 사별에 대한 감정을 슬프지만 행복했던 기억들로 남겨야 되는 거 아닐까 그래서 그걸 어떻게 만들 것인가를 제가 조금 도와드릴 수 있을 것 같다 저도 제 자신한테 놀랐던 건 처음에 수의사 할 때 떠나는 애들 보면 미친듯이 울었어요 근데 이게 시간이 지나면서 무뎌지더라고요 그래서 저는 저희 아이가 갈대 정도 돼서 알잖아요 슬프지만 난 좀 무뎌진 사람 같아라고 생각을 하고 있었는데 저희 아이가 슈나가 가니까 진짜로 어느 정도였냐면 저희 집에서 본가에 운전을 하고 가는데 앞이 안 보일 정도로 울고 있는 거예요 운전을 하는데 앞에 안 보여요 그리고 그 며칠 동안도 좀 일상생활이 잘 안 될 정도로 슬펐었는데 아 뭐 많은 분들이 좀 이러시는 거 같거든요 이제 많은 분들이 사별 이후에 이제 일상이 무너지는 경우들이 많아요 저도 그랬고 특히 이제 자기 자신을 너무 돌보지 않으려고 하시는 것들이 좀 큰 거 같아요 사람들을 만나는 것들이 굉장히 괴로워지고 내가 내보내고 이렇게 어떻게 밥을 먹을 수가 있어 뭐 이런 생각들까지 드니까 식사도 거르게 되거나 뭐 이런 경우들이 좀 많이 있는 것 같아요 내가 컨트롤할 수 있는 슬픔과 감정이 되게 하기 위해서는 어떤 방법들이 좀 있을까요 약간의 루틴은 그래도 유지하려고 노력해보는 거 내가 나가지 않더라도 아침에는 꼭 뭔가 샤워도 하고 나갈 준비를 한 것처럼 이렇게 옷을 또 입고 있고 하루에 10분 정도라도 이제 산책 좀 하면서 뭐 햇빛도 쬐어보고 루틴을 조금 만들어서 일상을 좀 유지하는게 필요하다 거기서 우리가 애도할 힘을 얻고 다시 애도하는 과정으로 돌아올 수 있는거다 저도 그런 상황들을 느껴봤는데 이제 좋아지는 과정에서 느끼는 거 같거든요 어느 순간 웃고 있는 나를 발견하면 어 이게 미안해요 이런 생각을 하시는 분들이 되게 많을 꿈 같아요 이런 것들은 좀 어떻게 해야 될까요 그냥 계속해서 슬퍼만 하는 게에도가 아니거든요 괜찮아지고 적응해 나가는 거 애도가 슬퍼하고 무기력해 있는 상태라면 우리 인류가 애도를 하면서 다 멸종했을 것 같아요 괜찮아지는 것도 정상적인 과정인 거고 내가 웃게 되는 거 즐거운 거 애도를 극복하는 과정에서 자연스럽게 일어날 수 있는 일이다 그렇게 받아들여보는 거고 또 굉장히 중요할 것 같아요 지금 말씀해 주신 것들 뭐 외부 활동도 많이 하고 좀 일상생활로 나아가려고 너무 막 한꺼번에 이겨내려고 하지 않고 이런 것들을 이외에 힘드신 여러분들이 하면 좋을게 또 뭐가 있을까요 우선 초기에는 명상 같은 것들을 하는게 도움이 되실 수 있어요 울컥울컥 감정들이 올라오거든요 오히려 그럴 때는 호흡명상 같은 것들을 하면서 특히 사별 초기에 올라오는 굉장히 고통스러운 감정을 일단은 낮춰 보는 거 그 시기가 조금 지났다면 글쓰기 같은 것들을 좀 하면서 아이에 대한 내 생각이나 감정들을 좀 정리해 보는 거고 저도 이렇게 적어 본 글들이 있거든요 그런 것들을 좀 해보거나 지금 말씀하신 거 들어보니까 제가 좀 딱 생각이 나는게 제 책의 마지막을 보면 제가 신한테 쓴 편지가 있어요 근데 그거를 하고 나서 많이 좋아졌던 거 같아요 저는 글쓰기를 진짜 싫어하는 사람인데 거기다가 슈나에 대한 마음을 제가 전달함으로써 많은 도움이 되지 않았나 지금 딱 그 생각이 드는 것 같습니다 어떻게 보면 책도 sns랑 비슷하다고 생각하거든요 슈나에 대한 미안한 감정 사랑하는 감정을 다른 사람한테 알렸기 때문에 제가 치료가 됐다고 생각이 드는데 SNS뿐만 아니라 대화나 아니면 우리가 다른 사람들과의 관계를 통해서이 해소가 되는 방법이 좀 있을 것 같거든요 같은 경험 정확한 분들을 만나 보는 것들이 굉장히 좀 좋은 경험이 될 수 있어요 나처럼 반려동물을 보낸 사람들과 시간을 보내면서 나는 이렇게 보냈고 이렇게 극복했다라는 것들을 서로 공유하고 그 과정에서 굉장히 좀 도움을 많이 받을 수 있다 모든 분들이 다 도움을 받지는 못할 때도 있어요 그러니까 남한테 내 얘기를 하는 걸 좀 어려워하는 분들은 특히 우리나라 분들은 오히려 뭐 개인 상담 같은 것들이 도움이 될 수도 있고 비슷한 경험이 아닌데 그 자리에 같이 있으면 좀 또 힘들거든요 예를 들어서 나이가 어느 정도 차고 아이가 좀 아프면서 이제 천천히 떠난 케이스들이 많다 근데 내 아이는 7살밖에 안 됐는데 뭐 사고로 떠났다 나만 혼자 거기 있으면 또 그거만큼 외로운 경험이 또 없어요 그런 분들은 또 개인적인 도움을 받아 보시는 것들도 도움이 될 수 있다 지금까지는 좀 우리가 보낸 상태에서 어떻게 극복하는지에 대해서 얘기를 해봤는데 사실 지금 저희 방송을 보고 계신 분들 중에 노견을 키우시거나 아픈 아이들을 키우시는 분들이 어떻게 잘 보내야 될지를 걱정하시는 분들도 분명히 있으실 거예요 이런 반려동물과의 이별에 미리 대처하는 방법도 좀 있을까요 내 아이가 떠날 것이다라는 것을 조금은 인정하는 것들이 우선적으로 좀 필요한 거 같아요 거기서부터 시작이 돼야 되거든요 왜냐면 그래야 이제 준비를 할 수 있으니까 여러가지 내가 후회할 것들에 대한 리스트 같은 것들을 좀 만들어 보고 그런 것들을 하나하나 좀 해결해 나가 보는 거 근데 우선적으로는 아이가 떠난다는 것을 내가 인정해 보는 거 그게 가장 좀 중요할 것 같아요 맞아요 저도 방송에서도 얘기했지만 산책도 잘 못 시켜주고 놀이도 많이 못 시켜준 것에 대한 후회가 상당히 나왔는데 이걸 미리 알고 있었다면 그리고 제가 그때 미리 제 행동하게 대한 지식이나 강아지들의 심리나 행복에 대한 얘기를 많이 알았다면 더 남은 시간 동안 해주려고 많이 노력을 했을 것 같고 이게 지인들이 물어봐요 항암이나 치료 같은 것들에 대해서 이걸 해야 돼 제가 보내 보니까 느낌을 네가 할 수 있으면 해 너 그거 안 해주고 보내면 정말 힘들 거야 이런 얘기들을 많이 하게 되더라고요 이별에 대해서 미리 대처하는 것도 상당히 중요한 거 같고 이걸 받아들이는게 왜 중요하냐 뭐 걱정하고 불안하라는 얘기냐 이게 아니라 남은 시간을 더 행복하게 어떻게 하면 더 행복하고 뜻깊게 보낼 수 있을까를 위해서 인정해 보는게 그래서 좀 필요할 것 같다 오늘은 저번 시간에이어서 이런 사별의 슬픔을 극복해 나가는 방법에 대해서 한번 조지훈 선생님과 알아봤는데요 또 우리 두 번째 편을 이렇게 한번 해봤는데 좀 어떠셨는지 애도를 하는 방법에 대해서 모든 것을 알려 드리지는 못했지만 어떻게 내가 방향성을 잡아야 되는가에 대해서는 좀 도움이 많이 되지 않으셨을까 힘들었던 기억들을 다 없애고 행복한 기억들만 남길 수도 없는 거니까 행복했던 기억들 힘들었던 기억들도 다 내가 안고 살아가는거다라는 것들을 좀 기억해 주시면서 너무 힘들어하지만 마시고 내가 어떻게 애도를 할 것인가 어떻게 너를 준비할 것인가를 잘 고민해 보셨으면 좋겠습니다이 아이들은 무지개다리 건너에서 우리가 행복하게 살다가 자기를 만나러 와주기를 기다리고 있을 것 같아요 아이가 그렇게 바라고 있는데 뭐 내가 계속 슬퍼하고 태어나오고 있는게 맞는 것인가를 한번 생각해 봤으면 좋겠다 내가 애도라는 것들을 잘 해나가면서 영상으로 다시 돌아오는 것을 아이도 바라고 있으니까 나도 그렇게 노력해 보겠다 생각해 주시면 좋지 않을까 헬로스를 겪고 계신 분이 계시다면 한마디만 해달라고 하면 꼭 드리고 싶은 그 한마디가 아닐까라는 생각이 듭니다 사실 저도 늦었지만 조지훈 선생님과 슈나와의 이별의 과정을 진행해 보려고 해요 그리고 제가 먼저 이렇게 보여드리면 많은 분들이 나뿐만 아니라 저 설치원이라는 전문가도 저렇게 힘들어하고 있구나 이런 것들이 오히려 좀 더 위안이 될 수도 있다라고 생각을 해서 조지훈 선생님과 한번 상담을 한번 진행하는 걸 촬영을 해보면 어떨까 싶습니다 저는 언제나 환영이죠 필요하지만 조금 슬픈 얘기를 나눠 봤는데요 오늘도 옆에 있는 반려동물과 더 행복하고 소중한 하루 보내시고요 다음번에 더 재밌고 좋은 정보로 찾아오도록 하겠습니다 또 놀러오세요 안녕,
79,https://www.youtube.com/watch?v=w4jNqGrkKR0,w4jNqGrkKR0,"Detecting Pet Cancer and Tumors Early! 🔍 l Pet Tumors l Seol Chae-hyun, Behavioral Veterinarian",설채현의 놀로와 ,그치만 안타깝게도 제가 만난 암환자 중에 가장 어린 왕자는 6개월짜리 암환자도 있었어요 안녕하세요 설친이 여러분 설치연수 이사입니다 오늘 저음 뵙는 얼굴이 함께 하고 있죠 제가이 시간을 정말 좋아합니다 제가 잘 모르는 분야에 대해서 좀 여쭤보고 저도 배우고 여러분들한테도 잘 알려드리는 시간 우리나라 수의학에서 암과 관련돼서 가장 유명한 수의사 분 중에 한 분입니다 임윤지 원장님 모셨습니다네 반갑습니다 저는 반려동물 암 치료를 지금 15년째 하고 있는 암 전문 수의사 임윤지라고 합니다 뭐 vip동물병원도 재덕을 좀 보는 거 같지만 저도 VIP 동물병원 덕을 많이 보는게 이렇게 공부도 하고 그리고 저희가 그동안 찍었던 김종인 원장님과의 슬개골 탈과 관련된 거 그리고 최희돈 원장님과 건강검진 이런 것도 진짜 많은 분들이 관심을 가져주셨어요 그런데 사실 저는 원장님과 꼭 얘기하고 싶었던게 우선 저도 보호자로서 가장 신경 쓰이고 걱정되는게 암이고요 사실 예전에는 뭐 15살까지 살면 잘 살았다고 했지만 요즘 아이들 20 그럼요 그럼요 제가 만나는 환자들의 보통 평균 연령이 열 다섯 살입니다 출력이 발전되면서 그리고 보호자님들이 관심을 가져주시면서 치료가 되다 보니까 사람이랑 똑같이 수명이 엄청 길어졌네요 요즘 워낙 관심도 많이 가져주시고 좋은 환경에서 생활들을 하다 보니까 건강한 모습으로 나이 들어가는 노견이나 노령 고양이들이 늘어나고 있거든요 그러다 보니까 우리가 암을 만날 수 있는 나이까지 잘 케어해 주셔서 결국은 만나게 된 질병이라고 생각을 합니다 우선은이 자리를 마련하게 된게 저희 롤러스퀘어에 vip동물병원이 있잖아요 VIP 동물병원 2층에 우리 이면지 원장님이 오셔서 암만 전문으로 보는 암센터가 생겼습니다 그러다 보니까 이제 여쭤보고 싶은게 있어요 동물의 암센터 몇 년 전만 해도 동물들도 암에 걸려요라고 하시는 분들도 되게 많았거든요 그리고 암센터가 어떻게 보면 조금은 생소하실 수도 있을 것 같아요 암세터에서 하는 일은 무엇인지 어떤 환자들을 좀 돌보시는지 간단하게 한번 설명해 주셔도 좋을 것 같아요 사실 암센터라고 해서 환자가 엄청 다르지는 않습니다 근데 제일 많이 보는 환자들은 뭐가 있어요 해서 오는 환자들이죠 피부들 뭐든 몸속에든 혹이 있어요 해서 오는 환자들이 일차적으로 만나게 되는 환자들이고 두 번째로 많은 환자들은 식욕이 떨어졌어요 체중이 감소했어요 근데 원인을 못 찾겠어요 이런 이제 비특이적인 증상들의 환자 겉으로 보기에는 딱 병이 있어 보이진 않지만 그런 환자들이 이제 주로 제가 만나는 환자들이고요 드물게는 희귀질한 이런 환자들도 만나고는 있습니다 암에 대한 오해에 대해서는 저희에게 꼭 드리고 싶었습니다 많은 분들이 이걸 궁금해 하실 것 같아요 반려견들의 암 무조건 나이가 들어야지만 생기는 것이다 보자 분들 오시면은 암이 왜 생겼나요 이런 거 굉장히 질문을 많이 하시는데요 사실 보호자분들에게 꼭 드리고 싶은 말씀이 있어요 이건 누구의 잘못도 아니고 교자분이 뭔가를 어떻게 했기 때문에 생기는 병이 절대 아닙니다 다만 정상적으로 우리 몸에는 하루에도 수백에서 수천개씩 고장난 세포들이 생기게 돼 있거든요 근데 그 세포들이 면역력이 건강한 젊은 시절에는 다 청소가 돼요 그런데 나이가 들면서 면역력 떨어지고 고장나는 세포도 더 많아지고 그러면 거기가 청소되지 못한 세포들이 일부 남아서 이제 종양화로 변한다라는게 요즘 견해거든요 간단하고 이해하기 쉽게 설명해 주신 거 같아요 그래서 노령견이 더 많을 순 있어요 종양 환자들이 암 환자들이 그렇지만 안타깝게도 제가 만난 암환자 중에 가장 어린 왕자는 6개월짜리 아만자도 있었어요 나이가 어리니까 암은 아닐 거야 이거는 아니지만 비교적 나이가 많을수록 더 관리할 확률이 높은 건 사실입니다 항암하면 위험하다 그런 얘기 정말 저도 많이 있는데요 사람 항암 하셨던 경험들이 있으신 가족분들이 오히려 더 그러신 거 같아요 사람은 항암을 하면은 이제 굉장히 힘든 모습들을 많이 겪으신다라고 알고 계시고 우리에게는 저렇게는 안 할 거야 이렇게 생각을 하시니까 항암에 대해서 조금 부정적인 생각을 가지고 오시는 경우들이 많은데요 동물 한자의 항암제 투여 용량과 사람의 투여용량은 굉장히 차이가 있습니다 치료 목적 자체가 동물 환자들의 항암치료 목적은 우리가 이제 qol이라고 얘기하죠 삶의 질을 유지할 수 있는 시간을 조금 더 가져볼 수 있으면 좋고 기간이 늘어나진 않더라도 유지 내지는 향상시켜보자 이게 치료의 목적이기 때문에 그렇게 고통스러워하고 괴로워하는 시간이 늘어나는 치료를 하고 있지는 않습니다 저도 이해가 지금 딱 된게 사람의 경우에는 무조건 살려야 된다 그러다 보면 항암제도 더 많이 들어가게 되고 다른 세포들도 멀쩡한 세포들도 죽으니까 더 부작용이나 이런 것들도 많이 나타나는데 강아지 항암의 목표는 생명 정장이나 이런 것도 중요하지만 우리가 qo의 퀄리티 오브 라이프 할매질을 향상시키는데 더 목적이 있기 때문에 훨씬 더 부작용 같은게 적은 경우가 많다 제가 제일 중요하게 여기는 질문이 이제이 질문일 것 같아요 우리 아이가 암이래 치료를 해야 돼 아니면 그냥 얘 편하게 갈 수 있게 그냥 둬야 돼 오늘 너무 감사합니다 정말 제가 꼭 하고 싶은 얘기를 질문을 해주셔서 일단 암 환자의 마지막을 보신 적이 없으신 분들은 아마 이런 생각을 당연히 하실 거라고 생각을 해요 암 환자가 다른 치료를 안 받고 맛있는 거 먹다가 잘 떠날 수 있겠지 이런 상상을 하시죠 제 첫 안락사를 아직 잊지 못해요 너무 상태도 안 좋은데 너무 아파하면서 막 소리를 지르고 제가 본 아이들 중에 제일 불쌍해 보였어요 춤도 잘못이죠 당연히 막 보호자랑 상담해서 안락사를 했던 경험이 있어서 절대로 이게 암 환자를 그냥 두면 편히 간다 어떻게 보면 역설적인 얘기가 되는 거죠 암 환자가 아직 밥을 먹고 활력이 좋아 보이고 퍼포먼스가 좋은 상태라면 치료하기 딱 좋은 시기입니다 이고요 그 삶의 질을 유지해야 되니까 밥을 못 먹고 컨디션이 안 좋다 그럼 더더욱 수의사 병원에 도움을 받아야 되는 단계입니다 괴롭지 않게 하려면 사실 암 환자의 마지막 모습은 크게 세 가지인 것 같아요 첫 번째는 암으로 인한 합병증으로 사망하는 경우 대부분 패턴이 어떠냐면 암 환자들이 마지막에 식욕이 없고 잘 안 먹고 하니까 맛있는 것들을 이제 자꾸 드시기 시작해요 고기나 기름진 거 소화도 안 되는 상태고 모든 장기 기능이 떨어져 있는데 고지방 고단백의 음식을 안 먹다가 굶다가 갑자기 먹고 나서 이제 배탈이 근데 모든 장기들이 염증 상태고 컨디션이 좋지 않다 보니까 어렸을 때는 하루 이틀이면 나았을 장염이 심해지면서 췌장염도 생기고 폐렴도 생기고 해열증이라는 상태까지 진행이 되면서 떠나게 되는 패턴 제일 많은 패턴이에요 5 60%의 환자들은 이렇게 떠나는 거 같아요 그리고 두 번째는 이제 전이에 의한 증상으로 호흡곤란이나 발작 같은 증상이 나타나면서 안락사를 고려해야 되는 환자들 세 번째는 그냥 나이 들어가는 모습에 의한 암 말고 다른 질병이나 정말 너무 안타까운 거는 애들이 이제 기력이 없으니까 보호자분들 이렇게 안고 이동을 하시다가 낙상 잘 치료받고 컨디션 엄청 좋은데 아빠가 보고 좋아서 가려고 이러다가 낙상 이런 경우들이 정말 있어요 여기서도 균형을 잡고 있는 건데 자기네들 마음은 맞아요 그 중에 어떤 것도 편안하게라는 표현이 어울리는 마지막 모습은 잘 없는 거 같고요 결코 아무것도 안 한다고 편하게 갈 수 있는 그런 질환은 아닌 것 같습니다 어떤 분들은 그렇게 생각하거든요 내가 얘를 더 살게 해서 내 자기만족 내 욕심 때문에 얘를 힘들게 하는게 아니니까 그거에 정반대라고 생각을 하셔야 되고 제가 동물 암 환자들은 오랫동안 이렇게 보면서 정말 느끼는 거는 내가 저 아이의 모습이라면 난 저렇게 의연하게 담담하게 내 질병을 받아들이고 하루하루를 살아갈 수 있을까라는 모습이 아이들이 정말 많거든요 그런데 그 아이들은 오늘 하루 행복하고 오늘 하루 통증이 없고 오늘 하루 가족분들이 사랑을 주시면 그 하루를 감사한 마음으로 살아가는 것 같아요 우리가 강아지들한테 꼭 배워야 되는 건 뭐냐면 얘는 현재를 산다 정말로요 과거를 후회하지 않고 지금 현재를 사는데이 현재를 조금이라도 편하게 해주는게 얘네들의 설매지를 높여주는 일이니까요 이런 오해가 있는지 몰랐어요 fna 파인리드 어스피레이션이라고 하잖아요 피부나 이런데 종양이 이렇게 올라와요 그러면 원래 가장 정확한 검사 방법은 이걸 떼서 조직 검사를 하는 건데 지금 당장 이걸 하기 좀 부담스럽고 대부분 또 이게 마취나 이게 좀 필요하니까 얇은 바늘 같은 거를 넣어서 뽑아낸 다음에 그 내용물을 현미경으로 보는게 파인리드 어스피레이션 f&a가 되는데 이걸 하면은 암이 악화된다는 소문이 있는 거죠 맞습니다 그걸 하다가 이게 암이 전이 된다는 생각을 가지시는 건가 뭔가 안 좋은 얘기들을 많이 보신 거 같아요 근데 제가 왜 이런 유언비어나 루머가 돌기 시작했을까라는 거를 좀 찾아보기 시작했어요 그랬더니 한 세 가지 정도의 상황이 오해를 불러일으킨 거 같아요 첫 번째는 동물 암 환자들한테 제일 많이 볼 수 있고 제일 잘 찾기 쉬운 림프종양이라는게 있는데요 차표면에서 림프절들이 만져지거든요 처음 발견했을 때는 분명히 한계가 커졌는데 둘째 날 보면 하나가 더 생겨 있고 이런 식으로 굉장히 빠르게 림프절들이 하나씩 하나씩 커져 가거든요 그 어느 순간에 원장님께서 이제 여기 fnn을 하셨겠죠 근데 그 다음날 보니까 뒷다리에도 생긴 거죠 그러니까 이게 혹시 fna를 해서 여러 개가 생긴게 아니냐 오해를 하셨을 수 있지 않을까 우리 보호자님들이 그러신 경우들이 있죠 이게 항상 뭘 하고 나서 생기면이 인과관계를 바로 연결시켜 버리시는 또 두 번째는 비만세포 종양이라고 하는 피부에서 제일 많이 생기는 종양 중에 하나인데 그거는 fnl을 하고 나면 뻘겋게 부어오르거나 가려워하면서 피가 나는 경우가 있거든요 그런데 눈으로는 사실 구별이 어려운 종양이거든요 그러다 보니까 세포 검사를 하고 그게 확인이 되면 비만세포 종양입니다 설명을 드리고 부어오르는게 가라앉도록 처치를 해드리는데 모자분들이 봤을 때는 요만했던게 요만해졌어 이렇게 되니까 이게 혹시 fna를 하고 나면은 나빠진다라는 또 루머의 하나가 되지 않았을까 또 마지막으로 하나는 수의사 선생님들도 많이들 얘기하시는데 방광에 종양이 있을 때 소 거기를 새침 흡인을 하게 되면 전이가 된다 이런 이제 얘기를 하시는 분들이 있으세요 근데 이제 거기에 오해가 하나가 있어요 방광을 fn을 했는데 패전이가 된다 이런게 아니고 방광을 fn을 할 때 피부를 바늘이 뚫고 들어가서 방광에 들어가게 되는데 바늘이 나올 때 바늘이 들어간 자리를 따라서 암세포가 딸려 나오면서 그 부위에 변이를 유발할 수 있는 경우가 있습니다라는 얘기를 논문에 나온게 있어요 그러다 보니까 수의 선생님들의 의도는 그 설명을 하셨을 건데 보호자분들은 전이가 됩니다만 이렇게 기억이 되셔 가지고 이걸 하면 패전이가 됩니다라고 오해를 하고 계시는 거 같아요 항상 전문가들의 고충인 것 같아요 잘못된 정보가 더 빨리 퍼져 확률이 훨씬 적은데 사람들이 위험해 이런 잘못된 정보들이 너무 빨리 퍼져서 저도 행동을 하는데 제가 그거를 이제 어퍼가는 문화를 만드는 사람이거든요 너무 힘든 거죠 목표를 저 죽을 때까지로 삼았어요 제가 정말 이제 가장 걱정되는 건 건강검진을 할 때마다 우리 13살 버블이가 종양이 생겼으면 어떡하지 작년에는 아주 깨끗하게 잘 나왔습니다 근데 이제 또 올해 좀 걱정이에요 그래서 지금이 방송을 보시는 분들이 가장 궁금해하시는게 이걸 거 같아요 암 조기 발견을 위한 팁 일단 그 다음 중요한 거 세 가지 정도만 얘기를 드리고 싶어요 첫 번째 암이 발견되는 가장 쉬운 경로가 몸에서 만져서 만져지는 거잖아요 1cm가 넘기 시작하면 체크를 꼭 받아보세요 이게 문제가 있을 가능성이 있는지 아닌지에 대한 판단을 받으시면 좋겠습니다 두 번째 팁은 똑같이 먹는데도 체중이 10% 이상 빠지거나 왠지 기력이 없어 보인다 그러면 건강검진 꼭 받으세요 마지막으로는 예전에는 잘 회복이 됐는데 잘 회복이 되지 않는 뭔가 염증이 반복될 때 예를 들어 이제 제일 흔하게 우리가 발견하는게 장염 뭐 잘못 먹으면 곧잘 설사하곤 했는데 요즘엔 그게 좀 잦아졌어요 비염 예전에도 콧물 잘 나고 그랬었는데 약 먹으면 낫는데 요즘엔 안 나와요 방광염 예전에도 방광이 염증이 좀 잘 생기곤 했는데 요즘엔 약을 먹어도 계속 그래요 근데 거기에 포인트가 플러스 출혈이 같이 생겨요 그 어렸을 때처럼 생각하고 자꾸 약만 받아 먹이시고 이러시다가 너무 시기를 놓쳐서 발견이 되는 경우들이 있거든요 그래서 그런 경우들은 꼭 체크를 해보셨으면 좋겠습니다 저희도 아이들이 안 아팠으면 좋겠는데 우리 안 보는게 가장 좋기는 한데 만약에 아무런 진단이 되었다면 좀 어떻게 해야 될까요 그에 앞서서 아무로 진단이 되었다에 대한 정의를 좀 하는게 중요할 것 같아요 암입니다는 아니에요 보통 이제 제가 만나는 대부분의 환자들 중에 엑스레이 찍었더니 혹이 있대요 ct를 찍었더니 혹이 있대요 이렇게 해서 만나게 되는 환자들이 굉장히 많아요 거기까지 하신 것도 아주 좋은데 문제는이 혹이 양성일 수도 있고 진짜 우리가 말하는 암일 수도 있어요 여기서 한번 설명드리고 가야 될 것 같아요 종양이라는게 있으면 혹 같은 걸 우리가 종영이라고 얘기를 하고 이게 두 가지로 나뉩니다 양성 종양 그리고 악성종양 악성 종양이 우리가 흔히 말하는 전이를 하는 암네 양성종양은 혹처럼 커지지만 전이 있는 하지 않는 다만 양성 종양도 생기는 위치에 따라서는 문제가 되죠 뇌종양 그래서 암이 진단되었다라는 거에 키포인트는 폭이 있다가 아니라이 혹을 검사를 해봤더니 전의를 유발시킬 수 있는 세포가 보이더라 또는 조직이 보이더라 여기가 암 진단이라고 생각을 해 주셔야 될 것 같아요 암이라고 진단이 되었다면 이제 몇 기암인가가 굉장히 중요합니다 1기암 2기암은 크기인의 차이일뿐 버니가 아직 일어나지 않았습니다이기 때문에 적극적인 치료를 하면 어쩌면 완치가 가능할지는 모르는 그런 암일 단계이고 3기암이라고 하면 최소한 림프절의 전이는 일어나서 어떤 치료를 하더라도 사실 완치에 가까운 치료를 하기가 쉽지 않겠습니다인 경우고 림프절로 전이가 되면 결국에 다른 쪽으로 되게 빠르게 연결시켜 줄 수 있는 통로가 되기 때문에 페나 림프절의 암이 전이가 돼 있다라고 한 보시면 사실은 없는 단계가 아닐까라고 얘기를 드려야 됩니다 그래서 이제 그런 거에 따라서 치료 목적을 정확하게 잡아야 돼요 여기에 삶의 질을 유지할 수 있는 방법이나 증상을 완화시킬 수 있는 방법은 많이 있거든요 그리고 나서 이제이 환자에게 도움이 되는 치료 방법을 알아야 되는데 그 외에 앞서서 확인을 해 두셔야면 좋겠는게이 환자가 그런 앞으로 어떤 모습으로 알게 될 것이냐에 대한 정보를 좀 얻으실 수 있다면 마음의 준비도 할 수 있고 아 이런 증상은 내가 케어해 줄 수 있어 이런 증상이면 병원에 도움을 받아야겠다 이런 계획을 세울 필요가 있어요 그런 것들에 대한 계획과 충분한 사전 협의가 이루어진 다음에 항암치료를 하던 수술을 하든 뭐 이런 것들이 진행이 돼야지 가장 좋은 선택을 할 수 있다고 생각을 해요 저는 보좌 분들께 이렇게 얘기를 드리거든요 일단 큰 숨 한번 쉬시고 신발끈 한번 꽉 묶고 내가 가야 할 방향을 향해서 열심히 묵묵히 뛰어갑시다 다시는 뒤돌아 볼 가지고 있는 기회가 없을 수 있는 질환과 함께 마주하고 있기 때문에 문과들만 할 수 있는 얘긴데 수의사는 이과인데 모르고 닥치면 되게 슬프고 불안하고 두려운데 알고 있었다라고 한다면 사람들이 맞아요 그래도 아 그게이 증상이구나 다음 단계로 넘어가야 될 때가 되었구나 이런게 준비를 해가면 조금 더 현명하게 대처할 수 있는 거 같아요 수의사라는 직업은 행동을 하든 암을 하든 우리 아이들이 더 행복하게 할 수 있도록 하는 직업이구나라는 걸 다시 한번 느낀 거 같아요 정말 많은 도움이 되셨을 것 같은데 궁금하신 점 있으신 분들은 댓글 남겨 주시고요 오늘 감사했습니다 감사합니다 다음번에도 더 좋은 정보로 찾아뵙도록 하겠습니다 또 놀러 오세요 안녕 [음악],
80,https://www.youtube.com/watch?v=Xgo74ox_oiY,Xgo74ox_oiY,양치껌 허니콤츄 M 사이즈 출시! 댓글 질문도 답변해드려요!🍯 l 설채현 행동학 수의사,설채현의 놀로와 ,[음악] 다 먹었어 [음악] [웃음] 우선은 저희 허니콤치로 막 좋다고 이건 진짜 잘 쓰면 효과 너무 좋다고 자랑만 하고 다녔는데 허니콤즈 s를 구매하시고 우리 아이들한테 급여 해주시는 분들의 만족도가 구매율 1위에 만족도가 97.8%입니다 진짜 엄청난 거 같아요 저는 뭐 많이 팔리는 것보다이 만족도가 저에게 너무 또 좋은 의미이고 우리 아이들한테 좋은 것들을 더 고민해서 만들어야겠다는 생각 보호자 분들한테는 내가 이거를 샀는데 실패했어 이런 생각을 안 하게 하기 위해서 더 노력하는 힘이 되는 것 같습니다 우선은 뭐 m 사이즈의 차이점을 보시면 가장 먼저 크기가 있겠죠 이게 스몰 사이즈 이게 리듬 사이즈입니다 면적으로 보면 한 1.7배에서 2배 정도 커진 거 같죠 구멍 갯수 104개 그리고 이렇게 벌집 모양 구멍이 있고요 시트를 긁어줄 수 있는이 벽이 내 378개 다 똑같습니다 조금 달라지는게 있어요 이런 거 다 솔직하게 말씀을 드립니다 스몰 사이즈 같은 경우에는 만들 때 가수분해를 좀 했어요 가수분해 단위를 이제 분자량으로 이제 달톤이라고 하는데 적을수록 좋은 거예요 그래서 8000달톤 이하의 가수분해 닭과 쌀을 이용해서 만들었기 때문에 알러지 있는 친구들도 조금 걱정을 덜고 급여를 할 수 있었는데 M 사이즈 같은 경우에는 각과 대국 원물이 좀 들어가 있어서 가금류 알러지 있는 아이들은 급여를 안 하시는 걸 더 추천드립니다 근데 그러다 보니까 조금 느낌이 좀 달라진 것 같아요 오히려 스몰보다 미디움이 조금 더 부드러운 느낌 그리고 제가 또 먹어봤었거든요 근데 전 이게 더 맛있는 것 같은 아무래도 가수분해를 하면 좀 써지거든요 그러다 보니까 m사이즈의 기호성이 조금 더 부드럽고 조금 더 올라간 느낌이 있습니다 그거 이외에 염증 완화시켜주는 마누카꿀이나 우리 치아에 좋은 성분들은 똑같이 들어가 있습니다 사실이 미디움 사이즈라고 해서 소형견을 급여하면 안 되냐 그건 아니에요 우리 보호자분들 중에 너무 좋은데 너무 빨리 먹어요 하고 걱정하신 분들 미디움을 급여 하셔도 됩니다 근데이 구멍 크기가 좀 다른 거 보이시죠 구멍 크기가 조금씩 다르기 때문에 치아 크기에 맞춰서 주는 거를 더 추천드립니다 그래서 저도 세상이한테 미림을 줘봤는데 세상이가 미림을 더 좋아하기는 하는데 치약 크기가 세상이 워낙 작다 보니까이 스몰 사이즈가 더 맞는 거 같아서 지금은 스몰 사이즈를 주고 있어요 워낙 또 궁금하신 것들이 많으실 거라서 제가 질문과 답변을 한번 준비해봤습니다 허니콤주 다 알려드립니다 질문 주세요 아 가고 싶다 수출 한번 해보고 싶어요 여러분들의 성원에 힘입어서 더 많이 사랑해 주시면 정말 한번 수출 한번 해보고 싶어요 반도체만 수출하는게 아니라 선이 훔쳐도 수출해 보도록 열심히 노력하겠습니다 사실 S 사이즈를 사용해주지 않으셨다면 m 사이즈는 나오지 않았겠죠 여러분들이 또 m 사이즈를 갈아내주시면 라지 사이즈도 나올 수 있을 겁니다 열심히 노력하겠습니다 안 하는 것보단 낫습니다 순서로 볼게요 양치가 가장 효과가 좋구요 올바른 양치권 허니콤주일 것 같고요 그 다음이 손일 것 같아요 손으로만 해주신다고 한다면 치약을 일반 치약 말고요 치태를 분해하는 효소가 들어있는 치약을 쓰시면 좋을 것 같고요 사실 손으로 하는 것보다는 허니콤 추가 효과가 더 좋아요 그럴 수밖에 없는게 안쪽까지 조금 더 벽이 긁어줄 수 있으니까 사실 손으로만 하면 치트를 많이 이렇게 닦아내지는 못할 거예요 긁어서 올려줄 수 없기 때문에 물리적인 효과가 없는 건 아니지만 가장 효과가 좀 낮을 것 같다 제가이 허니콤주에서 진짜 자신있게 추천하는 부분이 뭐냐면 바로 치약을 발라주는 거죠 대부분의 개껌들을 치약 발라주기가 어렵거나 불가능하다고 봐도 돼요 근데 저희는 치약을 정말 잘 머금고 딱 이빨에 도포해 줄 수 있는 그런 모양을 가지고 있어요 그래서 치약을 조금씩 리듬 사이즈는 한 두 곳에 이렇게 살짝 발라주고 그리고 그냥 손가락이나 아니면 집에 있는 스푼이나 이런 걸로 이렇게 문질러 줍니다 양쪽으로 다하면 좋겠죠 그래서 요 안으로 이빨이 들어가면서이 벽들은 치약을 도포시켜 주면서 치트는 긁어내주는 역할을 해주겠죠 그래서 당연히 이렇게 치약을 발라서 문질러 주는 것과 이걸로 씹으면서 문질러지는 것과 어떤게 더 효과가 좋냐라고 한다면 허니콤치가 더 효과가 좋겠죠 사실 사람만큼 하면 좋아요 강아지들도 하루에 세 번 두 번 하면 훨씬 좋겠죠 근데 문제는 뭐냐 그렇게 많이 하면 할수록 보호자와의 사이는 나빠질 거예요 제가 항상 말씀드리죠 강아지들은 왜 자기가 양치를 해야 하는지 모릅니다 그러기 때문에 보호자와 사이가 더 나빠질 수 있어요 그러면 가장 추천하는 건 몇 번이냐 우선은 아이들이 너무 싫어할 수 있기 때문에 하루에 한 번을 추천하는 거죠 왜 하루에 한 번을 추천하냐 치태가 치석이 되기까지 하루 이상의 시간이 필요해요 하루가 되기 전에 치태를 긁어내주면 치석으로 딱딱해지는 걸 막을 수 있다는 거죠 그리고 치석을 제거하는게 아니라 치태를 제거하는 거예요 치석 석이 뭐예요 돌 계란으로 바위치기도 아니고 도를 어떻게 껌으로 없애요 안 되죠 부드러운 바이오필름인 치테를 제거해 주는 거예요 그래서 하루에 한 번 정한 대면 이틀에 한 번을 추천합니다 진짜 싫어하는 아이들 그리고 요즘 mg 강아지라고 제가 불러요 지가 싫은 거 표현하는 애들 그런 아이들의 양치를 하기 힘든 경우들이 많죠 그럴 때는 허니콤치가 가장 좋은 대체재가 될 수 있습니다 어네 이게 진짜 이게 스몰이 진짜 조그만데도요 가끔 보면 진짜 조그만 친구들이 있어요 너무 작아서 이거 자체도 너무 큰 아이들이 있어요 그런 경우에는 뭐 사실 이렇게 저러시는 분은 없겠죠 아 이렇게 아 굳이 그러실 필요 없어요 턱이 너무 작아서 이게 입이 잘 안 벌어지는구나 안 되진 않습니다 근데이 안에도 격벽이 있어서 이거 이렇게 자르기 되게 힘드실 텐데 저 같으면 그냥이 중간을 잘라서 줄 것 같은데 잘라서 주는 거는 상관없습니다 근데 이제 큰 아이들한테 잘라서 주면 그냥 꿀꺽 삼켜서 효과가 없는 경우들이 있으니까 주의해 주시고요 사람도 그렇지만 주 턱이 있습니다 강아지들도 그래서 한쪽으로만 먹는 아이들이 있어요 그런 경우에는 보호자분이 이렇게 손으로 잡아서 돌아가면서 주시는 것도 하나의 방법입니다 사람이 이빨 닦고 과자 먹는 느낌이잖아요 사실 근데 양치를 끝나고 나서 보상을 해주는게 나 양치 너무 좋아 교육적인 효과가 아주 많지는 않아요 되게 찜찜하잖아요 우리 양치하고 나서 뭐 먹는다라는게 그러면 또 해야 될 것 같은데 이게 그러면 양치에 효과가 있는 것인가라는 고민들이 있을 수 있기 때문에 최대한 삼가해 주시고 만약에 허니콤주를 좋아한다고 하면 한번 대체해 주시는 걸 추천드립니다 [음악] 오케이네 좋아요 우선은 제가 좀 여러분들한테 말씀드릴게 있어요 이게 이제 건강한 치아입니다 반대편에는 우리가 양치를 하지 않아서 치석이 강하게 껴서 치주까지 침범한 모형이 있습니다 이것 때문에 핸드 스케일링을 추천하지 않는 거예요요 사이에이 포켓 때문에 만약에 내가 손으로 뭔가 스케일링을 했다라고 한다면요 안쪽까지 해야 되는데 못해요 솔직히요 겉에 있는 치석이요 아이들한테 큰 문제 안 일으켜요 결국에요 안으로 계속 파고 들면서 시주 그러니까 치아 뿌리까지 들어가면서이 안에 염증을 일으키고 치주골의 녹아내림을 유발하기 때문에 문제가 되는 거죠 그러면 이제 여기서 힌트를 얻었으니까 양치를 어떻게 하면 될까요 이거는 제가 우리 치과 전문으로 하고 계신 최희덕 원장님께 배운 방법입니다 이렇게 하는 거 나쁘지 않아요 괜찮아요 근데 아까 포켓 봤죠 포켓에 있는 거 긁어내려면 어떻게 해야 될까요 칫솔을 약간 45도로 이렇게 안쪽을 좀 닦아 주시는게 좋습니다 그리고이 안에서 튀어나온 거를 그때 밑으로 내려 주는 거죠 이게 아주 제일 좋은 방법이에요이 포켓 방향으로 살짝 기울여서 닦아주다가 밑으로 내려주고 아래는 어떻게 하면 될까요 반대겠죠 아래로 이렇게 하다가 위로 올려주고 [음악] [음악] 보이지 않아야 돼요 하지만 시기관리가 잘 되고 있다라는 가정 하에 조금씩 급여에서 반응을 보면서 먹여 볼 수 있습니다 왜냐면 이게 저단백에 저지방이고 췌장에 무리가 되는 성분들은 들어가 있지 않거든요 또 결의서 결성 되게 어려워요 결속의 종류나 이런 것도 되게 여러 가지인데 사실 이제 결석이 있으면 처방식을 먹죠 그리고이 시기에 관련해서 결석이 막 생기고 이런게 예민하게 반응하는 아이라면 솔직하게 추천하지 않습니다 칼슘 옥살레이트의 경우에는 지금 성분으로 봤을 때 가능합니다 우선 음수량의 신경 쓰면서 봐야 되고요시기 변화의 민감하게 반응하는 스트로바이트 결석이라고 한다면 그렇게 추천드리지는 않을 것 같아요 당뇨의 경우엔 먹이지 않으셨으면 좋겠어요 이게 저지방이고 그런 대신에 탄수화물 비율이 좀 있어요 그래서 저는 당뇨의 경우에는 급여하지 않으시는 걸 추천드립니다 건강상의 문제는 제가 하나하나 더 많은 정보들을 알지 못하기 때문에 아주 자세하게 설명드리기는 좀 어려워요 홈페이지 들어가면 성 분표 다 나와 있으니까 한번 확인해 보시고 주치의 선생님과 상의해 보시는 걸 추천드립니다 네 오늘은 허니콤주 미디움 사이즈 나온 기념으로 다시 한번 좀 설명을 드렸습니다 제가 이거 항상 강조해서 말씀드립니다 오늘도 다시 한번 말씀드릴게요 양측검 저희 허니콤치 완벽하다고 말씀드리지 않습니다 양치를 능가하는 양치껌은 없습니다 하지만 양치와 함께 하거나 양치를 할 수 없을 때 가장 양치와 비슷한 효과를 내줄 수 있는 것은 허니콤이다 이렇게 말씀드릴 수 있을 것 같습니다 다음번에도 더 좋은 정보로 찾아뵙도록 하겠습니다 또 놀러 오세요 안녕,
81,https://www.youtube.com/watch?v=Bjne9iTVf7E,Bjne9iTVf7E,"Guardian Seol Chae-hyun, goodbye to Shuna. l Hello Counseling Center🌈 l Seol Chae-hyun, behaviora...",설채현의 놀로와 ,나의 슈나가 무지개 다리를 건넜다 하지만 슈나는 지금 나에게 선생님이 되어 주었다 지금 내가 하는 일을 열심히 하게 해주는 [음악] 처음부터 이래 안녕하세요 설친이 여러분 설치하는 수의사입니다 오늘 좀 구도도 달라지고 보셨던 얼굴이겠지만 새로운 분도 계시고 분위기가 좀 사뭇 다르죠 오늘은 제가 설치한 수의사가 아니라 그냥 설 채연으로써 반려견의 보호자로서 영상 촬영을 하려고 합니다 제가 세나계에서도 그랬고 유키즈에서도 그랬고 슈나 얘기만 나오면 이렇게 울컥울컥 하는 모습들을 보신 분들이 계실 거예요 그래서 저는 건강하게 이별을 했다 좋은 추억으로 남았다라고 생각을 하고는 있는데 우리 지난번에 조지훈 선생님이랑 컨텐츠 촬영을 하면서 잘 듣다 보니까 어 내가 진짜로 좀 건강한 이별을 한 것인가라는 그런 조금의 걱정 그리고 제가 뭐 상담이 꼭 필요한 사람이 아니더라도 지금 많은 슬픔과 힘듦을 겪고 계신 분들에게 이런 상담 과정을 보여드린다면 많이 도움이 되지 않을까 싶어서 텔로스 상담을 직접 해보려고 합니다 그래서 오늘 모셨습니다 팬로스 상담을 전문으로 하고 계시는 조지훈 선생입니다 안녕하세요 설친 여러분 페노스 증후군 전문상담센터를 운영하고 있는 임상심리전문가 조지훈이라고 합니다 지난번에도 진짜 얘기 잘 해주셨거든요 그때는 좀 정보성의 내용을 했다고 한다면 오늘은 직접 상담이라서 새로운 느낌일 것 같고 저도 조금 걱정이 됩니다 오늘 잘 부탁드립니다 저도 잘 부탁드립니다 네 오늘 안녕 상담소에 오신 설태현 보호자님 환영합니다 안녕 상담소 어떤 뜻인지 알 것 같은데 그래도 뭐 좀 다른 뜻이 있을까 해서 한번 설명해 주시죠 우리가 처음으로 만났을 때 하는 인사가 이제 안녕이잖아요 반려동물과 내가 만났을 때 인사로서의 안녕 그리고 반려견과 차별을 하고 난 뒤에 안녕이라는 뜻 그리고 또 반려동물에 대한 기억을 우리가 잊고 살 순 없는 거 같아요 언제든지 우리에게 찾아오기도 하는 그런 기억들과 감정들 우리한테 또 찾아와 주는이 존재에게 우리가 또 건낼 수 있는 인사말도 또 안녕이라는 의미에서 이제 안녕이라는 이름을 상상주의 이름으로 설정하고 이렇게 우선은 상담은 총 8번의 상담으로 되어 있어요 이제 애도 과정에 맞춰서 원래는 진행을 하게 되는데 오늘은 또 여러분에게 새누스 상담이라는게 어떤 건지 좀 보여드리기 위한 목적도 있고 하니까이 8번의 상담을 조금 추격해서 진행을 한다 그런 점을 좀 생각해 주셨으면 좋겠습니다 전반적인 과정은 이제 처음에는 아무래도 과거의 일들을 떠올리면서 차별이라는 것들이 이제 수용하는 것들이 가장 첫 번째 단계이다 그리고 그 이후에 이제 감정들을 경험해 나가고 그 감정들이 어느 정도 이제 정리가 되고 나면은 또 현실에 적응을 어떻게 할 것인가 그리고 마지막으로 우리가 사별을 한 존재를 어떻게 제 구조화하고 살아나갈 것인가에 대해서 이제 이야기를 하는게 마지막 단계다 그렇게 생각해 주실 수 있고요 가장 처음에는 일단은 현재 상태가 어느 정도인가에 대해서 이제 평가를 좀 해봐야 되는데 설문지 검사를 제가 드리는게 있었죠네 개인가요네 가지 정도를 했던 것 같아요 먼저 pbq라는 설문지를 처음에 작성을 해주셨을 거예요 그래서이 설문지는 제가 보내드린 다른 etsd에 대한 설문지나 우울에 대한 설문지환을 다르게 정말이 펠로스에 대한 것만 추정을 하는 설문지 검사다 이렇게 보실 수 있거든요 펜실베니아 심리학과에서 이제 개발한 척도인데 권한을 해서 이제 제가 사용을 하고 있고 그 점수를 다 사는 다음에 16점을 뺀 점수가 이제 자기의 점수다 이렇게 보실 수 있고요 그 점수가 36.6 반올림해서 37점 정도를 넘어가게 되면은 차별 슬픔에 굉장히 좀 많이 빠져 있다라고 볼 수 있는 거고 저는 몇 점이 나왔나요 우선은 21점 점수가 많이 높지는 나타나셨고 평균 점수가 한 28점 정도 되거든요 그래서 슈나에 대한 슬픔이 남들보다 덜하다 이제 슬프지 않다 이렇게 볼 수는 없지만 어느 정도 이제 내가 일상생활을 이어 나갈 수 있는 크기의 슬픔으로 조금은 변하지 않았나 하는 생각이 좀 드는 점수였어요 첫 시간에 과제를 항상 내 드리거든요 나의 아이가 이제 무지개 다리를 건너갔다라는 문장으로 시작하는 그런 글 혹은 아이를 떠나보는 과정이나 이런 생각들에 대해서 글을 적어보게 과제를 내드리는데 작성을 좀 해보셨을까요네 뭔가 대충 좀 적어보면 나의 슈나가 무지개 다리를 건넜다 반려견이고 싶었지만 애완견이었던 슈나가 같이 있을 때는 더 행복하게 해주지 못했는데 가니까 너무 후회가 된다 하지만 슈나는 지금 나에게 선생님이 되어 주었다 지금 내가 하는 일을 열심히 하게 해주는 [음악] 처음부터 이래 지금 내가 하는 일을 아주 열심히 하게 해주는 원동력이자 선생님 이렇게 적었습니다 에이씨 좀 읽어지면서 어떤 생각들이 좀 많이 드셨을까요 이제 감정이 갑자기 이렇게 울컥 올라오셨는데 사실 잘 모르겠어요 제가 어떤 감정에서 울음이 나오는지 솔직히 모르겠어서 더 그럴 때가 많은 거 같아요 슈나를 생각을 하면은 오후 후회가 많이 되죠 미안하고 되게 여러가지 장면들이 떠올라요 뭐 진짜 얼마 안 되지만 빙빙 돌던 거 뭐 이런 것도 생각이 나고 어떤 부분이 가장 좀 가슴 아프셨을까요 이제 떠오르셨던 기억들 중에서 저는 그냥 오히려 얘가 즐겁게 놀았던 이렇게 웃고 있는 모습이 생각나면 더 슬픈 거 같아요 왜냐면 그런 걸 많이 못 만들었어 저랑 산에 가서 산책하고 같이 뭐 여행 가서 놀고 이런 모습들 즐거웠던 모습들이 많이 생각이 안 나니까 그게 더 좀 슬픈 거 같아요 얘가 행복했을까 그러면 답이 너무 심 [음악] [음악] [음악] [음악] [음악] 순간이나 노출되지 않게 하고 많이 밖에서 즐겁게 놀아주지 않았어도 집 안에서 즐겁게 가족들이랑 놀고 즐거운 시간을 보낸 것도 있기는 하죠 저는 이제 필로스 심리상담을 하고 있는데 인증동 치료적인 접근을 이제 기반으로 하고 있어요 간단하게 설명드리면 우리가 느끼는 감정들은 우리 생각에 달려있고 때로는 우리가 인지하지 못하는 어떤 생각들이 그 생각이 무엇인지 인지하지도 못하는 사이에 우리의 감정으로 이어진다 그거를 좀 바꿀 수 있는 것들을 찾아야 된다 오늘 간단하게 그걸 좀 몇 가지 해 볼 텐데 슈나에 대한 죄책감이 드는 어떤 문장으로 된 생각들이 있다면 얘기해 주실 수 있을까요 슈나와 함께 더 많이 놀아 줬어야 겠는데라는 생각 그리고 그때 이런 치료를 했으면 어땠을까이 정도가 가장 컸던 것 같아요 두 번째 생각이 굉장히 특이사로서 가장 좀 힘든 생각이시지 않을까 때로는 이런 생각들이 당위적인 형태로 이제 올라올 때도 있거든요 추나가 이런 증상을 보였을 때 내가 좀 알아차리고 이런 검사들도 했어야만 됐어라는 생각들이 이제 떠오르실 수도 있어요 그런 생각들은 같은 내용이지만 조금 다른 형태로 좀 바꿔 보는 것들이 필요하다 예를 들어서 그때 이런 치료를 했어야만 했어라는 생각 대신에 이런 치료를 했었으면 좋았을 텐데 이거는 참 아쉬워라는 생각으로 좀 바꿔 보는 것들 같은 내용이긴 하거든요 표현만 다른 거지 근데 한쪽은 굉장히 죄책감을 많이 줘요 꼭 해야만 한다라는 그런 압박감들 해야 되는 것을 안 했다라는 웅장이 큰 죄책감 이런 것들을 주지만 변화된 표현은 약간 아쉬움으로 그걸 바꿔 보는 것들 그리고 햇살만 했다라는 생각은 내가 그때 처했던 상황들 내 상태 뭐 주변 상황 이런 것들을 다 고려하지 않고 푸쉬하는 생각이지만 했었다면 좋았을 텐데라는 생각들은 주변 상황들까지 조금 고려할 수 있게 만드는 생각들이 아닐까 근거를 한번 대볼까요 비겁하게 내가 느껴지기도 하지만 사실이기도 했던 것들 내가 슈나에게 잘해주지 못했었던 이유 같은 것들이 혹시 떠오르시는게 있었다면 사실 그때 당시에 핑계는 많이 있죠 고등학교 때는 수능 공부한다고 했고 대학교 때는 수의대 과정 자체가 거의 고등학교와 마찬가지이기 때문에 하느라 집에서 나와서 있었고 저는 어느 정도는 다 핑계라고 생각을 했어요 제가 그 과정에서 솔직히 친구들이랑 술도 먹었고 내 거 사느라 얘 못 해준 것들도 있고 내가 더 의지가 있었으면 그리고 얘를 더 소중하게 생각했으면 그렇게 안 하지 않았을까 이런 생각들을 되게 많이 했죠 이렇게 했다면 사실 슈나는 행복했을 거예요 뭐 예를 들어서 뭐 내가 고등학교 다니는 것도 대학 진학도 포기하고 추나 하고만 시간을 계속 보내면은 더할 날이 없는 삶이 없겠지만 한편으로는 나도 사람으로서 내가 성취하고 싶은 것들 해야 되는 것들 이런 것들이 있었다라는 거 그것도 분명한 사실이기는 하니까요이 아이한테는 내가 전부였는데라는 생각들 그게 우리를 힘들게 하기는 하지만 내가 슈나를 위해서 양보하는 것들이 있었던만큼 춘화도 나에게 조금 양보해 줄 만한 것들이 있지는 않았을까 저도 보호자님들한테도 비슷한 얘기 하거든요 다 행복할 순 없다고 뭔가 서로 타협해야 되는 부분들은 있다라고 얘기를 해서 일맥상통하는 부분들은 있는 거 같아요 만약 에 떠나고 나서라고 한다면 이런 부분이 좀 도움이 될 것 같아요 그렇게 생각을 하는게 이러면 안 될 것 같다는 생각이 들면서도 내 마음이 좀 편안해지는 느낌이 들어요 보통 우리가 아이 보내고 나면 그런 생각들을 많이 하거든요이 아이가 나를 원망하고 있지는 않을까 추나가 지금이 순간에 나한테 어떤 말을 가장 해주고 싶을 것 같다 생각이 저를 원망하고 있을 것 같지는 않아요 신나는 분명히 너무 그렇게 슬퍼하지만 나는 나름대로 즐거웠어 고마웠어라고 얘기를 할 거라고 생각을 하고 얘네들은 항상 그렇잖아요 현재를 살고 후회를 하지 않는 애들이라서 그런 마음이 있어서 너무 이렇게 빠져들지 않을 수 있지 않은가라는 생각도 들어요 만약에 너무 슬퍼만 하다가 우리가 올라가면 그런 얘기들을 할 것 같아요 왜 그렇게 힘들게 있다가 왔어 나는 괜찮았는데 더 거기서 행복하게 지내다가 오직 왜 그랬어라고 말하지 않을까 우리의 대인배 같은 반려동물들은 다 그렇게 생각할 것 같아요 불쑥불쑥 다시 돌아오는 이런 감정들에 대해서 마지막으로 얘기를 좀 해봐야 될 것 같은데 첫째는 이제 어느 정도 감정 조절 같은 것들이 잘 되고 지나치게 자주 찾아오는 감정들이 아니잖아요 적극적으로 이제 슈나를 좀 떠올리려고 노력하고 이야기들을 하면서 이제 올라오는 감정들인 거고 어떻게 보면 지극히 당연한 감정인 것 같아요 그런 것들이 올라왔을 때 우리가 어떻게 다룰 것인가 저는 이거에 대해서 좀 영상이나 마음챙김 같은 것들 이런 것들을 좀 이용해서 극복을 해보시면 좋을 것 같다 이제 말씀을 드리거든요 암 챙김이라고 하면 조금 생소한 부분들이 있으실 수 있는데 원리는 사실은 뭐 불교 명상에서 나온 개념이에요 우리가 알아차리고 판단하지 않는 자세 그런 것들이 찾아왔을 때 거기서 더 나아가서 뭔가 생각하거나 하려고 하지 말고 아 이런 기억이 떠올랐구나 이런 감정들이 나한테 올라왔구나라는 걸 한번 알아차리고 그냥 흘려보내는 이게 사실은 쉽지는 않은 거죠 그래서 호흡에 이제 집중을 해본다든지 그럼 영상들을 하면서 나한테 찾아온 이런 감정이나 생각이 떠내려 갈 수 있게 이제 언제든지 다시 찾아올 수 있는 감정이고 언제든지 다시 마주해야 되는 거라면 피하지 않고 있는 그대로 받아들이고 그런게 오히려 좀 도움이 될 수 있다 궁금한게 있는데 가끔은 저도 모르게 이렇게 눈물이 나오는 제 모습이 싫지 않을 때도 있거든요 슈나를 잊지 않고 내가 계속 이렇게 조금은 미안한 마음을 가지고 있는 것 자체가 무뎌지지 않았구나 이런 생각을 할 때도 있는 것 같아요 슈나를 생각하면 제가 계속 웃기만 하는게 더 좋은 건지 아니면 지금처럼 이렇게 눈물도 나고 이런 것도 괜찮은 건지 우는게 꼭 나쁜 건 아닌 거 같아요 그것 때문에 내가 일상생활에 지정을 받거나 그런 것들이 아니라면 당연히 애틋한 감정들 그리움도 미안한 것들 다 가지고 살아갈 수밖에 없는 거기 때문에 다만 내가 힘들었던 것들만큼 즐거웠던 순간들도 분명히 있었어라는 걸 기억해 보는게 중요하지 않을까 그러네요 아까 몇 가지 장면 밖에 생각 안 났는데 지금 얘기를 듣고 보니까 다른 장면들이 생각이 났어요 생각보다 많이 놀러 처음에는 저희 강릉 갔던 것만 좀 생각이 났는데 안면도 바닷가도 자주 놀러 갔었고 눈 오는 날이면 뒷산에 가서 같이 좀 풀어놓고 놀았던 것도 좀 생각이 나고 내 가족이랑 즐겁게 놀았던 장면이 제가 지금까지 기억했던 장면보다는 조금 더 있었던 것 같아요 사진첩 같은 거라면 힘들었던 순간들만큼 즐거웠던 순간들도 기억에 넣어두고 항상 꺼내 보려고 노력해 보는 것들도 중요할 것 같아요 제가 이제 상담의 끝에 항상 이런 질문들이거든요 이제 우리 설렘에 앞으로의 계획은 어떤게 있으신지 오늘 전 상담하면서 느낀 건데 저는 제가 하는 일과 앞으로의 계획 때문에 슈나를 생각하면 눈물이 나기는 하지만 더 좋은 감정이 많이 드는 것 같아요 저는 항상 얘기하고 다니거든요 좀 문화를 바꿔보고 싶다 제가이 놀러라는 회사를 하는 것도 방송을 하는 것도 강의를 하는 것도 결국에는 제가 잘못했던 것들 반려견과 보호자가 같이 행복한 시간을 조금이라도 더 늘려보자 이게 제 계획이거든요 아까 편지에도 썼지만 누나가 선생님이 있죠 원동력인 것 같아요 우리 슈나 선생님 덕분에 아이들이 앞으로 더 행복하게 살 수 있는 세상이 오기를 거듭을 바라겠습니다 오늘 이렇게 상담을 좀 진행을 해봤는데 좀 어떠셨을까요 뒤로 갈수록 선생님과 상담을 하면서 저한테도 도움이 되게 많이 된 거 같고 가끔 그런 것 때문에 저한테 물어보고 도움을 요청하는 분들이 있는데 그분들한테도 제가 뭔가를 할 때 도움이 좀 될 것 같고이 영상을 보신 분들한테도 좀 도움이 될 것 같아요 저같은 경우는 그 사진첩 제가 그동안 난 얘랑 정말 즐거운 시간을 많이 못 보내줬어라고 했는데 계속 대화를 나누다 보니까 갑자기 생각이 났어요 사진첩에 한 10장은 더 꽂힌 것 같아요 그러다 보니까 마음이 좀 안정이 되는 것도 있고 어떻게 보면 비겁한 느낌이지만 아까 같이 그런 얘기들을 해주셨잖아요 내가 그렇게 시간을 못 내준 이유들 그런 이유들도 더 늘어나면서 아 내가 그때는 꽤 힘들긴 했겠다라는 생각도 들면서 슈나를 생각하면 다음에 또 눈물이 나기는 하겠지만 웃음도 더 많이 날 것 같고요 저한테도 도움이 많이 되는 시간이었어요 오늘 설쌤이 너무 감정을 숨기지 않을 것 같아요 솔직하게 해주셔서 많은 분들은 좀 더 도움이 될 수 있는 시간이지 않았을까 하는 생각이 좀 드는 거 같고요 8주 동안 해야 되는 내용들을 조금 압축해서 하느라고 좀 아쉬움이 있기는 하지만 오늘 있었던이 경험들이 선생님이 가지고 있는 어떤 해결되지 않은 감정들을 좀 해소할 수 있는 시간이셨으면 어땠을까 하는 그런 반응이 있습니다 [음악],
82,https://www.youtube.com/watch?v=Id_g9MpRU6o,Id_g9MpRU6o,"여름철 음수량, 이렇게만 챙겨주세요! 🧊l 반려동물 음수량 l 설채현 행동학 수의사",설채현의 놀로와 ,소화를 시키는데도 물이 필요하고 신장이 기능을 하려고 해도 응수량이 필요하고 사실은 음수량 자체가 부족하면 각 장기들이 다 손상이 온다라고 생각을 하시면 돼요 네 안녕하세요 설치니 여러분 설치연수입니다 이제 날씨가 점점 더워지고 있습니다 날씨가 이렇게 점점 더워지면 많은 분들이 궁금해 하시는게 있거든요 바로 음수량입니다 그래서 오늘 구독자분들이 궁금해할 음수량에 대해서 한번 얘기해 보려고 하는데요 제가 항상 그렇죠 제가 잘 모르는 분야 행동학 이외의 분야에는 또 전문가분을 모시고 하고요 또 저희가 강아지에 대해서만 다루고 있지만 강아지와 고양이를 함께 키우시는 분들도 상당히 많기 때문에 오늘 제가 제일 믿는 전문가분 중에 한 분이죠 VIP 동물병원에 손지희 원장님을 모셨습니다네 안녕하세요 청담에 위치한 롤로스케어 4층에 고양이의료센터에 손지원장입니다 고양이 의료센터라고 하면 아시는 분들은 아시겠지만 좀 생소할 수도 있을 것 같아요 많은 곳에 고양이만 전문으로 보시는 수의사 선생님들이 계시기는 하지만요 저희가 이제 VIP 고양이 의료센터라고 이름을 붙여서 4층에 위치하게 해 놓은 이유는 사실 고양이들의 특성을 좀 고려한 배려 아닌 배려 생각을 하시면 되는데요 고양이들은 환경적인 요인에 되게 영향을 많이 받기 때문에 강아지들이 오는 공간에 고양이들이 같이 오는 경우에는 입구부터 스트레스를 많이 받게 되거든요 그래서 그런 부분들을 좀 고려하기 위해서 아예 그냥 층 분리를 제가 해버렸어요 그래서 3층에는 강아지들만 오게 되고 4층에는 고양이들만 오게 엄청 잘 돼 있어요 완전 고양이 친화적인 그런 병원으로 디자인부터 동선이나 이런 것까지도 다 신경을 써서 해 놓으셔서 실제로 우리 손 원장님 같은 경우에는 반려면 3마리를 또 관리하고 계시고 어쩌다 보니 집사가 되었습니다네 그래서 저희가 이번 컨텐츠는 강아지 컨텐츠지만 고양이 보호자님들이 널리 널리 터졌으면 좋겠다 생각을 하겠습니다 그래서 이제 한번 강아지 고양이 음수량의 모든 것에 대해서 한번 파헤쳐 보도록 하겠습니다 일단 [음악] 실제로 우리 모음 자체가 70% 이상의 물로 이루어져 있으니까이 몸이 제대로 돌아가려면 70%의 물이 몸에 있어야 된다는 얘기거든요 저희가 소화를 시키는데도 물이 필요하고 신장이 기능을 하려고 해도 음수량이 필요하고 사실은 음수량 자체가 부족하면 각 장기들이 다 손상이 온다라고 생각을 하시면 돼요 강아지들은 사실 막 팬팅도 많이 하고 팬팅이라고 하는 거 이런 거예요 이러면서 열두 내뱉지만 수분도 바깥으로 빠지면서 훨씬 더 많이 목말라 하는 것 같고 물도 고양이보다 많이 먹는 거 같아요 근데 사실 고양이는 팬티 하면 이거는 위험한 상황이잖아요 고양이는 헥헥거리면 좀 위험한 상황입니다 가끔 인스타나 이런 데서 보면 고양이 헥헥거리는 귀엽다라고 영상 써요 사실 이제 강아지들은 실제로 이제 수분을 로스하는 경우가 되게 많아요 그런 것들 감안해 가지고 우리 일단 필요하다라고 몸에서 신호를 먼저 보내기 때문에 산책을 하다가 아니면 집에서 그냥 더워지기 시작하면서 음수량이 많이 늘어나는 경우가 있고요 고양이들 같은 경우에는 선천적으로 그냥 몸 자체가 음수를 아주 많이 필요한 상황은 아니다라고 이렇게 개조가 돼서 태어난 아이들이에요 왜냐하면 옛날 이제 거슬러서 올라가다 보면 고양이들이 이제 처음으로 출연하기 시작한 고고대 시대로 가보면 대부분 이제 사막에서부터 이집트 이런 데서 맞아요 실제로 그 몸 자체가 그런 건조한 사막 지대에 익숙해진 몸 상태로 애들이 계속 개조가 돼서 내려오는 거죠 실제로 제가 알기로도 예전에 고양이들은 물 자체를 육즙을 통해서 많이 섭취했다 사냥을 해서 먹고 이러면서 근육에 있는 수분을 섭취한다거나 이랬는데 지금 대부분의 고양이들은 건사료를 먹고 건사료에는 수분 함량이 10% 이하잖아요 그러면서 진화적으로는 물을 많이 안 마시게 되어 있는데 먹는 것 자체가 수분이 되게 적은 음식을 먹다 보니까이 음수량의 강아지보다 고양이 쪽에 조금 더 문제가 생길 수 있다 식습관이 많이 바뀌면서 말씀하신 것처럼 건사 료가 있긴 하지만 고양이들한테 주는 거 자체가 루틴화 되어 있는 상황에서는 수분이 부족할 수밖에 없다고 생각을 합니다 [음악] 질병이라고 하기에는 조금 어렵긴 하지만 보호자님들도 많이 알고 계시는 이제 탈수 음수량이 그만큼 안 들어오는데 어쨌거나 몸은 해독을 해서 물을 다 밖으로 배출을 하는 역할을 계속 하고 있거든요 신장이 그러다 보니까 탈수라는 상황이 오게 되는 거거든요네 음수량이 낮아지면 특히 고양이 쪽에서는 신장질환들의 많은 위험성이 이제 좀 높아지는데 가장 큰 이유가 뭘까요 피가 가장 많이 모이는 곳이 주로 문제가 된다고 보시면 됩니다 첫 번째는 신장이고요 두 번째가 췌장이 되는데 그 두 가지 장기들이 타격도 많이 받을 뿐더러 혈관이 아주 많이 분포가 되어 있는 장기다 보니까 음수가 부족해서 피가 끈적이게 되면 거기에 순환이 잘 안되면서 신장에 가장 많이 타격이 오게 되고 거기에다 영양분도 공급하고 산소도 공급하고 충분히 얘네가 다시 재생하고 회복할 수 있도록 막 이렇게 도와줘야 되는데 결국에 탈수가 다른 쪽에도 다 영향을 줄 수 있는 아 그러면 이거 하나 더 보호자분들이 집에서 봤을 때 어 얘가 음수량이 좀 떨어지는 아이들의 신체적 증상이 뭐가 있을까요 애기들이 컨 시간이 좀 안 좋으면 반대로 음수량이 늘어나는 경우가 있어요 제가 너무 불편하니까 저희도 왜 뭔가 속이 안 좋은 물을 막 먹으려고 하잖아요 그게 되게 특징적인 사실 신부전만 해도 갑자기 물을 너무 많이 먹고 오줌을 엄청 그래서 오히려 반대로가 먼저 나타나고요 그 다음 단계로 얘가 너무 심하게 탈수가 되니까 기력이 떨어지면서 아예 그냥 식음을 전폐하는 이런 상황으로 가는게 수순인 것 같다는 생각이 좀 들어요 강아지의 경우에 침이 좀 끈적끈적한 애들이 있어요 그러면 이런 아이들도 평소에 조금 음수량이 부족하다 이렇게 생각을 할 수도 있어요네 많이 끈적이 있는 경우에는 충분히 몸에 이제 순환이 되지 않아 가지고 침이 끈적이는 거고 그런 물 자체가 벌써 끈적이고 있는 거라서 저희가 채혈을 해보면 벌써 알거든요 막 끈적이고 시커멓고 잘 안 나오고 그래서 그런 부분들은 이제 저희가 파악을 할 수 있는 부분이고 보호자님들께서 아실 수 있는 부분은 이제 진짜 침이 너무 끈적이고 냄새가 있다는 좀 많이 안 좋아져요 탈수가 되면서 그런 부분들은 보호자님들께서 잘 체크하시면 좋을 것 같습니다 [음악] 진짜 궁금했어요 강아지들은 음수냥 확인하는게 그래도 상대적으로 쉽다고 생각이 들어요 다경가구가 많지 않아요 오히려 이제 한 마리씩만 키우는 경우가 훨씬 더 많기 때문에 24시간 동안 이렇게 조금 조금씩 부어주면서 남은 양 계산해서 하루에 얼마나 먹었는지를 확인해서 오세요라고 말씀을 드리는데 원래 강아지들의 적당 음수량이 제가 알기로 kg당 한 50에서 70 그러니까 예를 들어서 5km 정도의 아이라면 하루에 24시간 동안 250에서 350 정도를 먹어야 한다 너무 낮아도 문제고 너무 높아도 이제 뭐 우리가 흔히 말하는 다음 단위로를 일으키는 질병들을 의심해야 되는 상황이기 때문에 이렇게 하는데 고양이들의 적정 음수량과 그리고 얘네도 체크 어떻게 해요 보통 다녀가구가 워낙 많아서 맞습니다 되게 어렵죠 사실은 일단 아까 말씀하셨던 킬로그램 당 먹어야 되는 음수량 자체는 비슷하기는 해요 40에서 한 70 정도 사이 처음부터 너무 욕심을 내면 어려워져요 그래서 일단은 고양이들은 한 40 정도부터 시작해서 근데 kg당 40mm는 정말 얘가 생명을 구제하기 위해서 딱 필요한 용량이라고 생각하시면 돼요 근데 대부분은 이제 저희가 음수량을 얘기를 해야 되는 상황이 온다 그러면 저는 맥시멈 kg당 100ml까지는 먹어야지 얘가 지금이 상황을 벗어날 수 있습니다라고 얘기를 드려요 아팠을 때는 그쵸 아프거나 아니면 이제 그 상태로 빠지기 시작했어요 왜냐면 대부분 탈수가 된 상태로 와요 겠는데 그래서 어떤 분들은 진짜 기기를 사용을 하시는 분들도 계세요 가볍게 목걸이 같은게 있어서 아기가 움직임을 체크를 해서 얘가 물통에 몇 번 왔다 갔다 하는지 그리고 사실 실제로 만약에 담요 과정이어도이 아이가 실제로 많이 먹는지를 좀 체크를 하셔야 된다고 하면 진짜 매뉴얼로 체크하는 방법밖에는 없어요 진짜 어렵다 이게 제가 행동학을 하면서 가장 어려운 점은 얘네들은 기본적으로 이걸 자기가 왜 해야 되는지를 모른단 말이에요 좀 심각 하면 일부러 강제 급수를 하시는 분들도 계시죠 그러면 이것도 보호자랑 사이가 나빠지니까 아 그러면 이게 되게 중요할 것 같아 저희 회사 제품들 중에서도 이렇게 하면 음수량이 높아진다라고 얘기하는 것들이 있는데 강아지 쪽은 사실 음수량을 높이는 걸 그렇게 고민하지 않거든요 그냥 몇 번 좀 뛰게 하면 엄청 마셔요 근데 활동적인 아이들 같은 경우에는 사실 음수량은 별로 걱정 안하셔도 되거든요 근데 대부분 음수량이 필요한 환자들은 질병이 있거나 아니면 노령이어서 뛰지 못하거나 사실 그런 경우에 음수량을 늘릴 수 있는 방법들을 제가 알려 드려요 뭐 산도가 높지 않은 과일들 있잖아요 산소가 높잖아요네 여름에는 수박 같은 것 배 요런 종류들로 저희가 좀 사용을 하거나 설사를 약간 하는 경우가 좀 있어 가지고요 그냥 하얀 색깔고 살 부분 있잖아요 사과는 사실 요로결석을 좀 일으킬 수 있어서 저는 별로 추천을 드리진 않고요 그래서 뭔가 향이 나는 그런 과일들을 물에다가 그냥 동동 띄우시는 거예요 그럼 그거를 잡아서 먹겠다고 애드린 범수량이 늘거든요 움직이고 하니까 조금 더 재밌기도 하겠네요 고양이들은 전혀 불가능합니다 고양이들은 이제 저희가 그래서 사용을 하는 것들이 뭔가 뿌려줄 수 있는 거 또는 츄르를 사용을 하거나 근데 츄르 자체가 사실 수분이 엄청 많잖아요 근데 그거에다가 더 더해서 주는 거야 물을 섞어 가지고 그래서 츄르를 아주 한두 방울만 넣는 거죠 거기에다가 물을 한 50ml 정도 섞어버리면 사실 츄르 물이 되는 거가 사실 저가 제일 많이 안내를 드리는 부분입니다 그래서 습식은 사실 거의 대부분의 수분을 가지고 있는 음식이다 보니까 그냥 그거 먹는 것만 해도 원래 일반적으로 먹는 수분의 양보다 훨씬 더 높아지거든요 근데 거기에다가 저는 물을 더 타요 그러면 대부분 아이들이 건더기는 남기고 물만 쪽 빨아 먹거든요 사실 그것만 해도 지금 수량이 훨씬 더 늘어나는 포인트가 돼요 사실 그래서 저희가 이제 원터치드라는 제품도 있거든요 사실 저는 먹이고 있습니다 드시는 거 봤어요 뭐가 제일 맛있었지 치킨이 제일 맛있어요 그래서 뭔가 물에 타조서 먹는 것도 음수량을 늘리는데 많은 도움을 준다 사실 이제 동결건조를 사용하는 경우도 있었고요 근데 동결건조 자체가 아주 응축된 덩어리이기 때문에 그게 수분을 막 합류를 해버리거든요 그래서 조금 줄어드는 경우가 좀 있어요 사실 이번에 제가 이거를 사가지고 한번 먹여 봤거든요 좀 놀랬어요 사실 동결건조는 부실려면 엄청 힘들었거든요네 그냥 완전히 부스러져서 생 사료를 줄 때도 제가 위에다가 좀 뿌릴 수도 있었고 물에 완전히 다 녹아서 그냥 물 형태로 돼 버리더라구요 그거를 줬더니 황태를 잘 잘 먹었습니다 그래서 그런 이제 좀 강한 맛이 나는 향이 나는 이런 것들을 주시게 되면 저는 음수량은 늘릴 수 있는 방법이라고 저는 생각을 하거든요 우유는 어때요 근데 이제 효소제가 조금 부족해가지고 고양이도 그렇고 강아지도 그렇고 이미 아시겠지만 락토프리여야 되거든요 그래서 고양이용 강아지용으로 여유도 음수량에 충분히 포함해서 사용을 하실 수 있기 때문에 저도 궁금한 거 있어요 예전에 저희 모래에서도 판매했던 제품인데 고양이 보호자님들한테 엄청난 인기를 끌었었던이 물그릇을 쓰면 이상하게 애들이 음수량이 높아진다 가능한 건가요 밑에가 혹시 보이는네 밑에가 보여요 물그릇이 높이가 좀 있으면 애들이 좀 더 접근하기가 좋으니까 깊이가 좀 있고 물의 양이 많은 거를 조금 좋아해요 그리고 그 주변부에 아무 그림이 없는 것보다 투명하니까 사실 그게 그림으로 보이나 봐요 바닥이나 이런 것들이 뭔가 보여서 더 흥미를 이끄는 거야 그래서 어떤 물그릇은 그냥 물 고기 그런 것도 좀 있어요 아이들 이제 여름이 오잖아요 그럼 이제 탈수가 오거나 특히 막 프렌치 불독이나 이런 아이들이나 헥헥거리가 되게 힘들어하는 아이들한테 응급처치법으로 미국 책이나 이런 데서도 많이 봤는데 포카리와 물을 섞어서 주는 거 물이 그냥 빠져나가는데 그냥 물만 빠져나가지 않거든요 헥헥거리고 오줌도 많이 싸고 이러다 보면 전해질 불균형이 많이 오니까 당분이 높지 않은 그 다음에 자일리톨이 들어있지 않는 대부분 우리나라에 있는 이온 음료들은 자일리톨이 없긴 하더라고요 맞아요 그래도 우리 보호자님들 혹시라도 아이들을 음수량을 더 높여주고 아니면 여름에 너무 더울 때 약간 특수를 주고 싶을 때는 이온음료 뒤에 자일리톨 성분이 들어가 있는지를 꼭 한번 확인하고 주시는게 좋고 한 일대일 정도로 섞어서 주시는 거를 추천을 드립니다 아 오늘도 역시 너무 즐거웠어요 근데 아마 또 귀찮게 해야 될 거예요 댓글이 달릴 거거든요 그러면 그때도 손 원장님을 모시고 구독자 여러분들 궁금증을 풀어 드리도록 하겠습니다 지금 하는 얘기들이 보호자님들하고 제가 진료 볼 때 하는 얘기들 하고 다르지는 않습니다 근데 조금 편안한 분위기에서 이렇게 질문 주셨을 때 답변 드릴 수 있는 기회를 주셔서 너무 감사하고 다음번에 또 제가 조금 더 준비해 가지고 좋은 정보 드릴 수 있는 거 있으면 꼭 드리도록 하겠습니다네 그리고 저희가 방송을 하면서 나왔던이 음수량과 관련된 제품들 그냥 넘어가면 좀 아쉽겠죠 그래서 저희가 할인 기획전을 하려고 하니까 관심 있으신 분들은 여기 링크 여기 링크를 클릭하시면 됩니다 다음번에도 더 좋은 정보로 찾아뵙도록 하겠습니다 또 놀러 오세요 안녕,
83,https://www.youtube.com/watch?v=nOG7AaUvdG0,nOG7AaUvdG0,"오프리쉬 개물림 사고, 다시는 일어나면 안됩니다!🙅🏻‍♂️ l 팩트체크 l 설채현 행동학 수의사",설채현의 놀로와 ,너무 답답해요 무슨 생각을 가지고 자꾸 오프리시를 하는지 모르겠는데 이거는 가장 큰 잘못은 누구냐 보호자죠 안녕하세요 설치하는 수의사입니다 이번 시간에는 반려생활 이슈에 대한 팩트체크를 해보는 시간입니다 제가 바빠서 바로이 내용을 다루지 못했는데 얼마 전에 또 뉴스가 한번 나왔죠 인천 미추홀구에서 줄이 풀린 개가 산책하는 보호자와 반려견을 물어서 반려견은 너무 안타깝게도 무지개 다리를 건너고 보호자까지도 다친 사건이 있었습니다 그래서이 사건의 쟁점이 좀 몇 가지가 있는 거 같아요 우선 첫 번째 오프리쉬였다 반려인도 싫어하는게 무엇이냐 허용되지 않은 공간에서의 오프리쇼입니다 너무 답답해요 무슨 생각을 가지고 자꾸 오프리시를 하는지 모르겠는데 피해서 만든 그런 강아지 운동장 아니면 사설 운동장 빼고서는 오프리씨가 허용되는 공간은 없습니다 특히 뭐 공원이나 이런 곳에서는 절대 안 돼요 오프리시 하는 강아지들은 사실 반려인도 싫어하고요 비발 여인도 싫어하는 거죠 물론 항상 강조해요 강아지들 오프리씨하고 뛰어노는 거 제일 좋아하는 놀이다 하지만 그 놀이를 허용된 공간에서 해야죠 공공장소에서는 절대로 오프리시를 하면 안 됩니다 이거는 타인 타견 그리고 내 강아지의 안전에까지도 아주 심각한 문제를 일으킬 수 있어요 두 번째 또 쟁점이 있습니다 입마개를 하지 않았었어요 이쪽에 대해서 상당히 관심을 많이 가지고 계시는 정말 열심히 하시는 교수님이 계세요 경찰이시면서 교수님이신 분이 화내시면서 저한테 연락이 오신 거예요 그래서 왜 그러시냐라고 했더니 거기 조서에 이렇게 써 있었다는 거예요 아메리칸 분리 그러면서 저한테 물어보신 거죠 아메리칸 불리라는 종이 이게 정식 종이냐 나는이 피해 보호자와 강아지가 너무 불쌍해서이 사람이 더 큰 처벌을 받았으면 좋겠다 그러려면 얘가 맹견에 들어가야 되는데 아메리칸 불리라는게 이게 어떻게 되는 것이냐라고 저한테 연락이 오셨어요 저는 이거는 이제 비 반려인들한테도 꼭 얘기하고 싶은데 모든 강아지들이 크기가 크다고 입마개가 필수가 절대 아닙니다 우리나라에서 필수적으로 의무적으로 입막해야 하는 견종은 정해져 있어요 법적으로 첫 번째 도사견 두 번째 아메리칸 핏불테리어 세 번째 아메리칸 스태퍼드셔테리어네 번째 스태퍼드샵 불테리어 다섯 번째 로트와일러에요 그 외 해당 견들의 믹스견 맹견이자 입막에 의무견종에 들어갑니다 이런 친구들은 우리나라 법상 아무리 착하고 얌전해도 우선 입마개를 하게 돼 있습니다 근데 우리가 5종이라고 하는데 저는이 5종의 함정이 있다고 생각을 해요 우리가 고민을 한번 해 봐야 되는 거예요 이거 만든 법 만드신 분들도 아메리칸 불리는 근본적으로 아메리칸 스탠퍼드셔 테리어와 핏불테리어의 교잡종이에요 엄밀히 따지면 핏불테리어와 아메리칸 스태퍼드셔 테리어의 믹스견으로서 공격 5종이 아닌 맹견 5종과 그 잡종에 들어가야 되는 거죠 그러면이 종은이 법의 옳고 그름을 떠나서 입마개를 하고 있었어야 돼요 그리고 처벌 또한 맹견일 때와 맹견이 아닐 때에 처벌 수위가 많이 다릅니다 맹견일 때가 처벌 수위가 훨씬 더 높아요 독립적인 종으로 인정하느냐 아니면이 맹견 오종의 교잡종 믹스견으로 하느냐에 따라서 처벌 수위가 달라질 수 있다라는 거죠 저는 솔직히 처벌 강하게 해야 된다라고 생각을 합니다 그 보호자가 맹견의 다른 말은 관리부실련이에요 예를 들어서 얘가 아무리 공격적이어도 오프리치만 아니었다면 집에서 문 열려 있는 상태로 나왔대요 이게 결국 뭐예요 관리 부실리언이에요 아무리 공격적인 개도 보호자가 관리만 잘하면 남에게 피해를 안 주게 할 수 있어요 그렇다라고 한다면 절대로 사고가 나지 않았을 거예요 그렇기 때문에 이거는 가장 큰 잘못은 누구냐 보호자죠 아메리 키우시는 분들 여기에 대해서 꼭 생각해 보셔야 됩니다 아메리칸불리 저는 맹견의 들어간다고 봐요 계속 말씀드리지만이 법에 옳고 그름을 따지기 전에 우선 법이 있기 때문에 나중에 문제가 생기지 않으려면 미리 우리 개는 그래도 법적으로 맹견에 들어간다고 생각을 하는게 훨씬 더 좋습니다 분명히 유전자 검사하면 스태퍼드셔 테리어와 핏불테리어 나옵니다 아메리칸 블리 키우시는 분들 우리 아이 정말 착하고 내가 사회화 잘하고 교육해 놨어도 지금 있는 법이 그렇기 때문에 맹견으로 분류해서 생각을 하셔야 돼요 저는 그래요 다 알잖아요 우리 개가 공격성 있는지 없는지 특히 사람 다른 강아지 실제로 그냥 겁만 주는지 개 물림 사고 조금이라도 있었던 애들 입맛에 채우고 다니세요 그러면 줄 풀려서 오는 이런 개들에게 공격적으로 다가오는 개들에게 어떻게 방어할 수 있느냐 사실 소형견이라면 빨리 알아서 들어야 돼요 근데 들 때 가슴팍까지 들면 안 돼요 아예 멀리 얘가 관심도 못 가질 정도로 들어야 돼요 그리고 저는 후추 스프레이나 시트러스의 향 나는 레몬 스프레이 같은 거를 내가 정 걱정되면 하나씩 가지고 다니시는 것도 추천드려요 무조건 효과가 있는 건 아니에요 이런 후추 스프레이나 레몬 스프레이가 효과가 있는 경우들이 꽤 있어요 혹시라도 줄 풀려서 되게 공격적으로 다가오는 개가 있다라고 한다면 이런 식으로 방어를 해 주시는게 좋고요 저는 나라에서도 오프리시 하는 보호자들에 대해서 조금 더 강하게 단속을 해야 된다고 생각을 합니다 동물보호법이 강화되는데 가장 큰 문제는 뭐냐면 유명 무시래요 단속을 안 한다거나 적용 이런 쪽에도 아직까지는 되게 미숙한 면들이 많은 것 같아서 지금 만들어진 법들에 대해서 강하게 적용을 하는 것도 필요하다고 생각이 듭니다 사실 많은 괴물님 사고를 보면 견종 상관없이 일어나요 사람만큼 세상에 대한 이해가 부족하기 때문에 공격적인 모습들을 보일 수 있어요 그렇다라고 한다면 그때부터 다 보호자의 몫이에요 그리고 가장 중요한 건 특히 밖에 나올 때는 도구 선택이 정말 중요하고이 도구가 항상 날지 않고 끊어지지 않고 안전한지 확인하는 거예요 그래서 도구 선택을 할 때는 저희 놀러 어플 전문가 교육 안에 아주 상세하게 제가 영상으로 정리를 해 놨으니까이 영상을 보고 우리 아이한테 가장 안전하고 다른 사람한테 피해를 주지 않는 그런 도구들을 선택을 하시는게 좋습니다 그럼 다음번엔 이슈가 생기면 또 돌아오겠습니다 안녕,
84,https://www.youtube.com/watch?v=P7OvNBuy1oo,P7OvNBuy1oo,"Dog Dental Care: Never Do This! 🙅🏻‍♂️ l Dog Dental Care Methods l Seol Chae-hyun, Behavioral Vete...",설채현의 놀로와 ,그리고 잇몸에 치석이 계속 쌓이면이 안쪽으로 망가지기 시작하거든요 이럴 때는 진짜 이미 많이 늦은 상태기 때문에 미리미리 관리해 주시는게 가장 좋습니다 특히 덴탈 검의 경우에 시석 제거할 수 있는 덴탈껌은 없습니다 절대로 치석을 제거하기 위해서 먹는게 아니다 안녕하세요 설치 여러분 설치현 수 이사입니다 오랜만에 또 우리 재민 경 수의사와 함께하게 됐는데요 또 그런 이유가 있습니다 제가 이런 통계 자료로 요즘 이제 워낙 반려견 쪽 산업이나 이런 것들이 막 크다 보니까 막 연구를 한단 말이에요 보호자분들이 가장 많이 구매하는 제품이 무엇이냐 제가 제일 많이 사는 건 사실 덴탈 껌이에요 어 맞아요 덴탈 거미 1위를 했습니다데 저희 또 수의 사니까 워낙이 양치의 중요성 치아 관리의 중요성을 알고 있기 때문에 정말 많은 고민을 해서 허니콤 2를 만들었고 그리고이 허니콤 2가 되게 많은 보호자분들이 좋아해 주시고 맨날 품절이 나고 막 이러고 있는데 아직까지 양치 왜 해야 돼 얘가 좋아하니까 그냥 주는 거야라고 생각하시는 분이나 제가 왜 이런 제품을 만들었는지 한번 더 설명해 드리고 그러다 보면 더 열심히 아이들의 치아 관리를 하지 않을까라고 생각이 들어서 오늘 양치의 중요성 치아 관리의 중요성에 대해서 준비를 해봤습니다 사실 저는 이렇게 좀 크게 크게 알고 있지만 되게 세부적으로 잘 설명해 줄 우리 최민경 수의사를 그래서 데리고 왔거든요 오늘도 설쌤과 함께 여러분들께 양치의 중요성에 대해서 설명해 드릴게요 사실 양치해야 되는 이유는 진짜 간단하긴 해요 건강하기 위해서예요 저도 제일 후회하는게 저희 첫째 강아지 이빨 관리 못해 준 거 아마 이건 다들 공감을 하실 것 같아요 맞아요 그 몇 년 전만 해도 이건 저도 똑같은데 제 맨날 슈나 얘기 나오면 울잖아요 그 우는 이유 중에 하나가 얘 이빨이 생각나서요 그때 당시에는 양치 중요성을 누가 알려주기를 했어 그때 좋은 양치 검도 없었어요 없었어요 아들 보조적으로 관리할 수 있는 방법도 없었어서 사실 그냥 수위 사임에도 불구하고 별로 생각을 안 하고 있었죠 결국 이제 건강하게 하려고 하면은 가장 근본적인 이유가 이제 치석 안 쌓이고 하는 건데 치석은 왜 생기는 겁니까 일단 치석이 처음부터 생기는 건 아니잖아요 세균들이 이빨에 붙었다가 그게 모여서 치태를 만들어요 그리고 치태가 이제 입 안에 있는 미네랄들이 만나서 돌이 되면 그때 치석이 되는 거거든요 그러면 치태가 치석으로 바로 되는 건 아니잖아요 48 간이 걸려요 만약에 시트를 없애주면 치석이 생길 수 있는 확률을 여주는 거 줄여주는 거 이거 잘 알아야 되는데 양치하는 거는 치태를 없애는 거예요 치석을 없애는 거예요 치태를 없애는 거죠 이미 한 번 생긴 치석은 없어지지가 않아요 그러면 치태는 먹거나 이러고 나서 얼마 후에 생겨요 음식물을 섭취한 다음에 바로도 생길 수 있고요 한시간 안에 제일 많이 생긴다고 해요 특히나 습식이 추처럼 좀 습기가 많은 음식들 있잖아요 그런 거 먹으면 더 세균 이 많이 증식을 하고 생기는 시간이 더 빨라져요 먹을 거를 먹으면 치태가 생기고 치태가 48시간이 지나면 치석이 되기 시작합니다 그래서 우리는 개껌을 먹는다거나 칫솔질을 통해서이 치태를 제거해서 치석이 되는 걸 막으려고 한다 근데 이게 막아지지 않았을 때는 그다음 일들이 어떻게 되는 거 치석이 일단 한번 생기면 그 위에 치태가 더 많이 쌓여요 아 그렇지 까칠까칠 하니까 치태가 더 많이 쌓일 수 있겠죠네 근데 치태 1g 균이 2마리가 들어 있요 그러니까 치석 위에 치태가 또 쌓이고 그 안에 세균이 2천억 마리나 들어 있으면 그게 만냥 약해진 잇몸 사이로 들어갔을 때 세균만 아니라 세균이 만들어내는 독소들도 있죠 그게 혈관을 타고 온몸으로 퍼지는 거예요 그러니까 아무래도 아이들 몸에 굉장히 나쁘겠죠 그러니까 우리 너무 당연하잖아요 강아지만큼 심각하게 되는 경우들이 없어서 양치를 잘 안 하면 여러 가지 질병에 걸릴 수 있다라는 걸 잘 모르다 보니까 또 아이들 한테 강고하고 관리를 안 해 주는 경우들도 있단 말이에요 하지만 강아지들은 양치를 해도 하루에 한 번이고 우리만큼 꼼꼼하게 할 수 없잖아요 그래서 이게 조금만 심각해지면 이제 우리가 말씀드릴 진짜 여러 가지 질병들에 걸릴 수 있는데 우선 첫 번째 치석이 조금만 쌓이면 치은염에 걸릴 확률이 굉장히 커지거든요 치은염이 근데 되돌릴 수 있는 유일한 단계라고 해요 아 그러니까 이제 치료가 돼서 다시 나을 수 있는네 그래서 만약에 아이들 잇몸을 딱 봤을 때 치아랑 잇몸 사이에 붉은 줄이 이렇게 살짝 있을 때 그때가 정말 관리를 제대로 해 줘야 되는 딱 그 타이밍이에요 치은이식이 딱 붙어 있는 그 선을 치은이식이 생긴게 치은염 그리고 잇몸에 치석이 계속 쌓이면이 안쪽으로 망가지기 시작하거든요 안에 농이 차서 잇몸 뼈에 영향을 주게 되면 뼈도 같이 녹아서 가끔씩 이렇게 아래턱 골절되고 아니 밑에 이렇게 농이서 이렇게 부풀 오르는 경우가 많거든요 이럴 때는 진짜 이미 많이 늦은 상태기 때문에 미리미리 관리해 주시는게 가장 좋습니다 저희가 만든 제품 그리고 솔직히 대부분의 제품들 특히 덴탈 검의 경우에 치석을 제거할 수 있는 덴탈 검은 없습니다 지금 치석이 쌓여 있는데 조금 덜 쌓이게 도와준다거나 아니면 스케일링 이후에 꾸준히 관리하기 위해서 양치와 덴탈 같은 것을 이용하는거다 라고 알고 계셔야 되는 거예요 절대로 치석을 제거하기 위해서 먹는게 아니다 이게 여러분들 많이 모를 수 있는데 심해에 걸릴 수 있습니다 강아지들이 사람들이나 똑같은데요 솔직히 우리 몸에서 어떻게 보면 가장 약하지만 중요한 장기가 뭐죠 뇌요리 때문에 사실 다른 장기에는 없는 엄청난 방어막이 있어요 비비라고 합니다 블러드 브레인 베리어 해서 혈액을 통해서 뇌를 방어해 주는 비비라는게 뇌를 지켜주고 있어요 근데 근데 잘 생각해 보세요 이빨과 요는 정말 가깝죠 세균이나 염증이 여기로 올라가요 그러면 뭐가 먼저 파괴 되냐 비비가 파괴됩니다 성벽이 파괴가 됐으니까 우리 몸에서 뇌로 올라가면 안 되는 독성 물질들이 올라갈 가능성이 높아져요 그러면 뇌색 보드를 파괴하고 치매를 유발할 수 있다 이게 사람에서 먼저 밝혀졌고 그다음에 어 사람이 이러는데 강아지도 똑같지 않을까라고 연구를 해보니 강아지도 그렇다 또 뭐가 있을까요 내만 이 아니라 아무래도 우리 몸에서 독소의 가장 예민한 부분들이 또 있잖아요 신장이나 간 수치도 증가할 수 있고 게다가 심장까지 혈류를 타고 세균이나 독소가 이동을 하다 보니까 심장 질환에 걸릴 위험도 굉장히 높아진다고 해요 특히 요쪽 어금니 쪽에 되게 큰 혈관들이 있어요 근데 그 혈관이 심장 쪽의 혈관이란 바로 연결이 됩니다 고속도로가 뚫려 있는 형태인 거죠 그 요게 입구다 보니까 별에별 다 연결돼요 솔직히 영향을 끼치지 않는 곳이 없다라고 봐도 되는 거죠 그러면 우리 보호자분들이 알아야 되잖아요 솔직히 치주염 가면 이건 지금 관리가 아니라 치료를 받아야 돼요네 일단 평소에 딱딱한 거를 씹는 걸 좋아하는 아이들이 어느 날 갑자기 딱딱한 걸 씹지 않을 때 그때가 제일 첫 번째예요 저희 버블리가 그랬죠 개껌 안 먹는 거예요 너 이제 개껌을 안 좋아하는구나 엄청난 오산이었다 식과 치료 오후에 개껌을 보면 환장을 하죠 그런 애들 특징이 뭐냐면 그리고 행동학적 먹고는 싶어 내 이빨이 아파 그럼 어떻해요 숨겨요 숨겨요 바로바로 먹던 애가 갑자기 어느 순간부터이 개껌을 빨리 못 먹고 어딘가 자꾸 숨기려고 한다 그러면은 우선 조금은 의심해 볼 만하다 또 뭐가 있을까요 이빨을 들고 만졌을 때 아파하는 경우요 만약에 잇몸을 딱 봤을 때 치석이 쌓여 있고 그 위에 붉게 색깔이 변해 있다 이럴 때는 확실히 치주염의 가능성이 굉장히 높죠 사실 이렇게 어느 정도 진행이 된 치주염이 그 어떤 방법도 효과 없습니다 병원 가서 발치를 하듯 치료를 하든 어쨌든 치료를 받아야 되는 거예요 그러면 우리가 이렇게까지 되지 않게 하기 위해서 가장 필요한게 뭐죠 양치질이 그러면 양치를 할 때 필요한 것들이 있죠 치약이랑 칫솔이 칫솔 어떻게 선택해야 됩니까 일단 치약은 음식물을 분해할 수 있는 효소들이 들어간게 가장 먼저예요 사람은 그런 효소 취약 별로 없죠 그렇죠 있긴 있는데 흔하진 않죠 왜냐면 우리가 되게 꼼꼼하게 해요 강아지들 그렇게 절대 못해요 해요 쪽 절대 못 하고요 그러다 보니까 발라줬을 때 음식물 찌꺼기 뭐 단백질이나 이런 것들을 좀 분해해서 치태가 생기지 않게 하는 성분이 들어가 있는게 좋죠네 그리고 요즘에는 치약 성분 중에서 아라자임 이런 성분들은 단백질 분해를 해 줬기 때문에 치아 사이사이 껴 있는 음식물 찌꺼기까지 제거를 해 줄 수가 있고요 잇몸이 약간 부어 올랐을 때 진정해 줄 수 있는 성분이 알란토인이랑 성분이에요 그리고 프로폴리스 성분 이건 사람 치약에도 많이 들어 있잖아요 항염 그리고 항 생 성분이 들어 있어서 아무래도 입속에 뭐 세균이나 염증 이런 걸 좀 완화해 줄 수 있는 성분들입니다 그리고 이렇게 세균의 성장을 억제하고 염증을 낮춘다는 거는 결국에 보호자분들이 어떻게 느끼실 수 있냐 입냄새가 줄어든다 또 하나 선택이 맛있는 거 선택해야죠 그죠 맛 없으면 애들이 지원만 도면 도망가요 맞아요 이게 항상 제가 말씀드리죠 강아지들은 왜 내가 이빨을 닦아야 되는지 모른다 그러다 보니까 이게 조금이라도 더 즐거워야 돼요 최대한 맛있는 치약 그리고 그래도 어느 정도 연구 자료가 있는 치약 건강에 도움이 될 수 있는 성분들이 들어간 치약을 고르는게 좋다 그래서 좀만 기대하세요 저희 나와요 제가 생각하기엔 아마 최고의 치약이 나올 것 같습니다 그러면 칫솔은요 칫솔은 한 몇 년 전만해도 엄청 거칠고 큰 칫솔들고 많이 나왔었거든요 근데 요즘은 강아지 칫솔도 미세모가 정말 많이 나와요 아무래도 자극이 되면 아이들이 더 아파고 싫어하니까 제일 부드러운 미세모 사용해 주시는 것이 가장 좋고요 저는 개인적으로이 헤드가 너무 크면 플라스틱이 잇몸에 닿아요 맞아요 근데 우리도 사실이 양치질하다가 잇몸에 이렇게 스치면 아픈데 있잖아요 그래서 애들은 더 작은 거를 저는 선호를 하고 가끔은 저는 칫솔보다 그냥 거지를 손가락에 해서 치약을 발라서 닦아 주는 것도 상당히 좋은 방법 중에 하나입니다 저는 일단 시작하기 전에 이빨에 다 치약을 묻혀 줘요 왜냐면 패드가 아까 작은 걸 쓴다고 말씀드렸는데 거기에 치약을 묻히면 치약의 양이 좀 적어져요 그래서 이미 이빨에 다 바르고 난 다음에 거기다 이제 칫솔에 또 묻혀서 한 번 더 발라주면 더 꼼꼼하게 양치질을 할 수 있어서 야 이거 되게 좋은 방법인데 그리고 이렇게 치약을 발라 놓으면 애들이 가만히 있지 않죠 막 날름날름 하면서 옆에다 이렇게 다 펴바를 거란 말이에요 한번 발려져 있는 상태에서 닦아 주는 것도 되게 좋은 방법인 거 같은데요네 그래서 처음에 윗부분에 바깥쪽 안쪽 다 바르고 또 여기도 바깥쪽 안쪽 다 바르고 안쪽까지네이 이빨 안쪽 이거 안쪽 바르는 분도 거의 없을 텐데 한 할 수 있는 사람들이네 그래서 저는이 방법에 공감 못 하시는 분들이 있을 것 같아요 왜냐면 무는 애들이 있으니까 싫어하고 한 시간이나 방법은요 권장하는 시간은 한쪽 당 30초예고 길죠 난 못해 근데 총네 구역이니 총 2분을 해 주셔야 돼요 그니까 이게 이렇게 나눠서 요기 요기 요기 요기 손에다 이렇게 발라요음 그런 다음에 그냥 입안에 손을 넣고 여기다 다 발라 줘요 이렇게 칫솔도 치약을 쳐줍니다 그런 다음에 그냥 여기서 살살 어 지금 우리 최민경 수의사가 보여주지만 진짜 중요한게 양치를 할 때 효과를 제일 좋게 하려면요 사이를 닦아 주는게 제일 중요한거 맞아요 그리고 생각보다 많은 분들이 광고하시는게이 앞니 맞아 앞니를 잘 안 닦아 주세요 아이들이 보통 씹는 거는 일로 씹는다고 생각하실 수 있는데 뭔가를 이렇게 집어 먹을 때 이렇게 먹거든요 그래서 생각보다이 사이에 음식물이 정말 많이 껴요 그리고 다른 치아와 다르게 치아들 그리 다 벌어져 있죠 앞발들은 따닥따닥 붙어 있어요 맞아요 그이 사이에 다 끼는 거예요 그다음에 살짝 입을 벌린 다음에이 안쪽도 근데 이건 진짜 저도 솔직히 힘들거든요 핑크도 그렇게 양치를 좋아하는 타입이 아니에요 근데 그냥 물진 않으니까 그냥 입 강주로 벌리고 살짝만이라도 어차피 치약을 많이 묻혔기 때문에 그냥 살짝만이라도 요렇게 요렇게 몇 번만 해주시면 근데 이게 힘드실 거 같 안쪽은 허니콤 허니로 곧 그래서 저희가 놀로 어플에 양치하는 방법 어 하는 아이들의 교육 방법까지 올라갈 겁니다 솔직하게 말씀드리면 안 되던 아이들 교육 열심히 한다고 무조건 양치를 잘할 수 있는게 아니에요 성격에 따라서 진짜 격하게 거부를 하고 싫어하는 아이들도 있습니다 그래서 만든게 사실은 그냥 먹고 싶고 즐기고 재밌으라고 만든게 아니라 양치를 못 하는 아이들 아니면 보고자가 좀 바쁠 때 양치 다 조금 못 하겠지만 최대한 비슷한 효과를 내라고 만든게 니 치인 거죠 다른 개검들 다 부드럽습니다 리세치 솔 모처럼 할 하려고 부드럽게 만들었고 치태를 긁어 올릴 수 있게 벌집 구조를 만들었고 치태를 줄여줄 수 있는 좋은 성분들이 많이 들어 있기 때문에 지금까지 나온 모든 덴탈 검 중에 가장 효과적일 거 자신있게 말씀드리는 거죠 아 근데 여기서 진짜 주의해야 될 점이 있는데 이게 우리가 손으로 해 주실 때 사실 입안의 세균이 얼마나 많아요 그래서 직접 손으로 해줬을 때 보호자님 손의 위생이 요즘 걱정이 된다고 하더라고요 이런 연구결과 그래서 을 끼거나 손으로 양치 시키고 난 다음에 꼭 손을 닦아 줘야 된다고 합니다 아까 그 얘기 듣고 1g 2억개 듣고 저도 약간 식겁해 가지고 아니 뭐 사실 강아지들의 구강 세균이 사람의 구강이나 이런 데서 살기 어려운 환경이라고 하지만 그래도 어떤 애들이 있을지 모르니까 좀 조심은 해야 될 것 같아요 그리고 마지막으로 진짜 주의할 점 뭐죠 요즘에 전 광고를 너무 많이 보는게 셀프 스케일러 광고예요 그냥 스케일링 하려면 마취전 검사하고 돈이 정말 많이 들긴 하거든요 솔직히 근데 셀프스 스케일러 1 2만 원밖에 안 하지 않아요 그러니까 보호자님들 이제 훅 하시는 거죠 정말 위험하고 하면 안 됩니다 당신 스케일링도 그걸로 해 그러니까요 스케일링은 목적이 뭐냐 잇몸과 치아의 사이를 하려고 하는 거예요 여러분들 눈에 안 보이는요 공간이 있어요 이쪽을 하려고 하다 보니까 겉에 있는 치석을 제거해야지요 안쪽까지 접근이 가능하니까 셀프 스케일러로 그거 가능한 사람 없어요 되지도 않아요 스케일러 다 이거 초음파로 엄청나게 센 진동을 주면서 하는 거예요 셀프 스케일러 1 2만 원짜리 그걸로 떼내 봤자 겉에 있는게 떨어지는 거지 잇몸과 이빨 사이에 있는 거는 떨어뜨리지 못해요 절대 안 됩니다 하지 마세요 다쳐요 그리고 이제 스케일러를 수의사들은 할 때 요렇게 가로로 하거든요 사용하는 법을 모르시는 분들이 이거를 세로로 긁으면 이빨에 스크래치가나요 스케일러 이렇게 갈고리처럼 생겼잖아요 우리는 등면 해요 등면 면으로 해요 그리고 그 뾰족한게 아까 얘기했던 이빨과 잇몸 사이에만 들어갈 때만 그 뾰족 을하 근데 이제 보호자분들은 모르겠구나네 그러니까 이거를 그냥 갈고리처럼 이렇게 이렇게 이렇게 쓰시는 거예요 그러면 나중에 치석이 더 생기죠 이빨 표면에 스크래치가 나니까 그러면 당연히 치태가 더 생겨 절대 절대 하지 마세요네 오늘은 다시 한번 우리 양치의 중요성과 치아 건강의 중요성 그리고 칫솔 치약의 선택 방법 이런 것들에 대해서 한번 말씀을 드려 봤는데요 우리가 하면서 어쩔 수 없이 또 자신 있으니까 허니콤 추에 대해서 얘기를 했는데 어떤 분들은 또 그러실 거예요 야 솔직히 개건 먹어서 효과가 있어 효과도 없는 거 있다라고 막 포장하는 거 아니야 그래서 다음번에는 실제로 연구 결과들이 있습니다이 덴탈 껌들어있는 치아 건강에 어느 정도의 도움을 줄 수 있는지에 대한 연구 결과를 우리 최민경 수의사와 설명을 드리도록 하겠습니다 이번 영상 보시고 치야 관련 궁금증 댓글 달아 주시면 저희가 쇼츠로 따로 제작을 해서 여러분들 질문에 대한 답변을 해 드릴게요 댓글 많이 달아주세요 그럼 다음번에도 놀러와에서 할 수 있는 더 전문적인 컨텐츠로 돌아오겠습니다 그럼 또 놀러오세요 [음악] 안녕,
85,https://www.youtube.com/watch?v=oURwu_gJmJM,oURwu_gJmJM,개껌 진짜 효과 있는 걸까요? 그런데 말입니다. 🤔 l 설채현 행동학 수의사,설채현의 놀로와 ,딱딱한 덴탈 거이 좋아요 아니면 부드러운 덴탈 거이 좋아요 보통 생각하기에는 좀 딱딱한게 효과가 좋지 않을까 아 이건 너무 센 거 같아 잘 안 들어간다 안녕하세요 설치이 여러분 설치현 수 의사입니다 저희가 지난 시간에 양치의 중요성 컨텐츠를 올렸어요 그러면서 개검 얘기들이 조금 있었거든요 그랬더니 댓글에 개껌은 뭐 효과가 없다 개껌만들기 후에 개껌 급여해도 되나요 그리고 저희가 또 제일 좋은 제품이 허니콤 추다 보니까 이런 것 때문에 조금 의심하시는 분들도 있을 것 같아요 개검이 과연 효과가 있느냐 많이 궁금하신 분들이 있을 것 같아서 오늘 특별하게 준비했습니다 강아지 개검 그것이 알고 싶다 항상 그렇잖아요 저희는 뇌피 시이나 그냥 재미 위주가 아니라 논문 기반으로 팩트를 확실히 알려 드리려고 합니다 그래서 오늘이 분야에서 또 저보다 더 잘하는 우리 최민경 수의사 모셨습니다 안녕하세요 최민경 수사입니다 오늘 정말이 개껌의 팩트에 대해서 아주 낱낱이 설명을 해 줄 겁니다 첫 번째로 개껌 왜 먹는 걸까요 일단 많은 아이들이 양치를 싫어하잖아요 그래서 양치를 조금 대체해 주기 위해 먹는 거긴 한데 사실 저는 아이들의 본능이 씹는 거라고 생각을 해요 그래서 씹는 본능을 조금은 해소해 줄 수 있는 기능을 한다고 생각하고 있습니다 그렇죠 이게 실제로도 씹을 때 세로토닌이 나와요 우리 머리에서 가장 큰 근육인 저작근을 움직일 때 안정감을 주고 불안을 낮춰 주는 신경 전달 물질인 세로토닌이 나온다고 해요 그래서 우리 보면 외야수들이 되잖아요 공이 나한테도 올 수도 있다 그럴 때 보면 야구 선수들이 계속 뭔가를 쉽죠 껌을 씹 알게 모르게 껌을 씹게 되면 저작근이 움직이고 세로토닌이 나오고 그러면서 어느 정도의 긴장을 풀어 주는 역할을 하기 때문에 그런 행동을 나도 모르게 계속 하고 있다라는 생각이 들어요 그래서 강아지들도 사실 문제행동으로 그런 것도 있잖아요 불안하거나 스트레스를 받았을 때 무언가를 계속 씹는 경우들이 있는데 오히려 이런 것들로 풀어 줬을 때 더 안정감을 느낄 수도 있다 그리고 아이들이 씹을 때 침이 나오잖아요 근데 침에는 항생물질이 들어 있어요음 그래서 우리도 입 마르면 뭐 입냄새도 심해지고 세균 더 많이 번식한다고 하잖아요 그니까 그것처럼 아이들이 뭔가를 씹으면서 침이 나오는 걸로 어느 정도의 나쁜 세균을 없애 주는 기능을 합니다 이제 개껌의 이제 두 번째 목적이 아이들이 이제 씹는 욕구를 풀어 주는 것도 있고 치아 관리도 있는데 가장 많은 분들이 이제 궁금해하시는게 아니면 의심하시는게 그럼 덴탈 추는 정말 치야 관리의 기능을 하느냐 이겁니다 어떤 논문들이 좀 있죠네 덴탈 검을 급여했을 때 구간 건강의 변화라는 제목의 논문이데 일단 일반 건사료 급여를 했고요 어떠한 구간 관리도 해 주지 않은 실험군이 어 똑같이 건사료 급여한 다음에 매일매일 덴탈 검을 급여한 경우를 이렇게 비교를 해서 나온 논문이 있는데요 한 28일 동안 실험을 진행을 한 거죠네 네 표 보시면 아시겠지만 태랑 형성된 석이랑 입냄새 그리고 치은염네 치은염 전부 다 유의미하게 감소를 보였어요 꽤 유의미 한데요 특히 치은 염에서 정말 많이 변화가 있어 가지고 치은염이 하는 거는 제가 계속 강조해서 설명을 드렸지만 치주염이 가기 전 단계 그러니까 잇몸의 끝부분 치아가 닿 있는 부분에 염증이 시작되는 것이 치은염이 영어로 이제 진지바티스 아고 얘기를 하는데 진짜 유의미하게 줄어들었네요이 논문 말고도 9주 동안 매일매일 덴탈 출을 급여하고 그 차이를 살펴본 논문도 있습니다 거기도 똑같아요 치은염 치태 치석 전부 유의미하게 덜 생겼다라는 논문도 있습니다 제가 설명 안 해도 덴탈 출을 꾸준하게 급여 사진이 뭔지 아시겠죠 보면 가장 유의미한 차이가 치은염이 거 같아요 잇몸과 이빨이 닿는 부위의 그 빨간 선 그게 치은염 있데이 차이가 아주 뚜렷하게 보이는 거 같아요 그러면 이게 어떻게 감소 효과를 가질 수 있는지 한번 설명해 주세요 덴탈범 선문 중에서 그 핵사 메타인산 나트륨이 있어요 제가 지난 영상에서 설명을 드린 것처럼 치태가 쌓이고 침속에 있는 뭐 미네랄 뭐 칼슘 같은 거랑 만났을 때 치석이 좀 더 잘 생기게 되는데요 칼슘과이 핵사 메타인산 나트륨이 결합을 해요 그래서 치석으로 갈 거를 얘가 미리 이제 예방을 해 주는 거죠 그러니까 이게 치태가 칼슘과 못 만나게 하면서 치석이 되는 거를 막아준다 그런 거죠 당연히 뭐 저희 현입 추에 안 들어가 있을 리가 없겠죠 근데 이게 보호자님들이 좀 오해하시는 부분들이 있으신 거 같은데 vohc 아고 미국 치가 협회에서 인증 마크 있잖아요 그 마크를 보면 리스라시르가이 사라진다고 오해를 하시더라고요 제 항상 얘기지만 생긴 치석을 제거하는 개검이 있으면 우리도 치과가서 스케일링 안 해요 우리도 그거 먹으면 되지 그거는 사실 거의 불가능하고 말이 안 되는 얘기입니다 이미 생긴 치석은 없어지지 않고 스케일링이 이 유일하다 우선 이거 알고 가셔야 돼요 지금 또 이런 질문들 많이 하셨단 말이죠 그럼 덴탈 추면 먹여도 될까요 양치는 안 해도 되는 걸까요데 항상 저희가 말씀드리지만 아무리 좋은 덴탈 치여도 정말 양치를 동등한 효과를 볼 순 없어요 그지만 저희가 지금 가지고 온 논문에서는 양치와 덴탈 검이 어느 정도 비슷한 효과는 가지고 있다라는 논문이 그든이 그래프를 보면 양치질 했을 때 70.3% 세균이 감소를 했고요 그다음에 이제 우리 블리스 이라고 그 한우 스틱 있잖아요 딱딱한 거네 그거는 60% 정도 감소를 했고 그다음에 덴탈껌을 먹었을 때 한 약 55% 정도 세균이 감소했다고 해요 어 상당히 효과가 있네요이 논문에 따르면 덴탈 거이 양치질에 한 78% 정도의 효과를 보일 수 있다라는 연구 결과가 나온 거죠 근데 여기서 되게 우리가 이거 좀 짚고 넘어가야 될게 있을 것 같아요 여기 라라고 써 있는게 있어요 이건 뭐죠 가장 효과가 좋은데네 이게 사실 생에 아마 생식하는 이제 보호자님 기준으로 하신 거 같은데이 실험이 미국 실험이 근데 미국은 기본적으로 아이들이 20kg가 넘어요 그래서 이런 생뼈 통으로 먹어도 애들이 이빨도 크고 그래서 좀 잘 씹을 수 있는데 우리나라는 대부분이 한 5kg 미만의 소형견 들이잖아요 그래서 이걸 잘못 먹으면 위를 뚫을 수가 있고요 장을 막을 수 있어요 그렇죠 장폐색을 일으킬 수 있죠 FDA 그래도이 장폐색 때문에 강아지들한테 뼈 급여하는 것을 추천하지 않고 있습니다 그리고 여기선 사실 세균 을 줄이는 걸로 실험을 한 거지 시아에 입히는 데미지에 대해서까지 종합적으로 판단한 논문은 아니란 말이죠 많은 분들이 그래 우리 집에는 생뼈 먹어도 중가리 괜찮은데 너 뭔 소리 하는 거야 근데 제가 그렇게 얘기하죠 제가 운전을 하고 첫 사고가 난게 운전을 시작한지 한 7년 정도 됐을 때요 그러면 제가 그 7년 동안 나 지금까지 사고 안 났으니까 이제 평생 사고 안 날 거야 이런 얘기를 하는 거랑 똑같다라는 거죠 어떤 사람은 평생 운전해도 교통사고 안 나는 사람 있을 거예요 근데 어떤 사람은 평생 운전하다가 교통 사고도 나고 좀 크게 사고가 나서 다치는 경우도 생길 수 있죠 그러면 우리는 뭘 해야 되냐 그걸 줄이려고 노력하는 거예요 그럴 가능성을 최대한 줄이려고 노력하는데 생뼈 아는 건 위험성이 있단 말이에요 그러면 대체제가 있냐 있다라는 거죠 양치질이나 요즘 좀 더 안전하게 나온 덴탈 추로 충분히 대체재가 있기 때문에 우리는 안전한 쪽으로 가주는게 가장 좋다 그리고 허니콤 추는 그런 것도 맡기 위해서 손구멍 만들어 놓은 상태죠 저 이게 너무 마음에 들었어요 조금이라도 더 안전하게 만들기 위한 노력 입니다 놀랍니다네 그러면 어떤 된 탈출을 급여해야 되는 거죠 보호자님들이 가장 궁금해하시는 질문 중 하나가 딱딱한 덴탈 검이 좋아요 아니면 부드러운 덴탈 검이 좋아요예요 일단 논문 상에서는 너무 부드러워도 안 되지만 너무 딱딱해도 안 된다 그냥 중간 정도의 밀도를 가진 덴탈 거미 효과가 가장 좋다고 남아 있거든요 보통 생각하기에는 좀 딱딱한게 효과가 좋지 않을까 이렇게 생각이 되는데 그 어떤 차이가 있는 거죠 그래서 저희가 이제 다양한 제품들을 가지고 왔어요 과연 딱딱한게 더 좋을지 아니면 부드러운게 더 좋을지 저희가 한번 직접 보여 드리면서 얘기를 해보려고 합니다 일단 저희가 좀 딱딱해 보이는 껌으로 한번 해볼게요 결국에 들어가면서 쓸어 올려 줘야 되는 거잖아요 그렇죠 아 이건 너무 센 거 같아 잘 안 들어간다 여기까지만 들어갔다는 거야 여기까지 딱딱할수록 이게 좀 더 안 들어가기도 하고 조금 더 이제 들어가려면 더 많은 씹는 회수가 필요하 또 다른 것도 한번 해볼까요 이것도 얘는 씹어서 들어가면서 닦아 준다기보다는 이렇게 왔다 갔다 하면서 손으로 잡고 돌리면서 먹으 돌리면서 먹으면서이 나선형으로 돼 있으니까 이런 식으로 조금 닦아 주는 느낌 이것도 약간 보면 홈이 그니까 이게 런거 얘기해도 되나 그냥 사출 형이기 때문에 다 이런 모양 밖에 못 기계에서 가래떡처럼 나오는 걸 이렇게 잘라서 만들기 때문에 치아를 360도 둘러주는게 아니라 이것도 약간 이런식이 되겠죠네 어 이건 좀 잘 들어간다 아까 거보다 훨씬 더 잘 들어가요 이거 저희 제품 아니지만 아까 이거보다는 더 효과가 있을 것 같은 느낌이 들어요 얘는 어떻게 돼요 얘도 제 생각에 이거 이거 똑같다 옆에 이렇게 긁히고 씹히면서 되는 느낌 얘는 저도 알아요 이거 예전에 저도 이런 제품들을 좀 해봤기 때문에 좀 잘 들어갈 거예요음 잘 들어가는 편 잘 들어가긴 하는데 어 너무 쉽게 되는 느낌이 좀 있어요 그리고 마지막에 우리 허니콤 family 같은 경우는 이건 사출형이 아니고 붕어빵처럼 찍는 거기 때문에 이렇게 구멍이 좀 더 촘촘하게 아이들 그 사이즈에 맞게 이빨을 보여 줄 수 있고 이게 들어가게 되면 씹었을 때 끝까지 잘 들어가죠 잘 빠지지도 않는 적당한 강도 그럼 그다음으로 우리가 또 좋은 덴탈 출을 선택하기 위해서 고려해야 될 건 뭘까요 사실 성분이죠 물론 물리적인 구조로 대부분의 덴탈 검들이 이제 치태를 좀 긁어낼 수 있게 만들긴 했는데 사실 물리적인 것뿐만 아니라 화학적인 것도 어느 정도 치태를 제거해 주는 성분이 들어 있으면 더 좋잖아요 그래서 저희가 허니 콩스 성분을 이게 약간 부끄럽기도 한데 그래도 말씀드리고 싶은게 우린 허투루 하지 않고 덴탈 추가 양치에 78% 효과를 나타낸다고 했는데 저희는 그거보다 더 높게 하고 싶어서 많은 고민을 한 거죠 어떤 성분들이 중요할까요 어 사실 아까 말씀드린 것처럼 그 핵사 메타인산 나트륨이 들어 있고요 그게 이제 치석 형성을 억제해 주는 거고 그리고 저희가 글루코 아밀라 아재라는 성분이 들어 있어요 그래서 아이들 이빨 사이사이에 낀 그 음식물 찌꺼기를 분해해 주는 성분이 아밀라제 많이 들어보셨죠 중학교 고등학교 과학 시간이 많이 나오잖아요 탄수화물 분해 효소 그리고 이제 라이소자임이라 성분이 들어 있는데 이것도 효소에 근데 이제 세균을 조금 성장을 억제해 주는 그리고 저희가 또 그거 들어 있잖아요 허니콤 추라서 꿀향 나잖아요 마누카꿀네 그게 생각보다 정말 수학에서도 많이 쓰는데 수술하고 염증 이런 감염 있을 때 그냥 마누카꿀 넣어요 그냥 꿀 같은 거 발라 놓고 그냥 드레싱하는 경우들이 있잖아요 염증 줄이고 하기 위해서 그래서 염증도 없애주고 그다음에 이제 한균 기능까지 같이 들어 있는 그런 성분이 저희 허니콤 치에 들어 있습니다 이거 이외에 다른 제품들이 또 우리가 가지고 있지 않은 좋은 성분을 가지고 있을 수도 있잖아요 뭐 또 뭐가 있을까요네 최근에 제가 또 봤던게 배석 세포라고 해가지고 배 껍질이 약간 오돌도돌 하잖아요 그래서 그거를 이제 개껌을 넣는 경우도 있더라고요 또 대표적으로 스피루리나 그렇죠 저희가 이제 단백질 못 먹는 아이들을 위해서 이제 나오는 허니콤 Q 배지에이 스피루리나가 추가로 들어가 있습니다 우리가 오늘 논문이나 이런 것들을 다 정리를 해 보면 가장 먼저 너무 딱딱해도 너무 부드러워도 안 된다 어느 정도 중간의 굽기를 가지는게 좋고 사실 뭐 구멍이 없는 제품들도 있습니다 근데 구멍이 있을수록 좋은 건 여러분들도 아실 것 같고 구멍의 크기가 우리 강아지의 치아 구조와 잘 맞아야 되고 성분들 중에이 치태를 감소시켜 줄 수 있는 성분들이 들어 있는 는지를 보고 선택을 하시면 가장 좋을 것 같습니다 사실 저희가 허니컴 추를 만들 때 논문들을 다 분석을 하면서 가장 현실적으로 이런 것들을 충족할 수 있도록 만들었지만 또 아이들마다 기호성이 이런 것도 다 다를 수 있어요 저희가 오늘 말씀드린 것들을 전체적으로 비교하시면서 우리 아이한테 가장 잘 맞는 덴탈 출을 선택을 해 주시는게 분명히 치야 관리의 효과가 있다 저희가 계속 덴탈 검도 효과 있다고 말씀드렸는데 사실 가장 효과가 좋은 거는 레이메이 양치를 해 주는 거예요 양치가 어려우신 분들도 계실 것 같아서 저희가 놀루 플레이의 전문가 교육 양치 어떻게 하면 좋은지 그런 교육 영상들을 올려 놨으니까 그거 보시고 충분히 연습하시는 이제 연습하는 동안에 젠탈 검으로 조금 대신해 주셨으면 좋겠습니다 오늘은 저희가 여러분들이 가지고 있을 수 있는 그런 의문점들에 대해서 논문을 기반으로 연구 결과를 기반으로 한번 설명을 드렸는데 저는 어 너무 좋았던 거 같아요 저도 다시 한번 보면서 우리 제품에 대한 자신감도 얻게 되는 거 같고 확실히 많은 분들한테 도움이 될 수 있는 그런 내용인 거 같아요이 영상에서 궁금한 점 있으시면 이렇게 댓글로 남겨 주시고요 뇌피셜이 아닌 연구 결과와 팩트로 다가가는 놀러와가 되겠습니다 그럼 또 놀러오세요 [음악] 안녕,
86,https://www.youtube.com/watch?v=vJ61dTic3Ag,vJ61dTic3Ag,"Anesthesia Facts, Accurately Explained! 🖍️ l Pet Anesthesia l Behavioral Veterinarian Seol Chae-h...",설채현의 놀로와 ,"맞추는 축적된다. 그래서 얘의 수명을 조금씩 갉아먹는다. 강아지가 맞추할 수 있는게 세 번밖에 없는데 중성하면서 한 번 썼는데 이제 두 번밖에 안 남았다. 그걸 어디어디 써야 되는지 상담을 하러 왔다. 이런 얘기 조금 많이 들었어요. 안녕하세요. 설친이 여러분. 설천 수사입니다. 오늘 저는 사실이 시간을 정말 기다려 왔습니다. 왜냐면 많은 보호자분들이 수위학적으로 오해하는 것 중에 가장 많은 분야가 바로 마취와 관련된 부분이기 때문에 우리 VIP 동물병원의 마치과 선생님들을 오셨습니다. 네. 한번 소개 부탁드립니다. 안녕하세요. VIP 청담점에서 마치통증화 과정으로 일하고 있는 차하진수 수의사입니다. 안녕하세요. 저는 VIP 창담에서 마치과 팀장으로 일하고 있는 김민하입니다. 다른 병원들에서 마취를 이제 봐 주시는 선생님이 들어갈 때 저 같은 수의사들도 들어가잖아요. 마취도 옆에서 모니터링을 한다거나 이런 이제 일반인 분들이 많이 들어가는데 우리나라에는 전문이가 없기는 하지만 지금 계신 두 분은 마취만 전문으로 학의를 하시고 이제 수술이 있을 때마다 들어가셔서 옆에서 이제 마취에 대해서만 전문으로 하는 선생님들이기 때문에 저도 여쭤볼게 되게 많았고 우리 여러분들한테도 그 걱정을 좀 덜어들이는 시간이 되지 않을까 싶습니다. 궁금한게 진짜 많은데. 자, 가장 먼저 이렇게 가죠. 마치 위험합니까? 음. 음, 일단 마치라는 것이 중추신경객을 억압을 해 가지고 가역적인 돌아올 수 있게 혼수 상태를 만들어 주는 거예요. 그러다 보니까 마취의 위험도가 당연히 존재할 수밖에 없습니다. 왜냐면 혼수 상태를 만드는 거기 때문에 마치 위험도가 존재하는 거는 사실이지만 그거를 방지하기 위해서 수의사들이 여러 가지 노력을 하고 있고 보호자분께서도 저희가 이제 뭐 마취 직전에 금식 금수해 주세요. 이런 거부터 사소한 것까지가 다 마치 위험도를 줄이기 위한 방법으로 생각해 주시면 될 거 같습니다. 저는 이제 얼마 전에 강의를 하다가 그 얘기를 들었어요. 마취를 할 때마다 수명이 1년씩 줄어든다. 어, 저 그런 거 진짜 많이 들었어요. 평생 살면서 강아지가 말할 수 있는게 세 번밖에 없는데 중성하면서 한 번 썼는데 이제 두 번밖에 안 남았다 그러면 그걸 어디어디 써야 되는지 상담을 하러 왔다. 이런 얘기 조금 많이 들었어요. 네. 그니까 이게 저는 되게 안악적인 생각이다라고 생각을 많이 했었는데 이게 가장 중요할 거예요. 보호자분들한테는 가장 걱정이고 수의사들이 마취를 권장할 때 꺼리는 부분이 맞추는 축적된다. 그래서 얘의 수명을 조금씩 갉아 먹는다. 이렇게 생각을 하시거든요.이 부분에 대해서 한번 얘기를 해 주시면 좋을 것 같아요. 일단 마추라는 것은 다들 알고 계시겠지만 약물에 의해서 사용이 되는데 약물이라는 것은 몸에 축적이 된다거나 평생 남아 있는게 아니라 반감기라고 해서 이만큼을 넣어 주면 그다음에 이만큼으로 줄어들고 대사가 돼서 몸에서 사라지게 돼요. 그 사이클을 여섯 번 이상 돌게 되면 몸에서 다 나갔다라고 표현을 하기 때문에 몸에 축적되는 것은 아닙니다. 근데 위험도가 왜 생기냐라고 얘기를 한다면 마치 양물을 이만큼 넣어 줬을 때 신체 기능이 억압이 되게 돼요. 그래서 뭐 뇌나 심장이나 폐 같은 기능을 평소에 비해서 이렇게 눌러 주는 거죠. 그때 옆에서 수의사가 그 눌러준 기능이 작동을 못 할 때 도움을 주지 않으면 그게 이제 위험도로 넘어가게 되는 거라서 마치 약물 자체가 뭐 축적이 돼서 위험하다. 마취를 하게 되면 1년씩 수명이 준다. 이런 거는 전혀 근거 없는 얘기라서 그런 쪽은 걱정을 하지 않으셔도 될 거 같습니다. 가장 중요한 건 그 마취 도중에 다른 장기들의 기능이 조금 억압이 될 때가 있고 그때 재기능을 할 수 있게 옆에서 전문가들이 도와주느냐 그걸 못 도와줬을 때 위험한 거지. 축적이 돼서 문제가 되는 거는 아니다라는게 이게 정답인 거죠. 또 이제 제 여쭤 볼게 이거예요. 저는 얼마 전에 13살짜리 비용 버블리를 스케일링을 했어요. 근데 많은 분들이 또 이런 오해를 갖고 계십니다. 나이 많은 아이들은 맞취하면 안 된다. 이거에 대해서 속시원하게 좀 풀어 주셔야 될 것 같아요. 사실 명쾌한 답은 나이는 숫자에 불과하다라고 생각하시는게 맞을 것 같습니다. 왜냐하면 저희는 이제 많은 환자들을 보는데 사실 마치 위험도는이 환자가 가지고 있는 질병의 상태를 정합적으로 판단해서 1단계에서 5단계로 평가를 하는 건데 단계의 숫자가 중요하지 나이라고 하는 것은 위험도를 평가하는데 사용되는 지표 중 하나라고 생각하는게 맞을 것 같습니다. 예를 들어서 13살짜리 환자가 있는데 심장도 괜찮고 숨 쉬는 것도 괜찮고 혈액 수치들도 괜찮다고 하면 마치의 위험도는 나이가 있는 것을 고려했을 때 한 2단계 정도다라고 생각을 하실 수가 있는데요. 반대로 어떤 환자가 여덟살이에요. 근데이 환자가 심장병이 있고 폐렴을 앓은 적이 있고 간수치가 높아요. 그렇게 되면 나이가 어리더라도 마치 위험도는 3단계까지 평가될 수 있습니다. 지금 단계가 높을수록 위험한 거죠? 네. 1단계에서 5단계고 5단계로 갈수록 위험한 겁니다. 그렇죠. 저희 구독자분들은 또 되게 고관여자군들이시거든요.이 마치 위험도에 대해서 분류가 있잖아요. 거기에 대해서 조금 더 자세하게 한번 설명을 해 주셔도 좋을 것 같아요. 저희는 마치 위험도를 미국 마치회 줄여서 이거를 이제 영어로 ASA라고 그러거든요.이 ASA 그레이드라는 마취 위험도의 분류 체계가 있어요. 저희는 수학에서 주로 사용되는 지표를 가장 많이 활용을 하는데 1단계에서 5단계로 갈수록 마취 위험도는 증가하는 거예요. 그래서 1단계는 질병이 없는 건강한 상태를 의미합니다. 그런 아이들이 가장 마칠 위험도가 당연히 적겠죠. 2단계는 질병이 있기는 하지만 증상이 현재 없거나 전신적으로 큰 영향을 미치지 않는 상태를 얘기를 해요. 3단계부터는 조금 위험을 수반하는 편이라고 볼 수 있는데요. 마치 관련된 중요한 장기에 질병이 있고 그 질병으로 인해서 증상이 현재 있거나 관리를 하지만 조금 불안정한 단계라고 보면 될 거 같습니다. 이제 4단계부터는 좀 많이 위험한 상태가 되어서 저희가 객관적으로는 마취를 추천하지 않는 상태라고 얘기를 하는데요. 두 개 혹은 세 개 이상의 질병이 같이 혼재되어 있으면서 질병의 증상이 심한 상태를 얘기를 합니다. 그리고 5단계는 흔히 응급 상태 환자를 얘기를 하는데요. 질병도 가지고 있었으면서이 질병으로 인해서 만약 수술이나 처치를 해 주지 않으면 24시간 이내에 사망할 것으로 생각되는 아주 위험한 상태를 의미를 합니다. 선생님들은이 아이를 종합적으로 딱 판단을 했을 때이 1 2 3 4 5 단계와 그리고 얘가 지금 꼭 해야 하는 처치를 했을 때 얘가 얻을 수 있는 장점 단점들을 분석을 해서 수술의 여부를 보호자한테 추천하게 되는 되게 어려운 직업인 거죠. 마취의 방법에 두 가지가 있잖아요. 아, 주사 마취와 호흡 마취.이 이 두 가지의 좀 장단점에 대해서 한번 설명을 해 주시면 좋을 것 같아요. 일단 마취라는 것에는 뭐 여러 단계가 있지만 우리가 보통 마취하면 생각나는 전신 마취를 봤을 때 주사 마치랑 호흡 마치 두 가지가 있어요. 주사 마치라는 것은 주사 약재를 넣음으로써 혈관을 통해서 내로 약이 들어가서 전신 마취를 하게 되는 걸로 생각해 주시면 되고 쉽게 생각하면 저희 흔히 사람에서 위내시경할 때 잠기 직전에 주사로 약물을 넣는 것을 다들 한 번씩은 보셨을 텐데요. 그게 이제 주사 마치랑 비슷하다고 생각해 주시면 될 거 같아요. 마치가 아까 얘기 드렸듯이 반감기가 있기 때문에 들어가면 애들이 계속 자는게 아니라 중간중간 일어나게 될 거예요. 그때도 계속 주사로 마취를 넣으면서 마취를 길게 유지하는 것을 주사 마치라고 생각해 주시면 돼서 호흡 마치의 경우에는 회를 통해서 마취제가 뇌로 들어가서 마취를 하는 방법이고 드라마나 영화에서 술을 들어가기 직전에 뭔가 호스 같은 거 길게 나와 있는 장면 다들 보셨을 거예요. 그 호스가 기도를 통해서 패로 연결이 되어 있어요. 그거를 통해서 가스 같은 거를 폐로 넣어 줘서 전신 마치를 하는 것을 호흡 마치라고 합니다. 사실 장단점이 다르기는 해요. 주사 마치는 편해요. 왜냐면 호흡 마치를 하려면 기도를 통해서 관 같은 걸 넣어야 되는데 사실 맨 정신에 누가 그걸 할 수 있겠어요? 그래서 한 번은 혈관으로 주사를 주기는 해야 돼요. 과정이 조금 복잡하고 어렵다는 단점이 있어요. 대신 호흡마치는 호흡을 컨트롤 할 수가 있어 가지고 사실 조금 더 안전만 따지고 보면 호흡마치가 좀 더 안전하기는 해요. 그러니까 이게 가장 큰 차이점은 주사 마치는 한 번 넣으면 되돌릴 수가 없잖아요. 그죠? 요즘은 이제 수컷 중성화할 때도 거의 다 호흡 마치를 사용을 하시지만 이게 점점 더 안전하니까 예전에는 주사 마치로 많이 진행을 했단 말이죠. 호흡 마치는 사실 한번 호흡할 때마다 작용하는 시간이 훨씬 짧아 가지고 훨씬 짧기 때문에 마치 조절할 때 어 호흡이 많이 억제되는 거 같네라고 하면 낮춰주고 그러면 다시 호흡이 금방 살아 돌아오고 미세 조정이 조금 더 가능한게 호흡 맞추고 또 하나는 관이 들어가 있기 때문에 만약에 호흡이 좀 억제가 돼도 바로 인위적으로 호흡을 좀 만들어 줄 수 있는 그런 안전한 부분들이 있다. 그래서 최근에는 거의 호흡마치가 많이 사용되고 있는 추세. 저희가 지금 얘기하고 있는 건 보호자가 생각하는 것보단 안전하다. 하지만 그럼에도 불구하고 마취 사고라는게 일어나고 있습니다. 그러면 마취 사고는 왜 일어나고 있는 건가요? 네. 실제로 이제 미국에서 연구를 했었을 때 위험도가 얼마나 되느냐를 발효한 논문이 있어요. 동물의 경우 건강한 환자. 아무 질병이 없는 환자에서 2,000마리 중에 한 마리는 사망하는게 지금까지의 통계로 나와 있어요. 2천마리 중에 한 마리. 사람의 경우는 10만분의로 통계가 되어 있어요. 그러니까 우리가 흔히 생각하는 거보다 개 고양이에서는 조금 더 높게 되어 있는데 그게 어쩔 수가 없어요. 사람이라는 거는 사이즈가 아무리 달라도 성인의 경우로 기준을 보면 1kg에서 100kg를 맞다 하지 않고 한 30kg에서 만화봤자 뭐 120km 네배 정도밖에 차이가 안 나는 것에 비해서 강아지의 경우 오늘도 저희가 오늘 마취한 애가 1.2km 2kg 뭐 치화와 말티지부터 시작해서 뭐 올드 앵글리 슈덕이라든지 그레이트데인으로 가게 되면 뭐 40에서 60km로 60배 정도가 왔다 갔다를 하게 돼요. 그거에 따라서 마취가 다 달라지게 되고 위험도도 다 달라지게 되고 종도 너무 많아 가지고 사실 유전적 소인이 좀 마취해서도 많이 작용을 하는 건 사실이에요. 어 마티즈의 경우 심장이 안 좋을 가능성이 높고 치화와 같은 경우 신경계 위험이 있을 수 있는데 그거를 현대 의학으로 모든 걸 스크리닝을 할 수가 사실 없거든요. 그래서 우리가 마취조 검사를 하서 최대한 안전하게 들어가긴 하지만 그거를 디텍하지 못하는게 1분 정도의 확률이 아닐까라고 생각을 하고 있습니다. 항상 우리 보호자님들은 부모와 같은 마음이기 때문에 걱정을 하시잖아요. 그러면 이거를 최소한으로 줄이게 하기 위해서 보호자님들은 어떤 걸 신경 써야 되는지 저희가 히스토리킹이라고 하는데 사실 그 아이를 가장 잘 아는 것은 보호자일 수밖에 없거든요. 최근에 한 3일 정도 밥을 잘 안 먹었어요라든지 요즘 조금 뭐 오른쪽으로 많이 도는 거 같아요. 이런 작은 사소한 행동 하나도 저희한테 말해 주시면 그걸 통해서 저희가 조금 더 캐치할 수 있는 부분이 많아져서 혹시나 마치를 하기 직전에 최근 일주일 혹은 옛날에 뭐 특기 케 행동이 있었다 이러면 저희한테 말을 해 주시는게 좋아요. 오늘 저희 마치과 선생님들 모시고 저도 궁금한 것들 정말 많이 여쭤봤고 우리 보호자님들이 걱정하시는 부분들도 어느 정도는 좀 덜어드린 거 같습니다. 여러분들이 생각하는 것만큼 위험하지는 않다. 그렇다고 100% 안전하다고 얘기할 수는 없는 거다. 근데 그런 것들을 판단해 줄 수 있는 우리 수의사 선생님들과 상담을 통해서 우리가 결국 반려 동물과 보호자의 삶의질을 높여 주는 역할을 하는 거잖아요. 그런 리스크들을 다 분석을 해서 우리 더 행복하게 살 수 있는 길을 알려 드리는 거니까 너무 걱정은 안 하셔도 된다라고 저도 말씀을 드리고 싶고요. 마지막으로 하고 싶으신 말씀들이 있다면 마치라는 학문 자체가 수학에서 발전이 많이 된지가 얼마가 되지 않았고 실제로 마치 전문이가 있는 학교가 제가 전공할 때마다도 하나밖에 없을 정도로 많이 없는 편이기는 해요. 그로 인해서 알려지지 않은게 너무 많고 정보가 많이 없다 보니까 막연하게 불안해하시는 분들이 좀 많은 거 같아요. 언제든 저희 병원에 오시면 저희를 통해서 궁금한 질문이라든지 상담받으실 수 있으니까 언제든지 편하게 들려 주셔도 될 거 같습니다. 세상에 안전한 마취는 없습니다. 안전하고자 하는 저희 마치가 수의사가 있을 뿐입니다. 우리 아이가 마취를 받아야 되는데 저는 마취가 너무 걱정돼서 못 하겠어요. 이러신 분들이 분명히 많으실 거예요. 그럴 때일수록 병원에 와서 검사를 충분히 받으시고 저희 마치가와 상담을 하셔도 돼요. 아예 마칠 위험도를 잘 따져 보시고 필요한 처치나 필요한 수술들은 더 심해지기 전에 받으시는게 좋을 수 있습니다. 너무 겁먹지 않고 마취에 대해서 좀 더 알아가는 시간이 되셨으면 좋겠습니다. 다음 시간에도 더 좋은 정보로 찾아뵙도록 하겠습니다. 또 놀러오세요. 안녕. [음악]",
87,https://www.youtube.com/watch?v=pPo4ZOFl_Ws,pPo4ZOFl_Ws,백내장? 스케일링? 보호자라면 꼭 알아두세요! 👁️🦷 l 반려동물 안과 치과 l 설채현 행동학 수의사 (feat. VIP동물의료센터 안과&치과),설채현의 놀로와 ,백내장이 13살 넘으면 거의 무조건 강아지들은 다 들어오게 돼 있어서 아 13살 넘으면 백내장 무조건이에요네 거의 그냥 올 독스가 써 있습니다 책에 입이 세균덩어리 잖아요 치석이 엄청 많으면은 이제 입으로 먹는 모든 거의 그 세균을 다 가지고 들어가요네 안녕하세요 설친 여러분 오늘도 까운을 입고 왔습니다 여러분들도 되게 좋아하시는 거 같고 저도이 시간을 너무 좋아해서 제가 전문으로 하지 않는 분야에 대해서 진짜 전문가들한테 물어보는 여러분들의 궁금증을 풀어주는 시간입니다 그래서 이번 시간에는 VIP 동물병원 청담점의 안과 치과 과장님들을 모셨습니다 소개 부탁드립니다 안녕하세요 저는 VIP 동물 센터 청담점에서 치과 가장 맡고 있는 이성혁이라고 합니다 안녕하세요 저는 VIP 동물병원에서 어 안과 가장 맞고 있는 이택근이 합니다 치과 같은 경우에는 아무래도 뭐 저희 회사에서도 관리를 용이하게 해 주기 위해서 덴탈 추나 이런 것도 나와서 제가 콘텐츠를 많이 하기는 했어요 그런데 우리 안과 같은 경우는 한 번도 안 했어요 왜냐면 우리 일반인들이 잘 하기 힘든 좀 어려운 부분 중에 하나가 또 안과기기 때문에 상당히 저는 기대가 많이 되거든요 오늘 안과 치과 센터가 VIP 동물병원에 6층에 오픈을 했잖아요 그런 기념으로 같이 한번 시작을 해 볼게요 노령화가 되면서 치과나 안과에서 많이 생기는 질병들이 뭐가 있을까요 치과는 사실은 거의 노령성 질환 같기도 해요 치주염 잇몸병이 제일 많데 사람으로 치면은 이게 대형견은 많이 없거든요 소형견이 훨씬 많은데 우리나라는 소형견이 많아요 왜 그럴까요 왜 대형견은 집중이 별로 없을까 강아지 치아가 42개로 똑같은데 리트리버 42개 치 와우도 4두 개 봄에도 42 개 이러니까 조그만 애들은 좁은 구간 구조의 이빨들이 막 다 날라 그러 그래서 보시면 이빨 없는는데 많잖아요 실제로 나는 과정에서 이빨들이 사라져서 없는 경우도 있는데 또 입문 구조 자체도 조금 약하고 작고 그래 가지고 주에 약하기 해요 근데 나이가 들면 앞만 양치를 해주고 스케일링을 해 줘도 소리 안 닿는 부위도 있고 관리가 안 되는 부위도 있잖아요 그래서 요런 데서 이제 염증이 진행돼 가지고 나이가 많은 애들 대부분은 치주염이 있다라고요 그러면 안과는 뭐가 있을까요 안과는 모니모니해도 내장인 거 같습니다 백내장이 13살 넘으면 거의 무조건 강아지들은 다 들어오게 돼 있어서 아 13살 넘으면 백내장 무조건이에요네 거의 그냥 올 독스 써 있습니다 책에 그게 이제 볼 수 있느냐 없느냐가 그때부터 이제 중요하고요 뭐 어느 정도의 백내장이 있더라도 시력의 지장을 받지 않으면은 뭐 수술하거나 그런 대상이 아니기도 하고 그렇습니다 자 그러면 이게 되게 중요할 것 같아요 방금 치주염 말씀해 주셨고 백내장 말씀을 해 주셨는데 어떻게 관리해야 될까요 되게 간단해요 양치 제일 저렴하고 제일 효과적인 예방법이 치인 건데 결국은 치주염이 일어나는 원인 자체가 플라그 구간의 균 있고 침 있고 음식물이 이게 이제 막 범벅이 되면서 이빨에 막을 형성하게 되는데 그 막을 물리적으로 제거를 해 줘야 된 요새 보면 제품들이 너무 많아요 효과가 물론 없지는 않은데 양치를 대체할 수 없다 진짜 양심적인 거 아시죠 저희 광고할 때도 양치하고 보조적으로 하거나 양치 못 하는 애들 솔직히 있어요 이거 행동학 적으로도 저도 트레이닝 해도 안 되는 애들이 있어요 그러면 보호자랑 씨름하지 말고 이거라도 하면 안 하는 거보단 낫다 맞아요 그건데 이제 사람 심리가 귀찮으니까 이걸 주고 나한테 면제부를 줘요 이거 줬으니까 오늘 하루 양치 안 해도 되겠지 그가 쌓이는 거죠 그래서 저는 양치를 하고 어차피 그 긍정 보상해 줘야 되잖아요 그럼 뭔가 트릿을 줘야 되는데 어차피 줄 거 양치 검을 주 덴탈 검을 보상으로 주면 좋은게 우리가 를 잘해도 안쪽은 못 닿거든 논문상을 봤을 때도 30% 어떤 거는 뭐 70% 효과가 나타난다고 얘기하는 논문도 있는데 어쨌든 분명히 어느 정도 효과는 있기 때문에 그런 식으로 관리를 해 주면 가장 좋다라고 말씀을 드리거든요 자 이거 안과는 제가 진짜 궁금합니다 지금 13살 이후에는 백내장 뭐 거의 다 걸린다고 하셨는데 이거 관리를 어떻게 해야 될까요 백내장이 좀 어려운게 보호자분이 집에서 뭘 열심히 해 준다고 해도 생기는 걸 맞기 조금 힘든 거 같아요 할 수 있는 거는 너무 심해지기 전에 캐치해서 그 이제 치료나 뭐 수술를 해주는 거음 이거고 그래서 안과를 선택하셨구요 할 수 있는게 없어 다 나한테 와야 된다 근데 이제 뭐 최근에는 서울대에서 나온게 논문이 하나 있는데 백내장의 단계가 있는데요 한 2단계 정도 되는 노령성 백내장은 눈 영양제를 먹었을 때 조금 지원을 시켜 준다 어 그러면 그거 어떤 영양제인를 알려주셔야 되는거 아 그 오키 글로랑 매니원이라는 눈 영양제가 있거든요 오로는 워낙 유명하니까 네네 그게 이제 레트로로 연구를 했을 때이기 내장에서 지원을 시켜 준다고 하더라고이 문제들을 우리가 치료하지 않고 방치했을 때는 결국에는 종착지는 어디 있는지 결국에는 이빨을 잃어요 이빨 뿌리 구조들이 점점점점 녹아 내려가면서 이게 흔들리다가 뽑히거나 아을 보면 그게 종착지가 단데 심한 애들은 턱뼈가 부러지는 애들도 있고 맞요 눈 밑에 농 터지고 그렇죠 여기서 이렇게 농 뽕하고 터지는게 여기 문제가 아니고 여기서 시작된 겁니다이 상 이빨 치주염 뿌리가 요쪽에 있어 가지고 여기서 농 터지고 아니면은 콧물 계속 안남는 비형 이제 또 다른 문제는 입이 세균 덩어리요 치석이 엄청 많으면은 이제 입으로 먹는 모든 거의 그 세균을 다 가지고 들어가요 그래서 보호자께 말씀드릴 때는 집에 들어갈 때 똥매 밟고 간다라고 말씀드리기 하는데 먹으면은 걔네가 고대로 장해 가고 장내 미생물 좀 깨고 장으로 흡수되고 막 이래서 전신 혈류 타고 문제가 되는 경우도 있을 수 있거든요 그리고 저는 그 코넬라 나온 논문도 봤어요 인지장애 치주염과 인지장애 치 치매와의 연관성이 사람에서도 밝혀져서 그대로 강아지한테 가봤더니 걔들도 똑같다 상당히 연관성이 있다 백내장은 종착지가 어떻게 될까요 백내장은 안심한 경우에는 그냥 그렇게 쭉 가기도 하고요 근데 심한 뭐 3기 이상의 백내장이은 그게 눈 안에서 이제 염증을 유발할 수 있긴 합니다 그래서 눈 안에 염증이 생기는 포도막염이 생길 수 있고 그게 계속 지속되다 보면은 그 염증 물질들이 눈에 빠져나가는 구멍들을 박아서 이제 녹내장 예 유발할 수 있고 뭐 그다음에는 이제 시력을 잃고 점점 통증 크게 거나 심하면 적출 하기도 하고요 백내장 같은 경우에 아프진 않잖아요 백내장 자체로는 아이들한테 통증을 주진 않습니다 근데 백내장이 심해졌을 때 눈 안쪽에 있는 구조물들의 염증이 일어나는 거고 그 염증 산물들이 눈 안에 이렇게 젤리처럼 물로 되어 있는데 그게 계속 돌아요 계속 고여 있는게 아니라데 그 길을 막아 버리면 녹내장이 뭐냐면 그 안에 물이 계속 쌓이는 겁니다 이건 아파요 엄청 아프다고 들었는데네 거의 산통에 먹음 거에 먹음 거 정도로 그리고 이건 응급이 아아 몇 시간인가요 24시간인가요 24에서 48시간 정도 알고 있는데 아이마다 조금씩 다른 거 같긴 해요 이거를 안압을 골든 타임 안에 내려주지 않으면 실명하고 녹내장은 제가 들어 보니까 안과 전문 선생님들이 이제 녹내장 치료할 때 이거의 경작지는 대부분이 안구 적 출로 가는 거 같더라고요 녹내장이 왔을 때 안약으로 전 그걸 낮추는 시도를 하는데 안약을 뭐 하루 두 번 내지 세 번 넣는다고 해서 항상 이렇게 쭉 일정하게 안압이 유지되는 것지 않고요 파도처럼 왔다 갔다 하다 보니까 안압이 높을 때는 그게 시신경을 손상시키고 해서 결국에는 시력을 잃고 점점 비가격적 손상이 되는 거 같긴 해요 눈도 안 보이는데 데 통증만 유발하는 구조물로 남아 있을 수 있기 때문에 안구 적로네 그런 경우도 많죠 백내장 같은 경우에도 수술을 해야 되는 저기나 이런게 있을까요 아 예 적기가 있고요 보통 단계가 1기부터 4기까지 나뉘는데 적기는 한 뭐 2기에서 3기 정도로 보시면 되고 4기로 넘어가면 그때 수술을 하더라도 굉장히 나는 이도가 어렵고 예우가 좀 안 좋을 수 있습니다 그러면 스케일링 치과 치료는 보통 몇 살부터 시작해야 됩니까 체계는 두 살이로 나오거든요 사실 스케일링 인디케이션이 치은 염인 생각보다 경미한 정도의 치은염은 스케일링을 해 주면 치료가 돼요 그게 이제 염증이 심해져서 빨 뿌리 조직까지 가해지면 그때는 비가역 적이 돼 어쨌든 단순 스케일링뿐만 아니고 마취를 한거다 보니까 보통 치아 정밀 검진까지 같이 하게 돼요 그래서고 아이를 보통 두 살로 보기는 하는데 두 살 냄새 안 나고면 진짜 건강한 애 있거든요 그걸 괜히 두살 됐으니까 하지 이거는 아닌데 좀 잇몸이 빨개져 있고 뭔가 비릿한 냄새가 나고 요런 게 있으면은 생각보다 어린 나이에 해서 엑스레이 찍어서 문제 있는 치아들도 많이 있고 양치하기 어려운 구조들을 알 수가 있어 애들마다 좀 다니다 그런 데를 미리 파악을 해서 조금 관리를 미리 해 주는게 더 좋을 거 같아 저는 이거 처음 들었습니다 치과 스케일링이 있는데 안구에도 스케일링이 있다 저희가 머리를 짜내 가지고 하나 만들어냈는데 어 이거 만들어 낸 거예요 아 있는데 한국에서 이제 동물병원에서 이거 하고 계신 데는 없는 걸로 알고 있어요 여기 지금 vip mas이 스케일링을 하고 있는 거예요 안과 쪽에 스케일링 이렇게 예 혼합에서 패키지로 하는 거는 저희만 어 그래서 제가들은게 안검 스케일링 우리 시청자분들 안검이 정확히 뭔지 모르시는 분들도 있을 거예요 그래서 안검 스케일링이 뭔지 한번 얘기해 주세요네 자 안 검은 이제 여기 사람이 눈꺼플 말하는 거고요 사람 눈꺼풀이 보면은이 속눈썹도 있지만 그 옆에 이제 기름이 나오는 기름샘이 있거든요 눈물을 구성하는게이 기름 그리고 물 점액 있데이 기름이 이제 잘 나와 가지고 눈물을 잘 코팅을 해 줘 줘야 눈물이 증발되지 않고 당구 건조증이 유발되지 않고이 잘 건강한 눈물을 만들 수 있습니다 근데 이제 기름샘이 막혀 있으면은 기름이 잘 나오지 않아서이 코팅을 덜해 주는 거죠 그렇죠 많은 분들이 우리의 눈물이 너무 많아요 막 이러잖아요 그럼 제가 뭐라고 얘기하면 적은 거보다 훨씬 나아요 눈물은 결국에 엔진 오일 같은 거죠이 눈꽃 풀이 왔다 갔다 할 때 각막에 상처를 주지 않고 각막을 지켜주는 되게 중요한 역할을 하는 거잖아요 백내장은 좀 보호자분들이 할 수 있는게 없는 반면에 눈물이나 눈꺼풀 쪽은 보호자분들이 관리해 주시냐고 좀 많이 사이가 나는 거 같아요 눈물이 좀 부족하거나 장막 질환이 있어도 평소에 좀 관리를 어떻게 해주냐에 따라서 뭐 15 살까지도 충분히 촉촉한 눈을 유지하면서 살 수 있죠 왜 이제 스케일링이 하는지 이제 알았어요 많은 분들이 보셨을 거예요 저희는 첫째 강아지 슈나가이 메이보 미언 글랜드 우리가 이제 마이보 선이라고 하는데 이쪽 기름샘이 막혀서 여기 우리가 달래기라도 하죠 다래끼 럼 이렇게 크게 나와 있었던 경우가 있어요이 손으로 짜면 막 가끔 뻥 하고 나오는데 또 금방 다시 생기고 그곳을 깨끗하게 닦아줘서 이 기능을 원활하게 해주는게 안검 스케일링이 거죠네 맞아요 저희가 온찜질을 해서 구멍을 이제 열어주고 압출을 저희가 직접 해 주거든요 그 안과 현미경 아래에서 압출을 해 주고 블랙박스라 안검 세정 도구를 이용해서 기름 샘을 다 일일이 닦아 줍니다 시간은 한 10분의 15분 정도 걸리는데 강아지들 잘해요 생각보다 무마이네네 그냥 무마취 진행합니다 오 이게 미용 목적이 아니잖아요 어떤 아이들이 이걸 한번 처치를 받아보면 좋은가요 충열로 가면은 제일 먼저 보통 수의사들이 한 게 눈물량 측정을 하고 거기서이 적냐 맞냐 근데 문제가 있을 때는 눈물량 괜찮은데 조금 충혈되고 아무것도 없는 애들 이런 애들이 제일 저희 안검 스케일링을 받을 만한 아이들입니다 아 그리 왜 왜요 그런 애들이 눈물량 정상이지만 눈물의 질이 부족해서 각막 코팅을 제대로 못해 주거나 뭐 결막 쪽에 염증을 유발하거나 뭐 그런 질적 건성 아닌 상태가 있는데 예를 들어서 원래 이제 눈물이 물로만 돼 있는게 아니고 기름이 있고 한데 기름이 잘 못 나오고 기름이 부족하게 되면 그냥 수분만 있으니까 빨리 증발돼 버리고 네네 눈물은 많지만 그걸 이제 증발성 건성안이라고 하는데 사람에서는 되게 활발이 연구되고 여러 가지 치료들이 있는데 아직 강아지들은 조금 연구 단계고 이걸 적극적인 치료로 하는 단계까지는 아직 오진 않아서 저희가 그거를 이제 많이 해보려고 예 저는 근데 이게 강아지들한테 훨씬 필요할 거라고 생각이 드는게 안구 구조상 우리는 안구가 두 개골 안쪽으로 들어가 있고 공기 중에 노출되어 있는 안구의 비율 자체가 개에 비해서 적은 편이잖아요 근데 우리나라는 또 작은 애들 좋아하니까 두 개 고은 작아지는데 눈은 못 작아진다고 들었어요 그니까 애들이 많이 노출되어 있고 눈에 건조한 건 더 심해질 거고 특히나 막 단두종 아이들 같은 경우에는 진짜로 가운데 강막 쪽에 눈물 막이 더 얇다고 하더라고요 그래서 눈물 같은 경우 굉장히 중요한데 질적인 관리도 이제는 좀 많이 필요하지 않나 그러면 치과에서 우리 좀 자랑할 수 있는 이런 검사도 있다 그 엑스레이를 찍긴 하잖아요 근데 엑스레이가 3차원 구조로 2차원으로 만드는 거니까 코랑 통한 거 이런 거는 사실 잘 안 보이고 엑스레이 이런 아 그렇겠네요 그래서 시티를 찍으면 그걸 3차원으로 를 구성할 수 있는데 일반 MD 시티는 좀 피폭량 많기도 하고 촬영 시간도 조금 더 걸리잖아요 근데 구강용 시티는 짜 빔 나온다고 요만해요 여기서만 방선이 나오는데 전반적인 구간 다 커버할 수 있고 생각보다 큰 애들도 한 번 나오 그래서 그런 거 이용하면 조금 더 진단의 정확성을 구할 수 있게 되기도 하고 기본이 제일 중요한 거 같아요 사실은 프루빙 치아 하나하나 다 고랑 깊이를 잰다 치아뿌리가 노출된게 있는지 없는지 그런 것들을 좀 꼼꼼히 체크해 보는게 우리가 치과 검사를 할 때 유적으로도 치 가 보인다 그러면 그 이빨은 끝난 거예요 프루빙이 뭐냐면 아주 가느다란 심 같은게 있는데 이빨 사이에 넣어 봤더니 겉으로는 안 보이는데 그게 쑥 들어가는 거죠이 정도 들어갔으면 발치를 하거나 치료를 해야 된다 이런 기준들이 있거든요 그리고 치과에서 사실 없으신 선생님들도 많잖아요 이게 치과 방사선니까 안 가지고 계신 선생님들도 많이 있지만 이거는 치과 치료를 한다라고 하면 꼭 있어야 되는 거라는 생각이 듭니다 이런 부분은 우리 구독자 여러분들도 확인을 하고 아이들 치료에 들어가는게 좋을 것 같습니다 오늘은 저희 치과 과장님과 안과 과장님을 모시고 또 저의 궁금증을 푸는 시간 근데 아마 우리 여러분들이 정말 많은 도움이 됐을 것 같아요 좀 오늘 함께 해보니까 어떠셨나요 카메라 앞이 되게 어색하고 어쨌든 그냥 보시고 아 양치가 중요하구나 이것만 깨달으 내가 알고서 안 하면 좀 죄책감이 이렇게 마음속에 남잖아요 양치가 진짜 진짜 중요하니까 고만 잘해주셔도 될 거 같고 참 즐거운 시간이었습니다 안검 스켈링이 정말 진류 우진의 노력 대비 가격이 그렇게 안 비싸 입니다 온찜질 하다가 애들 자기도 하고 정말 행복합니다 강아지들이 혹시라도 눈에 대해서 걱정이신 분들은 안금 스케일링에 대해서 관심을 좀 가져 주셔도 괜찮을 것 같습니다 이번 시간에도 정말 유익한 시간이었고 다음 시간에도 더 좋은 정보로 찾아뵙도록 하겠습니다 또 놀러오세요 안녕 안녕 같이 해 주세요네,
88,https://www.youtube.com/watch?v=wyPSiSp4cuM,wyPSiSp4cuM,"Honeycomb Chew Veggie🥦 We'll answer your questions! | Seol Chae-hyun, a behavioral veterinarian",설채현의 놀로와 ,로랑 간식 먹자 로랑이서 로랑이 돌아 맞다 너 알로즈 [음악] 있잖아 이건 [음악] 괜찮지 안녕하세요 여러분 설 의사입니다 오늘은 인트로 영상에서 보셨듯이 광고 영상입니다 아시죠 저는 내 돈 내만 정말 여러분들한테 추천드리고 싶은 거 아니면 그냥 막 광고는 하지 않는데요 어 인트로 영상에서 보셨듯이 오늘 단백질 알러지가 있는데 우리 아이들 양치도 잘 못 하고 근데 구간 관리는 좀 해 주고 싶다라고 하시는 분들에게 좀 도움이 될 영상입니다 바로 허니콤 추 배지 출시 소식인데요 제가 여러분들 구간 관리 좀 더 편하게 그리고 지금 보다 더 잘하시라고 허니콤 추를 만들었는데 만들었을 때 이제 가장 많은 댓글 중에 하나가 우리 아이가 닭 알러지가 있다 근데 그냥 허니콤 2가 가수 분해를 하긴 했지만 그래도 닭으로 만든 거였거든요 그러다 보니까 많은 분들이 이거 너무 먹이고 싶은데 좀 알러지 있는 아이들도 먹을 수 있는 그런 덴탈 권 만들어 주세요라는 댓글들이 너무 많아서 저희가 또 놀러지 않습니까 그래서 이번에 야채로 만든 알러지의 확률을 확 낮출 수 있는 허니콤 Now 배지를 만들었습니다 그 전에 허니콤 2에서 닭국이라는이 단백질 원만 빼고서 치아 건강에 도움이 되는 성분 그리고이 물리적인 모양 이건 그대로 가면서 알러지 있는 강아지들을 보호자분들이 걱정할 수 있는 단백질 성분은 빼고 야채 성분으로 만든 건데요 저희가 출시했을 때 네이버에서 쇼핑 라이브 했는데 약간 실수가 있었거든요 그래서 설명도 제대로 못 드렸었는데 정말 15분만에 완판이 됐었습니다 뭐 아직 우리 허니콤 Now 배지의 기능과 장점 막 이런 것들을 설명하기도 전에 완판이 돼 버려서 대충 계산해 보니까 1초에 거의 2.5개 판매가 돼 버려서 저도 깜짝 놀란 적이 있는데 정말 많은 분들이 이렇게 아이들의 알러지 걱정을 좀 덜 수 있는 이런 돼지 맛을 기다리고 있었구나라고 다시 한번 생각을 했습니다 기다려 주셔서 다시 한번 감사합니다 많은 보호자분들이 정말 기호성에 대해서 걱정을 하실 텐데 저희 현니 홈추가 다른 덴탈 검들의 비해서 조금 비싸지만 인기가 많았던게 우선 딱 봐도 효과가 좋다 그리고 기호성이 좋다 근데 만약에 배지로 바꿨을 때 기호성이 떨어지지 않을까라고 걱정을 하시는데 많은 강아지들이 단맛을 좋아합니다 그래서 단백질 맛이 안 나는 대신에 저희가 프락토 올리고당을 사용을 해서 단맛을 좀 첨가해서 딱 냄새를 맡아봐도 아 오히려 이거 어 나도 이거 괜찮은데라는 생각이 들 정도로 그 향이 확 올라오거든요 그 저희가 많은 아이들한테 테스트를 해 본 결과 상당히 기호성이 좋은 편입니다 모든 아이들이 먹는다고 제가 장담할 수는 없지만 그래도 배직 벤탈 추로 나온 것들 중에서는 기호성이 상당히 높습니다 실제로 저희 이제 롤로의 많은 아이들이 같이 출근을 하거든요 아이 친구들이 좀 좋은 걸 많이 먹다 보니까 입맛이 상당히 까다로운 미 식견들을 많아요 그런데 우리이 미식 견들 사이에서도 그냥 허니콤 추보 허니콤 family 배지를 더 잘 먹는 애들도 상당히 많고요 그래도 안 먹으면 어떡하나 걱정하시는 분들 제가 우리 허니컴 true 만들 때 가장 신경 썼던게 뭐죠 바로 치약을 바를 수 있는 구조예요 그리고 치약은 잘 선택하면 정말 맛있는 치약들이 있습니다 저희 세상에도 사실은 그냥 주면 안 먹는데 치약을 발라주면 먹어요 이렇게 치약을 발라서 구멍 안에 이렇게 펴 발라 주면 아이들이 먹을 때이 치약이 이빨에 360도로 다 묻기 때문에 물리적으로 한번 화학적으로 한번 아이들의 치태 제거에 두 번 도움을 줍니다 이렇게 조금 기호성이 떨어진다면 맛있는 치약을 발라 줘서 기호성도 높이고 양치의 효과도 훨씬 더 높여 줄 수 있습니다 그리고 혹시라도 아 취향 묻혀 줘도 안 먹는다라고 하시는 분들은 또 하나의 팁이 있습니다 좀 촉촉한 저키류 간식 있잖아요이 저키류 간식들을 꾹꾹 눌러서이 구멍에 이렇게 안에다 좀 넣어 줘 보세요 그러면 애들 먹는 애들이 정말 많아요 어차피 뭐 치약이 없어서 화학적인 양치의 효과는 좀 떨어지겠지만 물리적으로 결국에 구멍 안에 들어가면서 시트를 긁어 올려 주는 거기 때문에 좋아하는 저키류 간식들을 꾹꾹 눌러서이 구멍 안에 군데군데 묻혀 준다라고 하면 만약에 안 먹는 아이들도 기호성을 확 높이면서 먹을 수 있게 할 수 있습니다 그리고 많은 아이들이 아무래도 이렇게 완제품인 경우에는이 향이 조금 덜 나는 경우들이 있어요 그리고 좀 우리는 작다 라고 생각하는데 아이들 입장에서 좀 크다라고 생각하는 경우들이 있거든요 그 처음에 조금 보수적인 아이들 아 내가 먹던 거 아니면 잘 안 먹을 거야라고 했던 아이들은 조금 잘라서 조그맣게 만들어서 맛을 보게 하고 그다음에 주면 먹는 아이들도 많습니다 이렇게 좀 적응을 시킨 후에는 어 나중에는 그냥 줘도 애들 잘 먹을 거예요 아 이것도 기전 허니콤 추와 조금 달라진 점인데요 단백질 대신에 채소가 들어갔기 때문에 그래도 칼로리가 더 낫습니다 만약에 어 구간 관리는 조금 더 쉽게 하고 싶은데 비만이 걱정이다라고 하시는 분들은 칼로리가 없는 건 아니니까 조금은 예전 것보다는 덜 부담스럽게 주실 수 있습니다 많은 분들이 어떤 성물이 들어가는지 궁금해하셔서 정확하게 어떤 채소가 들어갔냐 바질과 브로콜리가 들어갔습니다 왜 그 많고 많은 채소 중에 바질과 브로콜리가 들어갔냐 우리 뭐 대충 하지 않잖아요 저 그리고 롤로는 대충 하지 않습니다 우선은 바질은 구간 감염이나 그런 질병을 유발하는 세균으로부터 보호막을 형성하는 역할이 있고요 입냄새 중화 및 염증 완화의 효과도 있어서 저희가 바지를 좀 추가를 했고요 브로콜리는 다들 아시겠지만이 비타민씨가 많죠 비타민씨가 많아서 잇몸과 치아 건강에 도움을 줍니다 물론 구강염증 완화와 면역력에도 도움을 줍니다 그래서 이렇게 채소는 바질과 브로콜리가 들어 있고요 그리고 좀 더 칼로리가 낮아서 가볍게 그리고 채소라고 다 싫어하는게 아니라 조금 더 맛있게 아이들이 먹을 수 있도록 만들어졌습니다 맛이 바뀌면서 기능이 바뀌었을까 봐 이제 걱정하시는 보호자분들이 좀 계시는데 원래 저희 기존 허니콤 추에 저도 좋은 걸 많이 넣어놔서 다 외우지 못해서 글루코 아밀라제네 탄수화물 소화 요소죠 그리고 라이소자임 핵사 메타인산 나트륨 마누카꿀 같이 구간 관리에 도움이 되는 성분들은 다 그대로 들어갔습니다 그리고 여기에 조금 더 아까 말씀드린 뭐 바질 브로콜리 럼 더 도움이 될 수 있는 그런 식물성 성분들이 더 추가가 된 거죠 지금까지 말씀 안 드린 것 중에 또 하나가 있는데 바로 스피루리나 있니다 스피루리나 아 이게 예전에 저희 개검 그것이 알고 싶다 컨텐츠에서도 한번 말씀드렸는데 치석 형성 억제 성분인데요 사실 스피루리나가 들어가 있는 제품들이 되게 많았는데 가장 큰 문제점이 뭐였다고 some이었습니다 아 이거 사실 저도 예전에 많이 먹었는데 그렇게 맛있지는 않아요 이걸 넣었을 때 이제 기호성이 떨어지는 단점 안 먹으면 아무 소용 없다 이런 것들이 있었는데 저희가 가 배지를 출시하면서 스피루리나 넣고 그 향이 거의 나지 않아요 오히려 프락터 올리고 당 때문에 기호성이 높아지고 그 향이 별로 안 나면서 효과는 줄 수 있게 했기 때문에 어떻게 보면 기존의 허니콤 2보다 더 효과가 좋을 수도 있겠다라는 생각도 듭니다 강도의 경우에도 기존의 효니 컴프는 다르지 않아서 제가 항상 강조하는게 뭐죠 너무 딱딱해도 문제가 될 수 있다 우리 사람도 미세모를 쓰는 것처럼 너무 딱딱하지도 너무 부드럽지도 않은 덴탈 출을 줘야 한다라고 말씀을 드렸는데 강 도 똑같고요 모양도 똑같아서 이렇게 이빨이 들어가면서 360도로 치태를 긁어 줄 수 있는 구조 그대로 있습니다 그리고 치약도 여전히 잘 발립니다 제가 발라봤는데 똑같아요 우리 아이들의 구간 관리를 위해서 조금 더 효과를 줄 수 있는 치약 바르기도 예전과 똑같이 그대로 할 수 있습니다 조금 다른 거는 그전 허니콤 2와 다르게 허니콤 Now 베지 같은 경우에는 아직 s 사이즈 가장 작은 사이즈의 출시 계획은 없기 때문에네 미디엄 사이즈만 나오고 있습니다 근데 저도 세상에 미디엄 사이즈 주는데요 크게 차이 없어요네이 양치의 원리와이 허니콤 추의 구조상 미지 사이즈도 정말 막 2kg 이하의 초소형견 아니면 효과를 줄 수 있으니까 한번 믿고 급여해 보셔도 괜찮습니다네 오늘은 새로 나온 허니콤 family 라인 허니콤 family 배지에 대해서 한번 여러분들한테 다시 소개시켜 드렸는데요 그동안 허니콤 family 먹이고 싶었는데 다갈 로지가 있어서 걱정이셨던 분들은 이제 한번 새로 시도해 보시는게 어떨까요 그리고 추가로 제가 진짜 가장 아쉬운게 우리 대형견용 만들어 달라는이 요청이 많아서 진짜 하고 싶은데 조금만 기다려 주세요 이건 아직 저희가 여유가 없어서 못 만들고 있는데 저는 정말 만들어서 우리 대한경 키우시는 분들의 니즈를 꼭 채워 드리고 싶습니다 이거 이외에도 어 이런 맛 나오면 좋을 것 같아요 우리 아이는 이런 걸 좋아할 것 같아요라고 댓글 달아 주시면 저희가 다음번 제품 개발할 때 꼭 참고하도록 하겠습니다 저 설채 운과 놀러는 여러분들의 의견을 귀담아 됐습니다 다음번에도 더 좋은 정보로 찾아뵙도록 하겠습니다 또 놀러오세요 안녕,
89,https://www.youtube.com/watch?v=Z-emQ-VjTeI,Z-emQ-VjTeI,핸드폰으로 바로 받는 건강검진 결과📩 | 6살 세상이 건강검진 | 설채현 행동학 수의사,설채현의 놀로와 ,야 근데 이거 진짜 괜찮다 지금까지 제가 일을 하면서 봤던 것 중에서 어 이런 건 없었는데 동물병원이 이제 우리 사람 병원 만큼의 서비스를 제공하는 거 같다 제가 건강 검진 받았을 때의 그런 결과지데 우리 수의사 선생님들 이거 안 할 이유가 없습니다 이거 꼭 하셔야 될 것 같습니다 안녕하세요 설치이 여러분 설치 현수 이사입니다 저희 유튜브에서 꼭 행동학뿐만 아니라 여러분들에게 건강적으로 도움이 되는 부분들 많이 알려 드리고 있죠 그래서 오늘도 좀 도움이 될 만한 정보를 가지고 왔습니다 한번 소개 부탁드립니다네 안녕하세요 잠실온 동물 조 센터 원장 김지현입니다 반갑습니다 그래서 오늘은 김지현 원장님과 함께하게 됐는데요 결국 오늘 뭐냐 건강검진입니다 여기 보이시나요 우리 세상이 여기 숨어 있었습니다 다들 아시겠지만 제 유튜브 이렇게 찾아보시면 작년 이맘때쯤 세상이 건강 검진을 했습니다 6개월에 한 번 한번 가자면 좋지만 아직 세상이가 노견까지 아니고 1년에 한 번씩 식은 하는게 좋다라고 말씀을 드렸는데 그래서 오늘 잠실온 동물병원에서 건강 검진을 하러 왔고 지금 세상에는 건강 검진을 다 마친 상태죠네 어제 8시부터는 했고요 오늘 약 시간에 걸쳐서 50여 가지 항목의 검사를 너무나 잘 맞쳤습니다 사실 저희 구독자 여러분들은 다 아실 거예요 얼마나 자주 건강 검진을 해야 되는지 그래도 또 처음 보신 분도 있으실 수 있으니까 건강 검진의 빈도 한 얼마에 한 번씩 건강 검진을 하는게 좋은가요 일반적으로 저희가 건강 검진을 얘기하는 거는 1년에 한 번 보통 말씀을 드리는데요 근데 이제 언제부터 해야 되는 냐도 굉장히 중요하거든요 저도 부끄럽게도 몇 년 전만 해도 좀 어린 나이에는 뭐 1 2년 정도는 건도 되 보지 않을까라는 생각을 많이 했었어요 근데 제가 어떤 경험이 있었냐면 제가 키우던 아이가 두살 때 갑자기 문제가 생겨 가지고 한 3년 정도 병원에서 누워 있다가 무지개 다리를 건는 적이 있었거든요 그때 후회를 했던 것들이 아이들이 아무래도 자기가 아픈 것들을 표현을 잘 안 하니까 좀 더 미리 조기 검진을 좀 해서 또 문제가 있는지 좀 발견했다면 아이와 좀 더 많은 시간을 좀 더 건강하게 행복하게 보낼 수 있지 않았을까 이런 아쉬운 좀이 있어요 그래서 한 살 정도에는 조기 건강 검진을 통해서 우리 아이가 어떤 상이 있는지를 미리 한번 파악을 해 보시고 적어도 여섯 살부터 1년에 한 번 정도는 꼬박꼬박 해 주시는게 중요합니다 아 그런데 이게 또 되게 신기한게 사실 작년에 검사했을 때도 그렇고 나중에 결과 한번 설명드릴게요라고 하고 조금 잊고 있을 때 불러서가 가지고 이제 결과 듣고 그런 경우가 있거든요 근데 건강 검진 결과가 이렇게 벌써 나왔다고요네 일반적으로 우리가 마취가 필요한 라든지 MRI 아든 이런 검사를 할 때는 사실 많은 시간이 좀 필요한데 그렇지 않은 대부분의 검사는 병원 안에서 이루어지 이기 때문에 검사 결과는 사실 바로바로 나와요 다만 아이들이 어떤 상태냐 따라서 전문가들끼리 상의를 해야 될 수도 있고 필요하다면 추가적인 검사를 해야 될 수 있기 때문에 그럴 경우에는 시간이 좀 더 걸리게 됩니다 근데 세상이 같은 경우는 작년에 검진에도 이상이 없었고요 올해도 검사했을 때 특별한 이상이 없었기 때문에 검사를 빠르게 받아볼 수 있었어요 사실 사람들도 그 결과지가 날라오는 데까지 제가 건강 검진을 거의 받았는지 까먹을 때 정도 날라왔어요네 저희가 검사를 하는 것도 시간이 오래 걸리고 정리 하는 것도 시간이 오래 걸리지만 진짜 시간이 오래 걸리는 것 중에 하나는 보고서를 작성하 는데도 굉장히 좀 오래 걸리거든요 새로운 저희가 그 시스템을 도입을 해서이 검사 결과를 좀 빨리 받으실 수 있게 업그레이드를 한 거라고 생각하시면 될 거 같아요 근데 제가 지금 전혀 결과를 못 보고 있거든요 궁금하시죠 이거 마치 꼭 시험 보고 나서 결과지 맞는 것처럼네 성적표가 궁금하실 텐데 그 성적표를 요렇게 쏙 해서 지금 우리 서원장님 핸드폰에 보내 드렸으니까 한번 확인해 보세요 핸드폰으로네 오 지금 왔거든요네네네네 근데 되게 정리가 잘 돼 있네요 이런 식으로 보호자분들이 이렇게 잘 정리된 보고서를 가지고 있을 수 있게 된다라고 하면 보호자분들도 너무 편하고 그동안의 결과들을 보면서 건강 관리하는 는데도 효율적이겠죠 또 이제 가족분들끼리 서로 이제 공유하시기 편하고 저희 병원에서 건강 검진을 하더라도 이제 행동 치료를 받으러 갔을 때 다시 검사 자료를 요청해 가지고 자료가 늦게 와서죠 가 딜레이되고 이런 일 없이 링크만 바로 보내주시면 그렇죠 저희가 이제 그 건강 검증 결과는 모바일로도 보내 드리지만 이렇게 문서로도 보내 드려서 함께 확인하실 수 있습니다 그 가장 중요한 거죠 이제 세상이 건강 검진 결과 확인을 해 보겠습니다 일단은 세상의 검사 결과를 보면은요 첫 번째가 저희가 드릴 수 있는 모든 내용을 종합한 내용인데 가장 중요한 거죠 세상에는 현재 치료가 필요할 정도의 질환은 관찰되지 않습니다 건강합니다 이거 려고 하는 거죠 그 강고 건강검진하는 거죠네 다만 여기서 몇 가지 정도는 조금 고려를 해 주셔야 된다 관찰을 해야 된다 이렇게 있어요 수치가 좀 높고 낮은 거에 따라서 어 이게 지금 심각한 건지 아니면 좀 지켜보기만 하면 되는 건지 이게 좀 애매하신 수 있는데 요거는 저희가 정리를 해 드리거든요 그래서 만약에 수치상으로 조금 변화가 있지만 이거는 굉장히 위험한거다 그러면 지금 당장 치료가 필요한 거다라고 인식을 하시고 수치가 조금 높거나 낮아도 관찰을 해야 될 정도다 그러면은 이거는 꾸준히 지켜 보시되 이상 증상이 보이면 그땐 다시 한번 체크를 하는 이런 정도로 받아들여 주시면 좋을 것 같아요 사실 보호자님들 입장에서는 그냥 수치만 잘못 나오면 무조건 걱정하시 든요 무섭죠 근데 수의사들은 알잖아요 이걸 어떻게 해석해야 되는지 우리가 이걸 관찰에 다 넣어주면 그래도 걱정이 조금 줄 수 있어 이거 너무 좋은 거 같아요 근데 지금 보시면은 정상 수치에서 조금 벗어나는 거는 뭐 호흡수 이런 것들이 있는데 사실 이거는 병원에 와서 낯선 공간이 왔기 때문에 그렇죠 혈압 같은 경우도 그렇고 긴장하면 좀 높아질 수 있어요 근데이 정도는 정상범위에 거의 근접하기 때문에 지금은 특별하 이상으로 보여지진 않고 적혈구수 헤모글로빈 농도 뭐 이런 것들이 좀 높게 나온게 있는데 어제부터 금식을 한 부분이 조금 영향을 주었을 것 같아요 전체적으로 다른 것들은 크게 문제는 없는데 여기 보시면 잠혈이란 찌꺼기라고 아주 슬러지들이 많이 보이고 하기 때문에 약간의 방광염이 있는 거 같아요 담낭에 약간의 좀 찌꺼기들이 있어요 이런 것들은 추적 관찰이 필요한 거기 때문에 내년에 검사를 하시더라도 꼭이 부분을 염두해서 검사를 해두시는게 좋습니다 혹시라도이 부분과 관련된 증상이 나타나면 바로 검사를 해봐야 되는 거고 별 문제가 없었다면 내년 검사할 때 지금이 사진과 비교하면서 슬러지가 들었는지 더 많아졌는지 이런 걸 우리가 체크를 해보면 되는 거죠게 막 잘 싸지르는 얘 참는 애 아니거든요 그냥 막 잘 싸지르는 는데도 왜 그래 알게 모르게 좀 참았어 그래서 전체적으로 봤을 때는 세상에는 건강한 상태다 저도 보면서 면 될 같아요 나름대로 수의사로서 해석을 하고 있는데 아 아주 지금 만족스럽습니다 근데 진짜 건강 검진 결과가 이렇게 반나절만에 나오는게 진짜 대단한 거 같아요 클리어 건강검진 보면 이런 내용들이 전부 다 세팅이 되어 있기 때문에 저가 사실 보고서를 작성하는 물리적 시간 자체가 줄어들기 때문에 보호자분들 검사 결과를 조금이라도 더 빨리 전달을 해 드릴 수 있고 또 보호자분들 입장에서는 그 결과지를 통해서 아이들을 조금이라도 빨리 신경 써 줄 수 있기 때문에 모두에게 도움이 되는 그런 시스템이라고 생각합니다 지금 이렇게 또 카톡으로 링크를 받아서 하게 되니까 이거 그냥 제 카톡 링크로 보내 놓는다거나 시우지화 할 수 있어서 보자의 입장에서 너무 좋은 아이디어인 거 같아요 저도 실제로 진료 보면서 제일 신경 쓰는게 보호자분들이 이해하기 쉽게 설명하려고 아 그죠 비유도 많이 하고 노력을 많이 하는 편이거든요데이 건강 검진 결과서를 봤을 때 비전문가인 보호자분들이 보고 이해하기 쉽게 정리가 돼 있다라는 걸 느꼈어요 그동안의 검진 결과지의 보면 약간은 조금 불친절하지만 들어요 진단 용어를 전문 용어를 막 써서 드린다는 저희들끼리 쓰는 약어를 써서 드린다는 심지어는 이렇게 막 검색을 해봐도 잘 안 나오는 그런 용어들도 있죠 근데 이런 것들을 써서 나가는 경우가 상당히 많이 있었는데 지금이 클리어 건강검진 같은 경우는 그런 내용에 대한 기본 설명이 세팅이 되어 있더라고요 그래서 저희가 추가적으로 설명하지 않아도 보호자분들이 좀 편안하게 친절한 설명이 들어가 있는 그런 부분이 있어서 좀 좋았고요이 수치 같은 경우도 이게 과연 진짜 문제가 되는지이 정도는 그냥 지켜봐도 되는 건지 수의사들이네 가지 단계로 나눠서 지정을 해 드리기 때문에 이런 것들을 함께 보실 수 있을 것 같아요 전 그게 제일 좋은 거 같아요 그럼 제가 지금 우리 세상에 건강 검진을 한이 시스템 클레어 건강 검지는 잠시 론에서 만날 수 있는 건가요 사실 그렇진 않고요네 이거는 지금 실제로도 많은 병원들이 사용을 하고 있고 더 많은 병원들이 점점 점점 사용을 하고 있는 걸로 알고 있어요 수의사들의 마음은 다 똑같거든요 보호자분들 또 반료 동물한테 좀 더 좋은 모험가를 제공을 해 드리기 원하기 때문에 이런 병원들이 점점 늘어나고 있고요이 클레어 건강검진 시스템을 이용하는 병원에 가시면 어디서든지 이런 좋은 결과물을 받아보실 수 있을 걸 생각합니다 제가 오늘 클레어 건강검진 시스템을 보니까 보호자로서 느끼는 거 수의사로서 느끼는게 다 있는데요 근데 우리 수의사 선생님들 이거 안 할 이유가 없습니다 이거 꼭 하셔야 될 것 같습니다 분명히 대접받는 거 같고이 병원은 더 신경 써 주는 거 같고 잘하는 것 같다라는 생각이 수밖에 없는 시스템인 거 같습니다네 오늘 세상이랑 그동안 항상 촬영했던 놀로 스퀘어를 벗어나서 좀 새롭습니다 우선 저는 세상의 건강 검진 결과가 엄청나게 빨리 나오고 걱정할게 없어서 너무 기쁘고요 그리고 또 하나 저는 수의사란 직업을 너무 사랑하는 사람 우리 수의학 그리고이 동물병원의 시스템이 점점 이의 못지 않게 빠르게 발전해 나가는 모습에 다시 한번 뿌듯함을 느끼 아네 보호자분들 입장에서이 건 건강검진을 받는다라는 거 사실 비용적인 부담도 있고 또 시간도 그만큼 투자를 해야 되고 신경 쓰이는게 한두 가지가 아닌 건 맞아요 하지만 아이들과의 어떤 건강하고 행복한 삶을 더 오래 지속시키기 위한 반드시 거쳐야 될 과정이라고 생각을 해 주시면 감사할 것 같고요 애들은 이해하지 못하겠지만 우리 같이 행복하기 위해서는 건강 검진 꼭 신경 써 주시는게 좋습니다 마지막으로 저희 세상에의 건강 검진을 맡아 주신 잠실온 동물병원의 김지현 원장님께 다시 한번 감사하다는 말씀드리고요 다음번에도 더 유익한 정보로 찾아오도록 하겠습니다 또 놀러오세요 안녕,
90,https://www.youtube.com/watch?v=-JFz-YSVJ6M,-JFz-YSVJ6M,강아지 영양제 도대체 뭘 먹여야 할까요? 😫 | 설채현 행동학 수의사,설채현의 놀로와 ,사실 이렇게 많은 영양 성분들을 여러 번 나눠서 챙겨 주기가 너무 불편해요 얘랑 얘 먹고 싶은데 이렇게 먹으면 이게 너무 많아네 그래서 저희가 한 번에 어떻게 좀 편하게 정말 필요한 성분을 먹을 수 있는 방법이 없을까 안녕하세요 설치이 여러분 설철 수 의사입니다 그리고 최민경 수사입니다네 저는 사실 행동학을 좋아하고 행동학 공부하는 수의사인이 아무거나 물어보세요라고 하면 정말 많이 나오는 질문이 있죠 바로 영양제 뭐 먹어야 돼요 어떤 걸 먹어야 되고 이거랑 이거 같이 먹어도 돼요 이런 말씀들을 진짜 많이 하시거든요 그래서 저도 어쩌다 보니까 영양제 공부를 조금 하게 됐었는데 예전에 우리가 그랬었잖아 나이와 상관없이 먹어야 되는게 유산균 오메가 3 항산화제 항산화제 같은 경우에 어렸을 때 먹으면 좋고 아니면 나이 들게 되면 꼭 필수로 챙겨 주시라고 얘기를 했었는데 이게 반려견들 나이나 뭐 건강 상태 활동량에 따라서 완전히 이렇게 다르기 때문에 사실 좀 복잡하잖아요 그래서 오늘 우리가 영양제에 대해서 정리하면서 또 여러분들을 위해서 저랑 최미경 수의사가 만들었습니다 우리 멀티핀 영양제에 대해서도 한번 설명드려 보도록 하겠습니다 첫 번째 우리가 영양제 종류 중에 사실 사람한테는 되게 많은 거 같은데 저도 먹고 있지만 강아지는 그렇게 많지 않은 거 같아요 종합 영양제가 있는데 뭐 다들 아시겠지만 조금 더 자세하게 한번 설명드리면 좋을 것 같아요 중합 영향자 딱 얘기를 하면 떠오르는게 멀티비타민 미네랄 그리고 조금 더 가서는 뭐 피스 아미노산 들어가 있는 제품들이 많아요 근데 사실은 아이들이 종합 영양제를 무조건 먹어야 될까라고 하면 꼭 먹진 않아도 돼요 왜냐면 사료가 있잖아요 그렇지만 먹으면 좋은 건 맞아요 그니까 그리고 특히나 필요한 아이들은 짧은 아이들 짧은 소형견들이 위 자체가 작아요 그러니까 얘네들이 뭘 많이 안 먹잖아요 조금만 먹어도 배가 차니까 우리가 안 먹어도 돼요라고 말하는 전제 조건은 영양 균형이 잘 맞는 사료를 잘 먹고 있는 친구들 근데 이제 잘 안 먹는 친구들은 어떻게 해요 우리가 대부분 간식으로 배우를 채워 주게 되고 그러다 보면 사료에는 들어 있지만 간식에는 들어가 있지 않은 중요한 영향 성분들이 모자르게 되고 또 그리고들은게 비타민 같은 거 사로에 충분히 애들 권장량만큼 들어 있다 하지만 우리 사람도 비타민 C 같은 경우엔 그렇지만 더 많았을 때 도움이 되는 것들도 있잖아요 그렇죠 실제로 비타민 C 아이들이 합성할 수 있다고 하지만 그래도 보충해 주는게 항산화 성분 때문에 더 좋아요 그리고 또 두 번째는 요즘에 자연 식이나 화식 만들어 먹 계시는 분들 많이 계시잖아요 그러면 필수 영양소가 부족할 수 있어요네 그 저도 사실 우리 입짧은 세상이 입장 구네 건사료 먹었으면 전 건사료 좋습니다 근데이 친구가 안 먹으니까 그래도 좋아하는 걸 찾다가 이렇게 화식을 먹이는데 사실 저도 같이 이제 만들면서 그 고민을 했었어요 자연식을 먹이니까 뭔가 영양제 같은 걸 하나 더 줬으면 좋겠다 특히 비타민 2 같은 경우에 그랬어요네 맞아 그리고 아무래도 나이가 들면서 아이들이 기력이 없어지잖아요 그런 친구들은 우리도 똑같잖아요 나이가 들수록 멀티비타민 필요해요 력을 위서 저 먹고 있어요네 저도 먹고 있어요 어 벌써 아 저희 없으면 안 될 거 그다음에 피부가 약한 반려견들은 어떤 특정 영양소가 부족했을 때 피부 문제가 생기는 경우가 있어요 맞아 제가 들었을 때 아연이었나 아연이랑 비타민 A 그래서 이런 친구들한테도 필요하고 만성적으로 장이 약한 아이들은 다른 아이들보다 소화 흡수율이 떨어져요 만약 반려견들이 이런 문제를 겪고 있다면 저는 꼭 종합 영양제를 먹어야 된다고 생각을 합니다 그리고 만성질환 있는 아이들이요 만성질환 하면 대표적으로 당뇨병 다 성 심장질환 그다음에 뭐 쿠싱 같은 질병들이 있잖아요 근데 이거의 특징들이 다뇨 예 그러다 보니 수용성 영양소들이 몸밖으로 다 빠져나가요 아 그런 친구들은 더 보충을 해 줘야 되거든요음 그러면 사실 여름 같은 날에는 어때요 여름에도 애들이 더우니까 물 많이 마시고 오줌 많이 싸는데네 일단 여름에는 아이들이 조금만 움직여도 더워요 그러니까 계속 핵거리 그러다 보면 에너지를 많이 쓰기 때문에 우리도 약간 이온음료 마시는 것처럼 얘네들도 영양소가 평소보다 더 많이 필요 한 거죠 이제 조금 더 구체적으로 들어가면 항산화제가 있잖아요네 항산화제는 말 그대로 산화 스트레스라고 우리 몸에서 자연스럽게 신체 활동 할 때마다 생기는 그 나쁜 물질이라고 해야 되나 그 뭔가 우리가 이제 공기를 마시고이 산소가 있어야지만 모든 조직에 일을 할 수가 있고 근데 그 산소와 대사 작용이 일어나면서 생기는게 이제 산화 작용이고 근데 그게 이제 우리를 늙게 하는 거잖아요 그래서 산화라고 하지만 쉬운 말로 어떻게 보면 항노화 성분이라 라고할 수 있겠죠이 성분에 가장 관심 많으신 분들은 제 생각에 노령견을 키우시는 보호자님들이 것 같아요 보통 백내장 인지장애 중후군 그리고 심장질환 이런 거 고민하실 때 항상 화자를 많이 찾으시는데 사실 대형견들도 되게 빠르게 성장을 하거든요 생각해 보면 태어날 때는 만해요 근데 우리 1년 형에서 2년형 정도면 이제 성장이 다 끝나는데 그 시간 동안 치와와는 이만 했다가 이만 해지고 대형견들은 이만 했다가 저만해지는 거죠 근데 그 과정이 다 산화 과정이라는 거예요 그래서 저도 논문 하나 봤는데 왜 대형견이 수명이 더 짧냐 하면 그 이유 중에 하나가 너무 짧은 시간 안에 빠르게 성장하면서 그때 너무 과도한 산화작용이 일어나서 빠른 노화가 일어나고 수명이 이제 소형견보다 짧다라는 이유가 하나 있었거든요 그러면 항산화제 대표적인 거에 뭐가 있어요 일단 대표적으로 비타민 A 이예요 그리고 심장 건강에 도움을 주는 코엔자임 큐텐음 그다음에 셀레늄이 그 우리 백내장 영양제 하면 많이 네 예방 예 루테인이 그렇게 대표적인 항산화제 그리고 많이들 착각하시는게 있는데 문 영양제 따로 심장 영양제 따로 신내 그 예방해 주는 영양제 따로 급여하시는 분들이 계세요 근데 사실이 세 가지 영양제는 그냥 다 항상하지 해요 가끔 문 영양제로 나온 제품이 인지장애 중국은 예방 영양제랑 똑같아요 성분이 그도 많요 둘 중에 하나만 먹이셔도 되는데 보통 이거를 다 먹이시면 오히려 너무 많은 양을 섭취할 수도 있다는 점음 그러면 어린 나이 항산화제 먹는게 필요할거라고 생각하시는 분들 계세요 저는 사실 두살 피구를 키우고 있지만 저 먹이거든요 근데 이유가 뭐냐면 얘가 활동량이 너무너무 많아요 뛰는 거 너무 좋아하고 공룡이 너무 좋아하는데 그럴 때마다 엄청 핵간거리 그든 막 신나서 얘가 조절을 못 해요 근데게 얘를 만져 보면 심장이 엄청 빨리 뛰어요 근데 그러면 심장이 빨리 뛸 때마다 아까 말씀드렸던 활성 산소 이게 잔뜩 나오고 그게 계속 쌓이게 되면 산화 스트레스라는 걸도 일으키고 노아 노아도 일으키고 심장 건강에도 굉장히 안 좋은 영향을 끼칠 수 있어요 그래서 저는 활동량 많은 날에는 무조건 좀 많은 용량의 항산화제를 별하고 평소도 이거 워낙 매일매일 활동량이 많다 보니까 신구 장난 아니죠 항산화제를 꾸준히 급별 하고 있긴 합니다 어떻게 보면 심장도 우리가 이렇게 표현하잖아요 수의사들은 이거 팬티 꼬무 줄이다 계속 쓰다 보면 늘어나고 다시 줄일 수는 없다 저도 뭐 간과하고 있기는 했는데 아무래도 어렸을 적에 흥분하고 심장이 많이 쓸수록 그 고무줄은 조금씩 늘어날 거고 거기서 나오는 활성 산소를 제거해 주지 않으면 그런 산화 스트레스는 더 빨리 네 그리고 항산화제가 또 필요한 친구들이 있잖아요네 바로 비만 친구들이에요음 그렇죠 지방세포가 꾸준히 염증 물질을 분비를 하게 돼요 근데 이것도 만속 염증을 일으켜서 대사질환의 원인이 되기 때문에 항산 자를 먹어주면이 염증 반응을 조금 줄여줄 수 있습니다 그러면 우리 아이가 좀 비만이거나 아니면 지금 다이어트를 계획하고 있다라고 한다면 또 항산화제가 들어가면 좋겠네요네 우리 보호자님들이 모두 다 아시는 영양제 오메가 3 그렇죠 오메가 3는 어디에 좋다고 하기도 민망할 정도로 다 좋아요 심장에도 좋고 심장에도 좋고 피부에도 좋고 혈관 건강에도 좋고 그리고 오메가 3는 만성 염증을 줄여주는 효과가 있기 때문에 보통 피부 문제 있는 아이들한테 많이 먹이죠 맞아요 우리 알러지성 질환이 있으면 무조건 오메가 3 먹이라고 하잖아요네네 관절염 있는 친구들도 먹으면 확실히 보행 개선에 도움이 되죠 관절 영양제 같은 경우에는 성분이 연골의 구성 물질이나 아니면 염증을 낮춰 주는 쪽으로 이렇게 타겟을 많이 잡는 오메가 3가 이제 염증을 줄여주는 쪽네 그리고 아까 앞에서 나왔지만 비만인 친구들 대부분 콜레스테롤 수치가 높아요네 근데 콜레스테롤 수치가 높을 때 오메가 3를 꼭 먹어 줘야 해요음 어 이거는 제가 사실 좀 생소합니다 핵산은 뭔가요 핵산 영어로는 뉴클레어 타이라고 해요 아마 생물 시간에 그죠 우 많이 했었죠 뉴클레어 타이드 염색체 구성물질네 그래서 DNA rna 구성 성분이에요 그렇기 때문에 세포 재생에도 도움을 주고 세포의 성장에도 도움을 주고 항산화 효과도 있어요 그니까 만약에 뭐 DNA rna 상처를 입었을 때 빨리 복구할 수 있게 도와주는 그런 역할이라고 봐도 될까요네 그리고 면역 세포들의 재료가 되기 때문에 실제로 면역력도 높아지고요 질병 후 그다음에 수술 후 회복할 때이 성분을 같이 먹었으면 훨씬 더 빨리 회복이 될 수 있어요 실제로 그리고 앞에 말씀드렸던 오메가 3랑 핵산을 함께 먹었을 때 아토피가 심했던 환자들의 소감도 다 개선이 됐고요 산 같은 경우에는 제가 영양제들 중에 들어 있는 경우가 많이 못 본 것 같은데네 맞아요 흔하지 않아요 그래서 항산화제란 핵산이란 오메가 3가 함께 들어간 건 저희 멀티핏니다 우리 멀티핏 밖에 없다 어 그리고 장질환 있는 아이들이요음 장벽도 강화를 시켜 주는 성분이라서 만약에 만성 설사 한다 이런 친구들도 같이 먹여 주시면 좋습니다 은근히 저도 진료보다 보니까 만성 설사하나네 속이 좀 불편한 친구들이 은근히 많고 그것 때문에 좀 예민해지고 불안해지고 하는 친구들도 있더라고요 그래서 이거랑 이제이어서 유산균 어네 유산균 사실 프로바이오틱스고 원래는 해야 돼요 그 프로바이오틱스 안에 유산균이라는 종류가 있는 거거든요 산 젖산을 만들어내는 균이라고 해서 장 건강뿐만 아니라 완성 염증도 감소해 주고 만성 심장 질환이 있는 친구들은 이제 그 요독가 있잖아요 그거를 유산균들이 이제 안에서 분해해 준다네 분해해 줘서 요독 좀 낮춰 줄 수도 있고 신장질환 있는 아이들은 이거 아마 유상균 다 필수로 먹 고 계실 거예요음네 그래서 장이 건강했을 때 또 아이들 정신 건강에도 도움을 주기 때문에 저는 기본적으로 유산균은 꼭 먹여 주셔야 된다고 생각을 해요네 요즘 우리 뭐 사람 쪽도 그렇고 동물 쪽에서도 많이 관심을 가지고 있는게 겉 브레인 엑시스 장내 축이라고 하는 곳이 장이 건강해야 뇌에서 이제 불안을 줄여주는 신경 전달 물질이 많아지고 더 정신적으로도 행복할 수 있다라는 이런 얘기들이 많이 나오고 있어요 아 또 프로바이오틱스 하니까 또 생각나는게 저희 바이플러그 구강 건강에도 좋을 수 있잖아요네 그렇죠 구강이 원래 소화기의 첫 번째 단계아파트 만들어 주는 세균이나 뭐 입냄새를 유발하는 그런 세균들을 유익균으로 바꿔 줄 수 있는 거죠 저희가 지금이 영양제의 종류나 그 성분들에 대해서 좀 얘기를 했는데 그래서 우리가이 멀티피스 만든 이유가 뭡니까 사실 이렇게 많은 영양 성분들을 여러 번 나눠서 챙겨 주기가 너무 불편해요 그리고 가끔 그럴 때 있지 않아요 우리 수상께 성분을 보는데 얘랑 얘 먹고 싶은데 이렇게 먹으면 이게 너무 많아 맞네 그래서 저희가 한 번에 어떻게 좀 편하게 정말 필요한 성분을 먹을 수 있는 방법이 없을까 하고 멀티핏 만들었습니다 아 그리고 좀 그런게 있었어요 사실 가끔은 뭐 snsn 이런 거 볼 때 우리 보호자님들 이거 속으면 안 되는데 약간 이러는 경우들이 있어서 거짓말하지 않고 아이들한테 좋은 거 정직하고 좀 더 저렴하게 만들어 보자라고 해서 만든게이 멀티핏 있니다 사실 종류가 많은 것도 중요하지만 흡수율도 중요하잖아요 그렇죠 유효 성분과 그리고 흡수율이 되게 중요하잖아요 그래서 보통 오메가 3 같은 경우에는 캡슐로 나와요 맞아요 우리 그래서 연질 캡슐 안에 들어가 있는게 패가 되지 않고 이게 흡수를 좋다 저희 거 가루아 저희게 정말 특이해요 기름을 한번 녹인 거예요 소화를 시킨 거예요 그러니까 유화시키다 이제 표현을 하는데 한번 녹여서 소화 흡수율을 높였어요 그 아무래도 우리 몸에서 한번 들어가서 소화가 되는 거를 밖에서 이미 끝낸 거예요 그리고 나서 이거를 마이크로 캡슐이라 해서 유산균에서 많이 얘기하는 그 캡슐네 그걸로 쌓였어요 그러니까 아무래도 패 걱정 없이 그리고 물론 비린내가 어쩔 수 없이 나오긴 하는데 그래도 조금 일반 오일보다 적게 어 저 먹어봤는데 제가 그동안 다른 오메가 3들 먹었을 때보다 좀 덜 비린맛 그리고 조금 더 단맛도 나는 거 같다 보니까 파우더 형태로 나올 수 있게 된 거예요 그리고 안에 코엔자임 Q 10이 들어가 있어요 근데 이것도 원래는 보통 대부분 항산화제 보시면 아시겠지만 캡슐 안에 들어 있어요 왜냐면 기름에 녹여야 되거든요 근데 이거는 입자를 잘게 쪼개서 흡수율은 높이고 이렇게 가로 타입으로 나올 수 있게 어떻게 보면 되게 좋은 성분이라고 말씀드릴 수 있겠죠 아이 모든 것을 처음부터 설계하고 내 자식처럼 만든 사람이 우리 최수 의사니까 나는 말을 하면서 뭐가 느껴졌 자신감이 보였어 아 저도 더 기분이 좋습니다 두 성분뿐만 아니라 나머지 성분들도 믿을 수 있는 성분만 넣었으니까 걱정하지 않으시고 급여하시면 됩니다 어네 그리고 제조사도 믿을 만한 곳 있잖아요 저희가 정말 정말 좋아하는 제조사에 그래서 동물병원 원래 전용으로만 많이 하는 곳 근데 우리 아까 얘기할 때 이거 꼭 먹어라 꼭 먹어라 하는데 하나 안 들어간게 있잖아요 유산균이 없어요 맞아요 유산균을 원래 같이 넣을까 고민을 했어요 유상균 자체가 아무래도 균이 아아 얘네가 예민해요 약해요 그래서 정말 안전하게 보관할 수 있는 방법을 찾아야 얘네가 잠까지 할 수 있어 너 봤자 여기까지 안 가면 안 되니까네 저희가 바이 플라그가 있잖아요 아 그죠 저희는 캡슐 안에 한 번 더 넣었고 다가 알로알로 포장이라고 빛이랑 습기랑 뭐 이런 거 다 차단하게 두번 이중 포장을 했거든요 바이 플라그가 근데 우리가 구강 유산균이라고 하는데 먹었을 때 장에도 도움이 됩니까 그렇죠 저기 안에 들어가 있는 유산균이 구강 유상균뿐만 아니라 장에도 도움을 주는 유산균을 같이 넣었어요 1석 2조 제품네 그래서 입안에 바르고 절반 정도는 그냥 먹으면 장 유상균 되는 거예요 아 나 좀 간단하게 영양제 챙겨 주고 싶다 그러면 멀티핏 바이플러그 어 맞아요이 조합으로 두개 아주 좋습니다 딱 제가 원하던 거고 저 같은 귀차니즘이 많은 사람한테 아주 좋은 조합이죠 그리고 저희가 정말 간식이 아니라 영양제를 만들고 싶었거든요 대합 사료가 있고 보조 사료가 있어요 어 그 정확한 차이가 뭐예요 배합 사료는 간식으로 되어 있어요네 그리고 보조 사료는 영양제로 되어 있어요 원래 등록할 때 그렇게 되거든요 그래서 저희는 보조 사료입니다 아 그렇다고 해서 저희게 맛이 없진 않아요 저희가 직접 먹어 봤잖아요 고기 같은 단백질은 넣지 않았지만 아이들의 기호성을 조금 높여줄 수 있는 향을 넣었기 때문에 그 이것도 안전한 원료로 사용을 했어요 그래서 사료에 뿌려주면 아이들이 약간 사료 소파처럼 잘 먹어요 그래서 가로 타입이라서 물에 링 티처럼 티처럼 강지 링티네 그래서 어떻게 보면 저는 간식타임 영양제는 아이들 알러지 걱정도 해야 되고 살질 걱정도 해야 되잖아요 그 전 처음에 이거를음 DIY 영양제라고 생각하고 만들었어요 어 그니까 내 내 맘대로 얘 기호성 대로 만약 간식 량을 적게 하고 싶으면 적게 해도 되고 간식 없이 이거 단독으로 먹어도 되고 뭐 물에 타 줘도 되고 우유에 타줘도 되고 그냥 토퍼로 사용해도 되고 그래서 기호성 좋기 때문에 아마 아이들 잘 먹을 거예요 이렇게 한 포씩 돼 있고 몸무게 한 몇 kg 아이들이 이거 하나씩 먹으면 좋을까요 보통 5kg 10kg 아이들이 한 포를 먹으면 돼요 근데 이제 우리나라 아무래도 소형견이 많다 보니까 막 2.5kg 3kg 이런 친구들 있잖아요 그런 친구들은 그 몸 에 맞에이 포를 살짝 뭐 절반을 먹이신다 아니면 3을 먹이신다 그렇게 조절해 주시면 돼요 그리고 혹시라도 음식에 좀 예민한 친구들은 서서히 늘려 주셔도 돼요 그니까 처음부터 한 보다는 뭐한 1 뭐 반 이렇게 조금 조금씩 그래서 이거 이렇게 좀 잘 보관해 놨다가 다음날 조금 더 먹이고네 저희는 이렇게 보호된 오메가를 썼기 때문에도 괜찮아요 저는 항상 그런 거예요 이거 기호성이 되게 좋은 영양제들 많은데 좀 기술적 으로 입에 넣어서 먹어야 되는 영양제들이 좀 있거든요 근데 그걸 또 못 하시는 분들이 있고 그걸 못 받아들이는 아이들도 있어요 근데 이게 이렇게 분말 형태로 돼 있고 기호성이 좋으니까 좀 믿고 꾸준하게 먹일 수 있다 그리고 까먹지 않게 옆에 체크할 수 있어요 아 이렇게 이렇게 1일차 2일차 3일차 4일차네 [음악] 어네 이번 시간에는 저희가 우리 여러분들한테 영양제 종류 저희가 만든 멀티핏에 대해서 한번 소개시켜 드려봤습니다 정말로 이제 보시면 아시겠지만 저희 저희가 여러분들 걱정 안 하고 편하게 그리고 조금 더 저렴하게 좋은 영양제를 급여해 주셨으면 좋겠다라는 마음으로 만들었기 때문에 믿으셔도 괜찮습니다 사실 뭐 항상 부끄러워요 저 이런 거 되게 부끄러워 하는데 여기 제 얼굴과 대상에도 있어요 이렇게 했는데 대충 만들진 않았겠죠 어 나도 믿을 만한 영양제를 찾고 있었다라고 한다면 저희 멀티핏 한번 급여해 봐 주세요 다음에 더 좋은 정보로 찾아뵙도록 하겠습니다 또 놀러오세요 안녕 n,
91,https://www.youtube.com/watch?v=4pfRfbaeqwM,4pfRfbaeqwM,설쌤 프랑스 유학가다..🇫🇷 (feat. 1박2일) | 설채현 행동학 수의사,설채현의 놀로와 ,짜잔 로얄 캐닌 김재 공장입니다 제가 국내 최초로 우리 로얄 캐닌 공장 안에 모습을 촬영할 수 있게 됐습니다 다음에는 제가 또이 로얄 캐닌 함께 프랑스에 가서 프랑스에 가서 이제 로얄 캐닌 우리 심포지움을 참석하러 프랑스 남부 몽펠리에 이동을 하러 이렇게 공항이 나와 있는데요 가서 잘 배우고 여러분들한테 좋은 정보들 좀 많이 알려 드리도록 하겠습니다 그러면 이제 몽펠리에 한번 가보시죠 아이 성장 도표는 우리 파피 클래스의 무조건 적용해야 되는 시스템입니다 좋은 거 하나 얻어 가네이 책을 꼭 받고 싶었는데 모든 연구결과의 집같은 낌 어 그리고 그거를 쉽게 공유해죠 저희 내년에 또 와요 형 진짜 열심히해서 드디어 저는 로얄에서 주하는 는 심포지움에 이렇게 참석하게 됐습니다 여기 오니까 정말네 놀라워요 지금 한 60개국에서 400여명의 수의사가 참여를 했다고 하는데 여기 온 분들을 우리가 로얄 패밀리라고 얘기한다고 하더라고요 그래서 로얄 패밀리는 우리 달력 견들의 행복과 건강을 신경 쓰는 우리와 여러분들 모두 로얄 패밀리입니다 여기서 이틀 동안 왜이 많은 로얄 패밀리들이 여기에 모였는지 어떤 얘기들을 하는지 한번 저도 열심히 지켜보도록 하겠습니다 와 이게 생각했던 거보다 규모도 엄청나게 크고 멋지다 이번 우리 로얄 캐닌 심포지움의 가장 큰 주제는입니다 스타트 오브라 저도이 S 견생에 가장 처음을 제일 중요시하는 수유사거리 좀 강고하고 있어요 그래서 제가 실제로 지료를 보거나 사회와 클래스 같은 걸 할 도 보면 오히려 막 작게 키워야 된다고 가장 중요한 시기에 적게 주고 영향 균형도 안 맞고 이런 경우들이 너무 많아서 제가 제일 많이 하는 얘기가 밥 더 주세요 그리고 여기다 플러스 사실 성장기에는 영양분이 필요한 구성이나 이런게 성경과 완전히 다르거든요 그래서 rndd 잘돼 있는 연구를 통해서이 아이들한테 필요한 음식을 줄 수 있는 사료를 선택하라고 해서 실제로도 로얄 캐닌이 스타터 2개월이 넘어가면 퍼 피사를라 안 그러면 나중에 관절 질환이나 여러가지 질환들에 걸릴 확률들이 조금 더 높아진다 이렇게 얘기를 하거든요 그래 이번 주제가 동학을 하는 저한테도 너무 배울게 많은 주제일 것 같아요 스타트 오브라이 [음악] [박수] 이게 되게 좋은게 우리가 그동안 했던 거는 그냥 bcs 아 얘가이 정도 크면 되겠다라고 사실 이제 수의사의 감인 부분들이 있었는데이 성장 표들을 이렇게 체크를 하면서 이렇게 벗어나면 원래로 돌아온 건지 아니면 원래는 이걸 따라가야 되는데 갑자기 높아졌기 때문에 비만인지 이런 것들을 확인하면서 체중 조절을 할 수 있기 때문에 아이 성장도표 당장 한국 돌아가자마자 우리 퍼피 클래스에 무조건 적용해야 되는 시스템입니다 좋은 거 하나 얻어가네요 이번에 이제 강의 들으면서 좀 더 외국어 공부 열심히 해야겠다 영어랑 프랑스에 또 오려면 또 불어도 열심히 해서이 강아지의 sol's 영향뿐만 아니라 행동도 좀 강의할 수 있어서 제가 우리나라 대표로 한번 행동학 강의를 한번 해주고 싶다라는 생각이 들었어요 우리 사람들은 한 20년 동안 성장을 하잖아요 강아지들은 크기에 따라 조금 다르긴 하지만 대부분 한 8개월에서 한 18개월 정도 사이에서 다 성장을 멈추게 돼요 우리도 그러잖아요 성장할 때 진짜 영양분도 많이 필요하고 그때 막 좋은 거 많이 봐야 되고 이런 것들 많잖아요 근데 그게 강아지들도 마찬가지인 거죠 성장기 우리 그때 되면 다 크는데 그때 영양분이 부족하거나 아니면 그때 잘못된 경험을 하게 되면 실제로 나머지 15에서 20년의 삶이 좀 아프거나 불행해질 수 있다 저도 거기에 정말 격하게 공감을 하는데요 그러다 보니까 영양학 그리고 행동학 정말로 연관성이 많이 있는 거 같아요 이번 시간에는 저는 이걸 들으러가 볼 겁니다이 스라이이 뭐냐면 중성화에 최근에 중성화에 대한 어떤 논란이 있는지 우리가 또 성장기이 성장을 하는 와중에이 중성화가 있기 때문에 그것도 한번 들어보려고 합니다 스님은 저희 R 글로벌 meet you Actually I'm a veterinar who very interested in behavior and mental I think the mental health is also very important in SOL do you think nutrition is of nutrition affects to mental health in so Yeah I Absolutely believe that the right nutrition through start of life or SOL makes a huge difference for the Ultimate health outcome of the of the puppy um nutrition can build the immune system to protect them from disease it can bu the gastrointestinal TR Keep them healthy with microbiome and we know nutrition can help um with mental development Yes the brain got access So it's really important that we provide a complete and balanced nutrition That's addressing all of those areas As well as the muscle growth the bone growth Everything's growing um in a poppy um and mental health is is a big part of that Ah Yeah Thank you second Question I just wondering I know your company studied a lot about keyb shape and Why did you made the puy keyb in triangle shap Yes so We've done A lot of work over the last well 54 55 years of research but looking at the different what we Call morphology the size the Shape of the face How flat the face is how long the face is what the teeth um configuration is And how that changes through age so by examining all of those things wve done uh two key pieces of research that we use one is that we have a Glass top table and So we put puppies adults different breeds on the table and then we Video take them Underneath watching How they best eat the kibble so we can Design different sizes different shapes to see How easy is it for them to pick that kibble up we also have a machine in the laboratory where we replicated the size of of teeth size and shape 역시 어떤 질문을 하든 생각하지 않은 답변들이 나와요네 What does it mean for us ofge yeah yeah so as I said We've been conducting research for more than 50 years um and I think What's most powerful about the work that We've done is that we share it It's one of them um you know the two main attributes of r& dog and cat first and sharing the knowledge and sharing the knowledge um in conferences like the veterinary symposium um presenting um in veterinary conferences do educ Writing textbooks The Reason we share the knowledge is that we believe every veterinarian and every dog and cat around the world should benefit from the work that we do um and if we don't share that knowledge We're not really um uh living our purpose which is to make a better world for dogs and cats and so the more We can educate the more We can share the better the health and wellbeing of all dogs and cats that that receive that knowledge [음악] is actually the first time I heard pediat in korea There is no pediatric about the veterinary in France the veterinary pediatric It's starting So we know as veterinarians um you know we we see a lot of puppies and kittens in practice um but what We need to do is change the way that we think about it and really think about them AS being highly vulnerable highly susceptible um and really take AD human terminology of pediatrics bring it from just a vaccine to actually to pediatric care of a POP kitten the same way as as a mother would take their baby to see a pediatrician they're seeing a doctor that is specialised in childhood health and childhood wellbeing We want veterinarians to start to take the same lens I really agree with you Thank youk and than than than you engish 예 more Please 땡큐 이게 진짜로 소학과 아는게 사실 우리 학교 다니면서 한 번도 안 배웠잖아요 내용이 너무 좋아요 어 제일 많이 병원 오는 그렇지 애들 어렸을 때 이런 걸로 많이 오잖아이 책을 꼭 받고 싶었는데 그렇고 약간 모든 연구 결과의지면 같은 어 그리고 그거를 되게 쉽게 공유해 줘 이게 봐봐 2 3개월 때 애들 필요한 야 이거 혈액 검사상 이게 애기 때는 또 다를 수 있다고 엄청난데 [음악] [음악] 야 오늘 심포지 의 두 번째 날이 밝습니다 어제처럼 좋은 강의들을 들으면서네 열심히 배워보도록 하겠습니다 가시죠 이게 약간 그런 거 같아요 팀들 교육시키고 트고 제품 추천이랑 하루 급여량 계산 체중감량 프로그램 이런 것들 제공이 되거든요 그래서 이렇게 프로그램을 구동하시면 일주일에 몇킬로를 감량할 것입니다 그래서 하루에 몇 그의 사료를 먹으세요 이런 것까지 우리 최수 이사가 또 지금 다이어트 프로그램을 운영을 하고 있단 말이죠 지금 제가 쓰기 다 레포트를 고요 아니 이런 좋은 프로그램을 쓰시면 않 와 너무 [음악] 좋습니다 나 [박수] 마지막이네 저희 내년에 또 와요 형 진짜 열심히 해서 너무 즐거운 시간였습니다 가시죠 네 이제 모두 일정이 끝났는데요 어떠셨나요 저와 함께한 심포지움 재밌으셨나요 저는 오랜만에 너무 재밌게 공부한 거 같아서 정말 즐거웠는데 여러분들은 어떠셨을지 모르겠습니다 제가 이번 심포지움을 와서 느낀 건 원래 로얄 케이라는이 회사가 r&d 연구 개발에 정말 힘을 쏟는 회사라는 거 알고 있었는데 이번에 약간 이런 수학과는 개념 그리고 soos 스타트 오브 라이프에 대해서 들으면서 원래 있던 것이 아닌 연구 개발을 통해 새로운 것 를 만들어내려고 노력하는 그런 전문가 집단이 있는 회사구나 것을 다시 한번 느꼈습니다 아 그리고 공부하는 이런 심포지움 보여 드리면 좀 재미없겠죠 그래서 저희가 이제 다음에는 로얄 케인의 캠퍼스 그 안에 또 이제 패 센터가 있거든요 저는 우리 댕댕이들 귀여운 댕댕이들 보러 가는게 제일 좋은데 여러분들 함께 같이 가보시죠 많이 기대해 주세요 [음악],
92,https://www.youtube.com/watch?v=RAmDCydBqFo,RAmDCydBqFo,강아지 다이어트 클리닉 단골 질문! 모두 답변드려요 🍠 | 설채현 행동학 수의사,설채현의 놀로와 ,안녕하세요 설치이 여러분 설치현 수 이사입니다 이번 시간에는 여러분들의 궁금증을 제가 대신해서 물어보는 시간을 가져볼까 하는데요 저희 놀러의 떠오르는 새별 최민경 수의사님과 함께 해 볼 거고요 이제 시리즈로 아 댓글에 반응이 되게 좋았어요 이거 시리즈로 해 달라는 댓글들이 많았어서 최미경 수의사님이 영양학적으로도 이제 시리즈로 쭉쭉 우리 여러분들의 궁금증을 풀어보도록 하겠습니다 그래서 오늘 첫 시간은 여러분들이 정말 궁금해하는 다이어트죠 다이어트죠네 이건 사람과 동물의 우리 반려견의 어 공통 관심사인 것 같습니다네 제가 듣기로 그랬어요 이게 저는 당연히 강아지들의 다이어트는 쉬울 것이다라고 생각했어요 왜냐면 저는 좀 살 빼고 싶을 때 아 다이어트 해야지라고 해놓고서 배고프면 어 이거 내가 편의점 가서 음식 살 수 있고 배민이나 쿠팡이츠로 음식 주문할 수 있고 냉장고를 열어서 먹을 수 있지만 강아지들은 스스로 그렇게 하지 못하고 우리가 주는 것만 먹기 때문에 당연히 아이들이 다이어트 하는게 훨씬 더 편할 거다라고 생각하는데 이건 산이었던 거죠 실제로 강아지들의 다이어트 성공률이 사람보다 낮다라는 연구 결과가 있을 정도로 그런데 이럼에도 불구하고 우리 왜 강아지들 다이어트 해야 되는 겁니까 사실 대부분 보호자님들이 관절 절 문제 때문에 다이어트를 결심하게 되시는 거 같아요음 그렇죠네 아무래도 병원에서는 체중 자체를 줄여야 관절에 대한 부담이 적어지니까 무작정 살을 빼 오라고 얘기를 하시거든요 저희 롤로에서 사실은 비만 클리닉을 했었어요 그렇죠 저희 얼마 전에 꽤 성황리에네 성황리에 이제 마감을 했었는데 지금도 하고 있기는 해요 근데 처음에 저는 이제 저희가 비만 클리닉을 한다고 했을 때는 정말 뚱뚱한 강아지들이 올 줄 알았어요 근데 생각보다 그냥 어 진 통인 가 할 정도의 친구들이 많이 오는 거예요네 근데 그 친구들 오는 이유가 다 병원에서 무릎이 안 좋으니까 아니면 고관절이 안 좋으니까 얼른 살을 빼세요라고 해서 이제 보호자님들이 어 살을 빼야 되나 약간 이렇게 생각하고 오신 분들이 많으시더라고요 대부분의 보호자분들이 관절 질환 때문에이 다이어트를 하려고 하시고 근데 그 이외에도 우리가 아이들 계속 다이어트 하라고 얘기하는 또 여러 가지 이유들이 있잖아요네 그렇죠 일단은 건강 문제예요 사실 지금 제가 이 얘기를 하고 있지만 저도 사실 찔리는게 많은게 왜 왜 핑구 전혀 살찌지 않았는데 핑구 말고 저예요 아네 아니 그러면 괜히 욕 먹어요 분명히 댓글 달린다 아니 근데 제가 그 이전 영상에 비해서 한 10% 체중이 늘었거든요 근데 이게 체중이 늘면서 느끼는게 뭐냐면 건강이 너무 안 좋아진게 느껴져요 그러니까 조금만 걸어도 숨 차고 그다음에 아침에 일어나는게 다르고 그래서 운동도 안 하고 먹고 싶은 거 마대로 먹었더니 일단 제가 느끼기에 체력이 떨어졌다는 걸 느끼거든요 그러면 우리도 그런데 사실은이 조금만한 반려견들은 얼마나 그렇겠어요 그니까 사실상 비만이 물론 귀여워 보이긴 하지만 완성 질환에 노출될 확률이 훨씬 높아지죠 그러다 보면 수명도 다른 친구들보다 최소 2년에서 3년 정도 줄어들고 그렇기 때문에 우리가 관절뿐만 아니라 아이들의 건강 때문이라도 다이어트를 해 주셔야 합니다 사실 이거 저도 궁금했거든요 정말 많이 오세요 저희 행동 문제 때문에 오시지만 애들 또 비만인 경우들이 너무 많아서 제가 가장 궁금한 거 그리고 우리 구독자 여러분들이 궁금해할 것들은 뭐냐면 관절이 안 좋아서 살 빼라 그러면 아예 운동을 안 하시거나 아니면 살을 빼야 되니까 운동을 많이 시킨다거나 이렇게 되는 경우들이 많은 거 같아요 그죠 사실 이제 아까 원장님이 말씀하신 대로 처음에 이제 다이어트를 해야 된다 얘기를 이제 병원에서 들으면 먼저 운동 시간을 예를 들면 평소에 한 시간을 산책을 하는데 갑자기 한시간 반으로 늘리다 러신 보전이 많으 인데 근데 문제는 아이들의 관절 상태 그리고 비만 그 비만이 어느 정도 진행된 상태인지를 종합적으로 판단을 하셔서 산책 시간을 결정을 해 주셔야 돼요 예를 들면 저희가 이제 아이들 체중이나 체형 이을 판단하는 기준이 있잖아요 bcs네 bcs 아고 해서 그게 이제 뭐 여러 가지 단계 뭐 9단계 아리도 있고 5단계 아리도 있는데 만약 5 단계리 기준으로 4 초반 말고 한 말 4에서 5로 넘어가다 이건 느낌적인 느낌 느낌적인 느낌 그 4.5 이상인 아이들은 오히려 그냥 그 상태에서 운동을 했을 때 아 관절에 무리를 더 주게 돼요 아 이거 되게 중요한 정보 같아요 그러니까 기준 자체가 어 얘 살 빼야 되는데 관절 때문에 살 빼야 되는데라고 했을 때 운동을 더 할 것이냐 아니면 지금 운동을 하면 안 되냐 그 결정하는게 우리 지금 그림 띄어 드릴 거예요 바디 컨디션 스코어 bcs 5단계까지 중에 4에서 5로 넘어가는 과정일 때는 운동을 했을 때 더 안 좋다네 그래서 이런 친구들은 먼저 식단으로 체중을 10% 정도 빼고 그다음부터 운동을 시작해 주셔야 돼요음 그러면 이건 어때요 아예 운동을 안 한다 관절이 안 좋을 것 같으니까 아예 운동을 안 한다 이런 경우도 저는 많이 봤거든요 맞아요 근데 저는 그거에 대해선 반대해요 왜 그러냐면 사실 아무것도 안 하고 밤을 줄이거나 칼로리를 줄여버리면 근육이 빠져요 그죠 저 그런거 너무 많이 봤어요네 그러면 오히려 쓰고를 지탱해주는 근육 그다음에 십자인대를 지탱해주는 햄스트링 근육 이런게 다 빠져버리면 관절의 불안정성이 더 커져서 오히려 더 관절의 무리를 나중에 됐을 때 더 안 좋게 되는 거죠 어 그러면 이렇게 기준으로 삼아도 될까요 4.5 이상 bcs 4.5 이상은 우선 식단으로 빼라네 4.5 이하라고 한다면 그래도 어 운동을 올바르게 해서 근육이 빠지지 않게 하면서 살을 빼라네 그래서 어 일단은 오르 막기를 너무 길게도 안 하셔도 돼요 하루에 5분 정도네 5분 네네네 5분 정도 한번 왔다 갔다만 해 주시고 그리고 이제 그 피포는 운동 기고 있잖아요 아이들 그 위에서 이렇게 균형 잡으면서 근력 운동하는 거 그거 위주로 해 주셔도 좋아요 균는 거음 저도 항상 말씀드립니다 다이어트하거나 관절이 심하게 안 좋은 경우가 아니라면 오르막길을 걸어라네 오르막길 왜 오르막길 걸어야 돼요 우리가 생각해 보면 우리가 등산할 때 다음날 어디가 제일 아파요 여기죠 여기 그이이 대퇴 사두근과 뒤에이 햄스트링네네 그렇죠 그러니까 위아래를 평지에 걸을 때보다 훨씬 더 많이 쓰게 돼요음 그러다 보니까 자동적으로 근육도 더 많이 생기고 그래서 평지 걸으면 사실 근육이 그렇게 많이 붙지 않아요 그렇죠 이게 근육이 커진다고 하는 건 결국 내가 평소에 받는 부하보다 더 큰 부하가 가야지만 근육이 커집니다 그래서 우리가 보통 사람들은 운동할 때 아령이나 바벨 같은 거를 들고 운동을 하는 건데 강아지들이 아령을 드는 거는 불가능하니까 그럼 평소보다 더 많은 체중 부화를 일으킬 수 있는게 무엇이냐 오르막길이다 근데 조심해야 될 건 내리막길이라 계단이에요네 그렇죠네 내 내리막길은 왜 안돼요 이게 아이들이 앞으로 체중이 쏠리다 보면 어깨 관절에 무리를 줄 수가 있어요네 오히려 이렇게 앞으로 쏠리다 보니까 어깨가 이렇게 올라가게 되는 거죠 여기에 이제 체종 부화가 많이 가면서 문제를 일으킬 수 있기 때문에 내리막길이 계단은 조심하셔야 된다네 저희가 다이어트를 하는 친구들한테 다이어트 사료를 추천하는 경우가 많습니다 그죠 근데 또 문제는 다이어트 사료를 맛있게 만들려고 노력은 하지만 안 먹는 아이들이 있단 말이죠 그죠 근데 꼭 다이어트 사료 먹어야 되나요 저는 개인적으로 예전에는 반반이었는데 이번에 비만 클리닉을 해보면서 확실히 느낀게 아 그 짧은 시간 만이라도 빼야 되는 그 기간까지만이라도 다이어트 사료를 먹는게 더 좋다고 생각이 들었던게 실제 경험상 경험상 왜냐면 이번에 저희도 열 마리가 이제 황급 챌린지를 했어요 황급 챌린지는 성공하면네 환급해 주는 그거 몇 마리 성공했으니까 지금 일단 열 마리 중에 완료된 친구들이 아직 없거든요 근데 지금 두 마리 그나마 그 기간이 완료된 두 마리가 황급 받았어요 지금 나머지는 아직 지금 진행 중이거든요 왜 왜 회사 입장에선 되게 안 좋은 일인데 기분이 좋지 그니까 저희가 처음에 첫 번째 때 상담을 하고 50일 후에 어느 정도 체중이 빠졌는지를 한번 더 체크를 해요 저랑 상담을 하면서 근데 50일째 조금이라도 체중 변화가 있던 친구들은 전부 다 다이어트 사료를 먹었던 친구들이었어요 아 최수 이사가이 직접 경험하고 다이어트 클리닉을 하면서 한 걸 봤더니 실제로 그러네요 대부분의 사료들이 반 100g 기준에 400kc 동결 건조는 조금 더 높아요 그죠네 450k 어 다이어트 사료들은 대부분 한 100g 330kcal 정도밖에 되지 않는다네 그리고 약간의 포만감을 채워줄 수 있다네음 그래서 실제로 제가 사료를 갖고 오긴 했거든요 이게 그냥 일반 사료에요 일반 사료인데 뒤에 보시면 100g 당 400칼로리 이건 100g 당 400네 그럼 대부분도 한 400에서 전후 전후 해봤자 한 395 435 정도 이렇게 된다면 요런 다이어트 전용 사료는 100g 당 한 330 밖데 그렇게 생각해보면이 사료를 100g 먹어야 되는데네이 사료는 120g 먹을 수 있는 거예요 아 그러면 좋은게 결국에는 배부름으로 생기는 정신적인 건강 그죠네 우리도 항상 배고프면 미미해요네 그래서 저도 아이도 기억납니다 우리 김원장님 정말 좋으신 저 인턴할 때 정말 좋으신 저희 선배이자 어 원장님이 지금도 너무 좋으신데 딱 한번 예민했던 적이 있으세요 바디프로필 실 때였습니다네 그때는 좀 예민해 지셨어요네 근데 그래도 안 먹는다 아 이게 그래 다이어트 사료 좋아 근데 그래도 안 먹는 다음면 어떻게 해야 돼요 이게 다이어트용 습식이 따로 있어요 아 이것도 똑같이 다른 습식 그보다 칼로리가 조금 낮아요 근데 이게 더 효과 있잖아요 그냥 건사료 다 습식이 더 효과 있잖아요 그렇죠 왜 그러냐면 생각하면 우리도 그냥 밥이랑 반찬을 먹었을 때보다 국밥을 먹었을 때 조금 더 든든해요 그죠 그러네 그죠 그게 왜 그러냐면 어쩔 수 없이 수분이 많이 들어 있기 때문에 우리 위에서는 포만감을 느낄 수밖에 없어요 그래서 똑같은 양을 먹어도 수분양이 훨씬 많은 사료들이 아이들한테 더 많은 포만감을 줄 수 있는 거죠 물론 이거 다 좋은 건 아데 이걸로만 먹이려면 너무 비싸요네 돈이 많이 들죠 그래서 최대한 우리 아이들이 좀 효자 효녀가 돼 주려면 어네 다이어트 건사료를 좀 먹어줬으면 좋겠다네 섞어네 그래서 저는 섞어서 먹는게 가랑 베스트예요 이거랑 이거랑네 어 그래서 실제로 이렇게 섞어서 먹은 아이들이 스트레스 없이 더 잘 뺐어 음 이게 실 지방이어요 그니까 런 다이어트 사 특징이 고단백에 저지방에 고시기 섬유가 들어 있는 사료들이 탄수화물은 원래 조금 적으니까네네 그러다 보니까 지방 맛이 없어지니까 아이들이 진짜 별로 안 좋아하는 경우가 있거든요 근데 그럴 때 이런 식이랑 같이 섞어 주시면 그 비용적인 부담도 조금 줄면서 아이들의 기호성도 높일 수 있는 그런 방법이라고 저 생각합니다 다이어트 사료와 다이어트를 섞어서 기호성을 높여주고 포만감을 더 높여주면서 식단 조절을 하는 방법이 가장 편리하고 효과적인 방법일 것 같다라는 생각이 듭니다 자 그러면 또 하나 궁금증이 있어요 어 사료의 급여 횟수나 급여 방법은 좀 어떻게 해야 될까요 사실은 가장 이상적인 방법은 일단 제한 급식은 필수적이고 이건 아마 다들 아실 거예요 그리고 하루에 두 번 12시간 간격으로 밥을 주시는게 가장 좋아요 왜 그러냐면 얘네가 우리도 막 공복 다이어트 이런 거 하잖아요 혈당 피크 막 이런게 있잖아요 네네네네 그리고 공복 씨에 약간 지방을 태우는 그런 막 신진대사 막 이런 것도 활발하게 일어나기 때문 나 어제 느꼈어요 혈당 떨어지면서 막 그 몸이 떨리고네 이런 걸 느꼈었습니다네네 그것 때문에 사실은 그게 가장 좋은데 이게 안 되는 친구들이 있어요 막 그죠 밥 주면 그냥 후르룩 마셔 버리는 애들 그런 친구들한테는 하루에 세 번에서네 번 정도 똑같은 양을 나눠서 주시면 얘네들 입장에서는 똑같은 양을 먹어도 조금 더 많이 먹었다고 생각을 할 수 있거든 음 그래서 공복 시간도 조 줄다 보니까 아이들이 헐떡거리지 않고 막 뭐 밥 간식 달라 뭐 달라 막 이러면서 이들 막 엄청 예민해지지아요 진짜 저희 행동 진료 하다 보면 우리 최수 이사가 영양학 진료만 보는 것도 아니 이제 행동학 진료도 같이 보는데 저희가 항상 느끼는게 배고픈 애들이 문제 행동 많이 보여요 맞아요네 그러니까 뭔가이 욕구 충족이 안 됐기 때문에 짜증도 더 많고 그리고 쓰레기통을 뒤진다 그나 아니면 관심 끌기 지금이나 관심 끌기 행동 그니까 편안하게 혼자서 쉬는 시간이 적은 거죠 맞아요 그 산책할 때 뭐 먹고 어 맞아 산책할 때 이식증 생기는 경우 진짜 많고요 이거 포만 감만 줘도 안 하는 애들이 대부분입니다 그래서 이거를 꼭 한번 하루 두 번 12시간 간격으로 주는게 가장 좋지만 이걸로 인해서 문제행동이 보인다라고 한다면 세네 번 좀 나눠서 주시면 조금 더 도움이 될 수 있다네네 자이이 질문 무조건 이거는 다이어트 하는 친구들한테 보 여러분들이 무조건 물어볼 것 같고 그 가장 또 가슴 아파하는 부분인데 간식 무조건 끊어야 됩니까 근데 저는 안 끊어도 돼요 대신에 아까 앞에서 말씀드린 다이어트 사료를 꼭 급여해 주셔야 되는 게다 어쨌든 간식도 칼로리가 생각보다 나가잖아요 그러니까 사료 양을 다이어트 사료로 칼로리는 낮추면서 조금 양을 줄이고 그 나머지를 간식 칼로리로 채워서 얘가 처음에 빼야 되는 그 칼로리 먹어야 되는 칼 만 맞춰 주셔도 아이들이 굳이 스트레스 없이 뺄 수 있어요 어 약간 사람으로 보면 치팅데이 같은 거네요 응 그죠 조금 조금씩은 좋아하는 것들을 주는데 가장 중요한 건 뭐냐 전체 칼로리는 똑같이 유지를 해 주셔 일정해야 된다네 근데 여기서 간식을 선택하실 때도 정말 중요한 부분이 있어요 그 대부분 말린 육포 간식을 많이 주시더라고요 이거 위험하죠네 이거 정말 큰일 나는게 예를 들면 우리가 생각해 보면 요만한 닭가슴살 말리면 얼마 해져요 이것 해지죠네이 요만 해져요 근데 보호자님은이 전 단계를 생각 안 하시고 난 요만큼만 줬어라고 생각을 하세요 사실 이만해 이만한 거에서 요만해지는 거는 물이 날아가서 이렇게 되 거고 물은 칼로리가 없기 때문에 사실 이만한거나 이만한거나 칼로리는 같은 거죠 똑같아요 근데 이만한 거를 이제 요만큼 양을 주시는 거예요 아 이게 우리가 이걸 꼭 알아야 될 것 같아요 왜 우리가 시중에 파는 것들은 수분이 없을까 그니까요 포관 때문이잖아요네 아무래도 조금 복잡해요 냉장 보관해야 되는 것들도 많고 그러다 보니까요 유통 과정도 더 복잡하고 돈도 많이 들고 하다 보니까 우리가 최대한 수분이 없는 간식들이 시중에 많이 판매가 되고 있는 거고 근데 크기는 작아 보이니까 좋는데 칼로리는 엄청 높은 상태다 네네 그래서 저는 최대한 수분기가 많은 말린 간식보다 그 약간 적 키류의 그 트릿 같은 제형 있잖아요 아이 이거 한번 보여 이거죠 이거 이거 이거 한번 보여드네 우리 핑구가 핑구 있는지 모르셨죠 핑구 최애가 식이에요네 이런 거 말씀하시는 거죠 네네 보시면 정말 말랑해요 이거 우리 거 아니에요네 놀로 거 아닙니다네 이거 홍보하려고 하는 거 아니에요 실제로 정보를 알려 드리려고 말랑말랑하고 이런 것들은 수분이 들어가 있다는 거 아니에요 이게 조금 더 포만감을 줄 수 있고 뭐 같은 부피에서 칼로리가 더 낮을 수 있다네 그리고 또 육포 같은 간식을 먹으면 안 되는게 뭐냐면 말린 간식들은 위상 분비를 좀 촉진을 시켜요 어 아 이거 나도 생각을 못 했다네 그러다 보니까 소화액이 더 많이 분비되면서 우리도 약간 위산 더 많이 분비되면 막 속이 더 배고프잖아 꼬르륵 소리도 나고네 이게 가끔 배고픈 건지 속이 쓰린 건지 모를 때가 있어요 맞아 그러니까 아이들 입장에서는 뭐 별로 배가 찬 거 같지도 않은데 속은 쓰리고 이러다 보니까 먹은 먹었는데도 먹은 거 같지가 않은 거죠음 그러기 때문에 더욱 더 소화가 편한 이제 좀 촉촉한 간식을 급여해 주시는게 좋습니다 그리고 직접 만든 수재 간식을 급여해 주시는 보호자님들도 계세요음 네 아까 말씀드린 것처럼 수제간식 자체가 수분 함량이 굉장히 많기 때문에 아이들 포만감도 주고 건강할 뭐 건강한 재료로 만들기 때문에 좋지만 문제는 이게 우리가 생각하기에 우리는 한 얘가요 정도 먹어야 된다 생각을 해요 그렇지만 사실 얘는 요만큼밖에 먹으면 안 되는 거죠 일반적인 수제 간식들이 어네네 그래서 생각보다 수제 간식 양이 정말 많아요 왜냐면 우리 눈에 보이기 어 얘가 저거 먹고 될까 그거 맨날 우리 우리 입장에서 생각하잖아 우리 위 크기를 생각하잖아요 근데 얘네는 생각보다 그 하나의 간식을 일주일에 나눠 먹어야 되는 경우도 있어요 요렇게 핑구 같이 조그만한 친구들은 그거 하나 먹으면 큰일 알라요음 예전에 제가 진짜 웃겼던 적이 있어요 우리 세나에 갔는데 애가 밥을 안 먹는다 보 내가 둥 한 거예요 봤더니 고구마 말랭이를 그니까요네 하루에 한 열 개씩은 먹고 있었어요 다 고구마 살 맞아요 막 블루베리 막 하루에 열 개 넘 개 먹고 얼마 전에 갔던 절에도 봤더니 친 고구마 이런 걸 하루에 몇 개씩 먹어서 고구마만 끊어 주세요라고 했더니 진짜 살 빠졌어 맞아요 고구마만 끊으세요고 하고 나머지 다 똑같이 했는데 진짜 살 빠졌어요 그래서 요거는 아이들의 그 권장량에 맞게 그래서 저는 어떻게 판단을 하냐면 우리 이빨이랑 얘네 이빨 크기를 한번 생각해 보시면 비율이 나와요 어 사실네 1밖에 안 돼요 그래서 우리 기준에 예를 들면 도너츠 한개 크기예요 그러면 이거에 1분이 얘 그냥 하루 간식인 거예요네 그렇게 계산해 주시면 가장 편합니다 그다음에 이제 포만감을 주 시려고 야채를 급여하시는 분들이 많으세요 근데 문제는 야채를 너무 많이 먹으면 아이들이 소화를 못시켜서 그죠 체 소화 효소가 없잖아요네 그래서 삶아서 잘게 다져 주시거나 아니면 발효된 야채를 급여해 주시는게 좋고 전체 식단 양에 10% 넘어버리면 소화를 방해해요 그니까 영양소 다른 영양소들이 흡수될 수 있는 그런 걸 다 맞기 때문에 저는 너무 많은 야채는 급여하지 않는게 좋다고 생각을 합니다 자 그러면 마지막으로이 질문이 사실 저희 집에도 많이 있습니다 왜냐면 저보다 저희 와이프가 관심 있는 분야기 때문에 그 다이어트 보조제들이 엄청 많아요 맞아요 사람 엄청 많잖아요네 뭐 실제로 효과 보시는 분들도 계시고 그러면 강아지에서 좀 다이어트에 도움이 될 수 있는 보조재 같은게 있을까요 사실은 막 되게 여러 가지 보조제가 있기는 해요 근데 그거를 굳이 다이어트 때문에 챙겨 주실 필요는 없다고 생각해서 그 중에서 몇 가지 정말 아 이건 챙겨 주셨으면 좋겠다 하는 것만 말씀을 드리자면 첫 번째는 카르니틴이 성분이에요 근데 이거는 지방 연소를 도와줘서 사람도 운동할 때 이거 먹으면 잘 빠진다 어네네네 있어요 저 있는 거 같아요 저희 집에네 그런데 대부분 다이어트 사료에는 이걸 첨가를 해 줘요음 그래서 굳이이 보조재를 따로 구매하실 필요는 없고 다이어트 사료를 먹인다면 이거는 굳이 뭐 추가할 필요는 없을 것 같다네 근데 만약에 다이어트 사료를 안 먹이실 때는 대부분의 심장 관련 영양제에이 엘카르니틴이라는 성분이 들어 있어요 심장 말고 심장 여기 심장 네심장 그래서 심장 관련 영양제를 먹여 주셔도 좋고요 그다음에는 이제 항산화제에 항산화제는 왜 그러냐면 아무래도 지방 세포가 많다 보면 지방 세포에서 염증 물질을 분비를 하게 돼요 그러다 보니까 만성 염증이 생기고 그러다 보니까 만성 질환에 걸릴 수 있어서 항산화제를 같이 먹여 주시면 이런 염증 예방에 도움을 줄 수 있고 오메가 3도 마찬가지로 만성 염증 뿐만 아니라 혈액순환 개선에 도움을 주고요 그다음에 이제 비만인 아이들은 콜레스테롤 수치가 조금 높게 나올 수 있어요 그래서 콜레스테롤 수치를 낮추기 위해서 오메가 3를 급여해 주시는 것도 좋습니다 아네 아 오늘 제가 그 다이어트에 대해서 그동안 이제 많은 댓글에서 최수희 사님의 영양학 관련 그런 시리즈 원하시는 분들이 많은데 저희가 이제 딱 시작을 했잖아요 근데 저도 너무 재밌었어요 모르는 것들도 있었고 배워가는 것들도 있어서 너무 재밌었고 우리 아이들 뚱뚱한 귀엽지만 건강을 위해서 해야 되는 아이들이 거의 한 60% 이상일 거거든요네 그래서 너무 스트레스 받지 마시고 오늘 우리 최수 이사님이 말씀해 주신 거 차근차근 하다 보면 조금씩 살이 빠지는 우리 아이들을 보실 수 있을 것 같습니다 이제부터 꾸준히 우리 최민경 수의사님이 영양과 관련된 궁금증 풀어 주릴 테니까요 기대 많이 해 주세요 그러면 저희는 다음번에 더 좋은 정보로 찾아뵙도록 하겠습니다 또 놀러오세요 안녕,
93,https://www.youtube.com/watch?v=tEoipSwbZQE,tEoipSwbZQE,"The welfare of French veterinarians! I personally checked it out 🕵️‍♂️ | Seol Chae-hyun, behavior...",설채현의 놀로와 ,"저희가 이제 다음에는 로얄 케인의 캠퍼스 그 안에 또 이제 패 센터가 있거든요 같이 가보시죠이 제네바 아유 너무 좋겠다 애들 드디어 로얄 캐닌 a 본사점 몽펠리에 있는 본사에 도착을 했습니다 여기 캠퍼스라고 부르는데요 근데 들어왔는데 진짜 느낌이 약간 공장이나 회사 같지가 않고 약간 대학 같은 느낌이 좀 듭니다 한번 이제 들어가서 확인을 해 보도록 하겠습니다 가시죠 아 진짜 뭐야 너무 나무랑이 그냥 그림인데 패 센터 이렇게 룰이 적혀 있습니다 저희는 비디오 찍을 수 있게 허가를 좀 받았고요 좀 아쉬운게 만질 수 없고 맛있는 걸 줄 수도 없고 그래도 아이들을 위해서 그런 건 감수해야죠이 이 쟤네 봐 아유 너무 좋겠다 얘들 방목 돼 있는 양들을 보는 거 같아 안녕 역시 여기서도 다 통합니다서 있는 거보다 앉았을 때 아이들이 차분해지는 거 근데이 공간도 지금 씨랑 나무랑 뭐 다 너무 좋은데 사실 이건 그냥 앞마당입니다 저 뒤쪽에 우리가가 보지는 못하는데 12,000평 정도의 아이들이 줄을 풀고 놀 수 있는 공간이 있다고 합니다 와 진짜 그냥 하루 종일 저렇게 냄새 맞고 뒹 굴고 제 한번만 봐 주세요 아주 널부러져 있습니다 제처럼 저 잔디밭에서 그냥 누워 있고 싶어요 아 진짜 너무 좋아 일어나고 싶지 않아 우선 가장 먼저 보이는 건 아이들의 몸매가 완벽합니다 하루 매일 적정량을 올바르게 제공을 해 주다 보니까 수의사들이 항상 bcs 하잖아요 바디 컨디션 스코어 그게 너무 좋아요 그리고 피모가 정말 윤기가 나고 좋은 상태인게 그냥 육안으로도 확인이 잘 돼요 그리고 당연히 표정이나 이런 데서 막 만성 스트레스나 이런 것들도 느껴지지 않고 아까 보니까 저기 구멍이 있어요 강아지들이 좀 쉬고 싶을 때나 이럴 때는 스스로 들어가고 나와서 햇빛고 바깥공기 마시고 싶으면 자기 스스로 나와서 이렇게 뛰놀고 어떡해 그림이다 그림 진짜 여기가 그냥 강아지들의 파라다이스 아닌가이 아이들이 2개월에서 4개월 정도 여기 와서 한 6년에서 7년 정도이 공간에서 생활을 하고 그다음에 일반 가정으로 입양을 간다고 합니다 근데 일반 가정으로 입양을 가도 여기서 노는게 더 재밌을 것 같다는 생각도 도시로 들어가는 거보다 12평의 운동장과 이런 앞마당과 또 어떻게 보면은이 안에서 다 이렇게 케미가 맞는 아이들끼리 지금 같이 놀게 해주시기 때문에 그런 부분들도 걱정은 없을 것 같고 사실은 우리는 이런 공간을 돈 내고 빌려서 가잖아 우리 강아지들이 이렇게 뛰어서 놀게 해주고 싶어 가지고 비싼 돈 주고 독체 펜션 빌려 가지고 놀러 가는데 저분 너무 부러워요 진짜 센터 앞에 이렇게 설명이 적혀 있는데 패 센터는 지금 여기 프랑스에 하나가 있고 미국에도 한 개가 있다고 합니다 근데 오늘 저희가 온 곳에는 직원들이 39명 개들이 한 160마력 고양이가 한 21마리 걔들의 종은 35종 고양이는 24종 그 많은 분들이 강아지를 이렇게 하면 이걸 어 얘네들 불행한 거 아니야 아니면 얘네들 뭐 심심한 거 아니야 이렇게 생각할 수 있는데요 제가 항상 강아지들은 예측 가능성이 없기 때문에 가장 중요한게 루틴이라고 말씀을 드리는데 지금 보면 하루의 루틴 어펙션 앤 플레이 세션 아까도 살짝 봤었는데 관리해 주시는 분이랑 같이 스킨십도 하고 노는 시간들을 가지게 되고 산책과 수영 시간도 있다고 합니다 공사 중이긴 하지만 수영장도 아주 넓게 있다고 하고요 제일 중요한 시간 근데 밥을 먹으면서 이렇게 기호성 테스트 같이 하고 또는 샘플링해서 여기서 이제 또 뭔가를 확인을 하겠죠 그리고 아 매일매일 이런 걸 하나구나 건강 체크업 계속하게 되고 그루밍도 하고 이제 또 상책 시간 가지게 되고 또 밥 먹고 쉽니다 내가 이렇게 살고 싶은데 여기도 한번가 볼까 이런 것들을 관찰한다 아이들이 이제 밥을 먹으면서 기호성 관찰도 하고 소화 능력 같은 것도 같이 확인을 하고 어 이거는 퀴즈 같은데 위에가 고양이 밑에가 개인데 이거는 조금 기다리다가 우리 미철 쌤이 오면 같이 누가 더 많이 맞추는지 한번 해보겠습니다 다 맞출 수 있을 것 같은데 여기 로얄캐 이런 앤가 어떤 맞춤 영하고 영향 설계적인 측면에 있어서 어떤 역할을 하고 있는지 좀 궁금합니다 our teach US so much about what formul they find appealing interesting palatable enjoyable we learn so much valable information about the digestibility of our formulas from the pets in our care As well as ENS the formul for urin tra toed AS As well Of course We have only healthy pets staying here with us but As you know we we also create nutritional solutions and and services for pets with health conditions So In these instances when we need to really understand the specific health needs of a pet with a condition And how our solutions perform in those pets and serve their needs we partner externally [음악] 다른 사와 로닌의 이런 전문성 아니면 뭐 차별성이 어떤 것들이 있는지 알고싶습니다 [웃음] veterinary nutritionist some of the things that come to mind for one is really that we guided putting cats and dogs needs first in everything we do from Start to to finish and and this means that we don't We're not obliged to really follow market trends we always adh to what we kind of consider our north cats need phosh based in science in fundamental nutritional science and always keeping up with current knowledge literature and and evidence the other Which I found so impressive since joining R is really such an attention to Quality we we really hold ourselves to very high standards inmc form 한국에서도 같은 이야기를 저 들었었거든요 품에 대한의 집착에 대해서 전세계 로얄이 동일한 수준을 유지하고 있다는게 정말 느껴지네요 than than이야 이분이 이제 공장에서는 사진으로만 봤던 로얄 케니의 아버지 장 카타리 님이십니다 그리고 로얄 캐이게 한 셰퍼트 강아지 그때는 선글라스를 끼고 계셔서 더 카리스마 있었는데 이걸 벗으니까 또 더 푸근한 느낌도 있는 거 같고 멋지시네요 사진 한번 찍고 저도 꼭 이번에 심포지움도 참석하고 여기 와서 학술적으로 연구도 많이 하고 그걸 통해서 우리 반려동물들의 복지도 향상시키는 그런 회사를 만들어서 나중에 이런 장카 아리 벤치처럼 뭔가 설 벤치 같은게 생길 수 있으면 너무 좋겠다 이런 생각이 드네요 열심히 기 받아가겠습니다 패 센터에 방문을 해서 한번 쭉 견학을 한번 했습니다 제가 우선 너무 즐거운 공간이었어요 날씨도 좋고 아이들도 보고 아 뭔가 환경이 너무 잘돼 있고 저희 행동학 하는 수의사아요 아이들의 표정을 봤을 때 정말 즐겁고 행복하게 생활하면서 다른 친구들의 연구를 위해서 도움을 준다 그러면서 자기네 들도 정말 행복하게 뛰어놀고 사람들의 관심과 사랑을 듬뿍받고 있구나라는 생각이 들었습니다 이렇게 돌아보니까이 공간 자체가이 장카 아리 수의사의 연구와 개발 그리고 휴먼 애니멀 본드의 철학이 담긴 곳이이 공간이 아닌가라고 생각을 했고요 제 롤모델로 삼고 저도 열심히 해서이 패 센터보다 더 발전된 유기견과 함께 할 수 있는 패 센터라 그나 이런 걸 만드는게 전 꿈이 됐습니다 뭐 열심히 해서 저도 렌도 생각하고 강아지들의 복지도 생각하는 멋진 수의사가 돼 보도록 하겠습니다 설쌤이 먼저 고양이 문제 한번 풀어보 오케이 고양이가 당신의 다리에 비비는 건 나에 대한 이렇게 좀 긍정적인 사랑을 표현하는거다 이거는 제가 알기로는 예 파링 그 그 우리 뭐라고 하죠 고르릉 고르릉 골 어 이거는 제가 예전에 배운게 있어 무조건 좋을 때만 하는 거는 아니다라고 알고 있어요 고양이들이 음식을 고르는 건 맛에 기반해서 한다 이것도 제가 알기로는 맛이 아니라 후각이 우선이다 알고 있는데 후각이 우선이다 어 한번 보죠 결과 여기서 볼까요 터 자 하나 둘 셋 와 맞았네 아 이것도 한번 열어 볼까요 아 떨리는데 하나 둘 셋 엑 아 출산했을 때도 어미 고양이가 아픔을 읽기 위해서 그때도 걸고 수없 걸 내거든요 어 다 맞을 것 같은데 이게 이게 제일 쉬운 거 아닌가 보통 우리 이렇게 애들 와서 비비면 좋아하는 건 뭐야 어 왜 형도 아니라고 생각했나요 아 아 이거 이렇게 아 이거 약간 애매하다 근데 이거 약간 꼬 거 같아 영역 표시하는 거라고 어 영역 표시 이거 그니까 내 다리를 비비는 건 찜콩 이잖아 어 너 내 거야 그죠 그런 건가 그럼 영역 표시한다고 너 좋은 건 아니야 고양이들은 그럴 수 있잖아 아 어 진짜 나쁜 애들이네 은 발랐지만 약간 오장 말리네 그렇죠 그렇죠 [음악]",
94,https://www.youtube.com/watch?v=FrNUqIGQX3A,FrNUqIGQX3A,"Puppy Class... No, just go see the cute puppies 🤗 | Seol Chae-hyun, behavioral veterinarian",설채현의 놀로와 ,이 시기를 어떻게 보냈느냐에 따라서 변생 20년이 달라지는데요 면역력이나 소화 기능 뭐 이런 것들 뭐 그리고 뇌도 성장을 하는 시기기 때문에 자극 뒤에 긍정적인 경험이 일어난다는 걸 좀 알려줄 거고 5개월 이전에 많이 만들어 주면 훨씬 더 아이들이 행복할 수 있는 거죠 오래 기다리셨습니다 저희 놀로 원데이 퍼피 클래스에 오신 것을 환영합니다네 저는 설수 이고요 오늘 우리 아이들한테 제일 중요한 시간이에요 이걸 듣느냐 안 듣느냐에 따라서 견생 반려 생활의 행복이 완전히 달라질 수가 있습니다 오늘 저를 도와주실 선생님 두 분도 한번 소개시켜 드리겠습니다네 안녕하세요 저는 롤로의 김성진 트레이너입니다 반갑습니다 안녕하세요 저는 같이 롤로에서 일하고 있는 박수빈 트레이너라고 합니다 오늘 또 처음 만났으니까 보호자분들과 아이들에 대해서도 한 번씩 얘기를 들어봐야 될 것 같아요 안녕하세요 저는 어 라비 보호자 이한 음이라고 하고 라비는 이제 5개월 됐습니다 잘 앞으로 지내보고 싶은 마음에 클래스 참여하게 됐습니다 잘 부탁드립니다네 반갑습니다 안녕하세요 저는 복땡이 보호자 최지숙이라고 하고요 이제 4개월 됐고 호인데 처음 강아지를 키워봐서 기초 지식이 많이 없어서 좀 배우러 왔습니다네 저는 9월이 보호자 이창민이 하고요 지금 진돗개 블랙탄 종류고 이제 딱 두 달 됐습니다 저도 처음으로 발려견 키워 보는데요 이번 기회를 통해서 잘 배웠으면 좋겠습니다네 저희가 첫 시간은 아이들 직접적으로 우리가 교육하기 전에이 어린 시기에 가장 중요한 거 영향에 대해서 간단하게 한번 알려 드리고 그다음에 재밌는 놀이와 교육을 들어가 보도록 하겠습니다 우리 사람들은 몇 년 동안 크죠 20년 거의 20년 뭐 한 15에서 20년 사이또 동안 정말 천천히 성장을 합니다 그런데 강아지들은 어떻죠 1년네 거의 1년 안에 성장이 다 끝나요 그니까 되게 짧은 시간 안에 급속한 성장을 이루게 되는 거죠 그러다 보니까 당연히 제일 중요한시기 있죠 특히 영양학적으로 면역력이나 소화기능 뭐 이런 것들 뭐 그리고 뇌도 성장을 하는 시기기 때문에 이때 영양분이 불균형하면 작게 크는게 아니라 허약하게 커요 강아 들을 계속 이렇게 커가면서 소화 기능도 점점 완성돼 간다고 하셨는데 라비가 가끔씩 좀 묽은 변을 볼 때가 좀 있어요 혹시 그런 소화에 도움이 되는 영양학적 그런 지식이 있으면 말씀해주시면 아 설사를 하는 이유에는 되게 여러 가지가 있을 수 있습니다 삼투성 설사라고 해서 너무 많이 먹었을 때도 오히려 수분이 장 쪽으로 빠져나오면서 설사를 할 수 있고 아니면 좀이 소화 기간의 건강이 좀 안 좋아서 그럴 수도 있고 전 연령에서 설사가 가 있거나 할 때 우리가 조금 도와줄 수 있는 방법은 들어보셨을 거예요 유상균네 맞아요 유산균도 되게 종류가 많잖아요 특히 이제 어린 나이에는 프리바이오틱스라고 해서 유산균들이 먹고 잘할 수 있는 먹이 이런 것들을 좀 제공을 해 주면 장 건강에도 도움이 되고 소화 기간의 건강에도 좋은 영향을 줄 수가 있습니다 똑똑한 강아지로 이제 키우고 싶은데 분해에 좋은 영양소가 있을까요 아 이거 진짜 사실 저도 되게 추천해요 저희 아이 들이 꼭 똑똑하지 않더라도 신경의 발달에 잘 안 되거나 이런 동물들이 더 많이 불안하기 때문에 가장 첫 번째 추천하는 건 오메가 3입니다 신경 발달에 오메가 3가 되게 중요하고 오메가 3가 들어 있는 사료를 준다거나 아니면은 영양제를 좀 추가해 주는 것도 이런 신경계 발달에 상당히 좋은 영향을 줄 수 있습니다 저희 월리가 이제 8주차 정도 됐는데요 면역력에 좀 좋은 그런 영양소는 어떤게 있을까요 아 맞아요 또 딱 좋은 질문인게 구월이 같은 경우에는 지금 접종이 다 거의 끝나가지만 하고 있단 말이에요 저는 항상 그렇게 추천을 드려요 저 미국 갔을 때도 교수님이 어떻게 얘기하냐면 전염병에 걸려서 죽을 확률보다 사회화를 하지 않아서 문제행동을 보이고 버려져서 안락사 당할 확률이 높다 그니까 우리가 어느 정도는 접종이 끝나지 않았을 때 리스크를 가지고 산책도 하고 사회화를 해야 된다는 건데 그 리스크를 줄이는 방법은 면역력을 높이는 방법입니다 면역력을 높일 때 좋은 거는 비타민 c 비타민 E 같은 항산화제가 있을 거고 베타카로틴 같은 것들 면역력을 높이는데 도움을 줄 수가 있어요 저는 솔직히 성장하는 우리가 한 1년까지는 잘 만들어진 퍼피 사료를 급여하다라고 항상 말씀을 드립니다 앤가 잘 돼 있는 그런 사료들을 저는 추천을 많이 해요 왜냐면 이거는 연구를 꾸준하게 하지 않으면 쉽지 않거든요 제가 행동학 공부하면서 부터 영양학에 대한 중요성 특히 퍼피 시기의 영향의 중요성을 알고 있기 때문에 같이 하고 있는 거예요 진짜로이 나이 때의 영향 균형이 잘 맞는 사료를 주고 방금 질문하신 것들이 다 들어가 있는 그런 로얄케이 퍼피 사료를 추천을 드립니다 계속 이제 말씀드리지만 이 나이 때는 적게 줘서 적게 크게 하면 안 되고 올바른 균형으로 올바른 양을 주면서 아이들이 내가 유전적으로 가지고 태어난 크기를 충분히 그 성장을 다 이룰 수 있게 해 줘야지만 나중에 병원 덜 가고 불안이나 이런 것도 다 연관될 수 있어요 제가 보면 어렸을 적에 적게 먹었던 아이들이 소요 공격성이 일어날 가능성도 훨씬 더 높아요 그만큼 영향이 중요하다라는 걸 다시 한번 강조를 드리고 행동학적 우리가 한번 생각을 해 볼게요 사회화 식이라 거 들어보셨어요네네 강아지들 몇 개월부터 몇 개월까지 가장 중요한 사회화 시일까요 1년 안으로 3개월부터 6개월 2개월부터 6개월 근데 2개월부터 4개월까지 근데 사회화가 끝나는게 아니라 사회화가 가장 쉬운 시기예요 보통 걔들은 5개월 넘어서 처음 만나는 자극들은 나쁠 거라고 생각하는 거죠 왜냐면 그래야지 생존 확률이 높아져요 만약에 사람이랑 안 살았잖아요 그럼 보통 5개월 정도 되면 엄마한테서 독립을 해요 그럼 5개월 까지 모견이 돌아다니면서 모견이 했던 거 괜찮다라고 하는 건 평생 괜찮을 가능성이 높고 그 뒤에 만약에 야 이것도 재밌겠어 하고 해 버리잖아요 그럼 죽을 확률이 높아요 그렇기 때문에 대부분의 강아지들이 5개월 이전에 긍정적으로 경험한 건 평생 긍정적일 가능성이 높고 5개월 이후에 처음 만나는 건 우선 나쁠 거야라고 생각할 가능성이 많은 거죠 라비 같은 경우에도 처음에 딱 왔을 때 라비가 어떤 행동을 했었어요 좀이 좀 탐색하고 경계하고 색하 나쁠 수도 있어라고 보기 시작한 거예요 아 있어 보니까 어때요 괜찮아 가지고 괜찮아졌어 그러면서 잘 놀죠 라비가 이제 5개월 되니까 이런 성향이 보여지는데 우리가 사회와의 목적은 지금 라비가 보이는 행동 같은 걸 만드는게 목적인 거예요 무조건 노출시키는게 아니라 끝이 긍정적이에요이 경험을 5개월 이전에 많이 만들어 주면 사람 사회에서 적응하면서 살아갈 때 훨씬 더 아이들이 불안하지 않고 행복할 수 있는 거죠네 저희 그러면 이렇게 말로 하는 거 재미 없잖아요 이제 직접 우리 보호자님들도 같이 하면서 우리 아이들과 과 재밌게 사회와 교육도 하고 노는 시간을 가져보도록 하겠습니다 그럼 가장 중요한 건 지금 월이가 숙면에 들기 일부 직전이에요네 시작해 보시죠 2부 사회화 교육을 좀 시작해 볼 건데요 오늘 저희가 알려드릴 교육은 터치 교육 스킨십 교육 물건에 대한 여러 가지 오감에 대한 사회화 교육을 한번 진행을 해 볼 거예요 요번에 알려드릴 교육은 터치 교육인데 터치 교육의 장점은 총 세 가지가 있어요 첫 번째는 반려견을 보호자님들에게 불러올 수 있는 리콜할 수 있는 장점이 있고요 두 번째는 반려견을 보호자님에게 집중시킬 수 있는 장점 그리고 세 번째는 아이들이 싫어하거나 무서워하는 자극이 발생됐을 때 탈출구가 되는 교육이기 해요 트리스 하나 주먹 안에 줍니다 그리고 땡땡이 터치 라비 터치 이렇게 말하면서 주먹을 내밀고 라비의 코가 주먹에 닿는 순간 올치 하고 열어서 주시면 돼요 제가 라비를 한번 불러 볼테니까 저한테 올 때 터치로 불러 보세요 따비 비 터치 옳 옳지 스킨십 교육을 먼저 좀 알려 드릴 건데 되게 간단해요 자극 뒤에 항상 긍정적인 경험이 일어난다는 걸 좀 알려 줄 거고 우리 강아지들에게 스킨십은 일상에서 발생되는 스킨십이란 또 의학적으로 발생되는 스킨십이 있는데 싫어하는 자극이란 좋아하는 자극을 같이 귀를 만지면서 트릿 다 먹었을 때 같이 풀어 주시고 애들이 제일 싫어하는 데가 또 어디죠 발 하나 둘 셋 하면 발 만지고 하나 둘 셋 빼고 요번에는 동물 병원에 가면 아이들이 체열을 하는 경우들도 있어요 그럴 때 또 제일 중요한 자세죠 보정이라고 하는데 안고 옳지 아무렇지도 않아요 주세요 하나 둘 셋네 이번에는 사회야 파트를 좀 우리가 진행해 볼 건데 저희가 준비한 사회화는 이런 쇠쟁이 촉감이 소리가 나는 피아노 청각 그리고 탁구공에 숨겨 놓은 간식들을 찾아먹는 후각 그리고 볼링 핀과 우산 밑으로 들어가는 자신감에 대한 사이 파트를 준비를 해 봤어요 탱이 옳지 신경 쓰죠 그래서이 소리가 괜찮은 거다라고 계속 알려주고요 옳지 개들의 3는 소리 민감증 가지고 있어요 그래서 어렸을 때부터 소리는 괜찮 거야라고 알려주면 추후에 더 신경 쓰지 않고 클 수 있겠죠 두 번째는 이제 물 매트인데 물매트 안에서 흔들리다 보니까 아이들이 많이 무서워 하거든요 미리 해 주시면 추후에 목욕이나 물놀이 할 때 훨씬 더 좋아서 물매트 사야도 연습해 보시면 좋아요 땡이 터치 어 옳지 여기서는 이제 쇠 쟁반이 있어요 우리 아이들 엑스레이 찍을 때 되게 차가운 거 위에 올라가서 눕고 하죠 그래서이 차가운 쇠에 대해서 미리 사회화를 해 주는 거예요 비 터치 옳지 한발 밟았을 때 옳지지 옳지 옳지 옳지 옳지 쟁반을 통해서 들어오고 나면 탁구공 사이에 있는 간식을 먹고요 그저 우산 아래 있는 트리도 하나 먹고 볼링핀 사이에 간식도 먹어서 볼링핀 쓰러졌을 때 청각적인 사도 그리고 다시 나오는 것까지 옳지 옳지 옳옳 옳지 옳지 저희 오늘 저희 퍼피 클래스를 좀 특별하게 로얄캐 님과 함께 같이 한번 해봤거든요 오늘 뭐 짧은 시간이었지만 같이 한 시간들을 잘 생각하면서 우리 아이들과 반려 생활을 하시면 행복하게 가족들과 잘 살 수 있을 것 같습니다 그런 의미에서 저희가 또 선물을 좀 준비했습니다 우리 라비네 저희 로얄 케인과 함께한 원데이 퍼피 클래스 과정을 성공적으로 잘 수료하셔야 케니 스타터 키트인데요 지금이 미니 스타터는 먹을 나이는 지녔고이 인도 퍼피가 지금 먹어야 되는 사료에요 그리고 여기 가이드북에 생애주기별로 영양 관리 어떻게 해야 되는지 잘 적혀 있으니까 한번 확인해 보시고요 우리 트리 파우치 있고 똥봉투 아마 요긴하게 잘 쓰실 수 있을 겁니다 감사합니다네 유 고생했어 재밌었지 어 너무 열심히 해줘서 고마워요 [음악] 고생하셨습니다 정말 생에서 가장 중요한 시기를 고르라면 저는 진짜 한치의의 씨이 시기를 고릅니다이 시기를 어떻게 보냈느냐에 따라서 견생 20년이 달라지는데요 그러면 뭐가 가장 중요하냐이 시기의 영향과 교육과 경험이 퍼피 시절에는 면역력이 되게 중요하고 소화기의 증상이 나타나는 경우들이 상당히 많아요 그리고 또 하나 우리 보호자님들이 항상 걱정하시는 똑똑하고 불안이 많지 않게 잘 컸으면 좋겠다 이런 신경계 발달에도 중요한 영향을 끼치거든 영향 부분은 내가 따로 챙겨 주기 정말 어렵다라고 한다면 로얄 케인의 스타터 함께라면 제가이 시기에 가장 중요하게 강조했던 부분들을 다 챙기실 수 있습니다 저희 오늘 진짜 귀여운 꼬무리 그과 제가 제일 좋아하는 퍼피 클래스를 함께 해봤는데요 여러분들도 이제 강아지를 입양할 계획이시면 지금 퍼피를 데리고 계신 분들이면 꼭 따라해 보시고 더 해보고 싶으시면 저희 놀로 동물 행동 클리닉을 찾아 주시기 바랍니다 다음번에 더 좋은 정보로 찾아뵙도록 하겠습니다 또 놀러오세요 안녕 n,
95,https://www.youtube.com/watch?v=7gtUPChTcQU,7gtUPChTcQU,"📢 Try this for your sensitive, anxious dog ‼️ | Seol Chae-hyun, behavioral veterinarian",설채현의 놀로와 ,사실 다른 이렇게 불안을 낮춰주는 영양제들은 단일 성분인 경우가 많았어요 그래서 저희가 만들었죠 좋은 거 안전하게 우리 보호자분들 걱정하지 않게 다 넣자 그래서 만들어진게이 카밍 피입니다 안녕하세요 설치 여러분 롤로의 설채현 수의사 롤로의 최민경 수사입니다 저 맨날이 얘기하는 거 같은데 너무 바빠서 하고 싶은 콘텐츠들을 많이 못 하고 있어요 그러다 보니까 우리 최민경 수의사와의 샷도 정말 오랜만인 거 같은데 뭐 우리 최수 이사가 영양학 잘 알고 다이어트에 관련된 것도 많이 얘기했었고 하는데 오늘은 조금 다른 얘기들을 한번 해 보려고 하거든요 우리 최수 이사도 행동 진료 본지 지금 얼마나 됐죠 저 2년 반 정도 된 거 같아요 와 벌써 그렇게 됐구나 시간 진짜 빠르거네 진료 보면서 좀 어땠어요 어 저는 사실 진료가 되게 재밌어요 근데 정말 재밌는 이유가 뭐냐면 요즘에 행동 진료에 대한 인식이 좀 많이 바뀐 거 같아요 그래서 예전보다 조금 더 편하게 찾아주시는 거 같거든요 아 그죠 예전에는 세나게 처음 시작할 때만 해도 그런 얘기 있었잖아요이 약물 무쇠라 뭐만 있으면 약물 쓰라고 한다고 그때만 해도 막 약에 대해서 PD 님들도 그렇고 보호자들도 시청자분들도 그렇고 좀 거부감을 가진 거 같았거든요 근데 제가 이제 세나를 7년 했어요 진짜 오래됐다네 많이 바뀌었습니다 이제는 오히려 어떤 분들은 얘 약 안 먹어도 돼요라고 했는데 어 약 빠아 처방해 주세요 하고 오시는 분들도 계시고 약에 대한 거부감이 정말 많이 줄어들은 느낌이다 생각이 들거든요 우리가 약을 먹이는 이유가 뭔가요 아 정신 한 느낌인 거죠 괜찮다는 걸 알려주기 위해서죠 맞아요 결국에 불안을 낮춰 주기 위해서 낮춰 주기 위해서다 불안과 스트레스를 낮춰줌으로써 아이들이 우리가 뭔가 가르쳐 줬을 때 아니면 자기가 경험했을 때 받아들일 수 있도록 만들어 주는게 약물이다 이렇게 얘기를 하잖아요 그래서 오늘 저희가 준비한게 뭐냐 내가 뭔가 조금만 바꿔 줬을 때 우리 아이들의 불안을 낮춰 줄 수 있는 아이템들에 대해서 알려 드려 보도록 하겠습니다 그래서 저희가 첫 번째로 알려드릴 제품 뭔가요 바로 아트입니다네 이거는 행동 클리닉에 방문하신 분들 아마 많이 보셨을 거예요 저희가 항상 요걸 꼽아 놓거든요 이거의 원리는 새끼를 낳고 나서 3일에서 5일 정도 목연 나오는 페로몬의 냄새를 그대로 제현을 했다고 보면 되는 거예요 새끼들이 태어나면 얼마나 무섭겠어요네 눈도 막혀 있고 귀도 막혀 있고 유일하게 기댈 건 따뜻한 엄마 품속 밖에 없는데 그때 아이들을 좀 안정시켜 주는 페로몬이 목용 몸에서 나온다는 거죠 두 가지 형태가 있죠 하나는 이렇게 코드로 꼽아서 은은하게 집에 퍼지는 디 중형 이렇게 목걸리 형이 있습니다 쫙 하면 이렇게 우리 아이들을 껴 놓으면 체온에 의해서 활성화가 돼서 한 달 정도 그 페르몬 냄새가 계속 날 수 있는 이런 목걸리 형태가 있습니다 이거 많이 모르시는데 좀 꽉 껴야 돼요 맞아 그래야 체온이 도달되면 효과가 나오거든요 너무 헐렁하게 하면 안 됩니다 사실 저도 처음에 저희 집에 핑구가 처음 왔을 때 이거 두 개의 목걸리 형태랑이 디퓨저 형태 모두 다 사용을 했었어요 그래서 약간 이거는 그런 거 같아요 보호자님이 마음의 안정을 찾기 위해 아 그죠 이거 분명히 논문상 도움이 됩니다 뭐 특히 새로운 공간에서의 적응 그래서 우리 구조 견들 아니면 이사를 갔다거나 뭐 불리불안 있는 아이들한테 쓸 수 있는데 그렇다고 이걸 해서 드라마틱하게 갑자기 이거를 꽂기 전에는 막 불안하던 아이가 이걸 꽂고 나서 갑자기 차분해진다 이런 거는 너무 바라시면 안 돼요 두 번째는 뭐가 있을까요 이거 모르시는 분들 없으실 것 같긴 해요 질켄이라는 건데요 이것도 약간 모유 율의 성분이 들어 있어요 모유 안에 들어 있는 성분으로 아이들을 조금 불안을 안정시켜 주는 효과를 주는 건데 알파 카조 제핀이라는 성분입니다 이것도 마찬가지로 하나 먹는다고 해서 드라마틱한 효과는 없고 듣는 아이들은 듣는데 또 안 듣는 아이들은 안 듣는 확실히 보조적인 수단으로 활용할 수 있는 보조제입니다 근데 가장 중요한게 뭐죠 부작용이 없다 그래서 우리 아이가 좀 미약한 불안을 가지고 있다라고 한다면 시도해 볼 만 하다라고 말씀을 드리고 싶습니다이 유일한 단점이 캡슐 형태여서 먹이기가 조금 힘들어요 근데 최근에 트릿 형태로도 나왔더라고요 아 그리고 솔직히 여기 나온 용량대로 먹이면 큰 효과가 안 나타난 경우들이 있다 그렇다고 막 여러분들이 맘대로 복용 양보다 많이 주면 문제가 생겼을 때 해결할 수 없기 때문에 전문가의 상담이 조금은 필요할 할수 있다 복용량을 높이려고 한다면네 세 번째는 바로 아 드디어 나왔군요 카민 피입니다네 카밍 피입니다 저희가 정말 정말 심혈을 기울여서 만들었어요 그래서 기존에는 단일 성분만 들어 있다거나 아니면 먹이기 힘든 형태라는 기호성이 좋으면 아무래도 그 안에 유효 성분이 정확하게 없을 수도 있잖아요 그래서 유효 성분까지 정확하게 전달할 수 있도록 그리고 흡수까지 생각해 그래서 이제 액상으로 만든 거죠 이건 어떤 성분들이 들어가 있죠 우리 카밍 피은 맞 엘트립토판 아 트립토판이 뭐냐 보통은 채수 이사나 제가 가장 많이 쓰는 약이 세로토닌이라는 행복과 관련된 안정감과 관련된 신경 전달 물질을 늘리는 약이란 말이죠 근데이 세로토닌의 재료가 뭐죠 트립토판이네 그래서이 트립토판 재료가 많아지면 세로토닌이 더 늘어날 수 있다 두 번째는요 엘테아닌 성분이 들어 있어요 산입해 추출한 성분이 차 먹었을 때 안정감 느낀다 그 성분이죠네 맞아요 세 번째는 되게 핵심 성분이라고 볼 수 있는데 발레리안 루트 추출물이란게 들어 있어요네 이게 이름이 쥐오줌풀 맞아요 찌린내가 난다고 해서네 맞아요 그래서 쥐오줌 풀인데 그렇게 찌린 안납니다 저는 실제로 먹어 봤을 때 어 애들이 그렇게 거부가 안 내겠다는 그 생각이 들었고 실제로 저희가 먹여 봤을 때도 아이들이 잘 먹는 편이다 근데이 오줌풀 발레리안 루트는 어떤 역할을 하죠 어 실제로 연구 결과 논문이 하나 있어요 아까 제가 앞에 말씀드린 트립토판이 랑 태아인이랑 발레리안 루트를 포함된 시기를 먹었을 때 아이들의 불안이 확실히 낮아진다는 연구 결과가 있었는데 이걸 어떻게 실험을 했냐면 아이들의 혈중에서 나오는 스트레스 호르몬네 호르몬 농도를 통해서 밝혀진 거예요 세로토닌은 2.5배 증가했고요 도파민 2.2배 증가 엔돌핀은 3.3배 증가했고요 그리고 스트레스 호르몬인 코르티솔이 노르 아드레날린은 감소를 했다는 연구 결과가 있습니다 또 하나 있죠 포스파티딜 세린이랑 성분이 들어 있어요 너무 좋아요 요즘 사실 사람 쪽에선 엄청 핫한 성분이기 해요 사람한테 어디서 핫하죠 친해요 그죠 실제로 열을 했을 때 강아지한테도 효과가 있다는 논문도 요즘 많이 생기고 있거든요 그래서 포스파티딜 세리는 기억력 개선해도 좋고 인지기능 개선해도 좋고 피부에도 좋다는 연구 결과도 사실 나오고 있어요네 맞아요 포스파티딜 세링 같은 경우에는 신경 세포의 아주 중요한 성분이에요이 나이가 들면서 합성도 잘 못 하고 그러다 보면 신경세포가 손상을 입고 그게 결국인지 장애로 넘어가는 경우들이 많은데 그런 것들을 예방해 주는 그리고 또 하나 제가 포스파티딜 세링 같은 거 논문을 찾아보면 우울증 감소 불안 감소 이런 것들이 같은 작용으로 해서 저는 지금 세상이 말고 가족이 키우는 14살짜리 버블리가 있잖아요 근데 제가 항상 가장 걱정하는게 노견이 되면 저희 슈나가 인지장애 치매 있기 때문에 저도 이거 바로 보냈어요 노견이나 불안이 많거나 아니면 노견이 아니더라도인지 장애나 이런 쪽에 좀 걱정이 된다 왜냐면 실제로인지 장애는 우리 생각보다 어린 나이부터 차근차근 진행되는 경향이 있거든요 요즘 연구 결과를 보면 그게 걱정이 되신다고 한다면 완전 추천 솔직하게 말씀드리면 우리 되게 유명한 외국 제품들 있잖아요 그거랑 비교해서 어때요 이거 조금 이따가 말하고 싶었는데네 저희 카밍 핏이랑 멀티 핏이랑 함께 먹었을 때 그 어떤 항산화제로 유명한 제품보다 좋다고 제가 자신 있게네 말씀드릴 수가 있습니다 그래서 10열 살 이상이면 무조건 멀티핏 함께 급여를 추천드립니다 하나 더 빼먹은 성분 더 있어요 저희가 너무 좋은게 많아 가지고 설명하다가 놓칠 뻔했는데 하이드로 커큐민이라는 성분이 있어요 이거는 우리가 흔히 아는 칼에 들어가 있는 강황 성분에서 나오는 성분인데 이것도 마찬가지로 인지기능 개선에 도움을 주고요 불안 완화 그다음에 안정 효과까지 같이 줄 수 있는 성분인데요 원래이 커큐민이 흡수가 조금 더뎌요 근데 저희가 이걸 또 수화를 시켜서 어 흡수율이 높은 형태로 바꿔서 넣었기 때문에이 부분도 커큐민이 들어간 제품들보다 흡 높다고 사진 할 수 있습니다 그리고 보통 이제 약들이 알약이나 이제 가루면 먹이기 힘든 경우가 많은데 이거는 이렇게 액상으로 되어 있기 때문에 밥 먹을 때 방울로 아니면 간식에 방울로 떨어뜨려 주시면 됩니다 물론 흡수는 더 빠르겠죠네 그래서 이벤트성이 때랑 장기적인 급열 하실 때 약간 다르게 사용하실 수 있어요 예를 들면 특정 이벤트가 있어야 되는 날 그 시간에 세 시간 전 정도에 먹여 주시면 효과가 나와요 그리고 만약에 좀 장기적인 이벤트다 이럴 때는 이벤트가 시작하기이 3음 전부터 꾸준히 먹여 주시면 아이들이 그 기간 동안 계속 안정된 효과를 보실 수 있습니다 좀 추천 대상 알러지가 심해서 뭐 이것저것 못 먹는 친구들 왜냐면 저희가 여기에 첨가물을 넣지 않았어요 그리고 전체가 다 천연이 때문에 만성 질병이 있는 아이들도 급여하셔도 괜찮습니다 사실 다른 이렇게 좀 안정감 불안을 낮춰 주는 영양제들은 단일 성분인 경우가 많았어요 그래서 저희가 이제 만들었죠 좋은 거 안전하게 우리 보호자분들 걱정하지 않게 다 넣자 그래서 만들어진게이 카밍 핏입니다 한번 믿고 먹여 보셔도 괜찮습니다 그다음에 설명드릴게 얼마 전 신상 박스에서 소개해 드린 바이탈 펫 기계입니다 소리를 한번 들려 드리면 이런 소리가나요이 원리는 뭐냐면 뇌파 동조화 아는 원리입니다 뭐 우리가 학교 다닐 때 물리에서 배우잖아요 파동은 대표적으로 알고 있는게 소리인데 파동은 중첩효과 음 경으로 만드는 그렇죠 비슷한 파동이 오면 거기에 약간 동조화되는 효과가 있어요 그러니까 내 뇌가 불안해서 안정감을 주는 파동이 아닌데 여기서 안정감을 주는 파동을 소리로 계속해서 내주다 보면 뇌에서 그 파동이 동조화 돼서 안정감을 느낀다가 원리고 사실 건국대학교 수익과 대학 저희 모교에서 얼마 전에 테스트를 해본 결과 확실히 스트레스 시그널이 줄어드는 모습들이 나타났습니다 그래서이 기계는 어떤 아이들한테 특히 더 추천하면 면 소리에 민감한 애들 집에 좀 틀어 놨을 때 바깥 소리가 또 상쇄하는 백색 소음 효과도 있기 때문에 소리에 민감하고 잠 잘 못 자는 친구들 근데 단점은 소리에 민감한 보호자라면 같이 있을 때 틀어줄 때 좀 힘들어하시는 분들도 간혹 있다 전 오히려 이거 틀고 질려 보니까 제가 막 편안해지더라고요 저 눈이 감겨요 딱 들어왔을 때 불안한 친구들 있으면네 이거 틀어 놓고 해요 가끔 아 이게 플라시 거인지 모르겠는데 강아지들이 불안이 낮아졌을 때 보이는 모습들 있죠 처음에서 있다가 앉았다가 엎드 있다가 고개 떨구기 이거를 되게 빠른 시간 안에 보여요 그래서 아 좀 효과가 있구나라고 느끼고 있어요 다음 제품은 썬더 셔츠입니다 썬더 셔츠는 뭐냐면요 천둥 번개칠 때 입는 옷입니다 꽉 안아줘서 아이들에게 안정감을 느끼게 해 주는 거예요 제가 항상 많이 말씀드리고 그 다음 제품이랑 연관성이 있을 것 같은데 이상한 변호사 우영우 보면 우영우 길을 가다가 교통사고 나는 걸 봐요 꽝 하면서 막 혼돈의 상황이 오죠 그때 우영우 막 힘들어하니까 잘생긴 우영우 남자친구가 가서 꽉 껴 하나 주면서 거기서 나온단 말이에요 자폐 스펙트럼 장애를 가진 사람들은 상체가 압박했을 때 불안이 낮아지는 것을 느낀다 이게 연구 결과가 있어요 그리고 이걸 알아낸 분이 제가 되게 좋아하는 교수님이 그 책을 항상 추천하고 있는데 동물과의 대화를 쓴 템플 그랜디 그분이 자폐를 극복하고 동물학 교수가 되신 분인데 그분이 자기가 어렸을 적에 농장에서 이렇게 놀다가 어디에다 깬 거예요 보통 우리 같으면 오히려 불안할 수 있잖아요 근데 자기는 이상하게 거기서 되게 안정감을 느꼈다 동물들도 그렇지 않을까 썬더셔츠 같은 경우는 근데 효과가 복불복이 맞아요 효과 있는 애들은 되게 좋고요 없는 아이들은 안 나타날 수 있어서 당근에 많아요이 옷 같은 경우에는 상체를 이중으로 쪼일 수 있는 이렇게 스트랩이 있어요 재질은 되게 스한 같아서 상체를 꽤 강하게 좀 압박을 해 주시는게 좋고요 만약 구매하시기 전에 어 우리 아이가 상체를 압박했을 때 불안이 낮아지는 효과가 있는지 보고 싶으시다면 이거보다 조금 효과 떨어질 수는 있지만 압박 분대로 상체를 한번 좀 조여 보셔도 괜찮을 것 같아요 이게 뭘까요 바로 귀마개입니다 제가 요즘 강력하게 보호자님들 추천하는 거 카밍핏 다음이라고 할게요 카밍핏 다음으로 추천하는 그런 제품 중에 하나입니다 우리가 썬더셔츠 얘기할 때 강아지들 자페 스펙트럼 장애를 가진 사람들이 자극을 받아들이는 방법과 비슷하다 그래서 우영우 길거리 다닐 때 뭐 하고 다녔어요 기 셋이요네 왜 교육 안 할까요 이게 답을 알려 주기에는 이미 자극이 너무 심한 상태라서 그리고 그렇게 태어난 걸 많은 사람들이 그러거든요 어 얘는 왜 이렇게 소리에 예민해 맨날 듣는 소린데 왜 그래 그럴 때 제가 그 얘기를 하죠 층간소음 맨날 듣는데 왜 그런가요 아무리 노력해도 너무 무섭고 불안한 그리고 두려운 소리가 있을 수 있습니다 특히 강아지들은 밖에서 내가 왜 나는지 모르는 그런 버스 소리 차 소리 이런 것들에 너무나도 두려워할 수 있기 때문에 그런 친구들한테는 귀마개가 상당히 효과가 있습니다 사실 이제 귀막 이제 단점은 뭐냐 애들이 너무 싫어해요 맞아요 이걸 뭐 어렸을 때부터 써 본 것도 아니고 이걸 씌워 놓으려고 하면 애들이 가만히 있지를 않아요 그래서 어느 정도에 좀 교육이 필요하다 저희 이제 강아지는 소리에 예민하진 않아요 그렇지만 뭐 좀 소리가 시끄러운 곳에 가면 저도 좀 걱정이 돼 가지고 수건을 그냥 돌돌 얼굴에다 말아 버리거든요 그럼 어느 정도 소음 차단 효과가 있어서 이걸 너무 싫어하는 친구들이라면 그렇게라도 해 주시는게 도움이 되지 않을까 생각을 합니다 그리고 꼭이 제품 아니더라도 조금 좀더 풀리지 않고 한 중형견 이상이면 또 제가 추천하는 제품이 있어요 렉스스펙스 이어 프로라는 제품이 있는데이 제품 같은 경우에는 제가 봤을 때 한 7km 넘어가야지 사이즈가 있어요 소형견들한테 사이즈가 없어서 우리 아이가 차 잘 못하고 아니면 도시 산책 잘 못한다네 한번 사용해 보시기 바랍니다 근데 문제는 뭐냐면 수입품인데 좀 비싸요 조금 좀 부담이 될 수 있습니다 오늘 이렇게 여러분들이 항상 걱정하시는 우리 아이들의 불안 이렇게 불안 낮춰 줄 수 있는 제품들에 대해서 실제로 제가 추천하고 상황에 맞춰서 쓰는 제품들을 한번 알아봤습니다 근데 여러분들 꼭 아셔야 되는게 요즘 마케팅 때문에 여러분들의 시선을 끌기 위해서 정말 드라마틱한 효과가 있을 것처럼 나오는 경우들이 많은데이 세상에 그런 거 있으면요 저 없어도 돼요 저희 없어도 돼요 그래서 너무 갑자기 180도 변한다 그런 기대는 안 하시는게 좋아요 다시 한번 그래도 저희가 진짜 강력 추천하고 제일 자신 있는 제품 품이 나왔으니까 저희 카밍핏 자랑 한번 하고 끝내죠 어 너무 많은데 일단 저희가 만들었기 때문에 차별화된 레시피죠 아 독자적 포뮬라네 좋은 거 다 넣었어요 그리고 첨가물이 없기 때문에 알러지가 있는 친구들도 먹어도 되는 제품이고요 상이니까 흡수율이 더 빠를 거고요 뭐 흡수율도 빠르지만 급여하기도 정말 정말 쉬워요 그리고 마지막으로 정말 자신있게 추천드릴 수 있습니다 저희 강아지들도 무조건 먹이고 있고 저희집 인들 선물 줄 때 카밍 핏을 줄 수 있는게 좋아요네 좀 더 자랑할 수 있는 제품을 추천할 수 있으니까 근데 사실 이걸로 다 문제가 해결되는 거 아니잖아요 그죠 먹어서 해결이 되는 경우도 있겠지만 아닌 경우에는 어떻게 해야 될까요 이게 어떻게 보면 진짜 그걸 뛰어넘는 극심한 불안을 수도 있어요 그래서 이런 경우에는 저희 클리닉에 방문하셔서 정확한 행동 진료를 받아보시고 약 처방을 받아보시는 거를 추천드립니다네 그렇게 전문적인 처방약과 교육 레시피를 받으셔서 문제를 를 해결하셔야 됩니다 그까 사람에서도 다양한 안정 관련 제품들이 있잖아요 요즘은 안정액 이런 거 팁이 많이 나오던데네 그 저는 그 멘트가 너무 마음에 들었어요 안정이 세상을 구한다 아 그만큼 불안이라는게 사람뿐 아니라 반려 동물들에게도 좀 많은 문제들을 유발할 수 있기 때문에 불안을 관리해 주시는게 정말 중요합니다 우리도 불안하면 불행 하잖아요 우리 아이들의 불안을 낮춰 줌으로써 불행을 행복으로 바꿔 주셨으면 좋겠습니다 다음번에도 여러분들에게 필요한 좋은 정보 가지고 돌아오 도록 하겠습니다 또 놀러오세요 안녕,
96,https://www.youtube.com/watch?v=-ycCvSh0EB0,-ycCvSh0EB0,Ending the harness controversy: Be sure to check this out ✅ (feat. latest paper) | Behavioral vet...,설채현의 놀로와 ,"한네스 잘 안 풀릴 거 같죠? 아니에요. 하네스가 목줄보다 더 잘 풀려요. 네. 이렇게 돼요. 이것 때문에 가장 많이 잃어버려요. 그걸 다 보완하려고 하면서 만들었습니다. 안녕하세요. 설치 여러분. 현현수사입니다. 이번 시간에는 정말 끝나지 않는 논란 목줄 한네스에 대해서 얘기해 보도록 하겠습니다. 목줄이 더 좋다. 한네스가 더 좋다. 항상 인터넷상이나 보호자들 사이에서도 논란이 되고 있는 거 같아요. 결과적으로 말씀드리면 딱 정해진 답이 없거든요. 그래서 오늘 어떤 아이들한테는 목줄이 조금 더 좋고 어떤 아이들한테는 한네스가 더 좋고 과학적 연구 결과들이 있습니다. 그 연구 결과들을 최대한 다 통합해서 여러분들에게 알려 드리도록 하겠습니다. 어, 끝까지 다 들어 주셔야 도움이 됩니다. 우선 첫 번째로 목줄대 한네, 호흡기 건강에 끼치는 영향에 대해서 한번 보면 우리 세상이와 같은 소형견은 목줄보다 한네스를 더 추천합니다. 사실 저도 그동안 세상이에게 계속 목주를 사용을 했었는데요. 그 이유는 세상이가 한네스를 좀 불편해. 그래서 제가 이제 한네스를 만들어서 그 한네스가 곧 나오는데이 하네스는 좀 잘 차는 거 같아요. 그래서 제가이 연구 결과들을 쫙 보면서도 아 다행이다라고 생각을 했는데 왜 소형견들은 목줄보다 하네스를 더 추천하냐? 결국에이 트라키아 기관 때문입니다. 우리 강아지 여기를 만져 보시면 여기에 뭔가 뾰족하게 딱딱한게 만져지실 거예요. 여기에 여기서부터 이제 흉골이 시작이 되는데요.요 위에 이렇게 만져 보면 관이 있습니다. 그래서 지금 보면 세상이 같은 경우에는 여기 딱딱한 뼈가 만져고요. 바로 위에서부터 여기까지가 다 기관입니다.이 기관을 보면요. 연골로 이루어져 있고요. 그리고 연골에 이렇게 튜브가 쫙 쌓여져 있는 동굴처럼 생겼다라고 생각을 하면 됩니다. 근데 지금 방금 말씀드렸듯이 연골이기 때문에 그렇게 강하지 못해요. 그래서 이게 대형견들보다 소형견들이 연골과 기관 자체가 더 약하기 때문에 많은 전문가들이 소연견들 그리고 좀 호흡 기계에 선천적으로 문제가 있는 종들 항상 나오죠. 단두종 아이들, 퍼그나 프렌치 불독, 보스턴 테리어 이런 친구들한테는 목줄보다 하네스를 더 추천합니다. 하네스를 추천하는 이유는 목에만 힘이 가지지 않고 그 힘을 상체에 분산시켜서 목에 가해지는 힘을 약하게 해 주려고 하는 거예요. 근데 여기서 함정이 있습니다. 만약에 우리 아이가 한네스를 차고 있는데 강하게 끌 때 기침을 하고 있다면 사실 하네스의 역할을 다 못 하고 있을 수 있어요. 뒤에서 당기게 되면요 부분이 올라오면서 기관을 이렇게 눌러요. 그래서 하네스를 찾음에도 불구하고 이렇게 당기게 되면 앞에이 가슴 쪽 줄이 밑에서 잡아 주는게 아니라 위로 딸려 올라오면서 기관을 압박하는 경우들이 있습니다. 원래 목을 자극하지 않게 하기 위해서 하네스를 사용을 하는데 하네스를 사용하면서도 목을 자극하는 이런 걸 피하려고 하는데 그걸 피하지 못하고 있는 경우들이 상당히 많거든요. 이런 함정이 있어요. 그래서 저희 아 자꾸 이제 이런 거 하기 싫은데네 저희가 만든 하네스 같은 경우에는 제가 아까 만졌던 흉이 여기 있어요. 그 뼈가 여기 있고요. 저희 디자인 Y자형 디자인 때문에요 바로 밑에 저희 하네스 판이 놓이게 됩니다. 그래서 당겼을 때이 부분이 여기를 자극하지 않아요. 정확하게이 상체에서 가장 강한 부분 가슴과 흉 부위에서 힘을 분산시킬 수 있도록 디자인을 했습니다. 대형견의 경우에는 기본적으로 보자면이 기관 자체가 소연견들보다 조금 더 강하기 때문에 목이 조금 눌려도 그렇게 위험할 일이 소연견들보다 크진 않아요. 결국 가장 중요한 건 우리 아이한테 맞는 걸 해야 된다는 겁니다. 두 번째로 목줄과 하네스, 호흡기뿐만 아니라 우리가 여기서 또 잠깐 알고 가야 되는게 안구에도 영향을 끼칠 수 있어요. 우리 목에는 뭐가 있죠? 기관뿐만 아니라 양 옆에 뭐가 들어가고 있어요? 경동맥, 경정맥. 그러면 경동맥은 꽤 혈압이 강하기 때문에 우리 뇌쪽 얼굴 쪽으로 혈액을 줄 수 있는데 경정맥은 혈압이 그렇게 높지 않아서 이게 강하게 압박이 됐을 경우에 혈관이 눌리면서 피가 못 빠져 내려갑니다. 그럼 여기 혈압이 높아져요. 실제로 흥미로운 연구 결과가 있는데 2006년에 미국 동물병원 협회의 전널이 JA라는 전널이 있는데 거기에 실린 논문에서는 개 26마리를 목줄과 하네스 착용시 안에 차이가 일어나는지에 대해서 연구를 했어요. 그랬더니 목줄에 힘을 주었을 때 안이 유의하게 상승하는 반면에 같은 힘을 하네스에 가했을 때는 안압 변화가 없었다라는 연구 결과가 있습니다. 그 이런 것도 당연히 더 소연경들이 약하기 때문에 특히 줄을 더 끄는 아이들 같은 경우에는 목줄 때문에 호흡 기계뿐만 아니라 안구의 안압을 높여서 문제를 일으킬 수도 있다. 장막 쪽에도 어느 정도 영향을 줄 수 있고 막막에도 좀 압력이 높아질 수 있고 녹내장 위험이 있는 아이들한테는 훨씬 더 좀 조심해야겠죠. 세 번째로 봐야 될 건 근골격계 질환입니다. 근골격계 질환을 일으킬 수 있는 것은 목줄과 하네스 중에 어떤게 더 조금 안 좋을 거 같으세요? 네. 물론 목줄을 더 생각하실 겁니다. 아주 면적이 작은 줄로 목을 감고 거기에 힘이 가해지기 때문에 목디스크 같은 경우에 조금 더 영향을 줄 수 있습니다. 그래서 미국의 많은 전문가들도 이런 문제는 하네스를 통해 예방할 수 있다라고 얘기를 하고 목디스크 아니면 척추질환 노령견 이런 친구들은 목줄보다 하네스를 사용하는 걸 더 추천하는데요. 여기서 함정은 하네스도 근골의 질환에서 아니면 불편함에서 자유롭지는 않다라는 겁니다. 요즘 미국에서 이런 산책과 관련된 연구 가장 많이 나오는게 뭐냐면 여기 끼임이에요. 겨드랑이 끼임. 저도 많이 봤거든요. 많은 친구들이 하네스보다 목줄을 편해하는 경우가 꽤 있어요. 그런 아이들은 여기가 좀 예민한 친구들. 그래서 다리 끼려고 할 때 이럴 때 상당히 좀 불편해하고요. 그리고 여기가 껴 있으면 우리가 이렇게 영상을 찍어서 분석을 해 봤다고 해요. 연구에서. 그랬더니 평상시에 하네스를 차고 있지 않을 때보다 앞다리의 움직임의 범위가 줄어든다고 해요. 원래는 이만큼 움직이던 걸 여기가 껴서 불편하니까이 정도만 움직이는 거죠. 그러면 보상 작용이 일어날 수밖에 없습니다. 우선 자세가 삐뚤어질 수 있고요. 그러면서 오히려 척추 쪽에 조금 영향을 줄 수도 있다. 그리고 뒷다리나 이런 쪽에서 더 보상 작용을 하면서 무리가 갈 수 있다라고 얘기를 해요. 조금 더 보면 이건 영국에서 한 연구 결과인데요. 영국에서 예순 여섯 마리의 개를 대상으로 세 종류의 한스를 착용시켜 본 거예요. H형, X자형, 그리고 Y자형.이 이 하네스를 가지고 보행을 분석을 해 봤더니 어깨 부위 움직임을 다소 제한하여 보폭을 줄이고 몸무게 분포를 좀 앞다리 뒷다리에 변화시키는 등 자세의 영향을 미쳤다. 그래서 하네스는 아이들의 체형에 맞는 하네스를 결정하는게 좋은데 사실 요구 결과에서는 어떻게 얘기하냐면 특히 앞가슴을 가로지르는 X자형 하네스는 어깨 관절을 눌러서 움직임을 제한할 수 있기 때문에 조금 더 해부학적으로 설계된 한네스는 아이들이 덜 불편한 한스는 Y자형이다라고 얘기하고 있습니다. 네. 그래서 저희 하네스는 와이자형입니다. 목줄과 하네스, 행동 및 훈련에 대한 영향을 한번 볼 건데 많은 분들이 교육에는 목줄이 더 좋다라고 얘기하는데 여러분들은 어떻게 생각하시나요? 맞는 거 같으세요? 아닌 거 같으세요? 네. 하네스를 하면 개가 더 끈다라는게 어느 정도 일리가 있는 말입니다. 2021년에 발표된 연구 결과가 있는데요. 쉬운 두 마리의 개를 목줄도 채워서 해보고 한네수도 채워서 해 본 거예요. 어떻게 했냐면 산책 줄에 장력을 측정하는 기계를 달아놓고 목줄했을 때 한했을 때 똑같은 개가 어떨 때 더 강력한 힘으로 끄는지를 확인해 봤더니 당연히 하네스를 했을 때 더 세게 끈다는 거죠. 훈련적 측면에서는 사실 목줄이 조금 더 효과가 좋겠죠. 잘 생각해 보면 어 방향을 바꿔 줄 수 있느냐 이게 저는 훈련적 측면에서 가장 중요한데 당연히 하네스 뒤에 줄이 달려 있으면 우리가 아무리 손으로만 이렇게 하려고 해도 방향적으로 우리 쪽으로 돌아오게 하기가 쉽지는 않아요. 그러다 보니까 목에 달려 있을 때는 당연히 그래도 얼굴과 가장 가까운 쪽을 컨트롤하기 때문에 우리를 바라보게 하거나 짓는 상황 아니면은 뭔가 문제가 되는 상황에서 빠져나올 수 있게 하기 때문에 목줄이 조금 더 효과는 좋을 수 있습니다. 근데 여기서 한번 생각을 해 볼게 있습니다. 저는 항상 행동학을 하면서 산책을 하는 목적이 무엇일까? 우리가 즐겁자고 할까? 강아지들이 즐겁자고 할까? 당연히 우리 반려견들이 즐겁자고 하는게 우선이고 이게 가장 기본이 돼야 됩니다. 근데 그냥 무조건 끌지 않게 하겠다고 무조건 목조를 선택하는 거는 저는 좋은 건 아니라고 생각해요. 아까도 말씀드렸듯이 목주를 한 것보다 하네스가 덜 불편하기 때문에 더 세게 끄는 경향이 있다라고 한다면 저는 그 부분에 대해서는 약간 우리가 감수하고 남들한테 피해를 안 주고 어느 정도 교육의 가능하다면 그리고 너무 강하게 끄는 아이가 아니라고 한다면 한늘스를 선택하는게 더 좋지 않을까? 라고 생각을 합니다. 이걸 보완하는 제품들이 나오잖아요. 꼭 목을 하지 않아도 방향을 바꿀 수 있는 제가 많이 추천하는 앞꼬리 한네스 아니면 정말 심한 경우에는 머리 리리두줄 같은 것을 사용을 해 볼 수가 있습니다. 물론 이런 것들도 아까 말한 관절 쪽에 좀 영향을 줄 수 있기 때문에 이것도 만약에 지병이 있거나 문제가 있다라고 하면 좀 조심해서 사용을 해야 되고 전문가와 상담이나 상의가 필요할 수 있어요. 지금 여기까지 말씀드리면 결국 가장 중요한 건 우리 아이한테 맞는 걸 해야 된다는 겁니다. 사실 제가 말씀드린 것들 때문에 어 우리 소연견을 무조건 한스를 더 추천하시는 거 같은데 하면서 하네스를 하려고 하는데 얘가 싫다고 하는 애도 있어요. 난 이거 그냥 한스 몸에 막 걸쳐지는게 싫어. 그러면 더 좋은게 있더라도 저는 우리 아이가 더 선호하는 거를 선택하는게 맞다라고 항상 말씀드리고요. 개별마다이 목줄과 하네스의 선택.이 이 하네스 안에서도 어떤 한스를 선택하느냐가 다르고 그리고 가장 중요한 건 피팅입니다. 저는 우리 보호자님들이 피팅을 너무 간고하고 있는 경우들이 많은 거 같다. 편하게 해 주겠다고 늘렁하게 해 놨다가 아 저는 사고가 나거나 잃어버리는 경우를 너무 많이 봤어요. 하네스 잘 안 풀릴 거 같죠? 아니에요. 하네스가 목줄보다 더 잘 풀려요. 이게 나쁘다는게 아니고요. 이거 피팅을 잘못했을 때 이런 일들이 벌어질 수 있다라는 걸 말씀드리려고 하는 겁니다. 나는이 앞쪽에서 끌고요. 우리 아이들이 안 가겠다고 엉덩이를 뒤로 빼는 일이 생깁니다. 그러면 이게 이렇게 되면서 앞다리를 앞으로 뻗게 되거든요. 이렇게 된 상태에서 앞다리까지 이렇게 앞으로 뻗잖아요. 그러면 얘가 옷 벗겨지듯이이 앞다리가 벗겨지면서 이렇게 되면 이게 쏙 빠져요. 네. 이렇게 돼요. 이것 때문에 가장 많이 잃어버려요. 사고가 나고. 내가이 방향으로 잡아당겼을 땐 빠질 수도 있다라는 거를 알고 계셔야 되고요. 여기서 또 얘기한게 그래서 저희는 안 풀리는 마틴게로 했습니다. 평소에 줄을 끌지 않을 때는 이렇게 옆구리에도 공간이 많이 남고 전혀 압박하지 않은 상태가 되다가 만약에 줄을 끄는 상태가 되면 어느 정도까지만 조여지는 그런 모습을 볼 수가 있고이 상태에서 아까처럼 똑같이 한번 해 볼까요? 끌게 되면 이게 빠질 수가 없는 거죠. 몸에 딱 맞게 되면서 여기가 이렇게 당겨지면서 탈출의 가능성, 위험을 아주 낮게 바꿀 수가 있습니다. 데 제가 이거를 미국 갔을 때 처음 산책시키고 사회 적응시키는 아이들한테 마틴게 목줄도 채우고 한네수도 채우는데 마틴계일로 채우더라고요.데 제가 아무리 국내에서 찾아봐도이 마틴계일 한네스가 없어서네 이번에 만들었습니다. 국내 최초 마틴게 하네스. 제가이 놀로이지 플레이 하네스를 만들면서 하네스의 단점 그걸 다 보완하려고 하면서 만들었습니다. 그래서 하나씩 한번 체크를 해 보면요. 목기도 압박 우리가 여기 Y자로 이렇게 파내면서 기관을 압박하지 않는 목에 압박을 주지 않는 디자인으로 만들었고요. 안구 영향 당연히 한해 쓰고 목을 압박하지 않기 때문에 반압이 올라가는 일은 없을 겁니다. 경추 척추 영향. 네. 이건 한해 쓰기 때문에 원래 없을 거고요. 견인 행동. 네. 한해 쓰기 때문에 조금 더 세게 당깁니다. 그런데 약간의 우리가 보완을 한게 미리 사용을 해 본 체험단의 공통된 의견은이 마틴게 때문에 만약에 너무 세게 당기게 되면 이렇게 몸이 좀 압박이 되거든요. 이러면서 끄는 행동이 상당히 줄어들었다라고 얘기를 해 주고 있어요. 통제 및 조작에서는 어느 정도 하네스는 특히 고리가 등으로가 있는 경우에는 한계가 있을 수밖에 없습니다. 방향을 쉽게 바꿀 수 없기 때문에 탈출 위험에 대해서는 제가 이건 가장 자신 있는게 당겼을 때 오히려 더 옷처럼 벗겨지지 않고 빠지지 않게 탈출하지 않도록 디자인을 해 놨습니다. 그리고 제가 조금 더 신경을 쓴 건 뭐냐면 가볍게 만들었어요. 저는 아이들이 최대한 좀 몸에 무거운감을 느끼지 않았으면 좋겠거든요. 저희도 그러잖아요. 너무 무거운 옷을 입으면 집에 와서 뻐근하고 불편한 감을 느낄 때도 있어요. 서 최대한 가볍게 만들어 봤습니다. 이번 시간에는 그동안 너무 이렇게 계속해서 많은 분들이 궁금해하셨던 목줄대 하네스를 각 쟁점별로 한번 비교를 해 봤습니다. 아무래도 제가 관심 있는 걸 저희 제품으로 만들고 하다 보니까 또 저희 제품 홍보가 된 거 같아요. 혹시라도 그동안 하네스에 조금 걱정이 있으셨던 분 아니면 오늘 제가 드린 정보에서 아 목주를 쓰고 있었는데 한네로 바꿔야겠다라고 생각하신 분 저희 놀로이지 플레이 하네스로 한번 바꿔 보시는 것도 추천드립니다. 다음번에는 제가 특수 하네스나 목줄, 젠틀리더나 앞고리 하네스 그리고 좀 쓰면 안 되는 도구들도 한번 여러분들한테 알려 드리면서 이런 부분은 왜 안 좋고 아니면 이걸 쓸 때는 어떤 점을 주의해야 될지도 알려 드리도록 하겠습니다. 그럼 저는 다음번에 더 좋은 정보로 찾아뵙도록 하겠습니다. 또 놀러오세요. 안녕.",
97,https://www.youtube.com/watch?v=cQ21fb3hk0I,cQ21fb3hk0I,"If you create a habit, success is guaranteed 💯 | Puppy Potty Training | Seol Chae-hyun, behaviora...",설채현의 놀로와 ,"아, 사실 전문가라고 하는 사람들조차 잘 모르고 있는 것이 있습니다. 화장실의 가장 기본이에요. 이거 진짜 중요합니다. 안 그러면 저 찾아오게 돼요. 안녕하세요. 설친 여러분. 설치한수의사입니다. 이번 시간에는 알면 너무 쉽지만 모르면 정말 산으로 가는 아이들의 화장실 습관 만들기에 대해서 알아보도록 하겠습니다. 우선 먼저 알려 드리고 싶은 건 저는 화장실 훈련이란 말을 잘 안 써요. 저는 화장실은 습관이라고 말씀을 드립니다. 약간 어떤 차이냐면 훈련이라고 하면 기호. 그러니까 어떤 화장실을 좋아하고 어떻게 배우고 싶은지는 전혀 신경 쓰지 않고 내가 원하는 대로 만드는게 훈련이죠. 하지만 강아지들의 화장실은 그렇게 되지 않거든요. 우리가 원하는 장소에 무조건 할 수 있는게 아니에요. 실제로 화장실은 강아지들의 본능적인 습성, 좋아하는 화장실을 보호자가 만들어 주고 그 위에서 잘 쌌을 때 칭찬을 해 줌으로써 습관을 만드는 거거든요. 그러면 가장 먼저 우리는 아이들이 어떤 화장실을 좋아하는지 알아봐야겠죠. 첫 번째 이건 보호자분들도 잘 모르시고요. 아, 사실 전문가라고 하는 사람들조차 잘 모르고 있는 것이 있습니다. 바로 화장실의 표면입니다. 이게 무슨 얘긴가 의하해 하실 분들도 계실 텐데요. 고양이들은 화장실을 따로 교육을 시키나요? 아니죠. 너무 편해요. 그냥 모래를 가져다 주면 본능적으로 그 모래에다 쌉니다. 이걸 우리가 이제 설페이스 프리퍼런스, 표면에 따른 기호성 이렇게 얘기를 하는데요. 강아지들도 고양이만큼은 아니지만 표면에 따라서 이게 내 화장실이구나 하고 인지하게 되는데요. 보통 이게 8.5주까지 5주까지 배우게 된다고 합니다. 누구한테 배우냐면 보통은 목견한테 배웁니다. 목견과 함께 있으면서 엄마가 화장실 가는데 따라가서 하게 되거든요. 아니면 이렇게 코로 밀어서 그쪽에서 하게 만들어요. 그러면 내 발바닥에 닿는 감촉 그게 계속 오줌을 싸는 것과 연관되게 되면서이 표면에 대한 선호도를 결정하게 된다는 거죠. 근데 우리나라 또 이게 문제죠. 애들이 두 달까지 모경과 있는 강아지들이 거의 없습니다. 특히 패합에서 판매될 경우에는 이건 배우지 않으면 아이들이 모르는 건가? 아닙니다. 많은 강아지들이 산책 나갔을 때 콘크리트 바닥에 많이 싸는지 잔디에 들어가서 많이 싸는지를 보시면 우리가 가르친 적도 없잖아요. 근데 애들 어디다 많이 싸요? 잔디에다 많이 싸죠. 폭신폭신하고 밟았을 때 약간 요철이 있는 것 같은 느낌을 조금 더 본능적으로 화장실로 느낀다는 거죠. 그래서 사실 이건 되게 운이 좋은 일이라고 생각이 됩니다. 배변패드라는게 이걸 알고 만든게 아니에요. 그런데 오줌을 흡수하게 만들려고 하니까 충진제가 들어가죠. 그러다 보니까 밟으면 어떻게 돼요? 약간 폭신폭신하죠? 그리고 이거를 이제 잘 압축되게 만들려고 하다 보니까 약간의 그 무늬가 생겨요. 그러면 어때요?이 이 밟았을 때 뭔가이 다공성의 물질 이런 뭔가 요철이 있는 것 같은 그런 느낌이 들게 되죠. 그니까 이게 운이 좋게 아이들의 본능적으로 선호하는 화장실에 표면이 돼 버린 거예요. 그래서 우리가 지금까지 이렇게 오랜 시간 동안 배변패드를 이제 무리 없이 사용하고 있는 거죠. 그래서 저는 항상 말씀드리는게 충진제 조금 들어 있는 것들 있잖아요. 아주 얇은 거. 이런 것보다 폭신폭신한게 훨씬 더 아이들이 화장실로 인지할 가능성이 높습니다. 특히 우리 퍼피 아이들 첫 교육할 때 이게 제가 병원에서는 어쩔 수 없이 다음 손님 오면 아예 다 갈아 버리니까 쓰는 좀 이제 저렴한 배변 패드고요.이 패드는 아 하다 보니까 또 저희께 나오네요. 저희 패드입니다. 훨씬 더 제 만져봐도 안에 충진가 많이 들어 있고 폭신폭신하고요. 그리고 이런 이제 울퉁불퉁한 면이 더 잘 보이죠. 그래서 습관을 더 잘 드리자 해서 제가 이제 습관패드라고 이름을 졌습니다. 꼭 저희 제품 아니더라도 처음에 교육할 땐 특히 더 충진가 많이 들어가 있는 걸 쓰는게 아이들이 습관을 드리기에 더 좋습니다.이 얘기하마 딱 느껴지시는게 있을 거예요. 요즘 진료 볼 때 커피 아이들 화장실 교육으로 저를 찾아오시는 경우들이 많아요. 예전에 오히려 안 그랬거든요. 왜냐면 이게 어느 정도 본능적이기 때문에 패드만 잘 깔아 놓으면 아이들이 어 저기가 다궁성에 폭신폭실한 느낌이 드네. 나 여기서 싸야지 했는데 최근에 오히려 애들이 더 화장실을 못 가리는 거예요. 제가 원인을 찾았어요. 요즘 좀 신경 쓰시는 분들이 꼭 하는게 있어요. 강아지 입양하면 집에 미끄럼 방지터를 다 깝니다. 미끄럼 방지터 어때요? 폭신폭신합니다. 애들이 헷갈려요. 바닥에 다른 부분은 다 딱딱하고 배변 패드만 다공성에 폭신폭신한 느낌이 들어야 되는데 미끄럼 방지 매트를 다 깔아 놓으니까 거기도 폭신하고 화장실 같은 거예요. 그니까 애들이 그 어린 나이에 헷갈리니까 아무데나 싸기 시작해요. 근데 사람들은 보고 어떻게 해요? 그냥 혼내기만 하죠. 보호자분들은 사실 얘네들은 내 본능적인 화장실에 난 싸고 있는데 왜 혼나는 거야라고 생각을 합니다. 그래서 제가 진짜로 원래 제 초진 상담 시간이 한시간인데 한 20분 만에 다음번에 한번 더 봐 드릴테니까 집에 가서 미끄럼 방지 매매트 빼고 이틀만 지켜보세요라고 얘기하면 이틀도 안 걸립니다. 다음날 전화 와요. 선생님 배변 패드했어요. 그래서 우리 퍼피 아이들 화장실 습관을 드릴 때는 제일 중요한 주의할 점이 이겁니다. 집에 있는 요가매트, 화장실 발매트, 부엉 매트, 카페트 다 치우셔야 돼요. 다 치우시고 바닥에 배변 패드만 놓으셔야 됩니다. 그래야지 아이들이 헷갈리지 않아요. 만약 고민하고 있으신 분이 있으시다면 지금 당장 해 보세요. 내일부터 성공률이 확 올라갑니다. 미끄러지는데 어떻게 해야 돼요라고 이제 물어보시면 사실 여기에 대한 뚜렷한 답은 없어요. 아직 저도. 네. 어느 정도 미끄러지는 건 감소하거나 이것도 저희 제품이 아닌데 발바닥에 뿌려 줘서 미끄럼을 어느 정도 완화시켜 주는 제품이거든요. 네. 이런 거를 발바닥에이 파우더처럼 뿌려 줘서 미끄러지지 않게 관리하시는 걸 추천드립니다. 강아지들이 선호하는 화장실의 조건 두 번째는 냄새입니다. 이건 여러분들 다들 아실 거예요. 강아지들은 자기가 원래 오줌을 똥을 쌌던 곳 아니면 다른 강아지의 오줌 똥 냄새가 나는 곳에 쌀 확률이 높아집니다. 그래서 우리가 오줌을 살짝 묻혀서 배변 패드 가운데다가 묻혀 주기도 하고요. 배변 유도재를 한번 사용해 보셔도 괜찮아요. 배변 유도제는 결국 암모니아 성분이에요. 강아지들 오줌에 암모니아 성분이 있잖아요. 그래서이 냄새를 통해서 그 공간에 오줌을 싸도록 유도하는 방법입니다. 배변 유도재 같은 경우는 싸요. 가격이 그렇게 비싸지 않기 때문에 물론 100% 성공하는게 아니니까 믿어야 본전이다라고 생각을 하시고 시도해 보셔도 괜찮습니다. 강아지들이 화장실을 결정하는 조건 세 번째는 청결입니다. 어, 강아지들마다 조금씩 달라요. 이거 사람도 그렇고 저 같은 사람은 별로 더러운 거 신경 안 쓰는 사람이거든요. 근데 어떤 사람들은 되게이 청결에 예민한 사람들이 있듯이 강아지들도 그런 아이들이 있습니다. 에서 최대한 자주 바꿔 주는게 조금 더 낮거든요. 진짜 청결한 아이들은 어떤 모습을 보이냐면 한 번 싼 패드에는 안 올라갑니다. 패드에 오줌 있으면 안 올라가요. 그런 아이들은 이제 제가 만든 이런 퍼즐 패드 사용하셔도 됩니다. 싼데만 바꿔 주는 이런 패드를 사용하면 조금 더 아이들이 원하는 화장실을 만들어 줄 수가 있습니다.네 번째는 위치입니다. 아이들 성격마다 조금씩 다른데 그래도 유동이 조금 적은 곳을 선호합니다. 여기서도 약간의 문제가 있는데요. 패샵 같은 곳에서 조그만한 공간이죠. 거기에 패드 다 깔아 놓고 아니면 화장실 있고 바로 옆에 밥그릇 있고 잘못 조금 있고 이래 버리면 이런 습성이 조금 못디어지는 경우들도 있습니다. 왜냐면 좁은 공간에서 싸고 자고 먹고를 다 해야 되기 때문에 그냥 먹고 자는데 싸고 싸고 자는 데서 먹고 이러는 모습이 나타날 수도 있어요. 하지만 본능적으로는 개뿐만 아니라 대부분의 동물들이 그래요. 돼지들도 돼지 농장가 보잖아요. 우리가 빨리빨리 안 치워 줘서 그렇지 한번 쫙 청소할 때가 있어요. 그럴 때 청소하고 나서 딱 들어가면 애들이 똥을 어디다 싸냐면 고개 내놓고 밥 먹는 곳 있잖아요. 거기 정 반대편에다 싸요. 그걸 바로 치워 주면 계속 거기다 쌀 텐데 사람들이 그거 다 치우려면 일 못 하거든요. 다 못 치워 주니까 똥이 막 이렇게 아무데나 쌓이기 시작하는 거죠. 그래서 동물들은 내가 자고 먹는 곳과 조금 먼 곳에서 싸는 걸 좋아한다. 이것 때문에 저는 우리 퍼피 아이들을 온종일 펜스에 가둬두면서 화장실 교육하는 거를 그렇게 추천하지 않아요. 펜스가 정말 넓지 않는다면 결국 아까 제가 말씀드린 것처럼 싸고 먹고 자는 공간이 완전 혼재돼 버리거든요. 데 많은 뭐 유튜브나 인터넷에서 펜슬을 조그맣게 쳐 놓고 밑에다 다 패드를 깔고 실수를 하지 못하게 하세요. 이게 어느 정도 일리가 있기는 한데 이게 부작용도 있다라는 거를 여러분들이 꼭 아셔야 돼요.이 펜스에다 가져 두는게 어느 정도 일리 있는 거는 아까 말씀드린 표면에 대한 선호도를 패샵에서 잘 못 배웠을 때는 어 밑에다가이 패드를 다 깔아 놓게 되면 거기서 계속 오줌을 싸게 되면서 아 이게 내 화장실이구나라고 인지할 수 있어요. 근데 부작용 중에 하나가 거기서 싸고 먹고 작고를 다 하면서 애들이 오줌을 싸 놓고 패드 위에서 눕기도 하고요. 이런 부작용이 발생될 수 있어요. 두 번째는 애들이 나중에 펜슬을 뺐을 때 내가 그동안 못가 본 공간이기 때문에 여긴 내 공간이 아니기 때문에 다른 공간들의 오줌을 더 막싸기 시작합니다. 실수는 당연해요. 아기 때 다 실수해요. 그러니까 그 실수를 조금 감수하더라도 처음부터 너무 펜스에 가둬 두려고 하지 말아라고 저는 말씀드립니다. 그래서 저는 어떻게 추천드리냐면 펜스는 있는게 낫다. 근데 애들이 언제 그 안에 들어가냐면 우리 보호자가 얘를 매눈으로 관찰하면서 실수를 예방하기 힘들 때, 예를 들어서 일을 할 때, 외출을 할 때, 잠을 잘 때만 펜스 안에다 두시고요. 그 이외에는 너무 펜스에 가둬두지 마세요. 이제 강아지들이 어떤 습성을 가지고 어떤 화장실을 선호하는지에 대해서 알았습니다. 그러면 이제이 습성을 이용해서 어떻게 습관을 만들어 줄까요? 우선 간식을 준비하세요. 간식을 진짜 조그맣게 잘라서 종이컵에 넣은 다음에 화장실 옆에 이런 찬장 같은데 항상 올려 놓읍니다. 우리가 바로 칭찬할 수 있게 하기 위해서. 화장실은 집의 평수나 크기에 따라서 조금 다른데 어차피 나중에 한 군데 두 군데로 좁혀질 거니까 최대한 여러 군데에다가 깔아놔 주세요. 왜냐면 아이들의 방관 과약근이 자는데 시간이 걸려요. 최소 5개월 정도는 걸리는데 그 전에는 화장실이 어디 있는 줄 알고 내가 저기로 가려고 하더라도 과약은 조절이 안 돼서 중간에 쏴 버릴 수 있어요. 그니까 최대한 동선을 짧게 도와줄 필요가 있습니다. 우리 아이들을 유심히 관찰을 할 건데요. 뭐 24시간 보고 있으라는 건 아닙니다. 근데 분명히 눈에 뜰 거예요. 오줌과 똥을 싸는 시간이 어느 정도 결정돼 있어요. 밥 먹는 시간만 일정하게 만들어 주면 남자들 군데 가서 똥 싸는 시간 딱 정해져 있듯이 강아지들도 거의 똑같이 돼요. 특히 새끼 강아지들은. 언제 똥주을 많이 싸냐면 아침에 자고 일어나서 30분 이내 밥을 먹고 30분 이내 그리고 열심히 뛰어놀고 30분 이내에 쌀 가능성이 높으니까 그때 매눈으로 관찰을 합니다. 그러다가 내가 봤어요. 얘가 패드에 올라가서 자세를 잡는 걸. 그때 호들갑 드시면 안 됩니다. 차분하게 기다리세요. 속으로만 웃으시면서 차분하게 기다리세요. 다 쌌을 때 그때가 타이밍입니다. 다 쌌을 때 칭찬 단어를 얘기해 주는데 보통 옳치 아니면 예스 뭐 북보이 이런 짧은 단어로 기쁜 목소리로 옳지라고 얘기해 주시고 준비해 냈던 간식을 패드 위에다 던져 주지 마시고 패드 밖에다가 세네 개 정도 던져 주세요. 이렇게 되면 우리 아이들은 내 본능대로, 습성대로 화장실에 올라가서 쌌는데 칭찬까지 받아요. 그럼 어떻게 될까요?이 행동은 습관이 됩니다. 여기서 주의할 점이 있어요. 절대로 패드 위에서 간식은 주지 마세요. 제가 아까 패드 밖에다 던져 주라고 했죠. 그 패드 위에다 싼 걸 칭찬하는 거지. 패드 위에 올라가 있을 때 칭찬하면 내가 올라가 있는 걸 칭찬한다고 생각하는 아이들도 있어요. 자꾸 패드 위에 간식을 올려 놓는다거나 그 위로 유도하고 간식을 주는게 화장실 교육이라고 예전에 떠돌았어요. 이거 진짜 큰일 납니다. 여러분들 식탁에서 똥어 좀 싸세요. 오히려 더 멀리 하죠. 제가 말씀드렸잖아요. 먹고 자는 곳과 떨어뜨리려고 한다고 화장실은. 근데 싸는 행동을 칭찬하는게 아니라 자꾸 패드 위에 올라가는 걸 칭찬하면 애들은 거기 밥그릇대요. 오히려 절대 그 재질 위에서 화장실 안 갑니다. 절대 쓰시면 안 돼요. 마지막으로 우리 화장실 습관 만들기에 주의할 점을 알려 드리겠습니다. 첫 번째로 실수할 수 있다라는 걸 인정해야 돼요. 사람들 우리 아기들 오줌동 가리는데 30개월 걸립니다. 30개월도 빠른 거라고 저는 알고 있어요. 강아지들 한 10개월 10개월이 뭐예요? 한 8개월만 고생하면 좀만 관대하게 기다리면 다 잘 가려요. 괜히 혼내고 몰랐고. 네. 사람도 30개월에서 뭐 40개월 정도 돼야지만 똥을 좀 가리거든요. 강아지들 8개월만 기다리면 괜찮아져요. 과약 잘하는데 시간도 필요하고 애들도 배우는데 시간이 필요합니다.이 습관을 들이는데 그래서 좀 실수할 수 있다라는 건 인정하고 그걸 알고 계셔야 돼요. 두 번째는 앞에 거랑 연결되는 건데요. 절대 혼내면 안 됩니다. 이게 진짜 중요합니다. 안 그러면 저 찾아오게 돼요. 많은 분들이이 오줌을 잘못 사는 거를 나중에 발견하고 강아지를 데리고 그 오줌에 가서 옵네요. 애들이 이해할까요? 절대 못 합니다. 강아지들은 행동과 결과가 딱 붙어 있어야지 이해해요. 오줌을 싸자마자 혼내거나 칭찬을 해야지만 내 행동과이 결과를 연결시킨다는 거예요. 보통 과학적으로 3초 이내 가장 좋은 타이밍 0.5초 이내. 그래서 제가 습관드릴 때 간식을 빨리 준비해 놓고 옳지라는 칭찬 단어를 사용하라고 말씀드린 이유가 그거예요. 싸고 나서 한참 뒤에 가서 혼내봤자 뭐야? 우리 가족들 왜 저래라고 생각을 하지? 아 내가이 오줌 냄새 나는데 엄마가 나를 데리고 와서 혼냈으니까 오줌 때문에 혼나는구나. 여기다 싸면 안 되지. 어떻게 이해요 그걸? 그러면 싸고 있을 때 혼내면 될까요? 아니죠. 우리는 얘가 우리가 원하지 않은 곳에 쌌어요. 싸고 있는 걸 발견했어요. 그래서 바로 혼냈어요. 그럼 얘기하고 싶은 건 뭐예요? 너 여기다 싸지마죠. 하지만 우리 아이들은 어떻게 이해할까요? 너 싸지마로 이해합니다. 이게 반복되면 어떤 아이들은 커튼 뒤에 가서 싼다거나 침대 밑에 가서 싼다거나 분리브란이 아님해도 보호자가 없을 때만 싸는 증상을 보이게 되고 저를 찾아오는데 이게 고치기 더 어려워요. 그래서 절대 혼내시면 안 됩니다. 실수를 했을 때는 어떻게 할까요? 많은 분들이 그냥 뭐 식초를 뿌린다거나 일반 탈취제를 쓰시는 경우가 있는데 저는 전문 제품으로 닦아주라고 말씀드립니다. 저는 유린노프 써요. 유린오프 미국 제품이고요. 이것도 저랑 아무 상관없고 저희 회사랑 아무 상관없습니다. 유리노프에는 오줌 안에 있는 유리액시드라는 요산을 분해하는 효소가 들어 있어요. 근데 대부분의 탈치제나 이런 것들은 우리 코에는 안 나는데요. 노산이나 이런 것들은 분해하지 못하기 때문에 우리보다 100만 배 정도 후각이 좋은 강아지들에게는 그런 냄새가 난단 말이에요. 그래서 실수했던데 또 계속 살 수 있어요. 그래서 저는 전문 제품 여기 보이시는 유리노프를 더 추천드리고 만약에 다른 제품으로 하신다면 요산을 분해하는 효소가 들어 있는지 이런 것들을 확인한 후에 구매하시는게 좋습니다. 또 하나 공간에다 계속 실수를 한다면 거기에 방해물을 설치하거나 아까 제가 말한 습성이 뭐죠? 먹고 자는 곳과는 조금 화장실을 분리하려고 한다. 오히려 거기서 반복적으로 밥을 주거나 간식을 주면서 놀이를 하시는 것도 아이들이 그 공간에서 안 싸게 하는 방법 중에 하나입니다. 또 많이 하시는 질문 중에 하나가 조준 실패예요. 애들이 한 두 다리만 올려놓고 싸서 옆으로 다 세는 거죠. 아니면 이제 수컷 같은 경우에는 마킹을 하는 경우도 있고요. 마킹을 한다면 이런 식으로 약간 벽에다가 걸 수 있는 패드를 사용하시는 것도 괜찮고요. 조준 실패라면 이건 교육으로론 힘듭니다. 이건 제가 실제로 해결한 사례인데요. 여기 보시는 사진처럼 펜스로 화장실을 둘러서 입구를 만들어 주고 화장실에 들어가려면 그 입구를 점프해서 통과할 수 있게 만들어서 습관을 만들어 주시면 나중에 펜슬을 떼도 아이들이 내 발을 다 올려 놓고 싸는 경우들이 많아요. 이건 교육으로 해결이 안 되니까 이렇게 관리적으로 해결해 주시고요. 마지막으로 우리 아이가 사람이 있을 때는 가족이 있을 때는 실수하지 않는데 보호자가 없을 때만 실수한다. 그러면 첫 번째로 아까 제가 말씀드린 것처럼 혼내지 않았나? 뭔가 쌀 때 계속 혼내지 않았나를 생각해 보시고 그런 적이 없다라고 한다면 이런 아이들은 분리안닐 가능성이 높습니다. 분리 불안인 경우에는 우리나라에서 제일 잘못된 정보가 많은게 분리 불안이니까 저희 채널에 있는 분리 불안에 관련된 걸 한번 확인을 해 보시고 정말 좀 심한 경우라면 저를 찾아와서 아니면은 행동 전문 수위사를 찾아가셔서 솔루션을 받으시는게 좋습니다. 네. 오늘은 제가 한번 쫙 정리해 봤어요. 화장실의 가장 기본이에요. 화장실 습관 만들기에 가장 기본적인 것들에 대해서 한번 정리를 해 봤는데요. 우리 퍼피 아이들 화장실 습관 만드는데 고생하시는 분들에게 좀 큰 도움이 됐으면 좋겠고요. 이거 말고 뭐 야외 배변이나 뭐 좀 이상하게 실수하는 경우들, 마킹 이런 것들 좀 복잡한 것들이 있어요. 그런 것들은 이제 기회가 된다면 제가 따로 한번 다뤄 보도록 하겠습니다. 다음번에 더 좋은 정보로 찾아오도록 하겠습니다. 또 놀러오세요. 안녕. 다",
98,https://www.youtube.com/watch?v=VvgET_oS9hY,VvgET_oS9hY,"Can Dog Walking Be Banned in Apartment Buildings? | Issue Check | Seol Chae-hyun, Behavioral Vete...",설채현의 놀로와 ,"트집 잡아서 강아지 꼴보기 싫는 사람들이 한번 투표를 시작한 거. 난 욕 먹어도 돼. 아, 이런 경우를 너무 많이 받기 >> 때문에네. >> 왜 걔를 밖에 데리고 다니냐라고 얘기하는 사람 되게 많거든요. 만약에이 아파트에서 저희 회사에 연락이 와서 그 똥궁투 제공을 해 달라 해 드리겠습니다. 이거는 이런 방식으로 해결하는 건 아니다. 머리 좀 더 조화롭게 살았으면 좋겠다라는 생각이 들고요. >> 안녕하세요. 설친이 여러분. 설현수사입니다. 오늘은 저 말고 한 명이 더 있습니다. 오늘 말할 주제가 더 혼자 하기 어려운 주제라 전문가를 모셔서 같이 얘기를 해 보고 싶어서 아 이런 얘기 해도 되나? 유튜브에서 >> 친구 돼요? 놀았네요. >> 네. 진짜 친한 친구를 얘기하는 그 친구 베인순 변호사를 모셨습니다. >> 아, 네. 반갑습니다. >> 네. 인순이 같은 경우에는 저랑 여덟살, 아홉살 막 이때부터 친구여서 초중고동창 >> 고3대 같은 반. 그리고 사실 대학교도 같이 카이스트를 갔다가 >> 저는 수위대로 도망갔고이 친구는 로스쿨로 도망갔습니다. 네. >> 우리나 과학의 미래가. >> 네. 그래서 지금까지도 저의 제일 친한 친구데 느끼셨겠지만 변호사하기 때문에 오늘은 좀 법적인 부분들에 대해서 제가 궁금한게 많았어요. 그래서 특히 좀 요즘 이슈가 되는 부분들이 좀 있어서 거기에 대해서 좀 여쭤보기 위해서 >> 얘기를 해보겠습니다. >> 네. 잠깐 홍보를 하자면 저희는 배변이라고 부르거든요. >> 훈련이 필요한 >> 네. 배변은 전문 분야가 어딘가요? >> 저는 형사랑 지식 재산 쪽을 많이 >> 지식재산. 네. 형사로 만나뵙는 거는 조금 안 좋은 일이니까 만약에 지식 재산 쪽으로 필요하신다면 우리 베인순 변호서를 >> 알겠습니다. >> 꼭 연락해 주시기 바랍니다. >> 네. 여기에 이렇게 연락처 >> 오늘 제가 이제 얘기해 보고 싶었던 것 중에 하나가 >> 사실 요즘 동물 쪽에서 가장 이슈가 되는 건 해병대원의 동물 학대 사건인데 >> 비비탄 총. >> 네. 비빈한 총. 근데 이건 좀 있따 얘기하겠지만 이견이 없잖아요. >> 그렇죠. 이견이 없죠. 동물학대에 해당. >> 동물학대에 해당하고 막 이견이 없을 거예요. 모든 사람들이 지금 비난하고 막 국민청원 올라가고 하고 있어요. 이건 뒤로 잠깐 밀어놓고 저는 개인적으로 조금 화가 나기도 하고 이건 전문가의 조언이 필요하다라고 하는 사건이 있었습니다. 최근에 충남 예산군에서 특정 아파트에서 입주민 약 460가구를 대상으로 단진의 지상공원에서의 반려견 산책을 금지하는 전자 찬반 투표가 일어났고 투표 결과를 보니 산책 금지 찬성이 203표 산책 금지 반대가 2011표로 두표차로 산책 금지가 결정됐어요. >> 어우 차이는 별로 안 났어요. 그 >> 저는 더 날 줄 알았거든요. 한 두 명만 바뀌었으면 다른 결과 나왔을 텐데. 네. >> 네. 이건 한 명만 바뀌었으면 동표가 나오는 거고 그렇죠. 두 명만 바뀌었으면 아예 이제 결과가 바뀌는 지금 투표 안 하신 분들이 정도가 있으니까. 어쨌든 이걸로 인해서 아파트 단지 내에서 강아지 상책 금지가 결정됐다라는 거죠. 저는 이걸 듣고 나서 이거는 법적으로 좀 문제가 있지 않을까? >> 문제가 있지 않을까 이제 이런 생각을 할 수 있죠. 그렇죠. >> 네. 그래서 이거에 대해서 한번 좀 많이 물어보고 싶었어요. >> 사실은 기본적으로는 아파트는 여름에 같이 타는 곳이고 하다 보니까 바원서에 동의가 있으면 꽤 많은 부분을 스스로 결정을 할 수는 있습니다. 다만 이제 극단적인 경우 활용 예를 들어서 뭐이 아파트에서는 주차 위반을 하면 발모가지를 자른다 >> 뭐 이런 걸 과반소로 했다 하면 그건 당연히 무효운 거거든요. 왜냐면 일단 헌법에도 위반될뿐만 아니라 >> 더 상위법이라는게 존재하는 거잖아요. >> 그렇죠. 이제 자치 규약에 불과한데 법을 어길 수도 없는 거고 헌법을 어길 수도 없는 거죠. >> 아파트 내에서 하는 거는 자치 규약인데 그 위에 상위법들이 >> 일단 모든 법들이 모두 자치 교약보다 위에 있는 것들이고 헌법은 법보다도 위에 있는 거기 때문에 더 위에 있는 거죠. 그렇죠? 헌법이나 법을 위반하면서까지이 자치 위약을 정할 수는 없다는 거예요. 그렇죠? 그러면 이제이 반려동물을 산책 금지하는게 창위법에 위반되는지 안 되는지가 결국은이 사건에서의 쟁점이 되는 거고 위반한다면 아무리 과본수 동의를 얻다고 한들 효력이 없는 거고 위반하지 않았다면 그 자체로 이제 받아들일 수도 있는 거죠. 지금 이거에 대한 정확한 대법원의 판단은 아직은 없습니다. 다만 반려동물의 소유 자체를 금지하는 거는 자치약이 무효라는 대법원의 판단은 있습니다. 반려동 소유 자체를 금지하도록 교약을 만든 적이 있는데 그건 이제 무효라는 판단이 났습니다. 대법원에서 >> 아 맞습니다. 났는데 산책 금질은 아직은 판단이 난 건 없어요. 건 없는데 상위법이 뭐가 있는지를 봐야겠는데 일단 헌법부터 보면 모든 사람들은 자신의 반료 동물을 산책시키면서 본인의 행복을 추구할 수 있는 권리가 행복 추구권이 헌법에 명시되어 있죠. >> 그렇죠. 반려 동물도 일종의 재산으로 취급이 되는데 자기의 재산권이 침해되는 결과도 있을 수 있기 때문에 >> 아 우리나라사 우리나라에서 지금 민법과 형법에서 개는 물건으로 되 >> 물건으로 그 물건 이걸지고 재산인 거죠. 그렇죠. 그러다 보니까 대상권 침매지도 >> 있는 거예요. 있는 거고 또한 동물보호법이 이제 목적을 보면 반려 동물들의 복지를 증진시키고 관료 종물의 행복에 관한 얘기들이 나오는데 동물보호법을 위반할 소지도 상당히 있다. 그렇죠. 전면적으로 선책을 금지시키는 거는 무효로 판단될 가능성이 굉장히 높습니다. >> 우리 배인순 변호사의 판단에 의하면 >> 이게 지금 대법원 판례는 없지만 이렇게 아파트 자치 규약 내에서 아무리 투표를 하고 그게 어떤 결과가 나왔든 강아지 산책을 금지하게 만드는 건 만약에 이게 민사 소송까지 들어간다면 >> 들어간다면이 교역체가 무효이기 때문에 효력이 없다. >> 나올 가능성이 훨씬 더 높다는 거고 가령 이제 이런 건 있을 수 있겠죠. 뭐 굉장히 이쁘게 조성되는 화단 일부라든지 아니 고가의 작품이 있는 곳이라든지 이런 데는 반려 동물을 데리고 들어갈 수 없다. 이런 식으로 이제 국한된 장소가 있다면 그거는 무효가 아니고 유효하다고 판단될 가능성이 높은데 전면적으로 금지시키는 거는 무효로 판단될 가능성이 굉장히 높다. >> 저는 당연히 이게 맞다라고 생각하는데 한번 조금 중립적으로 또 그냥 궁금증 개인적인 궁금증입니다. 그러면 헌법상에 내 행복 추구권도 있고 >> 뭐 나의 자유도 있을 거고 그런데 요즘 아파트들에서 담배는 못 피게요. >> 그죠? 담배도 사실은 헌법 재판스에 쟁점이 된 사례들이 있어요. 개인의 행복 추구권과 또 다른 개인의 건강권 이런 것들이 있겠죠. 그런 것들이 서로가 이제 맞물려 있는 상태에서 뭐가 더 우선돼야 되느냐 아니면 뭐가 더 중하게 보느냐 이런 것들 정쟁이 되는데 개인의 행복 추구권만으로 아무데서나 담배 피는게 허용될 수는 없다. 이게 헌법 재판소에서 결정을 내린 바 있거든요. 그걸 유추해 본다면 아파트 내에서 담배를 마음대로 피는 거랑 반려동물을 산책을 하는 거랑은 같이 보기는 힘들겠죠. 어, >> 그렇죠. 지금도 여기서 이제 투표를 한 이유 중에 하나는 분변을 치우지 않는다라는 민원 때문이에요. 근데 그 분변을 보는 것만으로 내 건강이 막 나빠진다거나 >> 그죠? 그런 건 아니죠. >> 그런 건 아니기 때문에 여기서는 대법원 판례에서 분변을 치우도록 유도한다거나 안 치우는 사람들을 뭐 페널티를 >> 주게하지 극단적으로 모든 계을 산책을 못 하게 하는 거는 무효가 나올 가능성이 크다. >> 굉장히 높다. 예. 그렇게 보는 거죠. >> 네. 그러면 저 궁금한게 지금 뭐 규약 변경도 아니고 대법원 판결에서 무효가 날 수 있어요. 그런데 이제 또 그럴 거예요. 저는 이제 이런 지식이 쌓여서 산책을 해요. 근데 누군가가 와서 우리끼리 찬성했으니까 너 이거 잘못한 거야. 하지 마라고 얘기했을 때 이거의 법적 다툼은 어떻게 되나요? >> 사실 이제 그렇게 되면 결과적으로는 이제 소송으로 다투는 수밖에 없는게 현실이에요. 왜냐면 누군가가 판단을 지어져야 되는데 판단을 지어준 사람은 판사다 보니까 불러가는 모양을 보면 이렇게 했죠. 누가 와서 야 뭐 험악한 소리를 한다. 귀약이 이러니까 산책하지 마. 그럼 저로서는 경찰이 협박제로 신고를 할 수 있겠죠. 경찰이 와가지고 협박제가 문제가 될 수도 있고이 교역 자체가 유효한지 무효한지 이런 거에 대한 판단을 받아볼 기회가 생기겠죠. 그 이런 식으로 이제 해결이 되는 겁니다. 뭐라 한다고 해서 내 힘으로 같이 와서 싸우는 거는 아무래도 허용이 안 되다 보니까 법적 판단을 받는 방법으로 해결을 볼 수밖에 없는 거 같아요. >> 현대 사회화 되면서 특히 아파트 내에서 반력견 똥을 안 주는 경우가 많지 않아요. >> 적죠. 예. 거의 다 요즘 보시면 산책할 때 다 똥봉투를 갖고 다닙니다. 근데 여기서 이제 몇 가지 문제점들이 발생하게 되는데 첫 번째로 산책할 때 유튜브 보지 마세요. >> 그렇죠. >> 제가 진짜 많이 봤는데 >> 저 하신 말씀어. >> 특히 나 혼자 다닐 때는 괜찮아요. 근데 강아지 산책할 때 유튜브 보지 마셔야 되는게 제가 지금까지 한 두 번 봤어요. 강아지랑 산책을 할 때 이제 유튜브를 보면서 가요. 그럼 강아지가 그렇게 큰 냄새 맞고 있을 때 옆에서 기다려 주잖아요. 근데 그때 얘가 똥을 싸요. 이걸 보느라 못 봐. >> 똥 싼 걸 몰라. 분명히 똥봉투는 다 붙어 있어요. >> 근데 얘가 이제 똥 싸고 움직이니까 그냥 따라가요. >> 똥 싼 걸 모르니까 그냥 가는 거지. >> 모르니까 가는 경우들이 있고요. 그리고 가끔씩 이런 경우가 아주 많지 않은데 화단이나 이런데 있는 똥들은 이게 개똥이 아닐 수 있어요. 고양이 똥일 가능성도 있어요. 네. 고양은 애들이 똥싸고 대부분 이렇게 바닥에 묻으려고 하지만 잘 안 묻히는 경우들이 있거든요. >> 그러면 산책시에 생긴 개의 똥이 아니라 고양이의 똥인 경우도 있습니다. 그래서 우리 보호자분들한테 말씀드리고 싶은 거는 산책할 때는 얘네들은 우리 사람처럼 자기가 행동을 조절하고 이런 능력이 약하기 때문에 딴청 피지 말고 얘한테 좀 더 집중해. >> 집중을 해야 됩니다. 그렇죠? 예. 그 사실 집중하지 않고 있다가 강아지가 다른 사람들을 물거나 이런 경우도 동물 보호법에 또 처벌 규정이 >> 있거든. 맞아요. 동물 보호법이 동물을 보호하는 것도 있지만 동물이 다른 사람한테 피해를 주는 것도 >> 더 강하게 처벌하는 것도 들어가 있습니다. >> 맞습니다. 그게 이제 있어 가지고 관심을 가질 필요는 당연히 있다고 저도 생각을 합니다. >> 저는 투표 결과도 상당히 이례적이라고 생각했어요. 강아지를 키우는 사람은 평균적으로 봐도네 가구 중 한 가구예요. >> 보통 이거는 있는 사람과 없는 사람의 싸움 불공평한 싸움이었죠. >> 그죠? 예. >> 투표로 보면 >> 키우지 않는 사람 입장에서는 굳이 그렇죠. 어 이거를 내 입장에서는 조금 더 뭐 안 보이면 좋지 이렇게 생각을 해 버리면 한 4대 1 정도로 나와야 되거든요. >> 근데 거의 반반이 나왔다라는 거는 저는 오히려 약간 희망적이다라고도 생각했어요. 많은 사람들이 >> 내가 안 키워도 아 동물도 산책을 해야지 이걸 왜 막아 >> 옆에 또 그런 강아지 있으면 또 기분도 좋아지지 않나 저 뭐 저 개인적 의견입니다. >> 네. 네. 그래도 이렇게 뭔가 이런 투표를 한다는 거에 저는 너무 쉬운 방법을 택하려고 한다. 사회적에 뭔가 불란이 있었을 때는 좀 더 잘 해결할 수 있음에도 불 >> 잘 해결할 수 있는 방법들이 있잖아요. 그런데 그냥 쪽수로 밀어붙이는 쉬운 방법을 선택하려고 하는 것 자체를 좀 피해야지이 사회가 좀 더 조화롭게 잘 간다라고 생각하는데 저라면 이런 방법을 택할 수도 있어요. 변을 처리하지 않아서 문제가 된다라고 한다면 뭐 자취약을 만들 수 있다면 강아지 키우는 사람들끼리만 관리비를 조금 더 내고 그 돈을 가지고 분변 봉투 같은 거를 배치하는 방법도 있거든요. 아파트 내에 CCTV 되게 잘 돼 있잖아요. 모니터나 고원이나 이런 데는. 그 안 치운 사람들을 처벌을 해야 되는 건데 멀쩡하게 잘하고 있는 사람들까지 다 피해를 줄 수 있는 이런 쉬운 방법을 택한다라는 거는 아 이건 조금 좀 안 좋은 방법이다. >> 실제로 이게 자치 어겼을 때 뭐 위반금을 부과한다거나 그런 것도 법적으로 가능은 합니다. 물론 이제 처음부터 유한을 부과할 수 없고 뭐 경고도 조치를 한다든지 의견짓를 듣고 이런 것들이 있긴 한데 저도 그런 방법을 충분히 선택할 수도 있었을 것 같은데 갑중 투표 딱가 가지고 이제 이제부터 금지 이러는 건 좀 세다. >> 그러니까 제 개인적으로는 솔직하게 말씀드릴게요. 트집 잡아서 강아지 꼴 보기 싫은 사람들이 한번 투표를 시작한 거 연 먹어도 돼. 아 이런 경우를 너무 많이 받기 때문에 >> 네네. 왜 걔를 밖에 데리고 다니냐라고 얘기하는 사람 되게 많거든요. 만약에이 아파트에서 저희 회사에 연락이 와서 그면 똥봉투 제공을 해 달라 해 드리겠습니다. 이거는 이런 방식으로 해결하는 건 아니다. 그리고 만약에 이거를 법적으로 싸우게 된다라면 무효화 될 가능성이 상당히 많다. >> 높다. 어 높다. 예. 그렇게 봅니다. 예. 아 안했으면 좋겠어요. 그 왜냐면 제가 이런 얘기를 하는 이유는 강아지 키우는 사람들이 항상 죄책감에 살아요. 언론이나 이런 데서 보면은 항상 조심해야 될 거 같고. 저도 그래요. 예전에 엘리베이터 타면 안에 사람 있으면 사람들 어 죄송합니다 하고 강아지 앞에 있다가 막 뒤로 갖고맞게 되죠. 말 >> 물론 이제 조심도 해야겠지만 머리 좀 더 조화롭게 살았으면 좋겠다라는 생각이 들고요. >> 이게네 마리를 향해서 한발의 비비한 총을 난사했다. 그래서 한 마리가 사망. 근데 이게 비비탄 총 맞고 사망하려면 이제 수위학적인 걸로 봤을 때 엄청 많이 쏘지 않았을까? 또 가까운 거리에서. 네. 실제로 FBI에서도 동물학대는 인간대상 폭력의 측표로 사용합니다. >> 연세 살인까지 가는 사람들이 첫 시작이 어디냐? 가장 약한 존재. 말을 못 하고 자기 변호를 못 하는 존재. >> 동물부터 시작을 한다는 거예요. >> 난 그게 너무 화가 나. >> 그러니까 >> 어 난 솔직히 너무 화가 나.",
99,https://www.youtube.com/watch?v=RZWxxahvTc4,RZWxxahvTc4,동물 학대 처벌의 현실🤬 비비탄 사건부터 입마개 논란까지! l 이슈체크 l 설채현 행동학 수의사,설채현의 놀로와 ,"네 마리를 향해서 한 마에 비비한 총을 난사했다. 그래서 한 마리가 사망. 근데 이게 비비탄 총 맞고 사망하려면 이제 수학적인 걸로 봤을 때 >> 엄청 많이 쏘지 않았을까? 또 가까운 거리에서. 네. >> 실제로 FBI에서도 동물학대는 인간 대상 폭력의 예측 지표로 사용합니다. >> 저는 개변이 되겠다. 아 >> 걔들의 변호사가 되겠고. 얘들이 말을 못 하니까 >> 얘네들의 목소리를 나라도 얘기해 줘야겠다. >> 오늘 말할 주제가 더 혼자 하기 어려운 주제라 전문가를 모셔서 같이 얘기를 해보고 싶어서 진짜 친한 친구를 얘기하는 그 친구 베인순 변호사를 모셨습니다. >> 아 반갑습니다. >> 네. 최근에 충남예산군에서 단진 지상공원에서의 반력 산책을 금지하는 전자 찬반 투표가 일어났고 >> 투표차로 산책 금지가 결정됐어요. >> 어 >> 저는 이걸 듣고 나서 아 이거는 법적으로 좀 문제가 있지 않나? >> 있지 않을까? 두 번째로 또 한번 얘기해 보고 싶은 게 >> 이거는 이제 모든 분들이 알고 계실 것 같습니다. 지금 보시는 것처럼 6월 8일 오전 1시경 새벽 1시죠. 새벽시죠. 예. >> 네. 경남 거제 한 식당 마당에 묶여 있던 개네 마리를 향해서 해병대 현역군인 두 명과 민간인 한 명이 수백에서 수천 발의 비비한 총을 난사했다. 그래서 한 마리가 사망. 근데 이게 비비한 총 맞고 사망 수학적인 걸로 봤을 때 엄청 많이 쏘지 않았을까? 좀 가까운 거리에서 네.이 >> 비비탄 총이 상당히 강해야 되고요. >> 일반 비비탄보다 더 센 >> 특정한 의도를 가지고 해야 돼요. 아니면 이것뿐만 아니라 다른게 같이 들어갔을 수도 있습니다. 그러니까 뭔가 다른 외력이 가해졌을 수도 있죠. 네. 그러니까 제 상식으로는 비비탄 총이 정말 세서 이걸 뚫고 들어가지 않거나 >> 아니면 뭐 입 안에 넣어서 한다거나 눈에다가 대고 쏜다거나 >> 뭐 코 안에다가 대고 쏜다거나 이런 거 아니면 >> 실제로 사망에까지 이렇게 쉽지 않을데. 아니면 CCTV를 더 자세히 봐야겠지만 나머지 두 세 마리는 치아 봐봐. 치아 안구등 심각한 부상. 그래서 이게 정식권이 됐는데 >> 저는 솔직히 좀 걱정이 있어요. >> 어떤 걱정이에요? >> 제가 아는 많은 경우들에 동물 보호법상 이런 동물 학대가 인정됐을 경우에 3년 이하의 징역 3천만 원 이하의 벌금으로 알고 있는데 >> 대부분의 동물 학대가 >> 제가 어디 가서 강의할 때도 되게 많이 얘기하는게 동물 보호법이 있으면 뭐 하냐?이 이 법을 시행하는 사람들이 그렇게 잘 안 하는데 그래서 대부분 벌금형 >> 벌금이나 집행가 많죠. >> 진짜심에도 집유 집행가 나오는 경우들이 많아서 저는 그게 지금 좀 걱정이 되는데 요즘 판례나 분위기 봤을 때 좀 얻아요. 확실히이 동물 학대로 처벌 받을 때 사실 5년 전까지만 해도 실령 사례가 하나도 없었습니다. 최근들어 실령 사례는 많이 늘어나고 있어요. 많이 늘어나고 예. 드러나고 있고 사실 벌금 같은 경우는 약식 기소라 그래서 재판도 없이 끝나는 경우들도 있는데 약식 기소가 아니고 실제로 재판까지 가는 경우가 더 많아졌고 그래서 이렇게 서벌 수위가 높아지고 있는 거는 사실이에요. 사실인데 우리가 보통은 이제 결과만 보는 경우들이 많죠. 형량이 어떻게 정해졌다. 근데 그 속에서 실제로 뭐 합의가 됐는지 안 됐는지는 정확하게 드러나지 않는 경우들도 굉장히 많아요. 근데 이제 정말 사람의 뭐 예를 들고 팔을 잘랐다 이런 것들은 합의가 되더라도이 사람이 더 효율증이라든지 고통을 고려해서 합의의 효과가 좀 적은 경우들이 많은데 이제 강아지들 같은 경우는 결국은 근본적으로는 물건으로 본단 말이에요. 그렇죠. 그러니까 물건이 손상되고 합의한 거랑 사람이 아예 손이 하나 다치고 합의되는 거랑은 다를 거 아니에요. 그렇죠? 그러니까 합의 효과가 훨씬 큰 거예요. 그렇죠. 동물을 학대한 거는 어떻게 보면은 상위법상에서 재물 송계 같은 >> 재물 송계랑 사실 옛날 법정도 똑같았습니다. 똑같은 때가 있었습니다. 그러다 보니까 이제 아무래도 합의를 하는 경우는 처벌 수위가 확 낮아지죠. 어, 흥지고 그런데 그럼에도 불구하고 처벌수가 높아지는 거는 사실입니다. 실령 사례들이 꽤 많이 등장하고 있습니다. >> 제가 그래서 방금 찾아봤어요. 주요 실형 사례. 2023년 5월에 번식 농장에서 상품성이 떨어진 동물을 지속적으로 확대한 혐의로 >> 동물 보호법 위반 징역 3년 선고. 여기도 실령. 그리고 고양이 학대 징역 2년 6개월. 그리고 부산에서는 새끼 고양이를 바닥에 던지고 물 구문하는 등세시간 이상 학대 징역 4개월. 이런 진짜 실령 사례들이 있네요. >> 이게 근데 보시면 알겠지만 기간에서 2023년 25년 막 이렇잖아요. 제가 알고 있기로도 21년 22년 되면서 이제 실례들이 나타나기 시작을 했고 그게 아무래도 결국은 반려인들이 많아지고 관심이 높아지는게 다 영향을 미치는 거거든요. 물론 이제 지금 통과는 안 됐지만 동물을 물건이 아닌 동물이라는 하나의 또 다른 개념 어 등장시키자라는 것들이 요론도 많이 생겼고 민법 개정안도 있긴 했었죠. 통과는 안 됐지만 그렇게 관심이 늘어나다 보니까 혁명도 계속 높아지고 있는 거고 앞으로도 더 높아질 영향이 크다고 봅니다. 그리고 동물학대로 이제 고소를 했을 때이 경찰이나 검찰의 수사 기간의 반영도 많이 달라졌어요. >> 그 예전에 전 그것 때문에 너무 화가 났었어. 예전에는 고소를 해도 아 뭐 약간 이런 느낌이 좀 왜 이걸 깎고 그래 개 갖고 그래 약간 >> 외국 왜 아 저희 바쁜데요 이런 느낌이 굉장히 셌다면 지금은 그런게 거의 없어졌어요. 예 조금조 조금씩 변해는 가고 있습니다. 긍정적인 변화적으로 >> 저도 그걸 느낀게 뭐냐면 예전에는 우선 경찰에서 기소 자체를 잘 안 하거든 >> 잘 안 하죠. 그렇죠. 예. >> 기소를 해도 검찰에서 좀 귀찮아 하는 거 같은 >> 그죠. 아고 적당히 합의하면 좋지 않을까요? 굳이 전가자를 만들 필요가 있을까요? 이런 전제가 약간 많이 느껴졌었거든요. 예. 아. >> 네. 제가 이제 이번에 사실 뭐 교육을 빙자한 학대 사건에 대해서 경찰, 검찰에 이렇게 속연서를 네. >> 써서 계속 보냈었어요. >> 근데 제가 해서 그런지 모르겠지만 되게 열의를 가지고 저한테 >> 어, 이거에 대한 추가 자료를 부탁드려도 될까요? >> 오, >> 제가 심지어 미국에 있었는데 그때 >> 새벽에 일어나서 저도 막 열심히 써서 보내 드렸고 막 이래서 아, 이제 조금 바뀌는 건가? 아니면 이분들만 이런 걸까? 바뀌고 있는 건 저는 확실히 느끼고 있어요. 많이 느끼고 있어요. 진짜로 한 5년 전이랑 생각해도 많이 달라요. 많이 달라서 예전에는 고소를 해도 사건이 진행이 잘 안 돼요. 그리고 동물학대 사건들이 시골 같은 데서 일어는 경우들이 꽤 많거든요. 그럼 CCTV도 없는 경우가 대다수고 그러다 보니까 수사도 사실은 좀 힘들긴 해요. 경찰들이 계속 돌아다니고 해야 되는데 약간 귀찮다는 느낌이 좀 다를 때가 있죠. 아 왜 지금 더 급한 것도 많은데요. 이제 이렇게 될 때가 있죠. 예. 이거 제가 근데 꼭 얘기하고 싶은게 제가 왜 이거 동물학대를 계속해서 우리가 관심을 가져야 되는지 얘기를 할 때 이게 우리를 위한 일이라고 얘기를 하거든요. 왜냐면 강력 범죄와 관련된 사람들은 70%의 동물학대 범죄자가 동물학대뿐만 아니라 폭행 살인 등의 다른 범죄를 일으켰다라는 통계도 존재해요. 저도이 사건을 벌써 느꼈던게 강아지한테 비비하는 수백발 쏜다는게 일반적으로 너무 이해하기 힘든 수준이잖아요. >> 거의 약간 우리가 말하는 사이코패스 같은 느낌이죠. >> 그 이런 느낌은 진짜 약간 2차 3차 범행으로 이어질 가능성도 높은 그리고 과연 이게 처음일까라는 생각도 많이 드는 그런 모습인 거 같아요. 물론 이런게 그 형벌을 정확히 좀 고려 되지 않을까 이런 생각도 좀 합니다. 동물 학대에 대해서 처벌를 하자고 하고 그러면 지금도 우리도 분명히이 댓글에 알죠? 유튜브에 이상 댓글 다시는 분들이 와서 뭐 이거 뭐 그러냐 이러는데 이게 왜 중요하냐면 실제로 FBI에서도 동물학대는 인간 대상 폭력의 측표로 사용합니다. >> 사람에 대해서 폭행 폭력을 쓴다거나 아니면 나중에 살인 그리고 더 가서는 연세 살인까지 가는 사람들이 첫 시작이 어디냐? 가장 약한 존재. 말을 못 하고 자기 변호를 못 하는 존재. 네. 그래서 이거를 실제로 제가 알기로 미국이나 유럽에서는 동물 학대범들을 범죄 예측 지표로이 사람들을 따로 관리를 하면서 다른 범죄가 일어났을 때 이제 >> 예방적 효과를 가지려고 하는 거죠. 네. >> 동물한테 이러냐 이렇게 생각하는게 아니라 동물 확대범을 처벌하는 거는 사실 우리를 위한 일이다라는 거를 저는 여러분들이 꼭 알았으면 좋겠고 >> 또 이제 얘기해 보고 싶은 거는 지금 이제 보여 드릴 영상도 되게 화가 나는 영상인데 >> 내 발이 달린 채 >> 버려졌어요. >> 내 발이 달린 채 >> 내 발이 달 잘린 채이 아이가 구조를 받았는데 지금 보이는 영상처럼 발 하나만 잘린게 아니에요.네 발이 잘려 있어요. >> 그러니깐요. 예.지 이게 이거 무서워요. 이거는 진짜 사람한테 갈 수도 있어요. >> 그렇죠. 예. >> 저는 어떤 아이들은 많이 봤냐면 치골에서는 한 발 잘린 애들은 많아요. >> 차에 취향 >> 아니 이게 덫 >> 아 덫 아이 >> 산에 놀러 갔다가 >> 아네 네네 >> 노르나 멧돼지 잡으려고 놓은 덫에 팔 꼈다가 빠져나오려고 하다가 오히려 이제 발이 절단돼서 나오는 경우들이 있는데 이거 내 발이 잘린 거는 절대 사고일 수가 없어요. >> 인위적인 고의성 짙은 뭔가 개입됐을 가능성이 있. >> 당연히. 네. 고성입면 지금 이거는 CCTV 안 잡혔겠죠. >> 사실 잡기 힘들죠. >> 어 그러면 이제 만약에 용의자를 찾아낸다고 하더라도 결국에는 사고로 이런 거예요. >> 그렇죠. 알 수가 없는 거고 그리고 강아지가 말을 못 하니까 그죠. 물어볼 수도 없는 거고 발생 장소 정도를 알아야 뭐 CCTV를 그 주변에 탐문하든 할 텐데 그런 것도 너무 힘들고 하니까 현실적으로 잡기는 굉장히 어려울 것 같지. >> 그리고 또 하나가 이게 동물 학대를 처벌하기가 어려운게 저도 지금까지 아는 동물 학대들은 대부분 지금처럼 이렇게 CCTV가 있거나 아니면 인터넷 방송하다가 애들 학대하는게 잡혔거나 막 갖다 던지고 막 이러는 게 >> 실제로 그런 영상 유포하는 것도 보호법에 처불 조언게 있습니다. >> 네. 그런 것들 이외에는 잡아내기가 쉽지 않고 만약에 사람 같은 경우에는 그렇게 되더라도 법이학이라는게 많이 발달돼 있잖아요. 그죠? >> 예를 들어서 우리 그것이 알고 싶다 해서 많이 보는데 >> 거 분석을 해서 >> 상처의 모습을 보고 >> 이게이 사람이 말한 대로 어디서 떨어져서 다친 상처인지 아니면 툭친 상처인지 아니면이 정도의 외력이 가해져야지 생길 수 있는 문제인지를 밝혀내는 법의학이 많이 발달돼 있는데 수위 법이학은 들어본 적도 없으시고 >> 아직 없죠. 예. >> 네. 이게 상당히 어렵고 우리나라가 이제 외국에서 조금 >> 배워시는 분들이 계시는 정도거든요. 그러다 보니까 가해자가 부인을 해 버리면 >> 어려워요. 밝혀내기가 너무 어려운 거죠. >> 사실 많은 형사 사건의 피해자의 진술이 굉장히 좋은 증거가 되는데 피해자의 진술이 없는 거죠. 그렇죠. 어, 피해자 진술 없이 범죄를 입증한다는게 어려울 때가 상당히 많습니다. >> 제가 그래서 항상 얘기하는게 제가 만약에 변호사하면 설변, 김씨가 변하면 김변 이러잖아요. 그래서 우리 베인수 변호사 배변이라고 우리가 부르잖아요. >> 저는 개변이 되겠다. >> 걔들의 변호사가 되겠다. 얘들이 말을 못 하니까 >> 얘네들의 목소리를 나라도 얘기해 줘야겠다. 어, 나 그래서 제가 이제 개변이 되고 싶다고 하는데 사실 그게 너무 안타까워요. 애들이 말을 못 하기 때문에 >> 더 뭔가 학대를 받는 거 같고 >> 동물학대가 굉장히 이중에 어려움이 있는게 사실인데 제가 경험했을때 안타까운 사례들은 또 어떤게 있냐면 옆집에서 막 강아지가 막 깨거리고 누가 봐도 부타를 당하고 있는 느낌이 드는 거예요. 라이브 방송을 켜고 막 그 현장입니다. 뭐다 이렇게 했어요. 그분은 나와서 하는 얘기가 어 나는 걔를 때린 적이 없고 >> 얘가 엄살 부린 거다. >> 내가 뭐 약을 주사를 한 거다. 이런 식으로 이제 얘기를 하면서 동물학대 혐의에서는 그분이 벗어났어 말이에요. 이제 문제가 뭐냐면 촬영하고 이랬던 것들이 명예손이 문제가 되는 경우들도 있고 그 >> 집에 막 들어가는게 주거칩이 문제가 되는 경우들도 제가 봤어요. 근데 그런 것들은 나는 뭔가를 알리겠다라는 마음으로 접근을 했는데 부분이 굉장히 큰 손해를 있게 되는 경우가 있다는 거예요. 그런 것들을 좀 주의할 필요가 있다. 저는 그렇게 봅니다. 되게 너무 안타까운 사건이었거든요. 예. 아, 우리 법적인 거 여쭤보다 보니까 하나 더 좀 얘기해 보고 싶은데 우리나라에서 지금 법적으로는 대형견들이 맹견들만 입마개를 하게 법적으로 되어 있습니다. >> 인마 다섯 종인가 있을 것 같네 >> 네. 근데 많은 사람들이 뭔가 잘못된 인식을 가지고 모든 >> 입건 해야 된다. >> 모든 대형견들은 다 입막개를 해야 된다라는 법적으로 아무것도 아닌데 이거를 이렇게 얘기를 하거든요. 지나다가 문제가 없는 아주 잘 산책하고 있는 계획에 입를 하라고 말만 한다. 입마개하세요. 여기까지는 별 문제 없다. 그러니까 뭐 이건 그냥 개인간의 문제다. >> 근데 만약에 강요를 하고 싸움이 일어나고 소리를 지른다 이러면 이건 어떻게 됩니까? 그건 이제 그 강요를 어떻게 했는지 소리를 어떻게 질렀는지를 보긴 봐야 돼요. 소리만 질렀다고 해서 다 처벌할 수는 없고 강요든 뭐든 일단 기본적으로 협박이 전제됐을 때는 형사적으로 처벌할 수 있는 개념으로 접근을 하는 겁니다. 협박이라는 거는 개념으로 보자면 이제 공포심을 주는 거거든. 자, 목줄 하세요. 이것까지는 사실은 처벌할 수 있는 조항은 없고 너 목주로 안 하면 내가 어떡해? 뭐 이런 거 있지 않습니까? 이제 그런 개념으로 가면 이제 협박이 되는 거고 협박으로함으로써 의무리를 강제로 하게 하는 경우가 강요죄가 되는 거고 아마 이제 소리 지르는 것만으로 처벌할 수 있는 조항은 아직 뭐 현재는 없습니다. 현재는 없고 결국 언론의 문제네. 자꾸 언론들이 대형견들은 다 입계를 해야 된다라고 얘기를 하거든요. 법적으로 안 해도 되는 건데 솔직히 이렇게 지나다니다가 헬멧 안 쓴 오토바이 지나가면은 멈춰 세우고 헬멧 쓰라고 해요. >> 그렇지 않죠. >> 근데 왜 걔들한테만 자꾸 그러는 거야? 제가 그런 적이 있거든요. 실제로 대형견 중학생 정도 돼 보였어요. 남자인데 너무 산책을 잘하고 있길래 제가 운전을 하다가 되게 뿌듯하게 쳐다보고 있었어요. 우리가 이렇게 루즈리라고 하거든요.이 줄이 딱 느슨한 상태로 보좌 옆에서 적당히 딱 붙어서 아주 느긋하게 산책을 하고 있는데 어떤 오토바이를 다던 아저씨가 차를 세우고 막 소리를 드리는 거예요. 그 애랑 강아지한테. 그래서 창문을 내리고 봤더니 막 입마개를 해야지 이런 게를 왜 데코났어 막 소리 지르고 있길래 내가 그 옆에 가서 차 세우고 와이프 같이 타고 있었는데 와이프가 막 말렸어. 어, >> 아저씨 헬멧 쓰세요. 도망갔어. 우리가 어디 길을 가다가 솔직히 헬멧을 안 쓴다거나 뭐 잘못한 거 조금 있는 거 다 코치코치 얘기하고 다녀요. >> 그러진 않죠. 예. >> 근데 왜 잘못하지도 않은 거를 억지로 얘기를 하고 그냥 난 그게 너무 화가 나. 그러니까 >> 난 솔직히 너무 화가 나. >> 언론사분들도 무조건 제가 막 이렇게 욕하고 싶은게 아니라 이게 분위기가 그렇게 조장이 되다 보니까 아, 지금도 그렇게 해야 되는 줄 알고 계시는 분들도 계실 거예요. >> 네. 근데 그게 아니라는 거를 저는 꼭 한번 말씀드리고 싶고 이게 한번 이러다 보니까 사회적 분란이 일어나요. 나는 법을 안 지킨게 아닌데 누가 자꾸 강요를 하고 거기서 싸우는 일들이 벌어지거든요. 그래서 언론에서도 한번 이거를 제대로 좀 바로 주셨으면 좋게 좋겠다. 심지어서 어떤 분들은 고프로를 차고 산책을 해요. >> 분쟁에서 이제 증거를 남기기 위해서 아네 >> 근데 또 문제는 뭐냐면 이렇게 해서 싸워서 경찰을 부르잖아요. >> 그럼 경찰분들 이거에 대해서 잘 모르니까 입마개를 하라고 얘기하시는 분도 계세요. >> 아 그럴 수 있죠. 예, 이게 문제가 많아요. >> 충분히 충분히 그럴 수 있습니다. >> 이걸 한번 짚고 넘어가고 이거는 우리가 사회적으로 어느 정도 해결을 해야 된다. 물론 좀 공격적이고 이런 아이들 다 알거든요. 전 그런 애들은 먼저 해. 안 그러면 당신 잘못이다. 이게 꼭 해라. 근데 그보다 훨씬 많은 대형견들이 솔직히 소연견들보다 공격성도 적다라고 하는 거는 연구 결과로 다 나와 있고 훨씬 더 산책 잘하고 이런 애들이 많아요. 근데 이런 애들까지 다 피해를 보게 할 순 없다. >> 없는 거다. 그래서 저는이 부분에 대해서도 한번 좀 얘기를 해 보고 싶었습니다. >> 네. >> 동물과 관련된 이런 법적인 이슈가 있을 때 조금 귀찮을 수도 있는데 제가 배변을 >> 저는 언제든지 좋습니다. >> 네. 자주 또 이러다 보면 동물과 관련된 법적인 문제가 생겼을 때 우리 배한테 연락이 갈 수도 있어요. >> 동물 관련된 것들을 해보면 좀 가볍게 생각하는 경우들이 되게 많고 >> 다 아까 얘기했던 >> 법을 집행하는 사람들이 >> 그렇죠. 당사자분들은 굉장히 마음이 급한데 저도 마음이 급한데 비일이 굉장히 늦게 잡힌다든지 조사기를 잡꾸 조사를 해야 되는데 조사기 계속 밀린다든지 이런 경우들이 굉장히 많습니다. 계속 개선은 되고 있는데 뭐 제가 수사를 하는 사람은 아니지만 계산할 수 있도록 노력을 해보겠 하 하도록 하겠습니다. >> 그래도 아까 보니까 실제로 이렇게 실령을 받은 판례들이 생기고 있고 >> 차근차근히 좋아지는 모습들은 있는 거 같다. 그래서 우리가 계속 이렇게 관심을 가지고 국민 청원이나 이런 것들이 법을 집행하는 사람들이 다 볼 거 아니에요.음. 이만큼 사람들이 화를 내고 있고 관심을 가지고 있구나라는 걸 보여주는 거 자체가 변화의 계기가 되는 거죠. 네는 좋아다. 저는 그렇게 생을 합니다. >> 저도 그 부분에 대해서 더 노력해서 저 항상 얘기하는 강아지들만 행복해도 안 되고요. 사람만 행복한게 아니라 이게 같이 행복할 수 있는 사회가 분명히 저는 가능하다고 봅니다. 너무 적대시 하지 말고 그런 사회를 위해 저도 열심히 노력을 하도록 하겠습니다. >> 저도 열심히 돕겠습니다. >> 오늘 나와 주셔서 너무 감사드리고요. 네. 우리 배변은 형사 사건이 아니라 지식재상권과 관. 왜냐면 카이스트를 졸업했기 때문에 >> 네네. 네. 사 쪽으로도 이치성권 쪽으로도 상당히네. >> 네. 아, 부끄럽네. >> 네. 유능합니다. 그래서 그쪽으로 우리 베인승 변호사를 >> 만나는 기회가 생기셨으면 좋겠습니다. 네. 저는 다음번에 더 좋은 정보로 찾아뵙도록 하겠습니다. 또 놀러오세요. 안녕. >> 안녕. 감사합니다.",
100,https://www.youtube.com/watch?v=2OaVR46dsWM,2OaVR46dsWM,"🚨Overexcited🚨 Dogs Could Be Having a Brain Problem 🧠 | Seol Chae-hyun, Behavioral Veterinarian",설채현의 놀로와 ,"제가 계속 답답한 경우가 뭐냐면 어차피 지금 아무리 가르쳐봤자 듣지 않는 아이들한테 소리 지르고 안 된다고 하고 저는 너무 안타까운 거예요. 그렇게 해봤자 되지 않고요. 대부분 사람의이 질병과 연관되어 있어요. 인터미턴트 익스플로시브 디스워더. 간적 폭발 장애입니다. >> 안녕하세요. 설치 여러분. 설치연수입니다. 이번 시간에는 제가 항상 속에서 열불 터지는 내용인데요. 산책할 때 여러분들 많이 보이시죠? 짓고 흥분하는 개들이 있어요. 그런 아이들 우리 유튜브나 많은 방송에서 목집을 자당기고 발로 차고 거기 댓글에는 막 속 시원하다 저렇게 혼내야지 말을 듣지 막 써 있잖아요. 그래서 그런가 보다 하고 우리 강아지를 데리고 산책을 나가서 막 뒤을 때 목줄 잡아당기고 혼내고 심지어는 진짜로 막 목줄로 집어 던지고 발로 차고 이래도 되나요? 안 되죠. 왜 안 되는지, 왜 훈련과 교육은 그대로 따라해도 안 되는지에 대해서 설명드려 보도록 하겠습니다. >> 왜 방송에서는 그렇게 목주를 잡아당기고 때리고 혼내면 말을 들을까요? 우선 첫 번째 방송 편집은 모든 것을 만들어 낼 수 있습니다. 가끔 보시면 많은 분들이 방송인데 어떻게 거짓말을 하냐라고 하는데요. 가장 그럴 듯하게 거짓말할 수 있는게 방송입니다. 여러분들도 경험하잖아요. 뭐 예를 들어서 나는 이렇게 생각했던 방송 내용인데 나중에 풀 영상이 나오고 보니까 아니었고 내가 잘못 알고 있었던 거였고 이런 것들 많잖아요. 그 또 하나 이런 것도 있죠. 안 된 건 안 내보냅니다. 되는 것만 내보내요. 이거랑 일맥 상통하는게 뭐냐면 그렇게 혼내서 되애들만 그렇게 하는 겁니다. 근데 제가 항상 말씀드리는 거 그렇게 아프게 하고 목줄 잡아당기고 발로 차서 될래들은 그렇게 안 해도 돼요. 결국 여기서 나오는 건 뭐냐면 그렇게 해도 안 되는 아이들이 있어요. 아무리 혼내고 소리 지르고 안 된다라고 얘기를 하고 아프게 해도 안 되는 아이들이 있는데 그 안 되는 아이들은 왜 안 되는 걸까요? 저는 수위사고 사람의 정신 건강 의학과 같은 뭐 실제로 약물 처방도 하고 교육도 하고 이러기 때문에 사람과 비교해서 보면 그대로 따라해도 안 되는 아이들은 대부분 사람의이 질병과 연관되어 있어요. 영어로는 Iet미턴트로시브 디스워더 간적 폭발 장애입니다.이 이 간적 폭발 장애가 있는 아이들에 대해서 그리고 사람들에 대해서 조금 설명을 하자면 간단하게 좀 설명을 해 볼게요. 우리들의 뇌 특히 포유류의 뇌는 여러 가지 뇌 부분이 있지만 학습하고 생각하고 참는 뇌, 전두엽 중에서 특히 전전두엽입니다. 프리프론탈 콜텍스라고 하는이 전전두엽 부분이 있고요. 그리고 불안, 두려움, 공포 그리고 내 생존을 위해서 있고 생각하지 않는 뇌가 있어요. 편도체입니다. 근데 한번 흥분을 하게 되면이 흥분성 신경 전달 물질들이 많이 나와요. 카콜라민이라고 하는 뭐 도파민, 아드레날린 영화에서도 들어보셨죠? 막 흥분하면 나오는게 그 아드레날린인데 이런 신경 전달 물질이 나오면 어떤 현상이 발생되느냐? 현도체를 컨트롤하고 눌러 줄 수 있는 전전 두엽의 기능이 급격하게 떨어지게 됩니다. 그 뇌가 학습하고 치어도 참고 그런 뇌인데 흥분도가 높아져 버려서 흥분성 신경 전달 물질들이 나오면 학습하고 참고 생각하는 뇌의 기능이 떨어지니까 결국에는 편도체, 불안과 두려움과 흥분 이런 것들을 조절하는이 생존과 관련된 뇌만 활동을 하게 되는 거죠. 그래서 느껴셨을 거예요. 평소 때 앉아, 기다려, 하지 마. 이런 거 하면은 다 잘 듣는 애들이 산책하거나 문제 행동이 생겼을 시에는 평소에 잘하던 걸 아무리 얘기를 해도 듣지를 않습니다. 왜? 그동안 공부하고 학습한 건 어디에 들어가 있어요?이 이 전전 두엽에 들어가 있는데이 전전 두엽의 기능이 떨어져 버리니까 그동안 배운 거를 학습할 수 없는 거고 여러분들이 그 순간에 아무리 가르쳐봤자 배우는 건 없는 거예요. 뭐랑 똑같은 거냐면 제가 이렇게 표현을 하거든요. 여러분들 롤러코스터에 탔습니다. 물론 롤러코스터 부표정으로 이렇게 잘 타시는 분들도 있지만 저 같은 사람들은 아 눈꽃 감고 소리 지르고 무서워서 어찌할 바를 모르고 벌써 흥분 상태에 들어가 있습니다. 근데 저 같은 사람한테 롤러커스터 탔는데 옆자리에 1타 강사 막 요즘 유명한 뭐 로진 수학 선생님들을 앉혀 놓고 수학을 가르쳐 주면 그게 들려요? 여러분도 한번 상상해 보세요. 아무리 좋은 선생님을 옆에 앉혀 놓고 뭘 가르쳐 준다라고 한다면 그게 학습이 될지 딱 개들이 그 상황에 들어가 있는 겁니다. 이건 뇌 과학적으로도 밝혀져 있고 여키스 도음 법칙이라는 진짜 오래된 그런 법칙에도 나오거든요. 흥분도가 높아질수록 어느 정도까지는요 그래프에 보이는 것처럼 뭔가 수행하는 능력이 높아집니다. 그런데 점점 그 흥분도나 긴장감이 더 심해질수록이 전전의 기능이 급격하게 떨어지면서 그 수행 능력은 떨어져 버리죠. 제가 계속 답답한 경우가 뭐냐면 어차피 지금 아무리 가르쳐봤자 듣지 않는 아이들한테 잘못된 방송이나 영상을 보고서 소리 지르고 안 된다고 하고 애쓰고 용쓰는 모습들이 저는 너무 안타까운 거예요. 그렇게 해봤자 되지 않고요. 아까도 말씀드렸듯이 소리 지르고 목줄 당겨서 수그러 들어줄 수 있는 아이들은 그렇게 안 해도 다른 대체적인 방법으로 충분히 왜냐면 그 아이들은 전전 두엽이 살아 있으니까 생각할 수 있는 아이들이고 주의 정보를 확인할 수 있는 아이들이기 때문에 그 방법이 아니더라도 충분히 다른 방법으로 교육적으로 행동을 수정할 수가 있는 겁니다. 이렇게 사람의 간헐적 폭발 장애와 비슷한 증상을 보이는 아이들은 더 깊숙히 들어가 보면 여러 가지 변화들이 있어요. 세로토닌 같은 경우에는 전전 두엽과 방금 말한 생존이나 분노, 불안, 두려움 이런 걸 관장하는 뇌의 조화를 이루게 해주는 신경 전달 물질이이 세로토닌이거든요. 이게 모자르면 편도체가 과흥분했을 때 전전 두엽이 제재를 못 하는 거예요. 그래서 제가 보통 쓰는 약물들은 세로토닌을 높이는 약물들을 쓰거나 실제로 블루타메이트라는 흥분성 신경 전달 물질과 가바라는 억재성 신경 전달 물질의 조화가 깨졌을 때도 이런 간적 폭발장애 그 한번 폭발해 버리면 생각을 못 하고 그냥 눈이 돌아가서 아무것도 안 들리는 이런 증상이 나타날 수 있기 때문에 이게 모자른 거 같아 그러면 가바라는 억제성 신경 전달 물질을 조금 더 넣어 주고 이런 의학적 처치도 같이 해 주면서 교육을 진행을 하게 되는 겁니다. 그러면이 상황에서 어떻게 해야 될까요? 애가 벌써 흥분하고 막 짓고 되는게 없어진 상태. 생각을 못 하는 것 같은 제게 이렇게 얘기하거든요. 헐크가 된 상태에서는 아까 롤러코스터에 탔을 때 내가 흥분하고 스트레스 받았으면 아무리 옆에 1타 강사가 앉아 있어도 수학을 배울 수 없다라고 얘기했어요. 그러면이 수학을 배우고 싶으면 여러분들은 어떻게 해야 돼요? 롤러코스터에서 내려야 됩니다. 간헐적 폭발 장애처럼 과흥분을 보이고 그땐 아무것도 안 듣는 아이들에게는 벌써 터졌잖아요. 그땐 교육이 되지 않아요. 가장 먼저 해야 될 건 여러분들이 그 자리를 벗어나야 됩니다. 근데 벗어나는 것도 기술이 필요해요. 저희 실제로 오신 분들한테도 상책 문제에서 가장 먼저 알려 드리는 교육이 뭐냐면 렛츠고 가자입니다. 벌써 흥분이 됐다면이 롤러코스터에서 내리게 되는 거를 먼저 배워서 조금 더 산책을 수월하게 해 놓고 절대로 흥분했을 때 그 앞에서 앉아 기다려라 하는게 아니라 빨리 그 상황을 어떻게 벗어날 것인가를 먼저 배우고 그 후에 전전엽이 살아 있는 상태에서 차근차근 교육을 진행하게 되는 거죠. 이건 보호자가 배워야 되는 겁니다. 그 상황을 벗어나는 가자거든요. 저희 트레이너 선생님이 가자 교육에 대해서 간단하게 한번 영상으로 보여 드리도록 하겠습니다. >> 자, 친구들이 과학분했을 때는 그 자리에서 뭔가 하려는 것보다는 빠르게 그 상황을 벗어나게 해 주는게 제일 좋습니다. 그래서 오늘 그런 상황에서 해 볼 수 있는 가자 교육을 한번 보여 드리겠습니다. 다른 친구랑 가까워졌을 때 흥분한 모습을 보이면은 가자 하면서 반대로 멀어지시고요. 내가 가자 했을 때 나만 잘 따라오면 괜찮다. 오히려 좋은 일이 생긴다라는 거를 계속 알려 주는 거예요. 자, 아까처럼 가까워졌다가 멀어지는 연습 해 볼 건데 신경 쓰지 않을 정도의 거리까지 계속 멀어지는 거예요. 짧게 잡아 주시고 가자. 그렇지. 자, 지금 가자. 그렇지. 이 친구들마다 안전하다라고 생각하는 퍼스널 스페이스가 있기 때문에 그 안전하다라고 생각하는 거리 밖에서부터 가까워졌다가 멀어지는 연습을 하면서 잘 따라오면 괜찮다라는 인식을 알려 주고요. 안전하다라고 느끼는 거리를 조금씩 좁히면서 연습을 해 주시면은 이제 나중에는 다른 친구들과 엄청 가까워져도 보호자님이 가자 했을 때는 흥분도를 빠르게 갈라앉치고 잘 따라오는 모습을 보일 수 있을 거예요. >> 어, 저도 어렸을 때는 친구들과 축구를 하고 농구를 하다가도 싸워 본 적도 있고 주먹다짐을 한 적도 있었는데 그럴 때 어때요? 주위에서 애들이 야, 하지 마. 너 왜 그래? 이래도 전혀 들리지 않습니다. 그리고 그 말림이 그렇게 크게 효과가 있지도 않아요. 결국엔 뜯어내서 서로 안 보이게 해야지 점점 흥분도가 떨어지고 그 전에 했던 싸움을 후회하게 됩니다. 많은 강아지들은 우리보다 이런 반응이 더 커요. 여러분들 괜히 아이들도 아프고 효과도 없는 그런 방법 쓰지 않으셨으면 좋겠고요. 물론 어려워요. 근데 저는 부작용 있고 효과 없는 거는 쓰지 말라는 거예요.이 이 문제를 해결하는 방법은 꾸준하게 인내심 있게 강아지들의 행동과 뇌에 대해서 이해를 해야지만 오랜 시간이 걸려도 해결을 할 수 있습니다. 다음번에도 더 좋은 정보로 찾아뵙도록 하겠습니다. 또 놀러오세요. 안녕. [음악]",
101,https://www.youtube.com/watch?v=5ZG4kUFoOBQ,5ZG4kUFoOBQ,"A must-watch for dogs with skin problems! | Seol Chae-hyun, a behavioral veterinarian",설채현의 놀로와 ,"그러니까 어떤 아이들은 한체후에 발을 안 닦아도 발사탕을 안 하고 어떤 친구는 열심히 발을 닦아도 자꾸 감염이 일어나고 하는 거는 사실 피부 장벽 때문이에요. 바르면 된다라고 생각하시는 분들이 계시거든요. 근데 이거는 한계가 있어요. >> 안녕하세요. 설친 여러분. 놀로의 설현 수의사입니다. >> 안녕하세요. 최민경수입니다. >> 네. 네. 오랜만에 최수사와 함께하는 콘텐츠입니다. 최수사가 오히려 지금 다른 채널에서 아 조회수가 대박 나가지고 내가 이게 지금 죄책감을 느끼고 있어요. 더 잘 띄워 줘야 되는데. 네. 어, 오늘 그래서 우리 최소의사 누가 뺏어 갈까 봐. 네. 위기감을 느끼고 영양학 관련된 거 거기다가 우리 보호자분들이 가장 궁금해하는이 피부에 관련된 컨텐츠를 가지고 왔습니다. 가장 사실 보호자님들이 힘들어 하시는게 긁는 거랑 좀 빨개지는 거, 각질이 생기는 거 이런 것들이거든요. 그래서 오늘은 우리 보호자분들이 신경 써 줄 수 있는이 피부 장벽 그리고이 피부 장벽을 튼튼하게 하려면 어떤 영양 성분들이 필요한지에 대해서 우리 최수의사와 함께 얘기해 보도록 하겠습니다. >> 피부 장벽이란 뭔가요? >> 피부를 구성하는 보호막이라고 해야 될까요? 그래서 피부 장벽 자체가 망가지면 외부에서 오는 병균이나 뭐 예를 들면 알러지원이나 이런 거에 쉽게 노출되게 되거든요. 저는 항상 이게 타고 났다고 하는 경우가 있는데 그니까 어떤 아이들은 산체후에 발을 안 닦아도 발사탕을 안 하고 어떤 친구는 열심히 발을 닦아도 자꾸 감염이 일어나고 하는 거는 사실 피부 장벽 때문이에요. >> 그렇죠. 어 이건 사람도 그러잖아요. 저도 뭐 피부가 선천적으로 좋은 표현 아닙니다. 최소는 선천적으로 되게 좋은 거고 관리받아요 아니면은 선천적으로 좋아요? 천천 좋은 건 아닌 거 같아요. >> 관리 받고 있어요? >> 하려고 노력을 해요. 셀프 관리. [웃음] 저는 그렇지 않거든요. 촬영할 때마다 자꾸 뭘 발라야 되고 근데 바르면 막 답답하고 그래서 막 씻고 이러는데 그러면이 피부 장벽과 영향의 관계가 많아요. >> 어 저는 많다고 생각을 해요. 바르면 된다라고 생각하시는 분들이 계시거든요. 근데 이거는 한계가 있어요. 그러니까 예를 들면 그거요. 기본이 탄탄하지 않은데 그 위에 아무리 뭔가를 덮어도 실시적으로 해결할 수 있는 방안은 될 수 있지만 장기적으로 봤을 때 그렇게 좋다고 생각 안 하거든요. 어 그래서 피부 장벽에 재료가 되는 성분들을 아이들이 먹지 않는다면 아무리 밖으로 신경 써 준다 해도 재료 없어서 그냥 말장 도르목이 되는 거예요. 간혹 보호자님들께서 오셔서 이상하게 해결이 안 된다고 얘기를 하시는 분들이 계시거든요. 근데 그럴 때 보면은 아이들이 입이 짧은 경우도 있고 그래서 예를 들어 >> 영양분이 좀 모자른다거나네 >> 그래서 특정 뭐 미네랄이 부족하다거나 아니면 단백질 자체가 어쨌든 피부 장벽을 구성할 수 있는 요소가 될 수 있는데 너무 저단백 식단을 한다거나 이러면 이제 뭐 털도 푸석푸석해지는 거고 피부도 안 좋아지는 거고 그리고 수분도도 떨어지니까 각질도 생기고 이렇게 되는 거거든요. 그러면이 피부 장벽을 조금 튼튼하게 해 줄 수 있는 영양소들에는 어떤 것들이 있나요? 뭐 제가 아는 거는 오메가. >> 네. 그건 정말 기본 중에 기본이에요. 어쨌든 지방이잖아요. 오메가 3도. 근데 우리 세포 벽은 약간 어느 정도의 지방도 구성 성분도 들어가기도 해요. 그것도 그렇고 항염 성분이 들어 있기 때문에 약간 1차적인 면역 반응 조절을 해 주는 거죠. 그니까 예를 들면 뭔가 이물이 들어와서 반응을 이렇게 해야 되는데 면역력이 너무 떨어지면 이걸 그대로 그냥 받아들이게 되는데 염증 반응을 억제해 주니까 피부를 좀 더 탄탄하게 해 주는 효과인 거예요. >> 오메가도 오메가 3랑 6가 있잖아요. >> 네. >> 그러면 이거 두 개가 하는 일이 좀 다른가요? >> 네. 그래서 오히려 비율이 너무 높으면 피부 염증이 일으켜요. >> 어. 왜요? 염증 반응을 과잉으로 일으키는게 오메가 6 하는 일이고요. 그거를 조금 조절해 주면서 좀 염증 반응을 억제시켜 주는게 오메가 3예요. 아이들 중에 오메가 3를 잘 안 먹는 친구들은이 비율이 깨져서 알러지 좀 예민한 친구들 있죠. 뭘 하나 잘못 먹으면 갑자기 알러지가 막 이렇게 돈. >> 네. 그런 친구들은 오메가 3를 먹으면 좀 괜찮아지거든요. 근데 이런 친구들은 아무래도 시기에서 오메가 6의 비율이 조금 높았다는 거예요. >> 아 오메가 6는 보통 어디 많이 들어가 있어요? 사료에 기본적으로 오메가 3 좀 부족하고 오메가 6가 조금 많아요. 그것도 그렇고 예를 들면 각종 우리 요리에 쓰는 기름들 뭐 파놀라요라든지 뭐 식용라든지 요런 거에 오메가 6 비율이 좀 많은 편이에요. >> 그래서 우리가 오메가 3는 전 연령에서 [음악] 필요한 영양제라고 >> 얘기를 하고 있는 거죠. >> 네.이 비율을 맞춰 주기 위해서요. >> 음. 이거 이외에 또 뭐 있어요? >> 요즘 제가 좀 밀는 성분인데. >> 아, 최소이세가 미는 성분. 네. 전 세라마이드요. 많이 들어보셨을 거예요. >> 사람한테선 너무 많이 들어봤죠. >> 그죠? 뭐 뭐 하면 막 피부에 막 세라마이드 막 바르는 거. 음. 그니까 저는 그래서 사실은 피부 장벽이 정말 무너진 친구들은 꼭 바르는 세라마이드를 쓰라고 말씀을 드리거든요. 근데 이게 먹어서도 효과가 있다는 연구 결과가 생각부터 되게 많아요. 그래서 먹어도 되고 발라도 되고 그래서 세라마이드는 정말 다양한 곳에서 추출 할 수 있거든요. 그냥 일반적으로 추출한 세라마이드를 써도 되지만 저는 요즘에 또 새로운 성분을 발견을 해 가지고 우유에서도 우유에서 지방층이 있거든요. 근데 그 지방층에 일부를 수출하면 밀크 세러이드라는 성분이 있어요. 흔하지 않은 성분이거든요. >> 갑자기 생각난 건데. 그래서 얼굴에 막 우유 바르고 막 이런게 이것 때문에 그런 거예요. >> 맞. 맞아요. 그래서 발라도 되고 먹어도 되는 건데 사실은 사람 쪽에서도 이게 있어 가지고 제가 너무 궁금해서 사서 먹어 봤거든요. [웃음] >> 아니 근데 요즘 피부 되게 좋은 거 같아서 내가 그래서 물어본 거거든. >> 제가 파우더도 먹어보고 액상으로도 먹어보고 그 내용물 효과 있는 거 같더라고요. 음. 어 뒤에서 실험한 결과가 있거든요. 털이 없는 뒤에 자회손을 썼는데 그러면 피부가 손상이 되잖아요. 얘를 밀크 세라마이드를 먹였어요. 그랬더니 변피 수분 손실도라고 해 가지고 수분 손실도가 감소했고 피알로는산 보건도 높아지고 >> 오 >> 그리고 전반적으로 걔네들이 그 손상된 지표드가 다 낮아졌거든요. >> 그러면이 세라마이드 같은 경우에는 우리가 흔히 먹이는 사료에는 많이 들어가 있어요. >> 아니요. 없어요. >> 그러면은 따로 먹여 주는게 더 좋다. >> 그렇죠. 그래서 밀크 세라마이드 안에는 스핀 마이엘린이라 성분이 들어 있는데 결국이 성분이 아이들 피부 장벽 강화에 도움을 주는 성분이기 때문에 만약에 요런 제품이 있다면 같이 급여해 주시는 것도 좋다고 생각을 합니다. >> 그건 밀크 세라마이드가 좋은 건 알겠는데 그러면 또 많은 보자분들이 걱정하실 거예요. 우리 얘는 우유 알러지 있는데요. 그러면 안 돼요. >> 근데 우유에 있는 단백질이랑 당분는 좀 빼고 >> 다른 거죠. 그렇죠? >> 네. 그 위에 있는 지질층에서 또 그 위에 있는 세라마이드만 추출한 성분이기 때문에 뭐 우유 알러지가 정말 예민하다 이런게 아니고 조금 피해 주시면 좋지만 저희가 먹여 봤을 때도 뭐 아이들이 배탈 나거나 이런 거는 없었어요. 그래서 걱정 안 하시고 급여해 주셔도 됩니다. >> 또 우리 피부 장벽을 튼튼하게 지켜 줄 수 있는 [음악] 영양 성분이 뭐가 있을까요? 이거는 아마 유명해서 피부, 피모에 좀 관심을 가지셨다 하시는 보호자님들을 한번 좀 들어 보셨을 거예요. 바로 레시틴인데요. 콩에서 추출한 레시틴도 있고 해바하기에서 추출한 레시틴도 있는데 보통 피부, 피모 영양제 하면 거의 100% 들어 있다고 보시면 돼요. 그래서 유명한 그 테라땡 테라땡 그의 100% 레시티 성분이거든요. 근데 그게 간증기가 많아서 >> 어 먹이고 나서 좋아졌다. >> 네. 막 갑자기 포메라니언 친구들이 털이 났다. 원래 탈모가 있었는데 탈모가 없어졌다. 그리고 각질이 없어졌다. 이런 후기가 많아요. >> 내가 먹어야 될 거 같아. [웃음] >> 보통은 그 세포하게 구성 성분을 이루는 성분이기 때문에 이게 시기로 보충하기가 좀 힘든 성분이라서 만성적으로 부족한 사람들도 많고 강아지도 많대요. >> 시기로 보충하기 어렵다라는 건이 레시스틴이 들어 있는 음식을 따로 먹기가 쉽지 않다. >> 네. [음악] 그래서 예를 들면 자연식하는 친구들 있죠? 네. 자는 친구들은 이거 진조 파우더로 추가해줘야만큼 되게 중요한 성분이에요. 왜냐면 이게 피부장벽만 구성하는 성분이 아니라 혈관, 우리 몸에 있는 모든 세포들 꼭 필요한 재료기 때문에 화식이나 생식하는 친구들은 이걸 추가로 먹지 않으면 결핍이 일어날 수 있다고 하더라고요. >> 근데 이제 우리 최수의사가 이번에 좀 심혈을 기울여서 만든 제품이 있잖아요. [웃음] 사실 우리 멀티픽 같은 경우에도 채수의사가 좋은 거 다 넣어 가지고 만든 영향되는데 처음에는 이게 될까 하다가 점점 점점 이게 좋다라는 얘기가 돌면서 지금 엄청 잘 나가고 있는데 거기에 맞춰서 이제 또 최순이사가 심혈을 기울여서 만든게 간식 있죠? >> 네. 사실 저는 간식 타입의 영양자를 그렇게 좋아하지 않아요. 그래서 물어보려고 했어요. >> 네. 저도 그래서 이걸 되게 고민을 했는데 저는 피부는 먹어야 된다 생각했어요. 시기만 좀 바꿔도 피부 상태가 엄청 호전되는 친구들을 정말 많이 봤거든요. >> 근데 원래 간식 형태 저희가 항상 이제 반대를 했었잖아요. >> 맞아요. 저도 간식 형태 영양제는 부작용은 없지만 >> 그죠. 효과면에서 >> 효과면에서 좀 떨어질 수 있다라고 항상 얘기해 왔었거든요. >> 그 제가 계속 주장을 했던 건 피부는 먹는 거예요. 먹는게 먹어야 됩니다. 어떻게든 단백질도 먹고 >> 네. 그다음에 레시틴도 먹고 >> 오메가 3도 먹고 >> 먹 그리고 애들이 좀 거부감 없이 잘 먹어야지만 더 좋아질 수 있으니까네 >> 그래가지고 일부러이 라인만큼은 간식으로 출시하는게 더 좋지 않을까라는 생각을 해서 >> 우선 지금 들리는 얘기로는 고양이들로 먹을 정도로 기요성이 엄청나게 좋다는 얘기가 있습니다. >> 저희 집 강아지가 엄청 까다롭잖아요. 이게 >> 이거 엄청 까다롭죠. 그래서 핑구가 먹어야 된다가 저의 첫 번째였어요. >> 아, 최소 이사가 자기 강아지 먹이려고 만들면 어 아주 믿을 만합니다. 초초초 고건여자기 때문에. >> 그리고 사슴고기를 썼어요. >> 아, 확실히 알러지 좀 줄이려고. >> 네. 막 닭고기나 뭐 소고기나 이런 거는 알러지는 친구들이 있잖아요. >> 그 냄새도 좋아요. >> 아, 그리고 역시 네. 우리한테 워낙에 작게 잘라줘서 나옵니다. >> 그래서 레시틴도 들어 있고 리크세라마이드도 들어 있고 그다음에 사슴 고개를 만들었고 오메가 3도 들어 있어요. >> 건장 급여량이 어느 정도 되죠? >> 사실은 하나 다 먹어도 그렇게 크게 문제는 없지만 5kg까지는요 16 정도가 적당하다고 생각합니다. >> 칼로이 생각보다 되게 낮게 잡았네요. >> 네. 왜냐면 수분도가 높기 때문에 많이 먹어도 포만감은 많은데 살은 조금 덜쳐요. >> 자, 그리고 또이 레시틴 이후에 또 뭐가 있을까요? 각종 비타민과 미네랄들이요. >> 이러면 또 멀티인데요. >> 그래서 사실은 멀티랑 섞어 먹이려고요. >> 사실 멀티이 기호성이 떨어진다기보다 오메가 3의 비린맛 때문에 약간의 호브로가 있었지만 많은 분들이 어떻게든 좋으니까 먹이려고 하셨단 말이죠. 근데 거기에 좀 섞어 먹일 수 있게 기호성 좋게 밀크세라트릿을 만든 건가요? >> 네. 그래서 혹시라도 멀티핀 너무 급여 해 보고 싶으신데 기호성 때문에 너무 걱정이다라고 하시는 분들은 그 한포에다가 저거 몇 개 이렇게의 가지고 섞어 주세요. 그럼 진짜 잘 먹어요. >> 아, 난 내가 기대 되는데. 나 오늘 바로 이제 세상에 먹어 봐야 되는데 비타민과 미네랄 중에서도 피부 장벽에 도움이 되는 성분들이 뭐가 있을까요? >> 보통 지용성 비타민이긴 한데 >> ADK >> 아덱이라고 외웠었는데 아덱. 맞아요. 맞아요. 그래서 A도 굉장히 중요하고요. D도 중요해요. 그리고 E도 중요해요. 그래서 사실은 다 중요해요. >> 강아지들은 비타민 D가 햇빛을 받아야지 합성하는게 아니죠. >> 아니에요. 우리처럼 햇빛 막 많이다고 해서 스스로 비타민 D를 합성하는게 아니라 무조건 먹어서 >> 그러면 이게 멀티에 다 들어가 있죠? >> 네. >> 네. 멀티에 다 들어가 있습니다. >> 네. 입이 좀 짧은 위에다가 투핑으로 해주셔도 [음악] 되고 간식에다가 섞어서 주셔도 되고 >> 입 짧은 아이들을 왜 얘기하냐면 입이 짧기 때문에 모자르는게 생길 수 있어요. 그러면 그게 피부나 털 같은 경우에는 우리 몸에서 사실 가장 먼 곳에 있으니까 그 영양분이 닿는 데까지도 필요한 거 안에서 다 쓰고 마지막에 갈 가능성이 높기 때문에 더 영향을 많이 받게 되는 거죠. 그 단백질도 이거 사실 뭐 당연한 거죠. 이게 다 단백질환이에요. 그래서 우리가 이거 태우면 그 오징 태우는 냄새가 나는 거 아니에요. 그죠? >> 그래서 뭔가 좀 입 짧은 친구들이 확실히 각질도 일어나고 털도 되게 푸석푸석한데 조금만 고단백으로 바꿔 줘도 정말 털 윤기가 달라지는 친구들도 정말 많아요. >> 어, 맞아요. 그래서 가끔 사료 바꾸거나 아니면 자연식으로 바꿨을 때 털의 용기가 달라지는 경우들이 좀 있는 거죠. >> 그리고 구리, 아연, 망간 같은 성분들이 >> 구이 아연 만간. >> 네. 그 마연 결핍되면 막 이렇게 각질로 벗겨지는 그런 질환들도 있거든요. >> 발바닥 과화는요. >> 그것도 마찬가지로 >> 아이언이나 비타민이 부족 막 이런 거 많잖아요. 제가 그래서 행동질료 보다 보면 다른 것도 물어보신단 말이에요. 발바닥 과학증 있는 아기가 있었어요. 근데 멀티을 줬는데 >> 없어졌죠. >> 엄청 좋아진 거예요. >> 그렇죠. 그니까 얘는 선천적으로든 아니면 그동안의 시기적으로든 그런 특정 영양소 성분들이 부족했던 거예요. >> 음. 또 있죠. 프로바이오틱스요. 요즘에는 사실 프로바이오틱스도 맞는 약이에요. 거의 약이라고 봐도 무방할 정도로. >> 진짜로 요즘 뭐 논문 찾다 보면 장외충 얘기 맨날 나오고 장피부축 얘기 맨날 나오고. >> 신장축 나오고 피부도 마찬가지로 프로바이오틱스가 면역력 강화에 도움을 주기 때문에 피부 면역력 강화에도 도움을 주는 거죠. 그리고 그 유상균들 중에서 피부에 좋은 건 아니면 뭐 정신 건강에 좋은 신경 전달 물질이나 그 재료들을 막 만들어내는 애들이 있어서 실제로 그 연구 논문들을 보면 행동학에서도 정신 질환을 가진 사람들 중에 많은 사람들이 유산균에 대한 장환경의 불균형을 가지고 있다라는 연구 결과도 있거든요. 저도 항상 얘기하는게 피부 안 좋으면 꼭 먹어야 되는 거 있으면 딱 두 개. 프로바이오틱스랑 오메가. 근데 오늘 이제 예전에 배웠지만 까먹고 있었던 거. 비타민 미량 원소. 그리고 좀 새로운 거는 밀크 세라마이드나 뭐 레스팅 같은 것도 강아지들한테 꼭 같이 먹여 주시는게 좋다. >> 자, 그러면 우리가 그 영양 성분들을 쫙 얘기를 했어요. 보호자분들이 조금 이걸 가지고 실천할 수 있는 꿀팁 같은게 있을까요? 사실 피부는 정말 잘 먹고 잘 관리만 해 주면 돼요. 그리고 이제 어쩔 수 없이 선천적으로 아토피가 심하다거나 뭐 유전적으로 치기 알러지가 심한 친구들이라면 다양한 방법을 사용을 해 봐야겠지만 일단 일반적인 건강한 친구들이라면 정말 골고루 잘 먹고 입이 짧다면 보충제, 보조재 같은 걸로 채워 주시고 그리고 또 시기적인 면에서 좀 저는 중요하다 생각하는게 단백질 함량이에요. 물론 너무 고단백도 어떤 친구들한테 무리가 될 순 있지만 너무 저단백은 아이들 전반적인 건강에 좀 안 좋은 영향을 주는 거 같아요. >> 건사료 기준으로 한 몇 % 정도일까요? >> 우리가 어트라고 보는 친구들 있죠? 뭐 한 여섯 살까지. 여섯 살까지는 그래도 한 30%에서 32%는 돼야 되지 않나? 어, >> 건사료 기준으로요. 그리고 나중에 노련견이 돼서 신장이 조금 안 좋아서 단백 제안을 해야 할 때는 뭐 어쩔 수 없이 이제 처방식에 맞게 [음악] 단백질 양을 조절하는게 맞지만 그래도 한창 성장기 때 뭐 여섯 살에서 일곱살 중년 정도 나이가 됐을 때는 저는 한 30% 32% 정도 >> 만약에 단백질량이 조금 낮은 사료를 먹고 있다 그럼 약간 보충제 같은 걸로 >> 채워주시는게 좋 >> 채워주는게 좋다. 뭐 간식이나 뭐 이런 것들로도 괜찮고 좋은 단백질이라면 >> 네. 그래서 사료 위에다가 정말 조금 토핑으로 순살고기 같은 거 올려주네. 네. 따로 간식으로 챙겨 주셔도 괜찮아요. 그다음에 가장 또 중요한 건 환경을 깨끗하게 만들어 주시는 거. 맞아요. 방금 이제 새나에서 검사했던 알러지 아이 검사 결과 나와서 봤는데 집안에서는 곰팡이나 진드기의 알러지 반응이 있고 밖에서는 저 나무와 프라이 있고 >> 방법이 없는 친구들이 있었거든요. 근데 그래도 우리가 집안을 깨끗하게 했을 때 그런 자극을 적게 해 주는 것들이 있을 수 있으니까 그런 것들도 신경을 써 주시면 좋습니다. 오늘은 많은 보호자분들이 가장 걱정하시는데 사실은 잘 모르고 계셨던 피부 장벽 그리고 피부 장벽을 튼튼하게 해 주려면 어떤 영양 성분들이 필요한지에 대해서 알아봤습니다. 궁금하신거나 이런 부분들이 있으면 댓글로 많이 남겨 주시고요. 저는 [음악] 최소 안 뺏기기 위해서 영양 콘텐츠 같은 것들 더 많이 우리 보호자분들 궁금해하시는 그런 부분들 함께 하는 시간을 가지도록 하겠습니다. 밀크세라 이지트릭 같은 경우에는 저희 더보이란에 [음악] 링크 걸어 둘테니까 관심 있으신 분은 한번 확인해 보시기 바랍니다. 그럼 다음번에 더 좋은 정보로 찾아뵙도록 하겠습니다. 또 놀러오세요. >> 안녕.",
