id,name,breed_group,life_span,temperament,origin,bred_for,weight_metric,height_metric,reference_image_id,image_url
1,Affenpinscher,Toy,12-15,"Confident, alert, playful, loyal, courageous",Germany,,3.2-4.5,23-29,,https://cdn2.thedogapi.com/images/Zn3IjPX3f.jpg
2,Afghan Hound,Hound,12-15,"Independent, dignified, aloof, loyal, confident",Afghanistan,,Male: 25-30; Female: 20-25,Male: 69-74; Female: 63-69,,https://cdn4.thedogapi.com/optimized/OnOywWfsh1.jpg
347,Africanis,Primitive,10-15,"Intelligent, loyal, alert, adaptable, independent",Southern Africa,,Male: 25-34; Female: 20-32,Male: 50-60; Female: 48-60,,https://cdn4.thedogapi.com/optimized/O9i7bKubt6.jpg
348,Aidi,Working,10-12,"Alert, protective, independent, loyal, courageous, intelligent, energetic","Atlas Mountains, Morocco",,23-25,Male: 52-62; Female: 46-55,,https://cdn2.thedogapi.com/images/Bkov76pEm.gif
4,Airedale Terrier,Terrier,11-14,"Confident, intelligent, courageous, alert, energetic, outgoing","Yorkshire, England",,Male: 23-32; Female: 18-25,Male: 58-61; Female: 56-58,,https://cdn2.thedogapi.com/images/r16sH664Q.gif
675,Airedoodle,Mixed,10-15,"Intelligent, energetic, courageous, loyal, friendly, alert",United States,,Male: 18-32; Female: 18-30,Male: 53-69; Female: 53-66,,https://cdn2.thedogapi.com/images/S1KMGg5Vm_1280.jpg
5,Akbash,Guardian,10-12,"Independent, protective, calm, alert, loyal, intelligent",Western Turkey,,Male: 41-64; Female: 34-48,Male: 71-86; Female: 69-81,,https://cdn2.thedogapi.com/images/S1V3Qeq4X_1280.jpg
6,Akita,Working,10-13,"Courageous, loyal, dignified, independent, protective, alert",Japan,,Male: 45-59; Female: 32-45,Male: 66-71; Female: 61-66,,https://cdn2.thedogapi.com/images/Zn3IjPX3f.jpg
349,Aksaray Malaklisi,Working,8-12,"Protective, loyal, independent, calm, alert, courageous, intelligent","Aksaray Province, Central Anatolia, Turkey",,Male: 55-90; Female: 50-70,Male: 76-86; Female: 70-81,,https://cdn2.thedogapi.com/images/SJ6eMxqEQ_1280.jpg
350,Alano Español,Working,10-14,"Loyal, courageous, protective, intelligent, confident",Spain,,Male: 34-40; Female: 30-38,Male: 58-65; Female: 55-61,,https://cdn4.thedogapi.com/optimized/gH5hZrWj0Q.jpg
7,Alapaha Blue Blood Bulldog,Working,12-13,"Loyal, protective, intelligent, confident, alert","Alapaha River region of southern Georgia, United States",,Male: 32-41; Female: 25-34,Male: 51-61; Female: 46-56,,https://cdn2.thedogapi.com/images/v-08PkHgP.jpg
8,Alaskan Husky,Mixed,10-15,"Energetic, intelligent, work-focused, athletic, friendly, independent","Alaska, United States",,Male: 17-27; Female: 16-25,Male: 53-66; Female: 51-64,,https://cdn4.thedogapi.com/optimized/JF4NsbSm9C.jpg
265,Alaskan Klee Kai,Non-Sporting,,"Alert, intelligent, energetic, loyal, curious, playful","Wasilla, Alaska, United States",,Male: 7-10.4; Female: 4.5-8.2,Male: 38-43; Female: 33-38,,https://cdn2.thedogapi.com/images/r9CSG0CWk.jpg
9,Alaskan Malamute,Working,10-14,"Affectionate, friendly, loyal, playful, intelligent, energetic, outgoing","Alaska, United States",,Male: 36-41; Female: 32-36,Male: 61-66; Female: 56-61,,https://cdn4.thedogapi.com/optimized/lIQGuA1243.jpg
351,Alopekis,Primitive,,"Intelligent, alert, loyal, adaptable, energetic, playful",Greece,,3-7,20-32,,https://cdn4.thedogapi.com/optimized/WTParPlD3L.jpg
352,Alpine Dachsbracke,Hound,12-14,"Intelligent, courageous, loyal, work-focused, energetic",Austria,,15-18,34-42,,https://cdn2.thedogapi.com/images/rk9k4aTNm.gif
10,American Bulldog,Working,10-12,"Confident, loyal, protective, energetic, affectionate, courageous",United States,,Male: 34-45; Female: 27-36,Male: 56-64; Female: 51-58,,https://cdn4.thedogapi.com/optimized/JAsKm2ZSyr.jpg
11,American Bully,Companion,8-13,"Confident, gentle, loyal, affectionate, outgoing, eager to please",United States,,Male: 29-54; Female: 25-45,Male: 43-51; Female: 41-48,,https://cdn4.thedogapi.com/optimized/Lf4celbeC5.jpg
87,American Cocker Spaniel,Sporting,10-14,"Gentle, smart, happy, outgoing, affectionate",United States,,Male: 11-14; Female: 9-11,Male: 37-39; Female: 34-37,,https://cdn2.thedogapi.com/images/gJA_mt09Q.jpg
353,American English Coonhound,Hound,11-12,"Energetic, friendly, intelligent, alert, work-focused",United States,,Male: 20-30; Female: 18-27,Male: 61-66; Female: 58-64,,https://cdn4.thedogapi.com/optimized/XoNRi6HPSY.jpg
12,American Eskimo Dog,Non-Sporting,,"Intelligent, alert, friendly, playful, energetic, eager to please",United States,,3-16,23-48,,https://cdn2.thedogapi.com/images/HJAFgxcNQ_1280.jpg
14,American Foxhound,Hound,11-13,"Independent, friendly, gentle, energetic, intelligent",United States,,Male: 29-32; Female: 27-29,Male: 56-64; Female: 53-61,,https://cdn2.thedogapi.com/images/rkeqWgq4Q_1280.jpg
266,American Hairless Terrier,Terrier,,"Alert, energetic, intelligent, friendly, playful, curious",United States,,5-7,30-41,,https://cdn4.thedogapi.com/optimized/H952AJpC2t.jpg
354,American Leopard Hound,Hound,12-15,"Intelligent, energetic, loyal, work-focused, protective, athletic",United States,,Male: 20-34; Female: 16-29,Male: 53-69; Female: 53-64,,https://cdn4.thedogapi.com/optimized/vol1VcS0yZ.jpg
15,American Pit Bull Terrier,Terrier,12-16,"Confident, intelligent, loyal, affectionate, eager to please, energetic",United States,,Male: 16-27; Female: 14-23,Male: 46-53; Female: 43-51,,https://cdn4.thedogapi.com/optimized/NTP0UdJD2P.jpg
16,American Staffordshire Terrier,Terrier,12-16,"Confident, courageous, loyal, intelligent, smart",United States,,Male: 25-32; Female: 18-25,Male: 46-48; Female: 43-46,,https://cdn2.thedogapi.com/images/NaMI1H-PZ.jpg
17,American Water Spaniel,Sporting,10-14,"Eager to please, intelligent, energetic, alert, happy","Wisconsin, United States",,Male: 14-20; Female: 11-18,38-46,,https://cdn2.thedogapi.com/images/oqjGkQJSZ.jpg
355,Andalusian Terrier,Terrier,12-15,"Intelligent, energetic, alert, loyal, courageous, playful","Andalusia, Spain",,Male: 9-12; Female: 8-11,Male: 38-43; Female: 36-41,,https://cdn2.thedogapi.com/images/V8hgHJeCp.jpg
356,Anglo-Français de Petite Vénerie,Hound,12-14,"Energetic, intelligent, alert, loyal, work-focused, devoted",France,,16-20,48-56,,https://cdn4.thedogapi.com/optimized/Q0vTbsbprE.jpg
19,Appenzeller Sennenhund,Working,12-15,"Energetic, intelligent, confident, loyal, alert, work-focused","Appenzell region, Switzerland",,Male: 22-32; Female: 20-28,Male: 51-56; Female: 48-54,,https://cdn4.thedogapi.com/optimized/0opUUNTxrA.jpg
359,Argentine Pila,Spitz and Primitive Types,12-15,"Affectionate, alert, playful, gentle, intelligent",Argentina,,4-25,25-51,,https://cdn4.thedogapi.com/optimized/uHqxcSzA2Q.jpg
358,Ariégeois,Hound,10-14,"Gentle, calm, intelligent, loyal, affectionate, friendly","Ariège, France",,Male: 25-30; Female: 22-30,Male: 52-61; Female: 50-56,,https://cdn4.thedogapi.com/optimized/0BsBdRukER.jpg
357,Ariège Pointer,Sporting,12-14,"Intelligent, gentle, docile, loyal, work-focused, adaptable","Ariège, France",,Male: 25-30; Female: 22-27,Male: 60-67; Female: 56-63,,https://cdn4.thedogapi.com/optimized/gc6KnqhGnT.jpg
360,Armant,Herding,12-14,"Loyal, courageous, intelligent, protective, alert",Egypt,,23-29,53-58,,https://cdn4.thedogapi.com/optimized/SdxdZy6WhC.jpg
361,Armenian Gampr,Working,12-14,"Protective, independent, loyal, calm, intelligent",Armenian Highlands,,Male: 50-68; Female: 41-59,Male: 64-71; Female: 58-66,,https://cdn4.thedogapi.com/optimized/EAOmB1oGAh.jpg
362,Artois Hound,Hound,12-15,"Energetic, loyal, alert, courageous, calm, affectionate","Artois, France",,Male: 25-30; Female: 23-30,Male: 53-61; Female: 51-58,,https://cdn2.thedogapi.com/images/Hyv-ne94m_1280.jpg
20,Aussiedoodle,Mixed,10-15,"Intelligent, energetic, friendly, loyal, affectionate, playful",United States,,Male: 20-32; Female: 16-27,Male: 51-64; Female: 46-58,,https://cdn2.thedogapi.com/images/x-LJYrq37.jpg
21,Australian Cattle Dog,Herding,12-16,"Intelligent, alert, loyal, energetic, courageous",Australia,,16-23,Male: 46-51; Female: 43-48,,https://cdn4.thedogapi.com/optimized/dVCYZjuRS5.jpg
22,Australian Kelpie,Herding,12-16,"Intelligent, energetic, loyal, work-focused, alert",Australia,,Male: 14-21; Female: 12-18,Male: 43-51; Female: 41-48,,https://cdn4.thedogapi.com/optimized/06xiPKwn6r.jpg
23,Australian Shepherd,Herding,12-15,"Intelligent, energetic, work-focused, loyal, devoted, athletic",Western United States,,Male: 23-29; Female: 18-25,Male: 51-58; Female: 46-53,,https://cdn4.thedogapi.com/optimized/ypXNef4pBi.jpg
228,Australian Silky Terrier,Toy,,"Friendly, intelligent, alert, energetic, confident",Australia,,3.5-5,23-25,,https://cdn2.thedogapi.com/images/Byd0xl5VX_1280.jpg
363,Australian Stumpy Tail Cattle Dog,Herding,12-15,"Loyal, alert, energetic, intelligent, courageous, independent, work-focused",Australia,,Male: 16-23; Female: 14.5-20.5,Male: 46-51; Female: 43-48,,https://cdn4.thedogapi.com/optimized/J0T27pfJm9.jpg
24,Australian Terrier,Terrier,11-15,"Courageous, alert, friendly, loyal, intelligent",Australia,,7-9,25-28,,https://cdn4.thedogapi.com/optimized/30LyjIob3H.jpg
364,Austrian Black and Tan Hound,Hound,12-14,"Intelligent, friendly, energetic, work-focused, independent, loyal",Austria,,Male: 22-27; Female: 20-25,48-56,,https://cdn2.thedogapi.com/images/uE8zkHahk.jpg
365,Austrian Pinscher,Working,12-14,"Alert, protective, loyal, energetic, confident, intelligent",Austria,,12-18,Male: 42-50; Female: 40-48,,https://cdn2.thedogapi.com/images/B1pDZx9Nm_1280.jpg
25,Azawakh,Hound,12-15,"Independent, loyal, alert, protective, affectionate, aloof","West Africa (Sahel region: Mali, Niger, Burkina Faso)",,Male: 20-25; Female: 15-20,Male: 63-74; Female: 60-70,,https://cdn4.thedogapi.com/optimized/tI6IgTM8Ja.jpg
366,Bắc Hà,Spitz and Primitive Types,12-15,"Alert, loyal, intelligent, protective, independent","Bắc Hà District, Lào Cai Province, northern Vietnam",,Male: 18-25; Female: 16-22,Male: 46-56; Female: 41-51,,https://cdn2.thedogapi.com/images/r1xXEgcNX_1280.jpg
367,Bakharwal Dog,Working,9-13,"Loyal, protective, intelligent, courageous, independent","Jammu and Kashmir, India",,35-60,Male: 61-76; Female: 56-71,,https://cdn4.thedogapi.com/optimized/JX7oc0IPtq.jpg
368,Banjara Hound,Hound,10-14,"Independent, loyal, alert, intelligent, courageous",India,,Male: 25-35; Female: 22-30,Male: 66-76; Female: 61-71,,https://cdn4.thedogapi.com/optimized/UnSc5dMSae.jpg
369,Bankhar Dog,Working,12-15,"Protective, independent, loyal, calm, alert, intelligent",Mongolia,,Male: 39-57; Female: 32-48,Male: 64-76; Female: 61-71,,https://cdn2.thedogapi.com/images/ZjkHW13DK.jpg
370,Barak Hound,Hound,12-14,"Energetic, intelligent, alert, independent, courageous",Bosnia and Herzegovina,,17-25,Male: 51-56; Female: 48-53,,https://cdn4.thedogapi.com/optimized/dIwJe77wP0.jpg
371,Barbado da Terceira,Herding,12-14,"Intelligent, loyal, energetic, docile, playful, courageous, alert","Terceira Island, Azores, Portugal",,Male: 25-30; Female: 21-26,Male: 52-56; Female: 48-54,,https://cdn4.thedogapi.com/optimized/2IiLxKrBkc.jpg
26,Barbet,Sporting,12-14,"Friendly, intelligent, loyal, playful, athletic, devoted",France,,17-28,Male: 53-65; Female: 51-61,,https://cdn2.thedogapi.com/images/rJO6cQoVQ.gif
28,Basenji,Hound,,"Independent, intelligent, alert, energetic, curious, affectionate",Central Africa,,Male: 10-12; Female: 9-11,Male: 41-44.5; Female: 38-42,,https://cdn2.thedogapi.com/images/Bzc8begeV.jpg
372,Basque Shepherd Dog,Herding,12-15,"Intelligent, loyal, energetic, alert, work-focused, devoted",Basque Country (Spain and France),,Male: 18-36; Female: 17-30,Male: 47-61; Female: 43-59,,https://cdn2.thedogapi.com/images/BW9WnXl3E.jpg
27,Bassador,Mixed,10-13,"Friendly, loyal, gentle, intelligent, outgoing",United States,,20-34,33-51,,https://cdn2.thedogapi.com/images/eHenFc9qF.jpg
373,Basset Artésien Normand,Hound,12-15,"Affectionate, calm, gentle, intelligent, friendly","Artois and Normandy regions, France",,15-20,30-36,,https://cdn2.thedogapi.com/images/H1NIzlcV7_1280.jpg
29,Basset Bleu de Gascogne,Hound,10-14,"Gentle, friendly, alert, loyal, independent","Gascony, France",,16-18,33-38,,https://cdn2.thedogapi.com/images/rJ6iQeqEm_1280.jpg
374,Basset Fauve de Bretagne,Hound,11-15,"Friendly, energetic, intelligent, courageous, alert, happy, outgoing, loyal, affectionate","Brittany, France",,Male: 12-18; Female: 12-17,32-39,,https://cdn2.thedogapi.com/images/HJq5ke5Nm_1280.jpg
30,Basset Hound,Hound,12-13,"Friendly, calm, gentle, loyal, independent, devoted",France,,18-30,33-38,,https://cdn2.thedogapi.com/images/B1i67l5VQ_1280.jpg
677,Bassettoodle,Mixed,10-14,"Friendly, intelligent, gentle, playful, loyal",United States,,Male: 11-32; Female: 9-32,Male: 30-41; Female: 30-38,,https://cdn2.thedogapi.com/images/e9y7-VkOl.jpg
375,Bavarian Mountain Hound,Hound,12-15,"Calm, loyal, intelligent, devoted, courageous, work-focused","Bavaria, Germany",,Male: 20-25; Female: 17-25,Male: 47-52; Female: 43-48,,https://cdn4.thedogapi.com/optimized/9Vh5N533hN.jpg
31,Beagle,Hound,10-15,"Friendly, gentle, alert, outgoing, curious, energetic",England,,9-14,Male: 33-41; Female: 33-38,,https://cdn4.thedogapi.com/optimized/8YaLRfyVCt.jpg
376,Beagle-Harrier,Hound,12-14,"Energetic, intelligent, friendly, courageous, devoted",France,,19-27,45-50,,https://cdn4.thedogapi.com/optimized/20lCLdGZ6Q.jpg
32,Bearded Collie,Herding,12-14,"Intelligent, energetic, playful, affectionate, alert, confident, outgoing",Scotland,,20-25,Male: 53-56; Female: 51-53,,https://cdn2.thedogapi.com/images/TZwbGR2T6.jpg
33,Beauceron,Herding,10-12,"Intelligent, loyal, protective, courageous, confident",France,,32-50,Male: 65-70; Female: 61-68,,https://cdn2.thedogapi.com/images/rkVlblcEQ_1280.jpg
34,Bedlington Terrier,Terrier,11-16,"Intelligent, affectionate, energetic, playful, courageous, alert",England (Northumberland),,8-10,Male: 41-44; Female: 38-42,,https://cdn4.thedogapi.com/optimized/IIMOCnjcu2.jpg
35,Belgian Laekenois,Herding,10-14,"Alert, intelligent, protective, loyal, energetic, affectionate",Belgium,,Male: 25-30; Female: 20-27,Male: 61-66; Female: 56-61,,https://cdn4.thedogapi.com/optimized/yBYbX1tm1c.jpg
36,Belgian Malinois,Herding,,"Intelligent, confident, energetic, loyal, alert, work-focused, protective",Belgium,,Male: 27-36; Female: 18-27,Male: 61-66; Female: 56-61,,https://cdn4.thedogapi.com/optimized/ikOLxquC5T.jpg
37,Belgian Shepherd,Herding,12-14,"Intelligent, loyal, energetic, alert, protective, work-focused",Belgium,,Male: 25-34; Female: 20-27,Male: 61-66; Female: 56-61,,https://cdn2.thedogapi.com/images/rkVB1x9E7_1280.jpg
38,Belgian Tervuren,Herding,12-14,"Intelligent, courageous, alert, loyal, energetic",Belgium,,Male: 25-34; Female: 20-27,Male: 61-66; Female: 56-61,,https://cdn4.thedogapi.com/optimized/FRKm6nX5x3.jpg
39,Bergamasco Sheepdog,Herding,,"Intelligent, independent, loyal, alert, gentle, calm",Italian Alps,,Male: 32-38; Female: 26-32,Male: 60-62; Female: 56-60,,https://cdn2.thedogapi.com/images/lq5gBjy4s.jpg
40,Berger Picard,Herding,12-13,"Intelligent, loyal, energetic, alert, affectionate","Picardy, France",,23-32,Male: 60-65; Female: 55-60,,https://cdn2.thedogapi.com/images/Sy57xx9EX_1280.jpg
649,Bernedoodle,Mixed,10-15,"Intelligent, friendly, gentle, playful, affectionate, loyal",Canada,,Male: 32-41; Female: 27-36,Male: 58-74; Female: 53-69,,https://cdn4.thedogapi.com/optimized/IfaS21KAcV.jpg
41,Bernese Mountain Dog,Working,7-10,"Calm, gentle, loyal, intelligent, affectionate, good-natured",Switzerland,,Male: 36-52; Female: 32-43,Male: 64-70; Female: 58-66,,https://cdn4.thedogapi.com/optimized/JeEa01pVeW.jpg
42,Bichon Frisé,Non-Sporting,,"Happy, playful, affectionate, intelligent, gentle, energetic",France / Belgium,,5-8,24-29,,https://cdn4.thedogapi.com/optimized/yy1nVxX1TD.jpg
267,Biewer Terrier,Toy,,"Friendly, intelligent, playful, devoted, affectionate","Hunsruck, Germany",,1.8-3.6,18-28,,https://cdn4.thedogapi.com/optimized/9Vh5N533hN.jpg
377,Billy,Hound,10-12,"Energetic, intelligent, courageous, gentle, independent","Haut-Poitou, France",,Male: 25-33; Female: 23-30,Male: 60-70; Female: 58-66,,https://cdn2.thedogapi.com/images/oTWQDw9C9.jpg
43,Black and Tan Coonhound,Hound,10-12,"Friendly, outgoing, intelligent, alert, adaptable, easygoing",United States,,29-50,Male: 64-69; Female: 58-64,,https://cdn2.thedogapi.com/images/SyRe4xcN7_1280.jpg
268,Black Mouth Cur,Hound,12-16,"Loyal, courageous, intelligent, energetic, protective, work-focused",Southern United States,,Male: 18-43; Female: 16-36,Male: 46-64; Female: 41-58,,https://cdn2.thedogapi.com/images/B17ase9V7_1280.jpg
378,Black Norwegian Elkhound,Hound,12-15,"Energetic, courageous, alert, independent, loyal, confident",Norway,,Male: 20-25; Female: 18-23,Male: 46-50; Female: 43-47,,https://cdn2.thedogapi.com/images/rJ6iQeqEm_1280.jpg
44,Black Russian Terrier,Working,10-12,"Confident, courageous, intelligent, protective, calm, loyal",Russia,,36-59,Male: 68-76; Female: 66-74,,https://cdn2.thedogapi.com/images/SMa0dyTLx.jpg
45,Bloodhound,Hound,10-12,"Gentle, friendly, independent, alert, devoted, affectionate",Belgium,,Male: 41-50; Female: 36-45,Male: 64-69; Female: 58-64,,https://cdn2.thedogapi.com/images/ByxuuunBX_1280.jpg
46,Blue Picardy Spaniel,Sporting,10-14,"Gentle, intelligent, calm, devoted, affectionate","Picardy, France",,19.5-22.7,Male: 57-61; Female: 55-60,,https://cdn2.thedogapi.com/images/Fw1MZmoRL.png
47,Bluetick Coonhound,Hound,11-12,"Friendly, intelligent, loyal, devoted, work-focused",United States,,Male: 25-36; Female: 20-29,Male: 56-69; Female: 53-64,,https://cdn2.thedogapi.com/images/ByK8gx947_1280.jpg
48,Boerboel,Working,9-11,"Confident, intelligent, loyal, protective, calm",South Africa,,Male: 68-91; Female: 50-68,Male: 61-69; Female: 56-64,,https://cdn2.thedogapi.com/images/I3E0R2tuV.jpg
379,Bohemian Shepherd,Herding,12-14,"Intelligent, loyal, calm, confident, eager to please, energetic, gentle, adaptable",Czech Republic,,Male: 19-27; Female: 17-25,Male: 52-57; Female: 49-55,,https://cdn2.thedogapi.com/images/wJjvV6A5T.jpg
380,Bohemian Spotted Dog,Companion,12-15,"Friendly, intelligent, adaptable, gentle, energetic",Czech Republic,,15-20,Male: 45-53; Female: 43-53,,https://cdn4.thedogapi.com/optimized/rwf9rF0e9Z.jpg
49,Bolognese,Toy,12-14,"Calm, devoted, intelligent, playful, gentle, loyal","Bologna, Italy",,2.5-4,25-30,,https://cdn4.thedogapi.com/optimized/wnXnSQ9sTP.jpg
50,Border Collie,Herding,12-15,"Intelligent, energetic, alert, work-focused, loyal, eager to please",Anglo-Scottish border region,,14-25,Male: 48-56; Female: 46-53,,https://cdn4.thedogapi.com/optimized/h7fcj4eeRi.jpg
51,Border Terrier,Terrier,12-15,"Affectionate, intelligent, alert, energetic, courageous, adaptable",Border regions between England and Scotland,,Male: 6-7; Female: 5-6.5,Male: 33-41; Female: 28-36,,https://cdn2.thedogapi.com/images/ByIiml9Nm_1280.jpg
689,Bordoodle,Mixed,12-15,"Intelligent, energetic, loyal, playful, eager to please",United States,,Male: 16-29; Female: 14-25,Male: 46-64; Female: 43-56,,https://cdn2.thedogapi.com/images/B1ADQg94X_1280.jpg
52,Borzoi,Hound,9-14,"Gentle, independent, calm, intelligent, affectionate",Russia,,Male: 34-48; Female: 27-39,Male: 71-81; Female: 66-76,,https://cdn2.thedogapi.com/images/xbI13teuJ.jpg
53,Boston Terrier,Non-Sporting,11-13,"Friendly, intelligent, outgoing, playful","Boston, Massachusetts, United States",,5-11,38-43,,https://cdn2.thedogapi.com/images/rk9k4aTNm.gif
381,Bouvier des Ardennes,Herding,10-12,"Courageous, loyal, intelligent, energetic, work-focused, adaptable","Ardennes region, Belgium",,Male: 27-34; Female: 23-29,Male: 56-61; Female: 52-56,,https://cdn2.thedogapi.com/images/ajJCO_lDC.jpg
54,Bouvier des Flandres,Herding,10-12,"Loyal, intelligent, protective, courageous, calm, gentle",Belgium (Flanders region),,32-50,Male: 62-70; Female: 60-67,,https://cdn2.thedogapi.com/images/WWmA1kutH.jpg
55,Boxer,Working,10-12,"Playful, energetic, loyal, intelligent, friendly, alert",Germany,,Male: 29-36; Female: 23-29,Male: 58-64; Female: 55-60,,https://cdn2.thedogapi.com/images/vPQGloamD.jpg
666,Boxerdoodle,Mixed,10-14,"Intelligent, playful, energetic, loyal, friendly, affectionate",United States,,Male: 27-36; Female: 20-32,Male: 53-64; Female: 51-61,,https://cdn4.thedogapi.com/optimized/SdxdZy6WhC.jpg
56,Boykin Spaniel,Sporting,10-15,"Friendly, energetic, eager to please, intelligent, adaptable","South Carolina, United States",,Male: 14-18; Female: 11-16,Male: 39-46; Female: 36-42,,https://cdn4.thedogapi.com/optimized/l74W8L2h5e.jpg
57,Bracco Italiano,Sporting,10-14,"Gentle, intelligent, affectionate, loyal, calm, docile, adaptable",Italy,,25-40,Male: 58-67; Female: 55-62,,https://cdn2.thedogapi.com/images/hdERN5n5z.jpg
382,Braque d'Auvergne,Sporting,12-15,"Gentle, intelligent, affectionate, devoted, work-focused","Auvergne region, France",,Male: 22-30; Female: 20-28,Male: 56-63; Female: 53-61,,https://cdn2.thedogapi.com/images/Sypubg54Q_1280.jpg
383,Braque du Bourbonnais,Sporting,12-15,"Gentle, intelligent, loyal, calm, affectionate, adaptable","Bourbonnais region, France",,Male: 18-26; Female: 16-24,Male: 50-57; Female: 47-56,,https://cdn2.thedogapi.com/images/rJO6cQoVQ.gif
384,Braque Français,Sporting,12-15,"Gentle, intelligent, loyal, affectionate, adaptable",France,,18-25,Male: 47-58; Female: 47-56,,https://cdn2.thedogapi.com/images/42QrDrylc.jpg
385,Braque Saint-Germain,Sporting,12-14,"Gentle, intelligent, affectionate, eager to please, loyal",France,,18-26,Male: 56-61; Female: 53-58,,https://cdn2.thedogapi.com/images/-QbEXksWV.jpg
386,Brazilian Terrier,Terrier,12-14,"Alert, friendly, energetic, intelligent, playful, loyal",Brazil,,Male: 7-10; Female: 6-10,Male: 35-40; Female: 33-38,,https://cdn2.thedogapi.com/images/sqQJDtbpY.jpg
58,Briard,Herding,10-12,"Loyal, intelligent, protective, confident, courageous, devoted",France,,Male: 32-45; Female: 23-29,Male: 58-69; Female: 56-65,,https://cdn2.thedogapi.com/images/d_dNvBD0R.jpg
387,Briquet de Provence,Hound,11-14,"Gentle, intelligent, alert, friendly, devoted, adaptable","Provence, France",,Male: 20-25; Female: 18-22,Male: 48-56; Female: 47-53,,https://cdn4.thedogapi.com/optimized/ozM2Ca6Plu.jpg
388,Briquet Griffon Vendéen,Hound,12-14,"Courageous, energetic, independent, friendly, alert, intelligent","Vendée, France",,22-24,48-56,,https://cdn2.thedogapi.com/images/0mUBUQ68p.jpg
59,Brittany,Sporting,12-15,"Intelligent, energetic, eager to please, friendly, athletic, happy","Brittany (Bretagne), France",,14-18,44-52,,https://cdn2.thedogapi.com/images/Sk4DXl54m_1280.jpg
681,Brittanydoodle,Mixed,11-16,"Energetic, intelligent, friendly, eager to please, loyal",United States,,Male: 16-30; Female: 14-25,Male: 44-64; Female: 44-58,,https://cdn2.thedogapi.com/images/bJqrD40we.jpg
389,Broholmer,Working,8-10,"Calm, friendly, confident, protective, loyal, gentle",Denmark,,Male: 50-68; Female: 41-59,Male: 75-76; Female: 70-71,,https://cdn2.thedogapi.com/images/SJ5vzx5NX_1280.jpg
390,Bruno Jura Hound,Hound,12-14,"Independent, alert, intelligent, gentle, work-focused","Jura Mountains, Switzerland",,Male: 15-22; Female: 15-20,Male: 46-59; Female: 43-57,,https://cdn4.thedogapi.com/optimized/T4bRANE8Fb.jpg
391,Bucovina Shepherd Dog,Working,10-14,"Calm, protective, courageous, loyal, independent, devoted","Bucovina region, Carpathian Mountains, Romania",,Male: 50-70; Female: 45-60,Male: 68-78; Female: 64-72,,https://cdn4.thedogapi.com/optimized/MY32nvFaii.jpg
684,Bugg,Mixed,10-15,"Friendly, playful, affectionate, alert, intelligent",United States,,Male: 7-11; Female: 6-10,25-43,,https://cdn2.thedogapi.com/images/S1KMGg5Vm_1280.jpg
392,Bulgarian Hound,Hound,12-14,"Alert, energetic, intelligent, loyal, independent, work-focused",Bulgaria,,Male: 18-25; Female: 16-23,Male: 48-58; Female: 46-54,,https://cdn2.thedogapi.com/images/6jNaXEFxv.jpg
393,Bulgarian Scenthound,Hound,12-14,"Intelligent, loyal, alert, energetic, work-focused",Bulgaria,,Male: 20-25; Female: 18-23,Male: 51-58; Female: 48-54,,https://cdn4.thedogapi.com/optimized/EXPG7YlvxK.jpg
394,Bull Arab,Mixed,12-15,"Loyal, intelligent, protective, courageous, energetic",Australia,,Male: 32-43; Female: 27-40,Male: 61-69; Female: 61-66,,https://cdn4.thedogapi.com/optimized/F0nbcc4hif.jpg
63,Bulldog,Non-Sporting,8-10,"Friendly, courageous, calm, docile, loyal",England,,Male: 23-25; Female: 18-23,36-38,,https://cdn2.thedogapi.com/images/xJJyuYXJS.jpg
64,Bullmastiff,Working,7-9,"Loyal, protective, calm, courageous, affectionate, confident",England,,Male: 50-59; Female: 45-54,Male: 64-69; Female: 61-66,,https://cdn2.thedogapi.com/images/R1b5gB11p.jpg
687,Bulloxer,Mixed,9-14,"Loyal, protective, playful, affectionate, courageous, energetic",United States,,Male: 23-36; Female: 23-32,Male: 46-64; Female: 43-61,,https://cdn4.thedogapi.com/optimized/hZkMlKOLPl.jpg
61,Bull Terrier,Terrier,12-13,"Playful, courageous, energetic, loyal, mischievous",England,,23-32,53-56,,https://cdn2.thedogapi.com/images/Asut5CUgQ.jpg
62,Bull Terrier (Miniature),Terrier,11-13,"Playful, energetic, courageous, confident, affectionate, outgoing",England,,9-15,25-36,,https://cdn2.thedogapi.com/images/S1osGeqVm_1280.jpg
395,Bully Kutta,Working,8-10,"Protective, loyal, courageous, independent, intelligent",Indian subcontinent (Pakistan/India),,Male: 68-91; Female: 59-77,Male: 76-91; Female: 71-81,,https://cdn2.thedogapi.com/images/XuF0yCht6.jpg
396,Burgos Pointer,Sporting,12-14,"Loyal, calm, intelligent, docile, work-focused","Burgos, Castile and León, Spain",,Male: 25-30; Female: 20-25,Male: 61-67; Female: 58-64,,https://cdn4.thedogapi.com/optimized/OHWsNdOh9O.jpg
398,Ca de Bou,Working,10-12,"Calm, courageous, loyal, confident, protective","Majorca, Balearic Islands, Spain",,Male: 35-38; Female: 30-34,Male: 55-58; Female: 52-55,,https://cdn4.thedogapi.com/optimized/61r5MvNDov.jpg
65,Cairn Terrier,Terrier,,"Alert, confident, friendly, intelligent, courageous, energetic",Scotland,,Male: 6-7.5; Female: 6-7,Male: 25-28; Female: 24-27,,https://cdn2.thedogapi.com/images/135XZc4x1.jpg
400,Calupoh,Herding,12-14,"Loyal, intelligent, alert, calm, protective, confident",Mexico,,Male: 31-45; Female: 27-40,Male: 61-75; Female: 56-70,,https://cdn2.thedogapi.com/images/YYIflhgK0.jpg
397,Ca Mè Mallorquí,Working,12-14,"Alert, intelligent, energetic, loyal, work-focused","Mallorca, Balearic Islands, Spain",,Male: 20-25; Female: 16-20,Male: 53-58; Female: 48-53,,https://cdn4.thedogapi.com/optimized/kLMiFtPQMj.jpg
401,Campeiro Bulldog,Working,10-12,"Loyal, protective, courageous, calm, work-focused",Brazil,,Male: 35-45; Female: 30-40,Male: 48-56; Female: 46-54,,https://cdn2.thedogapi.com/images/xmHTSrAon_1280.jpg
66,Canaan Dog,Herding,12-15,"Alert, intelligent, loyal, independent, protective, confident",Israel,,Male: 20-25; Female: 16-20,Male: 51-61; Female: 48-58,,https://cdn2.thedogapi.com/images/ILaCjZC33.jpg
404,Canadian Eskimo Dog,Working,10-15,"Alert, loyal, intelligent, courageous, independent, work-focused",Canadian Arctic,,Male: 30-40; Female: 18-30,Male: 58-70; Female: 50-60,,https://cdn4.thedogapi.com/optimized/XUBm5RA95T.jpg
402,Can de Chira,Herding,11-14,"Intelligent, energetic, loyal, alert, work-focused","Aragon, Spain",,Male: 16-20; Female: 12-16,Male: 42-47; Female: 38-43,,https://cdn2.thedogapi.com/images/SJJtcXs4m.gif
403,Can de Palleiro,Herding,12-14,"Intelligent, loyal, protective, work-focused, alert","Galicia, Spain",,Male: 30-35; Female: 25-30,Male: 58-65; Female: 53-61,,https://cdn4.thedogapi.com/optimized/u61mBoaFOV.jpg
67,Cane Corso,Working,9-12,"Confident, protective, intelligent, loyal, affectionate",Italy,,Male: 45-50; Female: 40-45,Male: 64-70; Female: 60-66,,https://cdn4.thedogapi.com/optimized/C4qcJRC6mF.jpg
405,Cane di Oropa,Herding,12-15,"Loyal, intelligent, energetic, work-focused, alert, devoted","Biellese Alps, Piedmont (Oropa Valley), Italy",,Male: 20-30; Female: 17-27,Male: 48-56; Female: 45-54,,https://cdn2.thedogapi.com/images/Sypubg54Q_1280.jpg
406,Cane Paratore,Herding,10-15,"Intelligent, energetic, loyal, protective, work-focused, alert","Piedmont Alps, Italy",,Male: 18-30; Female: 18-25,Male: 47-55; Female: 45-53,,https://cdn4.thedogapi.com/optimized/JaaVatrXmg.jpg
407,Cantabrian Water Dog,Sporting,12-14,"Loyal, intelligent, work-focused, energetic, alert, devoted","Cantabria, Spain",,Male: 15-23; Female: 12-20,Male: 42-50; Female: 40-47,,https://cdn2.thedogapi.com/images/SJcCuu2SX_1280.jpg
408,Cão de Gado Transmontano,Working,10-12,"Protective, independent, calm, loyal, confident, courageous","Trás-os-Montes region, Portugal",,Male: 50-75; Female: 40-60,Male: 75-84; Female: 68-78,,https://cdn4.thedogapi.com/optimized/PnX0Ak9Bqb.jpg
399,Ca Rater Mallorquí,Terrier,12-15,"Alert, energetic, intelligent, loyal, courageous","Mallorca, Balearic Islands, Spain",,Male: 10-15; Female: 8-13,Male: 30-38; Female: 29-36,,https://cdn2.thedogapi.com/images/xcrQRb4IQ.jpg
68,Cardigan Welsh Corgi,Herding,12-15,"Affectionate, loyal, intelligent, alert, adaptable","Cardiganshire, Wales",,Male: 14-17; Female: 11-15,27-32,,https://cdn4.thedogapi.com/optimized/G0wYTHus2i.jpg
409,Carea Leonés,Herding,12-14,"Intelligent, loyal, work-focused, energetic, alert, athletic","León Province, Spain",,Male: 23-32; Female: 18-27,Male: 51-61; Female: 46-56,,https://cdn2.thedogapi.com/images/H1zSie9V7_1280.jpg
410,Carolina Dog,Hound,12-15,"Alert, intelligent, independent, loyal, adaptable, gentle",Southeastern United States,,14-25,Male: 46-51; Female: 43-48,,https://cdn2.thedogapi.com/images/tYnqlqNkz.jpg
411,Carpathian Shepherd Dog,Working,12-14,"Loyal, protective, courageous, calm, independent, alert, devoted","Carpathian Mountains, Romania",,Male: 35-45; Female: 30-36,Male: 65-73; Female: 59-68,,https://cdn2.thedogapi.com/images/DZzgyxMIE.jpg
412,Castro Laboreiro Dog,Working,11-13,"Loyal, protective, intelligent, independent, alert, courageous","Castro Laboreiro region, Portugal",,Male: 30-40; Female: 25-35,Male: 58-63; Female: 55-60,,https://cdn2.thedogapi.com/images/rJxieg9VQ_1280.jpg
69,Catahoula Leopard Dog,Herding,10-14,"Independent, intelligent, loyal, protective, energetic, work-focused","Louisiana, United States",,Male: 29-41; Female: 23-29,Male: 56-66; Female: 51-61,,https://cdn2.thedogapi.com/images/hd1iiHXjK.jpg
413,Catalan Sheepdog,Herding,12-14,"Intelligent, loyal, energetic, protective, courageous","Catalonia, Spain",,Male: 20-28; Female: 17-21,Male: 47-55; Female: 45-53,,https://cdn4.thedogapi.com/optimized/QcMf5Iv8um.jpg
269,Caucasian Shepherd Dog,Working,10-12,"Protective, independent, courageous, loyal, confident",Caucasus Mountains,,Male: 50-77; Female: 45-68,Male: 68-76; Female: 64-71,,https://cdn4.thedogapi.com/optimized/7jhMib9rEF.jpg
70,Caucasian Shepherd Dog,Working,10-12,"Protective, independent, confident, courageous, alert",Caucasus Mountains,,Male: 50-77; Female: 45-68,Male: 68-76; Female: 64-71,,https://cdn2.thedogapi.com/images/-qOqBA-Un.jpg
71,Cavalier King Charles Spaniel,Toy,12-15,"Affectionate, gentle, friendly, playful, eager to please, adaptable",United Kingdom,,6-8,30-33,,https://cdn2.thedogapi.com/images/ByFQI6TVX.gif
72,Cavapom,Mixed,12-16,"Friendly, affectionate, playful, intelligent, outgoing, alert",United States,,3-9,18-33,,https://cdn2.thedogapi.com/images/_8II0snsl.jpg
73,Cavapoo,Mixed,10-15,"Affectionate, intelligent, friendly, playful, gentle, outgoing",Australia,,5-11,23-36,,https://cdn4.thedogapi.com/optimized/28pSRwqLJd.jpg
414,Central Asian Shepherd Dog,Working,12-15,"Independent, protective, confident, courageous, calm",Central Asia,,Male: 50-80; Female: 40-65,Male: 69-81; Female: 61-69,,https://cdn4.thedogapi.com/optimized/n0VCtOCK10.jpg
415,Český fousek,Sporting,12-15,"Intelligent, loyal, energetic, devoted, eager to please, work-focused",Czech Republic,,Male: 28-34; Female: 22-28,Male: 60-66; Female: 57-62,,https://cdn4.thedogapi.com/optimized/F0nbcc4hif.jpg
74,Cesky Terrier,Terrier,12-15,"Calm, gentle, playful, intelligent, loyal, devoted",Czech Republic,,6-11,25-33,,https://cdn4.thedogapi.com/optimized/AX0nuGJ1W9.jpg
75,Chart Polski,Hound,10-12,"Independent, loyal, alert, calm, confident, courageous, protective, intelligent",Poland,,Male: 28-43; Female: 25-37,Male: 70-80; Female: 68-78,,https://cdn2.thedogapi.com/images/xbI13teuJ.jpg
76,Chesapeake Bay Retriever,Sporting,10-13,"Intelligent, courageous, loyal, protective, confident","Maryland, United States",,Male: 29-36; Female: 25-32,Male: 58-66; Female: 53-61,,https://cdn2.thedogapi.com/images/34v9aKCct.jpg
416,Chien Français Blanc et Noir,Hound,10-12,"Courageous, intelligent, work-focused, independent, loyal",France,,Male: 30-35; Female: 28-33,Male: 65-72; Female: 62-68,,https://cdn4.thedogapi.com/optimized/w1x9MMmJmL.jpg
417,Chien Français Blanc et Orange,Hound,10-12,"Gentle, calm, loyal, intelligent, energetic, work-focused",France,,Male: 28-32; Female: 25-30,Male: 62-70; Female: 60-66,,https://cdn2.thedogapi.com/images/rygIFuhH7_1280.jpg
418,Chien Français Tricolore,Hound,10-12,"Work-focused, intelligent, energetic, loyal, athletic, alert",France,,Male: 28-35; Female: 25-30,Male: 62-72; Female: 60-68,,https://cdn2.thedogapi.com/images/8ogZCsDcp.jpg
77,Chihuahua,Toy,,"Alert, devoted, intelligent, confident, courageous, lively",Mexico,,1-3,13-20,,https://cdn2.thedogapi.com/images/HkaT7ppEQ.gif
419,Chilean Terrier,Terrier,12-15,"Alert, energetic, loyal, intelligent, adaptable",Chile,,Male: 6-8; Female: 4-7,Male: 32-38; Female: 28-36,,https://cdn4.thedogapi.com/optimized/uyzCltwcbd.jpg
78,Chinese Crested,Toy,,"Affectionate, alert, playful, lively, intelligent, gentle",China,,3.6-5.4,28-33,,https://cdn4.thedogapi.com/optimized/W6BdzlKxKS.jpg
79,Chinese Shar-Pei,Non-Sporting,8-12,"Loyal, independent, calm, alert, protective, intelligent",China,,20-27,46-51,,https://cdn2.thedogapi.com/images/omWvTh-2m.jpg
80,Chinook,Working,12-15,"Intelligent, calm, devoted, friendly, eager to please","New Hampshire, United States",,Male: 25-41; Female: 23-32,Male: 58-66; Female: 53-64,,https://cdn4.thedogapi.com/optimized/h32ZmgvIVI.jpg
664,Chipoo,Mixed,12-15,"Intelligent, alert, playful, affectionate, energetic, loyal",United States,,2-7,13-30,,https://cdn2.thedogapi.com/images/SkIgzxqNQ_1280.jpg
420,Chippiparai,Sighthound,12-15,"Loyal, intelligent, independent, alert, gentle, athletic","Tamil Nadu, India",,Male: 15-22; Female: 12-18,Male: 61-72; Female: 56-66,,https://cdn2.thedogapi.com/images/38KoA9gGB.jpg
657,Chiweenie,Mixed,12-16,"Loyal, alert, playful, confident, energetic, affectionate",United States,,2-5,15-25,,https://cdn4.thedogapi.com/optimized/yVQS4vzbtg.jpg
421,Chongqing Dog,Utility,10-13,"Loyal, protective, alert, confident, independent","Chongqing, China",,Male: 15-25; Female: 12-20,Male: 38-50; Female: 35-46,,https://cdn2.thedogapi.com/images/ViIxw1j4w.jpg
654,Chorkie,Mixed,12-15,"Alert, loyal, energetic, confident, affectionate, playful, intelligent",United States,,1.8-4.5,15-23,,https://cdn4.thedogapi.com/optimized/L3ylGHMSmW.jpg
422,Chortai,Hound,11-13,"Independent, intelligent, loyal, athletic, calm",Southern Russia/Central Asia,,Male: 25-35; Female: 23-32,Male: 64-74; Female: 61-71,,https://cdn2.thedogapi.com/images/hcx2zV5Bj.jpg
81,Chow Chow,Non-Sporting,8-12,"Loyal, independent, aloof, alert, calm, protective",China,,20-32,43-51,,https://cdn2.thedogapi.com/images/14MaKTcUX.jpg
82,Chug,Mixed,10-13,"Playful, affectionate, loyal, alert, confident",United States,,4.5-9,25-36,,https://cdn2.thedogapi.com/images/Mncs8eeby.jpg
423,Chukotka Sled Dog,Northern,12-15,"Hardy, energetic, independent, loyal, alert, work-focused","Chukotka Peninsula, Siberia",,Male: 20-25; Female: 18-22,Male: 53-60; Female: 51-57,,https://cdn2.thedogapi.com/images/cZT3u01tZ.jpg
424,Cimarrón Uruguayo,Working,10-12,"Courageous, intelligent, loyal, protective, calm, confident",Uruguay,,Male: 38-45; Female: 33-40,Male: 58-61; Female: 55-58,,https://cdn4.thedogapi.com/optimized/ACDtQWVRBr.jpg
83,Cirneco dell'Etna,Hound,12-14,"Affectionate, independent, alert, gentle, intelligent","Sicily, Italy",,Male: 10-12; Female: 8-10,Male: 46-50; Female: 42-46,,https://cdn4.thedogapi.com/optimized/niUi2k5cdI.jpg
84,Clumber Spaniel,Sporting,10-12,"Gentle, loyal, calm, intelligent, playful",England,,Male: 32-39; Female: 25-32,Male: 43-51; Female: 43-48,,https://cdn4.thedogapi.com/optimized/Uz9mTebSzn.jpg
85,Cockapoo,Mixed,12-15,"Friendly, intelligent, affectionate, playful, outgoing",United States,,5-11,25-38,,https://cdn4.thedogapi.com/optimized/d5dxpy8AUR.jpg
86,Cocker Spaniel,Sporting,10-14,"Friendly, affectionate, playful, intelligent, outgoing",United States,,Male: 11-14; Female: 9-11,Male: 34-39; Female: 32-37,,https://cdn2.thedogapi.com/images/rVOHQ6r1R.jpg
425,Colombian Fino Hound,Scent Hound,10-14,"Affectionate, docile, energetic, intelligent, loyal, work-focused, devoted, alert",Colombia,,15-25,Male: 40-50; Female: 38-48,,https://cdn2.thedogapi.com/images/fbl5hbwrc.jpg
426,Continental Bulldog,Non-Sporting,10-14,"Friendly, confident, calm, alert, adaptable, loyal",Switzerland,,Male: 23-30; Female: 20-27,Male: 42-47; Female: 38-44,,https://cdn4.thedogapi.com/optimized/yKIPHbJick.jpg
678,Corgipoo,Mixed,12-15,"Intelligent, friendly, playful, affectionate, energetic, alert",United States,,5-14,25-38,,https://cdn4.thedogapi.com/optimized/FRKm6nX5x3.jpg
427,Corsican Dog,Herding,10-14,"Independent, alert, loyal, protective, intelligent","Corsica, France",,Male: 15-29; Female: 13-25,Male: 46-58; Female: 43-56,,https://cdn2.thedogapi.com/images/ByK8gx947_1280.jpg
89,Coton de Tulear,Non-Sporting,,"Happy, playful, affectionate, alert, friendly, intelligent, adaptable",Madagascar,,Male: 4-7; Female: 3.5-6,Male: 25-28; Female: 23-25,,https://cdn2.thedogapi.com/images/SkvZgx94m_1280.jpg
428,Cretan Hound,Hound,12-15,"Intelligent, independent, alert, energetic, athletic, gentle, affectionate","Crete, Greece",,Male: 15-25; Female: 15-23,Male: 52-60; Female: 50-58,,https://cdn4.thedogapi.com/optimized/CQUHaShvmM.jpg
429,Croatian Sheepdog,Herding,12-14,"Intelligent, alert, energetic, loyal, work-focused, eager to please",Croatia,,13-20,40-50,,https://cdn2.thedogapi.com/images/MCQEc8Oc-.jpg
90,Curly-Coated Retriever,Sporting,10-12,"Confident, intelligent, independent, loyal, energetic",England,,27-43,Male: 64-69; Female: 58-64,,https://cdn2.thedogapi.com/images/jPiMLwaJh.jpg
270,Czechoslovakian Wolfdog,Working,12-16,"Loyal, intelligent, energetic, courageous, alert, independent",Czechoslovakia,,Male: 25-34; Female: 20-27,Male: 61-71; Female: 60-66,,https://cdn4.thedogapi.com/optimized/fM3yF6cLB1.jpg
91,Dachshund,Hound,12-16,"Courageous, intelligent, independent, alert, playful, devoted",Germany,,7-14.5,20-23,,https://cdn4.thedogapi.com/optimized/Z4dSbHTVEA.jpg
669,Dalmadoodle,Mixed,11-15,"Intelligent, energetic, friendly, loyal, alert",United States,,Male: 20-32; Female: 20-29,Male: 51-61; Female: 48-58,,https://cdn2.thedogapi.com/images/Bklnce5NX_1280.jpg
92,Dalmatian,Non-Sporting,11-13,"Energetic, outgoing, intelligent, alert, athletic","Dalmatia, Croatia",,Male: 25-32; Female: 20-27,Male: 58-61; Female: 56-58,,https://cdn2.thedogapi.com/images/ROvy59azW.jpg
93,Dandie Dinmont Terrier,Terrier,12-15,"Independent, intelligent, loyal, affectionate, confident, gentle",Scottish Borders,,8-11,20-28,,https://cdn2.thedogapi.com/images/xAo4Tfbyg.jpg
430,Danish Spitz,Non-Sporting,12-15,"Friendly, alert, intelligent, energetic, loyal",Denmark,,Male: 12-18; Female: 10-15,Male: 40-49; Female: 39-46,,https://cdn2.thedogapi.com/images/A3mLu3WQ2.jpg
431,Danish-Swedish Farmdog,Terrier,11-15,"Alert, friendly, energetic, intelligent, adaptable, eager to please",Denmark and Sweden,,7-11,Male: 32-38; Female: 29-37,,https://cdn4.thedogapi.com/optimized/T3mbY3ZONG.jpg
432,Denmark Feist,Scenthound,12-18,"Energetic, alert, intelligent, courageous, loyal","Denmark, Tennessee, United States",,Male: 9-16; Female: 7-11,38-46,,https://cdn2.thedogapi.com/images/Sy57xx9EX_1280.jpg
433,Dikkulak,Sighthound,12-16,"Alert, energetic, loyal, intelligent",Turkey,,Male: 9-14; Female: 8-13,Male: 33-41; Female: 30-38,,https://cdn2.thedogapi.com/images/YmHQa7tTt.jpg
434,Dingo,Primitive/Wild Canid,10-15,"Independent, alert, intelligent, adaptable",Australia,,Male: 13-20; Female: 11-18,Male: 48-60; Female: 45-58,,https://cdn4.thedogapi.com/optimized/sOLiRfkCDn.jpg
94,Doberman Pinscher,Working,10-12,"Intelligent, alert, loyal, energetic, confident",Germany,,Male: 34-45; Female: 27-41,Male: 66-71; Female: 61-66,,https://cdn4.thedogapi.com/optimized/70lgNuWy8z.jpg
95,Dogo Argentino,Working,9-15,"Courageous, loyal, protective, confident, intelligent, energetic",Argentina,,Male: 40-45; Female: 40-43,Male: 61-67; Female: 61-65,,https://cdn4.thedogapi.com/optimized/F4uCFjpvxk.jpg
435,Dogo Sardesco,Working,10-13,"Protective, loyal, courageous, intelligent, confident, independent","Sardinia, Italy",,Male: 35-50; Female: 30-45,Male: 60-69; Female: 56-64,,https://cdn4.thedogapi.com/optimized/UAHks1q5iR.jpg
436,Dogue Brasileiro,Working,9-12,"Protective, loyal, intelligent, courageous, calm, devoted",Brazil,,Male: 36-50; Female: 31-45,Male: 56-66; Female: 54-64,,https://cdn4.thedogapi.com/optimized/MxTXPq64DR.jpg
96,Dogue de Bordeaux,Working,5-8,"Loyal, affectionate, courageous, calm, protective, devoted","Bordeaux, France",,Male: 50-64; Female: 45-55,Male: 60-69; Female: 58-66,,https://cdn2.thedogapi.com/images/CIM1p1uFh.jpg
437,Donggyeongi,Spitz,12-15,"Friendly, gentle, alert, intelligent, loyal, courageous, adaptable","Gyeongju, South Korea",,Male: 16-18; Female: 14-16,Male: 47-51; Female: 45-49,,https://cdn4.thedogapi.com/optimized/UDcVZlmJh9.jpg
658,Dorkie,Mixed,11-16,"Affectionate, intelligent, playful, alert, loyal, courageous",United States,,2-5.5,13-23,,https://cdn2.thedogapi.com/images/JjT27ESYT.jpg
97,Doxiepoo,Mixed,10-15,"Intelligent, playful, affectionate, loyal, alert",United States,,4.5-14,20-38,,https://cdn2.thedogapi.com/images/r156pDT4m.gif
438,Drentse Patrijshond,Sporting,11-14,"Friendly, intelligent, loyal, gentle, energetic, alert","Drenthe province, Netherlands",,Male: 23-33; Female: 22-25,Male: 57-63; Female: 55-60,,https://cdn2.thedogapi.com/images/I3E0R2tuV.jpg
439,Drever,Hound,12-15,"Alert, calm, friendly, intelligent, loyal, even-tempered, courageous",Sweden,,14-18,30-38,,https://cdn4.thedogapi.com/optimized/rYOOAgdBuu.jpg
440,Dunker,Hound,12-15,"Friendly, calm, gentle, intelligent, energetic",Norway,,16-22,Male: 50-55; Female: 47-52,,https://cdn2.thedogapi.com/images/14MaKTcUX.jpg
98,Dutch Shepherd,Herding,11-14,"Intelligent, loyal, alert, energetic, athletic, work-focused, independent",Netherlands,,Male: 23-34; Female: 19-30,Male: 57-64; Female: 55-61,,https://cdn4.thedogapi.com/optimized/ScJbN2cIKo.jpg
441,Dutch Smoushond,Non-Sporting,12-15,"Friendly, alert, affectionate, playful, lively, intelligent",Netherlands,,Male: 9-11; Female: 8-10,Male: 35.5-42; Female: 33-42,,https://cdn2.thedogapi.com/images/SMa0dyTLx.jpg
443,East European Shepherd,Working,10-14,"Loyal, protective, confident, intelligent, work-focused",Soviet Union,,Male: 34-50; Female: 29-45,Male: 66-76; Female: 61-71,,https://cdn2.thedogapi.com/images/40bvxOUyl.jpg
442,East Siberian Laika,Spitz and Primitive Types,12-15,"Independent, alert, intelligent, courageous, loyal, work-focused","Eastern Siberia, Russia",,Male: 18-23; Female: 16-20,Male: 56-64; Female: 53-61,,https://cdn2.thedogapi.com/images/8X9vWcGdt.jpg
444,Ecuadorian Hairless Dog,Unknown,10-12,"Calm, alert, loyal, gentle, affectionate, intelligent, independent","Santa Elena Peninsula, Ecuador",,Male: 11-16; Female: 9-14,Male: 38-46; Female: 36-43,,https://cdn2.thedogapi.com/images/Sk7Qbg9E7_1280.jpg
99,English Cocker Spaniel,Sporting,12-14,"Merry, affectionate, intelligent, energetic, playful, gentle, eager to please",England,,Male: 13-15.5; Female: 12-14.5,Male: 41-43; Female: 38-41,,https://cdn2.thedogapi.com/images/ihTQ9wvul.jpg
100,English Foxhound,Hound,10-13,"Friendly, energetic, gentle, independent, courageous",England,,Male: 27-34; Female: 27-29,Male: 56-64; Female: 53-61,,https://cdn4.thedogapi.com/optimized/dVCYZjuRS5.jpg
164,English Mastiff,Working,6-10,"Gentle, loyal, protective, calm, courageous",England,,Male: 73-104; Female: 54-77,Male: 76-86; Female: 70-81,,https://cdn4.thedogapi.com/optimized/uZkwvX8TJW.jpg
101,English Setter,Sporting,12-14,"Friendly, gentle, affectionate, intelligent, energetic",England,,Male: 29-36; Female: 20-32,Male: 64-69; Female: 58-64,,https://cdn2.thedogapi.com/images/H1LsFdnrm_1280.jpg
102,English Shepherd,Herding,12-15,"Intelligent, loyal, energetic, alert, devoted, adaptable",United States,,Male: 20-27; Female: 16-23,Male: 48-58; Female: 46-56,,https://cdn4.thedogapi.com/optimized/LY570N51o3.jpg
103,English Springer Spaniel,Sporting,12-14,"Friendly, intelligent, energetic, eager to please, playful",England,,Male: 20-25; Female: 16-23,Male: 48-53; Female: 46-51,,https://cdn4.thedogapi.com/optimized/OFLogYcG3a.jpg
105,English Toy Terrier (Black & Tan),Toy,12-13,"Alert, intelligent, loyal, playful",England,,2.7-3.6,25-30,,https://cdn2.thedogapi.com/images/_q5yhP_X_.jpg
106,Entlebucher Mountain Dog,Herding,11-13,"Intelligent, energetic, loyal, alert, confident, devoted","Entlebuch valley, Switzerland",,Male: 23-30; Female: 18-25,Male: 43-53; Female: 41-51,,https://cdn2.thedogapi.com/images/YmHQa7tTt.jpg
445,Erbi Txakur,Scent Hound,12-14,"Intelligent, energetic, alert, loyal, work-focused","Basque Country, Spain",,Male: 15-20; Female: 13-18,Male: 48-56; Female: 46-54,,https://cdn4.thedogapi.com/optimized/nsVY06PMY4.jpg
679,Eskapoo,Mixed,12-15,"Intelligent, friendly, playful, affectionate, alert, energetic",United States,,Male: 7-11; Female: 6-10,25-38,,https://cdn4.thedogapi.com/optimized/uuNFpVb59T.jpg
446,Estonian Hound,Hound,12-15,"Friendly, energetic, alert, intelligent, calm",Estonia,,20-30,Male: 45-52; Female: 42-49,,https://cdn2.thedogapi.com/images/BkrJjgcV7_1280.jpg
447,Estrela Mountain Dog,Working,10-14,"Loyal, protective, intelligent, calm, courageous, independent","Serra da Estrela Mountains, Portugal",,Male: 40-60; Female: 30-50,Male: 65-72; Female: 62-69,,https://cdn4.thedogapi.com/optimized/VywKKonr8P.jpg
107,Eurasier,Non-Sporting,12-14,"Calm, confident, loyal, intelligent, gentle, reserved",Germany,,Male: 23-32; Female: 18-26,Male: 52-60; Female: 48-56,,https://cdn2.thedogapi.com/images/BW9WnXl3E.jpg
448,Faroese Sheepdog,Herding,11-15,"Intelligent, energetic, loyal, alert, work-focused, independent",Faroe Islands,,Male: 11-20; Female: 10-18,Male: 43-51; Female: 41-48,,https://cdn2.thedogapi.com/images/YOZ3-uVvB.jpg
108,Field Spaniel,Sporting,12-13,"Docile, intelligent, affectionate, gentle, sensitive",England,,16-23,43-46,,https://cdn2.thedogapi.com/images/0etOz_CUv.jpg
109,Fila Brasileiro,Working,9-11,"Loyal, protective, courageous, devoted, independent",Brazil,,Male: 50-82; Female: 40-73,Male: 65-75; Female: 60-70,,https://cdn4.thedogapi.com/optimized/creB1TPTKZ.jpg
449,Finnish Hound,Hound,11-13,"Friendly, energetic, independent, alert, intelligent",Finland,,Male: 20-29; Female: 20-25,Male: 55-61; Female: 52-58,,https://cdn2.thedogapi.com/images/S13yZg5VQ_1280.jpg
110,Finnish Lapphund,Herding,12-15,"Friendly, alert, intelligent, calm, courageous, loyal, adaptable",Lapland (Finland),,15-24,Male: 46-53; Female: 41-49,,https://cdn2.thedogapi.com/images/WWmA1kutH.jpg
111,Finnish Spitz,Non-Sporting,12-15,"Friendly, alert, intelligent, independent, playful, courageous",Finland,,Male: 11-15; Female: 9-13,Male: 44.5-51; Female: 39-46,,https://cdn4.thedogapi.com/optimized/ah0OKUinZL.jpg
112,Flat-Coated Retriever,Sporting,8-10,"Friendly, outgoing, optimistic, intelligent, energetic, playful, devoted",England,,Male: 27-32; Female: 25-29,Male: 58-62; Female: 56-60,,https://cdn2.thedogapi.com/images/4WiUpv_4W.jpg
450,Florida Cracker Cur,Herding,10-14,"Loyal, intelligent, energetic, protective, work-focused, alert","Florida, United States",,Male: 14-25; Female: 11-23,Male: 46-56; Female: 43-53,,https://cdn4.thedogapi.com/optimized/xz4R1yeRiz.jpg
676,Foxhoodle,Mixed,10-15,"Intelligent, energetic, friendly, alert, loyal, playful",United States,,Male: 23-32; Female: 18-29,Male: 56-69; Female: 53-64,,https://cdn2.thedogapi.com/images/pxtkPmg3b.jpg
113,French Bulldog,Non-Sporting,10-12,"Affectionate, playful, alert, adaptable, smart",France,,7-13,28-33,,https://cdn2.thedogapi.com/images/Bk4phvp47.gif
451,French Spaniel,Sporting,10-12,"Gentle, intelligent, calm, adaptable, eager to please",France,,Male: 23-27; Female: 20-27,Male: 56-61; Female: 53-58,,https://cdn4.thedogapi.com/optimized/KHqTyrsJV6.jpg
683,Frenchton,Mixed,10-15,"Friendly, playful, intelligent, affectionate, adaptable",United States,,Male: 7-11; Female: 6-10,Male: 36-41; Female: 33-38,,https://cdn2.thedogapi.com/images/r14eVa6EX.gif
685,Frug,Mixed,10-15,"Playful, affectionate, outgoing, adaptable, alert, happy",United States,,6-13,25-33,,https://cdn2.thedogapi.com/images/-c6didgTY.jpg
452,Gascon Saintongeois,Hound,11-13,"Gentle, calm, affectionate, loyal, intelligent, work-focused","Saintonge, France",,Male: 30-35; Female: 26-30,Male: 65-71; Female: 61-67,,https://cdn4.thedogapi.com/optimized/Z4dSbHTVEA.jpg
453,Gaucho Sheepdog,Herding,12-15,"Intelligent, loyal, energetic, protective, alert, calm","Rio Grande do Sul, Brazil",,Male: 20-34; Female: 18-29,Male: 51-61; Female: 48-58,,https://cdn2.thedogapi.com/images/FXigpiT_A.jpg
454,Georgian Shepherd,Working,10-12,"Protective, independent, loyal, courageous, calm, confident",Georgia (Caucasus region),,Male: 50-70; Female: 41-60,Male: 65-75; Female: 62-70,,https://cdn2.thedogapi.com/images/6CFLgAYVH.jpg
692,Gerberian Shepsky,Mixed,10-13,"Intelligent, loyal, energetic, alert, protective, independent",United States,,Male: 20-41; Female: 16-32,Male: 53-66; Female: 51-64,,https://cdn4.thedogapi.com/optimized/fM3yF6cLB1.jpg
455,German Hound,Hound,10-14,"Intelligent, loyal, energetic, calm, confident",Germany,,18-25,Male: 48-53; Female: 46-51,,https://cdn4.thedogapi.com/optimized/ZrUZGKHJZq.jpg
456,German Longhaired Pointer,Sporting,12-14,"Intelligent, gentle, calm, loyal, eager to please, work-focused",Germany,,Male: 25-36; Female: 20-32,Male: 61-71; Female: 58-66,,https://cdn2.thedogapi.com/images/dSaV-OCxy.jpg
114,German Pinscher,Working,12-14,"Alert, courageous, intelligent, energetic, confident, loyal",Germany,,11-20,43-51,,https://cdn2.thedogapi.com/images/42QrDrylc.jpg
457,German Roughhaired Pointer,Sporting,12-14,"Intelligent, loyal, energetic, confident, work-focused",Germany,,Male: 30-35; Female: 26-32,Male: 61-66; Female: 56-64,,https://cdn2.thedogapi.com/images/B1vimaTE7.gif
115,German Shepherd,Herding,9-13,"Confident, courageous, intelligent, loyal, protective",Germany,,Male: 29-41; Female: 23-32,Male: 61-66; Female: 56-61,,https://cdn4.thedogapi.com/optimized/yy1Llb59pv.jpg
690,German Sheprador,Mixed,10-13,"Intelligent, loyal, friendly, energetic, protective, eager to please",United States,,Male: 27-41; Female: 25-36,Male: 56-66; Female: 55-61,,https://cdn4.thedogapi.com/optimized/OHWsNdOh9O.jpg
116,German Shorthaired Pointer,Sporting,10-12,"Friendly, intelligent, energetic, eager to please, athletic",Germany,,Male: 25-32; Female: 20-27,Male: 58-64; Female: 53-58,,https://cdn2.thedogapi.com/images/S1osGeqVm_1280.jpg
458,German Spaniel,Sporting,12-14,"Intelligent, loyal, energetic, adaptable, confident, work-focused",Germany,,20-25,Male: 47-55; Female: 44-52,,https://cdn4.thedogapi.com/optimized/Uz9mTebSzn.jpg
117,German Spitz,Non-Sporting,,"Alert, intelligent, confident, lively, devoted",Germany,,Male: 3.6-12; Female: 3.6-11,23-38,,https://cdn4.thedogapi.com/optimized/jc0J82FZqW.jpg
118,German Wirehaired Pointer,Sporting,12-16,"Intelligent, energetic, loyal, affectionate, alert, eager to please",Germany,,23-32,Male: 61-66; Female: 56-61,,https://cdn2.thedogapi.com/images/Yp52A2pFZ_1280.jpg
119,Giant Schnauzer,Working,12-15,"Loyal, intelligent, alert, energetic, courageous, confident",Germany,,Male: 27-39; Female: 25-34,Male: 65-70; Female: 60-65,,https://cdn4.thedogapi.com/optimized/xz4R1yeRiz.jpg
120,Glen of Imaal Terrier,Terrier,10-15,"Courageous, gentle, loyal, intelligent, spirited","Glen of Imaal, County Wicklow, Ireland",,Male: 15-18; Female: 14-18,32-36,,https://cdn4.thedogapi.com/optimized/GFuEqzH0Fq.jpg
693,Goberian,Mixed,10-14,"Friendly, energetic, intelligent, loyal, outgoing, affectionate",United States,,Male: 20-36; Female: 16-32,Male: 53-61; Female: 51-57,,https://cdn2.thedogapi.com/images/mufxR-Px7.jpg
122,Goldendoodle,Mixed,10-15,"Friendly, intelligent, gentle, affectionate, outgoing, playful","United States, Australia",,23-41,51-61,,https://cdn4.thedogapi.com/optimized/ozM2Ca6Plu.jpg
688,Golden Mountain Dog,Mixed,8-12,"Friendly, gentle, intelligent, loyal, calm, affectionate",United States,,Male: 34-50; Female: 27-41,Male: 61-70; Female: 56-66,,https://cdn4.thedogapi.com/optimized/yy1Llb59pv.jpg
121,Golden Retriever,Sporting,10-12,"Friendly, intelligent, devoted, confident, loyal, eager to please",Scotland,,Male: 29-34; Female: 25-29,Male: 58-61; Female: 55-57,,https://cdn4.thedogapi.com/optimized/4RCSX1i1yE.jpg
459,Gończy Polski,Hound,10-13,"Intelligent, courageous, loyal, alert, confident",Poland,,Male: 25-30; Female: 20-25,Male: 55-59; Female: 50-55,,https://cdn2.thedogapi.com/images/H1QyMe5EQ_1280.jpg
123,Gordon Setter,Sporting,12-13,"Confident, loyal, affectionate, intelligent, eager to please, alert",Scotland,,Male: 25-36; Female: 20-32,Male: 61-69; Female: 58-66,,https://cdn4.thedogapi.com/optimized/4RCSX1i1yE.jpg
460,Grand Anglo-Français Blanc et Noir,Hound,10-12,"Energetic, courageous, intelligent, independent, work-focused",France,,35-40,Male: 65-72; Female: 62-70,,https://cdn4.thedogapi.com/optimized/XUBm5RA95T.jpg
461,Grand Anglo-Français Blanc et Orange,Hound,10-12,"Energetic, loyal, independent, courageous, work-focused",France,,30-35,Male: 60-70; Female: 58-70,,https://cdn2.thedogapi.com/images/Vsyiy9oyS.jpg
462,Grand Anglo-Français Tricolore,Hound,10-12,"Energetic, courageous, loyal, work-focused, independent, alert",France,,30-35,60-72,,https://cdn4.thedogapi.com/optimized/zz1tHgxCmb.jpg
463,Grand Basset Griffon Vendéen,Hound,12-15,"Happy, outgoing, independent, intelligent, courageous","Vendée region, France",,18-20.5,39-46,,https://cdn2.thedogapi.com/images/_upbHYcnO.jpg
464,Grand Bleu de Gascogne,Hound,10-12,"Gentle, calm, independent, intelligent, loyal, devoted","Gascony, France",,Male: 36-50; Female: 32-50,Male: 65-71; Female: 61-68,,https://cdn2.thedogapi.com/images/HkAVQl9VX_1280.jpg
465,Grand Griffon Vendéen,Hound,10-13,"Independent, courageous, intelligent, energetic, alert","Vendée region, France",,30-35,Male: 62-68; Female: 60-65,,https://cdn2.thedogapi.com/images/KhXmgBorE.jpg
124,Great Dane,Working,7-10,"Friendly, gentle, confident, loyal, affectionate",Germany,,Male: 64-79; Female: 50-64,Male: 76-81; Female: 71-76,,https://cdn2.thedogapi.com/images/7pTie4t9y.jpg
126,Greater Swiss Mountain Dog,Working,8-11,"Gentle, loyal, confident, alert, friendly",Switzerland,,Male: 52-64; Female: 39-50,Male: 65-72; Female: 60-69,,https://cdn2.thedogapi.com/images/hNa0pli30.jpg
466,Greek Harehound,Hound,10-13,"Energetic, independent, alert, courageous, intelligent, loyal",Greece,,17-20,Male: 47-55; Female: 45-53,,https://cdn2.thedogapi.com/images/GFVvIZ0B3.jpg
467,Greek Shepherd,Working,10-12,"Protective, independent, loyal, courageous, calm",Greece,,Male: 40-55; Female: 32-50,Male: 63-75; Female: 58-68,,https://cdn2.thedogapi.com/images/52bBXd2dO.jpg
468,Greenland Dog,Working,10-14,"Independent, energetic, courageous, loyal, athletic, confident",Greenland,,30-32,Male: 58-70; Female: 50-61,,https://cdn4.thedogapi.com/optimized/MRz5HSylED.jpg
127,Greyhound,Hound,10-13,"Gentle, calm, intelligent, affectionate, independent",Ancient Egypt/Middle East,,Male: 29-32; Female: 27-29,Male: 71-76; Female: 68-71,,https://cdn2.thedogapi.com/images/rqUG1kbaT.jpg
469,Griffon Bleu de Gascogne,Hound,10-12,"Alert, energetic, independent, courageous, devoted, work-focused","Gascony, France",,18-25,48-57,,https://cdn2.thedogapi.com/images/xv365V4P_.jpg
60,Griffon Bruxellois,Toy,12-15,"Alert, intelligent, loyal, confident","Brussels, Belgium",,4-5,18-25,,https://cdn2.thedogapi.com/images/P44Wk6wSj.jpg
470,Griffon Fauve de Bretagne,Hound,12-14,"Courageous, independent, intelligent, energetic, affectionate","Brittany, France",,Male: 18-23; Female: 16-20,Male: 48-56; Female: 47-53,,https://cdn2.thedogapi.com/images/2Y-PXyVC9_1280.jpg
471,Griffon Nivernais,Hound,10-14,"Independent, courageous, energetic, alert, work-focused","Nivernais region, France",,Male: 22-25; Female: 20-23,Male: 55-61; Female: 52-60,,https://cdn2.thedogapi.com/images/jtrRacj_g.jpg
472,Gull Dong,Mixed,10-13,"Protective, courageous, loyal, independent, intelligent","Punjab region, Pakistan",,Male: 36-64; Female: 36-54,61-71,,https://cdn4.thedogapi.com/optimized/rwf9rF0e9Z.jpg
473,Gull Terrier,Terrier,10-14,"Loyal, courageous, intelligent, protective, independent, energetic, alert",Pakistan (Punjab region),,Male: 25-30; Female: 22-27,Male: 46-56; Female: 43-53,,https://cdn4.thedogapi.com/optimized/zG2TentNGH.jpg
475,Halden Hound,Hound,12-14,"Gentle, alert, intelligent, confident, energetic","Halden, Norway",,Male: 23-29; Female: 20-26,Male: 51-60; Female: 48-58,,https://cdn2.thedogapi.com/images/KjD15MOuM.jpg
474,Hällefors Elkhound,Hound,12-14,"Courageous, alert, independent, intelligent, loyal",Sweden,,Male: 22-30; Female: 20-28,Male: 51-57; Female: 47-53,,https://cdn4.thedogapi.com/optimized/ho6eDDtP2t.jpg
476,Hamiltonstövare,Hound,10-14,"Friendly, energetic, intelligent, alert, independent",Sweden,,23-34,Male: 52-61; Female: 48-57,,https://cdn4.thedogapi.com/optimized/rQJos2X8Nb.jpg
477,Hanoverian Scenthound,Hound,10-14,"Calm, loyal, determined, independent",Germany,,36-45,48-55,,https://cdn4.thedogapi.com/optimized/q7VUELb6Ub.jpg
129,Harrier,Hound,12-15,"Friendly, outgoing, energetic, intelligent, gentle",England,,20-27,48-53,,https://cdn4.thedogapi.com/optimized/MnViD92bmV.jpg
130,Havanese,Toy,,"Outgoing, intelligent, friendly, playful, affectionate, adaptable",Cuba,,3-6,22-29,,https://cdn4.thedogapi.com/optimized/DaCvmFBDVI.jpg
661,Havapoo,Mixed,12-16,"Friendly, intelligent, playful, affectionate, outgoing",United States,,1.8-5.9,20-29,,https://cdn2.thedogapi.com/images/zGnoHL8B8.jpg
478,Himalayan Sheepdog,Working,10-13,"Protective, loyal, independent, intelligent, alert, courageous",Himalayan region of India and Nepal,,Male: 41-64; Female: 36-54,Male: 71-86; Female: 66-81,,https://cdn2.thedogapi.com/images/ByBOFuhBX_1280.jpg
479,Hmong Bobtail Dog,Spitz-type,12-15,"Loyal, intelligent, alert, protective, affectionate",Vietnam,,Male: 16-25; Female: 14-22,Male: 46-56; Female: 41-51,,https://cdn4.thedogapi.com/optimized/IKwhmJWCwN.jpg
480,Hokkaido,Working,11-15,"Alert, loyal, courageous, intelligent, independent, devoted","Hokkaido, Japan",,Male: 20-30; Female: 20-26,Male: 46-54; Female: 46-51,,https://cdn2.thedogapi.com/images/DgnedQ-Zq.jpg
481,Hovawart,Working,10-14,"Loyal, protective, intelligent, confident, devoted, alert",Germany,,Male: 30-40; Female: 25-35,Male: 63-70; Female: 58-65,,https://cdn4.thedogapi.com/optimized/kbl41c2L7J.jpg
482,Huntaway,Herding,12-14,"Intelligent, energetic, work-focused, loyal, adaptable",New Zealand,,Male: 29-40; Female: 25-35,Male: 61-66; Female: 56-63,,https://cdn2.thedogapi.com/images/Fw1MZmoRL.png
695,Huskimo,Mixed,12-15,"Intelligent, energetic, playful, friendly, alert, loyal",United States,,Male: 16-32; Female: 14-27,Male: 46-61; Female: 41-58,,https://cdn4.thedogapi.com/optimized/jc0J82FZqW.jpg
483,Hygen Hound,Hound,10-12,"Energetic, intelligent, independent, alert, affectionate, loyal",Norway,,20-25,Male: 48-58; Female: 46-55,,https://cdn4.thedogapi.com/optimized/4RCSX1i1yE.jpg
131,Ibizan Hound,Hound,11-14,"Independent, intelligent, athletic, gentle, alert, playful","Balearic Islands, Spain",,Male: 23-29; Female: 20-25,Male: 60-70; Female: 57-66,,https://cdn2.thedogapi.com/images/BQX_0_22x.jpg
132,Icelandic Sheepdog,Herding,12-14,"Friendly, alert, energetic, intelligent, playful, confident, hardy",Iceland,,Male: 14-16; Female: 11-14,Male: 46-51; Female: 42-47,,https://cdn2.thedogapi.com/images/YPDnk0_5g.jpg
484,Indian Pariah Dog,Primitive,,"Alert, intelligent, loyal, adaptable, independent",Indian subcontinent,,Male: 15-30; Female: 15-25,Male: 51-64; Female: 46-58,,https://cdn4.thedogapi.com/optimized/MKcOaZZgKR.jpg
485,Indian Spitz,Non-Sporting,10-16,"Alert, intelligent, playful, loyal, friendly, adaptable",India,,Male: 12-18; Female: 10-16,Male: 35-41; Female: 33-38,,https://cdn4.thedogapi.com/optimized/R9QsoKA0zh.jpg
682,Irish Doodle,Mixed,10-15,"Friendly, intelligent, energetic, playful, affectionate, outgoing",United States,,Male: 18-34; Female: 18-29,Male: 56-71; Female: 53-66,,https://cdn4.thedogapi.com/optimized/EXPG7YlvxK.jpg
133,Irish Red and White Setter,Sporting,11-15,"Friendly, energetic, intelligent, courageous, devoted, gentle, eager to please",Ireland,,Male: 23-32; Female: 20-27,Male: 61-66; Female: 57-61,,https://cdn2.thedogapi.com/images/wJjvV6A5T.jpg
134,Irish Setter,Sporting,12-15,"Friendly, outgoing, energetic, intelligent, playful, affectionate",Ireland,,Male: 27-34; Female: 24-29,Male: 66-74; Female: 61-69,,https://cdn4.thedogapi.com/optimized/kZiM1ViZ28.jpg
135,Irish Terrier,Terrier,,"Courageous, loyal, intelligent, energetic, spirited",Ireland,,Male: 11-13; Female: 11-12,Male: 46-48; Female: 43-48,,https://cdn4.thedogapi.com/optimized/UDfnMbIhDx.jpg
136,Irish Water Spaniel,Sporting,12-14,"Intelligent, playful, alert, courageous, eager to please",Ireland,,Male: 25-31; Female: 20-26,Male: 56-61; Female: 53-58,,https://cdn4.thedogapi.com/optimized/MY32nvFaii.jpg
137,Irish Wolfhound,Hound,6-8,"Gentle, calm, dignified, courageous, loyal",Ireland,,Male: 64-82; Female: 52-64,Male: 81-89; Female: 76-84,,https://cdn4.thedogapi.com/optimized/5734UrsRMD.jpg
486,Istrian Coarse-haired Hound,Hound,12-15,"Alert, energetic, gentle, loyal, independent, intelligent","Istria Peninsula, Croatia",,Male: 16-24; Female: 15-21,Male: 46-58; Female: 44-56,,https://cdn2.thedogapi.com/images/HkaT7ppEQ.gif
487,Istrian Shorthaired Hound,Hound,12-15,"Alert, energetic, intelligent, independent, gentle, loyal","Istria Peninsula, Croatia",,Male: 16-25; Female: 16-23,Male: 48-59; Female: 46-57,,https://cdn4.thedogapi.com/optimized/Be3GbWbcKe.jpg
138,Italian Greyhound,Toy,,"Affectionate, gentle, playful, alert, intelligent",Italy,,3-6.5,33-38,,https://cdn4.thedogapi.com/optimized/06xiPKwn6r.jpg
139,Jack Russell Terrier,Terrier,12-14,"Energetic, intelligent, alert, courageous, confident, playful",England,,6-8,25-30,,https://cdn4.thedogapi.com/optimized/D8y5Ajg0w8.jpg
488,Jagdterrier,Terrier,10-15,"Courageous, intelligent, energetic, work-focused, independent",Germany,,Male: 9-10; Female: 7.5-9,Male: 33-40; Female: 33-39.5,,https://cdn2.thedogapi.com/images/8flER_jUa.jpg
489,Jämthund,Hound,12-13,"Courageous, intelligent, calm, independent, alert, loyal, devoted","Jämtland, Sweden",,Male: 30-40; Female: 25-35,Male: 57-65; Female: 52-60,,https://cdn2.thedogapi.com/images/Kar3rW9L2.jpg
140,Japanese Chin,Toy,10-12,"Alert, intelligent, affectionate, independent, playful, calm",China/Japan,,1.8-5,20-28,,https://cdn2.thedogapi.com/images/LrXQhXhmb.jpg
141,Japanese Spitz,Non-Sporting,12-16,"Intelligent, playful, alert, loyal, affectionate, friendly",Japan,,Male: 5-11; Female: 4.5-9,30-39,,https://cdn2.thedogapi.com/images/M9euOJSBd.jpg
490,Japanese Terrier,Terrier,12-15,"Lively, alert, intelligent, playful, affectionate",Japan,,2.5-4,30-33,,https://cdn2.thedogapi.com/images/PTBCQmT0h.jpg
491,Jeju Dog,Spitz and Primitive Types,12-15,"Alert, loyal, intelligent, courageous, independent, energetic","Jeju Island, South Korea",,Male: 15-25; Female: 13-20,Male: 46-56; Female: 43-52,,https://cdn4.thedogapi.com/optimized/iLdspBzjpF.jpg
492,Jindo,Foundation Stock Service,12-15,"Loyal, independent, intelligent, alert, courageous, protective","Jindo Island, South Korea",,Male: 18-23; Female: 14-19,Male: 50-56; Female: 46-53,,https://cdn2.thedogapi.com/images/ERkUOeH7y.jpg
493,Jonangi,Primitive,12-15,"Energetic, intelligent, loyal, alert, independent","Andhra Pradesh, India",,Male: 13-23; Female: 13-20,Male: 43-53; Female: 41-51,,https://cdn4.thedogapi.com/optimized/nMhxLqzAph.jpg
495,Kaikadi,Hound,10-15,"Alert, energetic, intelligent, loyal, independent, courageous","Maharashtra, India",,Male: 15-20; Female: 14-18,Male: 53-58; Female: 51-56,,https://cdn2.thedogapi.com/images/5TKMTrS09.jpg
494,Kai Ken,Non-Sporting,12-16,"Alert, intelligent, loyal, courageous, independent, athletic","Kai Province, Yamanashi Prefecture, Japan",,Male: 14-20; Female: 11-16,Male: 46-56; Female: 39-50,,https://cdn4.thedogapi.com/optimized/y8p3WCHoxH.jpg
496,Kamchatka Sled Dog,Working,10-15,"Hardy, independent, work-focused, loyal, intelligent, energetic","Kamchatka Peninsula, Russia",,Male: 23-40; Female: 18-35,Male: 53-66; Female: 51-61,,https://cdn2.thedogapi.com/images/Y93YeHDPL.jpg
18,Kangal Shepherd Dog,Working,12-15,"Loyal, protective, independent, calm, intelligent, alert","Sivas, Turkey",,Male: 50-66; Female: 41-54,Male: 76-81; Female: 71-76,,https://cdn4.thedogapi.com/optimized/i9G4f21V3R.jpg
497,Kanni,Hound,12-15,"Loyal, intelligent, independent, alert, athletic, reserved","Tamil Nadu, India",,Male: 18-25; Female: 15-23,Male: 61-69; Female: 58-64,,https://cdn4.thedogapi.com/optimized/5734UrsRMD.jpg
498,Karakachan,Working,12-14,"Independent, protective, loyal, alert, courageous, intelligent",Bulgaria,,Male: 40-57; Female: 35-50,Male: 65-75; Female: 60-70,,https://cdn4.thedogapi.com/optimized/azYjQgJT4i.jpg
499,Karelian Bear Dog,Working,11-13,"Courageous, independent, loyal, alert, protective",Karelia Finland,,Male: 20-23; Female: 17-20,Male: 54-61; Female: 48-56,,https://cdn4.thedogapi.com/optimized/5ePe368T3Z.jpg
500,Karelo-Finnish Laika,Non-Sporting,12-15,"Intelligent, energetic, courageous, alert, independent",Finland/Karelia region,,Male: 12-16; Female: 11-14,Male: 44-51; Female: 41-48,,https://cdn2.thedogapi.com/images/Sypubg54Q_1280.jpg
501,Kars,Working,10-13,"Protective, independent, courageous, loyal","Eastern Anatolia, Turkey",,Male: 40-60; Female: 35-50,Male: 71-81; Female: 69-76,,https://cdn2.thedogapi.com/images/xJJyuYXJS.jpg
502,Karst Shepherd,Working,10-13,"Protective, loyal, courageous, confident, calm, independent",Slovenia,,Male: 30-40; Female: 25-35,Male: 57-63; Female: 54-60,,https://cdn2.thedogapi.com/images/SJqBMg5Nm_1280.jpg
503,Kazakh Tazy,Hound,12-14,"Independent, intelligent, alert, loyal, calm, confident",Kazakhstan,,Male: 20-29; Female: 18-25,Male: 60-70; Female: 55-65,,https://cdn2.thedogapi.com/images/AKir88WB_.jpg
142,Keeshond,Non-Sporting,12-15,"Friendly, intelligent, outgoing, alert, eager to please",Netherlands,,16-20,Male: 43-48; Female: 41-46,,https://cdn2.thedogapi.com/images/rJifQpT4m.gif
504,Kerry Beagle,Hound,10-14,"Energetic, intelligent, loyal, independent, friendly, alert","County Kerry, Ireland",,Male: 23-27; Female: 20-25,Male: 56-66; Female: 51-61,,https://cdn2.thedogapi.com/images/dBrrpEGm4.jpg
143,Kerry Blue Terrier,Terrier,12-15,"Alert, intelligent, loyal, playful, energetic, courageous",Ireland,,Male: 15-18; Female: 14-18,Male: 46-50; Female: 44-48,,https://cdn2.thedogapi.com/images/K1Jv9xVsf.jpg
505,Khala,Sighthound,12-14,"Loyal, independent, intelligent, alert, affectionate",Bolivia,,7-15,36-51,,https://cdn2.thedogapi.com/images/rk5Eoe5Nm_1280.jpg
104,King Charles Spaniel,Toy,10-12,"Gentle, affectionate, intelligent, friendly, happy, playful",England,,3.6-6.3,23-28,,https://cdn2.thedogapi.com/images/ILaCjZC33.jpg
506,King Shepherd,Mixed,10-11,"Intelligent, loyal, confident, protective, gentle, courageous",United States,,Male: 41-68; Female: 34-50,Male: 69-79; Female: 64-69,,https://cdn2.thedogapi.com/images/SJ5vzx5NX_1280.jpg
507,Kintamani,Spitz and Primitive Types,12-15,"Alert, intelligent, loyal, independent, protective, devoted","Kintamani, Bali, Indonesia",,Male: 13-18; Female: 12-17,Male: 43-56; Female: 41-51,,https://cdn4.thedogapi.com/optimized/zG2TentNGH.jpg
271,Kishu Ken,Spitz and Primitive Types,11-13,"Loyal, intelligent, alert, courageous, independent, reserved","Kii Peninsula, Japan",,Male: 16-27; Female: 14-23,Male: 48-56; Female: 43-51,,https://cdn2.thedogapi.com/images/6euYVVE_u.jpg
508,Kokoni,Companion,,"Friendly, intelligent, alert, playful, affectionate, loyal",Greece,,4-6,23-28,,https://cdn2.thedogapi.com/images/SJJxjecEX_1280.jpg
509,Kombai,Hound,12-15,"Courageous, loyal, protective, intelligent, alert, independent","Tamil Nadu, India",,Male: 25-30; Female: 20-25,Male: 56-61; Female: 51-56,,https://cdn2.thedogapi.com/images/BwojUdDKe.jpg
144,Komondor,Working,10-12,"Loyal, protective, independent, courageous, calm",Hungary,,Male: 45-59; Female: 36-50,Male: 70-80; Female: 65-70,,https://cdn4.thedogapi.com/optimized/ptECgf9IVi.jpg
145,Kooikerhondje,Sporting,12-15,"Friendly, intelligent, alert, energetic, cheerful, adaptable",Netherlands,,9-14,Male: 38-43; Female: 36-41,,https://cdn4.thedogapi.com/optimized/b1g9nswl5B.jpg
510,Koolie,Herding,12-18,"Energetic, intelligent, loyal, work-focused, alert, devoted",Australia,,Male: 15-25; Female: 14-24,Male: 43-58; Female: 41-56,,https://cdn2.thedogapi.com/images/r1f_ll5VX_1280.jpg
146,Kromfohrländer,Companion,,"Friendly, intelligent, loyal, playful, adaptable, alert","Siegen, Germany",,10-16,38-46,,https://cdn2.thedogapi.com/images/xbI13teuJ.jpg
511,Kuchi,Working,10-13,"Protective, independent, loyal, courageous, intelligent",Afghanistan,,Male: 50-60; Female: 40-50,Male: 69-76; Female: 64-71,,https://cdn2.thedogapi.com/images/SJIUQl9NX_1280.jpg
513,Kunming Dog,Working,12-14,"Intelligent, loyal, courageous, alert, protective, work-focused","Kunming, Yunnan Province, China",,Male: 30-38; Female: 25-34,Male: 64-68; Female: 60-66,,https://cdn4.thedogapi.com/optimized/zsT6iwbFAJ.jpg
514,Kurdish Mastiff,Working,10-13,"Protective, loyal, independent, courageous, alert, confident",Kurdistan region,,Male: 50-82; Female: 40-70,Male: 71-84; Female: 66-79,,https://cdn4.thedogapi.com/optimized/7jhMib9rEF.jpg
147,Kuvasz,Working,10-12,"Loyal, protective, independent, courageous, intelligent, calm",Hungary,,Male: 45-52; Female: 32-41,Male: 71-76; Female: 66-71,,https://cdn4.thedogapi.com/optimized/zG2TentNGH.jpg
148,Labradoodle,Mixed,12-14,"Friendly, intelligent, energetic, gentle, outgoing, affectionate",Australia,,Male: 23-29; Female: 20-29,53-61,,https://cdn2.thedogapi.com/images/H1HKuu2HQ_1280.jpg
149,Labrador Retriever,Sporting,10-12,"Friendly, outgoing, energetic, intelligent, gentle, eager to please","Newfoundland, Canada",,Male: 29-36; Female: 25-32,Male: 57-62; Female: 55-60,,https://cdn2.thedogapi.com/images/Bzc8begeV.jpg
691,Labraheeler,Mixed,12-15,"Intelligent, energetic, loyal, alert, friendly, work-focused","United States, Australia",,Male: 18-36; Female: 16-32,Male: 46-62; Female: 43-60,,https://cdn2.thedogapi.com/images/lDBxtskPl.jpg
694,Labsky,Mixed,10-14,"Friendly, energetic, intelligent, loyal, outgoing, playful",United States,,Male: 20-36; Female: 16-32,Male: 53-64; Female: 51-61,,https://cdn4.thedogapi.com/optimized/xPg5nxGuZc.jpg
150,Lacy Dog,Herding,12-16,"Energetic, intelligent, work-focused, devoted, loyal, alert","Texas Hill Country, United States",,Male: 14-23; Female: 11-23,Male: 46-53; Female: 43-53,,https://cdn4.thedogapi.com/optimized/UvhPeERjsc.jpg
151,Lagotto Romagnolo,Sporting,,"Affectionate, intelligent, energetic, loyal, alert, work-focused","Romagna region, Italy",,Male: 13-16; Female: 11-14,Male: 43-48; Female: 41-46,,https://cdn4.thedogapi.com/optimized/phOpJXO5HO.jpg
515,Lài,Primitive,12-15,"Loyal, intelligent, athletic, alert, protective",Northern Vietnam,,Male: 16-25; Female: 14-23,Male: 48-56; Female: 46-54,,https://cdn4.thedogapi.com/optimized/78Tlo53z9G.jpg
516,Laizhou Hong,Working,10-12,"Loyal, protective, confident, intelligent, alert","Laizhou, Shandong Province, China",,Male: 35-45; Female: 30-40,Male: 71-81; Female: 66-76,,https://cdn2.thedogapi.com/images/7SvcbMRCC.jpg
152,Lakeland Terrier,Terrier,12-15,"Confident, alert, courageous, intelligent, friendly, energetic","Lake District, England",,Male: 7-8; Female: 6-7,Male: 34-38; Female: 33-37,,https://cdn2.thedogapi.com/images/WsN7xOoRZ.jpg
153,Lancashire Heeler,Herding,12-15,"Intelligent, alert, energetic, friendly, playful, courageous","Lancashire, England",,4-8,25-30,,https://cdn2.thedogapi.com/images/4ZHgQqnSr.jpg
517,Landseer,Working,8-11,"Gentle, calm, intelligent, loyal, devoted, protective",Germany/Switzerland,,Male: 50-68; Female: 45-59,Male: 71-80; Female: 66-72,,https://cdn4.thedogapi.com/optimized/kjHLge9m58.jpg
518,Langqing,Hound,10-14,"Loyal, intelligent, independent, athletic, energetic","Guizhou Province, China",,unknown,unknown,,https://cdn4.thedogapi.com/optimized/ozM2Ca6Plu.jpg
519,Lapponian Herder,Herding,10-14,"Alert, energetic, intelligent, loyal, work-focused, calm, friendly",Finland (Lapland region),,Male: 30-35; Female: 25-30,Male: 46-54; Female: 42-49,,https://cdn4.thedogapi.com/optimized/DFrIQt11qO.jpg
154,Large Münsterländer,Sporting,11-13,"Intelligent, loyal, energetic, eager to please, friendly","Münster, Germany",,25-32,Male: 60-65; Female: 58-63,,https://cdn2.thedogapi.com/images/ByK8gx947_1280.jpg
155,Leonberger,Working,7-9,"Gentle, calm, loyal, friendly, intelligent, confident","Leonberg, Germany",,Male: 50-77; Female: 41-64,Male: 71-80; Female: 65-75,,https://cdn2.thedogapi.com/images/ryPgVl5N7_1280.jpg
520,Levriero Sardo,Hound,12-15,"Independent, alert, loyal, intelligent, reserved","Sardinia, Italy",,Male: 18-25; Female: 16-23,Male: 56-64; Female: 53-61,,https://cdn2.thedogapi.com/images/JjT27ESYT.jpg
156,Lhasa Apso,Non-Sporting,12-15,"Confident, independent, alert, loyal, smart, protective",Tibet,,Male: 5.4-8.2; Female: 5.0-8.2,Male: 25-28; Female: 23-28,,https://cdn4.thedogapi.com/optimized/20lCLdGZ6Q.jpg
157,Lhasapoo,Mixed,12-15,"Intelligent, affectionate, playful, alert, confident",United States,,4.5-9,23-33,,https://cdn2.thedogapi.com/images/ZkpNcWUTY.jpg
521,Liangshan Dog,Primitive,10-14,"Loyal, courageous, independent, intelligent, protective, alert","Liangshan Yi Autonomous Prefecture, Sichuan Province, China",,Male: 30-40; Female: 25-35,Male: 61-71; Female: 56-66,,https://cdn4.thedogapi.com/optimized/jkfzUsDDum.jpg
522,Lithuanian Hound,Hound,12-14,"Energetic, loyal, intelligent, courageous, alert, work-focused",Lithuania,,Male: 20-25; Female: 18-23,Male: 56-61; Female: 51-56,,https://cdn2.thedogapi.com/images/Cr3YuxzEV.jpg
523,Lobito Herreño,Herding,12-15,"Intelligent, loyal, energetic, alert, independent, protective","El Hierro, Canary Islands, Spain",,18-22,Male: 52-54; Female: 47-52,,https://cdn2.thedogapi.com/images/CdiMsSZgT.jpg
159,Löwchen,Non-Sporting,,"Affectionate, outgoing, playful, intelligent, alert",France/Germany,,4-8,30-36,,https://cdn2.thedogapi.com/images/VOmeXxwUp.jpg
524,Lucas Terrier,Terrier,12-15,"Friendly, intelligent, alert, affectionate, adaptable",England,,Male: 6-9; Female: 5-9,Male: 25-32; Female: 23-30,,https://cdn2.thedogapi.com/images/FXigpiT_A.jpg
525,Lupo Italiano,Working,12-15,"Intelligent, loyal, alert, independent, work-focused",Italy,,Male: 30-40; Female: 25-35,Male: 61-68; Female: 56-64,,https://cdn2.thedogapi.com/images/r1f_ll5VX_1280.jpg
160,Lurcher,Mixed,12-15,"Intelligent, gentle, loyal, affectionate, athletic, independent",Great Britain and Ireland,,Male: 27-36; Female: 23-32,Male: 66-76; Female: 61-71,,https://cdn2.thedogapi.com/images/_kiOLmJeJ.jpg
526,Mackenzie River Husky,Working,10-15,"Independent, hardy, work-focused, loyal, intelligent, alert","Mackenzie River Region, Northwest Territories, Canada",,Male: 39-64; Female: 34-54,Male: 69-81; Female: 64-74,,https://cdn4.thedogapi.com/optimized/We2yW9Ke0s.jpg
527,Magyar Agár,Hound,12-14,"Loyal, calm, gentle, intelligent, athletic, independent",Hungary,,Male: 22-31; Female: 20-28,Male: 64-70; Female: 61-67,,https://cdn2.thedogapi.com/images/SJp7Qe5EX_1280.jpg
528,Mahratta Hound,Hound,10-14,"Independent, loyal, intelligent, alert, athletic","Maharashtra, India",,Male: 20-29; Female: 18-27,Male: 56-69; Female: 53-66,,https://cdn4.thedogapi.com/optimized/DFrIQt11qO.jpg
529,Majorca Shepherd Dog,Herding,11-13,"Loyal, intelligent, protective, courageous, devoted","Majorca, Balearic Islands, Spain",,Male: 35-40; Female: 30-35,Male: 65-73; Female: 60-68,,https://cdn4.thedogapi.com/optimized/w7RJ7eRzvW.jpg
161,Maltese,Toy,12-15,"Playful, gentle, affectionate, charming, fearless, alert, adaptable","Malta, Mediterranean Basin",,1.8-3.2,18-23,,https://cdn4.thedogapi.com/optimized/tguXtE1cca.jpg
162,Maltipoo,Mixed,10-15,"Affectionate, friendly, intelligent, playful, gentle",United States,,2-9,20-36,,https://cdn4.thedogapi.com/optimized/cb5ROjCCNf.jpg
660,Maltshi,Mixed,10-16,"Affectionate, playful, friendly, gentle, outgoing, intelligent",United States,,2.7-6.8,20-28,,https://cdn2.thedogapi.com/images/satHCV8Ft.jpg
163,Manchester Terrier,Terrier,,"Alert, intelligent, loyal, energetic, spirited, independent","Manchester, England",,5-10,38-41,,https://cdn2.thedogapi.com/images/Aoj2M3iqH.jpg
530,Maneto,Spitz and Primitive Types,12-14,"Intelligent, energetic, alert, loyal, affectionate, devoted, independent","Andalusia, Spain",,8-11.5,Male: 29-33; Female: 28-32,,https://cdn4.thedogapi.com/optimized/M5cp3u9VBx.jpg
532,Maremma Sheepdog,Working,11-13,"Protective, independent, loyal, alert, calm",Italy (Maremma and Abruzzo regions),,Male: 35-45; Female: 30-40,Male: 65-73; Female: 61-68,,https://cdn4.thedogapi.com/optimized/WSxoPB2xcZ.jpg
531,Markiesje,Companion,12-15,"Friendly, intelligent, calm, alert, affectionate, energetic",Netherlands,,6-8,Male: 35-40; Female: 34-39,,https://cdn2.thedogapi.com/images/9NJbNWAW9.jpg
668,Mastidoodle,Mixed,8-12,"Gentle, intelligent, loyal, protective, calm",United States,,Male: 54-91; Female: 45-73,Male: 66-81; Female: 61-76,,https://cdn4.thedogapi.com/optimized/w1x9MMmJmL.jpg
282,McNab,Herding,,"Intelligent, energetic, loyal, alert, work-focused","California, United States",,Male: 16-29; Female: 14-27,Male: 46-64; Female: 41-58,,https://cdn2.thedogapi.com/images/8vgnFmYG8.jpg
165,Miniature American Shepherd,Herding,12-13,"Intelligent, energetic, devoted, loyal, eager to please, work-focused",United States,,9-18,Male: 36-46; Female: 33-43,,https://cdn4.thedogapi.com/optimized/G7Ja3j7xAo.jpg
166,Miniature Bull Terrier,Terrier,11-13,"Playful, energetic, courageous, loyal, mischievous, outgoing",England,,8-13,25-36,,https://cdn4.thedogapi.com/optimized/byIyyFpQpl.jpg
533,Miniature Fox Terrier,Terrier,12-18,"Alert, energetic, intelligent, confident, loyal",Australia,,3-5.5,24-31,,https://cdn4.thedogapi.com/optimized/0nRTu0HmWf.jpg
167,Miniature Pinscher,Toy,12-16,"Energetic, alert, confident, intelligent, courageous, fearless",Germany,,3.5-4.5,25-32,,https://cdn2.thedogapi.com/images/uEPB98jBS.jpg
168,Miniature Schnauzer,Terrier,12-15,"Friendly, intelligent, alert, outgoing, energetic",Germany,,5-9,Male: 30-36; Female: 28-36,,https://cdn4.thedogapi.com/optimized/ZrUZGKHJZq.jpg
534,Mojee,Mixed,12-15,"Affectionate, playful, intelligent, gentle",unknown,,3-5,20-28,,https://cdn2.thedogapi.com/images/BJUum6T4X.gif
535,Molossus of Epirus,Working,10-12,"Protective, loyal, independent, calm, courageous, confident","Epirus, Greece",,Male: 45-68; Female: 40-59,Male: 66-75; Female: 64-71,,https://cdn4.thedogapi.com/optimized/QZZXQl1UXs.jpg
536,Mongrel,Mixed,10-16,Variable depending on ancestry and individual traits,Worldwide,,unknown,unknown,,https://cdn4.thedogapi.com/optimized/ozM2Ca6Plu.jpg
537,Montenegrin Mountain Hound,Hound,11-14,"Alert, loyal, energetic, docile, intelligent, devoted",Montenegro,,Male: 20-25; Female: 18-23,Male: 46-56; Female: 43-53,,https://cdn4.thedogapi.com/optimized/nsVY06PMY4.jpg
655,Morkie,Mixed,10-15,"Affectionate, playful, alert, energetic, intelligent",United States,,1.8-4,15-23,,https://cdn2.thedogapi.com/images/Z9Lf_Zihc.jpg
538,Moscow Watchdog,Working,9-11,"Protective, confident, loyal, alert, intelligent, independent",Russia,,Male: 50-68; Female: 45-60,Male: 66-71; Female: 64-69,,https://cdn2.thedogapi.com/images/HJRBbe94Q_1280.jpg
539,Mountain Cur,Foundation Stock Service,12-16,"Courageous, intelligent, loyal, energetic, protective",Southern United States (Appalachian and Ozark Mountains),,14-27,Male: 46-66; Female: 41-61,,https://cdn2.thedogapi.com/images/pk1AAdloG.jpg
540,Mountain Feist,Hound,10-15,"Energetic, alert, intelligent, courageous, loyal",Southern United States (Appalachian and Ozark Mountains),,5-14,30-46,,https://cdn4.thedogapi.com/optimized/DDSgwisd93.jpg
541,Mudhol Hound,Hound,10-15,"Loyal, independent, intelligent, alert, courageous","Mudhol, Karnataka, India",,Male: 22-28; Female: 18-26,Male: 68-72; Female: 61-68,,https://cdn4.thedogapi.com/optimized/fM3yF6cLB1.jpg
169,Mudi,Herding,12-14,"Energetic, intelligent, alert, loyal, adaptable, work-focused",Hungary,,8-13,Male: 41-47; Female: 38-44,,https://cdn4.thedogapi.com/optimized/N3IWCOJ70f.jpg
170,Neapolitan Mastiff,Working,7-9,"Protective, loyal, calm, confident, affectionate",Italy,,Male: 60-91; Female: 50-68,Male: 66-79; Female: 61-74,,https://cdn4.thedogapi.com/optimized/5S1dB0WPX1.jpg
542,Nenets Herding Laika,Herding,12-14,"Intelligent, energetic, work-focused, independent, alert, loyal, hardy","Yamal Peninsula, Siberia, Russia",,Male: 18-25; Female: 16-23,Male: 44-52; Female: 41-48,,https://cdn4.thedogapi.com/optimized/HhcmXDVqR2.jpg
171,Newfoundland,Working,9-10,"Gentle, loyal, devoted, calm, intelligent","Newfoundland, Canada",,Male: 59-68; Female: 45-54,Male: 71-76; Female: 66-71,,https://cdn4.thedogapi.com/optimized/nCSJwt06L4.jpg
651,Newfypoo,Mixed,8-12,"Gentle, intelligent, loyal, friendly, affectionate, calm",United States,,Male: 32-68; Female: 29-54,Male: 56-71; Female: 56-66,,https://cdn2.thedogapi.com/images/sqQJDtbpY.jpg
543,New Guinea Singing Dog,Primitive,,"Independent, alert, intelligent, energetic, cautious",New Guinea,,Male: 9-14; Female: 8-11,Male: 36-46; Female: 33-41,,https://cdn2.thedogapi.com/images/bJqrD40we.jpg
544,New Zealand Heading Dog,Herding,12-16,"Intelligent, energetic, work-focused, loyal, alert",New Zealand,,Male: 16-25; Female: 14-25,Male: 46-56; Female: 43-53,,https://cdn4.thedogapi.com/optimized/xauA8by62m.jpg
172,Norfolk Terrier,Terrier,12-16,"Alert, courageous, affectionate, energetic, playful","Norfolk, England",,5-5.5,23-25,,https://cdn4.thedogapi.com/optimized/V00AJp0qQj.jpg
545,Norrbottenspets,Hound,12-16,"Alert, energetic, intelligent, courageous, confident, independent","Norrbotten, Sweden",,Male: 9-14; Female: 8-14,Male: 42-46; Female: 40-44,,https://cdn2.thedogapi.com/images/r1I4hl5Em_1280.jpg
546,Northern Inuit Dog,Mixed,12-15,"Friendly, intelligent, loyal, independent, gentle, alert",United Kingdom,,Male: 36-50; Female: 25-38,Male: 58-76; Female: 58-71,,https://cdn4.thedogapi.com/optimized/qcLUT5zYbV.jpg
173,Norwegian Buhund,Herding,12-15,"Intelligent, energetic, friendly, confident, alert, loyal, playful",Norway,,Male: 14-18; Female: 12-16,Male: 43-47; Female: 41-45,,https://cdn2.thedogapi.com/images/HUp3BZLeW.jpg
174,Norwegian Elkhound,Hound,12-15,"Friendly, confident, energetic, loyal, independent",Norway,,Male: 22-27; Female: 20-25,Male: 50-53; Female: 48-51,,https://cdn2.thedogapi.com/images/BbMFS3bU-.jpg
175,Norwegian Lundehund,Non-Sporting,12-15,"Alert, energetic, loyal, intelligent",Norway,,9-14,Male: 33-38; Female: 30-36,,https://cdn4.thedogapi.com/optimized/oxYjbyiuEt.jpg
176,Norwich Terrier,Terrier,12-15,"Alert, energetic, affectionate, courageous, outgoing","East Anglia, England",,5-5.5,23-25,,https://cdn4.thedogapi.com/optimized/l1E2hauSC1.jpg
177,Nova Scotia Duck Tolling Retriever,Sporting,12-14,"Intelligent, energetic, playful, outgoing, alert, affectionate","Nova Scotia, Canada",,16-23,Male: 46-53; Female: 43-51,,https://cdn2.thedogapi.com/images/H1LsFdnrm_1280.jpg
547,Nureongi,Landrace,12-15,"Intelligent, alert, loyal, independent",Korea,,16-25,Male: 46-56; Female: 43-56,,https://cdn4.thedogapi.com/optimized/eEr2arSRx8.jpg
548,Old Danish Pointer,Sporting,12-14,"Calm, gentle, intelligent, loyal, confident, courageous",Denmark,,Male: 30-36; Female: 26-35,Male: 56-62; Female: 54-60,,https://cdn4.thedogapi.com/optimized/i3VwMxfPgP.jpg
179,Olde English Bulldogge,Foundation Stock Service,9-14,"Confident, courageous, alert, friendly, loyal",United States,,Male: 27-36; Female: 23-32,Male: 43-51; Female: 41-48,,https://cdn4.thedogapi.com/optimized/vPr3NPnl3X.jpg
178,Old English Sheepdog,Herding,10-12,"Intelligent, gentle, playful, adaptable, affectionate",England,,Male: 32-45; Female: 27-39,Male: 56-61; Female: 53-56,,https://cdn4.thedogapi.com/optimized/dUKjBkp0yp.jpg
180,Otterhound,Hound,10-13,"Friendly, gentle, independent, energetic, amiable",England,,Male: 43-54; Female: 34-45,Male: 66-74; Female: 58-69,,https://cdn2.thedogapi.com/images/33mJ-V3RX.jpg
549,Pachón Navarro,Sporting,12-14,"Intelligent, loyal, calm, work-focused, docile, alert, affectionate","Navarre, Spain",,Male: 25-33; Female: 20-27,Male: 55-64; Female: 52-60,,https://cdn2.thedogapi.com/images/YmGPWuI_w.jpg
550,Pampas Deerhound,Hound,12-14,"Loyal, intelligent, energetic, courageous, devoted","Argentina, Uruguay, Brazil (Pampas region)",,Male: 32-41; Female: 27-36,Male: 66-76; Female: 61-71,,https://cdn2.thedogapi.com/images/8X9vWcGdt.jpg
181,Papillon,Toy,,"Friendly, intelligent, alert, energetic, happy",France and Belgium,,2-4.5,20-28,,https://cdn4.thedogapi.com/optimized/Q3DE5jQ8fR.jpg
662,Papipoo,Mixed,12-16,"Intelligent, alert, playful, affectionate, friendly",United States,,2-6,20-28,,https://cdn4.thedogapi.com/optimized/iswms8JN77.jpg
285,Parson Russell Terrier,Terrier,12-16,"Alert, confident, energetic, intelligent, athletic, courageous",England,,6-8,Male: 33-38; Female: 33-36,,https://cdn4.thedogapi.com/optimized/dtXjNGJiGQ.jpg
552,Pastore della Lessinia e del Lagorai,Herding,12-15,"Intelligent, energetic, loyal, alert, work-focused","Lessinia and Lagorai regions, Triveneto, Northern Italy",,Male: 23-33; Female: 19-29,Male: 48-58; Female: 46-54,,https://cdn2.thedogapi.com/images/hi_qSe2ml.jpg
551,Pastor Garafiano,Herding,12-14,"Docile, intelligent, loyal, alert, work-focused","La Palma, Canary Islands, Spain",,Male: 25-35; Female: 22-30,Male: 56-64; Female: 53-59,,https://cdn2.thedogapi.com/images/8jjWfmjNt.jpg
553,Patagonian Sheepdog,Herding,12-15,"Intelligent, loyal, work-focused, protective, energetic, independent",Patagonia (Chile/Argentina),,Male: 22-30; Female: 21-29,Male: 52-58; Female: 48-54,,https://cdn4.thedogapi.com/optimized/l37OfsUxz7.jpg
283,Patterdale Terrier,Terrier,10-13,"Energetic, courageous, confident, independent, alert, work-focused",England (Lake District),,5-6,25-38,,https://cdn2.thedogapi.com/images/pC7MjGeaT.jpg
663,Peekapoo,Mixed,10-15,"Affectionate, intelligent, alert, playful",United States,,4-8,20-30,,https://cdn2.thedogapi.com/images/k0WvkHMmP.jpg
182,Pekeapoo,Mixed,12-15,"Affectionate, intelligent, alert, playful, loyal",United States,,4-9,20-28,,https://cdn2.thedogapi.com/images/SLDsIjTd-.jpg
183,Pekingese,Toy,12-14,"Loyal, independent, confident, courageous, affectionate, alert",China,,3.2-6.4,15-23,,https://cdn2.thedogapi.com/images/1-7cgoZSh.jpg
184,Pembroke Welsh Corgi,Herding,12-13,"Intelligent, affectionate, alert, outgoing, playful","Pembrokeshire, Wales",,Male: 12-14; Female: 11-13,25-30,,https://cdn2.thedogapi.com/images/CLRVGYoXA.jpg
554,Perdigueiro Galego,Sporting,12-14,"Intelligent, loyal, docile, energetic, alert","Galicia, Spain",,Male: 20-30; Female: 18-25,Male: 52-60; Female: 50-55,,https://cdn4.thedogapi.com/optimized/HhcmXDVqR2.jpg
555,Perro Majorero,Working,11-14,"Loyal, protective, intelligent, alert, confident, calm, courageous","Fuerteventura, Canary Islands, Spain",,Male: 30-40; Female: 25-35,Male: 56-63; Female: 53-61,,https://cdn4.thedogapi.com/optimized/hCcdtR8rVg.jpg
186,Peruvian Inca Orchid,Non-Sporting,12-14,"Loyal, affectionate, alert, intelligent, agile",Peru,,8-25,41-65,,https://cdn2.thedogapi.com/images/BkKZWlcVX_1280.jpg
187,Petit Basset Griffon Vendéen,Hound,12-16,"Happy, outgoing, independent, alert, confident, energetic","Vendée, France",,11-18,33-38,,https://cdn4.thedogapi.com/optimized/8O1bq4tm5J.jpg
556,Petit Bleu de Gascogne,Hound,10-13,"Gentle, calm, intelligent, loyal, affectionate, alert","Gascony, France",,Male: 18-25; Female: 16-22,Male: 50-58; Female: 50-56,,https://cdn2.thedogapi.com/images/ihTQ9wvul.jpg
557,Phalène,Toy,,"Friendly, intelligent, alert, gentle, playful, happy","France, Belgium",,2.3-4.5,20-28,,https://cdn2.thedogapi.com/images/bEQBV6y9Q.jpg
188,Pharaoh Hound,Hound,12-14,"Intelligent, friendly, playful, alert, affectionate",Malta,,20-25,Male: 58-64; Female: 53-61,,https://cdn4.thedogapi.com/optimized/L3ylGHMSmW.jpg
558,Philippine Forest Dog,Unknown,12-14,"Alert, intelligent, independent, agile",Philippines,,Male: 11-16; Female: 9-14,Male: 38-46; Female: 36-43,,https://cdn2.thedogapi.com/images/MCQEc8Oc-.jpg
559,Phu Quoc Ridgeback,Primitive,12-15,"Intelligent, loyal, alert, independent, courageous","Phu Quoc Island, Vietnam",,Male: 16-23; Female: 15-20,Male: 48-56; Female: 46-53,,https://cdn2.thedogapi.com/images/SkNjqx9NQ_1280.jpg
560,Picardy Spaniel,Sporting,12-14,"Gentle, calm, intelligent, docile, devoted, adaptable","Picardy, France",,20-25,56-61,,https://cdn2.thedogapi.com/images/mVTsbAG4B.png
696,Pitsky,Mixed,12-15,"Energetic, loyal, intelligent, confident, playful",United States,,Male: 16-32; Female: 14-27,Male: 48-61; Female: 46-56,,https://cdn2.thedogapi.com/images/RX0knn4z4.jpg
189,Plott Hound,Hound,12-14,"Loyal, alert, courageous, intelligent, devoted","North Carolina, United States",,Male: 23-27; Female: 18-25,Male: 51-64; Female: 51-58,,https://cdn4.thedogapi.com/optimized/Uz9mTebSzn.jpg
561,Plummer Terrier,Terrier,12-15,"Intelligent, courageous, energetic, alert, work-focused",United Kingdom,,Male: 5-8; Female: 4-7,Male: 28-36; Female: 25-33,,https://cdn4.thedogapi.com/optimized/mcyRKMW9rs.jpg
562,Podenco Andaluz,Hound,10-15,"Independent, alert, energetic, intelligent, loyal","Andalusia, Spain",,Male: 7.5-32.5; Female: 7.5-30,Male: 35-65; Female: 32-62,,https://cdn4.thedogapi.com/optimized/XIhHA9yzvL.jpg
563,Podenco Canario,Hound,12-14,"Energetic, intelligent, alert, independent, courageous, loyal","Canary Islands, Spain",,Male: 20-25; Female: 17-22,Male: 55-64; Female: 53-60,,https://cdn2.thedogapi.com/images/4WiUpv_4W.jpg
564,Podenco Valenciano,Hound,12-14,"Alert, energetic, independent, intelligent, loyal, athletic","Valencia, Spain",,Male: 18-24; Female: 16-23,Male: 51-61; Female: 48-57,,https://cdn2.thedogapi.com/images/rJFJVxc4m_1280.jpg
190,Pointer,Sporting,12-17,"Intelligent, loyal, energetic, affectionate, even-tempered, adaptable",England,,Male: 25-34; Female: 20-30,Male: 64-71; Female: 58-66,,https://cdn2.thedogapi.com/images/Sk7Qbg9E7_1280.jpg
565,Poitevin,Hound,10-13,"Intelligent, courageous, independent, gentle, devoted","Poitou region, France",,Male: 30-35; Female: 25-30,Male: 62-72; Female: 60-70,,https://cdn2.thedogapi.com/images/HkXWNl9E7_1280.jpg
566,Polish Hound,Hound,10-14,"Loyal, calm, intelligent, alert, gentle",Poland,,Male: 25-32; Female: 20-27,Male: 56-66; Female: 51-61,,https://cdn2.thedogapi.com/images/2v2nAUTLB.jpg
191,Polish Lowland Sheepdog,Herding,12-14,"Intelligent, confident, alert, loyal, energetic",Poland,,14-23,Male: 46-51; Female: 43-48,,https://cdn4.thedogapi.com/optimized/zHMHibdcLN.jpg
192,Pomapoo,Mixed,12-16,"Intelligent, affectionate, playful, alert, adaptable",United States,,2-7,20-25,,https://cdn4.thedogapi.com/optimized/6e6yvJCt1V.jpg
193,Pomeranian,Toy,12-16,"Alert, intelligent, playful, confident, outgoing",Pomerania region (now parts of Germany and Poland),,1.4-3.2,15-18,,https://cdn2.thedogapi.com/images/MgMspgiei.jpg
194,Pomsky,Mixed,12-15,"Playful, intelligent, energetic, alert, affectionate, loyal",United States,,7-14,25-38,,https://cdn2.thedogapi.com/images/t7FefmYNk.jpg
567,Pont-Audemer Spaniel,Sporting,12-14,"Affectionate, intelligent, gentle, athletic, devoted, playful, loyal","Pont-Audemer, Normandy, France",,Male: 20-25; Female: 18-22,Male: 52-58; Female: 50-55,,https://cdn4.thedogapi.com/optimized/rwf9rF0e9Z.jpg
665,Poochon,Mixed,12-15,"Friendly, intelligent, playful, affectionate, outgoing, adaptable",United States,,3-8,23-38,,https://cdn4.thedogapi.com/optimized/nS5aCK4L2I.jpg
195,Poodle,Non-Sporting,10-18,"Intelligent, athletic, alert, confident, loyal, eager to please","Germany, France",,Male: 20-32; Female: 18-27,45-61,,https://cdn4.thedogapi.com/optimized/l74W8L2h5e.jpg
196,Poodle (Miniature),Non-Sporting,12-16,"Intelligent, alert, playful, confident, eager to please",Germany,,4.5-6.8,25-38,,https://cdn2.thedogapi.com/images/sqQJDtbpY.jpg
197,Poodle (Toy),Toy,10-18,"Intelligent, alert, confident, playful, affectionate, loyal, outgoing",Germany,,1.8-2.7,20-25,,https://cdn4.thedogapi.com/optimized/nMhxLqzAph.jpg
568,Porcelaine,Hound,12-13,"Gentle, intelligent, energetic, friendly, work-focused",France,,25-28,Male: 55-58; Female: 53-56,,https://cdn2.thedogapi.com/images/bfTfztTZt.jpg
198,Portuguese Podengo,Hound,12-15,"Alert, intelligent, energetic, loyal, independent",Portugal,,16-20,40-55,,https://cdn2.thedogapi.com/images/lcsQYiWMN.jpg
569,Portuguese Pointer,Sporting,12-14,"Affectionate, loyal, intelligent, devoted, energetic, alert",Portugal,,Male: 20-27; Female: 16-22,Male: 52-56; Female: 48-54,,https://cdn2.thedogapi.com/images/duYK7C91Q.jpg
570,Portuguese Sheepdog,Herding,12-14,"Intelligent, loyal, energetic, alert, devoted","Serra de Aires, Portugal",,Male: 17-27; Female: 16-25,Male: 43-55; Female: 41-52,,https://cdn2.thedogapi.com/images/8X9vWcGdt.jpg
199,Portuguese Water Dog,Working,11-13,"Intelligent, loyal, energetic, athletic, eager to please",Portugal,,Male: 19-27; Female: 16-23,Male: 51-58; Female: 43-53,,https://cdn4.thedogapi.com/optimized/dVCYZjuRS5.jpg
571,Posavac Hound,Hound,12-14,"Calm, devoted, energetic, intelligent, independent","Sava River Valley, Croatia",,16-25,46-58,,https://cdn2.thedogapi.com/images/6euYVVE_u.jpg
572,Pražský Krysařík,Toy,12-14,"Alert, intelligent, loyal, affectionate, lively, playful, confident",Czech Republic,,1-3,Male: 20-24; Female: 20-23,,https://cdn2.thedogapi.com/images/G2foZqvJO.jpg
185,Presa Canario,Working,9-11,"Confident, calm, protective, intelligent, loyal, courageous","Canary Islands, Spain",,Male: 50-59; Female: 39-50,Male: 58-66; Female: 56-64,,https://cdn4.thedogapi.com/optimized/H41ubgiUtm.jpg
573,Pudelpointer,Sporting,11-14,"Intelligent, loyal, eager to please, work-focused, energetic, playful",Germany,,Male: 25-32; Female: 20-29,Male: 56-69; Female: 53-64,,https://cdn2.thedogapi.com/images/K9nzmg0TL.jpg
201,Pug,Toy,,"Affectionate, playful, friendly, charming, adaptable",China,,6-8,25-33,,https://cdn2.thedogapi.com/images/kOMy84GQE.jpg
202,Pugapoo,Mixed,12-15,"Affectionate, playful, intelligent, outgoing, adaptable",United States,,6-14,25-38,,https://cdn4.thedogapi.com/optimized/Lkbg05afOk.jpg
203,Puggle,Mixed,10-15,"Friendly, playful, affectionate, outgoing, energetic, intelligent",United States,,6-14,25-38,,https://cdn2.thedogapi.com/images/tChrH8dDJ.jpg
204,Puli,Herding,10-16,"Intelligent, energetic, loyal, alert, devoted, playful",Hungary,,Male: 13.5-16; Female: 11-14,Male: 40-44; Female: 37-41,,https://cdn2.thedogapi.com/images/V8hgHJeCp.jpg
205,Pumi,Herding,12-13,"Intelligent, energetic, alert, playful, loyal, confident",Hungary,,10-13,Male: 41-47; Female: 38-44,,https://cdn2.thedogapi.com/images/zEQtlI8h1.jpg
574,Pungsan,Northern,12-15,"Loyal, courageous, intelligent, alert, independent","Pungsan County, North Korea (Kaema Plateau region)",,Male: 25-36; Female: 20-30,Male: 55-62; Female: 51-57,,https://cdn4.thedogapi.com/optimized/PVS4tzdaAS.jpg
653,Pyredoodle,Mixed,10-13,"Intelligent, loyal, gentle, protective, calm, affectionate",United States,,Male: 39-54; Female: 34-48,Male: 64-81; Female: 56-74,,https://cdn2.thedogapi.com/images/HJMzEl5N7_1280.jpg
575,Pyrenean Mastiff,Working,8-13,"Calm, gentle, courageous, protective, intelligent, loyal","Aragonese Pyrenees, Spain",,Male: 64-100; Female: 55-81,Male: 77-81; Female: 72-75,,https://cdn2.thedogapi.com/images/K9nzmg0TL.jpg
125,Pyrenean Mountain Dog,Working,10-12,"Gentle, confident, protective, independent, calm, loyal","Pyrenees Mountains, France",,Male: 45-73; Female: 39-52,Male: 69-81; Female: 63-74,,https://cdn2.thedogapi.com/images/14MaKTcUX.jpg
206,Pyrenean Sheepdog,Herding,,"Energetic, intelligent, alert, courageous, playful, devoted, work-focused",France (Pyrenees Mountains),,Male: 7-15; Female: 7-13,Male: 39-47; Female: 38-46,,https://cdn4.thedogapi.com/optimized/MY32nvFaii.jpg
576,Rafeiro do Alentejo,Working,12-14,"Calm, confident, protective, loyal, independent, alert","Alentejo region, Portugal",,Male: 45-60; Female: 40-50,Male: 66-74; Female: 64-70,,https://cdn4.thedogapi.com/optimized/lzq3JY4LXN.jpg
577,Rajapalayam,Hound,9-12,"Loyal, protective, independent, alert, courageous, intelligent","Rajapalayam, Tamil Nadu, India",,Male: 30-35; Female: 25-30,Male: 65-75; Female: 58-68,,https://cdn4.thedogapi.com/optimized/HjEiNecppQ.jpg
578,Rampur Greyhound,Hound,10-14,"Loyal, intelligent, independent, courageous, protective","Rampur, Uttar Pradesh, India",,Male: 27-34; Female: 23-32,Male: 61-76; Female: 56-71,,https://cdn4.thedogapi.com/optimized/EuGN1ApfYP.jpg
579,Rastreador Brasileiro,Hound,10-12,"Courageous, intelligent, loyal, calm, alert, work-focused",Brazil,,Male: 23-32; Female: 20-27,Male: 61-69; Female: 58-66,,https://cdn4.thedogapi.com/optimized/LWzaKy0nwd.jpg
580,Ratonero Murciano,Terrier,12-15,"Alert, energetic, intelligent, loyal, courageous","Murcia, Spain",,Male: 6-8; Female: 5-7,Male: 33-38; Female: 30-36,,https://cdn4.thedogapi.com/optimized/We2yW9Ke0s.jpg
207,Rat Terrier,Terrier,12-18,"Alert, intelligent, energetic, friendly, playful, loyal",United States,,4-11,25-46,,https://cdn2.thedogapi.com/images/h0vltXvfC.jpg
208,Redbone Coonhound,Hound,12-15,"Friendly, loyal, eager to please, energetic, affectionate",United States,,20-32,Male: 56-69; Female: 53-66,,https://cdn2.thedogapi.com/images/rTwAJOvf4.jpg
209,Rhodesian Ridgeback,Hound,10-12,"Loyal, intelligent, confident, independent, affectionate",Southern Africa,,Male: 36-41; Female: 29-34,Male: 64-69; Female: 61-66,,https://cdn2.thedogapi.com/images/BwojUdDKe.jpg
672,Ridgeypoo,Mixed,10-15,"Intelligent, loyal, athletic, confident, affectionate, energetic",United States,,Male: 23-41; Female: 20-34,Male: 56-69; Female: 51-66,,https://cdn2.thedogapi.com/images/HkZ57lq4m_1280.jpg
581,Rize Koyun,Working,10-13,"Protective, independent, courageous, loyal, alert","Rize Province, Turkey",,Male: 45-59; Female: 40-55,Male: 69-79; Female: 66-74,,https://cdn2.thedogapi.com/images/HJq5ke5Nm_1280.jpg
582,Romanian Mioritic Shepherd Dog,Working,12-14,"Calm, protective, independent, loyal, intelligent, courageous, devoted",Romania,,Male: 45-65; Female: 36-60,Male: 68-75; Female: 65-72,,https://cdn2.thedogapi.com/images/-c6didgTY.jpg
583,Romanian Raven Shepherd Dog,Working,10-14,"Protective, loyal, calm, courageous, intelligent, independent, devoted","Romania, Carpathian Mountains",,Male: 45-63; Female: 40-55,Male: 70-78; Female: 65-73,,https://cdn2.thedogapi.com/images/HJGzbx9Nm_1280.jpg
667,Rottle,Mixed,9-14,"Intelligent, loyal, protective, confident, affectionate, energetic",United States,,Male: 27-57; Female: 23-45,Male: 56-69; Female: 51-64,,https://cdn4.thedogapi.com/optimized/BWAnji9RWI.jpg
697,Rottsky,Mixed,10-14,"Intelligent, loyal, energetic, protective, athletic, confident",United States,,Male: 25-61; Female: 23-50,Male: 53-69; Female: 51-64,,https://cdn2.thedogapi.com/images/g8KDO0Yvd.jpg
210,Rottweiler,Working,9-10,"Confident, loyal, courageous, calm, protective, affectionate","Rottweil, Germany",,Male: 43-61; Female: 36-45,Male: 61-69; Female: 56-64,,https://cdn2.thedogapi.com/images/LMjrDDwSJ.jpg
88,Rough Collie,Herding,12-14,"Intelligent, loyal, devoted, gentle, protective, alert, athletic",Scotland,,Male: 27-34; Female: 23-30,Male: 61-66; Female: 56-61,,https://cdn2.thedogapi.com/images/V8hgHJeCp.jpg
584,Russian Spaniel,Sporting,12-14,"Energetic, friendly, intelligent, devoted, loyal",Russia,,Male: 13-16; Female: 11-14,Male: 38-43; Female: 36-41,,https://cdn2.thedogapi.com/images/rJxieg9VQ_1280.jpg
211,Russian Toy,Toy,12-14,"Alert, intelligent, loyal, playful, affectionate, energetic, outgoing",Russia,,1.4-3,20-28,,https://cdn4.thedogapi.com/optimized/2IiLxKrBkc.jpg
585,Russo-European Laika,Spitz and Primitive Types,11-15,"Alert, courageous, independent, intelligent, loyal, energetic, confident",Northern European Russia,,Male: 18-25; Female: 16-23,Male: 52-58; Female: 48-56,,https://cdn4.thedogapi.com/optimized/eEr2arSRx8.jpg
586,Ryukyu,Primitive,12-14,"Loyal, intelligent, independent, courageous, alert, energetic","Ryukyu Islands (Okinawa), Japan",,Male: 15-20; Female: 12-18,Male: 46-52; Female: 43-49,,https://cdn4.thedogapi.com/optimized/6xVVeV0NwK.jpg
587,Saarloos Wolfdog,Working,10-12,"Independent, alert, loyal, reserved, intelligent",Netherlands,,Male: 36-41; Female: 30-35,Male: 65-75; Female: 60-70,,https://cdn4.thedogapi.com/optimized/aQ4ySqmNa3.jpg
588,Sabueso Español,Hound,10-13,"Loyal, intelligent, calm, devoted, courageous","Iberian Peninsula, Spain",,Male: 23-25; Female: 20-25,Male: 52-57; Female: 48-53,,https://cdn2.thedogapi.com/images/GYC8Oeux6.jpg
650,Saint Berdoodle,Mixed,8-12,"Gentle, intelligent, friendly, loyal, affectionate, calm, protective",United States,,Male: 50-82; Female: 41-68,Male: 61-76; Female: 56-71,,https://cdn4.thedogapi.com/optimized/Wc6NOlLQ4k.jpg
212,Saint Bernard,Working,8-10,"Gentle, friendly, calm, patient, loyal, protective",Switzerland,,Male: 64-82; Female: 54-64,Male: 71-76; Female: 66-71,,https://cdn2.thedogapi.com/images/8WPhRloCS.jpg
589,Saint Miguel Cattle Dog,Herding,11-14,"Loyal, intelligent, protective, work-focused, courageous, alert","São Miguel Island, Azores, Portugal",,Male: 23-32; Female: 18-27,Male: 48-60; Female: 46-58,,https://cdn4.thedogapi.com/optimized/tLV9uXVpog.jpg
590,Saint-Usuge Spaniel,Sporting,12-15,"Gentle, affectionate, intelligent, eager to please, loyal, devoted, energetic, adaptable","Bresse region, France",,Male: 13-20; Female: 13-19,Male: 45-54; Female: 41-52,,https://cdn4.thedogapi.com/optimized/kn71Siuys9.jpg
591,Sakhalin Husky,Working,12-15,"Loyal, intelligent, independent, work-focused, energetic, courageous","Sakhalin Island, Russia",,Male: 30-40; Female: 25-35,Male: 56-66; Female: 51-61,,https://cdn2.thedogapi.com/images/d_dNvBD0R.jpg
213,Saluki,Hound,10-17,"Gentle, independent, intelligent, devoted, calm, reserved",Middle East (Fertile Crescent),,Male: 18-29; Female: 16-25,58-71,,https://cdn4.thedogapi.com/optimized/v4Wxys7BBw.jpg
214,Samoyed,Working,12-14,"Friendly, gentle, adaptable, alert, intelligent, playful",Siberia,,Male: 20-29; Female: 16-23,Male: 53-60; Female: 48-53,,https://cdn2.thedogapi.com/images/bEQBV6y9Q.jpg
592,Sapsali,Non-Sporting,10-14,"Loyal, gentle, friendly, protective, intelligent, patient",Korea,,Male: 16-28; Female: 14-25,Male: 48-58; Female: 46-56,,https://cdn2.thedogapi.com/images/BJkpaDaNX.gif
593,Sarabi,Working,10-12,"Protective, independent, calm, loyal, courageous","Sarab County, East Azerbaijan Province, Iran",,Male: 54-90; Female: 45-77,Male: 71-89; Female: 71-81,,https://cdn4.thedogapi.com/optimized/zG2TentNGH.jpg
594,Sarail Hound,Hound,10-14,"Loyal, courageous, intelligent, protective, energetic, alert","Sarail, Bangladesh",,Male: 25-32; Female: 20-27,Male: 64-69; Female: 58-64,,https://cdn4.thedogapi.com/optimized/ScJbN2cIKo.jpg
595,Sardinian Shepherd Dog,Pastoral/Herding,12-14,"Protective, loyal, independent, intelligent, alert, courageous","Sardinia, Italy",,Male: 29-35; Female: 25-30,Male: 56-60; Female: 52-56,,https://cdn2.thedogapi.com/images/PQxzcr48n.jpg
596,Šarplaninac,Working,11-13,"Independent, protective, loyal, calm, courageous, confident","Šar Mountains region (Serbia, North Macedonia, Kosovo, Albania)",,Male: 35-55; Female: 30-50,Male: 61-70; Female: 56-66,,https://cdn4.thedogapi.com/optimized/cknRgo18Mv.jpg
215,Schapendoes,Herding,12-15,"Friendly, intelligent, energetic, playful, courageous, alert",Netherlands,,12-20,Male: 43-51; Female: 40-48,,https://cdn4.thedogapi.com/optimized/vkQ7J4dsDD.jpg
597,Schillerstövare,Hound,12-15,"Energetic, intelligent, alert, loyal, courageous, work-focused",Sweden,,18-25,Male: 55-61; Female: 52-59,,https://cdn2.thedogapi.com/images/HyzyjXjV7.gif
216,Schipperke,Non-Sporting,12-14,"Alert, confident, energetic, intelligent, independent, curious",Belgium,,4.5-7,25-33,,https://cdn2.thedogapi.com/images/Kar3rW9L2.jpg
217,Schnoodle,Mixed,10-16,"Intelligent, loyal, playful, alert, affectionate, devoted, energetic",United States,,4.5-36,25-66,,https://cdn2.thedogapi.com/images/S1GAGg9Vm_1280.jpg
599,Schweizerischer Niederlaufhund,Scenthound,12-14,"Intelligent, alert, energetic, friendly, loyal, independent",Switzerland,,15-18,33-43,,https://cdn4.thedogapi.com/optimized/8O1bq4tm5J.jpg
598,Schweizer Laufhund,Hound,12-14,"Energetic, intelligent, gentle, devoted, alert, independent",Switzerland,,Male: 16-25; Female: 16-23,Male: 49-59; Female: 47-57,,https://cdn2.thedogapi.com/images/OYFKZ848K.jpg
673,Scoodle,Mixed,12-15,"Intelligent, confident, alert, playful, loyal",United States,,Male: 5-10; Female: 4.5-9,25-38,,https://cdn4.thedogapi.com/optimized/fnCiMtebkY.jpg
218,Scottish Deerhound,Hound,8-11,"Gentle, dignified, calm, loyal, friendly",Scotland,,Male: 39-50; Female: 34-43,Male: 76-81; Female: 71-76,,https://cdn2.thedogapi.com/images/ajJCO_lDC.jpg
219,Scottish Terrier,Terrier,12-15,"Confident, independent, alert, intelligent, loyal",Scotland,,Male: 8.5-10; Female: 8-9.5,25-28,,https://cdn2.thedogapi.com/images/HkaT7ppEQ.gif
220,Sealyham Terrier,Terrier,12-14,"Friendly, alert, confident, outgoing, courageous","Wales, United Kingdom",,Male: 10-11; Female: 9.5-10,27-28,,https://cdn4.thedogapi.com/optimized/B4YWCwuSvW.jpg
600,Segugio dell'Appennino,Hound,12-15,"Energetic, intelligent, alert, courageous, work-focused, independent","Apennine Mountains, Italy",,10-20,Male: 43-52; Female: 40-50,,https://cdn2.thedogapi.com/images/CVbP_4N2Z.jpg
601,Segugio Italiano,Hound,10-14,"Intelligent, energetic, loyal, alert, determined, eager to please",Italy,,18-28,Male: 52-60; Female: 48-57,,https://cdn4.thedogapi.com/optimized/h32ZmgvIVI.jpg
602,Segugio Maremmano,Hound,10-14,"Alert, energetic, intelligent, courageous, independent","Maremma region, Tuscany, Italy",,Male: 18-24; Female: 16-22,Male: 48-56; Female: 46-52,,https://cdn4.thedogapi.com/optimized/UDfnMbIhDx.jpg
603,Serbian Hound,Hound,12-14,"Energetic, loyal, intelligent, courageous, devoted, tenacious",Serbia,,Male: 20-25; Female: 18-22,Male: 46-56; Female: 44-54,,https://cdn2.thedogapi.com/images/lNnWNU4qU.jpg
604,Serbian Tricolour Hound,Scenthound,12-14,"Energetic, intelligent, loyal, alert, devoted, gentle",Serbia,,Male: 20-30; Female: 18-25,Male: 46-56; Female: 44-54,,https://cdn2.thedogapi.com/images/e9y7-VkOl.jpg
605,Serrano Bulldog,Working,10-12,"Loyal, protective, confident, courageous, calm, alert","Brazil (Serra Gaúcha region, Southern Brazil)",,Male: 30-40; Female: 25-35,Male: 50-56; Female: 46-54,,https://cdn2.thedogapi.com/images/H16czapNX.gif
652,Sheepadoodle,Mixed,10-15,"Intelligent, playful, gentle, energetic, friendly, loyal",United States,,Male: 29-39; Female: 20-29,Male: 56-69; Female: 53-64,,https://cdn4.thedogapi.com/optimized/rVXU1yHOSW.jpg
221,Shetland Sheepdog,Herding,12-14,"Intelligent, loyal, alert, playful, gentle, eager to please","Shetland Islands, Scotland",,7-11,33-41,,https://cdn4.thedogapi.com/optimized/cb5ROjCCNf.jpg
222,Shiba Inu,Non-Sporting,,"Alert, confident, intelligent, independent, loyal, courageous",Japan,,Male: 8-11; Female: 7-9,Male: 37-42; Female: 34-39,,https://cdn2.thedogapi.com/images/-lue5tDMo.jpg
224,Shih Poo,Mixed,10-17,"Affectionate, friendly, playful, intelligent, outgoing",United States,,3.5-8,20-38,,https://cdn4.thedogapi.com/optimized/OnOywWfsh1.jpg
223,Shih Tzu,Toy,10-18,"Affectionate, playful, outgoing, loyal",Tibet/China,,4-7,23-27,,https://cdn4.thedogapi.com/optimized/68ljzL8GYr.jpg
272,Shikoku,Spitz and Primitive Types,10-15,"Alert, loyal, energetic, intelligent, courageous, independent","Shikoku Island, Japan",,Male: 16-25; Female: 16-20,Male: 47-55; Female: 44-52,,https://cdn2.thedogapi.com/images/Tu1CbaVud.jpg
225,Shiloh Shepherd,Herding,9-14,"Calm, gentle, intelligent, loyal, confident, affectionate","New York, United States",,Male: 45-59; Female: 36-45,Male: 71-76; Female: 66-71,,https://cdn2.thedogapi.com/images/fIXRDcKzn.jpg
659,Shorkie,Mixed,11-16,"Affectionate, playful, intelligent, alert, loyal, confident",United States,,3-7,18-28,,https://cdn2.thedogapi.com/images/Cr3YuxzEV.jpg
226,Siberian Husky,Working,12-14,"Friendly, outgoing, intelligent, alert, gentle, independent, energetic","Siberia, Russia",,Male: 20-27; Female: 16-23,Male: 53-60; Female: 51-56,,https://cdn2.thedogapi.com/images/cLWrIOUqE.jpg
227,Silken Windhound,Hound,12-18,"Friendly, gentle, affectionate, intelligent, playful, calm",United States,,Male: 15-25; Female: 9-20,46-60,,https://cdn2.thedogapi.com/images/HJMzEl5N7_1280.jpg
606,Sinhala Hound,Sighthound & Pariah,12-15,"Alert, independent, loyal, intelligent, energetic",Sri Lanka,,Male: 15-20; Female: 13-18,Male: 46-56; Female: 43-53,,https://cdn2.thedogapi.com/images/135XZc4x1.jpg
229,Skye Terrier,Terrier,12-14,"Loyal, courageous, intelligent, calm, confident","Isle of Skye, Scotland",,Male: 16-20; Female: 11-18,Male: 24-27; Female: 23-25.5,,https://cdn4.thedogapi.com/optimized/tOjCBiQPRA.jpg
230,Sloughi,Hound,12-15,"Independent, gentle, loyal, intelligent, reserved",North Africa,,Male: 23-32; Female: 16-23,Male: 66-74; Female: 61-69,,https://cdn2.thedogapi.com/images/MFaZh43yH.jpg
608,Slovak Cuvac,Working,11-13,"Alert, courageous, loyal, protective, independent, confident",Slovakia,,Male: 35-45; Female: 30-40,Male: 62-70; Female: 59-66,,https://cdn4.thedogapi.com/optimized/6RlWtAzdeY.jpg
607,Slovak Rough-haired Pointer,Sporting,12-15,"Intelligent, loyal, energetic, work-focused, adaptable",Slovakia,,Male: 25-35; Female: 22-30,Male: 62-68; Female: 57-65,,https://cdn2.thedogapi.com/images/1lFmrzECl.jpg
609,Slovenský kopov,Hound,12-14,"Courageous, energetic, intelligent, loyal, alert, work-focused",Slovakia,,15-20,Male: 45-50; Female: 40-48,,https://cdn2.thedogapi.com/images/fjFIuehNo.jpg
610,Smaland Hound,Hound,12-15,"Calm, intelligent, loyal, alert, energetic","Småland, Sweden",,13.6-20.4,Male: 45.7-53.5; Female: 43.2-50.8,,https://cdn4.thedogapi.com/optimized/epLAgvXFFj.jpg
611,Small Međimurje Dog,Hound,12-15,"Energetic, intelligent, alert, loyal, affectionate","Međimurje, Croatia",,Male: 8-16; Female: 7-15,Male: 35-43; Female: 32-42,,https://cdn2.thedogapi.com/images/S1RGml5Em_1280.jpg
231,Small Münsterländer,Sporting,12-14,"Intelligent, eager to please, energetic, loyal, adaptable","Münster region, Germany",,18-30,Male: 52-56; Female: 50-53,,https://cdn2.thedogapi.com/images/LrXQhXhmb.jpg
612,Smithfield,Herding,12-14,"Intelligent, loyal, work-focused, alert, independent, courageous",England,,Male: 16-25; Female: 14-18,Male: 46-53; Female: 43-48,,https://cdn4.thedogapi.com/optimized/XUBm5RA95T.jpg
284,Smooth Collie,Herding,12-14,"Intelligent, loyal, gentle, friendly, devoted",Scotland and Northern England,,Male: 27-34; Female: 23-29,Male: 61-66; Female: 56-61,,https://cdn4.thedogapi.com/optimized/5S1dB0WPX1.jpg
232,Smooth Fox Terrier,Terrier,12-15,"Energetic, alert, intelligent, friendly, courageous, playful",England,,Male: 8-8.5; Female: 7-7.5,Male: 38-39; Female: 36-38,,https://cdn2.thedogapi.com/images/FTQ1C29sk.jpg
233,Soft Coated Wheaten Terrier,Terrier,12-15,"Friendly, happy, intelligent, devoted, energetic",Ireland,,Male: 16-18; Female: 14-16,Male: 46-48; Female: 43-46,,https://cdn2.thedogapi.com/images/V8ZEfQ69m.jpg
234,Spanish Greyhound,Hound,12-15,"Gentle, calm, intelligent, affectionate, independent, loyal",Spain,,Male: 23-30; Female: 20-27,Male: 60-70; Female: 58-68,,https://cdn2.thedogapi.com/images/VRUwbGjVP.jpg
613,Spanish Mastiff,Working,10-12,"Protective, calm, loyal, intelligent, independent, affectionate",Spain,,Male: 64-100; Female: 50-77,Male: 71-89; Female: 72-84,,https://cdn2.thedogapi.com/images/_GKG9ahhj.jpg
235,Spanish Water Dog,Herding,12-14,"Loyal, intelligent, work-focused, athletic, energetic, alert",Spain,,Male: 18-22; Female: 14-18,Male: 44-50; Female: 40-46,,https://cdn2.thedogapi.com/images/D2dI3XYj_.jpg
614,Spino degli Iblei,Hound,12-14,"Courageous, independent, loyal, alert, intelligent","Sicily, Italy",,Male: 20-35; Female: 18-32,Male: 46-56; Female: 43-54,,https://cdn4.thedogapi.com/optimized/HM6Q4EFzx5.jpg
236,Spinone Italiano,Sporting,10-12,"Gentle, patient, loyal, intelligent, docile, affectionate",Italy,,Male: 32-37; Female: 28-32,Male: 58-69; Female: 56-64,,https://cdn2.thedogapi.com/images/B12BnxcVQ_1280.jpg
615,Sporting Lucas Terrier,Terrier,12-15,"Alert, intelligent, friendly, energetic, courageous",England,,Male: 6.5-8; Female: 5-6.5,Male: 28-33; Female: 25-30,,https://cdn4.thedogapi.com/optimized/lwO7QaCaCU.jpg
680,Springerdoodle,Mixed,11-15,"Intelligent, friendly, energetic, playful, affectionate, eager to please, loyal",United States,,Male: 23-32; Female: 16-27,Male: 46-64; Female: 43-58,,https://cdn2.thedogapi.com/images/PQxzcr48n.jpg
237,Sprollie,Mixed,12-15,"Intelligent, energetic, loyal, athletic, eager to please, work-focused",United Kingdom,,Male: 16-32; Female: 14-27,Male: 46-56; Female: 43-53,,https://cdn4.thedogapi.com/optimized/ZpfPWRzZjj.jpg
617,Stabyhoun,Sporting,,"Gentle, intelligent, calm, loyal, friendly, devoted","Friesland, Netherlands",,Male: 20-25; Female: 18-23,Male: 51-55; Female: 47-51,,https://cdn2.thedogapi.com/images/Bkdx2g5Em_1280.jpg
238,Staffordshire Bull Terrier,Terrier,12-14,"Courageous, intelligent, affectionate, loyal, confident, energetic","Staffordshire, England",,Male: 13-17; Female: 11-15,36-41,,https://cdn4.thedogapi.com/optimized/J1qjX1M7EN.jpg
239,Standard Schnauzer,Working,,"Intelligent, alert, energetic, loyal, protective, devoted",Germany,,Male: 16-23; Female: 14-20,Male: 47-50; Female: 44-47,,https://cdn4.thedogapi.com/optimized/culJYfFK6h.jpg
618,Stephens Stock,Hound,10-16,"Courageous, loyal, intelligent, alert, work-focused, energetic","Southeastern Kentucky, United States",,Male: 18-29; Female: 16-25,Male: 46-58; Female: 41-53,,https://cdn4.thedogapi.com/optimized/ifO0hUoW3G.jpg
616,St. Hubert Jura Hound,Hound,12-14,"Gentle, intelligent, devoted, calm, work-focused","Jura Mountains, Switzerland",,Male: 15-25; Female: 15-23,Male: 46-58; Female: 44-56,,https://cdn2.thedogapi.com/images/BykZ7ecVX_1280.jpg
619,Styrian Coarse-haired Hound,Hound,12-14,"Work-focused, loyal, courageous, independent, alert","Styria, Austria",,Male: 15-18; Female: 15-17,Male: 47-53; Female: 45-51,,https://cdn2.thedogapi.com/images/JjT27ESYT.jpg
240,Sussex Spaniel,Sporting,12-15,"Calm, gentle, friendly, loyal, alert","Sussex, England",,16-20,33-38,,https://cdn2.thedogapi.com/images/rJO6cQoVQ.gif
241,Swedish Lapphund,Herding,12-14,"Alert, intelligent, affectionate, friendly, energetic, loyal",Sweden,,Male: 19-30; Female: 17-25,Male: 43-51; Female: 40-47,,https://cdn2.thedogapi.com/images/Mn2A5Urz0.jpg
242,Swedish Vallhund,Herding,12-15,"Alert, energetic, friendly, intelligent, courageous, playful, eager to please",Sweden,,9-16,Male: 32-35; Female: 29-33,,https://cdn4.thedogapi.com/optimized/HBw03DQRA9.jpg
620,Taigan,Hound,11-14,"Independent, calm, intelligent, loyal, courageous, reserved",Kyrgyzstan,,Male: 27-35; Female: 25-30,Male: 65-71; Female: 60-66,,https://cdn2.thedogapi.com/images/8vgnFmYG8.jpg
621,Taiwan Dog,Spitz and Primitive Types,12-15,"Alert, loyal, courageous, intelligent, independent",Taiwan,,Male: 13-18; Female: 11-16,Male: 46-52; Female: 43-47,,https://cdn4.thedogapi.com/optimized/d5dxpy8AUR.jpg
622,Tamaskan Dog,Working,,"Intelligent, loyal, friendly, athletic, alert, energetic",Finland,,Male: 30-45; Female: 23-39,Male: 63-71; Female: 61-69,,https://cdn4.thedogapi.com/optimized/iYYvYN0MXl.jpg
623,Tang Dog,Non-Sporting,12-16,"Loyal, intelligent, independent, protective, alert",China,,Male: 15-25; Female: 12-20,Male: 45-55; Female: 40-50,,https://cdn2.thedogapi.com/images/Byz6mgqEQ_1280.jpg
624,Tarsus Çatalburun,Sporting,10-14,"Loyal, intelligent, energetic, alert, work-focused","Tarsus, Turkey",,Male: 20-25; Female: 16-24,Male: 48-61; Female: 46-61,,https://cdn2.thedogapi.com/images/SJp7Qe5EX_1280.jpg
625,Tatra Shepherd Dog,Working,10-13,"Protective, intelligent, calm, confident, loyal, independent, courageous","Tatra Mountains, Poland",,Male: 40-59; Female: 36-51,Male: 65-71; Female: 60-66,,https://cdn2.thedogapi.com/images/E585lUflj.jpg
626,Teddy Roosevelt Terrier,Terrier,,"Alert, loyal, intelligent, courageous, energetic, playful, friendly",United States,,4-11,20-38,,https://cdn2.thedogapi.com/images/ryLA3P64Q.gif
627,Telomian,Pariah,12-15,"Intelligent, alert, independent, loyal, energetic",Malaysia,,8-13,38-48,,https://cdn2.thedogapi.com/images/6CFLgAYVH.jpg
628,Tenterfield Terrier,Terrier,12-16,"Alert, intelligent, energetic, loyal, confident, affectionate, playful, friendly","Tenterfield, New South Wales, Australia",,2.7-4.5,Male: 25-31; Female: 24-29,,https://cdn2.thedogapi.com/images/rk9k4aTNm.gif
629,Thai Bangkaew Dog,Spitz and Primitive Types,12-14,"Alert, loyal, protective, intelligent, independent","Bangkaew, Phitsanulok Province, Thailand",,Male: 16-20.5; Female: 14-18,Male: 46-53; Female: 41-51,,https://cdn4.thedogapi.com/optimized/1TJAXgPjbT.jpg
243,Thai Ridgeback,Hound,12-13,"Intelligent, loyal, independent, protective, athletic, alert",Thailand,,Male: 23-34; Female: 16-25,Male: 56-61; Female: 51-56,,https://cdn2.thedogapi.com/images/SJ5vzx5NX_1280.jpg
630,Tibetan Kyi Apso,Guardian,12-15,"Protective, independent, loyal, alert, intelligent",Tibet,,Male: 35-54; Female: 30-45,Male: 61-76; Female: 56-71,,https://cdn2.thedogapi.com/images/YmGPWuI_w.jpg
244,Tibetan Mastiff,Working,10-12,"Independent, protective, intelligent, loyal, calm",Tibet,,Male: 45-73; Female: 34-54,Male: 66-74; Female: 61-69,,https://cdn4.thedogapi.com/optimized/9sLAxAzeQ2.jpg
245,Tibetan Spaniel,Non-Sporting,12-15,"Intelligent, alert, independent, playful, confident, affectionate",Tibet,,4-7,24-28,,https://cdn2.thedogapi.com/images/ViIxw1j4w.jpg
246,Tibetan Terrier,Non-Sporting,12-16,"Affectionate, intelligent, loyal, alert, playful",Tibet,,8-14,36-43,,https://cdn4.thedogapi.com/optimized/nF8GskKeDc.jpg
631,Tonya Finosu,Non-Sporting,12-15,"Alert, intelligent, energetic, loyal, friendly, courageous","Tonya, Trabzon, Turkey",,Male: 7-11; Female: 6-10,Male: 28-32; Female: 26-30,,https://cdn2.thedogapi.com/images/Yp52A2pFZ_1280.jpg
273,Tornjak,Working,12-14,"Calm, protective, loyal, intelligent, confident, alert","Bosnia and Herzegovina, Croatia",,Male: 35-50; Female: 28-45,Male: 63.5-71; Female: 58.4-69,,https://cdn2.thedogapi.com/images/B1vimaTE7.gif
632,Tosa,Working,10-12,"Calm, courageous, loyal, protective, confident","Tosa Province, Japan",,Male: 45-91; Female: 36-73,Male: 60-66; Female: 55-61,,https://cdn4.thedogapi.com/optimized/qsshNx5TEm.jpg
247,Tosa Ken,Working,10-12,"Calm, courageous, loyal, protective, confident","Tosa Province, Shikoku Island, Japan",,Male: 45-91; Female: 41-73,Male: 55-69; Female: 55-64,,https://cdn4.thedogapi.com/optimized/EtmEHVP7o1.jpg
248,Toy Fox Terrier,Toy,,"Alert, intelligent, energetic, friendly, playful, loyal, outgoing",United States,,1.6-3.2,22-29,,https://cdn2.thedogapi.com/images/cEt0LCueL.jpg
633,Toy Manchester Terrier,Toy,,"Alert, intelligent, spirited, devoted, playful","Manchester, England",,3-5,25-30,,https://cdn2.thedogapi.com/images/QWRBrrIvB.jpg
274,Transylvanian Hound,Hound,10-14,"Courageous, intelligent, loyal, energetic, independent, calm, adaptable","Transylvania, Hungary",,Male: 25-35; Female: 25-30,Male: 55-66; Female: 51-62,,https://cdn4.thedogapi.com/optimized/QI4c7HAR8G.jpg
275,Treeing Cur,Scenthound,10-16,"Intelligent, energetic, courageous, loyal, protective",Southern United States,,14-27,Male: 46-61; Female: 41-61,,https://cdn4.thedogapi.com/optimized/j1G4ppvAsp.jpg
634,Treeing Feist,Foundation Stock Service,10-18,"Energetic, alert, intelligent, eager to please, work-focused",Southern United States,,7-14,30-46,,https://cdn2.thedogapi.com/images/aENh7kMis.jpg
276,Treeing Tennessee Brindle,Hound,10-12,"Intelligent, alert, courageous, energetic, friendly","United States (Tennessee, Appalachian Mountains)",,Male: 14-23; Female: 14-18,Male: 46-61; Female: 41-56,,https://cdn2.thedogapi.com/images/satHCV8Ft.jpg
250,Treeing Walker Coonhound,Hound,12-13,"Intelligent, confident, friendly, energetic, courageous, alert",United States,,23-32,Male: 56-69; Female: 51-64,,https://cdn4.thedogapi.com/optimized/cxI2wJxN8z.jpg
277,Trigg Hound,Hound,10-13,"Energetic, independent, alert, intelligent, loyal, work-focused","Kentucky, United States",,Male: 20-34; Female: 18-32,Male: 56-64; Female: 53-61,,https://cdn2.thedogapi.com/images/ByK8gx947_1280.jpg
278,Tyrolean Hound,Hound,12-14,"Intelligent, independent, energetic, alert, work-focused, devoted",Austria (Tyrol region),,15-22,Male: 44-50; Female: 42-48,,https://cdn4.thedogapi.com/optimized/0LTwpSgZVX.jpg
635,Valencian Terrier,Terrier,12-15,"Intelligent, energetic, alert, loyal, affectionate","Valencia, Spain",,6-8,Male: 30-40; Female: 29-40,,https://cdn2.thedogapi.com/images/KlKFRG3Ko.jpg
686,Valley Bulldog,Mixed,10-14,"Friendly, loyal, playful, courageous, intelligent, affectionate","Annapolis Valley, Nova Scotia",,Male: 23-36; Female: 18-32,Male: 43-53; Female: 41-51,,https://cdn2.thedogapi.com/images/WVawT4Gap.jpg
636,Vikhan,Guardian,10-12,"Alert, courageous, independent, protective, loyal",Punjab and Chitral regions (Pakistan),,25-35,56-69,,https://cdn2.thedogapi.com/images/YNDcKGXbi.jpg
637,Villano de Las Encartaciones,Working,10-12,"Loyal, courageous, protective, intelligent, confident, independent","Las Encartaciones, Basque Country, Spain",,Male: 33-45; Female: 28-38,Male: 60-65; Female: 58-63,,https://cdn2.thedogapi.com/images/Tb9dDTBtT.jpg
638,Villanuco de Las Encartaciones,Primitive,12-14,"Intelligent, alert, courageous, energetic, loyal","Las Encartaciones, Basque Country, Spain",,Male: 8-10; Female: 7-9,Male: 40-45; Female: 38-43,,https://cdn2.thedogapi.com/images/y2G5sMFrS.jpg
251,Vizsla,Sporting,12-14,"Energetic, affectionate, gentle, intelligent, athletic",Hungary,,Male: 25-27; Female: 20-25,Male: 56-61; Female: 53-58,,https://cdn2.thedogapi.com/images/ooXgHah90.jpg
671,Vizsladoodle,Mixed,10-15,"Energetic, intelligent, affectionate, athletic, loyal, playful",United States,,Male: 23-32; Female: 18-29,Male: 56-66; Female: 53-64,,https://cdn4.thedogapi.com/optimized/Ofm8ZqjkVD.jpg
639,Volkosob,Mixed,10-14,"Intelligent, alert, loyal, protective, work-focused, confident","Perm, Russia",,Male: 38-48; Female: 32-41,Male: 64-71; Female: 61-66,,https://cdn2.thedogapi.com/images/H1QyMe5EQ_1280.jpg
252,Volpino Italiano,Non-Sporting,,"Alert, playful, loyal, intelligent, confident, energetic",Italy,,4-5.5,Male: 27-30; Female: 24-28,,https://cdn2.thedogapi.com/images/t7FefmYNk.jpg
253,Weimaraner,Sporting,10-13,"Energetic, intelligent, loyal, friendly, alert, courageous, athletic","Weimar, Germany",,Male: 32-41; Female: 25-34,Male: 64-69; Female: 58-64,,https://cdn4.thedogapi.com/optimized/ttwT2KqpTi.jpg
670,Weimardoodle,Mixed,10-13,"Intelligent, energetic, loyal, athletic, affectionate, protective",United States,,Male: 27-39; Female: 20-34,Male: 56-69; Female: 56-64,,https://cdn2.thedogapi.com/images/B1ruWl94Q_1280.jpg
279,Welsh Hound,Hound,10-13,"Energetic, intelligent, independent, alert, loyal, gentle",Wales,,Male: 25-32; Female: 23-29,Male: 58-61; Female: 56-58,,https://cdn2.thedogapi.com/images/r1VV7pTV7.gif
280,Welsh Sheepdog,Herding,12-15,"Intelligent, energetic, loyal, work-focused, independent",Wales,,Male: 16-25; Female: 14-20,Male: 43-56; Female: 41-53,,https://cdn2.thedogapi.com/images/qwqPTppkA.jpg
254,Welsh Springer Spaniel,Sporting,12-15,"Friendly, loyal, energetic, intelligent, affectionate, eager to please",Wales,,Male: 18-25; Female: 16-23,Male: 46-48; Female: 43-46,,https://cdn2.thedogapi.com/images/lcsQYiWMN.jpg
255,Welsh Terrier,Terrier,12-15,"Friendly, alert, intelligent, spirited, energetic, confident",Wales,,9-10,38-39,,https://cdn4.thedogapi.com/optimized/O9i7bKubt6.jpg
640,West Country Harrier,Hound,12-14,"Energetic, friendly, alert, independent, outgoing, work-focused","West Country, England (Devon, Cornwall, Somerset)",,Male: 25-34; Female: 22-31,Male: 51-57; Female: 48-55,,https://cdn4.thedogapi.com/optimized/iswms8JN77.jpg
256,West Highland White Terrier,Terrier,,"Confident, alert, playful, loyal, independent",Scotland,,Male: 7-10; Female: 6-7,Male: 25-28; Female: 23-26,,https://cdn4.thedogapi.com/optimized/j1G4ppvAsp.jpg
674,Westiepoo,Mixed,12-15,"Friendly, intelligent, playful, alert, confident",United States,,Male: 7-14; Female: 6-13,Male: 25-43; Female: 25-41,,https://cdn4.thedogapi.com/optimized/5S1dB0WPX1.jpg
642,Westphalian Dachsbracke,Hound,10-15,"Alert, intelligent, friendly, work-focused, loyal","Westphalia, Germany",,Male: 15-18; Female: 14-17,30-38,,https://cdn2.thedogapi.com/images/MCQEc8Oc-.jpg
641,West Siberian Laika,Spitz and Primitive Types,12-15,"Alert, independent, loyal, energetic, intelligent","West Siberia, Russia",,Male: 16-25; Female: 16-23,Male: 53-62; Female: 50-58,,https://cdn2.thedogapi.com/images/BW9WnXl3E.jpg
643,Wetterhoun,Sporting,12-14,"Independent, loyal, intelligent, alert, calm, protective","Friesland, Netherlands",,Male: 25-35; Female: 20-30,Male: 56-64; Female: 52-61,,https://cdn2.thedogapi.com/images/0rx5_e-Ur.jpg
257,Whippet,Hound,12-15,"Gentle, affectionate, calm, intelligent, playful",England,,11-18,Male: 48-56; Female: 46-53,,https://cdn4.thedogapi.com/optimized/fjKm1CMZDK.jpg
258,White Shepherd,Herding,12-14,"Intelligent, loyal, alert, confident, courageous, gentle","Germany/Switzerland, developed further in North America",,Male: 35-40; Female: 25-32,Male: 61-66; Female: 56-61,,https://cdn2.thedogapi.com/images/HJ-Dix94Q_1280.jpg
644,White Swiss Shepherd Dog,Herding,12-14,"Intelligent, loyal, alert, confident, gentle, devoted",Switzerland,,Male: 30-40; Female: 25-35,Male: 58-66; Female: 53-61,,https://cdn2.thedogapi.com/images/_gn8GLrE6.jpg
259,Wire Fox Terrier,Terrier,12-15,"Alert, confident, energetic, intelligent, playful",England,,Male: 7.7-8.6; Female: 6.8-7.7,Male: 38-39; Female: 36-39,,https://cdn2.thedogapi.com/images/93bGwN0KL.jpg
260,Wirehaired Pointing Griffon,Sporting,12-15,"Friendly, intelligent, eager to please, loyal, energetic",Netherlands/France,,Male: 23-32; Female: 16-27,Male: 56-61; Female: 51-56,,https://cdn2.thedogapi.com/images/-qOqBA-Un.jpg
261,Wirehaired Vizsla,Sporting,12-14,"Energetic, loyal, intelligent, affectionate, gentle",Hungary,,Male: 25-29; Female: 20-25,Male: 58-64; Female: 55-58,,https://cdn2.thedogapi.com/images/k4WVD0wfC.jpg
645,Xiasi Dog,Hound,12-15,"Alert, intelligent, loyal, courageous, energetic","Guizhou Province, China",,Male: 20-30; Female: 15-25,Male: 43-53; Female: 41-51,,https://cdn4.thedogapi.com/optimized/iswms8JN77.jpg
646,Xigou,Sighthound,12-15,"Calm, loyal, intelligent, alert, independent",China,,Male: 20-30; Female: 20-25,Male: 61-75; Female: 58-72,,https://cdn4.thedogapi.com/optimized/y8p3WCHoxH.jpg
262,Xoloitzcuintli,Non-Sporting,,"Calm, loyal, alert, intelligent, affectionate, protective",Mexico,,4.5-25,25-60,,https://cdn2.thedogapi.com/images/dtz9b2Lrz.jpg
647,Yakutian Laika,Working,10-12,"Energetic, intelligent, loyal, alert, friendly, courageous","Yakutia, Siberia, Russia",,Male: 18-25; Female: 16-25,Male: 53-60; Female: 51-58,,https://cdn2.thedogapi.com/images/uEPB98jBS.jpg
263,Yorkipoo,Mixed,10-15,"Intelligent, affectionate, playful, energetic, confident",United States,,2-6.5,18-38,,https://cdn4.thedogapi.com/optimized/D8y5Ajg0w8.jpg
264,Yorkshire Terrier,Toy,12-16,"Confident, courageous, energetic, affectionate, alert, intelligent","Yorkshire, England",,1.8-3.2,18-20,,https://cdn2.thedogapi.com/images/blN4umH0V.jpg
656,Yorktese,Mixed,12-15,"Affectionate, playful, alert, intelligent, gentle, devoted",United States,,2-4,18-23,,https://cdn2.thedogapi.com/images/cZT3u01tZ.jpg
648,Zerdava,Spitz and Primitive Types,12-16,"Intelligent, courageous, loyal, energetic, alert",Eastern Black Sea region of Turkey,,Male: 8-20; Female: 8-19,Male: 43-53; Female: 41-51,,https://cdn4.thedogapi.com/optimized/vol1VcS0yZ.jpg
